Symbol,Degree,Betweenness,Closeness,Eigenvector,Log2FC
CD4,282,0.0214598548075896,0.348245275742383,0.00814561610230843,1.4066188304113
CD8A,254,0.0143308238346585,0.341076487252125,0.00752893032849196,2.66853541620301
CDK1,230,0.0116523249584959,0.302918483730292,1,1.45048397714302
EGFR,202,0.0470074154291679,0.360695026962253,0.0632570800052346,1.18138928815754
PTPRC,200,0.0100151201490968,0.339665224750799,0.00631778974298443,1.78156878361725
CCNA2,190,0.00178496192718829,0.281352235550709,0.949283306205508,1.29392127364801
CD44,190,0.0313064839911481,0.354465161923454,0.0221358768974784,1.30015300147531
CCNB1,188,0.00737631835175059,0.301905717151454,0.93231585753656,1.11119057222406
BUB1,188,0.00080696164508741,0.263842220598977,0.957920425735347,2.78836446286773
FN1,180,0.0278793619292247,0.348446845456299,0.0238719436284334,2.04699985076041
CDC20,178,0.00151010435004387,0.263880771478667,0.912342608406794,1.62668131040962
BUB1B,178,0.000334623633529095,0.263150225848754,0.945483986878357,2.10048434716989
PLK1,176,0.00339527376366872,0.28122080348801,0.843204154073226,1.23114801313456
KIF11,170,0.00180158273222553,0.262271275050828,0.903167116757733,1.48642699793892
AURKB,170,0.0016508166635925,0.27720644666155,0.902787343008474,2.50390592361571
NUF2,168,0.000374794238019069,0.259968331653951,0.905602787367369,2.2471711450017
TOP2A,164,0.00044817978870768,0.261436016213086,0.880370690541584,2.88220274070548
DLGAP5,164,0.000258320696471339,0.260343087790111,0.910021264105955,2.86054415634633
CDCA8,162,0.0018281901044046,0.262690909090909,0.873748121915418,1.75415420055094
CCNB2,162,0.000244087721193628,0.260907252239237,0.884842530974595,1.76217356623151
BIRC5,160,0.00210436701029813,0.281089494163424,0.873203172232019,2.39120297638949
KIF20A,158,0.000611694691814482,0.263265306122449,0.872210391399498,2.05020258820686
KIF2C,156,0.000442107305310222,0.262882096069869,0.872985070565781,1.87897089452322
MELK,154,0.000377474685163887,0.264887063655031,0.870338964832413,2.63874646723048
CDC45,152,0.000584331895700764,0.26011810456575,0.755389749205567,2.30802704429907
CENPF,150,0.000108315868487216,0.257191683281117,0.857651742236384,2.78643393388162
TTK,148,0.000294224898389465,0.261549601737871,0.860773195550681,2.08941255918469
ASPM,148,0.000852864040202693,0.258850508814677,0.845424918426843,2.95635266534283
PBK,148,9.03369096658622e-05,0.257742257742258,0.868289989345516,2.15614154141263
MAD2L1,146,0.000158298141352403,0.25922204679202,0.813013361838774,1.3970409035879
HJURP,146,0.000402034178350119,0.259818731117825,0.812861476268432,2.76182908131444
TPX2,146,0.00027958862427926,0.260982658959538,0.847732868696395,2.72653183228413
FCGR3A,146,0.00741187026172226,0.332841872465905,0.00415706761558333,3.05551616895264
ALB,144,0.0380093740439022,0.352459016393443,0.00728817552354318,-4.85935104763255
NCAPG,142,0.000123242823661422,0.257668711656442,0.83390102133839,1.54288707442662
KIF4A,142,0.000138571069240276,0.258406066676205,0.839555539040838,2.60249732423968
CENPE,142,0.000132498733410379,0.255626326963907,0.808881979830277,2.18396719393333
ITGAM,142,0.00513755248632997,0.331619537275064,0.00399860037097311,1.64152310498151
CEP55,140,0.000132874152741535,0.257521745330101,0.827903704663339,2.72917837477962
NUSAP1,138,9.50613193314913e-05,0.257191683281117,0.833922241080618,2.05199030800062
EXO1,136,0.000512099179682321,0.251042535446205,0.63941753580366,2.09781986251128
CCR7,136,0.00135431269204377,0.306465297810962,0.00313043663903563,1.08039032227077
RRM2,134,0.00327726302432195,0.264887063655031,0.721087042170464,2.1227917876784
TYROBP,134,0.00978968387125493,0.29500163345312,0.00108484739021071,2.14334019472027
ZWINT,130,0.000572144045381325,0.257081850533808,0.759939779482626,1.01122033626907
UBE2C,130,0.000101499612677025,0.25993091537133,0.780478006595089,2.86202951401809
ITGB2,130,0.0100758369937165,0.329381725332847,0.00451878634507003,2.05320810592111
CD86,130,0.00289182210949406,0.316842105263158,0.00289956525203331,1.86615302208119
CCR5,130,0.0028310833690727,0.304707271806985,0.00253299025774624,2.45064483291766
HMMR,130,0.00402190594342138,0.286848792884371,0.786704083795511,1.31830114848416
NDC80,128,0.00229071624872762,0.261701202724243,0.750841424241342,1.85300857069558
KIF15,128,7.36367619921369e-05,0.256899004267425,0.769163539158074,1.89861152332392
AURKA,128,0.00352709686732883,0.292043984476067,0.76044093859353,1.08754386619958
CCL5,124,0.00345819431497224,0.312998266897747,0.00277340618424848,2.30444210798262
CDCA5,122,0.000194010011806637,0.254294564911293,0.711227880662982,2.03582852566675
CXCR4,122,0.00668939736067291,0.323250402720601,0.00550398634055373,2.28466006994565
CD2,122,0.00251401843148732,0.304347826086957,0.00245334717308255,2.13359391929561
PRC1,120,0.000118108390567405,0.258443045220378,0.754679437851173,1.50083185499457
MKI67,120,0.000349956302800874,0.26779359430605,0.715285828913753,2.7754515222904
CD247,120,0.00099470314160814,0.28748806112703,0.0017225273087283,1.85052927640792
CD28,120,0.00195831229536456,0.300199468085106,0.00278950488492168,1.12609943460603
FOXM1,118,0.000972027577727733,0.277291570704744,0.678613415215693,1.38299601322589
RACGAP1,118,0.00273670815473131,0.265901060070671,0.721281349534893,1.05960361714814
EGF,118,0.00941028829711687,0.327589334300744,0.00946579426841838,-3.50832216501954
KIF14,114,0.000159309540734134,0.255301102629347,0.670746150229932,2.11393304093056
NEK2,112,6.35010553461734e-05,0.257155061939342,0.727923616911127,2.42128112351517
CSF1R,112,0.00750305780523213,0.310096153846154,0.00216961659572535,1.62114627632022
CD80,112,0.00114654610844832,0.3052738336714,0.00265935875053063,2.1271819854328
LCK,112,0.00440091316611945,0.311594202898551,0.00329396653471924,1.56015662157448
MYC,112,0.0209918772786467,0.343019943019943,0.152580949208858,1.25519582375211
FCGR3B,112,0.00317745958283454,0.32192513368984,0.00274854338656478,1.55066295147324
TLR2,110,0.00816604848207407,0.331254585473221,0.00376720394297391,1.42486755965762
CTLA4,110,0.0014151762066455,0.294568585875061,0.00222009713134012,1.69938914629931
MCM10,108,0.000516537118568028,0.263880771478667,0.516030295138287,2.29372946366957
CD27,106,0.000471928624601454,0.284230406043437,0.00212012558289629,1.15661761915502
MMP9,106,0.00699969747026001,0.336312849162011,0.00960954827664858,2.76738258661295
BRCA1,104,0.00549480058059899,0.293324671106058,0.336903552291575,1.12983754564602
ITGAX,104,0.00151621874743788,0.309777015437393,0.00283078147152731,2.05806252267201
CXCL10,104,0.0026677748955006,0.290540540540541,0.00186016788921247,2.46052605487844
CXCL12,102,0.00338696558405872,0.315513626834382,0.0060611575399767,-1.44359295674908
FOXP3,102,0.00167669086363862,0.30761369443025,0.00409101417906134,1.19808245483899
SPAG5,102,0.000976400290393494,0.252870344441333,0.669059695003934,-1.5116978692322
PTTG1,100,2.22087769227019e-05,0.257008680802618,0.676949123307796,2.24906549177412
RAD51,100,0.00126767019823433,0.263035246140402,0.458664185659477,1.46227171049245
CD40,100,0.00137786125147007,0.305997966790918,0.00262213535196021,1.1492591369872
CD40LG,100,0.000784481938318911,0.297088336897516,0.00260997765659219,1.02910822639764
CDC6,98,0.000746451911189061,0.272357110541397,0.493726785169094,2.25029263698873
NCAPH,98,2.40339295387528e-05,0.249654409731822,0.630018564877861,2.25513631164717
KIF18A,98,0.000107488914802443,0.249861649142225,0.585842621982135,1.85981026062523
CDKN3,98,0.00016380301703768,0.258554044380816,0.626569421474129,1.56218388419226
CXCR3,98,0.00072623621743179,0.296697880729423,0.00217822194312239,2.00842173697231
GZMB,98,0.00246253908262755,0.295049828459402,0.00437538730821685,1.89716036879075
COX2,98,0.0182461322724774,0.322269807280514,0.00574980848156255,-1.572852117599
TGFB1,98,0.0075836225975669,0.332046332046332,0.0074782000977754,1.50558994622751
IL7R,98,0.00324257469995164,0.304964539007092,0.00260986766106849,1.09148162160278
GAPDH,96,0.0240387115847873,0.349525837042771,0.0269036522023452,1.08732807361537
CCR2,96,0.00104440699607764,0.296259842519685,0.00174918209310565,1.24017997555531
KIFC1,94,0.000884607565213218,0.254115660616294,0.60203508279974,2.00028202003375
PCLAF,94,3.40159677021107e-05,0.254366197183099,0.601461847575443,2.14643130978072
CD3E,94,0.000441919701223345,0.285759493670886,0.00178902592821976,2.00960198943376
DEPDC1,92,4.85848540143145e-05,0.252976607367979,0.591658960143732,2.64157263291211
COL1A1,90,0.00464436867526104,0.299303944315545,0.00238233185001904,1.74980754043125
OIP5,90,0.00132741455250209,0.259445481970981,0.520115188698518,1.0759882809049
ICOS,90,0.00044044375942233,0.290774432458541,0.00200343150258056,1.98636645831476
PLK4,88,0.00100159305083327,0.261966927763272,0.543663796613422,1.38697851064952
COX1,88,0.00277611545231861,0.26617538688283,0.00155596393506857,-1.31263793531981
ANLN,86,6.95518604432489e-05,0.25212899623063,0.56979715792512,2.65527102009578
TRIP13,86,3.05260023137322e-06,0.247940691927512,0.595121235863832,1.20764458065947
CD38,86,0.00839850349843563,0.31419624217119,0.00478993227469498,1.36411395448892
B2M,86,0.00436836410047453,0.306101694915254,0.00166777546938463,1.07522872277161
CD68,86,0.00219632824326219,0.31623183330415,0.00282709363306448,1.48071712011038
PDCD1,86,0.000699902436050518,0.301703975943869,0.00275310676097514,2.14792183815322
ECT2,84,7.10325366073876e-06,0.250833333333333,0.567269676462401,1.04865726705659
FCER1G,84,0.00257888925549825,0.292280304256352,0.00096560466807519,1.83099750467643
CDC25C,84,0.00366203673174999,0.286348501664817,0.474848176465377,1.3016530372641
CXCL9,82,0.000936412043805338,0.284185680566483,0.00133220938319234,2.37659650390051
RAD51AP1,80,0.000114394890504433,0.249930805424855,0.460773517471163,1.70232703720229
CENPM,80,0.000270236390408815,0.246250340878102,0.44916602318547,1.82868587260198
CDCA2,80,0.000500293762899135,0.246384720327422,0.507568303182978,3.75514873497809
CX3CR1,80,0.00116151589439588,0.29185520361991,0.00151127262802417,1.62723320963053
ZAP70,80,0.00219891875360513,0.303172737955347,0.00254742425127108,1.26324901317137
SKA1,80,1.23805779124711e-05,0.244682292372307,0.511076184906938,2.20116437814719
SPC25,78,1.12141390129417e-05,0.248042851256696,0.511198757343861,1.37181160337088
CD5,78,0.000759509362683568,0.296017046385838,0.00395856374796541,1.57522838601387
HLA-A,78,0.00177903325635904,0.277717976318622,0.00112238150119964,1.25455685578259
CD3D,78,0.000284943321367894,0.279566563467492,0.00124339340833611,2.13713127437996
KLRD1,78,0.00278416337596278,0.282540675844806,0.00114709644466014,1.26349516433711
TBX21,78,0.00241753104803472,0.290540540540541,0.0020455507392778,1.64929164897777
CD36,78,0.00458152150125076,0.312835614065477,0.00186576800642893,1.50677258472491
SMC4,76,6.83997266559363e-05,0.248145094806266,0.470746162983116,1.0343454645175
CCND1,76,0.00874953201459485,0.322845906328209,0.130261104775282,1.80382664383245
COL1A2,76,0.00179715053999829,0.290213723284589,0.00187280578656974,1.19356710656054
KLRK1,76,0.000381515241680028,0.282011242973142,0.00137150437074748,1.72803050527987
ITGA4,74,0.00209587647612227,0.302208835341365,0.00248682256391818,1.29345265555618
SCARB1,74,0.00882985852970066,0.310149407521896,0.00115124785362269,2.57977670930966
PKM,72,0.00840276223781521,0.301855256560254,0.0264771536010489,1.20616328748628
CCL4,72,0.000144778244470978,0.282231598687295,0.00133246024560766,1.78545063764235
PRF1,72,0.000646933404963085,0.281089494163424,0.00142700869578774,2.08861265593205
LCP2,72,0.00165861353372729,0.282983390786587,0.000907311101736512,1.67233397642035
CXCR6,72,0.00027125741263665,0.281791231081292,0.00127806067906948,1.5389702704316
LAG3,72,0.000227343302640813,0.274844011565972,0.00122725908394089,1.36679675769317
CDT1,70,0.000233279804535396,0.246351111717365,0.354970854463172,1.91266325100274
CCL3,70,0.00081225876282719,0.294376528117359,0.00192471257555117,1.28605518586914
APOA1,70,0.00462676824921379,0.299353555445052,0.000895985495569545,-2.45569959299127
CD163,70,0.00170837999843542,0.290493807302558,0.00130346029027541,1.37313362487401
SKA3,68,1.61334901903767e-05,0.246687610982106,0.415664667864478,1.6172453136936
DTL,68,8.05617093274412e-05,0.240063804333378,0.391298052525824,2.81451518766849
HLA-DRA,68,0.000725476987594412,0.2817033224146,0.000891505096660941,1.41376013911577
VAV1,68,0.00291739329404202,0.310896884145292,0.00401423564686453,1.76180482259272
IL2RA,68,0.000699099032721932,0.298216644649934,0.0018359585626807,1.52523760924311
CKAP2L,66,5.0698934522908e-06,0.243396226415094,0.436069801258039,2.67299388874626
ITGAL,66,0.000615638241669683,0.302259414225941,0.00240995482147572,1.75978405739306
ITK,66,0.00191204533508827,0.296746631613539,0.00216006517787923,1.56929094810523
CYP3A4,66,0.0058403840628633,0.277760689018763,0.000231368729397876,-1.91946392522421
CD3G,66,0.000177112543915566,0.278703703703704,0.00118383297684388,1.9592846198878
IGF2,66,0.0083920315751183,0.30450177035913,0.00363341131342293,-1.43169749145122
CYP2C9,66,0.00167403484586259,0.261246926081296,0.000445921394975728,-1.09171194723874
AOX1,64,0.00401997570448493,0.253901307465205,0.00032332012482864,-2.83820177224105
TNFRSF9,64,0.000605921751728202,0.296892980437284,0.00238375477117929,3.23539819413714
HCK,64,0.0032215954484812,0.299701294390972,0.00183043411218047,1.5380351561609
GZMA,64,0.000270485201648211,0.277291570704744,0.00100885446455721,2.11006365525987
CENPU,62,6.85492539667883e-05,0.246351111717365,0.351380439635831,1.3631040400588
E2F1,62,0.00490992112778025,0.289237668161435,0.173782864705003,2.33885833277235
CDKN2A,62,0.00370020775114568,0.289934178840905,0.137497663357609,3.81077095185663
IL2RB,62,0.000177892680076207,0.290120481927711,0.00161678089072724,2.4630415777611
HLA-DRB1,62,0.00163487785471175,0.279609846725499,0.000848186124664534,1.23341175138353
HLA-C,62,0.0035443315408814,0.273885350318471,0.000702018575600332,1.12654308612674
MND1,62,0.00130589767874003,0.252446183953033,0.319009403031018,1.60215755298711
JAK3,62,0.00155037888822007,0.291619570482803,0.00203758561864044,1.41389956737226
DCN,60,0.00153091098946365,0.293658536585366,0.00270378785617672,-2.65556172161
TACC3,60,0.000311847726303153,0.253758606154279,0.412262489382973,1.42726116891162
MCM5,60,9.02692779835427e-05,0.243658931462493,0.27908876780897,1.09574072619249
ASF1B,60,0.000136937629260921,0.240671641791045,0.317638751747531,2.33924433113827
RAC2,60,0.00823954104441034,0.281264600529513,0.0132186081089617,1.79291127748349
HLA-B,60,0.000785162191592887,0.275851535054223,0.000794931196127466,1.55929486866177
IDO1,60,0.00707745097674355,0.284813120958839,0.00102633790664354,2.69040060682786
CXCL11,60,0.000376380317991129,0.282894736842105,0.00114853964928999,2.57123666253568
LEP,60,0.00631298853665389,0.311218335343788,0.00186230320065485,-3.12128014220933
RUNX1,58,0.00738287350700454,0.294088910600879,0.00466217212928242,2.05619619508199
CENPI,58,4.93227626776297e-05,0.243429033562475,0.312112010411184,1.86765669295835
CENPH,58,0.000399959678004017,0.245714285714286,0.294463724112014,1.5483924988912
PPARA,58,0.0105350961681281,0.296017046385838,0.000509844506758942,-1.08660122560851
FCGR1A,58,0.00241445091584267,0.295194508009153,0.00112339087581555,2.54150507977637
CD48,58,0.00142898779864577,0.275179033978364,0.000996175085390794,1.59886492589225
ITGA8,58,0.00241026658278957,0.284409448818898,0.0014121271016285,-1.18514381086058
ITGA5,58,0.00195245989672737,0.302867684051652,0.00289867908166205,1.43381563789975
CYP2B6,58,0.00115340628868365,0.261020378667438,0.000440449021209005,-5.20146473367243
VTN,58,0.00138193795651184,0.308717948717949,0.00251159216656913,-1.83310312493089
FASLG,58,0.0011728746529497,0.293229420360448,0.00153844057805911,2.28131830758132
MCM2,56,0.000176886055704867,0.241767068273092,0.219390016575795,1.27000204422796
TROAP,56,1.56538071512421e-05,0.229479034307497,0.339016839217061,2.49753952627635
HLA-DPA1,56,0.000141303660912442,0.271049076992346,0.000553543969483177,1.7013675429298
BRCA2,56,0.000856149356380377,0.272480386240193,0.187881391047735,1.94202467238487
CCL21,56,0.000323587710980101,0.273885350318471,0.000951104000293914,-1.53294726530145
KNG1,56,0.00637227061534183,0.29185520361991,0.000917849461330794,-6.30506198997753
ARRB2,56,0.00745245204464674,0.299651567944251,0.00152523013206581,1.01066774037971
CCL20,56,0.000241043026233229,0.272398190045249,0.000852330863543864,2.01550419901049
AGXT2,56,0.00505612496525661,0.259557344064386,0.000131090043026752,-3.09927496140348
FOS,56,0.00716516135020935,0.31441504178273,0.00809485107021924,-1.07099405824821
EZH2,54,0.00550301296573983,0.300099700897308,0.079138708237031,1.34237609848646
KIF18B,54,1.80701040297254e-05,0.232522209347238,0.347157817290238,2.78706180645168
VWF,54,0.00170914735308461,0.296259842519685,0.00164745207522569,2.6583816629043
FCGR2C,54,0.000745449174693853,0.288775183882315,0.00132226540360135,1.78420534456248
CD74,54,0.00326766541247369,0.286348501664817,0.000842588226367839,1.30009335883153
COL3A1,54,0.000364450391001145,0.274343004709099,0.00130947997501958,1.02098716319345
LILRB2,54,0.00132454892483732,0.284678436317781,0.000826647244034943,1.36805250209744
PKLR,54,0.00251317959321146,0.282584884994524,0.0146829723067739,-1.80645779964079
REN,54,0.00814777342935056,0.287442304631546,0.000412104949262059,-1.73848976072593
KNTC1,52,9.73973459236381e-06,0.243658931462493,0.347534227272168,1.25241757929714
ENPP1,52,0.00543345788580125,0.265276145710928,0.00203738444522436,-1.3514827635579
HLA-DQA1,52,0.00181224687996183,0.270076267384477,0.000438831024181109,2.07691530976783
HLA-DQB1,52,0.0004641126062089,0.272192916352675,0.000649920282799302,2.24552020623454
UBE2T,52,2.37396671143471e-05,0.24186420249096,0.300071405952464,1.24710361812912
LUM,52,0.00326635392722641,0.283249686323714,0.00101529324675993,-1.35464743317465
CD33,52,0.00211611727292032,0.291996766370251,0.001107572350875,1.42773675710779
E2F8,52,2.9584279195369e-05,0.241411575992514,0.325809720544613,2.65067564760103
CCL22,52,5.8908058505893e-05,0.272562632055539,0.00096991348476137,1.16760477989117
ITGB6,52,0.000458640238972909,0.287305122494432,0.00145446707814277,-1.45242663100466
CCL19,52,4.17636853866011e-05,0.274384685505925,0.000999214564774109,-1.02249322727714
HLA-F,50,0.000320179497121905,0.265744555620954,0.000530836030820293,1.61577177931613
ALDH2,50,0.00270343888050704,0.248726070789148,5.18799315571252e-05,-1.18290878106157
CYP4A11,50,0.00148886259924429,0.265861916678934,0.000444018003587049,-4.09787514541223
GZMK,50,5.08590598391699e-05,0.269632726186921,0.000751795568807713,2.38863028110839
CAMK2A,50,0.00665898517810617,0.273098442461818,0.00842238717548808,-2.99547624785588
CHEK2,48,0.000778459326388824,0.246586564718733,0.144797749081974,1.06198392124263
MYBL2,48,0.000289795477817304,0.26011810456575,0.283932267001105,3.05534637707411
COL4A1,48,0.000309664361380322,0.27801724137931,0.00132359861772583,1.32982239642818
SPI1,48,0.00199637316737632,0.289701636188643,0.00111683327744552,1.49961206243934
C3,48,0.00172726526237205,0.287808764940239,0.000689821313906517,3.00198826670907
PLG,48,0.00391658844837629,0.299105664127194,0.0110185951063917,-4.8788029327137
LPL,48,0.00637187926579391,0.291713778064933,0.00066011083765632,-1.0671776096929
MPO,48,0.0029930721405679,0.303121852970796,0.00101332259792611,-1.64967096313531
ACAN,46,0.00246769443860033,0.292233009708738,0.00188494351982511,1.82904664577028
ACAA1,46,0.00227818259188605,0.229013441541973,6.25981320263276e-06,-1.63823690004617
SUCLG2,46,0.00549976634424233,0.262271275050828,6.7796567321164e-05,-1.03488251068489
SELP,46,0.00103767470121649,0.306205493387589,0.00167721006354151,-1.10892314385734
WAS,46,0.00374412396646607,0.267199289835775,0.000829615583119946,1.38798724317354
PLEK,46,0.00592964048307741,0.278488820354665,0.000445011185508096,1.73628187915752
ALDH1B1,46,0.00175797607829325,0.247974735685844,5.16930318573543e-05,-1.42019316406616
COL4A2,46,0.000627279031137051,0.273968446601942,0.00112533770359801,1.0031854922392
ERBB4,46,0.00423652703015237,0.292991563919533,0.0022316127203568,-3.58084143834145
ANPEP,46,0.00306891034692155,0.30615358535345,0.00130486642475116,-2.08117809277895
MUC1,46,0.00609686845914593,0.290353697749196,0.00193692512215337,-1.03960416600698
CCRL2,46,0.000499399736166185,0.273594909862142,0.000964759232245897,1.0406247738356
PDGFRA,44,0.0015495045906852,0.288775183882315,0.0043262465340819,-2.36014256196756
ERCC6L,44,0.000484903292777912,0.238857294008729,0.262985102666701,1.70752382349761
FCGR2A,44,0.000405496343012102,0.289608723540731,0.00113979056619082,1.60329421879776
CYBB,44,0.00711255193612996,0.299950174389636,0.00103463333233701,1.90109282816599
SHMT2,44,0.00561097708547816,0.284454244762955,0.000672168697676561,1.23987658327701
MET,44,0.00150458233569739,0.297823218997362,0.00299996608857226,1.42273378252751
FGF7,44,0.00187239795300425,0.308982035928144,0.00285859747471692,-1.65268242342103
OCLN,44,0.00866467009423522,0.293897477624085,0.00202353174063115,-1.26020876166817
TNFRSF4,44,2.56871491612376e-05,0.267041253881414,0.000928348060783286,2.16360364973238
CTSS,44,0.0015843455803684,0.29086809470124,0.000846412424266248,1.854225403666
LDHA,44,0.0038249922116699,0.283650070676928,0.00402493258565096,1.33002660777206
CYP4A22,44,0.000862006175904765,0.26038062283737,0.000426535297892676,-3.4224465124679
CASP1,44,0.00322888049196621,0.281352235550709,0.00055215333501354,1.19117964725023
EHHADH,44,0.00335344711930423,0.243823410287566,2.14853499113683e-05,-1.23297191444955
FGF10,44,0.00187639078958867,0.30693405846363,0.0028034287215036,-2.67722610043854
ENPP3,44,0.00323768131593154,0.260268050151319,0.00203262495237506,2.53042437536522
FANCI,42,3.91816071970751e-05,0.243691809472406,0.211277941902216,1.1402096038308
GTSE1,42,5.11108689190527e-06,0.24038333555171,0.281955242033016,1.59516127659776
UHRF1,42,0.000214042274327272,0.246620237607538,0.225031179937783,2.93499961003201
SPC24,42,2.35238202052839e-06,0.241540724889662,0.265509068658175,2.13132825826995
RUNX2,42,0.00755047579343174,0.301150575287644,0.00397629432578156,1.41863469036087
SPN,42,0.000231065068064492,0.289098767408356,0.00141065835714049,1.91251583107901
CCL11,42,0.000119441026084599,0.27039976044318,0.000792184817754565,-2.39081053192228
SHMT1,42,0.00260963172645853,0.276104571166488,0.000998509103452923,-1.44286853361278
COL5A1,42,0.00101053938370108,0.265627298132078,0.000723559893247184,1.18014307640044
CYTB,42,0.00168329782003224,0.264654161781946,0.00105589335873456,-1.9747216236084
AGXT,42,0.00252782818188713,0.262271275050828,0.000326400344173139,-4.14535630649471
SH2D1A,42,8.59424420849948e-05,0.265120375807399,0.000572812124959405,1.82278806867682
MAOA,42,0.00417644600597494,0.260718925941966,0.000140377813068207,-1.12225539623164
CAV1,42,0.00763484696920318,0.314305603898364,0.00241450334485261,1.39565993967334
TRAT1,42,0.00260443820859016,0.272974607013301,0.000706605521854616,1.50232943170865
HLA-DQA2,40,2.58941400630834e-05,0.264382960035134,0.000367408924681724,1.83275397652872
HK2,40,0.00101673454050647,0.253295932678822,0.000756520413413955,3.50794642716079
CCN2,40,0.000503971157260019,0.295920039324922,0.00510990697007699,-1.4910371635785
CLEC7A,40,0.00091495417750215,0.287946428571429,0.000707775815665777,1.69839805910776
BTK,40,0.00125550152636325,0.273512039981826,0.000456595365709136,1.8008234097088
HLA-DOB,40,0.00011071592204455,0.26539309331374,0.000356370998766738,1.69766091352375
CD276,40,1.22788027402643e-05,0.2684703433923,0.000995227200903512,1.17592994576174
GPX8,40,0.00180419669857788,0.281352235550709,0.000354327208079637,1.17122016993744
SELE,40,0.00369537878727187,0.301452178267401,0.00149499213729508,-1.91193762322109
HLA-G,40,0.000335107254634543,0.268390548372715,0.000513092502788531,3.43126250176197
COL6A2,40,0.000227024739789141,0.274218038262982,0.00113937655846162,1.19422957140803
GRAP2,40,0.000535610061964585,0.293467663308417,0.00171849827230005,1.24604231219786
GATA3,40,0.00356766706158799,0.291055600322321,0.00890689388923483,-2.53028746950038
IL4I1,40,0.00313192185665604,0.25,7.00996141301549e-05,1.31217215061863
HLA-DOA,40,2.69392057560224e-05,0.265159301130524,0.000363596947472812,1.24642244776608
EOMES,40,0.00155209929577929,0.274259681093394,0.00106867421216499,2.42155864610651
PTPN22,40,0.000912348482102371,0.29110251450677,0.00173427249590167,1.69136342277674
C1QA,40,0.000627217360316556,0.275179033978364,0.000394388206209003,1.83106371120003
CXCL16,40,5.78282630499858e-06,0.260982658959538,0.000657720392459024,1.00823390687059
PDCD1LG2,40,3.49607442538053e-05,0.271497294046903,0.000913826799708792,1.08253125179122
ISG15,40,0.00322654175943819,0.275893675527039,0.00121870625048371,1.01185516695177
XCR1,40,7.12224063311919e-05,0.260193055755655,0.000439121458548194,1.64341509170807
TNFRSF18,40,0.000144185204788244,0.273429220287661,0.000912004156330406,1.53604754608064
CAMK2B,40,0.00365181744796171,0.269070321811681,0.00833611006387721,-1.46098131130093
SERPINE1,40,0.00177712056397086,0.302360622802612,0.00187176435104979,1.3905476164335
GCK,40,0.00123227018146301,0.248486516235553,0.000496483905457946,-1.32041159336294
HLA-DPB1,38,1.44592511326941e-05,0.266922849541827,0.000382409330013993,1.61597284465145
HLA-DMB,38,2.45622125079469e-05,0.265120375807399,0.000355041524990739,1.333064285578
CENPK,38,2.39316130045095e-05,0.240351344157573,0.192315326903914,1.89618564287076
GPX3,38,0.00164248683989236,0.279177616324007,0.00033742605515291,-2.26207172793873
TIMP1,38,0.00104702597525751,0.299950174389636,0.00198726538626551,1.44995642652887
MME,38,0.00168190793849341,0.29209121785541,0.00284707340794284,-2.70890774997361
TLR8,38,0.000823295664044977,0.281352235550709,0.000678381247475124,2.11912387528302
NTRK1,38,0.000383216680251195,0.266922849541827,0.000735686809027119,-2.43212012119511
HK3,38,0.00241297367692039,0.256242905788876,0.000192737881841129,1.36704134073169
CYP2C18,38,0.00023707351350598,0.23923698503113,0.000293739114345895,-1.6802502557398
PPARGC1A,38,0.00220647638444514,0.284051588549858,0.000574334788586963,-1.43058527739534
TLR3,38,0.00117110918263735,0.294232649071359,0.0021465243903847,1.23683352563889
FGF9,38,0.00132250195519995,0.306361323155216,0.00276142300469229,-3.45877224116752
IGLL5,38,0.00191859525884138,0.298512396694215,0.00415541409570725,1.49533257259908
COL5A2,36,8.44377730224628e-05,0.263457330415755,0.000658284234884832,1.51605206606304
HLA-DRB5,36,0.000220833136273788,0.274259681093394,0.000464390939615589,1.26025964446437
ALDOB,36,0.000596429160276744,0.276696797916348,0.00140561021899825,-6.15403120101155
TEK,36,0.000913222402466702,0.265744555620954,0.000678695504184832,-1.42798276394218
TREM2,36,0.000457370577753364,0.267317939609236,0.000243787788507711,3.57640312984655
FBP1,36,0.000261040290543247,0.246755021177757,0.000634865518636989,-2.92847922590046
CDC7,36,1.19171203572418e-05,0.23971329970799,0.164720391604835,1.0789832802633
GATM,36,0.00517011176991134,0.251182197496523,5.26335182213361e-05,-2.67154549450527
ALDH1A2,36,0.000719210952358765,0.235677932924442,0.000274995544022721,-2.40571969228323
ACAT1,36,0.00103446426605595,0.227398640141022,5.37665803291689e-06,-1.38489203130632
TLR7,36,0.00124704050266285,0.27853177051203,0.000934157940241058,2.13240337921416
ALOX5,36,0.0011322810572426,0.256716417910448,0.000261619864119091,2.012706245173
G6PC1,36,0.000911089948661592,0.251461988304094,0.000208696884912975,-4.45967953155329
NKG7,36,4.83308940508073e-05,0.264692950315111,0.000533207261871366,2.53093154785773
COL6A3,36,0.000100541460164475,0.274093185612384,0.00114159935718375,1.28747794548538
IL10RA,36,0.00032270641496505,0.28307210031348,0.000869665496800279,1.5755503465489
PFKP,36,0.00167195915115601,0.27186512118019,0.00137054012141308,1.59139943349778
CYP2J2,36,0.00094290329541414,0.25862809680653,0.000193704212998646,2.51666677880782
ATP6,36,0.00238807401012943,0.262805587892899,0.0153855818120017,-1.55823817890242
H4C12,36,0.00021944595680108,0.241540724889662,0.0559228058387911,1.10624771789137
CD7,36,4.1283236609863e-05,0.278360049321825,0.00100351919574031,1.26012626546005
PXDN,36,0.00158457690849126,0.31835007932311,0.00891402899385183,1.03050241770113
GPX2,36,0.00113841117666349,0.280173751163512,0.000205592452962063,-1.57003916110113
CYP3A7,36,0.00217145498014948,0.236263736263736,0.0128223053500474,-1.27489274943248
H4C9,36,0.00021944595680108,0.241540724889662,0.055922805838791,1.33079190316337
UGT2B15,36,0.000240116122689964,0.23728813559322,0.000280333060399558,-2.3913173063255
H4C13,36,0.00021944595680108,0.241540724889662,0.055922805838791,2.8152599589444
CLSPN,34,3.39153164644734e-05,0.238762559492332,0.134185848155179,2.34512840539546
GNA15,34,0.00322971104969196,0.262690909090909,0.000141381271795834,1.51902641837768
ENO2,34,0.00162279964451766,0.287122416534181,0.00154265250488464,2.75932195183876
ALDOA,34,0.000502522024708609,0.275304878048781,0.00139422954615159,1.06710695977935
ACSS2,34,0.00105739039857931,0.242546333601934,5.53546633642331e-05,-1.01608558872641
CD6,34,0.000486896063391263,0.270642889255208,0.000766278905741788,1.73294100531049
GJA1,34,0.00602592719791957,0.28192319700281,0.0210096427472822,1.33145631395213
ACKR2,34,3.46307370075089e-05,0.27068345323741,0.00069513337360602,-1.30646177871722
SLC12A1,34,0.0018037209597667,0.237631578947368,1.43049382607152e-05,-6.07892044006277
LILRB1,34,0.000261083586421377,0.272974607013301,0.000566401564925122,2.09065981906007
KCNJ1,34,0.00100744471787927,0.227455919395466,7.24283848411149e-06,-5.48708108361488
HCLS1,34,0.00098807196242812,0.267238828055638,0.000806117327685832,1.29337998283677
NTRK2,34,0.00266669084198415,0.277760689018763,0.00159023441123676,-1.83619684278835
IL2RG,34,0.00035098141418043,0.2817033224146,0.000977487364876542,1.69505664133521
PC,34,0.00190545167831297,0.249654409731822,0.000826356698331072,-1.62904253332197
GZMH,34,0.000545320994101663,0.264848218213814,0.000453080714769481,2.10634603988782
MT-ND5,34,0.000312769661112052,0.253402553669146,0.000791084034943506,-1.42269799192642
COL4A5,34,0.000605045347171848,0.26791277258567,0.000674272352325662,-1.45428127589356
CEBPB,34,0.00241488777796027,0.291290322580645,0.00664174928060246,1.03472997738404
COX3,34,0.000468293388165697,0.253473684210526,0.000768623786589115,-1.57581732261497
UGT2B7,34,0.000211866689088468,0.23728813559322,0.000279997990162049,-2.32752629244349
FAS,34,0.000321520398741836,0.287625418060201,0.00131396618100751,1.01061800820869
GPT,34,0.00426666508596261,0.293610794992684,0.000348688440273193,-1.4367232176721
FLT1,34,0.00147341201082194,0.275935828877005,0.00103171274236837,1.1340318422576
CYP3A7-CYP3A51P,34,9.18455361634978e-05,0.225411882176735,0.000302602632570675,-1.20594122070643
CD1D,34,9.48185019594279e-05,0.29664914586071,0.00233120456622851,1.2978633227773
IRF4,34,0.000716908330667305,0.291808046534174,0.0036760946139697,1.137123233624
ALOX15B,34,0.000543191475410363,0.256899004267425,0.000261309809739804,2.41061199863235
GSTA1,34,0.000224626122675491,0.237881981032666,5.11519211480553e-05,-2.15919556451333
ACE2,34,0.00478256232993772,0.292849035187287,0.000621538586315436,-1.56147670985007
CXCL14,34,0.000484752087103876,0.26068129330254,0.00056832906338671,-1.28548741584761
GSTA2,34,0.000500440341198199,0.244483552186273,7.59359944308567e-05,-2.14884856566213
ADH1B,32,0.000151461744892413,0.224180734856008,3.38704048129634e-05,-3.42275193918533
ADH1C,32,0.000169477051269781,0.224180734856008,3.77612970844499e-05,-4.3862848039676
ALDH6A1,32,0.000463545739325445,0.228462998102467,1.24815718413672e-05,-2.87094248446289
ADH6,32,0.000201328076351523,0.224515166583789,3.59984873729507e-05,-3.0914395146933
RAD54L,32,1.91528670303299e-05,0.238070129185341,0.141768044078191,1.3902879840976
SPARC,32,0.00105211311070246,0.285127881275655,0.00108160305539917,1.103049668347
COL4A3,32,0.000187346293410357,0.270035885167464,0.000641833586968259,-1.59595524230761
SLC12A3,32,0.0017247802923579,0.235064427957829,1.53391569507692e-05,-6.52297909285648
GLDC,32,0.000204373982294785,0.241314804917157,0.000105048748106943,-2.44794927831547
GNLY,32,1.65488889089991e-05,0.264266900790167,0.000475405783541455,1.76758727144125
LGALS9,32,0.000923672700565277,0.282894736842105,0.00104871296694507,1.4987727045228
SUCLG1,32,0.00116828676963378,0.24205870526739,7.28441875989051e-05,-1.51933291669415
TUBB2B,32,0.000768401269127776,0.241799437675726,0.109037801251415,-1.34130154342676
LOX,32,0.00280968979554136,0.291760904684976,0.00438936664091349,2.26651137126844
MT-ND1,32,0.00015020709185209,0.253260412284392,0.000789450793718545,-1.66627983867939
MT-ND4,32,0.000237228274505004,0.251742403122386,0.000789775902840024,-1.45219961878277
GLYCTK,32,0.00149380135145863,0.27831715210356,0.00135649204610842,-1.32449576090397
MT-ND6,32,0.000211758566552803,0.253367003367003,0.000789968156622907,-1.52309291001176
HCST,32,0.000204428245291874,0.271130460891758,0.000520187875610532,1.33305871521209
SCN1B,32,0.00314053169683536,0.243724696356275,0.000314765653063384,1.34926562004453
CCL18,32,0.000675536961331984,0.255879852649476,0.000433733852816056,3.45590850354438
UGT2B17,32,0.000188093512121396,0.237225797977144,0.000272834850448652,-1.95247229841032
TGFA,32,0.000390627153477059,0.2817033224146,0.0019010823210779,1.25601021555899
ALDOC,32,0.000404271377618954,0.273181061866586,0.0013843858144756,1.46378359535321
GRIN2A,32,0.00342492062139464,0.250034611657206,0.000353173871895426,1.03152422407174
VCAN,30,0.000497349900001096,0.281133250311333,0.00119540292122738,2.42212600535928
ARHGAP11A,30,0,0.235677932924442,0.220553645176533,1.88414639818148
ANK2,30,0.00396686427254693,0.280565480814044,0.000433864102628955,-2.42359265283355
CCL3L3,30,3.58348066173057e-06,0.257705479452055,0.000476643534579771,1.24001365879403
EPHX2,30,0.00131243918613246,0.233363483654219,4.8111856809104e-05,-1.704407706217
PCK1,30,0.00116356380654951,0.268510258697591,0.00082142168341264,-4.4312849002322
GINS2,30,6.93167177569996e-06,0.223514851485149,0.125314731265323,1.92571764703876
PLAT,30,0.000273655727930332,0.29209121785541,0.00136360032130263,-1.76804486589931
PSMB9,30,0.00169929385401038,0.244682292372307,0.000275562062510061,1.66100335922078
FGF1,30,0.000892533850882243,0.284454244762955,0.00189635391569919,-4.05432431858831
PGF,30,0.00163208600393922,0.287854638189353,0.00205814953774811,2.79261300984019
SELPLG,30,0.000606911659860503,0.281747269890796,0.000908499740471696,1.78516816631775
ANK3,30,0.00475426302251313,0.280870917573872,0.00042901430393364,-1.16698777365124
PIK3CG,30,0.00286431101109569,0.288590604026846,0.00127379351829799,1.53815431862763
KCNQ1,30,0.00384451264585859,0.251217137293087,0.00159647884776857,-1.23274753820437
TLN2,30,0.00149930266274682,0.286121673003802,0.0177064175767377,-1.30670891024414
TNFSF13B,30,9.3154440812366e-05,0.271130460891758,0.000759455673442722,1.52683332701233
CD53,30,0.00242582665877171,0.268430439952438,0.000310656418466775,1.61191329936406
GSTM3,30,9.16783652853686e-05,0.233968130586864,4.74020303079625e-05,-2.0831645854885
MT-ND4L,30,0.000144401785025213,0.251707317073171,0.000788660024519402,-1.41478021000963
C1QB,30,0.0007551029491013,0.265315116791538,0.000202054035151411,2.24490340720874
FGFR3,30,0.000827015047420586,0.272028920018075,0.00987557370753098,-1.90001257135295
MT-ND3,30,9.40138569990173e-05,0.251602117581499,0.000788142661615056,-1.73829673421943
NLRP3,30,0.00145438631334675,0.270440251572327,0.000484711628395688,1.14457229465561
CD8B,30,3.41680940170794e-05,0.268191268191268,0.000560177696545569,2.05632394225518
TNFSF9,30,8.16037251151628e-06,0.254904728299224,0.00045045741307795,2.61368809653862
MT-ND2,30,9.40138569990173e-05,0.251602117581499,0.000788142661615049,-1.40144102366421
GBP1,30,0.000589104153714123,0.239617885100173,0.00011700536835159,1.02567269466137
ESCO2,30,0.000951022972111767,0.241573033707865,0.148861600378925,1.93666697846914
GSTM5,28,8.33992576896698e-05,0.233877233877234,4.25041567099843e-05,-1.79061348510603
SLC2A1,28,0.00322850871737161,0.296600426999507,0.00469393685278116,2.14699804922359
SGO2,28,1.24007373624426e-08,0.23835291012274,0.20459193925679,1.11937715208895
OSM,28,0.000162394263899292,0.274259681093394,0.00133908032466925,1.63775966377869
BLM,28,0.000214796709233445,0.263688129653964,0.0730711798503088,1.82561544552508
LAPTM5,28,0.00123675840066659,0.259184845005741,0.000191670612219283,2.2544822261721
INPP5D,28,0.00137201863198328,0.257155061939342,0.00018086870335105,1.35400274907416
IKZF1,28,0.00120525347411177,0.28476821192053,0.00340320584317243,1.74572134788919
ASS1,28,0.0033337640461672,0.240095719223611,6.83090298192068e-05,-3.60002839458679
NPHS1,28,0.00281325652487661,0.275683101816517,0.000206933915241742,-5.69626736422058
DDC,28,0.00115826059746747,0.245380434782609,9.5382602863683e-05,-3.556730042113
MNDA,28,0.00165291053309074,0.26955223880597,0.000230832896926626,1.55481194817878
CD300C,28,0.000659042164216483,0.239872493026962,6.72681303826711e-05,1.68225304723249
PDZK1,28,0.00573414993794452,0.255481680577168,3.30041646835697e-05,-1.43769689332743
OAS2,28,0.000688681956901387,0.24421906693712,0.000645636542461652,1.10335263337591
ATP8,28,0.000458475748419395,0.258258258258258,0.0153519152940384,-1.42699788284841
SCN4B,28,0.00127516204304278,0.24618320610687,0.000339799216419621,1.06168426118607
XCL2,28,4.80941836027795e-06,0.258813413585555,0.000528214025742676,1.52259922016537
COL11A1,28,0.000524736903437738,0.238195726721182,0.00023082558100094,1.60241251133022
CR2,28,8.60461398901493e-05,0.274885844748858,0.000765533976330946,-2.82675201793567
MYH6,28,0.00376043848387979,0.238258575197889,0.000391180732679698,-1.30700633667884
MMP14,26,0.00128287225204292,0.296746631613539,0.00218594933134401,1.29614002296551
ALDH4A1,26,0.00112242977408112,0.22895537525355,9.91981361574229e-06,-2.70455166350481
SERPINH1,26,0.000521159341427597,0.262538159616223,0.000608209919785411,1.10705399982273
SLC34A1,26,0.00316946969746377,0.239490783715688,1.1926070974183e-05,-5.07255654957081
CDKN1C,26,0.0011010882719717,0.268111638954869,0.0684814969414545,-2.34955395065505
GCH1,26,0.000848373937290272,0.246687610982106,0.00127015733976023,-1.16189619389923
RUNX3,26,0.000509536234642748,0.289283998077847,0.00783037672863155,2.19097615098731
GSTO2,26,0.000186617946012483,0.239522546419098,0.000165388332352061,-1.29964191469221
COL15A1,26,1.44839420600902e-05,0.234423676012461,0.000222469025708585,1.16994191095674
PLCB2,26,0.00268864983682377,0.268990169794459,0.000379167344922364,1.4365837365058
NCF1,26,0.000637612489816113,0.276866472481987,0.000567447814880577,1.52346225504744
EPCAM,26,0.00140241509864984,0.296017046385838,0.00196974306452331,-1.87399519167155
KL,26,0.00260249355850342,0.257228315054836,0.000320735039175651,-2.19605364320395
CD70,26,3.86106078025533e-06,0.249309773605743,0.000387537208921186,4.74664562030158
BHMT,26,0.000734207314891691,0.234210867591752,4.3987558894824e-05,-2.98239030088757
OXT,26,0.00361792353566099,0.267278377978393,0.000238908034789244,-2.7473934280555
FTCD,26,0.000607110457027367,0.235462842242503,3.98899181604514e-05,-3.09336260593736
STAT4,26,0.00107458419558386,0.276062366248854,0.00168810803479619,1.00238122696452
EGR1,26,0.00169930437344482,0.275725190839695,0.00453043896870469,-1.13373576983975
PLAUR,26,0.000139013053414915,0.302107728337237,0.00257652285601025,1.00988608130346
ACKR3,26,0.000795252982903143,0.283962264150943,0.00148795278043408,1.44323060701697
HRG,26,0.000919258709766934,0.276273519963286,0.000446973878790258,-4.75230257601841
AMBP,26,0.000667771505970265,0.287122416534181,0.000590355991531748,-1.5548394279815
CYP26B1,24,0.000484775323068457,0.233816675297773,0.000276228052112774,-1.6681341537379
MYL3,24,0.000520125810457128,0.2018779342723,1.57144786108754e-05,-2.51022398465965
ABAT,24,0.000476956673131143,0.229129662522203,1.28750684647921e-05,-2.88929641342864
TUBA1B,24,0.000740913546174024,0.253544854696055,0.0713535369819535,1.12117950240851
NOS1,24,0.00518744470922032,0.255734919286321,0.000313822604504637,-4.2733971539771
AQP2,24,0.00189353127802959,0.228347452269566,4.87398189468026e-06,-7.89839712159077
ATAD2,24,0.000495105693126037,0.233032258064516,0.093372207840399,1.30340042686975
NOD2,24,0.000574504840313708,0.266410975070069,0.00043606119286351,1.97395744267171
COX6A2,24,1.70576476406873e-06,0.247838616714697,0.000251212275743061,-1.43541589478424
PCK2,24,0.000649292699932478,0.259968331653951,0.000787924711661144,-2.22716893167415
SCNN1G,24,0.00046784984768696,0.241799437675726,4.20647958521197e-05,-5.59873590108169
CGAS,24,0.000642808749384132,0.250069232899474,0.00919017140126153,1.29003367933332
ANGPT2,24,9.19352872320502e-05,0.281352235550709,0.0016943948971541,2.20595434557309
SCNN1A,24,0.000841547947253046,0.241670012043356,4.18381015122311e-05,-2.5893355378296
VIM,24,0.0035607091971656,0.288314176245211,0.001499876707455,1.76657794820313
CYP4F2,24,1.79018603277689e-05,0.25212899623063,0.000174581268849149,-4.51878325235858
NR4A1,24,0.00257202369138316,0.248281550728623,0.000333573913330283,-1.87707900396652
SCN2A,24,0.000507323680514701,0.234059097978227,3.04968464206544e-05,-2.9300705531306
PLOD2,24,0.000412134806368484,0.242872512103281,0.000219420876683502,1.52626602822413
BMP7,24,0.00232537498090426,0.271008403361345,0.00590929126502153,-3.75592608419506
LRP1,24,0.000249089410299457,0.292374939290918,0.00161711604502868,1.0577272493095
ADH1A,24,8.80954862092973e-05,0.224069478908189,2.31532263370047e-05,-1.84795120276957
NCF4,24,0.000425192347744253,0.272644927536232,0.000523930087815962,1.0761687843581
CCL15,24,1.2286605344588e-06,0.251953125,0.000361429694422144,-1.11631204247334
LPA,24,0.00050994960342041,0.279307145066502,0.000579675956864931,-2.95812374841325
HSD3B2,24,0.00063196994643454,0.232402522197915,0.000255594461062488,-1.5753512504406
UGT1A9,24,8.4033305371801e-05,0.236109295332723,0.000269346128337571,-1.76642094743126
PKMYT1,22,9.75626666085372e-05,0.239015352038115,0.133509924543545,2.41534126541593
ECHS1,22,4.66400822003497e-05,0.206117324811687,2.22265034642877e-06,-1.48749362944599
BRIP1,22,6.84210499541723e-05,0.231716705157814,0.0413424437892199,1.72561770177326
SLC9A3,22,0.00116247595545326,0.234362834155204,6.37065782525813e-06,-2.21586160031292
CCL4L2,22,1.14155747769592e-06,0.251847719983266,0.000347512940636785,1.55127196278722
SCNN1B,22,0.000361578112227055,0.241637677281242,4.18262720192417e-05,-5.08875622781217
IL21R,22,1.25177605815203e-05,0.266922849541827,0.000528665558987043,1.95267871731007
PRDM1,22,0.000117669912998833,0.263150225848754,0.00176626354754479,1.82143094162141
C3AR1,22,7.8731767407662e-05,0.273760800363802,0.00030566641786265,1.79812555330859
AMT,22,0.000369427719721052,0.231153206194804,3.98905659905886e-05,-1.02637458819623
PSMB8,22,0.000138706348709316,0.242383572674809,0.000268561120436124,1.36609641941367
NCF2,22,0.000488447644598538,0.273719308881479,0.000522934205469948,1.47630817615283
ENTPD8,22,0.000315095940435303,0.245814618211515,0.0137282384694687,-1.66425528642047
TAPBP,22,0.000895141196831931,0.249861649142225,0.010315972162351,1.15557005996195
CTH,22,0.000909490018792738,0.258110618836644,0.000104714702292752,-1.55194845972463
DAO,22,0.000108100818539861,0.237194641449961,4.22412692190852e-05,-4.4304728489857
TICRR,22,3.97144466900595e-06,0.234362834155204,0.102973591275725,1.7607575941488
IGFBP3,22,0.000671127456569587,0.290634052140328,0.00221300465040542,2.68408950846964
NOG,22,0.00116726250229216,0.252552090616697,0.000367376560015349,1.09606413420957
COL4A4,22,0.000652187278328333,0.270237917103097,0.00049956799567829,-1.26059123173712
PDGFD,22,6.47533771900236e-05,0.278789749922816,0.00167319670106005,1.12169797613084
SIGLEC1,22,0.000617843421956987,0.26779359430605,0.00034746580622012,1.51310889526884
AGTR1,22,0.00171007619663887,0.268430439952438,0.000112652230190664,-1.18145748864352
PHGDH,22,0.00246981693638356,0.277078858545566,0.00353589656982462,-1.30930630953538
ACACB,22,0.00194942727601725,0.257374946558358,4.02349859476937e-05,-1.06838649749029
CCR4,22,3.21298691741106e-07,0.267674522009782,0.000463800691747968,1.4688716129902
WT1,22,0.00242363526068896,0.270157068062827,0.00151419289462854,-3.04733938435756
CD244,22,0.000339999333248173,0.269150521609538,0.00161494110806135,1.54793945188214
GC,22,0.00100797969216031,0.271293375394322,0.000361842283882636,-2.27596746107092
EIF1AY,22,0.00134838997439672,0.231716705157814,5.91087928564371e-05,-1.36641764172526
UGT2B11,22,9.04877858876357e-05,0.237007874015748,0.00026580717154281,-1.06442491663453
HNF4A,22,0.00270398472148265,0.275011420740064,0.00503858032557807,-2.18743056778061
SLC2A2,22,0.00163281068740687,0.264809384164223,0.000682530632066083,-1.99231738564756
DUOX2,22,0.00263222788857225,0.254258763902576,0.000282525975900636,-1.77124872626664
P2RY12,22,0.00130524811920258,0.260869565217391,0.00012661806496207,1.44955861966225
ATP12A,22,0.00386088161551954,0.269995515024667,0.000156696107981103,-5.90057730274125
MYH2,22,0.000239346843976625,0.20278463956883,9.54492913152968e-06,1.88605912669562
RPS4Y1,22,0.00118900459096035,0.233695652173913,7.93301154777442e-05,-1.73968993721826
ENTPD3,22,0.000286276304466551,0.248794599807136,0.0137323424282044,-1.25971997521117
KCNQ3,20,0.00127675228832153,0.232223222322232,4.90541793908382e-05,1.17602907829215
STIL,20,3.27862690736375e-05,0.237007874015748,0.111451627262733,1.22732046270515
ADCY7,20,0.000598351116630428,0.235064427957829,0.000794183289326233,1.59786382979508
ORC6,20,2.36588796558729e-07,0.236356497840597,0.0960598374241376,1.27802600273107
COL8A1,20,5.41153532007272e-05,0.23433242506812,0.000160959279722738,1.50135468360326
PNP,20,0.00166710001917109,0.251007644197359,0.000113244130460465,-1.37251292933208
PIPOX,20,2.23907135062818e-05,0.236201935652629,4.14147460177894e-05,-3.45517729236021
UMOD,20,0.00391501889928841,0.273181061866586,0.000174652925956988,-8.2056781609861
SORD,20,0.00145835263334438,0.225158957735943,1.99112540202762e-05,-1.91550988748596
ECI2,20,0.000520315992500889,0.201315349459369,7.62943245286584e-07,-1.11797016844899
NCKAP1L,20,0.000374250319724842,0.267080745341615,0.000434669026285161,1.92801397552121
HLA-DQB2,20,1.8993661853027e-08,0.231716705157814,9.29490423245708e-05,2.0225545483679
LAMA4,20,2.19670412250554e-05,0.272480386240193,0.000992290904877819,1.97296891568863
CLDN16,20,0.000477601576621027,0.236604218524826,4.57854457303069e-05,-4.6901465850756
BATF,20,0.000121035081008912,0.279826464208243,0.00322911752219957,2.09320356061484
PYGL,20,0.00149085924008568,0.230887241114804,0.000107128179200552,1.34234082684869
SYP,20,0.00266294424324029,0.277121374865736,0.00142763664572329,-1.02750022303018
CCND2,20,0.000127988965520386,0.273843821076573,0.0291487752573567,1.10726757574891
GGT6,20,0.000385970924771917,0.245982021247616,4.39951147389292e-05,-4.65919670691538
CSF3R,20,0.000261693809429583,0.275346851654216,0.00041915321942483,1.61701520338078
SARDH,20,3.00519019466783e-05,0.236573225045848,4.14830602204086e-05,-1.61502546312759
PLA2G7,20,0.000304341368618697,0.239205298013245,3.57838376622551e-05,1.63556132260117
AVPR2,20,0.00109117989917986,0.253118430273301,6.03523807420174e-05,-2.2780148388938
TJP3,20,5.97356709782018e-05,0.232522209347238,0.000274554330870389,-2.33606431349065
APOL1,20,0.000243208511158776,0.254258763902576,0.000108186814747467,1.48157235492596
CYP4F3,20,0,0.250103863730785,0.000168788221440463,-2.87474761040555
NLRC4,20,0.000215226983774914,0.257631954350927,0.000208283027272766,1.04779935676661
SDS,20,0.000523425131794377,0.239046988749173,0.000108783559726446,2.94426390113453
PCCA,20,0.000119865294968294,0.225580814389208,2.53133089593628e-05,-1.15569557686233
ATF3,20,0.000288648660859039,0.267041253881414,0.00303709320692501,-1.31521221856609
COL5A3,20,7.90414761228849e-07,0.237850651916239,0.000199768311572601,1.80995743866053
BBOX1,20,0.00213501465199701,0.23781933105083,0.000100098493407731,-1.88043054137279
H2BC12,20,0.000657729633674933,0.253616065159388,0.0108436514276272,1.2405516451692
BIRC3,20,0.000810452548384832,0.280347718099969,0.0154289013467616,1.70948063521067
FPR1,20,0.000269658786266895,0.256862466221021,0.000129000351310146,1.42101691975981
NT5C1A,20,0.000254217904408335,0.221350655717612,0.000548057459367263,-2.0504716890341
VSIG4,20,0.000524855962606851,0.253865617093056,0.000106076354116435,1.252999241391
MYH11,20,0.00231689590551349,0.229887983706721,8.69279488466098e-05,-1.05899868640165
PLA2G2A,20,0.000720853998526115,0.25216419994415,0.000140970594462891,-3.35973242898952
GDNF,20,0.000471641942922894,0.260756569448455,0.000514768521605295,-2.63031600563232
MYCN,20,0.000495918528523173,0.26799228372162,0.0306220233257532,-2.4845386926192
H3C10,20,3.95195141524658e-05,0.218988723172063,0.0164696869711602,1.31077058606515
MYH4,20,0.000133107034122022,0.200310559006211,9.40313994013583e-06,3.24420209012643
MTHFD1L,18,1.63428202866547e-05,0.229333333333333,9.43470423714383e-05,1.05052155498362
LMNB1,18,0.00050285738008735,0.279566563467492,0.066865603140233,1.69475593339888
SLC6A3,18,0.00167293366445236,0.241896597910528,0.000303473174824813,5.66033931483964
ACADM,18,0.0021801226659678,0.235770234986945,9.28693973930268e-06,-1.28197836290427
PLCB4,18,0.00165982420563757,0.279783113865221,0.00137219649760958,1.04002036237928
MT1E,18,0.00285139844132869,0.261511728931364,0.000126587937510488,-2.24302422045665
EFNA3,18,0.000674476580904099,0.27039976044318,0.00136409074669097,1.95447313050218
TAP1,18,2.07293206153128e-05,0.242253521126761,0.000264632537416813,1.6636473177383
WNK4,18,0.000180934723605213,0.22423640427117,2.76830724345209e-05,-3.35032971691441
ACADSB,18,4.51714438354631e-06,0.200934579439252,8.57209565306475e-07,-1.75876415686762
IL12RB1,18,1.1047320747259e-05,0.267041253881414,0.00046339540809891,1.98708312223768
CR1,18,6.05487531283669e-05,0.272439281942978,0.000472537163887816,-1.71777610375996
HMGCLL1,18,0.000559217074058714,0.222715501294858,4.28174562518596e-06,-1.4082388274232
FYB1,18,4.95017242660786e-05,0.246116107931316,0.000223849682385335,1.45424405484648
PIF1,18,5.88905944403791e-06,0.231984585741811,0.0561038811803042,1.42494442055593
KCNN4,18,0.00143811816780437,0.221976401179941,3.11366252289824e-05,1.29284345577357
NRP2,18,0.00176231754610363,0.233907524932004,6.14361227539414e-05,1.53456380703894
NPHS2,18,0.00051715389198334,0.244947782449478,4.28248897865574e-05,-6.47521204901245
AMPH,18,0.00354598681528819,0.227284168134911,5.45646720193802e-05,-2.42080661924612
APOC1,18,0.000509905394092568,0.241734707535805,4.57537245779997e-05,3.62056567538093
SLAMF6,18,0.000497969186406077,0.261739130434783,0.000303702520845446,1.92861806666636
MYH10,18,0.000479969835025992,0.20028834423866,9.16783149683114e-06,-1.06251325440902
PRKN,18,0.0051595924305163,0.271824202287778,0.000545303671541091,-1.19453827204598
PBX1,18,0.00387856805160222,0.236294648698155,0.000230885059077423,-1.00359052696084
MARVELD2,18,0.00101647873429551,0.234423676012461,0.00155062110578683,-1.2926016184779
FST,18,0.000591184129034112,0.252941176470588,0.000256915794985723,-1.10168697865756
SLC2A9,18,0.00132750223361158,0.205343945423536,6.14332164426387e-07,-1.54739146447771
ENTPD5,18,0.000280706500742134,0.245114006514658,0.0134826232797684,-1.20245639176277
SCIN,18,0.000875176524172927,0.275430837273143,0.000771337926338074,-1.55421244864892
GMPR,18,0.000311887247708565,0.226685075938245,0.000782011821846136,-1.61301727552679
PYCARD,18,6.04488291389709e-05,0.232582099162911,0.000129050401719101,1.72911522937703
UCN,18,0.00143884586001421,0.217669037001326,9.79500228714601e-05,1.3164862257621
TUBB2A,18,0.000739846130042247,0.265588235294118,0.0045579524659754,-1.01422559788715
SLC34A3,18,0.000831546232737428,0.234758871701547,4.20263891154524e-05,-2.78878502290382
PROM1,18,0.00219357431796111,0.294280593123676,0.00224849747538587,-1.34395922491667
HMGCS2,18,0.000680126398724237,0.240960640426951,1.50925527248634e-05,-3.07635543047401
BHMT2,18,0.000181274008821884,0.230828220858896,3.6266535062087e-05,-1.75521984830077
E2F2,18,0.00014024080521191,0.268990169794459,0.0276914715346999,2.33421849250114
CDKN2B,18,8.00366156697049e-05,0.267833308616343,0.0197147066658879,1.65599249296603
LY96,18,0.000199204040838055,0.274885844748858,0.000520401957954066,1.33162797183627
SLC4A1,18,0.0017054511310739,0.245313773431133,9.91550665040202e-05,-4.87167295075196
C1S,18,0.000271434911964599,0.246451965065502,6.18864332863931e-05,1.00906107733051
CXCL17,18,5.07800130141741e-07,0.251287046055378,0.000264268334295924,2.59268623506183
IGF2BP2,18,0.000643014232494131,0.273057151496825,0.00440052212588164,-1.43218715941525
SLC17A1,18,0.00078929078452737,0.214387464387464,1.51318977103238e-06,-2.44210954213351
GRM1,18,0.00148803504832538,0.234119782214156,0.000293889762482867,-2.56198233509061
CACNG8,18,0.000146790963010078,0.22895537525355,0.000313050613421075,2.70713082100254
SAA1,18,0.000434684928750093,0.27853177051203,0.000358178782112722,2.09579269081715
MYH1,18,7.83005175774571e-06,0.20028834423866,9.39537816218242e-06,2.48346737180085
MUC4,18,0.0011626053268528,0.26779359430605,0.00111159247632177,-1.18372876739273
PNPLA3,18,0.000177683241220359,0.241347053320861,2.57659770566732e-05,-1.9458951516425
OASL,18,0.00016675320458085,0.239078633836378,0.000242409737103918,1.14664771350937
KLK4,18,0.00134762534964938,0.236387434554974,2.81752947457151e-05,2.69544089682206
PLPP4,18,0.000515488789003949,0.231657260133402,1.55838468853497e-05,-2.02025032511402
CACNB4,18,0.00119314802367641,0.232282958199357,0.000203832164461457,-1.06293445224973
L1CAM,18,0.00105274577627705,0.278617710583153,0.00118439872312282,-1.85830792355225
USP9Y,18,0.000335143373938227,0.194758977677127,1.21817853374923e-05,-1.93569243944539
UTY,18,0.000438685180097981,0.213576158940397,0.000268719383169912,-1.83337417049715
ASPA,18,0.000779725281274862,0.213147645462056,3.31033080542201e-06,-1.04729787423233
PLA2G12B,18,0.00044209727483387,0.253153910849453,0.000116056450355357,-1.39551555750131
LIPG,16,6.02059954205901e-05,0.237976017920675,3.09404027969307e-05,-1.01405869924629
HADH,16,9.17563080043948e-05,0.198723591549296,4.31769507158836e-07,-1.60505534275808
RPS2,16,0.000758313881919044,0.269471799462847,0.00121618806662089,1.02536983385722
GPC3,16,0.00232575400266225,0.246317512274959,0.000103119359026415,-3.26612866868206
WIPF1,16,5.40305930277061e-05,0.239141949152542,8.43507322820439e-05,1.067572286784
PIP5K1B,16,0.000511379913431278,0.247025030775544,0.000289361164298958,-1.60929734277223
FABP1,16,0.000444382820217269,0.274718588378461,0.00020173816627111,-5.70599623094617
RASSF5,16,0.000645177717729989,0.261133603238866,0.000239144658424428,1.29262752128387
SCD,16,0.000201887454767269,0.265901060070671,8.54516887812004e-05,2.27154750615728
XRCC2,16,1.20418807189712e-06,0.232044198895028,0.0397276744332771,1.57512917860235
SLC5A2,16,0.000923067810775417,0.250694058856191,0.000113171614186497,-2.12561799577014
MICB,16,1.25010418501844e-05,0.260869565217391,0.000237446961667123,1.03038090478378
QPRT,16,0.00182556082768694,0.234089436163318,9.72214752766068e-05,-1.80093471106643
SLAMF7,16,1.78650162065761e-05,0.25974399539767,0.000317168733366884,2.29226396746096
PFKFB1,16,1.3685840908704e-05,0.231241997439181,7.45123564805851e-05,-1.55074819492178
ACOT12,16,0.000129034236933589,0.228839330968069,6.06485864323431e-06,-2.05123556600866
CARD9,16,7.42962953765309e-05,0.242970536795372,5.83321893169832e-05,1.42164862021909
TKFC,16,0.000500823433097315,0.225158957735943,9.61109800110111e-05,-1.10409586654256
CYP17A1,16,0.000309002969954259,0.229420731707317,0.000232381854817756,-3.50752828407878
P2RX7,16,0.00114883349191838,0.235985887887103,2.63508619593142e-05,1.90087315731464
SOST,16,0.000940025644787996,0.244021078232671,0.000177265865444956,-7.02517423808754
CASR,16,0.000932276802856357,0.236976774701483,3.63348780339156e-05,-4.47245518664826
AIM2,16,3.30987854623358e-05,0.230946291560102,0.000280124365049301,1.93991051665151
KCNJ2,16,0.000981362987256127,0.233062330623306,0.000391935372227694,1.65644697904197
AANAT,16,0.00130249739482144,0.240832110948126,0.00259181829011528,1.12098779757473
SDC3,16,0.000865303281446925,0.267001774098167,0.000454433022509169,1.05430808379944
PHEX,16,0.000692948235980968,0.232882011605416,4.4956805021196e-05,1.37804653670385
ATP6V1B1,16,0.000745890272567798,0.227541892402671,9.17276502495371e-06,-4.12666652266654
TNFSF14,16,1.79133327974124e-05,0.239173619388161,0.000159725570774986,2.16826427229067
ABCA1,16,0.000665304028219088,0.257374946558358,8.73057916618385e-05,1.07757832664201
COL4A6,16,5.88893810456733e-06,0.266528925619835,0.00055827764008755,-3.572398796712
CES1,16,0.000307783334162054,0.244582881906826,8.74287763615656e-05,-1.35598838365524
NR4A2,16,0.000462245051979515,0.249344194394588,0.000327917892354675,-1.00526742435762
C1QC,16,8.49405861464105e-05,0.246384720327422,6.89101856145822e-05,2.18077484348769
CSF2RB,16,4.94619814054895e-05,0.260606060606061,0.000187731594690929,1.19911035066756
SCN11A,16,0.00165387939352643,0.228318584070796,3.93742353573306e-05,-1.57430117084417
PLXND1,16,0.00106266410401289,0.213374291115312,1.544905840359e-05,1.0616291542928
MYH14,16,0,0.200266134397871,9.16523934296921e-06,-1.59610894598144
GPT2,16,0.000745197718775323,0.272274988692899,0.000199235223154381,-1.24953420075681
TRPA1,16,0.000701512045979465,0.235554975870614,5.92130372305234e-05,1.77306748290365
KRT7,16,0.000842900414795778,0.263611151656693,0.00034169849895886,-2.68694575837541
MUC6,16,0.000479969835025992,0.225299401197605,5.65310525879196e-05,-2.46402453413652
PIMREG,16,0,0.233846950666839,0.122988700435533,1.52228803555739
TNFRSF1B,16,1.55969603370193e-05,0.253438113948919,0.000437901326266673,1.21038302906223
CD14,16,1.52889829226024e-05,0.271334134615385,0.000307631646011213,1.28403081621583
CYP24A1,16,0.00104689855409055,0.225468164794008,1.11000584530941e-05,-2.15337301090176
KHK,16,4.82333014739346e-05,0.229246001523229,9.74346070285713e-05,-1.79064608648436
KLKB1,16,0.000166055870338823,0.245513866231648,0.000222478895142176,-1.33114627534857
MYH13,16,0,0.200266134397871,9.16523934297713e-06,3.02785171769412
BMPR1B,16,0.000315179464964811,0.222276923076923,0.000111866831809452,-2.65304089302259
NEIL3,16,1.98369250918147e-06,0.222058281077093,0.0924739345531085,2.13470738288041
KIR2DL4,16,1.93458092028875e-05,0.261473867091357,0.000178335209764599,1.57227824691877
PSAT1,16,0.000528330504872085,0.238541804253071,9.58907294896511e-05,-1.91483525387495
FOSB,16,0.000190995394875319,0.265003668378577,0.00287203092081336,-1.62823859609142
NRG1,16,0.000180140145289175,0.270561797752809,0.00136198538541079,-1.06907094928334
MUC16,16,8.54671479116661e-06,0.228347452269566,5.82570728609897e-05,1.70933571601075
F12,16,9.99127248622421e-05,0.244682292372307,0.000228935841530482,-1.04386382744865
HASPIN,16,0,0.234942110055939,0.113093547057789,1.75880867482335
NEFL,16,0.0010947592975329,0.245915032679739,0.000367055302485122,1.37644250809468
AOC1,16,0.000791816727700878,0.217800289435601,8.85110599937088e-06,-1.56300765535681
LINC00473,16,0.000649132488281863,0.233002193265385,0.000398771930271785,-3.07011662608056
ZFY,16,1.31943481895646e-06,0.194737977140393,1.21766509727877e-05,-1.68706028940789
KDM5D,16,0.000282108689596475,0.213550904576091,0.000268619717279721,-1.80717071163898
GRIN2D,14,0.000320680976409377,0.220056049713659,2.72830399122806e-05,1.56330787216193
FBLN5,14,7.90881614570016e-05,0.262271275050828,0.000551484655530213,-2.1361394784453
DSCC1,14,2.65216121468228e-06,0.212720848056537,0.0635307943955551,1.09503502434417
UBE2L6,14,0.0002720547520717,0.227828939069005,5.5237297041516e-05,1.17466737759785
PLXNB1,14,0.00175716349149075,0.24699124726477,0.000278179799794842,-1.23754789778252
TMSB4Y,14,0,0.194716981132075,1.20769850825942e-05,-1.4444924230253
RNASEH2A,14,1.62694858980335e-05,0.21782655891931,0.0485957130734575,1.08079437194759
LILRB4,14,2.37402488075029e-05,0.247566826593557,0.000146154698104224,2.569610226746
SLC26A4,14,0.000989656012150633,0.224571002238249,7.58579703430837e-06,-3.68875257560017
NR3C2,14,0.000202587496506352,0.245513866231648,5.95954523955777e-05,-1.53800227647294
LOC112694756,14,4.4023204334766e-05,0.268990169794459,0.00104360263440178,1.07434520521838
APOD,14,9.97540016289168e-05,0.238636363636364,2.47929900395708e-05,-2.41277809503099
LY86,14,0.000995178203401323,0.26068129330254,0.000128837710888177,1.89908046914035
DOCK2,14,7.99937540032927e-05,0.251532033426184,0.000379725040351961,1.91496799861792
SAMD9L,14,4.32721276830484e-06,0.202058626090848,1.61316549915593e-05,1.03582456806008
TLR6,14,3.23652904867767e-05,0.26418958455237,0.000186330901412666,1.73214216054547
DDB2,14,3.98935763043867e-06,0.212821117134103,0.0159624593302428,1.29305722010883
SERPINA5,14,0.000190306203231071,0.245513866231648,8.12657432911858e-05,-4.48308319608325
RPS19,14,0.000358123368304855,0.247770613252847,0.000755874905198185,1.00952939904248
AFMID,14,0.000193700828395224,0.238825707484792,6.23608959766587e-05,-1.38886029232568
PGM2L1,14,0.000379532529823515,0.216572730543231,7.32801333366009e-05,1.04451718293248
MS4A6A,14,0.000477800998927515,0.240960640426951,6.12960083146044e-05,1.8756297513135
GABRD,14,0.0021234954637626,0.203906514621204,8.81757846734669e-06,3.99349796919837
GATA2,14,0.000462933917312251,0.249757986447241,0.000365166923089205,-1.36444141326602
PFKFB4,14,1.66019774358511e-07,0.225158957735943,6.08157822773444e-05,2.00217264096226
ADHFE1,14,0.00050956568026012,0.216132120631881,8.09260034137921e-06,-1.16408152494478
SH3GL2,14,0.00277721643359901,0.275011420740064,0.0012823421367915,-2.71569285548231
HIBCH,14,2.41773982184719e-06,0.201225626740947,9.82999087000288e-07,-1.22793767996176
TRPV5,14,0.00105568828409676,0.217721518987342,9.13291272040071e-06,-5.1645478966733
CTSW,14,0,0.255553983302674,0.00021320993998835,2.07441332664068
SYT1,14,0.00110565998322891,0.236078431372549,0.000330823786851417,-1.90395797098871
COLGALT1,14,0.000160889821500887,0.23297213622291,0.00011872758786782,1.14911582355461
TNNI1,14,6.03462836224149e-06,0.194675002694837,1.38020656499202e-05,-2.90799242329496
IFI16,14,0.000302666300263987,0.245480494766889,0.00589675480921093,1.28072837436072
PIK3R5,14,0.000239039651875854,0.245313773431133,9.29144235363372e-05,1.94459079625422
TUBAL3,14,0.000261934004610558,0.247329498767461,0.00268947902870223,-3.91238864057494
TNFAIP6,14,0.000116647774207731,0.283605527638191,0.000996390495779472,4.32921779834736
HAO2,14,0.000315465062531842,0.21685878962536,8.99579517377936e-06,-4.02752879302037
LSP1,14,0.000308619401707209,0.251707317073171,0.00341303075655809,1.71139377960261
ALDH1L2,14,3.08735764852751e-05,0.229333333333333,3.26258398018182e-05,1.27109264186933
APBB1IP,14,9.01454022112609e-05,0.255590150014152,0.000407437343615675,1.56701332299978
ALDH1L1,14,0.00044055230421441,0.230798722044728,3.11194122844673e-05,-1.66227865447249
CD52,14,0.000481591964410158,0.257045260461144,0.000222376454775852,1.43772495556862
AZGP1,14,0.000444650711952433,0.268710013390864,0.00016924077571449,-3.17048068167648
NEDD4L,14,0.00118452579355846,0.270480754830014,0.00117568161392887,-1.06131745164344
OAS3,14,1.69097607526781e-05,0.218670541227752,3.89986587936176e-05,1.01453858887485
GCDH,14,0.000149022599743777,0.201158387168634,5.4827920317303e-07,-1.03732660702069
NPR1,14,6.55852921574506e-05,0.240223463687151,0.000797118955962145,-1.11106884694145
CNDP1,14,0.000126709599310203,0.213803717296081,4.35908104181516e-06,-1.51143427674185
LMX1B,14,0.000948932828003977,0.234059097978227,2.23287086649788e-05,-4.40321947753457
COX4I2,14,0.000959673758786041,0.247363374880153,0.000159173425998789,1.5376596251618
TUBB3,14,0.00048008379699711,0.229770992366412,0.00200772397009621,1.3625273201309
DMGDH,14,5.71432112895171e-07,0.224543080939948,3.28775127216154e-05,-1.4241213234575
APOM,14,6.25396674218117e-06,0.236294648698155,3.47339479294871e-05,-1.77165361818435
UBD,14,0.000145587623160361,0.235801018409714,9.61929305641085e-05,1.91157520216581
TREM1,14,0.000116978933095491,0.233032258064516,2.72092003298944e-05,1.44985401853069
RBP4,14,0.000693406562144182,0.267873034707802,0.000184397149191066,-1.8047262216988
SLC26A3,14,0.00172793948198788,0.233484162895928,2.25112084836689e-05,-2.21073398494551
TUBA3D,14,0.000261934004610558,0.247329498767461,0.00268947902870223,1.81737682820049
MUC3A,14,0,0.225271298490707,5.6515068743873e-05,1.92835458745602
PFKFB2,14,1.66019774358511e-07,0.225158957735943,6.08157822773429e-05,-1.32699579799254
MUC13,14,0,0.225271298490707,5.65150687438733e-05,-2.75622832709502
CD300LB,14,1.3883394215652e-05,0.236016727652901,4.59796875974237e-05,1.33832668402371
KIF5A,14,0.000526995459802222,0.22211290124216,0.0174792657251088,-1.21167189589268
MUC15,14,0,0.225271298490707,5.65150687438872e-05,-4.22476140684275
UPB1,14,0.000492702449214179,0.217407006139401,9.75675029590714e-06,-2.1669458707323
MT2A,14,0.000210986408716947,0.221432074546346,6.15684753565657e-06,-1.00656850085396
MUC20,14,0,0.225271298490707,5.65150687438798e-05,-1.19462220621954
PTPRZ1,14,0.000273443179922729,0.233846950666839,5.67714782478347e-05,-1.36261508984022
CUBN,14,0.000715180702273958,0.266725742135578,0.000155409179447752,-2.15737942922789
AK4,14,0.000119441413541066,0.244021078232671,0.0134600693286805,-1.38302264129892
ADAMTS4,14,2.66152035280236e-05,0.263265306122449,0.000553836586137803,1.08717495661996
MGAM,14,0.000604306597952903,0.233453981385729,2.28446024305278e-05,-1.38874205195294
TRPV4,14,0.0014507929718321,0.254115660616294,6.0428027526855e-05,-1.0917062321873
DDX3Y,14,0,0.194716981132075,1.20769850826108e-05,-1.63524314915959
TUBB4A,14,7.06755877727006e-05,0.23778801843318,0.0160669364295993,-1.01389741983886
HSD17B2,14,6.12234723045921e-05,0.221323529411765,2.64785390280246e-05,-1.09023763183343
MAG,14,0.00191928516371097,0.262309368191721,0.000451007667075208,-1.3140851860192
SLC30A8,14,0.0010164457035379,0.242546333601934,0.0154444742265981,-3.29494611082087
STK39,12,0.000113501478612261,0.206070287539936,5.62805310251705e-06,1.03546268259693
IKBKE,12,0.000502071592305832,0.246519246519247,0.000373559831739244,1.02583289252097
MT1G,12,1.51724647743469e-06,0.209512761020882,2.41286897231805e-06,-5.3592394308866
OGN,12,1.12427249833639e-05,0.24186420249096,0.000117103344610739,-2.00963998090208
BCAT1,12,0.000191614869320204,0.23666622985192,7.53551378201929e-05,1.35190058197169
AICDA,12,0.000102902963127794,0.268789998511683,0.00274453372410561,4.60564102845791
FBLN1,12,8.7585180667719e-05,0.261360347322721,0.00059014612441071,-1.43557963477978
MT1F,12,1.51724647743469e-06,0.209512761020882,2.4128689723051e-06,-3.2018833431411
NFASC,12,9.38555417676344e-05,0.22376409366869,1.74534153698118e-05,-2.00706438133065
ULBP2,12,6.07849751601781e-07,0.240351344157573,9.34399282596295e-05,1.21023004173574
SLC47A2,12,0.000471874386048833,0.179505019381771,2.38918616991617e-08,-3.87923678170719
TNFSF8,12,2.04598645865013e-05,0.243527508090615,0.000181375408685282,1.73048812961641
MT1H,12,1.51724647743469e-06,0.209512761020882,2.41286897231214e-06,-5.43746336507788
CDSN,12,0.00144817440961336,0.216806722689076,1.25452294262805e-05,2.49518329225625
ESRRB,12,0.00126351367955157,0.269311064718163,0.00109299854127506,-3.97565788413182
PFN3,12,0.000161436067689647,0.229275104735305,3.68403884789915e-05,-5.66092689596959
BCAN,12,1.72366419114161e-05,0.237101220953131,0.000110510424913023,1.97938013979438
KCNJ10,12,0.00165631253433844,0.243922204213938,4.17219853974978e-05,-3.75515888284501
GBP5,12,0.000288085311287351,0.23466735966736,6.48524797975122e-05,2.74228364990093
POLQ,12,9.70415437793757e-06,0.230651340996169,0.0309768694826609,1.92618389429038
PROC,12,5.33966354526583e-05,0.248486516235553,0.00011233343586051,-2.67168407181444
CLDN11,12,1.1966006967407e-07,0.229246001523229,4.18520691046497e-05,-2.18074139329587
CDKN2C,12,2.23813364510458e-06,0.248657579512598,0.00704945134987999,1.06163352352361
BTC,12,1.98800327395016e-07,0.270237917103097,0.00134866484752665,-1.19908521151841
RTP4,12,1.3061318565233e-05,0.21864406779661,3.8643049650355e-05,1.52934809166969
HSD11B2,12,0.00081267741475761,0.228868331010011,1.64305884725904e-05,-3.09564811245853
RAD54B,12,5.48605990528131e-05,0.233907524932004,0.0299330411930841,1.04458991276715
PAH,12,8.88051149686919e-05,0.215153681200858,2.49554477479058e-05,-4.82326204052822
GNG8,12,0.000466770958277384,0.256570535587441,0.000149015793235722,-1.02594167119278
SEMA3B,12,0.000240382413843502,0.20494779845665,9.88219988768587e-06,-1.71622984442952
BDKRB2,12,0.000114986056119683,0.234697855750487,2.16487013399385e-05,-1.34762805749266
CD96,12,5.15353682452312e-07,0.250034611657206,0.000196231567490616,1.93123805409141
CSTA,12,0.0002401101156197,0.23378640776699,2.50534992760977e-05,1.76071857190568
VDR,12,6.64562506314186e-05,0.228434100683026,1.34398716766929e-05,-1.64707017950597
MYO6,12,0.00140677251120405,0.221187997550521,9.67649056157825e-06,-1.00068776652045
CLCNKA,12,0.000158895007833589,0.19811320754717,7.25657432840461e-07,-4.5527503647299
DPP6,12,0.00191668840491266,0.186821144098479,9.79942765353157e-07,-3.61211058601544
CACNA2D2,12,3.77299086053983e-05,0.217302370352545,0.000299295707591952,-1.45048403853523
TYMP,12,0.000136478567773806,0.215307582260372,1.52422503160736e-05,1.83858097633964
F11,12,1.68771969958616e-05,0.24,6.47564991390118e-05,-3.61848727072811
CP,12,0.000773168879886418,0.266765140324963,0.000156802466067063,3.59162651318331
CLDN19,12,2.46299189404536e-05,0.232074016962221,4.39069058055051e-05,-4.15890606528753
SLC16A3,12,0.000571926024687818,0.271171171171171,0.000532135139733842,2.28002769614249
MT1X,12,1.51724647743469e-06,0.209512761020882,2.4128689723224e-06,-2.20565119106747
FERMT3,12,0.000157087068395641,0.257631954350927,0.000395364621856535,1.2910110747338
SAMHD1,12,0.000783759203044032,0.247566826593557,0.0339224295473234,1.13717768441071
CLCNKB,12,0.000183763559861294,0.204669084315503,1.25913905122916e-06,-4.84755302829765
PPP2R2B,12,0.00124517388040565,0.254222972972973,0.00252539122823826,-1.67827777976481
CD300LF,12,3.73229586195869e-06,0.228984404716622,2.56813627077905e-05,2.09822368344764
GRIA3,12,0.000212759896161654,0.223708658491267,0.000592328668283097,-1.52654578323113
ABCA4,12,0.00128544306669365,0.233333333333333,3.90163086469319e-05,-2.64238614627099
NAT8L,12,0.000209976710663097,0.209683037269244,3.12303496224783e-06,-3.38676715409756
MIOX,12,0.000181726822073664,0.214923241699393,2.8641249935784e-05,-2.73868331907802
TNNT2,12,0.000482223969269891,0.225552641438741,0.000365378114488253,-4.13327022028148
GJB1,12,0.000668967236042278,0.23666622985192,0.000409234069956409,-1.76170965499572
GHR,12,7.19451802398284e-05,0.26120914087359,0.000269249219090412,-1.34050754684444
MATK,12,0.000203876937325937,0.260005758710049,0.00016550042854704,1.36087422890341
GYG2,12,0.00140823627944395,0.211996713229252,7.08940112062761e-05,-1.625700377455
HEY1,12,0.00125531363415649,0.234454108788784,7.05578033002659e-05,1.27478929020832
ELMO1,12,0.00100622918660725,0.24028738690793,0.000265657401120572,1.27064411944916
PRODH2,12,0.000487338905720281,0.250624479600333,0.000137977498899345,-3.71226592508767
CEL,12,0.000429132051033839,0.249654409731822,0.000163646449295407,-2.45099301784675
CLDN8,12,1.1966006967407e-07,0.229246001523229,4.18972183033964e-05,-5.3959435252706
DLG2,12,0.00154481030554527,0.236387434554974,5.01430676066609e-05,-1.26096707538035
ADCY2,12,0.00013781725941596,0.226713532513181,0.0003148701229782,1.27462331184037
XYLB,12,0.00138078769600259,0.221269296740995,8.59701960294548e-06,-1.17411056079865
CLCN5,12,0.000248320580223785,0.222550831792976,4.35351398954762e-06,-1.15539133551644
PLXNA4,12,0.000946318216848198,0.228030303030303,0.000226130992300055,-1.77428903162633
GPD1L,12,0.000400991910292168,0.209221501390176,7.83559953868857e-06,-1.18195645380264
CYP8B1,12,0.00160593354756468,0.221676690806432,9.11331407302825e-05,-2.69570767679668
PRLR,12,5.8482361405028e-05,0.26008064516129,0.000254677203745307,-1.79084588515422
GABRE,12,0.000805122754983227,0.1895664952241,1.53531409138534e-07,1.1567507754425
CACNA2D3,12,0.000100863113850291,0.224822606747168,0.000336184784183982,-1.58576331074309
VTCN1,12,0,0.250624479600333,0.000230267785542938,-3.02986893582696
KLB,12,0.000690148103943654,0.253901307465205,0.000320486830364321,-1.32871235002767
LILRA6,12,2.05493840572766e-05,0.224598930481283,5.05149720496599e-05,1.26656814577774
NOX4,12,0,0.243626062322946,0.000273856489151833,-1.5980992670989
MS4A2,12,0.00111005479049188,0.254473721290686,9.52350711833955e-05,1.41623144602351
RDH12,12,0.000434430152384321,0.210833527901004,1.08517493111956e-05,-2.23086512570632
CA2,12,0.000394132138076597,0.224654807811917,4.79371493795172e-06,-1.33320780821888
SLC22A11,12,0.000680431769694205,0.204414261460102,5.97607752042603e-07,-2.34834975045213
ATP6V0A4,12,0.000741159452849208,0.231865451277443,0.00026554763585098,-4.05208612877294
TFAP2A,12,0.00110665307206615,0.262920366865628,0.00744133779939318,-1.83445489231554
BSND,12,2.40765808722148e-05,0.19763624425476,7.32969369522858e-07,-4.30770434974059
BCHE,12,0.00147634362790636,0.270927092709271,0.000132341973978292,-1.34336760848343
SLC12A5,12,0.000696219964512349,0.227570564516129,3.36684644066249e-05,2.35956891458766
EGR3,12,1.38361481935752e-05,0.243330638641876,0.000322393278074582,-1.11109840469871
PLA2G2D,12,0.000516449745865885,0.249654409731822,0.00013037990748386,2.36322026425166
TDO2,12,0.000227318914504041,0.231094049904031,2.29505574606239e-05,1.08507901505836
GRIK2,12,0.000452222070775101,0.219601167315175,0.000154371016166287,-1.71415750228958
MOGAT1,12,2.38863619731063e-06,0.22791519434629,1.2837061091332e-05,-1.70902519163063
AK7,10,0.000119441413541066,0.243889264010804,0.0129944209544481,-1.0142519251659
TRPM6,10,0.000759827595925146,0.250972762645914,0.000162344544942294,-3.60345134901828
RAPGEF3,10,0.000324555271478195,0.242351046698873,5.35199394296082e-05,-1.90237506944215
GDF7,10,1.43873291559115e-05,0.217852834740651,0.000111614807439386,-1.77926573131824
SLC25A25,10,0,0.202284946236559,6.69223292647038e-05,-1.71191806368383
FSCN1,10,0.000689792576150915,0.225158957735943,3.0185141341998e-05,1.31209980883141
PRELP,10,3.72137200313284e-06,0.232671991754702,5.43953391417165e-05,-1.44552513822613
LPCAT1,10,0.000257539004406376,0.244582881906826,5.34918203606563e-05,2.12454823229519
IQGAP3,10,0.000127759841277123,0.232492276004119,0.0384747683761996,2.36520754131609
FKBP10,10,0.000258880256849805,0.23378640776699,8.62419556296012e-05,2.16847185523546
COLEC11,10,4.06429113781197e-05,0.229624920534011,2.09274093123507e-05,-1.94968747394009
PRDM16,10,0.000622028781863612,0.247804610318332,0.000231278578837074,-3.083473070962
PAPPA,10,0.000804847295390012,0.243396226415094,0.000134118074412833,-2.4298020538174
CARD11,10,3.09289376876874e-05,0.239395546129374,6.5015564298166e-05,1.99760620065003
TRPV2,10,0.000601913934500437,0.223293768545994,8.52894365714868e-06,1.45960472939339
SYN2,10,0.000791113581013199,0.225947704241211,0.000292734740795003,-3.46810197492868
UNC5B,10,0.000719099384773887,0.209318497913769,7.03924205692922e-06,1.10736421888235
NR1I3,10,4.71037840864942e-06,0.227828939069005,0.000241512206341323,-1.49313582702893
NLRC5,10,7.34685526910607e-05,0.228116710875332,3.05367035838154e-05,1.52323729436739
SLC51B,10,0.000251928943720508,0.192928105971584,1.75392972754684e-06,-1.75874221868703
ATP1A1,10,0.000120446331054828,0.220029239766082,3.04229061319997e-06,-1.61340984906042
INHBB,10,0.00027432916990759,0.250485436893204,0.000135449839906298,3.19840950072395
DTX1,10,0.000573423498418636,0.220917431192661,1.51927407944311e-05,-1.7983868168637
INMT,10,0.000100126154641579,0.233122499031883,6.55008542952619e-05,-1.21755080535595
DHRS4,10,0.000500025515593802,0.209051973608057,1.06881861541334e-05,-1.40769001124086
PLA2R1,10,0.00119382392637182,0.22277044529419,1.2052473302976e-05,-2.59021768187495
LCP1,10,0.000175908414186686,0.253082959641256,0.000122681464154215,1.58425951841281
PSMB10,10,6.10813358373101e-06,0.209076175040519,0.000186722160027965,1.0510246741433
AQP1,10,0.000126972099788781,0.208520956009699,1.85375690855023e-06,-1.95098411879166
EVI2B,10,0.000967857313901279,0.213374291115312,8.81207476298672e-06,1.70316322506104
SLC22A8,10,0.000654983762414268,0.174072289156627,1.47896046298427e-08,-6.59136752416851
HAP1,10,0.000141488353524553,0.171591448931116,1.52652810646609e-07,-1.71500422598077
SLC22A6,10,0.000272534511281367,0.186358476937365,2.33053436075576e-07,-5.26943159291941
PARVG,10,0.000479969835025992,0.246788740092922,0.000416352167795679,1.69413596363894
TGFBI,10,0,0.266568265682657,0.000685747132763229,2.53372841368185
UPP2,10,1.46707210481925e-05,0.20946416144746,1.28494430295828e-05,-3.3589808375375
CST7,10,4.22556692037827e-05,0.23835291012274,5.43743688201192e-05,2.10373590107843
SPHK2,10,0.00192846782197321,0.187169654886517,3.71021025901654e-07,-1.10846808701445
CRYL1,10,0.000513708690440105,0.18962620747585,2.12830039439301e-07,-1.2934020706857
HOXB5,10,0.000809422618516038,0.19171974522293,3.99028731439403e-06,-1.44381632419141
MSR1,10,1.96735734380537e-05,0.262920366865628,0.000182061121231431,1.97988103254219
LDHD,10,0.000479969835025992,0.236542239685658,0.000780438807731885,-2.27909234074812
MYOM2,10,0.000370224281801741,0.277760689018763,0.000729205558742903,-1.68582960491353
RHOH,10,0.00024874177029004,0.244881355932203,0.000153342579380698,1.97881176108155
IKZF3,10,1.08740769699689e-07,0.249103448275862,0.000401250576481846,1.96609040116946
CD37,10,2.96558749222649e-05,0.250798500208304,9.34517000432391e-05,1.1607086723548
MT1M,10,0,0.207419317790284,2.31020827951492e-06,-2.21066720514135
IL16,10,0,0.264964788732394,0.000273290171096447,1.25601780852364
PIK3R6,10,4.3856553047947e-05,0.239363817097416,9.10334434906451e-05,2.37896545467079
ACO1,10,0.000289159699084905,0.208520956009699,1.54551738898648e-05,-1.08063836559901
SPTBN2,10,0.000583119806955074,0.225018689259905,1.9874829283071e-05,-2.84268493210794
GK,10,0.000937999411064421,0.229508196721311,1.12893054244378e-05,-1.4675181053416
APOBEC3G,10,0.00202322927591134,0.266096950051569,0.000756741392177634,1.80171258814285
GALM,10,0.000149501596110443,0.221242190371187,2.80690460793745e-05,-1.30160664852713
PTN,10,0.000325056131441172,0.243856332703214,0.000106653889562424,-1.04847406851168
ADI1,10,0.000291057328539132,0.242253521126761,7.84523238195142e-05,-1.05100707726944
LAMA3,10,5.3376496647898e-06,0.264460389515302,0.000515288083210434,1.43670981817782
SLC22A12,10,0.000233243328002832,0.204044740707265,5.97202618391087e-07,-4.59463947182959
LIN52,10,0.00048009504708913,0.228549734244495,0.0197439350994395,-1.14253583385387
PLCL1,10,0.000141488353524553,0.171591448931116,1.52652810652964e-07,-2.02174473902304
ANXA1,10,0.000887951614273502,0.277291570704744,0.00148052060839457,1.09259186326515
ARPC1B,10,1.46041178772806e-06,0.219414408941805,4.07141896498066e-05,1.08055034217313
TRPV6,10,0.000166433472026867,0.216884832472679,9.29021636347331e-06,-3.70619442568108
PSTPIP1,10,7.77132577527908e-05,0.244848156182213,8.8695768617009e-05,1.4345802332591
PIK3C2G,10,2.66718634486239e-05,0.218935628561038,1.12883491175207e-05,-4.32951478665987
CLEC5A,10,0.000158207951911768,0.239490783715688,4.443903726513e-05,2.01011129364248
ACSL6,10,0.000748807230216019,0.233816675297773,1.19350158687166e-05,-1.93643335478476
CCL14,10,8.28899845514623e-08,0.238541804253071,0.000114279903260211,-1.11365830943685
FUT3,10,0.00095967375878604,0.188419405320814,4.4561298903308e-07,-2.75019105314042
KCNJ4,10,6.52724631775063e-05,0.212921480782834,3.58529393752857e-05,1.43045214708798
NR4A3,10,7.32377012742594e-05,0.233695652173913,0.00014444100457576,-1.4694065854488
KCNK5,10,0.000978740464075379,0.204090857724037,2.80945410096287e-05,-1.71171811823897
CA9,10,0.000384860322100377,0.234819919386296,9.66076468996081e-05,5.36572667358157
CNTN1,10,5.35750369747723e-05,0.229654120040692,3.00755804625722e-05,-3.38039605612617
ABCB1,10,0.000807807065257348,0.232522209347238,2.11082779101094e-05,-1.93010166146512
TNFAIP3,10,3.49403997674737e-05,0.23990435706695,0.000305866694279482,1.12222224370143
PDE1A,10,1.29069604759719e-05,0.218326885880077,0.000109259272671007,-1.51665376608512
BMP5,10,1.53950077705265e-05,0.211129296235679,1.72789613240799e-05,-1.89388843131314
MLXIPL,10,0.000104249731588236,0.24306864064603,0.000263048992539412,-1.86133389220655
GALNT3,10,0.000863853011105987,0.2341501361338,4.40967470030203e-05,-1.08361288517089
GREM2,10,4.03563196489749e-05,0.216209745001796,0.000105563398106974,-2.28638395164601
WNK3,10,4.87615459040014e-05,0.205601092896175,5.61508276918555e-06,-1.19725463667291
MTTP,10,1.56889839454498e-05,0.248111004258827,0.000119795402727076,-3.04176006142073
PODXL,10,0.000133013853844144,0.247227926078029,5.60302527836644e-05,-1.43382159228254
OGDHL,10,0.000216183150376824,0.239808790333289,1.2864646768567e-05,-1.97905661546281
KLHL3,10,0.00024732382396294,0.204298642533937,0.000260581664040506,-1.60001940971117
CLDN10,10,0,0.229216905698693,4.11651044506602e-05,-2.06797999389756
NOS1AP,10,0.00247609308717861,0.209829208783548,1.03845743425963e-05,-1.51038765631742
NRG3,10,0,0.269995515024667,0.00131696576336202,1.2842619830256
GDPD3,10,0.000688955769203303,0.22078239608802,7.36375034283516e-05,-1.06814642909171
TREML1,10,2.7144121302985e-05,0.247465058920252,5.18669055198901e-05,1.99675732789167
ANGPTL3,10,7.49498421607055e-05,0.24205870526739,3.87762010190887e-05,-1.9967001243511
MS4A4A,10,4.34753918315154e-06,0.230005094243505,3.50547279788786e-05,1.44537266940254
LILRB3,10,1.93513591376284e-05,0.235524256651017,4.34117842636445e-05,1.25930828442009
KCNE1,10,9.729153539202e-06,0.213374291115312,4.0874830163869e-05,-2.80079651539119
AVPR1A,10,9.48203989262322e-05,0.234728359760853,3.2798607421014e-05,-1.06897867030815
DNER,10,0.000228789054444659,0.193237748769527,1.23270615152589e-06,-2.36389558972561
KCNMA1,10,0.000156160184499113,0.194486323497739,7.64896666180932e-07,1.54123247449619
NLRP9,10,0,0.225130890052356,2.80523090654392e-05,-1.22310931429809
SLC28A2,10,0.00113776408765617,0.214387464387464,5.69447288110979e-06,-2.1769703538301
H2BC15,10,9.59441729172964e-05,0.246687610982106,0.00874455183792993,1.04214411852159
CLDN14,10,5.31822531884755e-08,0.229216905698693,4.11991826706869e-05,-2.07403486791529
TBL1Y,10,0.000145879984640778,0.193589881016186,5.97724088627786e-06,-4.04530089533363
AMH,10,0.000221645586265007,0.232701971395439,4.04223702644478e-05,1.09317940887055
KIF1A,10,0.000135112216043343,0.234850455136541,0.017036893679566,-2.23003899906664
ADA,10,0.00011917735537216,0.225524475524476,1.90337902523488e-05,1.39556284035707
GABRA2,10,0.00110584416916906,0.197312356604392,3.09999278883548e-07,-4.59661038236779
PTGER3,10,0.000512947513966129,0.252234636871508,0.000131403745154617,-1.74063394325992
MOGAT2,10,8.66785219297613e-06,0.229537366548043,1.27003478204583e-05,-3.7195001617076
C2,10,4.00421944277447e-06,0.229624920534011,2.40290534546787e-05,1.21339752557002
AQP9,10,0.000394214975956727,0.222167548283922,4.68112786461891e-06,1.25615110461776
ADD2,10,0.0019277731013038,0.268550185873606,0.000471209247048578,1.83287934911185
CACNA1B,10,0.000123367123798681,0.220593624038109,3.87362528956761e-05,2.66708915571681
SLC6A4,10,0.000617226737137658,0.218063269741608,4.94908209061147e-06,-1.58541052304905
TRIM63,10,0.000855681365479394,0.207324073011135,8.50349252173427e-06,-2.588606349458
SLC51A,10,0.000251928943720508,0.192928105971584,1.75392972754785e-06,-1.13490393308778
NTN1,10,6.2864188628052e-05,0.203195319531953,4.10328519242599e-06,-1.05575960709911
SLC10A2,10,0.00138714554778551,0.229042485732403,1.02542025484333e-05,-1.57850450174893
LILRA4,10,2.56943314371948e-05,0.255626326963907,0.000118829438651284,2.05858858877157
IGF2BP1,10,0.000526936476409226,0.263842220598977,0.00297835984665176,-1.23851638988034
TP73,8,0.000170925274440056,0.257118451025057,0.00587506184568106,1.05910933854814
NTRK3,8,1.05932437089007e-06,0.229100596219713,5.0975890521047e-05,-1.83664160964923
TGFBR3,8,0.000576222896100787,0.261095850802371,0.000164721102463438,-1.61134980116604
SOD3,8,0.000351296727958561,0.221133831272193,1.5223627244072e-05,-1.53411156818022
INHBA,8,0.000157840107222321,0.250173154176479,0.000133584546606069,1.32643567179974
WDR62,8,0.000147462506959426,0.229479034307497,0.0167421381453363,1.32539734842781
SAT2,8,0.000307906206825217,0.210293432696786,4.61082993903839e-05,-1.43998711775915
ACY1,8,6.96457890024395e-05,0.194214431659318,1.23575169474744e-06,-2.49749543827382
DHRS11,8,2.97100298145025e-06,0.196603527106466,9.00221100677973e-06,-1.36207182858623
HPD,8,0.000154484259091034,0.213576158940397,1.53962625995866e-05,-5.32237180624725
SLC1A3,8,0.000294822631596855,0.2015625,4.00239057226663e-06,2.48561202092048
HSPA2,8,0.000782246498121058,0.252976607367979,7.26844342270199e-05,-2.61662318076665
DISC1,8,0.000495231543052663,0.233032258064516,6.31829295231829e-05,1.49642746839399
GPD1,8,3.50169064804252e-05,0.198200175592625,2.03295812168465e-06,-3.00430831407479
KCNJ12,8,0,0.207395498392283,3.51572573883101e-05,-1.83142496859413
PLD4,8,0.000217854687286462,0.213323883770376,3.15319969416967e-06,2.45417527948891
CD84,8,1.79680116112188e-07,0.241057127602776,0.000105852752967737,2.45381544437032
RAMP1,8,0.000501491946743815,0.207633938836514,6.15708883581906e-06,-1.17145037339015
BBC3,8,0.000516585273471743,0.225665375484193,0.00304834016074166,1.59802502724376
P4HA1,8,0.000126436688275147,0.235309446254072,4.65599767620068e-05,1.29474007288241
TRIB3,8,0.000501640599031441,0.241929002009377,0.000172818999307494,2.81020999696379
TNNC1,8,0,0.194591100096972,1.33294604874769e-05,-3.34639607000422
TRIM22,8,0.000141822217000607,0.231034923883843,4.52928730230562e-05,1.33952445098058
CORO1A,8,2.21843919328441e-05,0.252552090616697,0.000102827138861161,1.82292764897628
PDK1,8,0,0.243922204213938,0.000609646368033617,1.85938857482168
HOGA1,8,0,0.212821117134103,8.62647850172295e-06,-1.98847260991091
PANK1,8,0.000959407847520098,0.209804832713755,6.90554434720572e-05,-1.28697658721835
FLRT2,8,0.00205798578973314,0.259445481970981,0.000405297035623507,-1.30966563051393
IYD,8,0.000427662579340984,0.21925458297924,1.79582734021219e-05,-3.94594501119904
PRPH2,8,0,0.195348837209302,8.75296143644586e-07,-1.43612169698089
CAT,8,0.000111254045047032,0.192373242437154,4.33961838615653e-07,-1.04984720421379
HOXB6,8,4.83062653230387e-06,0.162045760430686,1.40456700093987e-07,-1.45810575680814
ESPN,8,0.000442704522251763,0.192989955118615,6.79160351612406e-07,-1.95488022559015
SLC6A19,8,0.00143911177128015,0.226713532513181,1.05485133803189e-05,-4.73734495215316
CGN,8,0.000151978617313769,0.239936229573535,0.0122960119916369,-2.22475494271179
ACOX2,8,6.64778164855944e-08,0.200488454706927,5.21100662416307e-07,-2.09202383299348
MSX1,8,0.00291564071955917,0.231925003210479,6.74849532563864e-05,1.11431149001283
PIGR,8,0.000963846204810777,0.228491902834008,2.02979747391135e-05,-2.76621193864537
GBP2,8,6.57248721743012e-07,0.20196823976739,1.43053454715589e-05,1.68715454077154
ATP1B2,8,0,0.214082503556188,2.80376678031937e-06,-1.22890011628692
ASPDH,8,0,0.207968678028558,2.45608228729813e-06,-2.65715343532983
CNGA1,8,0,0.195348837209302,8.75296143637688e-07,-2.09250222664349
IGFBP2,8,3.44733658871156e-05,0.269592476489028,0.0011738048167543,-2.09027551362929
RTN4R,8,0.000612229318131193,0.238321456848773,2.99212017814349e-05,1.17769834848344
CHDH,8,0.000271194707205164,0.197269251774986,8.20846232839377e-07,-1.64746561743825
CIDEC,8,0.000486473682937434,0.256825938566553,8.27622870195307e-05,-3.10624358972935
LGALS1,8,2.9118847324383e-05,0.27141568981064,0.00055457621671447,1.32916547680685
IL13RA2,8,1.0469215850389e-06,0.27031881454872,0.0012904179745473,-1.23207477114364
RGS19,8,0.000355021638000151,0.230680802145868,1.00949691142678e-05,1.45549758616522
ATP1A2,8,0,0.214082503556188,2.80376678032354e-06,-1.4576870182351
UBASH3B,8,0.00112220515457123,0.273181061866586,0.00113155773070321,1.05263284065809
DPT,8,1.52498072294553e-05,0.238857294008729,0.000138417123252813,-1.84282212880185
LYZ,8,0.000155931529494779,0.252905755496429,6.08068367443514e-05,2.09055671372732
SASH3,8,0.000882338284361135,0.213399503722084,8.52397972467942e-06,1.80430784497886
CD300A,8,0,0.228260869565217,2.07515482933288e-05,2.17083571988968
SHBG,8,0.000153401216591892,0.264112313541971,0.000158001560790013,-2.30018820332504
GDA,8,8.41243776626522e-05,0.217015140591204,7.94345218972605e-06,-1.56078315483634
EMCN,8,0.000500506755432072,0.231330856923274,4.5316146397148e-05,-1.64285983216867
PDE7B,8,1.87430497068248e-05,0.216028708133971,8.78212367925852e-05,-1.03619444822988
NTSR1,8,9.38183080780708e-05,0.239046988749173,6.77012745076089e-05,-1.26966733815958
ABCG1,8,2.89284568999459e-05,0.250554938956715,6.91590513754157e-05,1.25314929003042
KCNE4,8,7.62032375951077e-05,0.212645708230307,3.32349060775241e-05,1.39039453606
IGF2BP3,8,7.71953419410791e-05,0.246856205576818,0.0149767846769711,2.22642409027515
SCO2,8,0.000255951291137895,0.246116107931316,0.00013717579420673,1.03084775671527
KCNA3,8,0.00117352066685656,0.250589704454003,0.000111980536740432,1.34260375644053
SOCS2,8,1.64353926946866e-05,0.233846950666839,4.50110422847406e-05,-1.14820293764536
RET,8,4.77926907715607e-05,0.267397098015991,0.00428735015451001,-1.0329650733467
CYFIP2,8,1.29660686256202e-05,0.229887983706721,0.000246276434206069,-1.34475147802203
SLC4A4,8,0.000100625159255376,0.193506910961106,2.0405883145615e-07,-1.52993672685455
MAGI2,8,0.000306136260396272,0.218221362977284,4.1556349762287e-06,-1.53115746951278
BCL2A1,8,6.67401489441832e-05,0.203355477986713,5.83703838739374e-05,1.60071562017747
COL8A2,8,0.00048001818252889,0.217354675652906,2.64399909115299e-05,1.41258847943327
UBASH3A,8,5.52724751264801e-05,0.273968446601942,0.0011432124539943,1.65020523280699
GPNMB,8,0.000834797114090868,0.277632590315142,0.00173662673696789,1.90332250082802
RGN,8,8.32987202963681e-05,0.188931896641908,5.01815150044941e-07,-2.26358516201895
TSPAN8,8,0.000115927014267255,0.247872632445786,0.000412080970533307,-3.01063074975787
NNMT,8,0.00134016861050409,0.281879194630873,0.00116127427143945,2.77590619043151
FUT6,8,0.00239453094981111,0.231954790649884,2.53732039765835e-05,-2.99050986715126
PYCR1,8,0.000106393325209441,0.21904184354154,6.04121744772841e-06,1.62312071791903
HOXB9,8,6.09057934986301e-05,0.171624061579398,2.33671012842009e-07,-2.01234692039173
NLGN1,8,0.00058715151786157,0.199602122015915,1.63419873141807e-06,1.37384330786239
SLC16A9,8,2.08297158321529e-07,0.176798825256975,5.63367045316879e-08,-2.58990364334178
SCN7A,8,0,0.220971491496391,0.000295272852806923,-3.16262244754594
FAAH,8,0.000419915654325425,0.221269296740995,1.56629307605208e-05,-1.01211181676472
SLC22A1,8,0.000416488308142939,0.196603527106466,4.56698919191209e-07,-1.36537509600924
PMCH,8,0.00100138990331561,0.24186420249096,3.56519715094039e-05,1.24851067017364
ABCC8,8,8.86683397881388e-05,0.226741996233522,0.000282791613870171,-2.15376443116391
CDH13,8,0.000755061193931101,0.227599243856333,0.00233532762098056,1.18772511460067
SIX1,8,0.00104553957774434,0.188773910316714,1.15273154970119e-06,2.25334952932345
SIGLEC9,8,0.000197978971025415,0.254545454545455,0.000104472836286561,1.53313154052122
BDKRB1,8,4.18663833262222e-06,0.228145528044467,1.74128882608809e-05,-1.56900040736812
KIRREL2,8,0.000243044090072722,0.245647442872688,4.14229749796918e-05,-3.13220600593155
SLC29A4,8,0.000149355981167655,0.181708421370359,1.06163978161844e-07,1.4242630292119
UNC5D,8,0.000593611522606612,0.211401147138008,8.69530881809813e-06,-2.19228186515409
BDH1,8,1.57533647165609e-05,0.196582126918472,4.22854036059963e-07,-1.67811839070995
ISG20,8,0,0.218591140159768,3.77082063169879e-05,1.32837628713597
GRB7,8,0.00020576783588205,0.267080745341615,0.00118373413684416,-1.09428700375439
CSPG4,8,1.79586038519309e-05,0.233846950666839,0.00012236503378384,1.42286454700831
HOXB8,8,0.000334549321288302,0.191699394968687,3.98911936930115e-06,-1.56950020339386
OSMR,8,2.24851603727096e-06,0.251182197496523,0.000221475262563765,1.28687672959338
CNTFR,8,1.97355275634719e-05,0.256206554121152,0.000218552563184202,-2.13526498085568
CLEC4E,8,1.28352774366925e-05,0.256752914415695,9.96389828076859e-05,1.26280762759677
FOXA2,8,0.0019924537884614,0.266018559434379,0.000227211318927015,2.22563136348518
OMD,8,0,0.232372619660319,5.20873401712976e-05,-1.38650076145148
LY9,8,0,0.23460639127046,7.33564981327901e-05,1.35448787388724
SLC26A6,8,0.000125630040564356,0.207252696809731,6.77805833250895e-07,-1.37707444937895
CARD16,8,8.32678918084946e-06,0.222194881889764,1.33540071983262e-05,1.1131758284839
CPA3,8,0.000342809204153461,0.211648892534865,7.8397818929609e-06,1.4428093145641
ITGAD,8,0,0.272069900572462,0.000554085739572351,2.77265611676828
KLF15,8,0.000165116558333839,0.184738134206219,3.0015394785853e-07,-1.70437463560028
E2F7,8,9.71776350096974e-07,0.230592441266599,0.0311795402988971,2.11481319259491
PLP1,8,0.000580137180182429,0.211203368027131,1.3379304578652e-05,-1.9137842753689
TMPRSS2,8,6.74413442536868e-05,0.244947782449478,3.20679986336498e-05,-3.40854402359378
DBH,8,2.20595947410345e-05,0.214006398862424,9.56693922516717e-06,-1.39575968684499
TPSAB1,8,0.000237214059289549,0.203745487364621,1.76883522751344e-06,1.51917104782051
DOK2,8,6.07810274324271e-05,0.245180559326636,7.0886247880087e-05,1.23088497503916
RAB25,8,0.00134552228028141,0.208040548323926,6.44519524724238e-06,-2.87062321573306
ADM,8,0.000450263998255775,0.238888888888889,3.27716226104404e-05,1.28338704491803
RENBP,8,0.000113255591772393,0.237881981032666,2.82455875338132e-05,-1.01018961879154
CAPN3,8,0.00023232903700609,0.177076183939602,1.84975337688875e-07,-1.07034686375325
PNMA2,8,0,0.186743873436046,9.7937889489032e-07,1.56320830824246
SSTR1,8,0.000340523612040621,0.214057129311367,4.31052377028348e-06,-1.25016609874361
WNT9B,8,0.000274152211696858,0.200443951165372,1.8501188319564e-06,-2.48525442750793
GABRQ,8,2.71351754187807e-05,0.170184696569921,1.30371376314258e-08,2.73418999139483
APLN,8,0,0.245380434782609,3.50016582954886e-05,1.68882033301415
PAK6,8,0.000373975844053786,0.225947704241211,0.000227116287561459,-2.24461591556528
MCAM,8,0.000216480564155293,0.269713261648746,0.000499824346578826,1.14711036380578
HAPLN1,8,0.00048286644615097,0.226884422110553,4.28050916344621e-05,3.58354868706327
TRPM5,8,0.00055256238729117,0.219761499148211,7.58040977304685e-06,-2.10360451283312
ACOT1,8,8.56489304517005e-05,0.23666622985192,4.32400985099868e-05,-1.01048779512315
SLIT2,8,0.00056743737983313,0.249172185430464,0.000196450418758466,-1.69887416474233
FABP5,8,0.000370799457867938,0.253260412284392,6.00704777637449e-05,1.23987249236356
KCNK3,8,0.000419206756014905,0.17938021454112,6.34506681094166e-07,2.1937080025124
LILRA2,8,1.1001116117524e-05,0.241637677281242,5.49423222275618e-05,1.41537103111467
WNT10B,8,0.000274152211696858,0.200443951165372,1.85011883195697e-06,1.03002006276003
UCHL1,8,0.000275088515737824,0.273015873015873,0.00343959851458877,-1.53353747931099
NGEF,8,0.000129875556959324,0.231094049904031,0.000247944176627112,-1.11513085816289
TLR10,8,6.88030533172445e-05,0.25031185031185,7.64891344889546e-05,1.43316214450372
P2RX6,8,4.75382483082222e-05,0.211252778102702,7.00302383889342e-06,-1.19600975871079
SOX11,8,0,0.20494779845665,0.0030287203257638,2.96431515653838
UNC5A,8,0.000312827128002687,0.2064,1.38162749000478e-05,2.3043368855969
SULT1B1,8,0.000959673758786041,0.220890410958904,1.75233541870262e-05,-1.08543205714685
ANGPTL4,8,0.000225034156892973,0.239205298013245,2.1008278854456e-05,2.53815997623002
ROBO2,8,9.43460429406741e-05,0.218432510885341,1.59809059785626e-05,-1.24992992066174
INS-IGF2,8,9.84125465233379e-05,0.253794266441821,0.000105691815572065,-1.4508682167533
PCARE,8,0,0.195348837209302,8.75296143646708e-07,-3.48498132377797
NME8,8,0.000960627542714856,0.207681692732291,4.10874372536515e-06,1.41130959997053
ALPL,8,0.000521928828521742,0.246519246519247,0.000163908965100493,-1.09200201167116
GPR55,8,0.000283339416175905,0.249654409731822,3.69259888819086e-05,1.73348781083923
CDH9,8,0.000156242319015787,0.189985272459499,4.20468348261872e-05,-3.19294110320293
CPE,8,0.00143831403748232,0.173553719008264,1.76248335620012e-07,1.11321972656972
DNMT3L,8,0.000492053674529914,0.233303190802222,0.00543864096975615,-3.11157203176811
MCF2,8,7.89615675442316e-05,0.218803004603828,1.19242302527402e-05,-1.0361465334444
DHRS9,8,0.000479969835025992,0.202989771833202,1.03298331624371e-05,1.41992191801312
KCNC1,8,0.000959673758786041,0.15749542164472,1.69132258209576e-08,1.03727050385522
ZIC4,8,0,0.186743873436046,9.79378894896043e-07,1.33843321667766
ATP1A3,8,0,0.214082503556188,2.80376678031672e-06,2.25108354046547
FFAR4,8,0.000108062292380635,0.260043196544276,8.34522812119934e-05,2.59157552267642
CA4,6,0.000483920555976881,0.185192780968007,1.91738762498465e-07,-1.73013190569145
MFAP4,6,8.69967269419705e-07,0.221486387049301,3.65749060486381e-05,-1.69005857659415
CHGB,6,0,0.147923662871652,3.09355302482406e-09,-3.445861494916
RGS1,6,0.000479969835025992,0.226798945121185,8.6981691291551e-06,2.61381164444911
PTH1R,6,0.000115616454570632,0.2358934169279,3.00316040792376e-05,-3.773675978571
BTN3A2,6,0.000959407847520099,0.196689174471793,4.67543402761107e-06,1.5740153477582
CEP170,6,4.52550367644597e-06,0.221894581643937,0.0293852731937408,1.08427045982378
SFRP1,6,9.618789841382e-05,0.197766097240473,3.06863762329603e-06,-5.02733102724844
PKNOX2,6,0.000479969835025991,0.200889877641824,4.29497441381251e-06,-1.92906151511105
TST,6,0.000128158751927204,0.225130890052356,7.00695482946433e-05,-1.5916555171674
FECH,6,0.00033124473720542,0.216209745001796,2.92625381150213e-06,-1.12495770150361
NPY5R,6,7.24935760589447e-06,0.178617347443379,1.52127634152686e-07,-2.03223999958875
RAP2B,6,0,0.217958001448226,2.73738494997502e-05,1.17806952323538
AQP7,6,1.81377211693279e-05,0.196006077707836,3.0551456215947e-07,-2.26509301822853
RGS10,6,1.75497592659566e-05,0.226884422110553,8.89786693654458e-06,1.27548540587858
XPNPEP2,6,0,0.243593202050175,7.43811157177539e-05,-5.55457535768461
FREM2,6,0,0.221513553293266,2.47859944272047e-05,-1.95899322055692
CSF2RA,6,2.09459149663068e-06,0.239078633836378,4.7081064030031e-05,1.57016994828307
BDH2,6,1.9012753314378e-06,0.18783151326053,1.85923270913398e-07,-1.21326871625898
MYOF,6,0.000655623812262602,0.194591100096972,6.97801764011465e-07,1.21428492583767
HFM1,6,0.000479969835025992,0.211599297012302,0.0131907841963176,-1.67630584145285
PGM5,6,0.000479969835025991,0.188517745302714,3.06005906900472e-06,-1.23696083370382
GAS1,6,0.000959673758786041,0.173837712965637,6.53885181119624e-08,-2.05701997521253
LAIR1,6,4.50679725962489e-06,0.247295631932083,0.000110757483379588,2.00836009319135
PARP14,6,1.20933275605379e-05,0.216936936936937,3.18871575487757e-05,1.04986501574893
TRPM3,6,1.78429495618373e-05,0.206329258539929,2.1733755838031e-06,-2.14116400503596
AGMAT,6,0.000479969835025992,0.181252509032517,9.3221329165538e-07,-3.41806323469863
SH3PXD2B,6,7.52893019181012e-06,0.237944664031621,6.48041689110327e-05,1.37562432265459
MYOZ1,6,6.83056847561242e-06,0.17523772559674,4.65495434007909e-07,-1.97591055783826
NPC1L1,6,0,0.245881552076242,3.61953261067948e-05,-1.60949148151785
MEIS2,6,2.20125914111946e-05,0.200867534200868,4.361381965126e-06,-1.05411299795368
SPTB,6,0,0.220485899157612,1.49688242447926e-05,-1.24551984376135
CD180,6,6.80632180576711e-06,0.249585406301824,7.4889522380935e-05,2.15570378745501
MARCKS,6,9.05392029221921e-05,0.215925394548063,1.33934194628059e-05,1.21882322329338
EGLN3,6,0.000233089324583236,0.232582099162911,0.000450767987747176,3.35185383670047
PALS1,6,0.000959407847520098,0.227284168134911,3.43330611991346e-05,-1.02732645545228
BCL2L10,6,4.50836534175228e-05,0.199491881144372,7.54165844398622e-06,-1.71014853895016
PHYH,6,0.000479969835025992,0.198483349818661,3.08617994965429e-07,-1.27742448185718
TOX3,6,4.95901547455648e-06,0.232582099162911,0.00895663965839307,-1.93716704731456
SEMA6D,6,0.000215124966672658,0.23297213622291,2.63641305529396e-05,-2.11595441689771
LOXL2,6,0,0.260794223826715,0.000488577833216885,2.33108602163374
IL1RL1,6,0.00178163698640381,0.234423676012461,4.42811683180361e-05,-3.03341942056499
ARHGDIB,6,3.00245362589434e-05,0.227972734158041,0.000229997982593444,1.13952633721602
IL17RB,6,0.000525804057868315,0.195814810799089,7.65013688643813e-07,-1.43600402204453
MS4A7,6,1.09545853091432e-05,0.240415335463259,5.99322715823528e-05,1.90889756748869
CAV2,6,0.000362049228748761,0.27052127022169,0.00111424822393386,1.60948292239383
SCD5,6,3.44215842208931e-05,0.263880771478667,0.000182525859495313,-1.83855828214475
EMB,6,0.000188629000913797,0.260831889081456,0.000414091422125548,1.38603273745875
MARCHF1,6,0,0.244384303112314,7.3671514869456e-05,1.25036474430784
MYO7B,6,0,1,0,-1.86819392591555
MMP16,6,0.000139447162522963,0.238952103731146,7.0859344319296e-05,1.95662128053325
HSF4,6,7.97733797827133e-07,1,0,1.98162344161975
GPAT3,6,1.81333945347793e-05,0.193072482360487,3.5877334790281e-07,-2.52457993962104
TNFRSF6B,6,2.68754712100872e-06,0.227112676056338,3.18713385496043e-05,1.29394406568325
DGKD,6,0,0.225919439579685,1.19358160875813e-05,1.0633500913506
NPNT,6,0,0.221513553293266,2.47859944272053e-05,-1.84084466857397
MAP4K1,6,5.33279809097199e-06,0.270440251572327,0.00111717448525625,1.44328106402328
SELENBP1,6,3.19747438606153e-06,0.193155080213904,2.54903419125377e-06,-1.59309656095627
CALB1,6,9.64004515900605e-05,0.221242190371187,2.45207989476827e-05,-6.23136820597236
WLS,6,9.24403872104331e-05,0.207825086306099,2.85591639539279e-06,-1.12893816945273
CTSH,6,1.13698451646244e-05,0.218406095053815,1.88867598677603e-05,-1.13439293705958
GPC2,6,3.93497985974618e-05,0.214260291849567,9.50412557292919e-06,1.08722005463499
P2RY13,6,9.98898178777926e-05,0.221703903756445,6.18003699797687e-06,1.54705578487444
PTGER1,6,0.000174071924057664,0.248452331820058,0.000126281196330028,-4.3438786182754
PTHLH,6,0.000158343559326879,0.238730998017184,6.85512968491473e-05,3.05725069568221
GRIK3,6,3.52900399277579e-05,0.200132978723404,8.66114884358214e-06,3.64654497222254
CDHR1,6,6.44917929353511e-05,0.229246001523229,3.8925221166043e-05,2.31095898470416
SH2D2A,6,7.78042229908729e-05,0.243856332703214,0.000600057698297692,1.83978402528209
QDPR,6,0,0.209027777777778,2.3578595089235e-05,-1.10378284531674
DIO1,6,0,0.219681303977618,1.52162685642221e-05,-4.03904783597044
MARVELD3,6,0,0.227742749054224,6.52624300511561e-05,-1.73192899835959
PCSK1N,6,0,0.147923662871652,3.0935530165571e-09,-2.25895320570757
GFI1,6,0,0.235340109460516,0.000104186574458952,1.6649686552187
SEMA5A,6,0.00056595306316125,0.199425795053004,5.43163673361118e-06,-1.19118536978023
JAG2,6,0.000352110817169855,0.250207813798836,0.000161810121131192,1.02985000543083
LAMB4,6,5.3376496647898e-06,0.262958648806057,0.000423966268313833,-2.5755979560952
CD72,6,0.000112146829134549,0.239268680445151,9.42639738827551e-05,1.42510818293553
TLE2,6,0.000959673758786041,0.18398533007335,5.88683400419341e-07,-1.0608876059991
GABARAPL1,6,0.0011103609083858,0.225074775672981,8.41805208743215e-06,-1.25556855567754
GRIK5,6,2.88070538104242e-07,0.186300804621415,3.22717010577326e-06,-2.3248214106823
COL23A1,6,1.88488864290606e-06,0.195539194456475,5.91716986278888e-06,3.07487292202719
TREH,6,3.68559827990958e-05,0.193217074997325,8.70700127030996e-07,-1.29624152577585
DOC2A,6,0.0006615996937848,0.215513126491647,1.92940450308922e-05,1.74587552562252
FABP6,6,0,0.186435428925364,2.33362936435562e-07,5.22991304517716
ALDH8A1,6,7.55240853857455e-05,0.195729923051913,1.06234084289664e-06,-1.71921457301675
FLRT3,6,0.000482955514783193,0.176229508196721,2.66887120668034e-07,-1.36803401274549
PACRG,6,0.00191668840491266,0.213955692453501,9.25211379422084e-06,-2.05549348798914
COL26A1,6,5.48107996175905e-06,0.208112468310671,1.08035144473673e-05,-3.58372382992689
LIPA,6,0.000480589555348713,0.211822660098522,4.25661473153305e-06,1.07733345617258
AXL,6,1.91617765812349e-06,0.27338782924614,0.00115592580508019,1.27447185673269
MEST,6,0.00091146565023995,0.23378640776699,6.16476243450271e-05,-1.06154919725924
FREM1,6,0,0.221513553293266,2.47859944272012e-05,-3.06988083945085
ARHGAP9,6,0.000555975753121186,0.22895537525355,0.000231760346917659,1.50187988033963
DLL4,6,0.000138630742269312,0.219015280135823,1.87212134068606e-05,1.41567231340499
CLEC12A,6,0.000486589177656241,0.227027027027027,1.91414457410119e-05,1.669053785443
PAX9,6,0.000479969835025992,0.188340807174888,1.16441482624595e-06,1.95005396292967
SLA2,6,5.19113830479011e-06,0.271660649819495,0.00141609258475663,1.03097175429482
IGFALS,6,0,0.240031897926635,0.000119041705833164,-1.09124415356534
SIT1,6,0,0.242123609062877,0.000111034207418622,2.06072193624681
RGS6,6,2.21121368859644e-05,0.229275104735305,9.93088510912991e-06,-1.71477455784591
FUT7,6,0,0.236945683547625,6.91963593842309e-05,1.24582215049638
RGS18,6,2.21121368859644e-05,0.229275104735305,9.93088510913489e-06,1.41543608478668
GLYATL1,6,0.000157808705358756,0.207181369737295,0.00256897363871165,-2.67536286361316
HSPA6,6,0.000700305174560646,0.24900041362195,6.39380507465258e-05,1.28262856047194
NAGS,6,0.00011331793989358,0.231005372217959,1.04494421595011e-05,-1.12580089790358
MDK,6,1.07784010768862e-05,0.201923076923077,2.9323610358818e-06,1.49127995026897
COL9A2,6,0.000135867542022331,0.264499121265378,0.000407840468573922,-1.64707487930149
NRARP,6,4.59302321227023e-05,0.199624184812645,1.7715249437493e-06,1.05837271569543
ASB9,6,0.000479969835025992,0.16736169029747,1.54086899171474e-08,-1.30335979861222
SLC22A13,6,0.000126330135724251,0.191070672873466,1.8185577891031e-07,-3.60231921966185
PPP1R3C,6,5.31822531884755e-07,0.174983044278655,1.25405745245721e-06,1.37285651716435
ABO,6,0,0.188380098049442,4.45360999899596e-07,-1.42498445298304
FUT5,6,0,0.188380098049442,4.45360999899004e-07,-2.10782289845133
ATP6V0D2,6,0,0.19147582697201,4.73878228521839e-06,-4.01106367240228
PLCH2,6,0.000479969835025992,0.226230740323187,2.65139981392783e-05,-1.39611922167193
ESRP1,6,0.0027769537790797,0.262271275050828,0.000375574817944562,-3.21034471662026
SCN3A,6,0,0.200867534200868,1.16165741520753e-05,-2.39920475030863
CDHR2,6,0,1,0,-1.70522453290044
AQP3,6,1.81377211693279e-05,0.196006077707836,3.05514562161455e-07,-1.86623526805387
ACMSD,6,5.33927729223915e-05,0.196091205211726,2.05576819971001e-06,-1.38988886036494
GJA3,6,0.000479969835025992,0.220809389900966,0.000363303815292683,-2.87958972894355
SLC5A12,6,2.08297158321529e-07,0.170570457121269,3.06775839780566e-08,-3.54374679873983
ANKS4B,6,0,1,0,-2.21673568956713
TRIM36,6,0.000253783167276909,0.232133676092545,0.0050068931654695,1.052311636777
FCRL3,6,5.93008330372323e-05,0.23460639127046,7.29488154557769e-05,1.81927222574872
FOXI1,6,3.69494264397575e-05,0.206470789985138,9.91653160780948e-07,-5.02756520978276
RAB11FIP3,6,3.81316897073657e-05,0.176023391812866,4.22604493209784e-06,-1.02141906209799
EPN3,6,0.00121426674396006,0.266410975070069,0.00107389843115823,-2.18609940171433
GABRP,6,5.31822531884755e-08,0.162016686103884,7.780487758891e-09,-1.5262250260185
CMBL,6,3.17734531581977e-05,0.182295346724538,1.48156476903131e-07,-1.02930547766967
DGKB,6,8.07800454963808e-05,0.23851030110935,3.46771434467319e-05,-1.93077844025356
TDRD9,6,0.000239851961880025,0.183443372270188,5.08908363077119e-05,-1.2360011093871
THSD7A,6,7.87814459536628e-05,0.188931896641908,3.75521160128567e-07,-1.0433696684009
GDF6,6,4.12755223447809e-06,0.202013422818792,9.9165539135273e-06,1.79806190829945
ALOXE3,6,0.000959407847520098,0.226004254786635,7.44739459639839e-05,2.15763636314073
RNF43,6,0.000959407847520099,0.224906600249066,0.00233290913901784,-1.18324459683796
RELN,6,0.000479969835025992,0.233152594887684,7.31192558199505e-05,-1.39651649029251
TYRP1,6,0.000499216085413519,0.237537814020781,0.0169913082519425,-4.22662316415589
KLK1,6,0.000153203209566813,0.22768532526475,1.6954947904239e-05,-4.01542674865031
KCNA4,6,0.000502672285161476,0.207825086306099,2.74991655761972e-06,-1.73347225377238
ADRB1,6,0.000122551496156166,0.242221030042918,3.29218088649111e-05,-1.64601751201654
COL21A1,6,7.65626584176334e-06,0.217119499879779,2.29862320804869e-05,1.14830376282838
MYO3A,6,0.000102800730509786,0.18216663304418,1.75846357670618e-07,1.87185863186877
SCG2,6,0,0.147923662871652,3.09355302212506e-09,1.77394759866462
HGD,6,4.47241877209296e-05,0.208834412580944,2.90713346629389e-06,-1.03254149799383
SLC38A3,6,6.11320949152995e-05,0.19058674546222,7.47072786668238e-07,-2.87713202985378
SIGLEC7,6,9.27888692492073e-06,0.213349084465446,8.80417608732081e-06,1.64203186679854
GABRB2,6,2.71351754187807e-05,0.164886332511641,1.04337094657643e-08,-2.08171089552782
HBB,6,0.00020257820042324,0.248315688161694,3.78130806924411e-05,-1.00796032729734
GPR37,6,0.000139305124785446,0.219788243884629,1.44657809118847e-05,1.02988076799403
CRIPTO,6,0.000507065376945719,0.247295631932083,0.000160691594599029,-2.8054323993395
CKMT1B,6,0.00143831403748232,0.200912226054066,8.93027729895291e-07,-1.56351539634077
CYSLTR2,6,7.81285994180898e-05,0.225862931465733,2.57483294306544e-05,1.57956519620686
ACVR1C,6,2.38092856582252e-06,0.204021690013556,7.2868525692118e-06,-1.04557614341695
ACOT4,6,0,0.217721518987342,3.47388338611921e-05,-1.00966056076362
PLCZ1,6,1.21422815651641e-05,0.218194998187749,1.15276372352719e-05,-2.6924740302847
A1CF,6,0.000959407847520098,0.210317922440899,1.30571472185311e-05,-2.09466323710043
CDH3,6,9.18686141519239e-05,0.222633136094675,4.38352450009616e-05,-1.98586890067708
NAT2,6,0.000106794429276016,0.244914564686737,0.00254290779755034,-1.39500201306509
NPAS4,6,0.000357147436278234,0.242286020928361,0.00021421410117142,-1.58991329747273
TDRD1,6,0.00143831403748232,0.224543080939948,0.00294855754113269,-2.28177461160405
GRM4,6,0.000479969835025992,0.203378378378378,1.09753975014736e-05,3.92539346415899
KCNMB2,6,0,0.1834620073141,5.50284457632043e-07,-1.58510753546234
GRPR,6,3.24446460604877e-05,0.231034923883843,1.82305081813968e-05,1.67396470639342
BIK,6,8.32155024514588e-06,0.186898478733313,5.28082956695086e-05,-1.02489646369424
KCNK9,6,0.000138070785816442,0.170489946190881,4.87480348360807e-07,3.76358472020639
CHIT1,6,2.67120390218358e-05,0.22094445803768,8.86487364938302e-06,2.08191667812207
DOCK3,6,0.000135509642262093,0.220620571707794,0.000228779726463213,-1.1595077603402
NELL1,6,0.000331080233388573,0.183760683760684,2.10855003603995e-07,-5.06523826415264
KCNN1,6,0,0.1834620073141,5.50284457632921e-07,1.93538216895001
ETNPPL,6,0.000959407847520098,0.17105512407653,3.77264160223234e-08,-1.97539132234142
OLIG1,6,0.000109039673435691,0.224766645924082,7.566186612486e-05,-1.77058418584201
ATP6V1G3,6,0,0.19147582697201,4.7387822852165e-06,-3.82385545227433
CDHR5,6,0,1,0,-1.78555468222592
CFAP45,6,0.000959407847520099,0.17634996582365,1.59640021057935e-07,-1.0761927862139
AVPR1B,6,0,0.21909498968822,5.63071643531334e-06,1.45613983793732
UNC13A,6,0.00050254958361985,0.192969334330591,5.93864679307365e-06,1.27633941795312
PIWIL1,6,0.000239851961880025,0.183443372270188,5.08908363077114e-05,-1.48846918639823
KCNJ13,6,0,0.203355477986713,2.80758327397637e-05,-1.33217438178937
RGS7,6,2.21121368859644e-05,0.229275104735305,9.93088510912982e-06,-2.47369597266813
TNMD,6,5.28455687542935e-05,0.240095719223611,8.81378523995524e-05,-1.65864031020446
SERPINA6,6,3.59510530825812e-05,0.262080975185024,0.000126890789136599,-1.295515371262
CPLX2,6,0.000369328819072104,0.215873774802773,0.0154811441515525,3.34856779952449
CDH8,6,1.20947397397337e-05,0.18942731277533,0.000137225442995105,1.98409715421001
NTN4,4,1.25523608017599e-06,0.173170965576757,3.5364647232065e-07,-1.35146619187786
CIP2A,4,0,0.260268050151319,0.0168855027559698,1.06252281482982
DLX5,4,0,0.234850455136541,0.000167629624291074,3.60837407160633
NPY1R,4,0.000185277142813593,0.211005958640028,4.05373711462069e-06,-1.55496972264779
SLC38A1,4,8.68106372300482e-05,0.206636155606407,4.46170649609394e-05,1.33124590840447
STC2,4,4.93932934475448e-05,0.208906882591093,2.47646687143706e-06,2.88652085827061
UCN3,4,0,0.178794178794179,1.68958632751044e-06,-4.04344103324372
PLXNC1,4,0,0.190005260389269,1.20934298923013e-06,1.33810709611902
FMO5,4,0,0.223238566131026,1.14847914715788e-05,-2.03977299470445
ZNF683,4,0,0.254473721290686,0.000135350758938899,2.11486633288299
HYKK,4,0.00143831403748232,0.206235011990408,2.22353026266154e-06,-2.02711526222488
EPM2A,4,0,0.174966091842666,1.22341297140314e-06,-1.24104593784886
LIMK1,4,2.98867465437483e-05,0.195475700833424,5.74812816280688e-06,1.10721208337497
ADAP1,4,4.84565290451428e-05,0.241057127602776,4.53874437267382e-05,-1.109063418636
CDO1,4,0,0.239332096474954,2.39022314422637e-05,-2.26790530951809
NETO2,4,3.95044602690605e-06,0.191780821917808,3.18858070571318e-06,2.9672189787229
CRHBP,4,0,0.178794178794179,1.68958632750904e-06,-3.70569350512952
ABHD14A-ACY1,4,0,0.193672922252011,1.17926909728901e-06,-2.42059271464402
TCF21,4,0.000435107142580729,0.213021939136589,2.56838470962493e-05,-3.68010999060483
PTGDS,4,0,0.244087038789026,0.000123883797687833,-2.75242644000138
SLC44A4,4,0,0.241702355460385,9.42625334082671e-05,-2.0722343518041
FAP,4,0.000291255163785726,0.261928934010152,0.000405118698518817,2.28851247521798
RASD1,4,0,0.204391127206881,5.49757291387978e-06,-2.11303618286788
FXYD5,4,2.65911265942378e-07,1,0,1.57874431611289
CHST5,4,0,0.220836390315481,1.75134449231692e-05,-1.21437398689726
SPAG4,4,0.000479969835025992,0.201900503074343,0.0113484914231328,2.55421479422867
IL20RB,4,0,0.229829473148384,4.92981834737543e-05,2.54558183899387
CGNL1,4,4.51350789785069e-05,0.239649681528662,0.0122650625380207,-2.07779933963072
IRF6,4,0,0.188321167883212,1.16408559441081e-06,-1.58721085620156
ASPHD1,4,0.000479969835025991,0.159554730983302,2.79710501735654e-08,1.78322868250517
PRKAR2B,4,6.09011441129804e-05,0.226372524442216,0.0143116584136449,-1.40994864177178
ANGPTL1,4,5.22108400206548e-06,0.230298393267024,2.5526058825267e-05,-2.17517091575123
BTG2,4,0.000314035939682105,0.199205823957644,5.66036674653075e-06,-1.12091387489899
IL9R,4,0,0.229624920534011,5.11265161577373e-05,1.40481471285842
ABCA12,4,0,0.1843797856049,1.28463636010165e-06,3.13653250759679
SLC22A7,4,0,0.152495144811281,6.55920557048953e-10,-4.47114873473146
EYA4,4,4.28645053746388e-05,0.178458498023715,4.55067183767022e-07,-2.61582376685793
ADAP2,4,0,0.175886248539151,1.52003650345046e-07,1.13147407974293
CRB2,4,0,0.185230769230769,5.92227230546567e-07,-1.95898028022447
S1PR5,4,0.00177314563056096,0.221106758080313,1.94575767304824e-05,1.8820475689332
SLC13A2,4,5.96918651850818e-06,0.189407446250655,3.93215527907733e-07,-5.75455546482238
OSCAR,4,0,0.233725896208101,3.47694635791604e-05,1.85853931521841
AGAP2,4,0.000144546638263729,0.194695989650712,5.10284550218527e-06,1.95815849313638
DACH1,4,0,0.158825081347287,1.98840122664733e-08,-2.28229990974748
DLEC1,4,2.65911265942378e-07,1,0,-1.57129273465114
GCAT,4,1.08905377523137e-05,0.194507269789984,1.01405794603954e-06,-1.17889738664112
BTN3A1,4,0,0.164391043145822,8.06487754407263e-08,1.37912064700082
ALAD,4,0,0.18500307314075,3.11693403517515e-07,-1.40421623301652
BIN2,4,7.24198183821401e-05,0.216702663786897,8.66772780321532e-06,1.54536616110579
FCHO1,4,0,0.212370649106303,1.91353202370911e-05,1.93255784586738
DEF6,4,2.58094482585786e-05,0.240063804333378,0.000286483045838959,1.5199463091592
PSORS1C1,4,0,0.215204957102002,1.2116840329578e-05,2.41580570784913
FMNL1,4,7.86906096495535e-06,0.203081075002811,3.34954483007812e-06,1.64424599757793
RAB11FIP4,4,0,0.172856049004594,1.80951949143866e-07,-1.17996847779877
EPB41L5,4,0,0.185230769230769,5.92227230542685e-07,-1.19817926666962
DEGS1,4,0.000479969835025992,0.157701711491443,6.29320357667148e-09,1.19726330732475
PPP1R13L,4,4.17922429040795e-06,0.232701971395439,0.0170565979275803,1.16172370217866
RPS6KA6,4,0,0.208955223880597,0.0185073567849534,-1.87719647303803
SERPINB9,4,6.79790709422661e-06,0.233695652173913,8.35561817877933e-05,1.10753446366822
FPR3,4,0,0.224152910512598,2.72926061167444e-05,2.15822605528002
ETNK2,4,0,0.146092865232163,6.50760713084199e-10,-2.15655210466333
ENAM,4,0,0.191232528589581,4.86009001060288e-07,-1.68958481696505
RIMKLA,4,0,0.175732217573222,1.09090420172014e-07,1.71635795959411
FLRT1,4,0.000384982338827043,0.258702191663086,0.000405030225243237,-2.48270249264892
BTN3A3,4,0,0.164391043145822,8.0648775442679e-08,1.16241772542304
RASAL3,4,8.60484880237411e-06,0.179737261146497,2.11241784212362e-07,1.62356792633535
SEMA3D,4,0,0.192311787882015,1.30374006798276e-06,-1.67211436955889
IL1RAP,4,0.000479969835025992,0.189965288734617,7.51090616497227e-07,1.08558318649383
PITPNM3,4,6.92767814273627e-06,0.205390651654725,8.0148679368384e-06,-1.18782445882527
HOXD4,4,0,0.160905203136137,7.00449214588823e-08,-1.09360707217408
PTPN13,4,4.17229036409715e-06,0.247634718222954,6.32235632436131e-05,-1.06349692427463
EVI2A,4,0,0.175886248539151,1.52003650347468e-07,1.63570369270811
PCYT2,4,0,0.146092865232163,6.50760712219438e-10,-1.20115648154765
RYR3,4,0.000189855794441049,0.248076923076923,8.65442421205563e-05,-1.05997819952963
DES,4,0,0.226174076393237,3.16575187709411e-05,-2.23585864481914
CDCA7L,4,0.000216973006665677,0.262080975185024,0.00258969167124965,1.89292439356227
MYO1G,4,7.71636408549597e-05,0.228491902834008,0.00763552906471237,1.9701082137765
TRIM9,4,0,0.219788243884629,1.36792595390386e-05,1.97802583084539
RNASE6,4,0.000479969835025991,0.206849158172031,2.1853261642352e-06,1.33291581304224
NHERF4,4,0.000479969835025992,0.193279109589041,2.02288248892015e-07,-2.66572388050973
ACP3,4,1.19179329900217e-06,0.215977038985889,6.64238052962489e-06,-3.66999047526328
ESM1,4,0,0.249654409731822,0.000117490488336809,2.51037310210192
RAB27B,4,2.65911265942378e-07,1,0,1.54842534172295
GP2,4,0,0.242741935483871,5.37405238960835e-05,-6.7732235532723
BICDL1,4,0.000106441995387665,0.180455635491607,0.000242595486896852,-1.53277581351804
GJC1,4,0,0.220755408874221,0.000363199351280852,1.89103775906496
TBX3,4,5.92014396184912e-06,0.236078431372549,6.60716183312714e-05,-1.50801107593778
TBC1D10C,4,8.51425894294529e-05,0.186589523711127,3.93353634968575e-06,1.2474077357164
SLC30A2,4,2.65911265942378e-07,1,0,-3.52076482858358
WDR72,4,0,0.191232528589581,4.86009001061322e-07,-2.09840102656791
ALOX5AP,4,3.16683855665456e-05,0.207586206896552,4.87289517396298e-06,1.11619320217615
ESRRG,4,2.41366236842372e-05,0.231895223420647,2.82729290121373e-05,-2.57787896381232
PKHD1,4,0.000479969835025992,0.214642262895175,2.96243705455052e-06,-1.41196359417692
SFRP2,4,6.64778164855944e-08,0.167021178211412,6.27448361841481e-08,1.46860275193965
DOK3,4,0,0.228318584070796,2.14627157161627e-05,1.45759303387821
KCNJ15,4,3.0322118108227e-05,0.1895664952241,6.65994986507077e-06,-1.72014216854639
APOBEC3F,4,0,0.210268948655257,1.30534543201904e-05,1.15890500601158
CELF2,4,0.000266325370367722,0.245647442872688,0.000103695064106226,1.15475655803087
SLC38A5,4,0,0.18695652173913,6.80336005146811e-07,1.44924597127219
ANO1,4,1.57882443802717e-05,0.228318584070796,0.000774402824237807,1.24939093124023
CARMIL2,4,8.12771190964577e-05,0.244483552186273,0.0146434108223724,1.50079365874335
LAT2,4,0,0.232253086419753,4.45257829985389e-05,1.55741408614529
C16ORF54,4,0.000959407847520098,0.189785624211854,1.64905639626762e-06,1.24751311828836
SLC22A3,4,6.02251715624143e-05,0.180961923847695,8.57216793606341e-08,-1.76636968776864
DAPP1,4,0,0.228781352926273,0.000231693646041534,1.15261871240138
TASL,4,0.000479969835025992,0.217931700253409,1.58450485835339e-05,1.11756198971701
B4GALNT2,4,1.10548448190659e-05,0.234119782214156,3.08973883197044e-05,-2.41279981588716
CLEC4A,4,0,0.25111234705228,7.53836753912113e-05,1.03484016661599
AMN,4,0,0.232103842693741,1.7828472854295e-05,-1.45133934561501
FMO4,4,0,0.223238566131026,1.14847914715768e-05,-1.42436328847625
FABP7,4,2.49624826117677e-05,0.185955518945634,3.33464355285882e-07,7.02575740943743
IDNK,4,7.71774479388689e-05,0.199822969683558,8.42737426707824e-06,-1.102933480736
RGS5,4,1.75497592659566e-05,0.208016586040083,1.35182354369651e-06,1.74743137638999
CA8,4,0.000325724233719866,0.262576330328584,0.000123773631027572,-2.9088727372181
FNDC5,4,1.34298266680033e-05,0.26715976331361,0.00041453492347226,-1.61635240830002
MYO1F,4,8.71886935975612e-05,0.215307582260372,1.42318544196372e-05,1.58800378369982
CYTIP,4,2.03731799987771e-05,0.215977038985889,1.70415418010381e-05,1.07771760534816
TFAP2B,4,0,0.208232445520581,0.000128359159460406,-5.28129555702237
CBLC,4,0,0.266568265682657,0.00109439334536743,-2.11986587299601
TMCC1,4,0,0.178088945863327,2.67058994555837e-07,1.06369583088667
FAM222A,4,0,0.19117180057161,3.98906793782889e-06,-1.70749756977688
LY6E,4,0,0.216313330937837,2.13268702672296e-05,1.09974896461938
KCNK10,4,0,0.152122641509434,1.90255055219038e-08,-2.79292415216125
MYO3B,4,0,0.16179896075972,1.44983270004967e-08,-2.82137159127665
NMB,4,0,0.226770467101959,1.58730843159388e-05,1.60500420639684
SIRPG,4,0,0.228462998102467,2.25296330483457e-05,2.2374234963514
SUCNR1,4,0.000479969835025992,0.223348998268612,6.99006309453603e-06,-1.73863035773422
LINGO1,4,0,0.211425895574807,8.1550986389028e-06,1.17264681479292
SLC9A9,4,1.3086110413249e-05,0.201787709497207,7.51183510644017e-06,1.2303106187442
P2RY1,4,0,0.211500175664598,2.59389021639368e-06,1.5192760258181
DDN,4,0,0.216676664667067,3.5794401524367e-06,-4.84045212617195
IQGAP2,4,0,0.220971491496391,0.000876563274775415,-1.14371855263985
PREX1,4,2.4000492007782e-05,0.226145755071375,0.000226674459677403,1.0355701161483
LAX1,4,5.64204936619788e-06,0.226798945121185,3.2054441677628e-05,1.55952367000704
SIRPB1,4,0,0.233725896208101,3.47694635791612e-05,1.3853979576902
PM20D1,4,0.000479969835025992,0.193672922252011,1.15864764349068e-06,-3.20655602008791
TRIM6,4,0,0.219788243884629,1.36792595390407e-05,-1.36926469211437
MS4A4E,4,0,0.226400902594961,1.98204711391525e-05,1.45544333897433
DCDC2,4,0,1,0,-1.17073384411675
HIF3A,4,0,0.194843025137555,9.28183476216149e-06,-1.78381911826973
NINL,4,0.000572996349262366,0.219788243884629,0.0143023051532603,-1.15958596617273
BASP1,4,5.08222662802173e-05,0.215564573883982,2.5903242407894e-05,1.09178153981266
B4GALNT1,4,4.4775937985842e-05,0.201855370515257,0.000297143213270978,1.42349002257279
SUGCT,4,3.11355235888223e-05,0.186108821104699,3.13815143348536e-07,-1.49099925678129
ARHGAP8,4,0.000479969835025992,0.215770609318996,2.17508973407074e-05,-1.4365952709158
MYCBPAP,4,0,0.26038062283737,0.000482363267885723,-1.2264654302158
P2RY8,4,0.000479969835025992,0.221731123388582,5.7724673315008e-05,1.22540341325958
KCTD1,4,0,0.208232445520581,0.000128359159460409,-1.16566054713038
S1PR4,4,0.000630239712385338,0.208400646203554,2.403690036283e-06,1.52738514478776
GRB14,4,0.000479969835025991,0.265198237885463,0.00107295721929213,-1.60864199197876
AMDHD1,4,1.68787601795777e-05,0.208016586040083,2.5966901808733e-06,-1.51161510259453
CD200R1,4,5.40131472563199e-06,0.227198389734558,2.68286279553334e-05,1.638913631804
CHRNA4,4,0.000479969835025992,0.188517745302714,8.32049723192654e-07,-4.80179726587633
KLHL13,4,0.000326729224067425,0.220351390922401,0.015312960768917,-1.20763267998184
VNN2,4,0,0.173453707260853,1.19117004475074e-06,1.09560799195185
PTPRN,4,7.54478171728604e-05,0.198265451751015,0.000262118430514454,4.31016600893702
ATP2C2,4,0,1,0,-1.40199347652275
KCNJ16,4,4.24278877033796e-05,0.196710597974077,8.20411249807366e-07,-1.27087715646196
CTSV,4,1.41247778926656e-05,0.232282958199357,3.41228403353651e-05,-2.78199284077536
PLA2G4F,4,1.3454784615191e-06,0.209318497913769,5.03780944843264e-06,-4.01160900481405
TRIM71,4,0.000147754703469331,0.192578374920026,1.70050423752654e-06,-2.91256022628163
NEFH,4,0,0.203378378378378,0.000302619613310192,-1.37642337804339
ELF5,4,0,0.226884422110553,0.000169155455442464,-4.43895246260128
PHKA2,4,3.00777580383648e-05,0.187655860349127,1.83783483965056e-06,1.11687801590924
TMPRSS4,4,0,0.226571321038766,1.1083190293796e-05,-2.86959905768246
SPOCK2,4,2.74556235510598e-06,0.204506850866267,5.5580747289211e-06,-1.35198759204595
CYGB,4,0.000479969835025992,0.227055569524767,5.91440166442466e-06,1.03110671861898
ANO5,4,2.47587182736053e-05,0.161221210498125,6.71208497031278e-09,-1.32798997261597
SERPINA4,4,8.38808824360658e-07,0.192188996488241,7.65272380604236e-07,-2.88351568080738
MCOLN3,4,0.000479969835025992,0.178847296494355,1.54911112396294e-07,-1.72535546957356
TPSB2,4,0,0.175169738118332,1.62933076865168e-07,1.43737041804774
HLX,4,0.00143831403748232,0.225327510917031,3.46963343263606e-05,1.08395464930568
RIMBP3B,4,0,1,0,1.62673153057827
EPHA3,4,0,0.214974407808594,2.73352353340133e-05,1.32904505125016
EHD2,4,0.00108623814235139,0.239586097107986,4.09545046244701e-05,1.33241892634425
GRHL2,4,0.000479969835025991,0.207849004488434,6.37044441915947e-06,-3.51172717369332
SCUBE3,4,0.000479969835025991,0.251777498954412,0.000162995734180436,-1.32009234751625
HTR1D,4,0.00010022649313986,0.21875,4.13507894975381e-06,1.76750133314143
SCTR,4,0.000479969835025992,0.185955518945634,8.26717587183203e-08,-1.21021720539579
FMO1,4,0,0.223238566131026,1.14847914715799e-05,-2.14961395675395
PIEZO2,4,0.000113821427868722,0.209829208783548,0.00245633583493394,1.04523507628032
RIMBP3,4,0,1,0,1.76262803117736
PNPLA1,4,0,0.1843797856049,1.28463636010352e-06,-2.78199060188431
HSD3B7,4,0.000479969835025992,0.181507537688442,1.5457868312787e-06,1.15562483219399
EYA2,4,0,0.158825081347287,1.98840122675689e-08,-1.17588968340562
APOBEC3H,4,0.000479969835025992,0.173820981713186,2.21473396558416e-07,1.63264547261993
ACY3,4,0,0.17574931880109,7.70878056379446e-08,-1.7635736683025
ANGPTL2,4,5.22108400206548e-06,0.230298393267024,2.55260588252665e-05,1.03979434074125
KIAA0319,4,0,1,0,1.72963371344313
LGR6,4,0,0.183648566198902,4.02414544607468e-05,-1.0089400628246
SLC15A1,4,0.000399977241031051,0.210685954269715,1.15776065088159e-05,-1.36387682852511
ABCC3,4,0,0.161755485893417,5.94826837781494e-08,1.37538133829101
FADS6,4,2.8251882708471e-05,0.201990828766357,1.42709720399441e-05,-3.69738922216415
CDH4,4,0.000245378575649118,0.22725556813892,0.00571519192499816,1.67684904801259
GPR17,4,1.51438890956598e-05,0.236294648698155,4.43160465004276e-05,-1.07331964643323
KCNJ3,4,1.31251937282976e-05,0.21875,3.67648170231455e-06,-1.1898382399487
VNN1,4,0,0.173453707260853,1.19117004475113e-06,-1.0336477927699
FERMT1,4,0,0.219681303977618,1.425023126423e-05,-1.557864188707
SERPINA3,4,0,0.260794223826715,0.00012624430306033,-1.05521974446309
SMOC1,4,0,0.222742969906265,2.26972302181734e-05,-1.28692677145664
TDRD5,4,0,0.155034766932784,1.72590924256011e-06,-2.9923768062089
SIGLEC15,4,0,0.229391591515306,2.42876985667341e-05,1.10483670985294
GPR182,4,1.20505502263231e-05,0.232103842693741,2.64189962629736e-05,-1.33043020650383
PNOC,4,6.02217560119826e-06,0.196176406691288,6.7764301942642e-07,-1.07227792507038
KCNIP1,4,0,0.157467957101753,1.69036616851711e-08,-1.79188489188151
SLC16A7,4,0,0.21864406779661,1.60451398251453e-05,-1.11323001192142
ACSBG2,4,0,0.227800201816347,1.13958645036693e-05,-1.28167165951298
RSPO3,4,0,0.183648566198902,4.02414544607445e-05,-1.26918772233707
DNAJC5B,4,5.14747716895854e-06,0.202013422818792,2.31670401460075e-06,2.23174512628272
LPAR3,4,2.65911265942378e-07,1,0,1.55565450618955
CAMK2N2,4,0,0.21456575977189,0.000284173412906557,2.46290029071097
ENKUR,4,0,0.176315532558821,1.59594870787364e-07,1.00482483947045
RIMBP3C,4,0,1,0,1.54420356986566
PTGFR,4,0.000479969835025992,0.211698511311687,1.91079043858537e-06,-1.0857560050354
PDZK1IP1,4,1.27781443391292e-05,0.215719063545151,2.47869897707944e-06,-1.17280248658626
CPA4,4,2.85796563988907e-05,0.191496129784752,1.07535129744625e-06,1.69608655348043
ZIC2,4,0.00143831403748232,0.210293432696786,3.8539253672161e-06,3.40435539269121
MCHR1,4,6.56088008276874e-05,0.195158850226929,6.07129201547605e-07,3.89181711131685
CCL23,4,0,0.215204957102002,3.058079927401e-05,-1.24298801639881
TRIM50,4,3.60957748021766e-05,0.204878048780488,3.15977027103089e-06,-2.36010826547122
ADRA1A,4,0,0.246923707957342,9.57283555082409e-05,-1.02967215171677
PCDH11Y,4,0,0.163040534440733,3.07922147310474e-07,-1.45004623357745
SPAG6,4,0.000479969835025992,0.149950182663567,2.70779028663485e-09,-1.3715134224001
CKMT1A,4,0,0.167346182357302,1.5404333245801e-08,-1.36059620724487
CENPV,2,0,0.224654807811917,1.89381135770068e-05,-1.13163151593628
C7,2,0,1,0,-3.52783747823425
SVEP1,2,0,0.228578660928996,2.79358030812578e-05,-1.12918719598086
PALM,2,0,1,0,-1.79759568263548
ERO1A,2,0,0.219601167315175,6.008317486175e-06,1.40079677911701
MMP11,2,0,0.192393736017897,3.91410352621337e-06,2.04196009587355
WDR76,2,0,0.189010989010989,0.00158331016162367,1.1832768185534
FAM72B,2,0,1,0,1.41145398359709
ADRA2C,2,0,0.194800992341711,5.14598693326428e-06,-1.50919976988496
PPP1R1A,2,0,0.202716354248513,4.28229950455448e-05,-3.01889290525302
LLGL2,2,0,0.191212281630492,8.50274726373023e-07,-1.28829220085366
TBXAS1,2,0,0.210244470314319,2.63844410076116e-05,1.54669579856139
NFE2L3,2,0,0.23923698503113,0.00013726418441572,1.15548264630979
CTHRC1,2,0,0.230386528893992,4.03971407952991e-05,2.73391373787742
PLXDC1,2,0,1,0,2.02217087944357
SKIDA1,2,0,0.230857727214624,0.00134195306962903,-1.72630432493649
ZNF469,2,0,0.209902370990237,1.22693867695401e-05,1.48629260501472
DDIAS,2,0,0.192825112107623,0.00445943171997783,1.37937953523136
SEMA3G,2,0,0.18958639512912,1.04177077626596e-06,-1.96323999621562
CYS1,2,0,0.176729621293669,5.02339699936049e-08,-1.89357659523011
ABCA9,2,0,1,0,-1.40270724375832
KDF1,2,0,0.172229639519359,1.09291012393831e-07,-1.62584307411308
HLF,2,0,0.155408312537647,9.982289453022e-09,-1.15782093707863
CHRM4,2,0,0.225947704241211,1.55639500508457e-05,1.5521694890578
KRT86,2,0,1,0,1.18803350049254
KIF21B,2,0,0.207801173627891,0.0153149819060849,1.46338696367927
PEG3,2,0,0.189506820566632,1.04535720337581e-06,-1.58148457487711
RASD2,2,0,1,0,2.13994903190726
CHST11,2,0,1,0,1.74854196694758
AKR7A3,2,0,1,0,-2.15922073266458
RCN1,2,0,0.204530011325028,0.0128862795783258,1.09901228238477
SLC39A4,2,0,0.666666666666667,0,-1.87904265029872
S100A11,2,0,0.217119499879779,2.5105150429417e-05,1.04491940351809
MSRA,2,0,0.171983620607561,6.96718631589439e-08,-1.91336728693084
CRYAA,2,0,0.180889423076923,6.16053358712922e-06,-5.98684038400018
SNX20,2,0,0.219841752891053,1.54054070712015e-05,1.98136870636752
ABCA8,2,0,0.148275862068966,2.50786904656821e-10,-1.80097831128972
PARD3B,2,0,1,0,-1.00259097461479
ENPP6,2,0,0.180871306960441,1.24866927908273e-06,-4.67990717030882
PEPD,2,0,0.194695989650712,7.75844747900738e-07,-1.87878520369892
UTS2,2,0,0.178776479904969,1.66093605503108e-06,2.78763815011889
CFAP221,2,0,0.130406527547115,4.59158801185221e-11,-1.1120676492188
DDAH1,2,0,0.206093803491955,2.22289053682793e-06,-1.01769088361843
PHYHIP,2,0,0.16562729273661,5.23322746961633e-09,-2.44009460810809
EPOP,2,0,0.230857727214624,0.00134195306962903,1.01435068335866
VASH1,2,0,0.186859803414382,3.40449244706573e-05,1.3866904965936
TRPM2,2,0,0.182553320529667,1.44625081364998e-07,2.11441695989764
EHD3,2,0,0.162908172469782,1.18326067769499e-08,-1.38754641961038
BHLHE41,2,0,1,0,2.67716252511488
LZTS1,2,0,0.666666666666667,0,1.74958333642963
TMEM30B,2,0,1,0,-2.81893621563519
ANXA4,2,0,0.233574754267977,4.29518515963802e-05,1.35059974119692
CAMSAP3,2,0,0.194737977140393,0.00184895123201502,-1.00045381270321
TMSB10,2,0,0.217328519855596,2.94479355600554e-05,1.46086797394529
MYLK3,2,0,0.167984373546647,2.66470015451341e-07,-2.86743847968783
MYBL1,2,0,0.18605130318327,0.000334797407027274,1.71600561715915
DCXR,2,0,0.183798086708732,3.37634629689984e-07,-2.12806849536799
ERAP2,2,0,0.21502559828551,1.19041111922278e-05,1.12278194801206
MSC,2,0,1,0,2.18867875395641
USP44,2,0,0.2088102670829,0.0154705704854048,-2.22622877430351
HAGH,2,0,0.191313559322034,1.32338810807097e-05,-1.02667211053542
LTB4R,2,0,0.204298642533937,4.43628140450552e-06,1.17390226193996
HDHD3,2,0,0.192619453924915,1.62601666935226e-06,-1.51649873632797
CYP39A1,2,0,0.153636750319013,2.62118680668737e-08,-1.5215860707401
PLLP,2,0,0.174391657010429,2.26872528565221e-07,-1.15679375657316
LPAR5,2,0,0.666666666666667,0,1.70117259693217
PPM1K,2,0,0.194110060189166,4.39493970500555e-05,-1.06225032346698
CDON,2,0,0.148105625717566,1.10879139545529e-09,1.63619964495578
CEACAM1,2,0,0.220539748443033,1.77829991984949e-05,-1.51602778947057
DHRS4L2,2,0,0.172922252010724,1.81239301653878e-07,-1.30308133107177
MAL,2,0,0.227169811320755,3.43129764349571e-05,-2.80834694612394
ABCA6,2,0,1,0,-1.27447689670907
NDUFA4L2,2,0,0.198330770920272,2.69909975001314e-06,4.66132774084413
BMAL2,2,0,0.232193365903831,3.17394606567026e-05,1.41087555987342
RHBDF2,2,0,0.185059944666462,1.00290359059231e-07,1.42291930646003
MTFR2,2,0,0.201584998325706,0.00540943436119527,1.12760557213437
COBLL1,2,0,0.209634358676727,1.81941083710016e-05,-1.41110147547566
PTAFR,2,0,0.208064516129032,2.39739864219477e-06,1.33170319981528
NCS1,2,0,0.136075949367089,2.86797096787708e-10,-1.16329150066927
SLC7A11,2,0,0.261739130434783,0.000375357503467676,2.48787299363772
CDCA7,2,0,0.197701149425287,0.00860682285162805,2.07302397721596
CD101,2,0,0.211648892534865,5.26779301363245e-06,1.14010457710289
SYPL2,2,0,1,0,-1.65685135552526
IGSF6,2,0,0.212345679012346,3.91422758218054e-06,1.79466940986606
JPH4,2,0,1,0,-1.3041618853433
HPS3,2,0,0.191964285714286,0.000288121183345704,1.46737687605957
SLC15A4,2,0,0.178953626634958,2.68684087152624e-07,1.40279919283161
SCUBE1,2,0,0.201158387168634,2.76391453295741e-06,-1.98202937019981
EBI3,2,0,0.216365161135737,2.86252051571572e-05,1.86860421499905
ARHGAP11B,2,0,0.205647916192211,0.0143358489125922,1.69197304259388
PRDX4,2,0,0.218274111675127,5.72172506439222e-06,1.16268867121179
SLA,2,0,0.265120375807399,0.00107264870225771,1.40306363157111
KISS1R,2,0,0.230592441266599,2.58632886890859e-05,5.71499938499962
PSORS1C2,2,0,0.178194375925012,2.12729137351854e-07,2.64255323754196
WDFY4,2,0,1,0,1.04537647224376
SHROOM3,2,0,0.166882276843467,1.55458686273573e-07,-1.4260520093514
SIGLEC10,2,0,0.204506850866267,3.77083190696602e-06,2.32198725708431
CHSY3,2,0,0.189745744904392,7.47747421154685e-07,1.69031825722088
ARHGAP30,2,0,0.175886248539151,1.44540908085749e-07,1.61689579106776
SLC29A2,2,0,0.176556848176752,9.65610322617433e-08,-1.2963787339363
FAM72C,2,0,1,0,1.15069127245835
PCDH17,2,0,0.227943960620977,1.90493106063537e-05,1.42927789844153
SLC15A3,2,0,0.213021939136589,1.2993771981592e-05,1.35448771009166
RIC3,2,0,0.15862977602108,1.4109046016354e-08,-1.26022441130188
LAMP3,2,0,0.24028738690793,4.79389550769111e-05,1.62905783214254
DNAH11,2,0,0.171983620607561,6.96718631588589e-08,3.46974522088403
CHST15,2,0,1,0,1.75740305902461
SLC38A4,2,0,0.185898095728255,6.67667910886773e-07,-1.61740322490639
PTGFRN,2,0,0.174729102167183,3.24012249837974e-08,1.11763914787021
GAB3,2,0,0.236728273692489,3.67901336199911e-05,1.10986665959901
PROX1,2,0,0.215719063545151,8.54390788667854e-05,-2.45001690324838
SLC36A2,2,0,0.184832668099478,1.78870873969055e-07,-6.25196152756744
IL17RE,2,0,0.163764961915125,1.29723176789054e-08,-1.13032627352235
L2HGDH,2,0,0.186320024760136,1.68210028009229e-07,-1.01064226402555
PRSS12,2,0,0.156268927922471,3.25130928882757e-09,-1.13908504324688
APOBEC3C,2,0,0.148093480934809,3.75551872199618e-09,1.75702294777339
RASSF2,2,0,0.207086343309254,4.05516991120951e-06,1.68543201929712
TAGAP,2,0,0.184889434889435,1.47494633399663e-07,1.44734279399235
NHLRC4,2,0,1,0,-2.24029325224403
TCF19,2,0,0.21502559828551,1.1904111192228e-05,1.21763572477629
PTPRD,2,0,0.159653465346535,1.27362244956874e-08,-1.89189088207114
GCNT4,2,0,0.183891660727014,9.58595625788689e-07,-1.33697752385866
SLC7A9,2,0,0.184832668099478,1.78870873969222e-07,-2.82432856585902
SLC8A1,2,0,1,0,-1.41634746290689
SOSTDC1,2,0,0.213248317392845,0.000100203702196827,-2.67798037953829
RNASET2,2,0,0.171412300683371,3.70565203231772e-08,2.16455182883914
CYTH4,2,0,0.223986109388565,2.15996844026226e-05,1.18854307055316
ADORA3,2,0,0.225947704241211,1.55639500508458e-05,2.33825567792754
TFCP2L1,2,0,0.212195981670779,1.85339485598808e-05,-2.90983556717801
PRSS8,2,0,0.194654020262988,7.09447626829689e-07,-1.48839933282149
ZBP1,2,0,0.197787755996057,6.33444459805469e-06,1.42360793626723
NEU4,2,0,1,0,-2.53816030207862
FOXC1,2,0,0.191151566469094,3.91511209444387e-06,-1.46373298158044
HYAL1,2,0,0.261739130434783,0.000375357503467672,-1.22979812471085
CLEC2B,2,0,0.207466973004021,5.14987594792249e-06,1.46498209977659
SLC52A3,2,0,0.666666666666667,0,-2.59904931223626
ATP8B3,2,0,1,0,2.44400463625459
C1ORF226,2,0,0.173453707260853,1.76090963861319e-07,-1.74443640649988
NFAM1,2,0,1,0,1.58046832180717
ILDR1,2,0,0.189925333894206,2.62938427868546e-05,-1.20362063672524
ADAM12,2,0,0.195772357723577,2.27423678825397e-06,1.35391194891117
MAL2,2,0,0.186012977649603,3.44192243108059e-07,-1.70766332558552
PRRX1,2,0,0.158504476040021,1.97449526448995e-08,1.35041498886588
LST1,2,0,0.227828939069005,1.8395729697991e-05,1.50113671243048
KLK6,2,0,0.178194375925012,2.12729137352524e-07,-5.16884687948065
CHAD,2,0,0.221459227467811,2.39454034688089e-05,-2.1681203784387
FXYD4,2,0,0.666666666666667,0,-6.21920935012369
MAPK4,2,0,0.20878612716763,5.05039724264846e-05,-3.50832602856784
MPP2,2,0,0.214540270848182,0.000142818205850637,-1.52821369162511
GRM8,2,0,0.16902199344876,1.86109537185925e-07,1.68890222207739
NTM,2,0,0.6,0,1.34026803493189
SLC39A5,2,0,0.666666666666667,0,-2.47068917073485
MECOM,2,0,0.227284168134911,7.90563346231301e-05,-1.61051929842443
SYT7,2,0,1,0,-2.75329286610122
HHIP,2,0,0.148105625717566,1.10879139623753e-09,-1.30886399305226
ASXL3,2,0,0.230857727214624,0.00134195306962903,-1.07169847405767
PLIN4,2,0,0.204367998189431,1.40339800314848e-06,-1.78798412847181
GRAMD1C,2,0,1,0,-1.2411918464153
PLIN5,2,0,0.228434100683026,8.64542037796139e-06,-2.67493138190172
SYNE4,2,0,0.168,0.000192436081409297,-1.84273190895078
HRH1,2,0,0.208064516129032,2.39739864219468e-06,1.08196321312638
LIPH,2,0,0.666666666666667,0,-2.11026120458242
PRX,2,0,0.191394658753709,6.93937175126173e-06,-1.20759269428842
KNDC1,2,0,0.193756034760219,4.50474581708099e-06,1.10446883102339
GAL3ST3,2,0,0.1585601404741,7.55624811548675e-09,-3.91848071206677
PLVAP,2,0,1,0,1.3308933971639
PRR35,2,0,1,0,-6.58582335648634
SIGLEC14,2,0,0.227828939069005,1.83957296979906e-05,1.32038936893295
CRYM,2,0,0.153453989293908,1.58075171094451e-08,-1.81465587027183
BIRC7,2,0,0.219441069258809,0.014806884058265,3.65013017771514
AFM,2,0,0.216494845360825,7.57932473306716e-06,-4.8671943834456
RUBCNL,2,0,1,0,1.04578906368833
SMIM24,2,0,0.167594654788419,1.29372092346979e-08,-2.9419840562237
LYNX1,2,0,1,0,-1.08739936387682
SH3YL1,2,0,0.210882765063055,1.40677704145e-05,-1.01740484950166
DERL3,2,0,1,0,1.33243644003997
HEYL,2,0,0.189945309213294,1.1964468820749e-06,1.02212213215772
JAML,2,0,0.230916762562332,4.73015636274526e-05,1.07020063537152
FUOM,2,0,0.181197953245711,1.45779443453244e-07,-1.30913690747606
SEMA5B,2,0,0.16628303102845,9.21041263668973e-08,2.4425864948211
KCNH6,2,0,0.172081943782754,4.66302653186174e-08,-3.49492638245791
BCL11B,2,0,0.215256257449344,1.81214815277362e-05,1.36797376358366
PRR5-ARHGAP8,2,0,0.177493857493858,3.68829414830925e-07,-1.29272009040456
LIMS2,2,0,0.197961196974679,7.0600731558959e-06,-1.10115708834109
INSC,2,0,1,0,-2.29496173451331
HPGD,2,0,0.186262376237624,2.7861307221747e-07,-2.43041098172402
NECAB1,2,0,1,0,-1.08787979983887
EBF2,2,0,0.198614318706697,3.92178499902585e-06,1.67696369506678
SEL1L3,2,0,1,0,1.34872665086031
PCSK6,2,0,0.212195981670779,1.85339485598827e-05,2.43067627997339
NPTX2,2,0,0.166405602137658,2.77110664192143e-08,4.20671086118125
RIN1,2,0,0.265120375807399,0.00107264870225771,1.27380680301303
DNAJB13,2,0,0.199381761978362,1.08419590580825e-06,1.89780835523106
RIDA,2,0,0.192948717948718,1.84464006488269e-06,-1.2740964981401
TSPAN33,2,0,1,0,-1.14648370254425
RAB3B,2,0,0.186012977649603,3.44192243108437e-07,-2.13181217112447
SSPN,2,0,0.15862977602108,5.18893440194194e-08,1.4332745407628
MYOCD,2,0,0.186937170065211,1.4740350251726e-06,-1.0923532742286
C11ORF21,2,0,1,0,1.27742718641433
CD300LG,2,0,0.18789013732834,7.68424745770738e-07,-2.05095750164567
GIPC2,2,0,0.181143430290873,1.64084005138117e-07,-1.94626647980677
MPEG1,2,0,0.219441069258809,2.41977502837636e-05,1.18191766767285
SPNS2,2,0,0.157674174960712,6.29139408748065e-09,-1.03849155444861
VIPR2,2,0,0.171950871179663,1.04405599277011e-07,-1.2419371924349
DHDH,2,0,0.168753504017941,1.75162719056487e-07,-2.10676219622264
CADM4,2,0,1,0,-1.62503685020224
ACSM3,2,0,0.196048632218845,3.64326533834542e-07,-1.11532185903485
PRAP1,2,0,0.215822179732314,1.689211567269e-05,-2.40989074581438
TESPA1,2,0,1,0,1.62288868498312
GRAMD1B,2,0,1,0,-1.51838975774291
TSPAN32,2,0,1,0,1.04517990368455
AASS,2,0,0.193631392730782,1.15831448717031e-06,-1.12234032005663
THEMIS,2,0,1,0,1.76062940159843
ABCC6,2,0,0.209683037269244,3.45478763956275e-05,-1.52882363735829
HRH2,2,0,0.212620673416529,2.65709193118884e-06,1.75245697865056
CLEC3B,2,0,0.23026902970802,0.000186842037928308,-1.23789922337239
PAG1,2,0,0.237600315747928,5.58557070363625e-05,1.29195692651999
SSTR2,2,0,0.210932025227751,4.05115749023631e-06,-1.19037008734029
LRRC25,2,0,1,0,1.55679213888446
RORB,2,0,1,0,-2.65411477855176
HIGD1B,2,0,0.198330770920272,2.69909975001396e-06,1.47927139968466
OR51E1,2,0,0.230592441266599,2.5863288689086e-05,1.86503555454276
SYTL4,2,0,0.666666666666667,0,-1.05733964167592
SLC4A11,2,0,0.178564366225035,4.48342255659338e-07,-2.19757853699062
RAB29,2,0,0.162264150943396,1.96471586717388e-08,-1.0237562227424
HEPACAM,2,0,0.196112498642632,7.07478648805309e-07,-1.99957549227013
SEZ6L2,2,0,0.137610484608351,4.74304339665891e-10,1.85825024479576
CAVIN3,2,0,0.239173619388161,4.0942672017693e-05,1.09349795071961
SLC13A1,2,0,0.189308176100629,3.81721991619284e-07,-2.8211492703116
RGCC,2,0,0.231925003210479,0.0158092563646319,1.02231375633251
MCOLN2,2,0,0.151726455515416,2.62682375760536e-09,1.2068283266779
ADGRV1,2,0,0.207825086306099,7.64772557875988e-06,-2.23320683739515
TENM2,2,0,0.149838214552394,4.52559809319238e-09,-1.3982399145818
TRIM46,2,0,0.225046728971963,3.28443902006686e-05,1.1032098670991
DDX25,2,0,0.167299675775822,7.28297722214694e-08,-1.68647856552875
SIM1,2,0,0.210932025227751,4.0511574902349e-06,-2.22438172821317
SPOCD1,2,0,0.189189189189189,9.2222897069677e-05,1.52663877818261
SPINK1,2,0,0.265120375807399,0.00107264870225771,-2.34625517988028
DCLK1,2,0,0.180185573181682,1.28540816333619e-07,1.32442502738375
ATP2B2,2,0,1,0,2.94996109578868
GPSM3,2,0,0.207801173627891,1.14962467359435e-06,1.12998959524366
RHCG,2,0,0.197011017781172,1.68136994936456e-06,-3.9156676643125
HPCA,2,0,0.136075949367089,2.86797094035824e-10,1.1537157107633
TMIGD3,2,0,0.202489068281197,1.79873404797357e-06,1.78244980311165
DOK7,2,0,0.213197969543147,2.244119498204e-06,-1.52966495980317
NAPSA,2,0,0.208641404805915,5.7941727856964e-06,-2.10700075100049
ACSM2B,2,0,1,0,-2.94725626138594
SLC6A1,2,0,0.169386606640405,1.495194545288e-07,1.14881848004559
NECAB2,2,0,1,0,-1.92380921680437
GZMM,2,0,0.209415584415584,7.68287819598242e-06,1.29586521698099
NDST3,2,0,0.180943793207093,2.97143072734873e-07,-1.58301082574569
ID1,2,0,0.189945309213294,1.19644688207549e-06,-1.02456718718929
NDRG2,2,0,0.211376404494382,0.000519256873351581,-1.09503494865087
PAPPA2,2,0,0.233453981385729,6.16116635448344e-05,-2.87297022152913
INPP5J,2,0,0.184511646914589,4.49597194344112e-07,-2.48278653938731
LRRC18,2,0,1,0,1.19345337754388
PITX1,2,0,0.216157989228007,7.68225387582573e-05,2.0204684140122
ZNF385B,2,0,0.193756034760219,4.50474581708115e-06,-1.0799427417257
NPR3,2,0,0.16198762220827,3.43019665925607e-09,-1.32555670638257
DEFB1,2,0,0.214846538187009,1.63593978472051e-05,-2.27408949344791
ST6GALNAC2,2,0,0.225046728971963,3.28443902006691e-05,-1.55850465126057
MYEOV,2,0,0.244087038789026,0.00220883425191751,3.94849107346136
WNK2,2,0,0.190345699831366,2.60105695581247e-07,-1.10084952560833
GPA33,2,0,0.6,0,-1.07625492218951
KLK7,2,0,0.178194375925012,2.12729137351463e-07,-5.18669840657709
OVOL2,2,0,0.172098341909663,1.08023464492894e-07,-3.21029477806467
HS6ST2,2,0,0.1976578745759,1.7485923571806e-06,-3.97132581299379
LYPD6,2,0,1,0,-2.19375250559354
PPP1R1B,2,0,0.200044306601684,5.98876039372726e-06,-2.82726007808882
PLEKHG4,2,0,0.183704607873055,3.37016976338045e-07,1.06497853768691
ZSCAN1,2,0,1,0,-1.20982256397232
PRAME,2,0,0.206023271731691,0.00881958007128639,1.73504928640959
UNC13C,2,0,0.161769974919384,1.00701483091783e-07,-2.1477547885109
STRA8,2,0,0.18952670794417,4.68399207802665e-06,1.83700733275817
SIGLEC6,2,0,0.237381703470032,3.1579028169287e-05,1.22443526833474
DPYS,2,0,0.178599683544304,1.65444967417124e-07,-2.99950957041169
GPM6A,2,0,0.217015140591204,2.42083984148709e-05,-1.15145310753345
P4HA3,2,0,0.230386528893992,4.03971407953007e-05,1.72647585625593
EDIL3,2,0,0.18494623655914,7.25844853810792e-07,1.16229614777172
NAT8,2,0,0.234423676012461,2.21265868897461e-05,-2.46037648379388
SLC9A2,2,0,0.189308176100629,3.81721991618602e-07,-2.43115147289837
ISM2,2,0,0.211252778102702,1.884924544517e-05,-1.47518786288675
SYTL5,2,0,0.666666666666667,0,-2.18222356693512
BPI,2,0,0.232642019837692,1.71828856081017e-05,-2.81434128666573
ACSM2A,2,0,1,0,-2.57213413207962
ARL11,2,0,0.190949460773948,4.46830898283115e-07,1.67484809982568
KHDRBS2,2,0,0.159413893547533,3.60895353921483e-09,-2.28433781267874
SEMA6B,2,0,0.185706940874036,3.83449750459823e-06,1.22567896578085
VSIG2,2,0,0.6,0,-1.00472319768032
ILDR2,2,0,0.189925333894206,2.6293842786854e-05,-1.05146954403349
GAL3ST1,2,0,1,0,1.37898473136698
SHOC1,2,0,0.174661508704062,0.000223675793267193,-1.82235814265178
ALLC,2,0,0.255445544554455,0.00258731128823166,-3.69349565746039
KIAA1549L,2,0,1,0,-1.30636265168188
CADM3,2,0,1,0,1.39777786679346
MT3,2,0,0.207324073011135,2.14654844767442e-06,2.1369979005302
CCDC141,2,0,0.189010989010989,1.07139133436743e-06,1.3735659149051
PADI3,2,0,1,0,2.05281779488979
LIX1,2,0,1,0,-1.31114304532517
CRTAM,2,0,0.254366197183099,0.000127667880742918,1.81348603524049
CLTRN,2,0,0.184832668099478,1.78870873968897e-07,-1.4226303510999
RIPPLY1,2,0,0.155408312537647,9.98228945166478e-09,-2.15450986690976
AGR2,2,0,1,0,-2.55659591005146
GRID1,2,0,0.214540270848182,0.000142818205850635,1.25108923254932
FXYD3,2,0,0.666666666666667,0,-1.48260024712766
DAB1,2,0,0.189090147628521,1.23988136751904e-06,-1.22720397183828
TLCD3B,2,0,0.157674174960712,6.29139408782707e-09,3.27237610956551
ENPP7,2,0,0.136229916270649,1.06713643574321e-10,-1.87057466013124
GSDMA,2,0,0.219601167315175,9.3628501062537e-06,1.13747930250275
SLC22A14,2,0,0.181197953245711,1.45779443455871e-07,-1.81740230543128
TACR1,2,0,0.230592441266599,2.58632886890845e-05,-1.07938927537874
ADGRA1,2,0,0.156811669705653,1.4018628659132e-09,-4.20619605365796
CKB,2,0,0.143378850428708,2.61284715674772e-10,-1.1409681256005
TGM2,2,0,0.258443045220378,0.000404795943020014,1.11329846413297
FOLR1,2,0,0.265120375807399,0.00107264870225771,-1.30226785801169
KRT81,2,0,1,0,1.37986802750329
PRND,2,0,0.194822006472492,2.9304873907276e-06,2.75897286569347
NEXMIF,2,0,0.181507537688442,9.78835822189863e-07,-1.7272018050176
B3GALT2,2,0,0.1585601404741,7.5562481154702e-09,-1.2201143052681
GPR85,2,0,0.206801786327722,9.63714152225793e-06,1.43016716169827
PRIMA1,2,0,0.213197969543147,2.24411949820451e-06,1.54604514678478
SCGN,2,0,0.177319587628866,3.27168632488407e-07,1.74529595565818
CLEC12B,2,0,0.185040983606557,3.24581010198718e-07,1.53721226449257
CACNA1I,2,0,0.203676553513026,5.32148195002032e-06,1.08417931791425
DEPDC7,2,0,1,0,-1.1641206606847
LINGO2,2,0,0.192475754023234,5.07373060140926e-07,-2.0575540879068
HS3ST2,2,0,0.180943793207093,2.97143072733903e-07,2.9296120262938
HCAR2,2,0,0.182590233545648,1.18530322664651e-07,-1.20861220636785
TMC1,2,0,0.183406113537118,1.28632167989861e-07,-1.9973025216249
STRA6,2,0,0.211302211302211,3.12681778483488e-06,-2.40979195838832
ARSF,2,0,0.174932196822937,1.20214795101435e-06,-2.45486625059666
SPDEF,2,0,1,0,1.35674814060441
SLC17A2,2,0,0.193237748769527,2.02230083184721e-07,1.41115597080817
TCHH,2,0,1,0,1.56292870963316
ITLN1,2,0,0.237381703470032,3.15790281692866e-05,-3.38584825676326
SCGB1D2,2,0,0.174813667602362,7.21793080606387e-08,-1.35633198572738
PCDHB9,0,0,,0,1.52690494402663
ADAM33,0,0,,0,-2.30839680863797
POGLUT2,0,0,,0,1.00852379527552
FAM184A,0,0,,0,-1.4225072365018
CHRDL1,0,0,,0,-3.40701886277279
MRGPRF,0,0,,0,-2.86139410738859
ANOS1,0,0,,0,1.92892137974097
PID1,0,0,,0,-1.12815633977615
SCARA5,0,0,,0,-2.64710071387404
KREMEN2,0,0,,0,2.27387299321431
CAND2,0,0,,0,-1.64673527661009
PTPRU,0,0,,0,1.42557589611053
RASL11A,0,0,,0,-1.10257635916554
FAM47E,0,0,,0,-1.12847079445535
PKHD1L1,0,0,,0,-2.03934471571358
PELI2,0,0,,0,-1.19596735191441
CLMN,0,0,,0,-1.23257487035883
C1QTNF6,0,0,,0,1.11821609762865
RNF150,0,0,,0,-2.20658771579859
C1ORF115,0,0,,0,-1.46548865523732
DOC2B,0,0,,0,-1.27372043276483
ECRG4,0,0,,0,-2.69425122303026
FITM1,0,0,,0,-1.05143518978373
PADI2,0,0,,0,-1.3581012017919
C1QL4,0,0,,0,3.28455683725977
SACS,0,0,,0,1.27420672292298
PAQR4,0,0,,0,1.93314760929078
ZMYND12,0,0,,0,-1.35000421040495
FAM107A,0,0,,0,-1.89652219100153
MAP4K4,0,0,,0,1.07644674974316
CORO2B,0,0,,0,-2.09027972408894
SMTNL2,0,0,,0,-1.85090349816519
SLC1A4,0,0,,0,1.65411053175082
DUSP4,0,0,,0,2.31313634370614
EDA2R,0,0,,0,2.3205135324579
NKAPL,0,0,,0,-1.04230093690721
SEC14L5,0,0,,0,-1.50445293648494
BTN2A2,0,0,,0,1.13355874980481
ADAMTS7,0,0,,0,1.43579079510341
SH3BGR,0,0,,0,-1.07396567064938
BCAM,0,0,,0,-1.30969964775768
PARM1,0,0,,0,-1.7436413082891
HSPB7,0,0,,0,-3.1551128048078
FAM171A1,0,0,,0,-1.48588934846722
NEGR1,0,0,,0,-1.53204641163871
REEP4,0,0,,0,1.0088802356888
AIF1L,0,0,,0,-2.42327763304706
ABCC1,0,0,,0,1.06717606192053
MYOCOS,0,0,,0,4.90375712098854
MOXD1,0,0,,0,-1.41766060705822
YEATS2,0,0,,0,1.06061727895829
CCDC13,0,0,,0,-1.39971594787297
PAQR5,0,0,,0,-1.54399901715921
MFSD4A,0,0,,0,-3.22725069140167
VWA7,0,0,,0,-1.17806067247618
DNASE1L3,0,0,,0,-2.31653211833653
SLC16A5,0,0,,0,-1.89880882770837
FAM124A,0,0,,0,-1.77837051843945
PRR11,0,0,,0,2.17396032219357
FBXO41,0,0,,0,1.82827797475688
NUAK2,0,0,,0,-1.48199400995252
NHSL1,0,0,,0,-1.07718373403387
AHNAK2,0,0,,0,3.76832509182102
C11ORF52,0,0,,0,-1.29324679644238
DRC7,0,0,,0,-1.25502222935213
PLK2,0,0,,0,1.86590057835394
FAM180A,0,0,,0,-3.10020068366494
MAP6,0,0,,0,-2.04665168317448
PCP4,0,0,,0,-3.09908667155373
MUSTN1,0,0,,0,-1.15516162568406
MISP3,0,0,,0,-1.73173219168151
GATA5,0,0,,0,-2.56045472122003
MTURN,0,0,,0,-1.93355295925673
PEBP1,0,0,,0,-1.1811790575752
LURAP1,0,0,,0,-1.34826869289598
IKBIP,0,0,,0,1.6889189441045
ERICH4,0,0,,0,-3.43579001677604
PTPN7,0,0,,0,1.14956457829911
AOAH,0,0,,0,1.72955823644123
LCN12,0,0,,0,-1.46229323586418
CAPN5,0,0,,0,-1.43027075676621
PCDHB10,0,0,,0,1.37445878126979
FBXL16,0,0,,0,1.7489818312506
PCED1B,0,0,,0,1.1011905137082
SLC25A33,0,0,,0,-1.32388761159613
LRRC19,0,0,,0,-2.15886608017561
NXPH4,0,0,,0,3.74414465371953
COL28A1,0,0,,0,-2.02391875248932
TRIM59,0,0,,0,1.51645621725849
NKPD1,0,0,,0,1.11240506492463
SULT1A2,0,0,,0,-1.29497975548543
PXMP2,0,0,,0,-1.21408228686433
CPAMD8,0,0,,0,-2.40085034802132
SOBP,0,0,,0,-1.34219534614659
SCGB3A1,0,0,,0,1.23686891889254
HSPB6,0,0,,0,-2.00617822925775
ACSF2,0,0,,0,-3.1235188666583
KLHL14,0,0,,0,-2.25499751292171
CLIC5,0,0,,0,-3.85208728243086
FIBCD1,0,0,,0,3.84289455786632
TTC36,0,0,,0,-2.327379472751
FRMD1,0,0,,0,-3.92725370349927
GXYLT2,0,0,,0,1.80692137737114
ARHGAP22,0,0,,0,1.87197644121231
BBOF1,0,0,,0,-2.1816784495118
FAM151A,0,0,,0,-3.93372659850643
TMC4,0,0,,0,-1.62755776706643
SHISA3,0,0,,0,-2.93802111714703
GM2A,0,0,,0,1.25320611171927
IGSF21,0,0,,0,1.18442394387528
CAMK1D,0,0,,0,1.24425571600182
SOWAHA,0,0,,0,-2.99470258778713
RANBP3L,0,0,,0,-3.49866735181458
SLC11A1,0,0,,0,1.56640773597771
C1ORF210,0,0,,0,-1.94978319095364
RERGL,0,0,,0,-2.74987347393045
DPY19L1,0,0,,0,1.00495979320375
ANKRD2,0,0,,0,-3.12704021516383
ANXA2R,0,0,,0,1.48394691325694
TMEM25,0,0,,0,-1.17451540036551
NAALADL2,0,0,,0,-1.14092198357922
FAM111B,0,0,,0,2.53309113309901
TENT5B,0,0,,0,-2.20744241929516
CLEC2D,0,0,,0,1.23993378166585
ST8SIA4,0,0,,0,2.6090011055041
BPHL,0,0,,0,-1.61818530055173
PTCHD4,0,0,,0,1.91202426372253
LHFPL2,0,0,,0,2.0696113614672
OLFML2B,0,0,,0,2.37051761374416
ARHGAP24,0,0,,0,-1.32918034579031
LRRIQ3,0,0,,0,-1.20265880303122
GASK1A,0,0,,0,-1.48589148086174
ARL4C,0,0,,0,1.47909167386279
SLC13A3,0,0,,0,-5.13108209009634
ARHGEF26,0,0,,0,-1.7071284458126
TSPAN1,0,0,,0,-1.58144293971357
DOCK10,0,0,,0,1.27042273488746
FYB2,0,0,,0,-2.60073179830055
TCIM,0,0,,0,-1.56791440078156
GAS2L3,0,0,,0,2.11442996796153
PLEKHN1,0,0,,0,1.65919982287447
HUNK,0,0,,0,-1.23247272156343
ADAMTS8,0,0,,0,-1.36342267835058
TUB,0,0,,0,-1.41390658509827
PRR7,0,0,,0,1.71598244700814
HOXD8,0,0,,0,-1.37319338255914
GAL3ST4,0,0,,0,2.49377204094467
PLCXD3,0,0,,0,-2.74284625260657
LYNX1-SLURP2,0,0,,0,-1.05157045335921
PPFIA4,0,0,,0,1.67002746527684
ADAM28,0,0,,0,1.06224910192695
SMIM10L2B,0,0,,0,-1.55436247085921
GPR183,0,0,,0,1.36665807201694
CSDC2,0,0,,0,-2.81357044339025
FAM78A,0,0,,0,1.76499455122343
TMEM178A,0,0,,0,-2.21151251028027
PHLDA3,0,0,,0,1.60632296931119
PGBD5,0,0,,0,1.70051885667256
TMEM132A,0,0,,0,1.94646663013176
RELT,0,0,,0,1.469149594317
USP2,0,0,,0,-2.45638722142706
DDIT4,0,0,,0,1.53614135014773
ZC3HAV1L,0,0,,0,1.15792167394427
EMX1,0,0,,0,-1.96782575662242
SMIM32,0,0,,0,-3.62031551210771
ADAMTS14,0,0,,0,2.03045371318647
BICD1,0,0,,0,1.02864863176637
CWH43,0,0,,0,-4.07485470179313
MATN2,0,0,,0,-1.16005791542808
GALNT16,0,0,,0,-1.09118588568243
SLC7A8,0,0,,0,-3.0632323846097
AEN,0,0,,0,1.24251616996812
STAMBPL1,0,0,,0,1.77610214834172
ABTB2,0,0,,0,-1.03682599104582
PROM2,0,0,,0,-3.41087883749087
MYORG,0,0,,0,-1.46791627202222
FBXO2,0,0,,0,-1.59255715237998
WFDC1,0,0,,0,-1.25849763134716
GPR34,0,0,,0,1.49817796192452
IRX1,0,0,,0,-4.83949505870485
EFHD1,0,0,,0,-2.20267841045994
KCNK13,0,0,,0,-1.38999625904188
THRB,0,0,,0,-1.7088928637522
ZNF503,0,0,,0,-1.29021837683328
PODNL1,0,0,,0,1.1714745820065
TMEM145,0,0,,0,2.85327701481417
TLCD3A,0,0,,0,1.49089982862648
SOWAHB,0,0,,0,-1.18557877092671
DIRAS3,0,0,,0,-1.89255771001288
PRR15L,0,0,,0,-2.61303352159265
ST6GALNAC3,0,0,,0,-1.73323038743426
HAPLN3,0,0,,0,1.58171987714831
SAP30,0,0,,0,1.8785098093108
PRRG2,0,0,,0,-2.42307757340716
ARMH4,0,0,,0,-2.77385173307955
MAN1C1,0,0,,0,-1.85708957215442
TBX15,0,0,,0,2.69207748747391
LRRN2,0,0,,0,-1.77565047731978
FN3K,0,0,,0,-1.30632977204469
SFXN5,0,0,,0,-1.01324036820733
NUDT10,0,0,,0,-2.67396154967671
SFXN2,0,0,,0,-2.15665616362544
POU2F2,0,0,,0,1.32754038898906
C18ORF54,0,0,,0,1.10652690563852
CASZ1,0,0,,0,-1.59246488579861
NIPAL1,0,0,,0,-2.12078915037201
AP1M2,0,0,,0,-2.26044745398516
SCRN2,0,0,,0,-1.11636987915965
S100A2,0,0,,0,-3.21628195972462
MCUB,0,0,,0,1.46709912366925
CNKSR1,0,0,,0,-2.34449273267612
HOXD1,0,0,,0,-1.41601818738989
BSPRY,0,0,,0,-1.91389619507922
KLHL6,0,0,,0,1.77942076576877
PCDH20,0,0,,0,-1.51537124201432
HILPDA,0,0,,0,3.24727162655743
NOL3,0,0,,0,1.62352811131896
MILR1,0,0,,0,1.35517727082431
DPEP1,0,0,,0,-4.5651620251563
TMEM45B,0,0,,0,-2.37834623932382
MPZL2,0,0,,0,1.0316995545896
RAB7B,0,0,,0,1.79193026578012
CCSER1,0,0,,0,-1.73885710788612
PLAAT2,0,0,,0,-2.23301988808201
ABCA10,0,0,,0,-1.31758930233895
FJX1,0,0,,0,1.34028506422159
DUSP10,0,0,,0,1.08411582234529
GLOD5,0,0,,0,-2.9129776125536
KSR2,0,0,,0,-2.11892724287733
ADGRE2,0,0,,0,1.53794358104824
NPFFR1,0,0,,0,1.64090970771748
CHN2,0,0,,0,-1.09362647378358
HROB,0,0,,0,1.23184999875648
PTGR1,0,0,,0,-1.1181326773717
STMN3,0,0,,0,1.37427499034371
MEX3B,0,0,,0,1.15326385939622
AJAP1,0,0,,0,-1.40131711894858
C1QTNF7,0,0,,0,-1.87503299127554
FAM3B,0,0,,0,-3.60603765274798
PRSS50,0,0,,0,-1.19467487020897
SLC25A42,0,0,,0,-1.26707113441621
SIRPB2,0,0,,0,1.68394149194988
XK,0,0,,0,-1.52233930236998
PBLD,0,0,,0,-1.70391935732505
TPRG1,0,0,,0,1.13272280435047
PDZRN3,0,0,,0,-1.57026409109455
ALS2CL,0,0,,0,-1.98756772244401
KLHL33,0,0,,0,-1.45680564072118
DNAJC28,0,0,,0,-1.0059675379043
CKLF-CMTM1,0,0,,0,1.00710943139461
FCAMR,0,0,,0,-2.93357276394587
MAP3K15,0,0,,0,-1.23726251268645
GPM6B,0,0,,0,-1.01858568889692
GPR141,0,0,,0,2.34615401757322
PAQR7,0,0,,0,-1.3371172214036
ADAMTSL2,0,0,,0,-1.22202284013364
MRO,0,0,,0,-2.66824849604734
POU3F1,0,0,,0,1.9940389011711
SUSD2,0,0,,0,-2.35351188628975
GASK1B,0,0,,0,1.0876506198762
CEACAM21,0,0,,0,1.39804329212954
ADAMTS17,0,0,,0,-1.20584179812959
SDR42E1,0,0,,0,-1.02615819613148
RCAN1,0,0,,0,-1.1829845264321
TMEM52,0,0,,0,-2.01621092349868
GGACT,0,0,,0,-1.79963087220855
LDLRAD3,0,0,,0,1.29787930706859
SMIM5,0,0,,0,-2.62397628376668
RASA3,0,0,,0,1.097591245635
STK33,0,0,,0,-1.10392522084434
CCDC153,0,0,,0,-1.49022118486602
CLMP,0,0,,0,-1.4730307069416
LOC105374836,0,0,,0,1.45508595452124
CCDC181,0,0,,0,-2.0457601325966
FMN2,0,0,,0,-3.95566393463202
ENOX1,0,0,,0,-1.60996627313292
TYRO3,0,0,,0,-1.82625452146192
BRINP3,0,0,,0,-4.33111924463112
AJM1,0,0,,0,1.10939155661164
CHL1,0,0,,0,-2.61147553236653
TTC38,0,0,,0,-1.24626366045997
ADGRF3,0,0,,0,-1.08972181932496
CYP27B1,0,0,,0,-2.77390170248984
PTPRO,0,0,,0,-2.56500473751032
CLSTN2,0,0,,0,-2.4573048923952
LZTS3,0,0,,0,-1.57050954682241
EPS8L1,0,0,,0,-1.93855066378942
GMIP,0,0,,0,1.4016829045579
HPCAL4,0,0,,0,-2.93540174955673
CCDC178,0,0,,0,-1.63951835738865
ZNF165,0,0,,0,-1.13174454506541
MPPED2,0,0,,0,-2.18992689611841
KIF12,0,0,,0,-1.08488191574986
RALGPS1,0,0,,0,-1.42999159920838
WSCD2,0,0,,0,-2.59257988790294
KY,0,0,,0,-1.18230762231019
PALM3,0,0,,0,-2.59280271557836
TMEM45A,0,0,,0,2.42612333255038
LAD1,0,0,,0,-2.08139055617089
PARP15,0,0,,0,1.44335960400593
SLC14A1,0,0,,0,-1.79376618555456
AKAP3,0,0,,0,-1.35795728495882
PCDH9,0,0,,0,-2.54023835404882
PHYHD1,0,0,,0,-2.33046953499182
VSIG1,0,0,,0,3.28448373213918
ADAM19,0,0,,0,1.12359259328925
TMEM82,0,0,,0,-2.81935558603874
C3ORF52,0,0,,0,-1.29518502063789
KLRC4-KLRK1,0,0,,0,1.77419607887887
IRX2,0,0,,0,-4.13214513316086
RASL11B,0,0,,0,-3.60961899142206
OVCH2,0,0,,0,-4.36942834912985
SLC25A10,0,0,,0,-1.51469473032132
GAPT,0,0,,0,1.92309661155702
MEI4,0,0,,0,-1.50756665432946
RIMBP2,0,0,,0,-3.27110235099622
SLC9A4,0,0,,0,-5.6052941946531
GOLGA7B,0,0,,0,1.9760956606686
PALD1,0,0,,0,1.18777548491438
TCEAL2,0,0,,0,-3.99267825741901
DNAJC16,0,0,,0,-1.00817071312251
C11ORF54,0,0,,0,-1.33918726416496
REEP6,0,0,,0,-2.71753823932559
TNFAIP8,0,0,,0,1.05706756693912
SOAT2,0,0,,0,-1.81891665504383
HMCN2,0,0,,0,-1.31637765498496
GAREM2,0,0,,0,1.3199259263769
PPP1R16B,0,0,,0,-1.38749653587398
LRRC2,0,0,,0,-2.6348807725465
SLC5A11,0,0,,0,-3.51289538051309
AKNA,0,0,,0,1.33087221285834
PTPRQ,0,0,,0,-5.87969594153821
ATRNL1,0,0,,0,-1.89174829698128
OLFML2A,0,0,,0,1.55718619405568
SLC27A2,0,0,,0,-2.17486320679442
GMNC,0,0,,0,-3.09248668072856
CBARP,0,0,,0,-1.41545476582861
PTPRE,0,0,,0,1.21458838003498
SIGLEC8,0,0,,0,4.64760821530891
THEMIS2,0,0,,0,1.5689419731126
THSD4,0,0,,0,-1.2212752078689
CCDC88B,0,0,,0,1.57879688106155
EPB41L4B,0,0,,0,-2.87994082804861
TMC8,0,0,,0,1.46335258966285
ARHGAP25,0,0,,0,1.16211963447337
RAP1GAP,0,0,,0,-1.74965785214443
ADAMTS12,0,0,,0,1.02132204508032
DUSP9,0,0,,0,-4.4831268842346
RHOBTB3,0,0,,0,-1.01045192141386
TMEM74B,0,0,,0,1.74885330928359
RNF152,0,0,,0,-1.81334498622284
CELSR3,0,0,,0,1.04740103210923
FAM89A,0,0,,0,-1.15165951966438
ESYT3,0,0,,0,-1.16467324669418
PATL2,0,0,,0,1.30193074968466
SGK2,0,0,,0,-1.64993388263939
ADAMTS16,0,0,,0,-2.24658011179135
RALYL,0,0,,0,-6.47457384020764
ERVMER34-1,0,0,,0,-3.29485021821038
MS4A14,0,0,,0,1.70529444655866
PPP1R18,0,0,,0,1.17729189665182
NT5DC4,0,0,,0,1.40425521398647
UGT3A2,0,0,,0,-3.37241204364032
FOLR3,0,0,,0,-3.44668924794309
ZNF662,0,0,,0,-1.01135778300454
NRK,0,0,,0,-4.04018414605256
SP140,0,0,,0,1.23576958618085
CTXND1,0,0,,0,-1.63725587812107
NTNG1,0,0,,0,-4.28621444369962
LGI2,0,0,,0,-1.34711810153542
PPEF1,0,0,,0,1.69533931618267
GPR176,0,0,,0,1.02702767387851
PCDHB2,0,0,,0,1.10100724595613
AFAP1L2,0,0,,0,-1.1474794446842
TMEM72,0,0,,0,-2.58365375923484
MORN5,0,0,,0,-1.43082098887905
TNFAIP8L2,0,0,,0,1.4001319337569
RFX8,0,0,,0,1.47618156712056
TACSTD2,0,0,,0,-2.82186215582356
ACOT11,0,0,,0,-2.40538637754812
ADAMTS15,0,0,,0,-1.29478552517861
ASIC2,0,0,,0,-1.66950697267647
SIGIRR,0,0,,0,-1.51255634978645
GPR27,0,0,,0,-1.8310294100374
MPP7,0,0,,0,-1.5413169899288
TRHDE,0,0,,0,-1.30768676656338
ANO2,0,0,,0,1.26964578500078
FBLN7,0,0,,0,1.01096430525164
NAP1L2,0,0,,0,-1.34429052630961
FAM83B,0,0,,0,-2.89920847072451
ARL4D,0,0,,0,-1.87273862013004
TMEM252,0,0,,0,-1.60641808964784
PTP4A3,0,0,,0,1.12351404679934
CTXN3,0,0,,0,-5.22466515892304
NDNF,0,0,,0,-3.99249151314255
SLC2A12,0,0,,0,-2.03540653314788
LMO3,0,0,,0,-2.50747809721109
C21ORF62,0,0,,0,-1.5321353411477
FUT11,0,0,,0,1.21385284996804
PNCK,0,0,,0,4.17235532195114
MYZAP,0,0,,0,-1.98075209081062
PLCXD2,0,0,,0,-1.35048937197414
FGD2,0,0,,0,1.40775876673168
ANXA9,0,0,,0,-1.3061385315055
MACROD1,0,0,,0,-1.21518475425145
SIM2,0,0,,0,-3.16418829948583
LHX1,0,0,,0,-4.67106416563221
CALHM6,0,0,,0,2.34058295392137
AXDND1,0,0,,0,-2.86062144827615
LRRC43,0,0,,0,-1.88759295888271
HEATR9,0,0,,0,1.13460294127004
CFAP46,0,0,,0,-1.26699359801139
SLC7A10,0,0,,0,-1.16633826987057
ETV7,0,0,,0,1.8756262582898
CYP17A1-AS1,0,0,,0,-3.46526319192037
MPC1,0,0,,0,-1.15792252434759
SLAMF8,0,0,,0,1.08849493941399
SRL,0,0,,0,-1.36259639534326
GPR174,0,0,,0,1.77101938063645
TMEM52B,0,0,,0,-4.21390706318684
C16ORF74,0,0,,0,1.56999238925533
DUSP15,0,0,,0,-2.16979989009043
TPPP2,0,0,,0,-1.86402074957091
NEK6,0,0,,0,1.0165510209287
HEPACAM2,0,0,,0,-4.53559227415549
CHI3L2,0,0,,0,1.90948973530932
TM7SF2,0,0,,0,-1.07288647697658
IRX3,0,0,,0,1.4813633695449
ELF3,0,0,,0,-1.20428456823205
IFI30,0,0,,0,1.34693545923323
MTCP1,0,0,,0,1.05553882516061
LTK,0,0,,0,-1.26346819404369
PLEKHB1,0,0,,0,-1.84524247590041
C20ORF202,0,0,,0,1.00486401057711
TMEM174,0,0,,0,-3.49513392773039
MTARC2,0,0,,0,-1.2389703097307
CECR2,0,0,,0,-2.33632544388266
TCAF2,0,0,,0,1.23445942212529
NEURL1,0,0,,0,-1.07116080219331
FCGR2B,0,0,,0,1.60663767110163
KLHDC8A,0,0,,0,1.74149248330685
NUGGC,0,0,,0,-1.85664764489103
PROZ,0,0,,0,-3.18868228018315
PDZRN4,0,0,,0,-2.35492497900195
HTR1F,0,0,,0,2.43056096692928
CA10,0,0,,0,-4.23489972912517
SLFN13,0,0,,0,1.64713925205124
LEAP2,0,0,,0,-1.13183610290088
TMEM61,0,0,,0,-3.34882798087274
GPR65,0,0,,0,1.5286543950888
EDAR,0,0,,0,-2.17388182003596
ANO3,0,0,,0,-1.88925024164201
FBN3,0,0,,0,-3.77252840561637
DNAJC12,0,0,,0,-1.84499933601075
PYHIN1,0,0,,0,1.7997066451121
KRBA1,0,0,,0,1.55126101872833
HECW1,0,0,,0,-4.0319778905106
PINLYP,0,0,,0,-1.141207343058
SLC4A9,0,0,,0,-4.63589648778376
SLC15A2,0,0,,0,-1.57603246594059
IGSF11,0,0,,0,-3.12826208955411
C19ORF33,0,0,,0,1.42289093674129
PREX2,0,0,,0,1.6141624005069
NPM2,0,0,,0,-1.16392637073068
ATOH7,0,0,,0,-2.10263777644541
PPP1R42,0,0,,0,-1.31623603456718
ARHGAP28,0,0,,0,-1.12814344247674
TGFBR3L,0,0,,0,-2.15098738810325
ARRDC2,0,0,,0,1.13291736430237
SAMSN1,0,0,,0,1.07300040172294
ADPRHL1,0,0,,0,-1.01857251489766
PADI1,0,0,,0,3.90506553833115
FA2H,0,0,,0,-1.79409756993165
EIF4EBP1,0,0,,0,1.0847390636011
PRSS22,0,0,,0,-3.8322628758729
NT5DC3,0,0,,0,1.24236189517972
SH2D6,0,0,,0,-1.87717427878972
OVOL1,0,0,,0,-2.39239666501026
C3ORF85,0,0,,0,-3.58012650246952
EHF,0,0,,0,-3.0106875530904
S100A14,0,0,,0,-1.57751644710203
NQO2,0,0,,0,-1.05357007230505
SLC16A6,0,0,,0,1.20371234165716
APOBR,0,0,,0,1.41792465662239
PDIA5,0,0,,0,1.08425385705398
ANXA3,0,0,,0,-1.3927388000523
FOXS1,0,0,,0,1.01109272883383
P2RY10,0,0,,0,1.54027715135983
CFAP99,0,0,,0,-1.25345750994319
ADAMTSL1,0,0,,0,-1.44690342516224
CYRIA,0,0,,0,1.46661618558958
VSIG8,0,0,,0,-2.11259619439921
CNTN3,0,0,,0,-2.73112016309281
G0S2,0,0,,0,-1.19146564461424
CFAP20DC,0,0,,0,1.52409079211379
AGBL4,0,0,,0,-1.66547375156311
FAM43B,0,0,,0,-1.69099542044076
C11ORF86,0,0,,0,-1.52831409245228
ADGRE1,0,0,,0,2.08617200103701
GGH,0,0,,0,-1.32530770522037
TMEM44,0,0,,0,1.03109654126659
SLC16A11,0,0,,0,-1.1440273986052
SUSD4,0,0,,0,-2.31986068392684
GJB5,0,0,,0,1.83390691288391
LRRK1,0,0,,0,1.30263192755329
SAMD5,0,0,,0,-1.04945136421855
FAM167A,0,0,,0,-2.42434983203322
SLC25A34,0,0,,0,-1.25889242496867
GLTPD2,0,0,,0,-1.82346661638549
SLFN11,0,0,,0,1.200786720104
GPRASP1,0,0,,0,-1.06234574818201
KRT222,0,0,,0,-1.40213852076359
LAIR2,0,0,,0,2.54880143902744
LARGE2,0,0,,0,-1.82845248583003
KLHDC7A,0,0,,0,-1.03559374161936
CRACR2A,0,0,,0,1.27129704928155
CLUL1,0,0,,0,-1.33046874396592
CES4A,0,0,,0,1.45919668559144
PHACTR3,0,0,,0,-1.2818067636152
MARCHF10,0,0,,0,-2.31962869260945
CCDC160,0,0,,0,-1.65547508002537
LRRC14B,0,0,,0,1.99222588144523
EMILIN2,0,0,,0,1.43194020439634
TMEM233,0,0,,0,1.12069102943235
CSMD2,0,0,,0,1.13857457930818
HES7,0,0,,0,1.83018469191282
INSRR,0,0,,0,-3.45041456932261
CSMD1,0,0,,0,-1.86950610311612
SLC26A7,0,0,,0,-3.26343007589107
DIRAS2,0,0,,0,2.22876817353077
KCNH7,0,0,,0,-2.11905104261058
SLC37A2,0,0,,0,1.88498547413779
ADTRP,0,0,,0,-1.44041784207792
CBLN4,0,0,,0,1.41946759614048
APOBEC3D,0,0,,0,1.22766054905607
ZNF831,0,0,,0,1.60820494318506
UGT3A1,0,0,,0,-2.52842916301512
PRELID2,0,0,,0,1.35169566915112
CCDC198,0,0,,0,-1.08713280358793
ANO4,0,0,,0,2.27543706088948
BEX1,0,0,,0,-1.21951643133952
PI16,0,0,,0,-2.53022301955313
MRAP2,0,0,,0,-2.22494909348998
ADGRF4,0,0,,0,2.17102116857601
MEIS3,0,0,,0,1.18377128877665
PPP1R3G,0,0,,0,1.31000666508515
VIL1,0,0,,0,-1.08183300793226
COL19A1,0,0,,0,-2.17464964409285
SLC7A7,0,0,,0,-1.81498590756729
PIM2,0,0,,0,1.00515629471864
FCRL6,0,0,,0,1.37715380363954
SLC16A10,0,0,,0,-1.28526083543985
FAM81A,0,0,,0,-1.303922284337
DACT2,0,0,,0,-2.47211340882327
ACTRT3,0,0,,0,-1.04908184109286
GLYAT,0,0,,0,-3.26652022290097
TMEM74,0,0,,0,-1.70371261771179
CDH16,0,0,,0,-1.84109419869221
IGSF10,0,0,,0,-1.07872709220827
SSUH2,0,0,,0,-1.88513418443645
IL17REL,0,0,,0,1.1975851366053
GCGR,0,0,,0,-3.94525414194827
CLIC3,0,0,,0,1.0769811383194
NSG1,0,0,,0,-1.20008207381478
ADGRF1,0,0,,0,-3.43619837991093
ANKRD13B,0,0,,0,1.07590361982739
AFF2,0,0,,0,1.26301303654698
GPRIN1,0,0,,0,1.87318368134838
ARHGEF38,0,0,,0,-1.31908944010145
PRRT1B,0,0,,0,-1.22495869997453
SH3BP1,0,0,,0,1.15486189031875
IQCN,0,0,,0,-1.20028155287236
INSYN1,0,0,,0,-2.76798878576189
NKD1,0,0,,0,-2.14914110074983
DIPK2B,0,0,,0,1.23839049355508
CMTM4,0,0,,0,-1.07524248472212
PRR15,0,0,,0,-2.12704573461734
MAB21L4,0,0,,0,-3.19644961936163
SLC17A9,0,0,,0,1.37615025086893
ELOVL2,0,0,,0,1.82284578567611
DMRT2,0,0,,0,-4.29874079245238
LRRC55,0,0,,0,-1.27539852774333
NEURL3,0,0,,0,-1.01827181590322
RASSF10,0,0,,0,-2.39856270268879
ZBED2,0,0,,0,1.94931990036552
VAT1L,0,0,,0,-2.12589219168931
DEPP1,0,0,,0,1.38198543161815
FAM169A,0,0,,0,-1.94284189055125
KANK4,0,0,,0,-1.35044986532795
CCBE1,0,0,,0,-2.62296027254452
FCMR,0,0,,0,1.06207032894269
C20ORF144,0,0,,0,1.26354481935889
B4GALNT3,0,0,,0,-1.98457624294062
RASSF9,0,0,,0,-1.10050160382253
SLC19A3,0,0,,0,-1.64296235855413
SLC25A48,0,0,,0,-1.56870091502492
SORCS2,0,0,,0,-1.03405765197635
TSPAN2,0,0,,0,-1.18397083317119
CDK18,0,0,,0,1.14179473235515
MTCL1,0,0,,0,1.24834875669944
TMEM150C,0,0,,0,-1.04784571286027
LCN10,0,0,,0,-1.65806756363953
ZNF556,0,0,,0,-1.19229055694973
FIGNL2,0,0,,0,-1.46325952708119
SLC35G2,0,0,,0,1.09738082238317
NEBL,0,0,,0,-1.1858760677342
PRTG,0,0,,0,-1.37842425993939
PMEPA1,0,0,,0,1.12678001978068
SLC23A1,0,0,,0,-1.88221855743674
C1ORF116,0,0,,0,-2.43087051806794
SLC43A3,0,0,,0,1.40122145528792
ATOH8,0,0,,0,-1.0903263210062
PNMA8A,0,0,,0,-1.02053811919605
EVPLL,0,0,,0,-1.38964968433442
LONRF2,0,0,,0,-1.23244205962266
CYP4F12,0,0,,0,-1.35094690950404
QRFPR,0,0,,0,2.26555140644498
RAB33A,0,0,,0,1.30771265129655
MYOM3,0,0,,0,-1.76138347190956
MCTP1,0,0,,0,1.07737999002469
TMEM125,0,0,,0,-1.24640974750152
RAB42,0,0,,0,3.03389654408967
DTHD1,0,0,,0,1.79018646764751
GRAMD4,0,0,,0,1.11595168750224
MCCD1,0,0,,0,-3.34977856890714
CBLN2,0,0,,0,-2.97942777043635
MISP,0,0,,0,-1.67832003303884
GPR4,0,0,,0,1.14674984817775
SVOPL,0,0,,0,-2.95166123578144
SLC7A13,0,0,,0,-5.33453098970612
ELMOD1,0,0,,0,-1.93857522999905
FGF11,0,0,,0,1.66119215596652
SLC16A12,0,0,,0,-1.47669810659178
AQP6,0,0,,0,-4.24139444802062
NTNG2,0,0,,0,1.61535002035523
C5ORF58,0,0,,0,1.49155243038304
TMEM200C,0,0,,0,-1.18940079260067
KRBOX1,0,0,,0,-1.32972040795929
LHFPL3,0,0,,0,-1.9647324961837
LDLR,0,0,,0,-1.29451262720717
RNF212B,0,0,,0,-2.61293490679554
C13ORF46,0,0,,0,1.03504285550999
TMEM213,0,0,,0,-4.71040585342854
C1QL1,0,0,,0,1.83370725564821
ZNF395,0,0,,0,1.26883859881511
APCDD1L,0,0,,0,-2.36414968598807
CFAP57,0,0,,0,-1.18675983142326
STOX1,0,0,,0,-1.05461740526401
PRAM1,0,0,,0,1.11838072681997
SORCS3,0,0,,0,1.95331205428658
SHISAL2A,0,0,,0,1.12110066863862
TEDC2,0,0,,0,1.17665597846902
TMEM35A,0,0,,0,-1.41502646642183
LRIT3,0,0,,0,-1.06712015768624
PERM1,0,0,,0,1.20489474824888
SLC22A24,0,0,,0,-2.43856678143323
HTRA4,0,0,,0,2.25299906971507
ITPRIPL1,0,0,,0,1.12485155091325
BUB1B-PAK6,0,0,,0,-1.57856272812476
ECHDC3,0,0,,0,-1.6217253136791
TMEM91,0,0,,0,1.40795493913881
SLFN12L,0,0,,0,1.70232716136712
C12ORF56,0,0,,0,-1.10835730331842
UNC93A,0,0,,0,-2.05279595008799
OIT3,0,0,,0,-1.12776872046124
PHF21B,0,0,,0,-2.24239740674065
SSC4D,0,0,,0,-1.41675803176972
OLFM4,0,0,,0,-4.10688018912774
SORCS1,0,0,,0,-3.36394878662742
AMZ1,0,0,,0,1.35872556190348
OXGR1,0,0,,0,-3.75305076755004
MTNR1A,0,0,,0,-3.06505250937767
RASGRP4,0,0,,0,1.00464637590278
BEX2,0,0,,0,-1.03748450568315
VWA5B1,0,0,,0,-3.05916376019487
FRMPD1,0,0,,0,-1.28635210924801
ST8SIA5,0,0,,0,-1.27158666185796
APBA2,0,0,,0,1.16957706065979
BTBD16,0,0,,0,1.309972781633
ST18,0,0,,0,-1.26139246183588
LYPD6B,0,0,,0,-3.35326780819499
TINAG,0,0,,0,-1.69938196385994
FAM83F,0,0,,0,-1.76574091678062
SLC25A47,0,0,,0,-2.88625161422182
PLPPR1,0,0,,0,-3.26168560443002
EPHX4,0,0,,0,1.63432897446685
GPR88,0,0,,0,-1.48618091045528
PLAAT5,0,0,,0,-1.53611606385322
STAP1,0,0,,0,-1.99228005050152
YPEL4,0,0,,0,1.25402419947576
NCMAP,0,0,,0,-1.10289133303691
TTPA,0,0,,0,-2.09697965487896
CAPN13,0,0,,0,-1.08282964112885
BARX2,0,0,,0,1.26661729626888
ZNF488,0,0,,0,-2.3154972679869
ERP27,0,0,,0,-1.89834031478378
TAGLN3,0,0,,0,-2.88344580723275
TMEM132C,0,0,,0,-3.03492473236809
STAC2,0,0,,0,-2.13036655169949
TXLNB,0,0,,0,1.01227971635847
RIPOR3,0,0,,0,-1.23154845655474
SYT12,0,0,,0,1.53429276633512
TMEM106A,0,0,,0,-1.01777427189705
SMIM22,0,0,,0,-1.70240048254431
CIB4,0,0,,0,3.68792735808583
ACOT6,0,0,,0,-1.45497099533929
HMX2,0,0,,0,-5.24708069541006
ZYG11A,0,0,,0,-2.15710621289935
LGI4,0,0,,0,1.80691569342617
ZNF676,0,0,,0,-1.69634775623719
RUFY4,0,0,,0,1.68771887563603
CILP2,0,0,,0,2.01252377962929
EAF2,0,0,,0,-1.0997845073293
LRRC15,0,0,,0,1.86008686702512
VWCE,0,0,,0,1.0736975503738
TRPC7,0,0,,0,-2.32414226947713
DRICH1,0,0,,0,-1.40688368828493
FOXA3,0,0,,0,-2.28180548096806
STUM,0,0,,0,-1.38335726508513
TMEM132E,0,0,,0,-1.11725875591736
PLEKHD1,0,0,,0,-2.61300951706926
APOLD1,0,0,,0,1.28247612367802
ELAPOR1,0,0,,0,1.4126658506931
OTOGL,0,0,,0,-1.99990200548324
RBP5,0,0,,0,-1.35450059913996
GOLGA8F,0,0,,0,1.53872661810836
FER1L6,0,0,,0,-3.09703036664391
UBE2QL1,0,0,,0,-1.26161123340979
CLNK,0,0,,0,-2.03432387611825
IGFL4,0,0,,0,1.61941928652519
DUSP26,0,0,,0,-2.37166823219108
RHBG,0,0,,0,-3.50123928141308
SALL3,0,0,,0,-5.86092752431829
SLC26A9,0,0,,0,-1.70685534803156
C5ORF46,0,0,,0,5.51277056555613
NYAP1,0,0,,0,-1.15071765577407
BNIPL,0,0,,0,-1.1391055433151
ZG16B,0,0,,0,1.69910731115788
GPR82,0,0,,0,1.62728211965844
ADAMDEC1,0,0,,0,2.49133808341466
POTEE,0,0,,0,2.28650589114746
GSDMC,0,0,,0,2.38062869291569
IFIT1B,0,0,,0,1.27302151122718
SLC5A10,0,0,,0,-1.08949822702094
TMEM269,0,0,,0,1.05879729684148
C10ORF67,0,0,,0,-1.08176881574825
RBMXL2,0,0,,0,-1.33375614809056
ALX1,0,0,,0,-1.99990357714653
SHISA2,0,0,,0,-1.94595186622655
SBSPON,0,0,,0,-1.05242000395203
CHODL,0,0,,0,-1.26026396800017
CPA6,0,0,,0,2.09943836108886
ERICH3,0,0,,0,1.02542235917441
NUPR2,0,0,,0,-2.84638518295642
MROH7,0,0,,0,-1.4323416155695
RNF186,0,0,,0,-1.95775475672129
PEBP4,0,0,,0,-1.50781509617432
SPSB4,0,0,,0,-2.02869316362417
ENDOU,0,0,,0,-1.38393084224934
COCH,0,0,,0,-1.42020426005289
CREG2,0,0,,0,2.10799982924405
JAKMIP1,0,0,,0,2.32486689443099
OTOA,0,0,,0,1.35214323468117
RAB39A,0,0,,0,1.29990427649782
SMTNL1,0,0,,0,1.32127269118251
TMEM179,0,0,,0,1.5450407125604
PRSS35,0,0,,0,-1.3714674524476
C16ORF89,0,0,,0,-2.10738430149328
DIRAS1,0,0,,0,-1.95152743263803
ASB15,0,0,,0,-5.77235892723148
TNS4,0,0,,0,-2.21701692168378
CPNE6,0,0,,0,-3.67319951449245
NECTIN4,0,0,,0,-1.57686655517995
AARD,0,0,,0,-1.59819528853365
RBFOX1,0,0,,0,-2.32501537549551
SLC6A17,0,0,,0,-1.48254451691705
LGALS2,0,0,,0,-1.44501958423049
OXER1,0,0,,0,-1.09343623880002
OR6A2,0,0,,0,1.3355391219547
IP6K3,0,0,,0,-1.11332391420546
TMEM121B,0,0,,0,1.61685198916192
IGSF9,0,0,,0,-1.41256207456367
CPN2,0,0,,0,-3.42756153300571
TMEM92,0,0,,0,2.52613090368206
ADGRG2,0,0,,0,1.4099606213487
KCNH3,0,0,,0,-1.05893508832356
MT1A,0,0,,0,-1.71622048548454
CAPN8,0,0,,0,-1.63863705221418
NPAP1,0,0,,0,-3.75503666287578
NXF3,0,0,,0,-1.25328748774709
ARSI,0,0,,0,-1.33502955810368
FRMD7,0,0,,0,-1.49741953694482
POTEI,0,0,,0,1.93698765053698
TRIM10,0,0,,0,-1.1204546646544
KCNV1,0,0,,0,1.37944297344894
VWA2,0,0,,0,-1.32921399058081
HPSE2,0,0,,0,-1.7723991076775
LCNL1,0,0,,0,-2.76200319030821
GPRC5A,0,0,,0,-1.33437411775507
FOXI2,0,0,,0,-2.62664536765839
IRX6,0,0,,0,-1.06061072839773
ABRA,0,0,,0,-1.10145737169443
GALNT5,0,0,,0,1.36906087435201
DIO3,0,0,,0,-1.26926852653261
ADAMTS19,0,0,,0,-3.39619964331994
ARHGAP40,0,0,,0,-2.45543234916124
VEPH1,0,0,,0,-1.00869856560654
GREB1,0,0,,0,-1.13712771163808
ABCA13,0,0,,0,-1.87863257636409
FOXJ1,0,0,,0,-1.56042312561969
TMIGD1,0,0,,0,-2.52700293237646
IGDCC3,0,0,,0,-1.63268966816593
GALNT17,0,0,,0,-1.90913798151433
OSBPL6,0,0,,0,-1.17616299521952
FSTL4,0,0,,0,-2.05814025916156
SLC23A3,0,0,,0,-1.28122152032723
MALRD1,0,0,,0,-1.24891530600217
TMEM207,0,0,,0,-5.86516994285192
DSC3,0,0,,0,1.66812908281168
RNF224,0,0,,0,-1.77274028498691
PPP1R36,0,0,,0,-1.4998996346492
LSAMP,0,0,,0,-1.57734270756907
SOWAHD,0,0,,0,1.22038737808302
OR52H1,0,0,,0,1.06122747226777
SIAH3,0,0,,0,-2.88996045352587
FRRS1L,0,0,,0,-1.16931357840015
ASPG,0,0,,0,-1.03252806748641
CHP2,0,0,,0,-4.15192516120007
SMCO3,0,0,,0,-1.20223219224821
TRNP1,0,0,,0,-1.09925221214929
HS6ST3,0,0,,0,-1.53819839964241
SLC7A4,0,0,,0,-1.0487918555475
TCF24,0,0,,0,-4.04078596611913
NCCRP1,0,0,,0,-2.12060585783979
CCDC187,0,0,,0,-1.73462613611482
GPHA2,0,0,,0,-1.46906190431297
SYT6,0,0,,0,-1.08109273414321
TMEM238L,0,0,,0,-2.61469431669832
OR52D1,0,0,,0,1.20479326420879
SPINK13,0,0,,0,2.66294244265052
THRSP,0,0,,0,-2.09558997696535
ZNF695,0,0,,0,1.00777510961727
TIFAB,0,0,,0,1.20406913459475
RBM11,0,0,,0,-1.48847631114649
LINGO3,0,0,,0,1.18799551303704
GJC3,0,0,,0,-1.3407955247245
KIAA0408,0,0,,0,1.09566477267743
NKAIN4,0,0,,0,-1.01942080217918
