Gene_ID,Gene_Symbol,Gene_Description,Gene_Biotype,baseMean,log2FoldChange,lfcSE,stat,pvalue,padj
8764,TNFRSF14,TNF receptor superfamily member 14,protein_coding,778.149417376566,-0.717328385213206,0.128370963982898,-5.58793330638827,2.29787855053642e-08,4.0563603465785e-07
63976,PRDM16,PR/SET domain 16,protein_coding,616.287921163059,-1.45642624477337,0.250974875114216,-5.80307588204023,6.51093071898462e-09,1.36485385196715e-07
7161,TP73,tumor protein p73,protein_coding,83.1235479041688,-0.282913214230272,0.248463307195032,-1.13865188958544,0.254848376558825,0.368391561850315
6146,RPL22,ribosomal protein L22,protein_coding,2317.48779253771,0.110880079954865,0.0799935982123616,1.3861119193627,0.165712731314903,0.256839418128551
23261,CAMTA1,calmodulin binding transcription activator 1,protein_coding,345.603939745643,-0.0536075190316299,0.102315576399648,-0.523942892353333,0.600318260609754,0.701556601423385
5293,PIK3CD,"phosphatidylinositol-4,5-bisphosphate 3-kinase catalytic subunit delta",protein_coding,337.968386637542,0.178861365622877,0.122722596145273,1.45744444169964,0.14499373702941,0.228099903375536
2475,MTOR,mechanistic target of rapamycin kinase,protein_coding,3551.16304261122,-0.0791007479580527,0.0635569263043717,-1.24456534570665,0.213291565361686,0.317946626765819
23207,PLEKHM2,pleckstrin homology and RUN domain containing M2,protein_coding,1951.39248979692,0.354421190203333,0.0807956918104885,4.3866347606089,1.15117853145967e-05,7.78438063410427e-05
23013,SPEN,spen family transcriptional repressor,protein_coding,2363.15737851624,-0.0646480500497535,0.0651328324711004,-0.992557019202841,0.320925879336386,0.441141557087802
1969,EPHA2,EPH receptor A2,protein_coding,4212.5084542592,0.691837803774924,0.212233774775202,3.25979125852008,0.00111494238112906,0.00376967413942224
6390,SDHB,succinate dehydrogenase complex iron sulfur subunit B,protein_coding,939.326387013971,0.282432070116473,0.120481457470004,2.34419533135869,0.0190681821517792,0.0427504565087349
832,CAPZB,capping actin protein of muscle Z-line subunit beta,protein_coding,4764.6466626159,0.161178594343912,0.0805045612770153,2.00210512034589,0.0452734269540122,0.0877728751466803
5320,PLA2G2A,phospholipase A2 group IIA,protein_coding,569.562769453552,-1.70185551560238,0.47912328358147,-3.55202006231242,0.000382285711487575,0.00153371564154226
998,CDC42,cell division cycle 42,protein_coding,2399.74153593162,0.322813508781687,0.0815653712931828,3.95772744810233,7.56662250552005e-05,0.0003833603003552
54361,WNT4,Wnt family member 4,protein_coding,110.203021314548,1.11443530386384,0.232772723855359,4.78765417788526,1.68742093707161e-06,1.47385672472349e-05
23028,KDM1A,lysine demethylase 1A,protein_coding,1347.59789407771,-0.149982894792945,0.0798309443664833,-1.87875636425409,0.0602777677210594,0.109742640273362
3399,ID3,inhibitor of DNA binding 3,protein_coding,260.71229570921,-0.800107030066823,0.215689246681773,-3.70953602173454,0.000207639415022162,0.00089977079842937
3151,HMGN2,high mobility group nucleosomal binding domain 2,protein_coding,438.968008945021,-0.0586845930424656,0.116652856851572,-0.503070345865045,0.614914814819533,0.715126313767238
6195,RPS6KA1,ribosomal protein S6 kinase A1,protein_coding,1293.6050369657,-0.394701750428071,0.119795304901225,-3.2948015012234,0.000984912249866349,0.00341340341353882
8289,ARID1A,AT-rich interaction domain 1A,protein_coding,5008.41138326061,0.158614642638746,0.0655963376786759,2.41804113235285,0.0156043128013766,0.036131477093293
9064,MAP3K6,mitogen-activated protein kinase kinase kinase 6,protein_coding,1518.85939979597,0.33215727583285,0.145223665912738,2.28721175536524,0.0221834662060372,0.0481886953724408
10163,WASF2,WASP family member 2,protein_coding,2894.38911690707,0.56204195228802,0.0917850163163855,6.12346083102111,9.1564372398242e-10,2.36236080787464e-08
51441,YTHDF2,YTH N6-methyladenosine RNA binding protein F2,protein_coding,2279.23623904045,0.150713771042205,0.0788955221180071,1.91029562890498,0.0560951602676395,0.10442916267761
3932,LCK,"LCK proto-oncogene, Src family tyrosine kinase",protein_coding,151.587800688814,-0.325542315149356,0.280247859768674,-1.16162284135932,0.245388699774275,0.359089746528324
3065,HDAC1,histone deacetylase 1,protein_coding,2139.62870263063,-0.0907675706759606,0.0928938152980245,-0.97711102062885,0.32851419235105,0.448536494188087
204,AK2,adenylate kinase 2,protein_coding,2157.59123322845,0.287261633355341,0.0966949584979733,2.97080259216784,0.00297022637569239,0.00866272979484547
6421,SFPQ,splicing factor proline and glutamine rich,protein_coding,5931.16115271498,-0.00145308515694699,0.0978483219166094,-0.0148503840278975,0.988151543361484,0.990514129239217
9967,THRAP3,thyroid hormone receptor associated protein 3,protein_coding,2566.77679425976,0.202341336778227,0.0571867513772804,3.53825548584343,0.000402780132350067,0.00160062152121105
1441,CSF3R,colony stimulating factor 3 receptor,protein_coding,1735.58054085822,-1.188239705549,0.266696704723894,-4.4553970277929,8.37380810343722e-06,5.97569199551669e-05
64769,MEAF6,MYST/Esa1 associated factor 6,protein_coding,544.257426116246,0.150501896552844,0.0769807829994019,1.95505801173798,0.0505762234470435,0.0962727885592417
284656,EPHA10,EPH receptor A10,protein_coding,92.4067651355474,-0.974588588412807,0.239030258550134,-4.07726031977829,4.55694645192573e-05,0.000245723446941462
4610,MYCL,"MYCL proto-oncogene, bHLH transcription factor",protein_coding,103.99499979447,0.796074198389538,0.22949399291967,3.46882368580422,0.000522742394524538,0.00198334614393133
4352,MPL,"MPL proto-oncogene, thrombopoietin receptor",protein_coding,12.4046148247751,-0.27246649252154,0.222637456104313,-1.2238124585554,0.221022983385243,0.326568760473173
4595,MUTYH,mutY DNA glycosylase,protein_coding,366.473456800565,-0.424412657673697,0.110554433528377,-3.8389474228074,0.000123562884081601,0.000580434052114413
114034,TOE1,"target of EGR1, exonuclease",protein_coding,11.5397536929983,-0.305785090146687,0.162916074436481,-1.8769485528324,0.0605251454156753,0.109849208725203
55624,POMGNT1,"protein O-linked mannose N-acetylglucosaminyltransferase 1 (beta 1,2-)",protein_coding,1141.94898727024,-0.467543697287357,0.098429892939839,-4.75001733033605,2.03399216620949e-06,1.70882066916642e-05
6886,TAL1,"TAL bHLH transcription factor 1, erythroid differentiation factor",protein_coding,20.0858717421718,-0.7864519961552,0.252581000421933,-3.11366252743256,0.00184780707768664,0.00577052601355771
6491,STIL,STIL centriolar assembly protein,protein_coding,243.095898492131,-0.839318663105313,0.157946540439247,-5.31394141822403,1.07279119351079e-07,1.37333651260885e-06
11124,FAF1,Fas associated factor 1,protein_coding,1096.81502316419,0.0197242865719167,0.074814293299151,0.263643291971596,0.792054796187308,0.856399673247012
1031,CDKN2C,cyclin dependent kinase inhibitor 2C,protein_coding,44.7403077220068,-0.466479487804976,0.179909589613427,-2.59285504906829,0.00951828776509434,0.0233706714232258
2060,EPS15,epidermal growth factor receptor pathway substrate 15,protein_coding,2730.19270784946,0.267894703229856,0.0661348048969977,4.05073703093388,5.10565609298012e-05,0.000272681059488142
8613,PLPP3,phospholipid phosphatase 3,protein_coding,411.108183120561,0.275124479767123,0.12855788634692,2.14008247634598,0.0323481019977236,0.0658346687502214
3725,JUN,"Jun proto-oncogene, AP-1 transcription factor subunit",protein_coding,1327.10966215647,0.261488091346401,0.15008343601215,1.74228481366346,0.0814586194176058,0.140831035838479
3716,JAK1,Janus kinase 1,protein_coding,3330.4775501368,-0.0708184907244652,0.0893195557801629,-0.79286658006637,0.427855560345615,0.54612006857606
3595,IL12RB2,interleukin 12 receptor subunit beta 2,protein_coding,93.2938573618592,0.256470907550694,0.167227158363361,1.53366779691023,0.125111400012877,0.203109213767275
9077,DIRAS3,DIRAS family GTPase 3,protein_coding,37.5126612194214,-0.0532657885257399,0.301796713406002,-0.176495588452888,0.859904614186159,0.904680074021449
8915,BCL10,BCL10 immune signaling adaptor,protein_coding,358.557147646984,0.436321319276254,0.137303448690265,3.17778849284787,0.00148402967119755,0.00480447443744843
2635,GBP3,guanylate binding protein 3,protein_coding,104.27239437406,-0.750686638780961,0.22844405427796,-3.28608525686364,0.00101590256284003,0.00350407239579795
2633,GBP1,guanylate binding protein 1,protein_coding,177.84452570547,0.0850197040525006,0.247390988002662,0.343665324023791,0.731097991911099,0.808740984455747
2634,GBP2,guanylate binding protein 2,protein_coding,1860.26576520065,-0.0440039398418411,0.16669709807163,-0.263975440189923,0.791798843589558,0.856399673247012
7049,TGFBR3,transforming growth factor beta receptor 3,protein_coding,691.728021264769,-0.491695410762127,0.165011661437116,-2.97976159066495,0.00288472804336532,0.00845749812713924
646817,SETSIP,SET like protein,protein_coding,12.7242765084862,-0.274995991571223,0.221742791291695,-1.24015752651673,0.214917134788219,0.319405621316779
1806,DPYD,dihydropyrimidine dehydrogenase,protein_coding,1437.2466804968,0.775915766698308,0.162801466540817,4.76602442953899,1.87896487294205e-06,1.60766535302236e-05
8556,CDC14A,cell division cycle 14A,protein_coding,404.829218836223,0.184369872211129,0.116296206068096,1.5853472649243,0.112887455752839,0.185782397740443
7412,VCAM1,vascular cell adhesion molecule 1,protein_coding,220.930454551057,-1.29021311757162,0.256978130123459,-5.02071175065274,5.14803644576812e-07,5.26418117045923e-06
1301,COL11A1,collagen type XI alpha 1 chain,protein_coding,354.138162432189,-3.33686804935658,0.561240109307841,-5.9455266899435,2.75569342356007e-09,6.50887024128203e-08
6272,SORT1,sortilin 1,protein_coding,2963.35860322919,0.468816479869585,0.107928471112814,4.34377023074426,1.4005800435586e-05,9.10377028313088e-05
2773,GNAI3,G protein subunit alpha i3,protein_coding,57.5824024691701,0.652164472116271,0.128872205827638,5.0605517918155,4.18044881433704e-07,4.35441780226287e-06
1435,CSF1,colony stimulating factor 1,protein_coding,371.60340458935,0.315097361677907,0.136345468376895,2.3110218874814,0.0208316459615696,0.0457859374541969
10768,AHCYL1,adenosylhomocysteinase like 1,protein_coding,2795.81636691603,0.165996744254963,0.0768784341608321,2.15921078605338,0.0308338176477317,0.0633289687000707
64783,RBM15,RNA binding motif protein 15,protein_coding,832.420652514387,-0.306747416426862,0.0869247636328983,-3.52888410168501,0.000417315851657631,0.00165056293214587
11218,DDX20,DEAD-box helicase 20,protein_coding,271.88448738506,-0.240612476095243,0.107101056728307,-2.24659292303368,0.0246660548736208,0.052694234424283
7482,WNT2B,Wnt family member 2B,protein_coding,134.670767590836,0.667033349353851,0.198194024566079,3.36555731593946,0.00076389195048468,0.00274902746987727
204851,HIPK1,homeodomain interacting protein kinase 1,protein_coding,2383.07937523901,0.295327995572884,0.0724235741427333,4.07778819353554,4.54661560628959e-05,0.000245723446941462
51592,TRIM33,tripartite motif containing 33,protein_coding,1712.32924694948,0.124718562210036,0.0987609481483369,1.26283277498218,0.206649283335711,0.310251430755584
4893,NRAS,"NRAS proto-oncogene, GTPase",protein_coding,532.148901309598,0.0342591934296725,0.0860084260168688,0.398323687762328,0.690391601718257,0.779324658125742
965,CD58,CD58 molecule,protein_coding,205.933750149643,0.214663447720642,0.15228293824716,1.40963557829595,0.158647315905282,0.247030221702097
54855,TENT5C,terminal nucleotidyltransferase 5C,protein_coding,562.408062586693,-0.559264141247999,0.297754474494045,-1.87827283602814,0.0603438506076872,0.109742640273362
4853,NOTCH2,notch receptor 2,protein_coding,5076.68883028678,0.550081117747722,0.133555421375597,4.11874794809515,3.80936537252367e-05,0.00021223607075489
101929796,NOTCH2NLR,notch 2 N-terminal like R,protein_coding,93.5234233038367,0.435250283968442,0.210591850902429,2.06679547239509,0.0387534302983469,0.07672904676544
440686,H3-7,H3.7 histone (putative),protein_coding,136.046598297464,0.589830750558019,0.233768903898725,2.52313605753804,0.0116313388731478,0.0278653647003841
388677,NOTCH2NLA,notch 2 N-terminal like A,protein_coding,296.405909601545,0.552400790401164,0.127307068527979,4.3391211249182,1.43053664767568e-05,9.22696137750816e-05
607,BCL9,BCL9 transcription coactivator,protein_coding,508.683350116879,-0.261356453524873,0.105930223495183,-2.46725103470359,0.0136154866697437,0.032025645362258
100996763,NOTCH2NLB,notch 2 N-terminal like B,protein_coding,171.017999188968,0.595509247615254,0.13499277680806,4.41141564531249,1.02696963161748e-05,7.17595030092717e-05
9659,PDE4DIP,phosphodiesterase 4D interacting protein,protein_coding,1409.35268591161,-0.513044268369013,0.130073224313016,-3.94427270546007,8.00425310191821e-05,0.000403097070628133
100996717,NOTCH2NLC,notch 2 N-terminal like C,protein_coding,273.887477285416,0.546926503412145,0.130013762647478,4.20668160258612,2.59147848620806e-05,0.000153565703935368
440689,H2BC18,H2B clustered histone 18,protein_coding,1238.04713400931,-0.117352901051027,0.133046273796462,-0.882045755227668,0.377752064519573,0.496465683541789
8337,H2AC18,H2A clustered histone 18,protein_coding,237.270340223831,-0.389847648553148,0.137662708903525,-2.83190452707388,0.00462716623519096,0.0125157383490569
723790,H2AC19,H2A clustered histone 19,protein_coding,268.168368559983,-0.384038829370155,0.137190797809671,-2.79930458530421,0.00512128042782665,0.0136511671635975
8349,H2BC21,H2B clustered histone 21,protein_coding,1350.36026781307,-0.221175941722384,0.11063148161504,-1.99921341098913,0.0455852681353566,0.0882753979942183
8338,H2AC20,H2A clustered histone 20,protein_coding,162.210798798151,-0.255916043682589,0.144630497452047,-1.76944730323865,0.0768192575197573,0.13377559175559
51107,APH1A,"aph-1 homolog A, gamma-secretase subunit",protein_coding,1995.45711966442,0.115632528669056,0.0846799246857437,1.36552469901433,0.172088195594957,0.264763214690589
4170,MCL1,"MCL1 apoptosis regulator, BCL2 family member",protein_coding,3967.685363871,0.335068238322632,0.104810870197687,3.19688442325353,0.00138920577197561,0.00454132179259863
405,ARNT,aryl hydrocarbon receptor nuclear translocator,protein_coding,1802.51428992153,0.0993116882137891,0.0716442276016572,1.38617850367462,0.165692403739329,0.256839418128551
10962,MLLT11,MLLT11 transcription factor 7 cofactor,protein_coding,35.4125148476653,-0.731454141420242,0.254955264254813,-2.86895092579534,0.0041183569117475,0.011322105804919
57592,ZNF687,zinc finger protein 687,protein_coding,423.272230972771,-0.0136411906359329,0.0731893016627441,-0.186382303506481,0.852144969034494,0.89795354338091
7170,TPM3,tropomyosin 3,protein_coding,6936.89935653542,0.0200696249205683,0.0944954603354564,0.212387186107371,0.831804981758215,0.886767611736801
6464,SHC1,SHC adaptor protein 1,protein_coding,1924.82720270635,-0.317501369341775,0.0893526483264528,-3.55335152665843,0.000380355835093745,0.00153330946022166
1163,CKS1B,CDC28 protein kinase regulatory subunit 1B,protein_coding,185.512254666983,-0.428435576185812,0.145019059438404,-2.95433978019825,0.00313338807760191,0.00905981345885933
4582,MUC1,"mucin 1, cell surface associated",protein_coding,14736.6581077302,0.0845524225289858,0.2430474192623,0.347884469564088,0.727926949140108,0.806296891484783
55870,ASH1L,ASH1 like histone lysine methyltransferase,protein_coding,37.1258065634666,0.145770449728875,0.112588865548346,1.29471461515243,0.195418696292628,0.296040789234631
55249,YY1AP1,YY1 associated protein 1,protein_coding,3086.66724123819,0.232981188094511,0.0899005169302806,2.59154447660398,0.00955461902655267,0.0233913811788742
7818,DAP3,death associated protein 3,protein_coding,135.2581007841,0.242058441963162,0.119714582805369,2.02196287445364,0.0431801873975534,0.0842993879693795
54856,GON4L,gon-4 like,protein_coding,1124.90367629082,-0.019324895217132,0.0585933300501811,-0.329813908862691,0.74154057715057,0.81669070039717
4209,MEF2D,myocyte enhancer factor 2D,protein_coding,1055.42493504913,-0.0733777615420355,0.0964701607635412,-0.760626508355182,0.446880181923364,0.564320832142681
5546,PRCC,proline rich mitotic checkpoint control factor,protein_coding,743.357841368461,-0.0237740672656227,0.0583633650406449,-0.407345725337567,0.683754083644115,0.774244158184457
23385,NCSTN,nicastrin,protein_coding,1758.17341052003,0.0786982051391615,0.0803389796003767,0.979576857095065,0.32729503333214,0.448060221141223
51506,UFC1,ubiquitin-fold modifier conjugating enzyme 1,protein_coding,1168.75680398553,0.00908401074599882,0.105423443997951,0.0861668942078518,0.931333747393093,0.950028402906458
6391,SDHC,succinate dehydrogenase complex subunit C,protein_coding,1326.78675264829,0.454916083591048,0.0991106856597283,4.58998018793744,4.43288083227215e-06,3.4639064151267e-05
2212,FCGR2A,Fc gamma receptor IIa,protein_coding,360.089924086253,-0.747788265603151,0.206731423209124,-3.61719691179559,0.000297810741680191,0.00123011973841793
9103,FCGR2C,Fc gamma receptor IIc (gene/pseudogene),protein_coding,226.172288709613,0.231546254011405,0.222358538636389,1.0413193728982,0.297727348447157,0.417814864724588
2213,FCGR2B,Fc gamma receptor IIb,protein_coding,225.988365204118,0.389610936456045,0.211879129989176,1.83883583284465,0.0659393360671907,0.117554957296372
4921,DDR2,discoidin domain receptor tyrosine kinase 2,protein_coding,751.315257339527,-0.682662695388015,0.195642148414879,-3.48934368651666,0.000484208156806328,0.00186242449303718
5087,PBX1,PBX homeobox 1,protein_coding,820.104697132238,0.248031177852154,0.15421295613095,1.60836796125961,0.10775461425145,0.178209554338936
92241,RCSD1,RCSD domain containing 1,protein_coding,237.598937084095,-0.0967036116430982,0.170221305641553,-0.568105216198575,0.569963526073446,0.674068288593207
92342,METTL18,"methyltransferase 18, RPL3 N3(tau)-histidine",protein_coding,47.717286111538,0.133140354146448,0.137197893499656,0.970425643938778,0.33183437144679,0.451807229522507
5396,PRRX1,paired related homeobox 1,protein_coding,107.463212172171,-0.86941130611758,0.296891975393823,-2.92837590158615,0.00340737822421263,0.00973453710733317
2329,FMO4,flavin containing dimethylaniline monoxygenase 4,protein_coding,24.5118014649117,0.147787429118416,0.174106062364896,0.848835629908621,0.395972761127373,0.517976848994231
26052,DNM3,dynamin 3,protein_coding,160.735403688641,-0.150600037628673,0.167814623476822,-0.897419036008346,0.369495358543542,0.490224459080317
27,ABL2,"ABL proto-oncogene 2, non-receptor tyrosine kinase",protein_coding,925.209940726183,-0.546209303553736,0.11597240927819,-4.70982112860576,2.47934285730274e-06,2.05834553054292e-05
89884,LHX4,LIM homeobox 4,protein_coding,16.7832059066655,-0.158511710948145,0.193136465328509,-0.820723889082933,0.411803560245145,0.532045123675738
84320,ACBD6,acyl-CoA binding domain containing 6,protein_coding,14.3794935968012,-0.176546676767825,0.173370894490132,-1.01831785137311,0.308526927549464,0.428865137034198
10216,PRG4,proteoglycan 4,protein_coding,72.4341725498642,-0.00707442827676225,0.108647394809193,-0.0651136485065876,0.948083513557808,0.960686436396643
7175,TPR,"translocated promoter region, nuclear basket protein",protein_coding,5645.4441610298,-0.088916221323278,0.0708034753621549,-1.25581718790607,0.20918225844193,0.312933672976911
5743,PTGS2,prostaglandin-endoperoxide synthase 2,protein_coding,869.979263764044,-0.960201684859844,0.257886560908828,-3.72334906276605,0.00019659741328085,0.00085857776581246
79577,CDC73,cell division cycle 73,protein_coding,1750.43975486221,0.0661033254461325,0.0639355475582177,1.03390567486641,0.301180261791893,0.421602085997499
7832,BTG2,BTG anti-proliferation factor 2,protein_coding,445.50395112816,-0.0709343623701462,0.190872138162734,-0.371632879753613,0.710166205179459,0.79290860591608
4194,MDM4,MDM4 regulator of p53,protein_coding,2242.53333628385,0.0760230601867727,0.0777537611194475,0.977741257686351,0.328202310713745,0.448536494188087
2005,ELK4,ETS transcription factor ELK4,protein_coding,1648.36546946188,-0.123492256279781,0.0712245133813879,-1.73384485785832,0.0829456140100472,0.142666456097281
85414,SLC45A3,solute carrier family 45 member 3,protein_coding,188.538795655062,-0.905169501591853,0.213983334705405,-4.23009344553873,2.3359425666587e-05,0.0001409127943988
9641,IKBKE,inhibitor of nuclear factor kappa B kinase subunit epsilon,protein_coding,616.562317672119,0.089064947207757,0.11006676390741,0.809190204616902,0.418405748380219,0.538417657214476
7188,TRAF5,TNF receptor associated factor 5,protein_coding,533.593789233208,-0.954318568828647,0.124403259343949,-7.67117014346188,1.70434287652541e-14,2.17874923255629e-12
467,ATF3,activating transcription factor 3,protein_coding,983.440236372641,-0.34208692097921,0.294920750244187,-1.15992828817901,0.24607800426699,0.359471091599079
1063,CENPF,centromere protein F,protein_coding,1664.22636371072,-0.692635383023488,0.166898972987585,-4.15002783195682,3.3243485049251e-05,0.000188980760771505
7042,TGFB2,transforming growth factor beta 2,protein_coding,27.4845664512798,-0.444666194410289,0.219477589348161,-2.02602095152826,0.0427626376664441,0.0836790471022483
3020,H3-3A,H3.3 histone A,protein_coding,688.765544758736,0.260121136542481,0.128133901810866,2.03007270415005,0.042349149613563,0.0832585274348713
92815,H2AC25,H2A clustered histone 25,protein_coding,25.5613763715775,-0.481842150456878,0.261961173761295,-1.83936475599985,0.0658615543126904,0.117554957296372
128312,H2BC26,H2B clustered histone 26,protein_coding,74.796267535229,-0.667957955741775,0.205839648515124,-3.24504030472389,0.00117434000949628,0.00393087464256539
359948,IRF2BP2,interferon regulatory factor 2 binding protein 2,protein_coding,1638.97292036846,0.00819257526695663,0.122358085220715,0.0669557328571996,0.946616944136899,0.959780299466493
2786,GNG4,G protein subunit gamma 4,protein_coding,63.9934823231408,0.41850354932953,0.459085122431385,0.911603380029113,0.361977542450098,0.483309186854152
2271,FH,fumarate hydratase,protein_coding,681.829057221492,0.338594548781487,0.130617091589325,2.59226832156138,0.00953453757454003,0.0233763443165258
10000,AKT3,AKT serine/threonine kinase 3,protein_coding,399.038878375383,-0.277743559242754,0.142562923262927,-1.94821734070727,0.0513889627716088,0.0977089462222087
7173,TPO,thyroid peroxidase,protein_coding,29.7942114268724,0.0413757771163424,0.375512187912428,0.110184911297717,0.912262728447474,0.937045296535472
130814,SLC66A3,solute carrier family 66 member 3,protein_coding,196.823806901068,-0.221381960538419,0.12136705284146,-1.82406967422705,0.0681415395086935,0.12067351870175
4613,MYCN,"MYCN proto-oncogene, bHLH transcription factor",protein_coding,81.7819152158076,-1.32001190141265,0.410404632104175,-3.21636696604726,0.00129824708854906,0.00428574875491492
80304,WDCP,WD repeat and coiled coil containing,protein_coding,109.661305469326,-0.255329550466638,0.156776277769606,-1.62862362915557,0.103392718954462,0.171503056069865
8648,NCOA1,nuclear receptor coactivator 1,protein_coding,2359.854753265,0.531399799134731,0.0949013527039249,5.59949657190454,2.14975184414251e-08,3.87648800282472e-07
1788,DNMT3A,DNA methyltransferase 3 alpha,protein_coding,772.792666975848,-0.380552418817942,0.115982371880363,-3.2811229210805,0.00103394673228869,0.00354586640091641
790,CAD,"carbamoyl-phosphate synthetase 2, aspartate transcarbamylase, and dihydroorotase",protein_coding,1842.85924955649,-0.587688038787225,0.105412152719315,-5.57514502480642,2.47323738803112e-08,4.27589597910122e-07
5500,PPP1CB,protein phosphatase 1 catalytic subunit beta,protein_coding,4138.65731884931,0.607778694256151,0.117936976523972,5.15341932758986,2.55779136270384e-07,2.97876119114885e-06
238,ALK,ALK receptor tyrosine kinase,protein_coding,32.0176712122324,0.527701467604569,0.236279543909529,2.23337771384317,0.0255240465727178,0.054045234977838
51646,YPEL5,yippee like 5,protein_coding,774.986086557287,0.543201353557933,0.109999550544435,4.93821430059848,7.88411766584341e-07,7.55523732892537e-06
57448,BIRC6,baculoviral IAP repeat containing 6,protein_coding,9202.86431583827,-0.0921299461294874,0.0542454890205831,-1.69838907885095,0.0894343519685708,0.151190935737191
4052,LTBP1,latent transforming growth factor beta binding protein 1,protein_coding,2335.63150361852,-0.693819450672455,0.164569649633514,-4.21596237348471,2.48715230564115e-05,0.000148962657734293
6801,STRN,striatin,protein_coding,2011.8530138941,0.5949309753253,0.0947646100846356,6.27798684333696,3.42984930661335e-10,1.06365342671838e-08
1545,CYP1B1,cytochrome P450 family 1 subfamily B member 1,protein_coding,75.1321897826586,-0.45429495222847,0.3084261908065,-1.47294544292928,0.140765747310533,0.222912330726877
6654,SOS1,SOS Ras/Rac guanine nucleotide exchange factor 1,protein_coding,630.622192245001,0.0731515647717517,0.0774343763467969,0.944691081957395,0.344816611293336,0.465585714282548
27436,EML4,EMAP like 4,protein_coding,2102.28629491453,-0.273936074787532,0.0873268240849681,-3.13690641630336,0.00170740616118795,0.00540249081568338
63892,THADA,THADA armadillo repeat containing,protein_coding,1319.90933509186,-0.138043319461469,0.0716013459221392,-1.92794308100829,0.0538622063644421,0.100923933042647
10128,LRPPRC,leucine rich pentatricopeptide repeat containing,protein_coding,2664.15127702361,-0.244359625940478,0.104838311268003,-2.33082375121256,0.0197626551794132,0.0440717722551541
4072,EPCAM,epithelial cell adhesion molecule,protein_coding,4053.63357875217,-2.34107386744111,0.262343428656735,-8.92369928771612,4.50967203772777e-19,2.52090666908982e-16
4436,MSH2,mutS homolog 2,protein_coding,414.545888163421,-0.281835119873993,0.10012575323771,-2.81481148216566,0.00488058548492743,0.0131376273807758
2956,MSH6,mutS homolog 6,protein_coding,1202.4935420243,-0.177037195058777,0.0734370873302092,-2.41073279857535,0.0159205073785451,0.0365735491422192
80204,FBXO11,F-box protein 11,protein_coding,1448.04481300474,0.124925177190727,0.0705139479892214,1.77163782135448,0.0764546972200281,0.133279134343022
6711,SPTBN1,"spectrin beta, non-erythrocytic 1",protein_coding,20796.116313951,-0.815070993543383,0.110700573620115,-7.36284345138464,1.80033462565485e-13,1.550424118098e-11
7444,VRK2,VRK serine/threonine kinase 2,protein_coding,80.2144564070536,-0.123443790835124,0.106693874763888,-1.1569904186937,0.247276274910993,0.36068669482256
55120,FANCL,FA complementation group L,protein_coding,474.056749249864,-0.320382116292954,0.0920208427266207,-3.48162554047412,0.00049838010154363,0.00189950779611061
53335,BCL11A,BCL11 transcription factor A,protein_coding,309.135505613204,0.798831344708883,0.251161675713886,3.18054632514429,0.00146997634544025,0.00476818245900058
7514,XPO1,exportin 1,protein_coding,2802.87052079912,-0.192330255244652,0.0656499441672514,-2.92963318833398,0.00339362344094379,0.00971178585403198
150684,COMMD1,copper metabolism domain containing 1,protein_coding,224.209397513926,0.370256512196847,0.0858843654509675,4.31110494037743,1.6244078622799e-05,0.000101646715859828
4190,MDH1,malate dehydrogenase 1,protein_coding,1622.24407151488,0.509726542251078,0.133478185643943,3.81880035147308,0.000134102238130666,0.000619500699674973
5534,PPP3R1,"protein phosphatase 3 regulatory subunit B, alpha",protein_coding,463.783845938133,0.103919581934715,0.075719894171419,1.37242111959978,0.16993237920388,0.262390059146481
5093,PCBP1,poly(rC) binding protein 1,protein_coding,2777.69255346141,0.411746159892851,0.0984030025895057,4.1842845142691,2.86065652124143e-05,0.000166573645351454
925,CD8A,CD8 subunit alpha,protein_coding,32.6376566816692,0.622584352755881,0.330819214414285,1.8819473767815,0.0598431609286343,0.109083674866652
400966,RGPD1,RANBP2 like and GRIP domain containing 1,protein_coding,289.919536759841,-0.813055721963695,0.222223474454977,-3.65873013171892,0.000253468074021554,0.00107339888922764
729857,RGPD2,RANBP2 like and GRIP domain containing 2,protein_coding,325.378698078276,-0.83384969658547,0.230120993923572,-3.62352726871329,0.000290612549351694,0.0012093231892377
1844,DUSP2,dual specificity phosphatase 2,protein_coding,87.8726008413294,0.373498797234396,0.271536570143162,1.37550090228169,0.168976206179923,0.261173361994222
55654,TMEM127,transmembrane protein 127,protein_coding,365.076760614621,0.243728153436097,0.119096680549217,2.04647310329842,0.0407098461108523,0.0802237507965914
3631,INPP4A,inositol polyphosphate-4-phosphatase type I A,protein_coding,851.267115474625,-0.49112343524389,0.0880344056613838,-5.57876697813978,2.42229475284471e-08,4.23144614637561e-07
3899,AFF3,ALF transcription elongation factor 3,protein_coding,275.7938723078,0.479999383796362,0.261056793847822,1.83867800075783,0.065962561011262,0.117554957296372
3554,IL1R1,interleukin 1 receptor type 1,protein_coding,716.886762129062,0.51885716922732,0.138911622300617,3.73516024529946,0.000187595694196429,0.000821404645345723
2274,FHL2,four and a half LIM domains 2,protein_coding,673.576570888293,-0.519318460340803,0.17913558644126,-2.89902453587072,0.00374325600377253,0.0104449922101939
653489,RGPD3,RANBP2 like and GRIP domain containing 3,protein_coding,259.838672546987,-0.175717025716886,0.0923783055815147,-1.90214601372866,0.0571520683416142,0.105671464838905
285190,RGPD4,RANBP2 like and GRIP domain containing 4,protein_coding,195.738811156986,-0.124840692978604,0.0871779433994592,-1.43202154249693,0.15213765618978,0.237998926707333
5903,RANBP2,RAN binding protein 2,protein_coding,7095.89515981096,0.0532061167026047,0.072376844522539,0.735126227919977,0.462262622335271,0.579696977085701
84220,RGPD5,RANBP2 like and GRIP domain containing 5,protein_coding,786.627950759788,-0.23040905651741,0.0998208466987344,-2.30822582794553,0.0209865793501664,0.0460660910605093
729540,RGPD6,RANBP2 like and GRIP domain containing 6,protein_coding,797.046656261303,-0.231983398285039,0.10053735847839,-2.3074347863924,0.0210305938400655,0.0461023606141043
727851,RGPD8,RANBP2 like and GRIP domain containing 8,protein_coding,757.182428413585,-0.196154085562168,0.0897167057940367,-2.18637191174272,0.0287884068579539,0.0597501959168176
150465,TTL,tubulin tyrosine ligase,protein_coding,229.537651344735,-0.124932627502632,0.0832162411825565,-1.50130101681184,0.133277722120975,0.213528795118552
3553,IL1B,interleukin 1 beta,protein_coding,2750.02185134133,-0.298714108744783,0.28558919063134,-1.04595733502528,0.295580731063269,0.415149820764743
7849,PAX8,paired box 8,protein_coding,103.906964086808,-0.111705366505967,0.262541580483264,-0.425476857038604,0.670489088949173,0.76231200146967
274,BIN1,bridging integrator 1,protein_coding,1118.88729132931,-0.882121274775825,0.173889548331055,-5.07288266167914,3.91834131224845e-07,4.15889770926623e-06
2071,ERCC3,"ERCC excision repair 3, TFIIH core complex helicase subunit",protein_coding,930.432143747804,-0.115374307393578,0.071892995144586,-1.60480596421871,0.108536513021353,0.179325844666807
7852,CXCR4,C-X-C motif chemokine receptor 4,protein_coding,1354.97680025818,-0.692045689700311,0.214538726395015,-3.225737848495,0.00125648386247467,0.00418911220153087
53353,LRP1B,LDL receptor related protein 1B,protein_coding,72.7196286447041,1.34876052072423,0.343596810581186,3.92541629953675,8.65798722606683e-05,0.000430844052763029
92,ACVR2A,activin A receptor type 2A,protein_coding,557.853821163375,0.135873252957912,0.131347121618014,1.03445931120638,0.300921489115504,0.421602085997499
130399,ACVR1C,activin A receptor type 1C,protein_coding,62.9815439624099,-0.224430946284753,0.248146078941184,-0.904430758053397,0.365767034730095,0.486432448249302
5163,PDK1,pyruvate dehydrogenase kinase 1,protein_coding,744.381770535997,0.304721647939712,0.172964197700968,1.76176140490378,0.0781096181738717,0.135600237761473
6670,SP3,Sp3 transcription factor,protein_coding,1421.13524464504,-0.0169203312917351,0.089359389091492,-0.189351465623954,0.849817361088718,0.89795354338091
1123,CHN1,chimerin 1,protein_coding,163.881281254736,-1.20208287933353,0.234255327030159,-5.13150712333115,2.87431345058767e-07,3.21348243775701e-06
4780,NFE2L2,NFE2 like bZIP transcription factor 2,protein_coding,5387.11578120715,1.37565366042684,0.147652471171936,9.31683465578403,1.19862806290897e-20,2.01009926149835e-17
3685,ITGAV,integrin subunit alpha V,protein_coding,3196.70101280895,-0.338219245508257,0.102350073663612,-3.30453348397052,0.00095134610997678,0.00332376547173138
1281,COL3A1,collagen type III alpha 1 chain,protein_coding,43293.3524812236,-1.54755292433719,0.270468114769322,-5.72175735264424,1.05427808452186e-08,2.00911857698087e-07
5378,PMS1,"PMS1 homolog 1, mismatch repair system component",protein_coding,395.959943121681,-0.203345508455681,0.0910285250564048,-2.23386579459219,0.0254919048011874,0.054045234977838
6772,STAT1,signal transducer and activator of transcription 1,protein_coding,1983.79973046787,-0.0445041913351736,0.175142916864932,-0.254102147730557,0.799416644168517,0.861610812615308
6775,STAT4,signal transducer and activator of transcription 4,protein_coding,89.6646508620286,0.324450926383793,0.153712000427117,2.1107716084772,0.0347919475865712,0.0702119086674849
23451,SF3B1,splicing factor 3b subunit 1,protein_coding,6284.1938982182,-0.0644439754802711,0.0577679028948836,-1.11556716188115,0.26460745495606,0.378739433291832
841,CASP8,caspase 8,protein_coding,914.956689515713,-0.18604861489151,0.101114020901531,-1.83998829472612,0.0657699558305266,0.117554957296372
8324,FZD7,frizzled class receptor 7,protein_coding,87.3505727432803,-0.724239888826008,0.222250311615051,-3.25866759674304,0.00111936737546164,0.00377702029909291
940,CD28,CD28 molecule,protein_coding,22.99471792213,0.215730945052806,0.264850421277354,0.814538802741381,0.415336352536566,0.534960878036729
1493,CTLA4,cytotoxic T-lymphocyte associated protein 4,protein_coding,27.393408808085,-0.722882497047374,0.258304737183188,-2.79856461375972,0.00513302983856162,0.0136511671635975
1385,CREB1,cAMP responsive element binding protein 1,protein_coding,691.590900061624,0.0934674321642012,0.0506401431910035,1.84571816496771,0.0649331382722019,0.11653841614369
7855,FZD5,frizzled class receptor 5,protein_coding,68.0919589337008,-0.921967065588411,0.242216429322555,-3.80637708254152,0.000141017327215062,0.000644376179127138
3417,IDH1,isocitrate dehydrogenase (NADP(+)) 1,protein_coding,1461.5859040854,0.175335857736018,0.120191763307342,1.45880094368586,0.144619902809621,0.227939452078698
4133,MAP2,microtubule associated protein 2,protein_coding,317.55578844446,0.469678166138784,0.20997236933379,2.23685700946748,0.0252956871054846,0.0537653577641289
1373,CPS1,carbamoyl-phosphate synthase 1,protein_coding,2404.5162681054,-2.28971999881399,0.427072709927115,-5.36142896886284,8.25661884940609e-08,1.13494670577492e-06
22807,IKZF2,IKAROS family zinc finger 2,protein_coding,1033.80060248941,1.25537672026043,0.202817469537562,6.18968732389169,6.02836742514381e-10,1.65730691343708e-08
580,BARD1,BRCA1 associated RING domain 1,protein_coding,481.575647094701,0.0364562240651128,0.0984529503666118,0.370290823478218,0.711165810463984,0.79349638333207
471,ATIC,5-aminoimidazole-4-carboxamide ribonucleotide formyltransferase/IMP cyclohydrolase,protein_coding,979.385681219731,-0.75793347544101,0.128648293694292,-5.89151595933403,3.82668694166115e-09,8.62208677808739e-08
3485,IGFBP2,insulin like growth factor binding protein 2,protein_coding,892.765951669004,0.973444878242132,0.26049242965556,3.73694114462092,0.000186272502573191,0.000819892353845778
80326,WNT10A,Wnt family member 10A,protein_coding,41.0867328799524,0.68841669994189,0.348743531262032,1.97399130946071,0.0483827311293784,0.092835057327194
130367,SGPP2,sphingosine-1-phosphate phosphatase 2,protein_coding,636.69424996209,0.619628785955794,0.165870907373563,3.73560858722688,0.000187261750689301,0.000821404645345723
2181,ACSL3,acyl-CoA synthetase long chain family member 3,protein_coding,1689.52185211248,0.791251865384595,0.135830145744336,5.82530380902276,5.70087955646145e-09,1.2416071449592e-07
3667,IRS1,insulin receptor substrate 1,protein_coding,476.287956830255,-0.109418145381773,0.196867581920176,-0.555795648600687,0.578350560534046,0.681583900221782
6672,SP100,SP100 nuclear antigen,protein_coding,45.3370325567147,-0.288059037274601,0.152097985088643,-1.89390436110459,0.0582377055374328,0.107170093502674
129563,DIS3L2,DIS3 like 3'-5' exoribonuclease 2,protein_coding,1507.92531256133,0.040096239458266,0.0677462468916872,0.591859199556426,0.553944877147275,0.660245599840782
3635,INPP5D,inositol polyphosphate-5-phosphatase D,protein_coding,1047.4790788925,-0.512638202206178,0.150964484208979,-3.39575367605362,0.000684399210760601,0.00252249994823193
57007,ACKR3,atypical chemokine receptor 3,protein_coding,279.852231347089,0.00779021547915143,0.163459332029805,0.0476584321152797,0.961988462800626,0.970086982631779
1293,COL6A3,collagen type VI alpha 3 chain,protein_coding,17349.5787770717,-1.82775796338591,0.274295238310682,-6.66346953247393,2.67437509158365e-11,1.18024395489099e-09
9759,HDAC4,histone deacetylase 4,protein_coding,925.207150101102,0.0994548523681033,0.107673728403171,0.92366869656177,0.355658834971985,0.477151892998415
23178,PASK,PAS domain containing serine/threonine kinase,protein_coding,462.944628454372,-0.218103823430293,0.104081791432299,-2.09550412640773,0.0361262020223796,0.0724684698463285
3069,HDLBP,high density lipoprotein binding protein,protein_coding,28.5707498974372,-0.213384953200111,0.127290084200939,-1.67636744479847,0.0936662415757863,0.157709123617062
4735,SEPTIN2,septin 2,protein_coding,2520.4621215161,-0.117421292931736,0.0595537707901058,-1.97168527490192,0.0486455456429601,0.0932326629065647
5133,PDCD1,programmed cell death 1,protein_coding,17.3808178300799,0.263064790323083,0.271006704461432,0.970694768772855,0.331700297642146,0.451807229522507
10752,CHL1,cell adhesion molecule L1 like,protein_coding,289.337598704068,1.0773147129826,0.30480469826808,3.53444260900166,0.000408636166358781,0.001620054021238
9901,SRGAP3,SLIT-ROBO Rho GTPase activating protein 3,protein_coding,90.7470853966632,0.614741950243494,0.198183847186599,3.10187716592607,0.00192297732717618,0.0059498763425728
2177,FANCD2,FA complementation group D2,protein_coding,746.557471327569,-0.515109870443604,0.100253457583016,-5.13807586154386,2.77565836056537e-07,3.16651637460417e-06
115795,FANCD2OS,FANCD2 opposite strand,protein_coding,20.9193183007931,-0.314163047659562,0.157448314591402,-1.9953408105692,0.0460057217191972,0.088986845816717
7428,VHL,von Hippel-Lindau tumor suppressor,protein_coding,174.959019971381,-0.0670659957662492,0.0913522048334181,-0.734147532493002,0.462858826665327,0.579696977085701
5468,PPARG,peroxisome proliferator activated receptor gamma,protein_coding,713.22862649729,-0.741854929202218,0.195163090747135,-3.80120506578475,0.000143994066111151,0.000654412056553928
5894,RAF1,"Raf-1 proto-oncogene, serine/threonine kinase",protein_coding,2002.03276480671,0.533661914936073,0.0979530499632155,5.44813985002489,5.08993312541387e-08,7.61816013376713e-07
7508,XPC,"XPC complex subunit, DNA damage recognition and repair factor",protein_coding,1206.34627242324,-0.298285458534964,0.0818265893569339,-3.64533656943491,0.000267042078213663,0.0011223798625672
686,BTD,biotinidase,protein_coding,68.0650388588295,0.0133222995142933,0.136499859794512,0.0975993640898153,0.922250429479383,0.943057298924954
23243,ANKRD28,ankyrin repeat domain 28,protein_coding,1566.17682992166,-0.0485643289277881,0.0994639496326879,-0.488260612082389,0.625365256807407,0.7229283566143
8850,KAT2B,lysine acetyltransferase 2B,protein_coding,925.617970116226,1.12150088538783,0.166766617122965,6.72497232801035,1.75625815880047e-11,8.66248509502468e-10
7155,TOP2B,DNA topoisomerase II beta,protein_coding,2914.72289412809,0.16479206572271,0.073896974084844,2.23002454110645,0.0257458136907047,0.0544003571290409
7048,TGFBR2,transforming growth factor beta receptor 2,protein_coding,690.382770223385,-0.683996889825058,0.128389954096864,-5.32749539974925,9.95763001496522e-08,1.30460511992943e-06
4292,MLH1,mutL homolog 1,protein_coding,886.88522280843,-0.114531002772487,0.0969214897921243,-1.18168842656186,0.237329352199752,0.349123968104372
9940,DLEC1,DLEC1 cilia and flagella associated protein,protein_coding,123.050308812341,-0.230384203262331,0.1468817367679,-1.56850135579742,0.11676417379921,0.191224140098901
4615,MYD88,MYD88 innate immune signal transduction adaptor,protein_coding,986.532115383717,0.256447837639842,0.133746556268034,1.91741637912463,0.0551850550306318,0.103057168470345
1499,CTNNB1,catenin beta 1,protein_coding,8225.88585709242,-0.465120095112041,0.146961770267499,-3.16490536460899,0.00155133399347141,0.00500305212894529
29072,SETD2,"SET domain containing 2, histone lysine methyltransferase",protein_coding,3399.24792751098,0.087139098314034,0.0503901553304708,1.72928814651502,0.0837575370409421,0.143768054879898
993,CDC25A,cell division cycle 25A,protein_coding,120.553705837749,-0.622663695729225,0.188835339377198,-3.29738966118759,0.000975880096346854,0.00339533386218605
51517,NCKIPSD,NCK interacting protein with SH3 domain,protein_coding,270.718117735139,-0.561870209645278,0.117651978477218,-4.77569707639109,1.79085805986061e-06,1.54013793148012e-05
10425,ARIH2,ariadne RBR E3 ubiquitin protein ligase 2,protein_coding,1475.72374227443,0.0137000840059663,0.0667950600464443,0.205106245827765,0.837489116709213,0.890031209582604
387,RHOA,ras homolog family member A,protein_coding,3436.38265351257,0.179032225816967,0.086248572097219,2.07577031669768,0.0379151989449286,0.0752470871368583
6988,TCTA,T cell leukemia translocation altered,protein_coding,111.124435353908,-0.277509055025357,0.128337975471801,-2.16233000407842,0.0305927485991675,0.0629497415960785
10180,RBM6,RNA binding motif protein 6,protein_coding,4461.66275221593,-0.179734878797593,0.0981411712190711,-1.83139121497122,0.0670421716110869,0.119099281559103
8314,BAP1,BRCA1 associated protein 1,protein_coding,1152.70972171069,0.0538133502981875,0.0758495899040076,0.709474505614225,0.478030066841587,0.593819571920994
55193,PBRM1,polybromo 1,protein_coding,2509.3600681138,0.206880980957998,0.061132945175839,3.38411605007641,0.00071407814206565,0.00260895216610914
5580,PRKCD,protein kinase C delta,protein_coding,2331.11511113706,0.389674115029658,0.127526174173476,3.05564028369249,0.00224580515584324,0.00678597341684525
55799,CACNA2D3,calcium voltage-gated channel auxiliary subunit alpha2delta 3,protein_coding,408.09108318064,1.79145143128847,0.276983550343732,6.46771777264501,9.94940971152737e-11,3.33703201724628e-09
7474,WNT5A,Wnt family member 5A,protein_coding,21.1955515300635,0.245066463744419,0.292739401615875,0.837148885294193,0.402508884858186,0.523225821701887
2317,FLNB,filamin B,protein_coding,115.564880938745,-0.251744759695092,0.186447043084852,-1.35022125065573,0.176945023640575,0.270644077894465
2272,FHIT,fragile histidine triad diadenosine triphosphatase,protein_coding,102.189173086334,0.172748616041077,0.147090104005309,1.17444077702767,0.240218520303524,0.352755217643616
4286,MITF,melanocyte inducing transcription factor,protein_coding,335.841724966931,0.0847567406173613,0.195206234923059,0.434190745243196,0.66414993306695,0.75767308690699
27086,FOXP1,forkhead box P1,protein_coding,2097.55840530591,-0.0160243876915544,0.109155061316958,-0.146803890705753,0.883286813621057,0.9189032173961
6092,ROBO2,roundabout guidance receptor 2,protein_coding,306.902111062906,0.65332203896486,0.27216121182175,2.40049650937309,0.0163728469062119,0.0374587506981138
6091,ROBO1,roundabout guidance receptor 1,protein_coding,1424.06008226168,0.0281501949201827,0.147432009907405,0.190936791391928,0.848575115041335,0.89795354338091
389136,VGLL3,vestigial like family member 3,protein_coding,77.0188878572427,-1.17248828133599,0.307838636785118,-3.80877557664871,0.000139656640521656,0.000639902147963981
25978,CHMP2B,charged multivesicular body protein 2B,protein_coding,564.289673380607,0.139587563775875,0.111056211767285,1.25690910534908,0.208786551041715,0.312620576872283
2042,EPHA3,EPH receptor A3,protein_coding,178.313547522886,-0.498220611032307,0.227655706585999,-2.18848285643172,0.0286344486919885,0.059520305478953
10342,TFG,trafficking from ER to golgi regulator,protein_coding,1336.2292594902,0.0481790646038855,0.0726071937970129,0.663557728709075,0.506973419787113,0.618821658466172
868,CBLB,Cbl proto-oncogene B,protein_coding,1860.40947571283,-0.641025101535717,0.128245528988094,-4.99842065913445,5.78017806220801e-07,5.73571515403718e-06
57650,CIP2A,cellular inhibitor of PP2A,protein_coding,161.875531713896,-0.821902796222856,0.157448745902235,-5.22012920149395,1.78798350354812e-07,2.17278864887695e-06
2932,GSK3B,glycogen synthase kinase 3 beta,protein_coding,1102.09729893629,0.0851986993593716,0.0601518382340347,1.41639394340513,0.156660196212083,0.24438990609085
8997,KALRN,kalirin RhoGEF kinase,protein_coding,1730.1771085133,-0.132486774839439,0.128357264742384,-1.03217200136933,0.301991548795621,0.422360333958579
60678,EEFSEC,"eukaryotic elongation factor, selenocysteine-tRNA specific",protein_coding,164.98396790642,-0.246398658682411,0.101076079973714,-2.43775439991825,0.0147788111306127,0.0344223142583853
2624,GATA2,GATA binding protein 2,protein_coding,87.5708111577212,-1.42375746336579,0.372385326205147,-3.82334470016535,0.000131653525521883,0.000613286006389437
6184,RPN1,ribophorin I,protein_coding,2899.41440116016,-0.317189873543632,0.0907967340535288,-3.49340619847223,0.000476900493122907,0.00183853362521176
7555,CNBP,CCHC-type zinc finger nucleic acid binding protein,protein_coding,3428.07066541044,0.228939865725245,0.078903091506344,2.90153226387635,0.00371342537621234,0.0103963511784776
2047,EPHB1,EPH receptor B1,protein_coding,70.1770327077754,-2.26770977194717,0.371560453126194,-6.10320542153332,1.03962085569246e-09,2.64158208332767e-08
5291,PIK3CB,"phosphatidylinositol-4,5-bisphosphate 3-kinase catalytic subunit beta",protein_coding,1080.05139609621,-0.176715330023929,0.0931643586854365,-1.89681260642384,0.0578526749168225,0.106731502569319
545,ATR,ATR serine/threonine kinase,protein_coding,1243.55069017469,-0.264752007016148,0.084914519936155,-3.11786496838478,0.00182166244278147,0.00569949238161292
25937,WWTR1,WW domain containing transcription regulator 1,protein_coding,1147.48304537125,0.361010741264408,0.139050988619949,2.59624721008719,0.0094248228543792,0.0232119747105386
4154,MBNL1,muscleblind like splicing regulator 1,protein_coding,1581.14408465013,0.043322280232835,0.0806421271185843,0.537216486974973,0.591118084150052,0.692735868008132
8833,GMPS,guanine monophosphate synthase,protein_coding,1034.27655050023,-0.186566816495246,0.0732929843152321,-2.54549351808114,0.010912338978835,0.0263398649021256
4291,MLF1,myeloid leukemia factor 1,protein_coding,63.1345952670949,-0.259660773169709,0.294161634162736,-0.88271461337497,0.377390484544204,0.496379484376965
2122,MECOM,MDS1 and EVI1 complex locus,protein_coding,2780.2527080498,0.286131600648961,0.128318104319185,2.22986150058158,0.0257566389746324,0.0544003571290409
79718,TBL1XR1,TBL1X/Y related 1,protein_coding,892.073563546499,-0.226624488758242,0.0835485970781512,-2.71248706362188,0.00667803879298269,0.0171501853841225
5290,PIK3CA,"phosphatidylinositol-4,5-bisphosphate 3-kinase catalytic subunit alpha",protein_coding,752.75044965651,0.0810694923211057,0.0690151257981619,1.17466267551547,0.240129697555875,0.352755217643616
6657,SOX2,SRY-box transcription factor 2,protein_coding,59.5471606800572,1.81175695276482,0.410480745020711,4.41374406654179,1.01598059344344e-05,7.12886801340855e-05
89857,KLHL6,kelch like family member 6,protein_coding,188.701992359049,-0.614552411218289,0.203147750686905,-3.02514996666366,0.00248509872678618,0.00735010681626176
5708,PSMD2,"proteasome 26S subunit ubiquitin receptor, non-ATPase 2",protein_coding,3595.06122436637,-0.0409557182653077,0.0753559040110603,-0.543497139378707,0.58678755992896,0.689588463910908
5437,POLR2H,"RNA polymerase II, I and III subunit H",protein_coding,1005.27431228266,-0.293862026827113,0.0920383486331261,-3.19282159220909,0.00140889964198762,0.00458781495070533
2049,EPHB3,EPH receptor B3,protein_coding,12.1788939128643,1.33923936210209,0.28766375881074,4.65557207358609,3.23082358643889e-06,2.64297129485757e-05
2119,ETV5,ETS variant transcription factor 5,protein_coding,199.573104356402,-0.2970707703082,0.180439383840487,-1.6463743335037,0.0996867140133302,0.165688534931857
1974,EIF4A2,eukaryotic translation initiation factor 4A2,protein_coding,3505.74691845707,-0.0595398442456446,0.0831484426357009,-0.71606686016366,0.473950065532414,0.590726567777398
6480,ST6GAL1,"ST6 beta-galactoside alpha-2,6-sialyltransferase 1",protein_coding,363.230791629571,-1.53358841778405,0.251421509281635,-6.09967071697979,1.06287189437957e-09,2.66035248787245e-08
604,BCL6,BCL6 transcription repressor,protein_coding,1157.15117511566,0.267455683212034,0.150287673554757,1.77962488130863,0.0751373714521349,0.131392462904307
4026,LPP,LIM domain containing preferred translocation partner in lipoma,protein_coding,4502.90220258043,-0.462287482738684,0.143834593646918,-3.21402154389575,0.00130889852142695,0.00431242204407267
8626,TP63,tumor protein p63,protein_coding,1849.61771258012,1.29653324150462,0.398200845298791,3.25597812463649,0.00113002457465891,0.00379769781904407
3556,IL1RAP,interleukin 1 receptor accessory protein,protein_coding,478.084583754634,0.636583627824866,0.181965928730301,3.49836715184397,0.00046811623258569,0.00181300443890578
151963,MB21D2,Mab-21 domain containing 2,protein_coding,97.0195162508981,-0.447552803719043,0.173705179192866,-2.57650811448819,0.00998038629030862,0.024256677983837
3280,HES1,hes family bHLH transcription factor 1,protein_coding,1082.49352176557,0.492461782454595,0.119281551535389,4.12856620420879,3.65032341114259e-05,0.000204053078682871
347,APOD,apolipoprotein D,protein_coding,252.064772029274,0.694806963748491,0.307537153998737,2.25926186385709,0.0238671006468483,0.0511830278577553
7037,TFRC,transferrin receptor,protein_coding,2543.93037936094,-0.443639114150261,0.123659847757809,-3.58757609842073,0.000333766337692678,0.00136518572758688
84223,IQCG,IQ motif containing G,protein_coding,186.450239676356,-0.25523701638501,0.1258718217939,-2.02775341412734,0.0425854211302634,0.0836250014466649
10460,TACC3,transforming acidic coiled-coil containing protein 3,protein_coding,1032.16014303105,-0.548485513453562,0.118960552901053,-4.61065033809797,4.01411223381655e-06,3.17531425288224e-05
2261,FGFR3,fibroblast growth factor receptor 3,protein_coding,1125.43118332504,0.824652380627454,0.243551111101898,3.3859520365006,0.000709317799867269,0.00260290142314532
7468,NSD2,nuclear receptor binding SET domain protein 2,protein_coding,1754.53632172035,-0.483232499447188,0.0892236743557325,-5.41596726358244,6.0958254406126e-08,8.78415067312678e-07
9778,KIAA0232,KIAA0232,protein_coding,1588.44931272595,0.462211321684689,0.0960851037480456,4.81043682792599,1.50600796918301e-06,1.34339115123399e-05
9948,WDR1,WD repeat domain 1,protein_coding,5848.89345713725,0.150931057887974,0.0868084570140339,1.73866767224734,0.0820932355538698,0.141368662902223
8842,PROM1,prominin 1,protein_coding,1509.50313253742,-2.28355234659799,0.339224874860791,-6.7316771729523,1.67718440500444e-11,8.52314620361349e-10
10891,PPARGC1A,PPARG coactivator 1 alpha,protein_coding,582.770023196736,0.175076864966817,0.286390869343429,0.611321392222429,0.540986831500252,0.648952014610817
10568,SLC34A2,solute carrier family 34 member 2,protein_coding,155.352146256586,-2.9856366987973,0.516402028161742,-5.78161303786004,7.39877402333916e-09,1.51313951672436e-07
399,RHOH,ras homolog family member H,protein_coding,252.220815023338,0.246905647642149,0.213529394661164,1.1563075333677,0.247555388038621,0.36068669482256
326340,ZAR1,zygote arrest 1,protein_coding,17.3964935864002,-0.234086390535976,0.147492903181624,-1.58710273841257,0.112489377796035,0.185309122361444
285527,FRYL,FRY like transcription coactivator,protein_coding,2743.83196329124,-0.266183355661239,0.0873020185103781,-3.0489942867655,0.00229608848202853,0.00687596497207474
81608,FIP1L1,factor interacting with PAPOLA and CPSF1,protein_coding,1250.70818837466,0.082208082917217,0.065329155479101,1.2583674519337,0.208258897300393,0.31238834595059
84708,LNX1,ligand of numb-protein X 1,protein_coding,102.373448333426,0.163000518181832,0.120537519333792,1.35228034459919,0.176285649729001,0.269982679995922
26511,CHIC2,cysteine rich hydrophobic domain 2,protein_coding,276.933105150022,0.495272340269286,0.105727194708932,4.68443659772469,2.80731046018836e-06,2.30777433418426e-05
5156,PDGFRA,platelet derived growth factor receptor alpha,protein_coding,1269.14211849779,0.171799217490669,0.170805067884001,1.00582037534942,0.314501984122531,0.434806123143846
3815,KIT,"KIT proto-oncogene, receptor tyrosine kinase",protein_coding,237.29588961488,0.727222374794018,0.23850202044071,3.04912458791853,0.00229509279743015,0.00687596497207474
3791,KDR,kinase insert domain receptor,protein_coding,636.155103387028,-0.494880267399763,0.171667379040629,-2.8827857113298,0.00394175489159554,0.0109346714332553
3576,CXCL8,C-X-C motif chemokine ligand 8,protein_coding,5598.36739208909,-0.990509049829903,0.368642783154593,-2.68690747545308,0.0072116926269172,0.018241340173967
25898,RCHY1,ring finger and CHY zinc finger domain containing 1,protein_coding,308.878199473326,0.248668893697515,0.127019137200664,1.95772778163868,0.0502619635088353,0.0957833100049054
5593,PRKG2,protein kinase cGMP-dependent 2,protein_coding,57.4184769988958,-0.41533405917412,0.277560352257476,-1.49637387255093,0.13455625422771,0.215110427397398
22872,SEC31A,"SEC31 homolog A, COPII coat complex component",protein_coding,5219.37859815628,0.156672070921927,0.0751812756987477,2.08392408170505,0.0371670734500139,0.0742898476468097
23001,WDFY3,WD repeat and FYVE domain containing 3,protein_coding,3865.50413395458,0.473443134890372,0.0851733460065906,5.55858325506829,2.719732200616e-08,4.60706151558892e-07
4299,AFF1,ALF transcription elongation factor 1,protein_coding,3310.60725000378,0.411202442053529,0.0938840516489708,4.379896636662,1.18735616299033e-05,7.99677223026014e-05
6696,SPP1,secreted phosphoprotein 1,protein_coding,446.106568132519,-2.19393790774652,0.412183767719591,-5.32271787383694,1.02228230202216e-07,1.3289669926288e-06
5910,RAP1GDS1,Rap1 GTPase-GDP dissociation stimulator 1,protein_coding,583.535288842201,0.293151460160253,0.0934761111916715,3.13611099587947,0.00171204394329875,0.0054069636401356
1977,EIF4E,eukaryotic translation initiation factor 4E,protein_coding,331.413650339002,0.414896193691781,0.101956964203852,4.06932667063568,4.71492008708422e-05,0.000253426954680777
5530,PPP3CA,protein phosphatase 3 catalytic subunit alpha,protein_coding,876.320389323738,0.0367391769864261,0.0923286830304066,0.397917264500857,0.690691173427064,0.779324658125742
4790,NFKB1,nuclear factor kappa B subunit 1,protein_coding,1332.2271028921,0.190728155778073,0.11543305702958,1.65228367580352,0.098476735494,0.164323866092973
54790,TET2,tet methylcytosine dioxygenase 2,protein_coding,1456.77357850727,0.552821961233179,0.113535275081481,4.86916476695403,1.12070933668418e-06,1.0270106872237e-05
51176,LEF1,lymphoid enhancer binding factor 1,protein_coding,203.17555440428,-0.218040043184351,0.203571142843222,-1.07107539968114,0.284135528430826,0.401428206553071
4085,MAD2L1,mitotic arrest deficient 2 like 1,protein_coding,64.4475295317188,-0.652339714957367,0.169137907298529,-3.85685104762462,0.000114857103451272,0.000547202734340291
890,CCNA2,cyclin A2,protein_coding,234.803036544355,-0.458118203955003,0.12655604723619,-3.61988394833493,0.000294735175306877,0.00122042194812255
2247,FGF2,fibroblast growth factor 2,protein_coding,36.5023581016866,-0.274382978837486,0.241406926055148,-1.13659944775074,0.255705771042323,0.368717607943229
80854,SETD7,"SET domain containing 7, histone lysine methyltransferase",protein_coding,448.244008416404,-0.187984694393258,0.0987846103552428,-1.90297551123844,0.0570437407271683,0.105587586312871
3600,IL15,interleukin 15,protein_coding,33.5357401719474,0.0169594958229822,0.1880219708063,0.0901995429058332,0.928128647556221,0.947335205083252
8821,INPP4B,inositol polyphosphate-4-phosphatase type II B,protein_coding,608.060929542891,-0.955544754832009,0.178539747801247,-5.35200013778296,8.69873326400956e-08,1.16702205469952e-06
2549,GAB1,GRB2 associated binding protein 1,protein_coding,1549.06773232703,0.365334041471182,0.105665440625222,3.45746006744968,0.000545293049832893,0.00205035077257794
8467,SMARCA5,"SWI/SNF related, matrix associated, actin dependent regulator of chromatin, subfamily a, member 5",protein_coding,1947.71514756887,-0.113921372598517,0.0621909224761985,-1.8318006561507,0.0669811254643941,0.119099281559103
166614,DCLK2,doublecortin like kinase 2,protein_coding,224.330693815461,-0.64962619184154,0.196802392529321,-3.30090596710989,0.00096373176462577,0.00336003777396552
152503,SH3D19,SH3 domain containing 19,protein_coding,1781.46959083695,-0.172256419718691,0.124659539426963,-1.38181498592504,0.167028516447772,0.25863972491497
55294,FBXW7,F-box and WD repeat domain containing 7,protein_coding,1788.37459843075,0.356913619844841,0.107548397227524,3.31863262536375,0.000904593540691977,0.0031936913005062
6423,SFRP2,secreted frizzled related protein 2,protein_coding,345.280655384025,-0.374527851423695,0.390469110376177,-0.959174084379879,0.337471053703593,0.457509261973262
7424,VEGFC,vascular endothelial growth factor C,protein_coding,43.4187794684682,-0.584254501271158,0.210588755394303,-2.77438603109272,0.00553060084620599,0.0146060119985629
836,CASP3,caspase 3,protein_coding,346.890348844529,0.15742509915089,0.118338722499001,1.33029236606994,0.183421961421751,0.2791276127988
79682,CENPU,centromere protein U,protein_coding,406.128200554761,0.132517869211109,0.150034480037908,0.883249431581508,0.377101519158871,0.496379484376965
8470,SORBS2,sorbin and SH3 domain containing 2,protein_coding,1225.91130330093,0.598880278650705,0.210049868495778,2.85113379474809,0.00435636345189911,0.0118984063661805
6389,SDHA,succinate dehydrogenase complex flavoprotein subunit A,protein_coding,2007.10816599412,-0.0261042654297207,0.108518050553471,-0.240552288735209,0.809902132420353,0.868973689103604
57491,AHRR,aryl hydrocarbon receptor repressor,protein_coding,39.0016085353712,0.0928254188613631,0.21699555296584,0.427775673706898,0.66881444934476,0.761440483062568
1501,CTNND2,catenin delta 2,protein_coding,92.3516579093128,-1.12298757399086,0.416839052267022,-2.69405557824626,0.00705883930779468,0.0178816820531294
3575,IL7R,interleukin 7 receptor,protein_coding,165.047243964523,0.0430609309615301,0.203831457264392,0.211257533746007,0.832686318218302,0.886767611736801
6502,SKP2,S-phase kinase associated protein 2,protein_coding,376.834184803664,-0.463505006291825,0.157787989465894,-2.9375176644355,0.00330851323037183,0.00950064501255745
25836,NIPBL,NIPBL cohesin loading factor,protein_coding,4413.93839720719,0.162383657614392,0.0736164354084642,2.20580712327891,0.0273975073369493,0.0575039046358748
65250,CPLANE1,ciliogenesis and planar polarity effector complex subunit 1,protein_coding,135.029007627511,0.149930958064765,0.0999739690946452,1.49969996612644,0.133692139359841,0.2139329367428
55100,WDR70,WD repeat domain 70,protein_coding,883.778344065753,-0.0943484542109981,0.086268534850344,-1.09366009721471,0.274104081042323,0.39021438362307
3977,LIFR,LIF receptor subunit alpha,protein_coding,647.643894676335,0.5068926440205,0.285816999268432,1.77348669014763,0.0761480954482939,0.132882784668875
9180,OSMR,oncostatin M receptor,protein_coding,23.2948510418137,0.102762641335565,0.147167185929719,0.698271429778105,0.485007462973838,0.600499051389475
253260,RICTOR,RPTOR independent companion of MTOR complex 2,protein_coding,1156.37214341942,0.234490519058024,0.0856878254665713,2.73656750864221,0.00620838550387893,0.0161920100933203
2690,GHR,growth hormone receptor,protein_coding,131.02231556854,0.911220849635593,0.212583030630391,4.28642327157285,1.8157287631971e-05,0.000112360779921828
4214,MAP3K1,mitogen-activated protein kinase kinase kinase 1,protein_coding,1390.11600893431,0.737741189152651,0.110788702777199,6.65899293573537,2.75710185825457e-11,1.18555379904946e-09
5295,PIK3R1,phosphoinositide-3-kinase regulatory subunit 1,protein_coding,1237.69062088448,-0.556826985536107,0.156758864014542,-3.55212439842925,0.000382134152796891,0.00153371564154226
1022,CDK7,cyclin dependent kinase 7,protein_coding,513.252579509783,0.431047041228115,0.101397233812246,4.25107298317696,2.127488211351e-05,0.000129268033711436
1719,DHFR,dihydrofolate reductase,protein_coding,18.1240765733423,-0.101229981476445,0.147849053088976,-0.68468467914722,0.493542918983903,0.604581062918923
4437,MSH3,mutS homolog 3,protein_coding,570.173997414514,0.113628186394644,0.0772151860240204,1.47157822503071,0.141134809257354,0.223285919928852
5924,RASGRF2,Ras protein specific guanine nucleotide releasing factor 2,protein_coding,264.825185206072,-0.981014235532003,0.196850216554196,-4.98355680122867,6.24259768885362e-07,6.15813901423972e-06
23635,SSBP2,single stranded DNA binding protein 2,protein_coding,724.284117456219,0.63713355244596,0.160389696532531,3.97240948901435,7.11492740545212e-05,0.000363772355455586
10085,EDIL3,EGF like repeats and discoidin domains 3,protein_coding,451.601570145279,-0.33957556530674,0.179166849516137,-1.89530354651995,0.0580521985985391,0.106981908845879
4208,MEF2C,myocyte enhancer factor 2C,protein_coding,393.069751393643,-0.59919203484564,0.154830062031458,-3.86999802870258,0.000108836233305265,0.000521481037865512
324,APC,APC regulator of WNT signaling pathway,protein_coding,1592.60836427032,0.262656807982174,0.0823951161186427,3.18777156165382,0.00143373757020333,0.00465964710316082
6728,SRP19,signal recognition particle 19,protein_coding,136.831054176717,0.244870751129577,0.0962108082803236,2.54514805047799,0.0109231414897361,0.0263398649021256
7905,REEP5,receptor accessory protein 5,protein_coding,10.1392701619289,-0.0144858565460858,0.19061635730858,-0.0759948241096394,0.939423216053754,0.954795595952815
153443,SRFBP1,serum response factor binding protein 1,protein_coding,30.1677853159867,0.392089326409886,0.255088131730119,1.53707396636043,0.1242751973178,0.201947195641424
4015,LOX,lysyl oxidase,protein_coding,125.606647328992,0.24048277314134,0.242759148885369,0.990622904411716,0.321869749244144,0.442076633482744
2201,FBN2,fibrillin 2,protein_coding,290.014540978339,-1.50393388251522,0.312870167490347,-4.80689448463196,1.53292842753101e-06,1.35663719964066e-05
23305,ACSL6,acyl-CoA synthetase long chain family member 6,protein_coding,20.2277227231654,-0.260293423726479,0.318723341875576,-0.816675120795179,0.414114112785361,0.533796592729478
3659,IRF1,interferon regulatory factor 1,protein_coding,1031.64142737695,-0.101101625887524,0.156437421017327,-0.646275202122683,0.518101144531613,0.628471616548087
10111,RAD50,RAD50 double strand break repair protein,protein_coding,1273.77468887983,0.178523415339405,0.0812159960396132,2.19813120622605,0.0279397572804494,0.0584226595502664
27125,AFF4,ALF transcription elongation factor 4,protein_coding,5369.95484846728,0.675321297181049,0.0876513754518834,7.70462863474138,1.31224336884574e-14,2.00057466323119e-12
3308,HSPA4,heat shock protein family A (Hsp70) member 4,protein_coding,4384.08563692222,0.538484544012239,0.0826960212086338,6.51161369243747,7.43477234472477e-11,2.64745238224199e-09
5515,PPP2CA,protein phosphatase 2 catalytic subunit alpha,protein_coding,30.0683082545014,0.588806892625155,0.144814555933012,4.06593721764767,4.78398144020232e-05,0.000256317472051735
51265,CDKL3,cyclin dependent kinase like 3,protein_coding,105.272656385976,0.568045212837978,0.125860135302015,4.51330527712283,6.38250490494779e-06,4.71518093638654e-05
7320,UBE2B,ubiquitin conjugating enzyme E2 B,protein_coding,600.727139566355,0.687607990974212,0.105643570999048,6.50875376960146,7.57768123718638e-11,2.64745238224199e-09
7045,TGFBI,transforming growth factor beta induced,protein_coding,560.08524070669,-0.79341594546418,0.164445008824929,-4.82481013643209,1.40136698658588e-06,1.26349055726049e-05
995,CDC25C,cell division cycle 25C,protein_coding,71.1724085232131,-0.497938942347736,0.209349560100175,-2.37850484189921,0.0173830086307073,0.0395004139209975
1958,EGR1,early growth response 1,protein_coding,2991.61927143884,0.55900960817552,0.264600499432633,2.11265515134767,0.03463029455673,0.0699698843031762
1495,CTNNA1,catenin alpha 1,protein_coding,12546.4994903235,0.374756617156694,0.08565441853736,4.37521640513193,1.21312066680725e-05,8.12565201448175e-05
8841,HDAC3,histone deacetylase 3,protein_coding,1058.78192228742,0.305403478925486,0.0714154772534568,4.27643265396932,1.89911972227461e-05,0.000116660211511154
81848,SPRY4,sprouty RTK signaling antagonist 4,protein_coding,202.980809354858,-1.16642824237957,0.210793933908576,-5.53350004315334,3.1390290594264e-08,5.16093307123341e-07
2246,FGF1,fibroblast growth factor 1,protein_coding,20.2830026971195,0.0525544814827831,0.278416765102338,0.188761914044456,0.850279423342561,0.89795354338091
23092,ARHGAP26,Rho GTPase activating protein 26,protein_coding,3234.27760367378,-0.293468488937918,0.14000188899665,-2.09617520907121,0.0360666512611698,0.072435657682613
2908,NR3C1,nuclear receptor subfamily 3 group C member 1,protein_coding,2184.06101624166,0.718803942637295,0.145616892446561,4.93626756182208,7.96318418662558e-07,7.58764765964267e-06
5521,PPP2R2B,protein phosphatase 2 regulatory subunit Bbeta,protein_coding,24.387513619675,1.01349377172669,0.234662087887094,4.31894977519473,1.5677345128236e-05,9.8467819400943e-05
1436,CSF1R,colony stimulating factor 1 receptor,protein_coding,534.36450542975,0.312658418358186,0.157899264160383,1.98011320711799,0.0476908094454574,0.0918226032606567
5159,PDGFRB,platelet derived growth factor receptor beta,protein_coding,1343.14832007932,-1.22920102955872,0.240077432657609,-5.12001905365162,3.05504788306727e-07,3.37060217098935e-06
815,CAMK2A,calcium/calmodulin dependent protein kinase II alpha,protein_coding,34.7093668030202,-1.07493391333984,0.333835923473813,-3.21994679947666,0.0012821438833542,0.00424874972796495
972,CD74,CD74 molecule,protein_coding,9165.77153288511,0.0533016580367427,0.162969243319493,0.327065751494272,0.743618154844491,0.818272733382028
3702,ITK,IL2 inducible T cell kinase,protein_coding,164.1096843154,0.0518812720571446,0.19319946241575,0.268537352063124,0.788285727517155,0.85452822562784
26999,CYFIP2,cytoplasmic FMR1 interacting protein 2,protein_coding,1476.49660154541,0.548682612816626,0.200835078835241,2.73200586271459,0.00629500208015063,0.016392420013063
1879,EBF1,EBF transcription factor 1,protein_coding,286.900607440949,-0.860532709579645,0.223218288884674,-3.85511740045745,0.000115674105132429,0.000547562557490952
9232,PTTG1,"PTTG1 regulator of sister chromatid separation, securin",protein_coding,242.403127089932,-0.129525074265491,0.15285321739648,-0.847382060199107,0.396782200596527,0.518631138269973
900,CCNG1,cyclin G1,protein_coding,342.016348096798,0.133327272857824,0.149956431985631,0.889106729817361,0.373945722438212,0.493008629346606
64901,RANBP17,RAN binding protein 17,protein_coding,215.882705600167,-1.89427930419787,0.250767984901098,-7.55391205518107,4.22375436348668e-14,4.42702254222948e-12
4869,NPM1,nucleophosmin 1,protein_coding,5789.90572751132,-0.0399227652736488,0.106676788653607,-0.374240411410237,0.70822546083719,0.791796065215978
2264,FGFR4,fibroblast growth factor receptor 4,protein_coding,337.24031788015,-2.21070023574944,0.244369597330701,-9.04654367768077,1.47565202932355e-19,1.2373342265878e-16
64324,NSD1,nuclear receptor binding SET domain protein 1,protein_coding,2889.76060807816,0.123528996252664,0.059325348934641,2.0822295775918,0.037321504840966,0.0744435033618006
9794,MAML1,mastermind like transcriptional coactivator 1,protein_coding,793.628158672167,0.103043839250334,0.0747468168968807,1.37857160382483,0.168026876715448,0.259945638608677
8878,SQSTM1,sequestosome 1,protein_coding,4880.18721843308,0.0378210401304505,0.146630696349733,0.257933987029854,0.796457854251379,0.859497954684403
5601,MAPK9,mitogen-activated protein kinase 9,protein_coding,612.675797480798,-0.0142928627670539,0.0968824007749898,-0.147527958150513,0.88271531374571,0.918878697176633
2324,FLT4,fms related receptor tyrosine kinase 4,protein_coding,196.613901260492,-0.976498226253206,0.237770534909478,-4.1068933399379,4.01016291374593e-05,0.00021977265380235
56940,DUSP22,dual specificity phosphatase 22,protein_coding,659.908076572647,0.692453947326348,0.103072463284719,6.71812747322795,1.84074633720309e-11,8.81980459282737e-10
3662,IRF4,interferon regulatory factor 4,protein_coding,267.979715872761,-0.538428671961269,0.284345817173834,-1.89356986964961,0.0582821259835653,0.107170093502674
6239,RREB1,ras responsive element binding protein 1,protein_coding,2725.88180879285,0.441182368518593,0.0833456388634392,5.29340676410754,1.20058465268261e-07,1.51381989665318e-06
7020,TFAP2A,transcription factor AP-2 alpha,protein_coding,178.543893747535,0.0521800883195141,0.262663571750598,0.198657499293658,0.842530671960588,0.89425565625184
3720,JARID2,jumonji and AT-rich interaction domain containing 2,protein_coding,1283.26578228227,0.818859200975726,0.119508327075619,6.8519007922987,7.28750914663071e-12,4.52635290329619e-10
7913,DEK,DEK proto-oncogene,protein_coding,1093.84120797388,-0.233034445890303,0.107524204147632,-2.16727431500301,0.0302139437761025,0.0623999799415319
3400,ID4,inhibitor of DNA binding 4,protein_coding,84.26559638602,0.982666845723975,0.250699689654146,3.91969709687163,8.8660328903587e-05,0.000439891631867797
8366,H4C2,H4 clustered histone 2,protein_coding,32.4323699076683,-0.543501331888598,0.213598432630647,-2.54450056208239,0.0109434135630413,0.0263398649021256
8358,H3C2,H3 clustered histone 2,protein_coding,387.102591984156,-0.424114875019737,0.176018574694001,-2.40948931530117,0.0159748638195515,0.0366482169977945
8335,H2AC4,H2A clustered histone 4,protein_coding,53.8613044137975,-1.04254419078596,0.205893933610229,-5.06350125283227,4.11625676153143e-07,4.31594364273214e-06
3018,H2BC3,H2B clustered histone 3,protein_coding,77.2364677186387,-0.5834762618263,0.233637617957729,-2.49735580651171,0.0125123340394224,0.0297633818214345
8352,H3C3,H3 clustered histone 3,protein_coding,37.1689181778974,-0.522457838548997,0.270376900430433,-1.93233163675321,0.0533185859765897,0.100353836905433
3006,H1-2,"H1.2 linker histone, cluster member",protein_coding,1759.28357449338,-0.203551028399794,0.109409480361888,-1.86045146843325,0.0628216786655094,0.113525813709116
8347,H2BC4,H2B clustered histone 4,protein_coding,2390.56564228897,-0.0708197161918324,0.104415868056137,-0.678246683289152,0.497615297678385,0.608680418823232
8334,H2AC6,H2A clustered histone 6,protein_coding,1164.09262865768,-0.113610614882426,0.125219262071513,-0.907293438748608,0.364251642948434,0.485281440188061
3008,H1-4,"H1.4 linker histone, cluster member",protein_coding,1686.70324106059,-0.0067742743793025,0.109844607805003,-0.0616714330787019,0.95082448975241,0.962628798844918
3017,H2BC5,H2B clustered histone 5,protein_coding,973.450110025636,-0.255573406580883,0.140160280612751,-1.82343675015183,0.0682372685072036,0.120710864226351
8344,H2BC6,H2B clustered histone 6,protein_coding,418.244926403014,-0.31458653657878,0.208467798012598,-1.50904139429615,0.131288204745159,0.2106893008207
8351,H3C4,H3 clustered histone 4,protein_coding,247.663490766845,-0.442478255747454,0.131304074185671,-3.36987453353326,0.000752024162926266,0.00272385425751047
3013,H2AC7,H2A clustered histone 7,protein_coding,233.535617737223,-0.463861916338171,0.132019376014782,-3.51358967403568,0.000442095160189285,0.0017284374886281
8343,H2BC7,H2B clustered histone 7,protein_coding,354.61425036406,-0.660859344425413,0.157901795644557,-4.18525540971701,2.84845636873321e-05,0.00016644116133678
8339,H2BC8,H2B clustered histone 8,protein_coding,332.185172444502,-0.52897497051232,0.159372961934345,-3.31910108271838,0.000903077328548583,0.0031936913005062
3012,H2AC8,H2A clustered histone 8,protein_coding,25.5494427810113,-0.405512087784704,0.201649963157855,-2.01097030435489,0.0443285934397885,0.0862401986061778
3007,H1-3,"H1.3 linker histone, cluster member",protein_coding,715.899787625826,-0.520423354802941,0.169106396448581,-3.07749065518751,0.00208751383621778,0.00637661330298217
8968,H3C7,H3 clustered histone 7,protein_coding,12.7999866802419,-0.723994993409099,0.24408772856419,-2.96612614516877,0.00301576766281835,0.00876618833140505
8345,H2BC9,H2B clustered histone 9,protein_coding,551.781499908633,-0.642477522281289,0.153725943273254,-4.17936952345942,2.9231837413565e-05,0.000169625575579752
8355,H3C8,H3 clustered histone 8,protein_coding,12.893345835723,-0.839719920194012,0.242061131751515,-3.46904070933626,0.000522320302042173,0.00198334614393133
8346,H2BC10,H2B clustered histone 10,protein_coding,403.325462211562,-0.61423819189801,0.157601683425711,-3.89740882550626,9.72274082799673e-05,0.000473983615364841
8970,H2BC11,H2B clustered histone 11,protein_coding,941.987248899498,-0.563994891758381,0.140173985198064,-4.02353468770589,5.73311355315948e-05,0.000304254159134445
8969,H2AC11,H2A clustered histone 11,protein_coding,735.921081402861,-0.533144048100234,0.155229516119381,-3.43455330808487,0.000593531318460307,0.00220698896021715
85236,H2BC12,H2B clustered histone 12,protein_coding,2776.32155889366,-0.326353657810626,0.107603576416377,-3.03292575097862,0.00242195183197662,0.00718869596853944
8294,H4C9,H4 clustered histone 9,protein_coding,68.0454360262646,-1.18141559886721,0.229566388414758,-5.14629169812413,2.6568618039252e-07,3.07279810012591e-06
85235,H2AC12,H2A clustered histone 12,protein_coding,287.45309032009,-0.52771879378344,0.14344871844377,-3.67879754875815,0.000234336187803466,0.00100273708006425
8340,H2BC13,H2B clustered histone 13,protein_coding,463.272114983463,-0.681793658694968,0.141257361858889,-4.82660620107046,1.38879349826859e-06,1.26349055726049e-05
8329,H2AC13,H2A clustered histone 13,protein_coding,515.847989066126,-0.57896645737255,0.167276426800561,-3.46113596784821,0.000537901061009759,0.00202710130182779
8331,H2AC14,H2A clustered histone 14,protein_coding,247.134698710492,-0.421045429633449,0.185704490264326,-2.26728728548322,0.0233726816665926,0.050445285913611
8342,H2BC14,H2B clustered histone 14,protein_coding,320.732005861905,-0.524805516528456,0.206066445040083,-2.54677813472433,0.0108722532323538,0.0263398649021256
8363,H4C11,H4 clustered histone 11,protein_coding,94.0330798921388,-0.377808972924189,0.181710873529553,-2.07917647186228,0.0376011333658202,0.0748008311441049
8362,H4C12,H4 clustered histone 12,protein_coding,96.7284914092182,-0.345637827104303,0.177677713208125,-1.9453077195981,0.0517379535872785,0.0981606857752129
8330,H2AC15,H2A clustered histone 15,protein_coding,105.331788383453,-0.663578947401801,0.152706104273906,-4.34546444987917,1.38981280259204e-05,9.06893412430684e-05
8341,H2BC15,H2B clustered histone 15,protein_coding,382.985289887121,-0.578483548624565,0.124563705873277,-4.64407786015193,3.41598729317921e-06,2.78087897604929e-05
8332,H2AC16,H2A clustered histone 16,protein_coding,529.66170394863,-0.591736211112546,0.183773036584137,-3.21992944183425,0.00128222151662403,0.00424874972796495
3009,H1-5,"H1.5 linker histone, cluster member",protein_coding,34.0732613693598,-0.142213734673859,0.222049492501246,-0.640459624887732,0.521873829928128,0.632357234674473
8336,H2AC17,H2A clustered histone 17,protein_coding,530.870238320075,-0.65545400761257,0.142074963581437,-4.61343780135382,3.96062823763366e-06,3.1478547651714e-05
8348,H2BC17,H2B clustered histone 17,protein_coding,525.518638613935,-0.579057146857616,0.15394781287166,-3.76138599215017,0.000168974436704514,0.000754047714031815
5987,TRIM27,tripartite motif containing 27,protein_coding,745.404331151791,-0.149603399724222,0.0827822442512347,-1.80719188127097,0.0707323663680072,0.124729945740429
9656,MDC1,mediator of DNA damage checkpoint 1,protein_coding,1151.81294838572,-0.471261860546714,0.0915971014980577,-5.14494293857876,2.67602138199227e-07,3.07375880657605e-06
5460,POU5F1,POU class 5 homeobox 1,protein_coding,117.528702336005,-0.490329768229754,0.22456483935969,-2.18346634151566,0.0290014850338852,0.0601180351073245
100532737,ATP6V1G2-DDX39B,ATP6V1G2-DDX39B readthrough (NMD candidate),protein_coding,1880.28052300431,-0.100525714937357,0.0610156319077163,-1.64754033998038,0.0994470316809878,0.165688534931857
7919,DDX39B,DExD-box helicase 39B,protein_coding,1880.14136860857,-0.10046304936679,0.0610082255063501,-1.64671318552501,0.0996170127128173,0.165688534931857
7124,TNF,tumor necrosis factor,protein_coding,44.4526842358981,0.273132707717186,0.259547337368871,1.05234255333164,0.292642414866292,0.411367418047588
3303,HSPA1A,heat shock protein family A (Hsp70) member 1A,protein_coding,5309.24467962593,0.520114346788713,0.227855664847668,2.28264830341802,0.0224510932307499,0.0487069642276425
3304,HSPA1B,heat shock protein family A (Hsp70) member 1B,protein_coding,5444.19156713515,0.535925450961136,0.232935516053014,2.30074597486098,0.0214059937662485,0.0468029355228144
4855,NOTCH4,notch receptor 4,protein_coding,656.403870447402,-0.499205339209239,0.184158573545752,-2.71073634855895,0.00671339839657958,0.0172146316682935
1616,DAXX,death domain associated protein,protein_coding,1155.78948266317,-0.169009138705838,0.0745939498202565,-2.26572180603235,0.0234684215586272,0.0505218779894966
5252,PHF1,PHD finger protein 1,protein_coding,579.753326437873,-0.18869285625869,0.0821214805372889,-2.29772837781475,0.0215772533759759,0.0470546864909123
3159,HMGA1,high mobility group AT-hook 1,protein_coding,3452.961984604,-0.0221026088162099,0.189442047365315,-0.116672138649282,0.907119869593342,0.933849000189095
2178,FANCE,FA complementation group E,protein_coding,163.00052007859,0.0826126618127198,0.141900702478856,0.58218641887999,0.560441120266721,0.666538468323013
7005,TEAD3,TEA domain transcription factor 3,protein_coding,1210.14562155546,-0.154617703651355,0.122953006200449,-1.25753495932652,0.208559988253188,0.312560411349951
6428,SRSF3,serine and arginine rich splicing factor 3,protein_coding,2147.97942492418,-0.03193763733649,0.0649021596849886,-0.492088976568786,0.622656444695116,0.721129045410021
1026,CDKN1A,cyclin dependent kinase inhibitor 1A,protein_coding,1264.10158618539,0.269413146954157,0.170032736886976,1.58447809455212,0.113084962699213,0.185895873260648
5292,PIM1,"Pim-1 proto-oncogene, serine/threonine kinase",protein_coding,1515.66782092688,1.24153812619706,0.18414480812639,6.74218371307497,1.5602362345318e-11,8.44037472680588e-10
7942,TFEB,transcription factor EB,protein_coding,107.296326667549,-0.403539519820414,0.170971922203221,-2.36026778327238,0.018261747544994,0.0412735183732546
896,CCND3,cyclin D3,protein_coding,587.295165699024,-0.534019162119504,0.173604412370471,-3.0760690631521,0.00209749255679728,0.00639544548681642
5754,PTK7,protein tyrosine kinase 7 (inactive),protein_coding,890.830569946548,-0.246624826396869,0.161199065744799,-1.5299395518043,0.12603169209452,0.204405365224864
6722,SRF,serum response factor,protein_coding,1171.01273143665,0.0199385009737906,0.121801337262237,0.163696897110933,0.869969760344797,0.912407309629909
7422,VEGFA,vascular endothelial growth factor A,protein_coding,4282.73344133804,0.0682380209948433,0.178828218921128,0.381584189601192,0.702769813298214,0.787444858391038
3326,HSP90AB1,heat shock protein 90 alpha family class B member 1,protein_coding,18505.177338982,-0.120188811514134,0.110192674155404,-1.09071508097383,0.275398272552851,0.391392290738247
860,RUNX2,RUNX family transcription factor 2,protein_coding,181.365058030053,0.0278816308219357,0.1844426553579,0.151166934610831,0.879844032871277,0.917598534281798
22858,CILK1,ciliogenesis associated kinase 1,protein_coding,633.203930897382,0.0943294302194023,0.0943853045423544,0.999408018830654,0.317597076884439,0.436923952366862
667,DST,dystonin,protein_coding,15607.7679401389,0.171399267443584,0.148578230124833,1.15359610421781,0.248665796304996,0.361676097487839
55788,LMBRD1,LMBR1 domain containing 1,protein_coding,770.873398835198,0.269227889173462,0.115918973053003,2.32255240089437,0.0202032103049536,0.0447580584897066
60682,SMAP1,small ArfGAP 1,protein_coding,860.034997200157,0.55610422099663,0.11092156583286,5.01349054010456,5.34513964962892e-07,5.36754442660341e-06
135152,B3GAT2,"beta-1,3-glucuronyltransferase 2",protein_coding,255.038562940101,0.627750337527957,0.103334525157341,6.07493319945216,1.24039345446919e-09,3.05902915168356e-08
1915,EEF1A1,eukaryotic translation elongation factor 1 alpha 1,protein_coding,25.6069754471451,0.0154822110273819,0.197259229436369,0.0784866242842954,0.937440969674816,0.953937200330502
55754,TMEM30A,transmembrane protein 30A,protein_coding,1100.18047477839,0.18486529868996,0.112471525052169,1.64366312810476,0.100245806253718,0.166447739690579
7272,TTK,TTK protein kinase,protein_coding,211.812060978076,-0.168448582162167,0.149456113251576,-1.12707723021421,0.259709829465618,0.373527773596777
60468,BACH2,BTB domain and CNC homolog 2,protein_coding,47.0770811320539,0.152177321745088,0.218294222179443,0.697120245445591,0.485727545211085,0.600499051389475
6885,MAP3K7,mitogen-activated protein kinase kinase kinase 7,protein_coding,1249.03217637679,0.136395399931281,0.0488994362277428,2.78930414035936,0.00528214348817359,0.0139939251653509
2045,EPHA7,EPH receptor A7,protein_coding,394.73251519789,-1.95804527105988,0.441864399335228,-4.43132615799258,9.36553019604386e-06,6.62700174631458e-05
639,PRDM1,PR/SET domain 1,protein_coding,2532.68512552312,1.09931052596142,0.206698871217321,5.31841571986918,1.04674686492319e-07,1.35030345575092e-06
9474,ATG5,autophagy related 5,protein_coding,728.890609519478,-0.000462430178989265,0.0793602823745006,-0.00582697244960722,0.99535077495591,0.995944659666505
2309,FOXO3,forkhead box O3,protein_coding,1068.61494547498,0.273116621719351,0.108834128964446,2.50947588149094,0.0120910472182936,0.02880211105835
3066,HDAC2,histone deacetylase 2,protein_coding,954.673304884103,0.00438204705697347,0.112812457105469,0.0388436451913877,0.96901504724372,0.975813306612524
2444,FRK,fyn related Src family tyrosine kinase,protein_coding,504.929199232939,0.485357991926164,0.144988466883263,3.34756275695327,0.000815255266865696,0.00291510252139397
285761,DCBLD1,"discoidin, CUB and LCCL domain containing 1",protein_coding,28.3770853260635,-0.281030061104511,0.133879193726675,-2.09913171181965,0.0358052916680445,0.0720834023136983
57120,GOPC,golgi associated PDZ and coiled-coil motif containing,protein_coding,399.459990552385,-0.311840124579304,0.10020970701963,-3.11187542458552,0.00185902929521307,0.00578716275854854
387119,CEP85L,centrosomal protein 85 like,protein_coding,356.318345012054,0.291189140562956,0.136060301761288,2.14014769035156,0.0323428330186566,0.0658346687502214
5796,PTPRK,protein tyrosine phosphatase receptor type K,protein_coding,3736.47531041737,-0.749476793428096,0.114539423335532,-6.54339590337011,6.01373492824167e-11,2.24111854992473e-09
6446,SGK1,serum/glucocorticoid regulated kinase 1,protein_coding,3344.72135560045,1.00265534121175,0.196759474767434,5.09584274097534,3.4719325400427e-07,3.7323274805459e-06
4602,MYB,"MYB proto-oncogene, transcription factor",protein_coding,304.142432339453,-1.28678718457968,0.252956139546397,-5.08699724342393,3.63777119489317e-07,3.88569572855787e-06
54806,AHI1,Abelson helper integration site 1,protein_coding,1369.22074616883,-0.328475188296516,0.113395387728515,-2.89672441601358,0.00377080837360697,0.010504394755048
7128,TNFAIP3,TNF alpha induced protein 3,protein_coding,1590.4069218962,-0.199498774697967,0.158956692557992,-1.2550511179338,0.209460203849417,0.31307019773215
25901,CCDC28A,coiled-coil domain containing 28A,protein_coding,165.116072772564,0.104797700929076,0.129763238456018,0.807607009319482,0.419316850403372,0.53843365859606
345930,ECT2L,epithelial cell transforming 2 like,protein_coding,27.8791626242197,0.474785408769474,0.202967012885003,2.33922449771913,0.019323817866285,0.0432657444082242
9590,AKAP12,A-kinase anchoring protein 12,protein_coding,2546.18599775185,-1.28444703053727,0.284991910543306,-4.5069596119013,6.57631451003455e-06,4.82627136721113e-05
2099,ESR1,estrogen receptor 1,protein_coding,34.0919399574018,0.0890781089602206,0.277731906706099,0.320734156967009,0.7484118601688,0.821766785474525
51429,SNX9,sorting nexin 9,protein_coding,3151.67526132255,0.594923823700831,0.137294377015956,4.33319875606917,1.46958322119835e-05,9.3706884484777e-05
7430,EZR,ezrin,protein_coding,16290.6988744829,0.527108770570042,0.156220632836814,3.37413029891291,0.000740493080276648,0.00269916586272682
6648,SOD2,superoxide dismutase 2,protein_coding,1390.92762059461,0.0448021038063694,0.181322443753768,0.247085263571728,0.804842238184635,0.865205406048482
6196,RPS6KA2,ribosomal protein S6 kinase A2,protein_coding,809.382611013376,-0.0658237548520433,0.107054367353053,-0.614862863417466,0.538645289761256,0.647532724680736
11116,CEP43,centrosomal protein 43,protein_coding,534.27935949496,-0.432614609427441,0.0900087978768944,-4.80635915190347,1.5370367795571e-06,1.35663719964066e-05
4301,AFDN,"afadin, adherens junction formation factor",protein_coding,10831.2198454643,0.656324214881686,0.106012616294607,6.19100101310372,5.97833250471441e-10,1.65730691343708e-08
28514,DLL1,delta like canonical Notch ligand 1,protein_coding,369.231037646601,0.077165267185768,0.155288429827667,0.496915753938674,0.619248461584505,0.718372690523338
5154,PDGFA,platelet derived growth factor subunit A,protein_coding,750.454861391816,-1.24048764298302,0.213032785443744,-5.8229893600607,5.78042366902248e-09,1.24279108883983e-07
3955,LFNG,LFNG O-fucosylpeptide 3-beta-N-acetylglucosaminyltransferase,protein_coding,322.217018103883,-0.770515715250938,0.170478514584812,-4.51972330429715,6.1920505409268e-06,4.61514166983744e-05
2768,GNA12,G protein subunit alpha 12,protein_coding,255.838095386375,-1.076647974973,0.143135726806088,-7.52186752390323,5.39992858080746e-14,5.32687072353772e-12
84433,CARD11,caspase recruitment domain family member 11,protein_coding,554.140552161681,-1.21912688051118,0.233466509574111,-5.22184908976929,1.77145307167972e-07,2.16841372350868e-06
60,ACTB,actin beta,protein_coding,33.6056858102586,-0.200963565278191,0.221024622614355,-0.909236097323116,0.363225513805055,0.484589647296004
5395,PMS2,"PMS1 homolog 2, mismatch repair system component",protein_coding,365.392867834283,-0.0966977293642941,0.0826222308682547,-1.17035970038722,0.241856246122062,0.354849452971739
84132,USP42,ubiquitin specific peptidase 42,protein_coding,327.79588314665,-0.184769136118149,0.0761171523957331,-2.42743100999804,0.0152061786375431,0.0353196143700273
5879,RAC1,Rac family small GTPase 1,protein_coding,4765.62086209562,0.294857580652746,0.0888922216142971,3.31702341665092,0.000909819906660961,0.00320539492325721
6119,RPA3,replication protein A3,protein_coding,105.840949482528,-0.514785065128759,0.146084810883365,-3.52387809530565,0.000425279860593265,0.00167810429697625
2115,ETV1,ETS variant transcription factor 1,protein_coding,97.941942148783,-0.668214340723819,0.198467665454744,-3.36686754082967,0.000760271963598538,0.00274188404936505
1607,DGKB,diacylglycerol kinase beta,protein_coding,89.863021125715,-2.73284499151037,0.490974003899245,-5.56617044855025,2.60398542453417e-08,4.4560036295345e-07
155465,AGR3,"anterior gradient 3, protein disulphide isomerase family member",protein_coding,408.616751185696,-2.86947417908854,0.379480201667388,-7.56159126742432,3.98167884949641e-14,4.42702254222948e-12
196,AHR,aryl hydrocarbon receptor,protein_coding,2404.62303822391,-0.378250127691097,0.138083941586242,-2.73927672795215,0.00615745216657587,0.0161092781331478
3569,IL6,interleukin 6,protein_coding,174.782283147887,-0.403990372952425,0.453923172130541,-0.889997245693033,0.373467365014515,0.492765358874383
3181,HNRNPA2B1,heterogeneous nuclear ribonucleoprotein A2/B1,protein_coding,10643.6667857617,-0.112946929199793,0.0752393933048929,-1.50116746346023,0.133312253124105,0.213528795118552
3200,HOXA3,homeobox A3,protein_coding,33.4670531493611,-0.373219664478697,0.206664580556582,-1.80591983141743,0.070930862915123,0.124948589399854
221895,JAZF1,JAZF zinc finger 1,protein_coding,68.4127010255166,-0.140803717866181,0.123103641779889,-1.14378190466485,0.252714096086842,0.366293465114635
10392,NOD1,nucleotide binding oligomerization domain containing 1,protein_coding,333.49237370393,-0.697449852019385,0.123927081915664,-5.62790506512548,1.82411430116682e-08,3.32504313375734e-07
23366,MATCAP2,microtubule associated tyrosine carboxypeptidase 2,protein_coding,32.9567602202128,-0.859762687877448,0.201698723795214,-4.26260846722249,2.02054366847658e-05,0.000123666121607125
54443,ANLN,"anillin, actin binding protein",protein_coding,1182.01586878271,-0.592838618503888,0.166131993603709,-3.56847953030676,0.000359058899947399,0.00145444873239562
6424,SFRP4,secreted frizzled related protein 4,protein_coding,163.5816958347,-3.18571322927172,0.584896122714212,-5.44663078717022,5.13328619627719e-08,7.61816013376713e-07
3624,INHBA,inhibin subunit beta A,protein_coding,200.679610935845,-2.75145006668027,0.373874886762684,-7.35928024079015,1.84904486356351e-13,1.550424118098e-11
2737,GLI3,GLI family zinc finger 3,protein_coding,379.872237989045,0.183272065572681,0.16396360330703,1.11776066075771,0.263669227171809,0.378249182178891
23072,HECW1,"HECT, C2 and WW domain containing E3 ubiquitin protein ligase 1",protein_coding,76.5846844828788,0.0407268285071343,0.251854423907715,0.161707814678123,0.871535950318937,0.913478617928036
816,CAMK2B,calcium/calmodulin dependent protein kinase II beta,protein_coding,63.5298043304132,0.140645767372474,0.384304171463547,0.365975125476397,0.714383636882118,0.796027481097218
83637,ZMIZ2,zinc finger MIZ-type containing 2,protein_coding,109.044958051515,-0.296070936170213,0.112568421682144,-2.63014202158949,0.00853492043853391,0.0212359964027023
3486,IGFBP3,insulin like growth factor binding protein 3,protein_coding,307.14908554344,-0.411009815715773,0.241276179263468,-1.70348277633723,0.0884777585543769,0.150027503635683
168448,CDC14C,cell division cycle 14C,protein_coding,26.3776256844428,-0.53186723177568,0.251569159973272,-2.11419886218243,0.0344982860236615,0.0698715285769087
10320,IKZF1,IKAROS family zinc finger 1,protein_coding,178.884334496403,0.183931653715532,0.159649781453112,1.1520946163622,0.249282195171848,0.362254312129147
2887,GRB10,growth factor receptor bound protein 10,protein_coding,850.910400669389,-0.938947204840279,0.142037071252106,-6.61057846774178,3.82821132569113e-11,1.49300241701954e-09
1956,EGFR,epidermal growth factor receptor,protein_coding,3304.4371675646,-0.0289803246397972,0.205540077728419,-0.140995979762589,0.887873118301073,0.920658976459539
51119,SBDS,SBDS ribosome maturation factor,protein_coding,992.229134971768,0.0156245497930302,0.0971074718735298,0.160899563046798,0.872172506459294,0.913574824067606
26053,AUTS2,activator of transcription and developmental regulator AUTS2,protein_coding,957.842067906363,-0.270750131253075,0.136470617965787,-1.98394449507769,0.0472620279036423,0.0912064681178459
9883,POM121,POM121 transmembrane nucleoporin,protein_coding,1347.47929360453,-0.0477636877585853,0.0746924421785159,-0.639471496251649,0.52251625073521,0.632678521648338
643862,SPDYE10,speedy/RINGO cell cycle regulator family member E10,protein_coding,23.9653659818531,0.156389207988901,0.144619807415936,1.08138166398684,0.279527374551352,0.395584309808115
55695,NSUN5,NOP2/Sun RNA methyltransferase 5,protein_coding,61.0342086614939,-0.212856349547155,0.141013452559659,-1.50947548395853,0.13117731579545,0.2106893008207
2006,ELN,elastin,protein_coding,1137.82618920801,-0.920107443033312,0.232262782921723,-3.96149323390913,7.44824930944025e-05,0.000378506487634282
2969,GTF2I,general transcription factor IIi,protein_coding,5141.30178701813,0.126748764013479,0.0692812205406575,1.82948226120089,0.0673273943128784,0.119479407685394
84163,GTF2IRD2,GTF2I repeat domain containing 2,protein_coding,27.0264177818031,0.153487798784773,0.156281438530473,0.98212430233578,0.32603861422324,0.446704866055861
389524,GTF2IRD2B,GTF2I repeat domain containing 2B,protein_coding,30.8392689188377,0.0800712771795784,0.148427667613553,0.539463285160905,0.589567223932916,0.691885398555283
100101267,POM121C,POM121 transmembrane nucleoporin C,protein_coding,802.139299766281,0.0264355695950131,0.0766711291484005,0.344791708282343,0.730250967109953,0.808337209137552
3092,HIP1,huntingtin interacting protein 1,protein_coding,767.434260341439,-0.222901874459195,0.121460497222136,-1.83517999314242,0.066479024512547,0.11834960096342
22932,POMZP3,POM121 and ZP3 fusion,protein_coding,79.4486602154928,0.125090263678362,0.122106054382131,1.02443948673415,0.305627739256848,0.426049641507676
2770,GNAI1,G protein subunit alpha i1,protein_coding,255.572349823347,0.791673863153068,0.164050271438623,4.82580038551938,1.39442119519556e-06,1.26349055726049e-05
948,CD36,CD36 molecule (CD36 blood group),protein_coding,385.410552359935,0.0297530976579459,0.172234490119569,0.17274761656211,0.86284981379124,0.906641063739292
3082,HGF,hepatocyte growth factor,protein_coding,481.821602416049,-1.82545173138422,0.341005957555623,-5.3531373600312,8.64421785259039e-08,1.16702205469952e-06
27445,PCLO,piccolo presynaptic cytomatrix protein,protein_coding,1362.94985602815,0.676861451769207,0.272621445446062,2.48278872801708,0.0130358377105473,0.0309209332964467
8321,FZD1,frizzled class receptor 1,protein_coding,46.8901442694973,-0.101673698078862,0.216478733648743,-0.469670606276907,0.638590371338257,0.734510324234744
10142,AKAP9,A-kinase anchoring protein 9,protein_coding,5871.94176271585,0.205606727314915,0.0850999546783492,2.41606153718934,0.0156894095221001,0.0361913889526298
1021,CDK6,cyclin dependent kinase 6,protein_coding,389.459736032384,0.0924638594513178,0.170781542644092,0.541415998589566,0.588220882399143,0.690788809372102
1278,COL1A2,collagen type I alpha 2 chain,protein_coding,42276.6341582892,-1.95630741131654,0.286678813282233,-6.82403903141099,8.85158154986669e-12,4.94803408637548e-10
25798,BRI3,brain protein I3,protein_coding,419.45404100863,0.171944368495538,0.148186650625706,1.16032292901902,0.245917352510171,0.359471091599079
55971,BAIAP2L1,BAR/IMD domain containing adaptor protein 2 like 1,protein_coding,2333.76785166148,0.201233093528441,0.14822414308966,1.35762696503981,0.174582082184772,0.26786290194315
10898,CPSF4,cleavage and polyadenylation specific factor 4,protein_coding,18.9001485848806,-0.615590494264681,0.243424715165135,-2.52887425110912,0.0114429016833997,0.0274531418069546
5054,SERPINE1,serpin family E member 1,protein_coding,1224.07020693753,-0.826416971458457,0.290627061659873,-2.84356510621723,0.00446118939091759,0.012145153585339
1523,CUX1,cut like homeobox 1,protein_coding,3214.83938023821,-0.0978969446986738,0.0877702002244191,-1.11537793520308,0.264688500785943,0.378739433291832
5649,RELN,reelin,protein_coding,75.7316297189799,-0.08635898032255,0.364106333278236,-0.237180659685361,0.812516639623229,0.870664795302335
5294,PIK3CG,"phosphatidylinositol-4,5-bisphosphate 3-kinase catalytic subunit gamma",protein_coding,227.545631247842,-0.131991574222064,0.163319715766009,-0.808179059111087,0.418987510914074,0.538423031266592
10466,COG5,component of oligomeric golgi complex 5,protein_coding,1656.72503375309,0.0341626385366225,0.0759097304673859,0.450042943457694,0.652679476326316,0.747638990300021
3475,IFRD1,interferon related developmental regulator 1,protein_coding,1172.50355892854,0.661390366179289,0.150471987786196,4.39543848599282,1.10549367812461e-05,7.5669914212856e-05
857,CAV1,caveolin 1,protein_coding,890.838026320139,-0.317103077858161,0.171911708250487,-1.84456940766431,0.0651002006086349,0.116637859423804
4233,MET,"MET proto-oncogene, receptor tyrosine kinase",protein_coding,1148.63530064204,-0.682008923521981,0.200546556056747,-3.40075111202108,0.000672009823869268,0.00248229179433648
25913,POT1,protection of telomeres 1,protein_coding,251.138718366518,-0.305755629966277,0.118391092946236,-2.5825898077073,0.00980618362479144,0.0239025725854291
2318,FLNC,filamin C,protein_coding,2928.48307725517,-1.20139611720555,0.27714131872439,-4.33495850685589,1.45787618768997e-05,9.36727343584705e-05
6608,SMO,"smoothened, frizzled class receptor",protein_coding,206.111601270827,0.405979642958153,0.20544760569326,1.97607385877397,0.0481464126531177,0.0924874387391504
9162,DGKI,diacylglycerol kinase iota,protein_coding,56.2809959187904,-0.718426642519441,0.29993932854071,-2.39523988406185,0.016609494643657,0.0379483958002898
64764,CREB3L2,cAMP responsive element binding protein 3 like 2,protein_coding,696.489954451175,0.0242105862004462,0.130639807762904,0.185323192180332,0.85297554836362,0.89795354338091
8805,TRIM24,tripartite motif containing 24,protein_coding,842.966487054706,0.24458376778094,0.113312833452222,2.15848249778405,0.030890337743982,0.0633289687000707
57670,KIAA1549,KIAA1549,protein_coding,356.263367707143,-1.48394556348839,0.251932367824641,-5.89025370698418,3.85603165388524e-09,8.62208677808739e-08
28996,HIPK2,homeodomain interacting protein kinase 2,protein_coding,6366.79120968367,0.618970405852235,0.133490186841023,4.63682327892299,3.53804655159879e-06,2.85255003222652e-05
673,BRAF,"B-Raf proto-oncogene, serine/threonine kinase",protein_coding,1048.10911768333,0.313253198680243,0.0812521902821305,3.85532005466609,0.000115578319820578,0.000547562557490952
2051,EPHB6,EPH receptor B6,protein_coding,223.037085438022,1.35193586452402,0.259191480273631,5.215973391937,1.828544249616e-07,2.20609259468059e-06
2146,EZH2,enhancer of zeste 2 polycomb repressive complex 2 subunit,protein_coding,764.238513779532,-0.12351685200707,0.106794182744643,-1.15658782934285,0.247440797054617,0.36068669482256
4846,NOS3,nitric oxide synthase 3,protein_coding,251.982773379561,-0.3475625305208,0.199850378714497,-1.73911369473721,0.0820147662404876,0.141368662902223
285973,ATG9B,autophagy related 9B,protein_coding,96.1008883941494,-0.13953017076919,0.233056995908646,-0.598695483159335,0.549375969796416,0.656051788135971
58508,KMT2C,lysine methyltransferase 2C,protein_coding,10051.4937497648,0.239220448501536,0.079430448512589,3.0116970630428,0.00259791716621741,0.00765677871308716
7991,TUSC3,tumor suppressor candidate 3,protein_coding,232.907010325089,-0.0691602283904255,0.209442308338132,-0.330211354807886,0.741240267710242,0.81669070039717
5108,PCM1,pericentriolar material 1,protein_coding,3303.26133988488,-0.0298489607505938,0.0742482331282533,-0.402015771864011,0.687672419011172,0.777630914822478
23362,PSD3,pleckstrin and Sec7 domain containing 3,protein_coding,2202.29679375921,0.54710465292421,0.137265915181471,3.98572837401709,6.72734366991936e-05,0.000345007808393112
10361,NPM2,nucleophosmin/nucleoplasmin 2,protein_coding,24.3072070944229,-0.874150421022496,0.312007168245387,-2.80169980048341,0.00508341523224181,0.0136180309017085
5533,PPP3CC,protein phosphatase 3 catalytic subunit gamma,protein_coding,377.144021232571,0.545190311752561,0.119550990055295,4.56031615882393,5.10766617790769e-06,3.89343462743236e-05
57805,CCAR2,cell cycle and apoptosis regulator 2,protein_coding,1847.89494838767,-0.141634884853093,0.0659989799784143,-2.1460162702426,0.0318716806354625,0.0651020809082467
1960,EGR3,early growth response 3,protein_coding,375.248357178651,0.104800440904804,0.317951320458959,0.329611591967995,0.741693462555093,0.81669070039717
8795,TNFRSF10B,TNF receptor superfamily member 10b,protein_coding,921.539148400606,-0.802533492595564,0.160059182052131,-5.01397971866543,5.33156088885551e-07,5.36754442660341e-06
8793,TNFRSF10D,TNF receptor superfamily member 10d,protein_coding,193.552442405642,-1.26338345282321,0.184547199429266,-6.84585545990604,7.60202055282085e-12,4.55306730967163e-10
8797,TNFRSF10A,TNF receptor superfamily member 10a,protein_coding,44.5760860413736,-0.149059906440977,0.199837367518688,-0.745906074983887,0.4557241552088,0.572900605910913
2185,PTK2B,protein tyrosine kinase 2 beta,protein_coding,3108.91856309142,-0.10228399736165,0.146967671717446,-0.695962562149701,0.48645227565441,0.600499051389475
7976,FZD3,frizzled class receptor 3,protein_coding,141.369641157021,-0.690612086261759,0.196984044601205,-3.50592905968555,0.000455016476544554,0.00176634868325282
5516,PPP2CB,protein phosphatase 2 catalytic subunit beta,protein_coding,1178.52150138988,0.221288481400853,0.11525600761509,1.91997350923234,0.0548612456243605,0.102566676602065
7486,WRN,WRN RecQ like helicase,protein_coding,783.070517724539,-0.271093261917608,0.0883706628528704,-3.06768392547825,0.00215724660002247,0.00656570335433336
80139,ZNF703,zinc finger protein 703,protein_coding,69.4639081440182,-0.959544138005949,0.227775926270315,-4.21266704395793,2.52372945221608e-05,0.000150615455208767
11160,ERLIN2,ER lipid raft associated 2,protein_coding,593.176699109361,0.0331980895766132,0.130666345966782,0.254067635633224,0.799443306159463,0.861610812615308
25960,ADGRA2,adhesion G protein-coupled receptor A2,protein_coding,377.556737422933,-1.19290457857993,0.233126671071595,-5.11698027984786,3.10466067262782e-07,3.40295159999794e-06
9530,BAG4,BAG cochaperone 4,protein_coding,254.932652034891,0.21130248095921,0.0727940358662846,2.90274441366806,0.00369908389126555,0.0103832230963436
54904,NSD3,nuclear receptor binding SET domain protein 3,protein_coding,2035.3206948441,-0.00292746189156511,0.058903442355666,-0.0496993346142446,0.960361986706881,0.969862044425379
2260,FGFR1,fibroblast growth factor receptor 1,protein_coding,747.168492178334,-0.801094038668035,0.176765433737337,-4.53196092545114,5.84386612855401e-06,4.39469215138344e-05
6867,TACC1,transforming acidic coiled-coil containing protein 1,protein_coding,4187.73937472355,0.0396626397186903,0.146122419064085,0.271434321801745,0.786057007538525,0.852663390454144
7994,KAT6A,lysine acetyltransferase 6A,protein_coding,2434.14472635922,0.0904648041262992,0.0724078262996685,1.24937881371966,0.211526553652885,0.315877142008805
5327,PLAT,"plasminogen activator, tissue type",protein_coding,1214.0971929739,0.727119055767052,0.300773368235009,2.41749813167939,0.0156276142206171,0.036131477093293
3551,IKBKB,inhibitor of nuclear factor kappa B kinase subunit beta,protein_coding,1885.38973854634,0.132067302331551,0.0724032520018513,1.82405207887864,0.0681441992907319,0.12067351870175
27121,DKK4,dickkopf WNT signaling pathway inhibitor 4,protein_coding,44.5028085556974,0.54985835319043,0.369948728472799,1.48630961771466,0.137197243930445,0.218292009555366
84376,HOOK3,hook microtubule tethering protein 3,protein_coding,1994.59612241963,0.30238182805349,0.0987361320221025,3.06252454760735,0.00219478473133893,0.00665579384169148
1052,CEBPD,CCAAT enhancer binding protein delta,protein_coding,216.571359430571,0.0456811095625834,0.154065185763318,0.29650507566817,0.766844391329631,0.836693587677157
5591,PRKDC,"protein kinase, DNA-activated, catalytic subunit",protein_coding,8930.46447270383,-0.233859467811003,0.0819527527555101,-2.85358892713069,0.00432284273256189,0.0118261129894067
6917,TCEA1,transcription elongation factor A1,protein_coding,782.406118476779,0.194814142452479,0.0665961403075372,2.92530680536197,0.00344116771634443,0.00981435078283948
4067,LYN,"LYN proto-oncogene, Src family tyrosine kinase",protein_coding,1031.8684566569,-0.744671796408231,0.162818221805289,-4.57363916735789,4.79325045112084e-06,3.7042769615344e-05
5324,PLAG1,PLAG1 zinc finger,protein_coding,93.4948492132401,0.144408261176401,0.219495753528007,0.657909134255641,0.510596520861383,0.621837592944473
79145,CHCHD7,coiled-coil-helix-coiled-coil-helix domain containing 7,protein_coding,343.88918098065,-0.130108877538767,0.094962692994699,-1.37010517957858,0.170654071216211,0.263039409402193
444,ASPH,aspartate beta-hydroxylase,protein_coding,6158.26085168839,-0.093896912146865,0.127042782362585,-0.739096786143108,0.459848228258704,0.577219669752879
4603,MYBL1,MYB proto-oncogene like 1,protein_coding,68.9690313069352,0.00565894304165428,0.198841900560901,0.0284595099206522,0.977295661340355,0.981392110220225
23213,SULF1,sulfatase 1,protein_coding,601.503513185065,-1.49085543482874,0.287958287059882,-5.17733123797445,2.25082388468699e-07,2.63960255567837e-06
81796,SLCO5A1,solute carrier organic anion transporter family member 5A1,protein_coding,812.680942354011,0.151479994707506,0.150732277598651,1.00496056399311,0.31491583953248,0.43501965642172
10499,NCOA2,nuclear receptor coactivator 2,protein_coding,2247.11406827451,0.302815471824508,0.108212256691914,2.7983472582652,0.00513648567694098,0.0136511671635975
2138,EYA1,EYA transcriptional coactivator and phosphatase 1,protein_coding,44.6967725141441,-0.015977852315261,0.327264331130946,-0.0488224679421843,0.961060776694864,0.969862044425379
7013,TERF1,telomeric repeat binding factor 1,protein_coding,181.530445699527,-0.0136076777995959,0.0985534532998285,-0.138074084103348,0.890181867464073,0.920658976459539
23462,HEY1,hes related family bHLH transcription factor with YRPW motif 1,protein_coding,66.0573236524106,-0.589981472658649,0.238938622886165,-2.46917583073092,0.0135424657523336,0.0319869226291035
55824,PAG1,phosphoprotein membrane anchor with glycosphingolipid microdomains 1,protein_coding,431.16446670066,-0.818922490998883,0.183033663289211,-4.47416325654207,7.67111160516093e-06,5.56902777569476e-05
734,OSGIN2,oxidative stress induced growth inhibitor family member 2,protein_coding,17.0637774132637,-0.0248223410063597,0.175465239867153,-0.14146585970619,0.887501928778413,0.920658976459539
4683,NBN,nibrin,protein_coding,543.643119816584,-0.112403106527202,0.117402783734863,-0.957414321461475,0.338358172692279,0.457971473450324
862,RUNX1T1,RUNX1 partner transcriptional co-repressor 1,protein_coding,262.356739049643,-0.772466688736204,0.249801544237185,-3.09232151104219,0.00198597624650286,0.0061222098628406
1345,COX6C,cytochrome c oxidase subunit 6C,protein_coding,619.488870214373,0.114091741788476,0.136462091168414,0.836069129613956,0.403116013919234,0.523239593918387
26986,PABPC1,poly(A) binding protein cytoplasmic 1,protein_coding,13.2785976557146,0.186562180877449,0.233071102730847,0.800451787851591,0.423449086225183,0.542493596332798
50484,RRM2B,ribonucleotide reductase regulatory TP53 inducible subunit M2B,protein_coding,140.542499917048,0.0285975144484785,0.138712078207424,0.20616455912163,0.836662370860337,0.88971642101001
8323,FZD6,frizzled class receptor 6,protein_coding,570.03540863227,0.242170445833645,0.0914935682334999,2.64685759348246,0.008124355772152,0.0203048355140073
23414,ZFPM2,"zinc finger protein, FOG family member 2",protein_coding,250.252924520554,-0.582894974075429,0.235299065463976,-2.47725154762534,0.0132398552526403,0.0313162725792353
284,ANGPT1,angiopoietin 1,protein_coding,124.214448095421,-0.38411567167789,0.226034169623541,-1.69936993295143,0.0892495034523542,0.15103069353138
7227,TRPS1,transcriptional repressor GATA binding 1,protein_coding,1994.11804137608,0.689245139811979,0.211313295092174,3.26172160398773,0.00110737839622085,0.00375925823980235
5885,RAD21,RAD21 cohesin complex component,protein_coding,1826.43662821101,-0.206770432735829,0.0935061782067806,-2.2113023620597,0.0270149058969109,0.0567719263021549
2131,EXT1,exostosin glycosyltransferase 1,protein_coding,1599.81903805443,-0.45106037429905,0.115959562975884,-3.8898074701511,0.000100323784232901,0.000487660829445146
5168,ENPP2,ectonucleotide pyrophosphatase/phosphodiesterase 2,protein_coding,596.423835105532,-0.157869964818606,0.203917942523759,-0.774183786207103,0.438822115071809,0.557503550738957
3037,HAS2,hyaluronan synthase 2,protein_coding,71.8955938575261,0.144351115686337,0.28465866591044,0.507102480877053,0.612082914391569,0.712326889267635
5462,POU5F1B,POU class 5 homeobox 1B,protein_coding,22.7134056718869,-0.155149133991327,0.249757849168222,-0.621198230638301,0.534469203468617,0.643999592841338
4609,MYC,"MYC proto-oncogene, bHLH transcription factor",protein_coding,1528.35038516059,-0.0445918832728135,0.171108367869671,-0.260606093249502,0.794396290287047,0.858377950265063
10397,NDRG1,N-myc downstream regulated 1,protein_coding,15063.7237739036,0.983933577346215,0.179706737148811,5.47521808562716,4.36973113701437e-08,6.78522140441953e-07
5747,PTK2,protein tyrosine kinase 2,protein_coding,3897.26355496171,-0.368192822610017,0.0706607740702503,-5.21071029088873,1.88119014849002e-07,2.25339705644126e-06
5339,PLEC,plectin,protein_coding,15.9070093326076,-0.315847818674502,0.231522037806908,-1.36422356016891,0.172497215248801,0.265149248370522
9401,RECQL4,RecQ like helicase 4,protein_coding,365.807786210156,-0.610348757149167,0.207166446367881,-2.94617573381224,0.00321729556334755,0.00927045474181073
23189,KANK1,KN motif and ankyrin repeat domains 1,protein_coding,4511.3411342324,0.960569303245367,0.152404206582887,6.30277421327574,2.92364650203432e-10,9.25085883756896e-09
3717,JAK2,Janus kinase 2,protein_coding,979.054777251696,0.195123953855313,0.131169275894293,1.48757361451443,0.136863376137211,0.217967599033336
29126,CD274,CD274 molecule,protein_coding,94.0625146461119,0.405585549660194,0.19506163655858,2.07926867023075,0.0375926630496736,0.0748008311441049
80380,PDCD1LG2,programmed cell death 1 ligand 2,protein_coding,38.740495619711,0.0365767262511455,0.209815973704025,0.174327652968606,0.86160796804244,0.905903800882239
23081,KDM4C,lysine demethylase 4C,protein_coding,1622.91419625673,0.102996781350151,0.0858725188189069,1.19941493235289,0.230366644170531,0.339477031875202
4781,NFIB,nuclear factor I B,protein_coding,1898.42339659016,-0.313874133653864,0.128536245721447,-2.4419114771258,0.0146097285325172,0.0341232795947511
6619,SNAPC3,small nuclear RNA activating complex polypeptide 3,protein_coding,644.330186533678,0.0543963870694663,0.0830990922557482,0.654596645918277,0.512727484158595,0.623527187044209
11168,PSIP1,PC4 and SRSF1 interacting protein 1,protein_coding,907.378658115456,-0.26268355666326,0.119233089236637,-2.20310954236808,0.0275870287922074,0.0578293091056648
4300,MLLT3,MLLT3 super elongation complex subunit,protein_coding,340.396532293115,-0.213765587738644,0.123877389761513,-1.72562231211186,0.0844153826256351,0.14445367006448
1029,CDKN2A,cyclin dependent kinase inhibitor 2A,protein_coding,43.7697772490859,-0.587098477925751,0.351653153354504,-1.66953849930046,0.0950107071455409,0.15965226040388
1030,CDKN2B,cyclin dependent kinase inhibitor 2B,protein_coding,144.077775205497,1.04387702761672,0.253642363416424,4.11554684145133,3.8626254035968e-05,0.000213782930753526
2189,FANCG,FA complementation group G,protein_coding,311.962827944095,-0.478651086312816,0.127523811010412,-3.75342520365655,0.000174434597307853,0.000771838574367465
7169,TPM2,tropomyosin 2,protein_coding,636.50455270515,-1.08815920060572,0.262396648026469,-4.14700114803278,3.3685837410375e-05,0.000190205890024238
1211,CLTA,clathrin light chain A,protein_coding,2292.08971472077,0.0524639293379574,0.0943484139499132,0.55606583239236,0.578165851538705,0.681583900221782
9833,MELK,maternal embryonic leucine zipper kinase,protein_coding,294.655167410374,-0.759502074546606,0.155947618468105,-4.87023836598019,1.11463701994211e-06,1.0270106872237e-05
9380,GRHPR,glyoxylate and hydroxypyruvate reductase,protein_coding,1068.22364074349,0.151345861222432,0.0883253937478757,1.71350338561126,0.086619971039381,0.14747379840918
216,ALDH1A1,aldehyde dehydrogenase 1 family member A1,protein_coding,6282.85577497251,0.130754267508779,0.263260327843096,0.496672888695591,0.619419743885955,0.718372690523338
2776,GNAQ,G protein subunit alpha q,protein_coding,659.491205093136,0.147211242588087,0.0690718852414058,2.13127587402001,0.0330664214350623,0.0671336425503625
4915,NTRK2,neurotrophic receptor tyrosine kinase 2,protein_coding,258.706310161218,0.526156965765687,0.290230144305693,1.81289564881137,0.0698479174808104,0.123429881575679
6850,SYK,spleen associated tyrosine kinase,protein_coding,607.951556413142,0.32911490095299,0.114583505330294,2.87227118776212,0.00407533080702946,0.0112406739529414
4958,OMD,osteomodulin,protein_coding,31.4336469153536,-0.680284048569605,0.196533739640086,-3.46141100156856,0.000537351757789628,0.00202710130182779
54754,NUTM2F,NUT family member 2F,protein_coding,15.2571752890409,-0.094225719270658,0.193615444873058,-0.486664270675493,0.626496269184733,0.72307931412443
2176,FANCC,FA complementation group C,protein_coding,292.173388820085,-0.176926129252491,0.0917614973045114,-1.92810856894978,0.0538416233706526,0.100923933042647
5727,PTCH1,patched 1,protein_coding,669.121741424549,-0.304811793371647,0.150917301402246,-2.01972729792736,0.0434116819370411,0.0846527797772302
8555,CDC14B,cell division cycle 14B,protein_coding,432.854757341407,-0.69646821503992,0.16862847826757,-4.13019332318711,3.62458310181162e-05,0.000203291834840739
441457,NUTM2G,NUT family member 2G,protein_coding,56.2352191722956,-0.0913629977759622,0.1549914729677,-0.589471123969522,0.555545277268605,0.661682833792223
7507,XPA,"XPA, DNA damage recognition and repair factor",protein_coding,210.638338057844,0.427912123780797,0.119573787724001,3.57864488468408,0.000345380383116472,0.00140583228758816
8013,NR4A3,nuclear receptor subfamily 4 group A member 3,protein_coding,540.473505564777,-0.322758516712185,0.297398406354604,-1.08527318847614,0.277800677126432,0.394138524146385
9314,KLF4,KLF transcription factor 4,protein_coding,1261.89627115608,0.791582141572012,0.181712721001141,4.35622854146267,1.32322617318964e-05,8.73641847416941e-05
1902,LPAR1,lysophosphatidic acid receptor 1,protein_coding,246.755631080923,0.324981793881522,0.173060099921812,1.87785511523654,0.0604009880574316,0.109742640273362
3371,TNC,tenascin C,protein_coding,4725.55105259985,-0.511154180285396,0.223038650179509,-2.29177400362674,0.0219186875215367,0.0476752775273891
5069,PAPPA,pappalysin 1,protein_coding,739.402326907759,-0.159029899797829,0.231667698689977,-0.68645694111481,0.492425008181197,0.604141411891724
23245,ASTN2,astrotactin 2,protein_coding,200.181647585829,-1.20696884204736,0.264850604852729,-4.55716853174076,5.18478214448681e-06,3.93433468611058e-05
7099,TLR4,toll like receptor 4,protein_coding,372.029444284202,-0.834977773837619,0.212127969782587,-3.9361983933255,8.27825448604751e-05,0.000414406948450797
55755,CDK5RAP2,CDK5 regulatory subunit associated protein 2,protein_coding,2037.69070100987,-0.202698026272321,0.0713992002010323,-2.83893973184016,0.00452637051315991,0.0123026310381996
11064,CNTRL,centriolin,protein_coding,1356.1223218281,-0.163512293609249,0.0880980303349339,-1.85602666697091,0.0634497571420588,0.114537397984104
2934,GSN,gelsolin,protein_coding,8945.82488107302,0.513883841547923,0.135064176850661,3.80473826243445,0.00014195421419017,0.000646894611948138
153090,DAB2IP,DAB2 interacting protein,protein_coding,1738.12512809334,-0.316477982818125,0.116001177674342,-2.72823077457536,0.00636750439368276,0.0165043351904266
2649,NR6A1,nuclear receptor subfamily 6 group A member 1,protein_coding,243.251672959,-0.751003195309739,0.211531991986963,-3.55030550346268,0.000384784341559077,0.00154005570595363
3309,HSPA5,heat shock protein family A (Hsp70) member 5,protein_coding,9055.90286238097,0.0454214457682005,0.121020167084465,0.375321294478952,0.70742153107582,0.79142488833499
1025,CDK9,cyclin dependent kinase 9,protein_coding,875.876708208618,-0.00716508399574133,0.0651747478897527,-0.109936504976767,0.912459731211942,0.937045296535472
1759,DNM1,dynamin 1,protein_coding,439.787691246654,-1.34481808935041,0.268668101030489,-5.0054996636828,5.57173101889523e-07,5.56178149921863e-06
6709,SPTAN1,"spectrin alpha, non-erythrocytic 1",protein_coding,6393.99974737931,-0.288796902669229,0.0695348999712837,-4.1532655226152,3.27764045835355e-05,0.00018695928736935
6418,SET,SET nuclear proto-oncogene,protein_coding,2180.00402742838,-0.314296611885912,0.107257486844796,-2.93029998307442,0.00338634920375134,0.00970753438408719
5524,PTPA,protein phosphatase 2 phosphatase activator,protein_coding,1024.53905306664,0.286176149844321,0.0723755267847306,3.95404582954548,7.68406811362318e-05,0.00038813801887187
23048,FNBP1,formin binding protein 1,protein_coding,1332.16456812943,0.483844699763309,0.128789435174125,3.7568663851126,0.000172054300281478,0.000763320268709097
25,ABL1,"ABL proto-oncogene 1, non-receptor tyrosine kinase",protein_coding,997.84868438183,-0.38238681201762,0.101194603139673,-3.7787273249131,0.000157631914309339,0.000712530243387498
8021,NUP214,nucleoporin 214,protein_coding,3685.17602692331,0.208066757805061,0.0795417026894647,2.61581976208587,0.00890135308807546,0.022044246959608
7248,TSC1,TSC complex subunit 1,protein_coding,1438.22617698148,-0.0489251839126761,0.0703272305029324,-0.695679092761034,0.486629821609002,0.600499051389475
5900,RALGDS,ral guanine nucleotide dissociation stimulator,protein_coding,2104.88488436416,0.0558508867052181,0.0990946236030427,0.563611674120161,0.57301844012275,0.677203611054159
8019,BRD3,bromodomain containing 3,protein_coding,418.368292904233,-0.284869702033053,0.084830235947782,-3.35811516790319,0.000784759092370457,0.00281205341432747
4851,NOTCH1,notch receptor 1,protein_coding,1954.3869725962,-0.50249360349133,0.16440408317938,-3.05645452213656,0.00223971453960451,0.00677978570923605
7186,TRAF2,TNF receptor associated factor 2,protein_coding,395.308766258963,-0.386662891274763,0.11212068761529,-3.44863110901966,0.00056343586342956,0.00210911147984681
10771,ZMYND11,zinc finger MYND-type containing 11,protein_coding,1680.75617725499,-0.0755979923636041,0.0903587480177854,-0.83664276035259,0.40279340239543,0.523225821701887
1645,AKR1C1,aldo-keto reductase family 1 member C1,protein_coding,358.748912712313,0.726879918318625,0.277918925772032,2.61543871580326,0.00891129114349119,0.022044246959608
1646,AKR1C2,aldo-keto reductase family 1 member C2,protein_coding,281.677211858924,0.646214900884341,0.294590395891409,2.19360478106878,0.02826383441131,0.0589532964026952
8644,AKR1C3,aldo-keto reductase family 1 member C3,protein_coding,1100.01725334193,-0.231194875404986,0.213450892173847,-1.08312911251122,0.278751118581845,0.394818940761617
3559,IL2RA,interleukin 2 receptor subunit alpha,protein_coding,62.5778398409787,-0.863399276149433,0.285089073218691,-3.02852461654019,0.00245751054781292,0.0072813519234669
2625,GATA3,GATA binding protein 3,protein_coding,117.359456094796,-0.932053803801565,0.360854757226628,-2.58290568472735,0.00979721018866509,0.0239025725854291
79723,SUV39H2,SUV39H2 histone lysine methyltransferase,protein_coding,94.0990804562714,-0.357675071228625,0.126073048574214,-2.83704626225546,0.00455330139790256,0.0123558033079006
64421,DCLRE1C,DNA cross-link repair 1C,protein_coding,14.1370999037064,-0.168760878270365,0.18308707111734,-0.921752023452309,0.356657937722723,0.477727924569495
8516,ITGA8,integrin subunit alpha 8,protein_coding,656.869999890346,-0.614590943950878,0.261673659380733,-2.34869243394749,0.0188394614545899,0.0422942126631155
8028,MLLT10,MLLT10 histone lysine methyltransferase DOT1L cofactor,protein_coding,1176.44210482472,-0.0336740914881126,0.0925012327927305,-0.364039380573088,0.715828602575965,0.797107945896343
10006,ABI1,abl interactor 1,protein_coding,2705.3140940442,0.473445433991508,0.0958358331553849,4.9401713159198,7.80539620968201e-07,7.52278703657284e-06
3799,KIF5B,kinesin family member 5B,protein_coding,4449.98887134471,-0.355472142460517,0.101070109025807,-3.5170847828981,0.00043631439352038,0.00171358135347465
80314,EPC1,enhancer of polycomb homolog 1,protein_coding,867.987621024366,0.0472649720302783,0.0784375801540686,0.602580700952777,0.54678766218867,0.654039165114408
8325,FZD8,frizzled class receptor 8,protein_coding,54.4488039498851,0.0957106542059747,0.315758492551046,0.303113475848958,0.761803384727394,0.832276401425303
5979,RET,ret proto-oncogene,protein_coding,35.9219550585714,-1.16743278316395,0.350259256602888,-3.33305333451199,0.000858984742155623,0.00304549135855175
221002,RASGEF1A,RasGEF domain family member 1A,protein_coding,51.9012875294576,-1.31003413447447,0.303206626462078,-4.32059862859995,1.55606486024212e-05,9.81022846100015e-05
8031,NCOA4,nuclear receptor coactivator 4,protein_coding,4316.38530342372,0.310275639381729,0.106286053509869,2.91925073079243,0.00350873883672439,0.00995626908491844
5599,MAPK8,mitogen-activated protein kinase 8,protein_coding,503.99048039888,0.282293676534122,0.0853573050601391,3.30719996765631,0.000942335974604359,0.00329915956035806
2074,ERCC6,"ERCC excision repair 6, chromatin remodeling factor",protein_coding,909.468993177988,0.303702514791954,0.0795421455601166,3.81813330094824,0.000134465268146506,0.000619500699674973
22943,DKK1,dickkopf WNT signaling pathway inhibitor 1,protein_coding,197.259688245637,0.870190207448197,0.448745935978082,1.93916008520844,0.0524818482048881,0.0993364102027058
80114,BICC1,BicC family RNA binding protein 1,protein_coding,247.428189706961,-1.45292852296453,0.233281051178483,-6.22823206439044,4.71727981512807e-10,1.36394452585686e-08
8030,CCDC6,coiled-coil domain containing 6,protein_coding,1364.2680404947,0.395057317391042,0.0899286388602557,4.39300897242468,1.11792511608742e-05,7.62097731576669e-05
983,CDK1,cyclin dependent kinase 1,protein_coding,164.492693017599,-0.547869500009922,0.173054687462782,-3.16587494995042,0.0015461724788185,0.00499601396334996
1959,EGR2,early growth response 2,protein_coding,151.730545545554,0.552404033361744,0.30764446917124,1.79559227848256,0.0725593848179326,0.127282519183758
221035,REEP3,receptor accessory protein 3,protein_coding,683.633856181174,-0.207497348164924,0.107235742726858,-1.93496443339273,0.0529946603318554,0.0998562307601366
23411,SIRT1,sirtuin 1,protein_coding,280.726945103169,-0.0275601912745284,0.0952094147073624,-0.289469180744761,0.772222361040237,0.841466471386925
80312,TET1,tet methylcytosine dioxygenase 1,protein_coding,276.417570557083,-0.753224746426839,0.224201982225481,-3.35958111944486,0.000780607304851397,0.00280316584632932
4838,NODAL,nodal growth differentiation factor,protein_coding,15.0401958757473,0.182556879860905,0.198856411532248,0.918033662853761,0.358601242484313,0.479947552790258
5551,PRF1,perforin 1,protein_coding,46.6265275357295,0.562684350386418,0.270992333787275,2.07638475422008,0.0378583801604112,0.0752233454135186
5532,PPP3CB,protein phosphatase 3 catalytic subunit beta,protein_coding,883.32451225629,0.0236729003309175,0.0666087367710777,0.355402331262895,0.722288202623047,0.802701998541319
818,CAMK2G,calcium/calmodulin dependent protein kinase II gamma,protein_coding,1446.11214029604,-0.552188531129205,0.133138211157956,-4.14748347845897,3.36149718836309e-05,0.000190205890024238
5328,PLAU,"plasminogen activator, urokinase",protein_coding,467.045849255963,0.0625043053286526,0.174627749289741,0.357928826219629,0.720396577719011,0.801130676946141
23522,KAT6B,lysine acetyltransferase 6B,protein_coding,1483.28277390247,0.26835831849849,0.0702798330049859,3.81842567098091,0.000134306037287372,0.000619500699674973
57178,ZMIZ1,zinc finger MIZ-type containing 1,protein_coding,3197.82568380311,0.527963140616582,0.106217981023301,4.97056275717352,6.67588481029761e-07,6.54705194553748e-06
729262,NUTM2B,NUT family member 2B,protein_coding,166.088288588748,0.105678160630462,0.15396095206291,0.686395863460762,0.492463512257595,0.604141411891724
283008,NUTM2E,NUT family member 2E,protein_coding,116.199930821362,-0.0267278261140332,0.123824163341995,-0.2158530725559,0.829102277404767,0.884481246315391
2894,GRID1,glutamate ionotropic receptor delta type subunit 1,protein_coding,52.3439053896261,-0.785195150266881,0.302633817060133,-2.59453869991952,0.00947179496677522,0.0232906160693285
657,BMPR1A,bone morphogenetic protein receptor type 1A,protein_coding,643.113312288042,-0.11328848650221,0.100391906544583,-1.12846234723015,0.259124709892985,0.373006127459687
6623,SNCG,synuclein gamma,protein_coding,175.519978614313,0.774980967887395,0.294456813472224,2.63190027341819,0.00849087822439804,0.0211578050257288
728118,NUTM2A,NUT family member 2A,protein_coding,161.476170699801,-0.104471241406699,0.115460075795927,-0.904825678369978,0.365557745629212,0.486432448249302
728130,NUTM2D,NUT family member 2D,protein_coding,89.4065239756609,0.0110903006867455,0.113309034008933,0.0978765796015098,0.922030297447148,0.943057298924954
5728,PTEN,phosphatase and tensin homolog,protein_coding,1586.87793373821,0.238340993057532,0.10886900576926,2.18924561102981,0.028578993143356,0.059520305478953
355,FAS,Fas cell surface death receptor,protein_coding,426.146938457548,-0.0434416017478892,0.135634890143538,-0.320283385063507,0.74875351711692,0.821766785474525
3087,HHEX,hematopoietically expressed homeobox,protein_coding,54.3436485444518,-1.0817322083372,0.278334820233649,-3.88644226198195,0.000101724107233848,0.0004916176594558
1562,CYP2C18,cytochrome P450 family 2 subfamily C member 18,protein_coding,373.704164536175,1.04592141413582,0.241973370998472,4.32246494653505,1.54295603542895e-05,9.76429159024281e-05
1557,CYP2C19,cytochrome P450 family 2 subfamily C member 19,protein_coding,908.709986458272,0.600458797427873,0.25538822926193,2.35116081568518,0.0187149434560089,0.0420709921926634
1559,CYP2C9,cytochrome P450 family 2 subfamily C member 9,protein_coding,442.01305731011,0.408246834034846,0.264881143496725,1.54124536252576,0.123257080977096,0.200487026962744
29760,BLNK,B cell linker,protein_coding,49.4364024306586,0.458698107232668,0.186125883748043,2.46445092963859,0.0137223351750141,0.0322180939133036
7093,TLL2,tolloid like 2,protein_coding,24.0556673271276,-1.76939378526814,0.323349547432934,-5.47207750657246,4.44790211011061e-08,6.84324021894999e-07
2805,GOT1,glutamic-oxaloacetic transaminase 1,protein_coding,1088.8704004361,0.64388608655501,0.140590065192897,4.57988326324172,4.65235525037662e-06,3.61203692355629e-05
1147,CHUK,component of inhibitor of nuclear factor kappa B kinase complex,protein_coding,594.688837017213,-0.067800599116328,0.102996976587475,-0.658277566611341,0.510359790366105,0.621837592944473
10724,OGA,O-GlcNAcase,protein_coding,3883.06605512719,0.211469403239673,0.0765159334820519,2.76373029271448,0.00571447516622778,0.0150206502410094
4791,NFKB2,nuclear factor kappa B subunit 2,protein_coding,1505.69522979506,-0.367763453861173,0.122280066615748,-3.00755032311873,0.00263362516708688,0.00773483258354589
51684,SUFU,SUFU negative regulator of hedgehog signaling,protein_coding,130.037385192109,0.214181754360519,0.0957194332142308,2.23759948391207,0.0252471852488911,0.0537303675918659
54805,CNNM2,cyclin and CBS domain divalent metal cation transport mediator 2,protein_coding,153.224187588086,0.608433275676619,0.126844275193846,4.79669480350452,1.61305081996519e-06,1.41627551051394e-05
22978,NT5C2,"5'-nucleotidase, cytosolic II",protein_coding,2879.13236153784,0.614098320000891,0.119645836894447,5.13263424738007,2.8571479742191e-07,3.21348243775701e-06
22984,PDCD11,programmed cell death 11,protein_coding,2552.47123051427,-0.15493994361624,0.0935899122163262,-1.65551970235967,0.0978191232317134,0.163552013618727
9148,NEURL1,neuralized E3 ubiquitin protein ligase 1,protein_coding,53.4722453439696,-1.63954045032755,0.321301436981295,-5.10281082379035,3.34645482303941e-07,3.64415892093318e-06
120,ADD3,adducin 3,protein_coding,1925.91867928484,-0.0983119509157008,0.107357537103568,-0.915743352242326,0.35980152119826,0.481169976913462
9126,SMC3,structural maintenance of chromosomes 3,protein_coding,1356.70576318805,-0.0906775148345943,0.0904345546358296,-1.00268658589345,0.316012104073262,0.43617473130112
64429,ZDHHC6,zinc finger DHHC-type palmitoyltransferase 6,protein_coding,159.916882296837,0.0458568091081212,0.134724080566588,0.340375743632975,0.733573583126213,0.810944560911443
143187,VTI1A,vesicle transport through interaction with t-SNAREs 1A,protein_coding,835.857521953165,0.0318720088074754,0.11073284826929,0.287827950835024,0.773478440654181,0.842287886348741
6934,TCF7L2,transcription factor 7 like 2,protein_coding,1440.32346695732,-0.641005595240942,0.140540111807663,-4.56101526458294,5.09068797237889e-06,3.89343462743236e-05
840,CASP7,caspase 7,protein_coding,605.469332089361,-0.476967250246927,0.1642554247585,-2.90381429379393,0.0036864675186036,0.0103832230963436
3983,ABLIM1,actin binding LIM protein 1,protein_coding,12313.4442493734,1.07728723224516,0.167427675473261,6.43434383951179,1.24007855633586e-10,4.07767007642205e-09
26033,ATRNL1,attractin like 1,protein_coding,72.8682175171818,-0.430388637667481,0.318824287951815,-1.3499242495996,0.177040282319754,0.270644077894465
387712,ENO4,enolase 4,protein_coding,72.8449822000759,0.137045833049989,0.141250550936538,0.970232201866327,0.331930762909677,0.451807229522507
57698,SHTN1,shootin 1,protein_coding,1538.56903632805,0.0120701061644278,0.103224011609727,0.116931186612499,0.906914584325738,0.933849000189095
2263,FGFR2,fibroblast growth factor receptor 2,protein_coding,1850.99624495336,-0.46719514985688,0.235621753901064,-1.98281840331709,0.0473877175964369,0.0913439108152008
10579,TACC2,transforming acidic coiled-coil containing protein 2,protein_coding,7314.02313327375,0.212087408231217,0.106562085591643,1.99027080836196,0.0465611118829522,0.0899573555618789
5654,HTRA1,HtrA serine peptidase 1,protein_coding,505.97672167017,-1.01097227491475,0.187123212652704,-5.40270905240971,6.56418851109449e-08,9.09763977942599e-07
1793,DOCK1,dedicator of cytokinesis 1,protein_coding,3346.02738120695,-0.127150623775752,0.0707725682900788,-1.79660886764196,0.0723977356348889,0.12713193995781
4288,MKI67,marker of proliferation Ki-67,protein_coding,6597.86766507194,-0.667984862898886,0.167443814640324,-3.98930748402825,6.62664761549256e-05,0.000341935016959416
4255,MGMT,O-6-methylguanine-DNA methyltransferase,protein_coding,130.698313783202,0.227055713029729,0.204134391961661,1.11228544513152,0.266015439859022,0.380313633967246
3632,INPP5A,inositol polyphosphate-5-phosphatase A,protein_coding,716.76792660799,0.0130870977638517,0.124662179202908,0.104980498877292,0.916391282844595,0.939931609376382
3265,HRAS,"HRas proto-oncogene, GTPase",protein_coding,172.47594430099,0.363176820838948,0.129219589082793,2.81053997630541,0.00494584443659439,0.0132919569233474
1028,CDKN1C,cyclin dependent kinase inhibitor 1C,protein_coding,64.9989036173161,-0.894240393383189,0.310275294323322,-2.88208700384423,0.00395050635819183,0.0109346714332553
833,CARS1,cysteinyl-tRNA synthetase 1,protein_coding,1423.62770016371,0.0739961853763323,0.103512113352039,0.714855324465025,0.474698445132874,0.590726567777398
4928,NUP98,nucleoporin 98 and 96 precursor,protein_coding,2698.05408727527,-0.00234192574870235,0.0664138918623919,-0.0352625886396593,0.97187035470656,0.977700410823576
6240,RRM1,ribonucleotide reductase catalytic subunit M1,protein_coding,1074.94187394354,-0.0805188215720105,0.0879800260562844,-0.915194336502007,0.360089617312598,0.481171544408946
7465,WEE1,WEE1 G2 checkpoint kinase,protein_coding,1023.60233974447,0.118767240538517,0.170873626801861,0.695058931921867,0.487018370291109,0.60053662277808
133,ADM,adrenomedullin,protein_coding,614.49058516492,0.836912382720365,0.226861817355024,3.68908436191645,0.000225062587633626,0.000970256965196891
374378,GALNT18,polypeptide N-acetylgalactosaminyltransferase 18,protein_coding,106.657781526384,0.0353717926581392,0.0808502281397868,0.437497747031496,0.661750409630348,0.755449582675352
283106,CSNK2A3,casein kinase 2 alpha 3,protein_coding,575.72855364364,0.110596165095901,0.0777915786203082,1.42169842876834,0.155113816461491,0.242202858664731
7003,TEAD1,TEA domain transcription factor 1,protein_coding,1313.70057678257,0.384063403727128,0.12426591337389,3.09065771376549,0.0019971371108859,0.00614531914670762
2188,FANCF,FA complementation group F,protein_coding,91.0224199685128,-0.472778167281427,0.140141600758297,-3.37357476097929,0.000741988946164021,0.00269916586272682
627,BDNF,brain derived neurotrophic factor,protein_coding,42.1512374372808,-0.171999739105562,0.189602667988828,-0.907158854514097,0.364322798566946,0.485281440188061
4005,LMO2,LIM domain only 2,protein_coding,91.4816588253496,0.589968266526507,0.241061077348738,2.44738085888919,0.0143898691278406,0.0336836381611392
4076,CAPRIN1,cell cycle associated protein 1,protein_coding,4425.19647958146,0.00186878086246733,0.0594655612036439,0.0314262713517084,0.974929589986269,0.979602709650673
960,CD44,CD44 molecule (IN blood group),protein_coding,13665.7537924499,0.233324395513506,0.174573999459239,1.3365357741488,0.181374215639866,0.276764840425892
2132,EXT2,exostosin glycosyltransferase 2,protein_coding,1522.50620424039,-0.272646612780768,0.105017353550828,-2.59620532761578,0.00942597184130994,0.0232119747105386
90993,CREB3L1,cAMP responsive element binding protein 3 like 1,protein_coding,1582.84276231098,-2.30685552502237,0.267734204232954,-8.61621521849029,6.92036231733481e-18,2.3210895212341e-15
8525,DGKZ,diacylglycerol kinase zeta,protein_coding,1665.1681808195,-0.472194137193612,0.0727820493491572,-6.48778292746822,8.7108658967384e-11,2.98124940996537e-09
283254,HARBI1,harbinger transposase derived 1,protein_coding,33.3181123996389,0.0107949603167899,0.12766465853209,0.0845571549786156,0.932613462395807,0.950755487196212
9776,ATG13,autophagy related 13,protein_coding,1129.2523207946,0.0885186622426744,0.0714805373312789,1.23836033621896,0.215582480749979,0.319939663909482
1643,DDB2,damage specific DNA binding protein 2,protein_coding,435.838454619004,-0.0523518704484297,0.118635157208568,-0.441284621525741,0.659006957947259,0.753343332295537
8567,MADD,MAP kinase activating death domain,protein_coding,2061.60816673877,-0.352562651346347,0.0640362449455076,-5.50567341427288,3.67759742744741e-08,5.87364846269458e-07
10978,CLP1,cleavage factor polyribonucleotide kinase subunit 1,protein_coding,170.664565513936,0.098769175957914,0.10008146687157,0.986887772984583,0.323697658956655,0.443860158683819
643376,BTBD18,BTB domain containing 18,protein_coding,57.8848340984843,0.203202911853699,0.149061520875055,1.36321507160809,0.172814738647432,0.265394062922841
9404,LPXN,leupaxin,protein_coding,204.249617657584,0.049799371133393,0.12547676531325,0.396881215490931,0.691455056903896,0.779324658125742
23220,DTX4,deltex E3 ubiquitin ligase 4,protein_coding,716.448184332057,-1.26257409186091,0.16893282821705,-7.47382320645649,7.78977814513721e-14,7.25747663855283e-12
54949,SDHAF2,succinate dehydrogenase complex assembly factor 2,protein_coding,319.692376629072,0.0231504800942021,0.065855563271323,0.35153415967035,0.725187649945067,0.80485750427391
2237,FEN1,flap structure-specific endonuclease 1,protein_coding,165.288689847994,-0.738993560670176,0.136528283484175,-5.41275069026876,6.20638746133678e-08,8.78415067312678e-07
79026,AHNAK,AHNAK nucleoprotein,protein_coding,55.9838855248563,0.419917686116904,0.222419227647391,1.88795586855743,0.0590318752706174,0.10819284680746
23193,GANAB,glucosidase II alpha subunit,protein_coding,4546.38326471478,-0.213428405852306,0.0922594808857195,-2.31334930354396,0.0207034419982156,0.0456123974419982
6811,STX5,syntaxin 5,protein_coding,518.797962064574,0.253704109283683,0.0743755126692818,3.41112417485852,0.00064695620783681,0.00239502331245547
54663,WDR74,WD repeat domain 74,protein_coding,15.1326991765833,-0.19593469874541,0.301706122542266,-0.649422348788966,0.51606542239944,0.627131676350624
10313,RTN3,reticulon 3,protein_coding,1483.49075253032,-0.0311954952997009,0.0786798264359663,-0.39648658001412,0.691746106032523,0.779324658125742
65998,ZFTA,zinc finger translocation associated,protein_coding,27.1328720522034,-0.903529766650273,0.217342991622002,-4.15716080793472,3.2222718331752e-05,0.000185059926857357
28992,MACROD1,mono-ADP ribosylhydrolase 1,protein_coding,257.529586149927,0.10696032201778,0.12985261078987,0.823705594882991,0.410106859649283,0.531080466124979
4221,MEN1,menin 1,protein_coding,484.093416419424,-0.040097381989412,0.0933142802177223,-0.429702526728559,0.667412045177067,0.760360054186101
5970,RELA,"RELA proto-oncogene, NF-kB subunit",protein_coding,1446.21595209038,0.241673336635418,0.082736229644798,2.92100978825076,0.00348898865562136,0.00991700673809665
8061,FOSL1,"FOS like 1, AP-1 transcription factor subunit",protein_coding,295.630906239038,0.46312793812479,0.313526798438529,1.47715582984078,0.139633870813441,0.22132892377518
6712,SPTBN2,"spectrin beta, non-erythrocytic 2",protein_coding,22.4593223419095,0.606191666906088,0.306553621858793,1.97744089021175,0.0479918157894713,0.092296187017137
5091,PC,pyruvate carboxylase,protein_coding,407.340054757758,0.605201230068883,0.176510222044279,3.42870357908827,0.000606471505433811,0.0022501166252489
29984,RHOD,ras homolog family member D,protein_coding,529.599032877189,0.852312772858739,0.195809854171821,4.35275730357699,1.34435947526607e-05,8.84114054910273e-05
57804,POLD4,"DNA polymerase delta 4, accessory subunit",protein_coding,825.951093762194,0.0823050344315855,0.124328378903726,0.661997165549135,0.507973038234247,0.619542389177332
9049,AIP,aryl hydrocarbon receptor interacting protein,protein_coding,90.7623799205893,-0.201460197955982,0.113067089155724,-1.78177575331861,0.0747858077653016,0.130914195848028
4041,LRP5,LDL receptor related protein 5,protein_coding,1843.87152875076,-0.812605170114985,0.132154866736976,-6.1488856988694,7.80291824957951e-10,2.07706252453093e-08
595,CCND1,cyclin D1,protein_coding,1281.16399779911,0.129372172187366,0.166910011297622,0.775101332637735,0.438279784205229,0.557236693034244
4926,NUMA1,nuclear mitotic apparatus protein 1,protein_coding,6168.65873385299,0.17912293489344,0.0884081013461133,2.02609186450213,0.0427553716385783,0.0836790471022483
56946,EMSY,"EMSY transcriptional repressor, BRCA2 interacting",protein_coding,1195.17815391561,-0.0595821646367626,0.0724241303168251,-0.82268388140963,0.41068778381092,0.531422386922001
5058,PAK1,p21 (RAC1) activated kinase 1,protein_coding,1492.40635362655,-0.273095835660594,0.0948105698751968,-2.88043660132074,0.00397124812067936,0.0109716360764074
8301,PICALM,phosphatidylinositol binding clathrin assembly protein,protein_coding,3482.60296649136,0.293232710731311,0.0934772581822424,3.13694171645072,0.00170720060801163,0.00540249081568338
8726,EED,embryonic ectoderm development,protein_coding,531.541042374816,-0.185717721293949,0.103287509906491,-1.79806562731626,0.0721666084596925,0.126858912355246
28970,C11orf54,chromosome 11 open reading frame 54,protein_coding,399.899071092336,-0.158825881086489,0.108850089975875,-1.45912494074823,0.144530722821329,0.227939452078698
4361,MRE11,"MRE11 homolog, double strand break repair nuclease",protein_coding,494.030518249328,-0.193076127868985,0.111435246744147,-1.73263068472657,0.0831613317424476,0.14289093579107
9702,CEP57,centrosomal protein 57,protein_coding,689.245885501306,-0.115367861295859,0.0911541747923698,-1.26563442166684,0.205643996516103,0.309018801216402
84441,MAML2,mastermind like transcriptional coactivator 2,protein_coding,569.850364489005,-0.0790556816411274,0.143126422352195,-0.552348618388524,0.580709526544742,0.683883339898548
10413,YAP1,Yes1 associated transcriptional regulator,protein_coding,2718.24440633431,0.297479572298168,0.103679729034812,2.86921633638032,0.00411490245146455,0.011322105804919
330,BIRC3,baculoviral IAP repeat containing 3,protein_coding,647.878235799126,-0.162731916527359,0.204884982981891,-0.794259853303852,0.427044170664834,0.545848379729365
329,BIRC2,baculoviral IAP repeat containing 2,protein_coding,34.8945604877126,-0.219977712721119,0.165763515659771,-1.32705747610121,0.184489670572546,0.280497894424442
4316,MMP7,matrix metallopeptidase 7,protein_coding,146.719220720727,-3.77905568298243,0.560948658672833,-6.73690118436762,1.61800134769252e-11,8.47933831275113e-10
80310,PDGFD,platelet derived growth factor D,protein_coding,222.766522950459,0.00695546023301085,0.209147114562247,0.0332563050060189,0.97347019802292,0.978722735062612
472,ATM,ATM serine/threonine kinase,protein_coding,2300.73214219499,-0.175595111685816,0.0831053800060124,-2.11292110899574,0.0346075207990441,0.0699698843031762
160140,C11orf65,chromosome 11 open reading frame 65,protein_coding,38.5476111314549,-0.229678004331769,0.116635494597706,-1.96919475605573,0.0489307308460929,0.0936291073163796
1662,DDX10,DEAD-box helicase 10,protein_coding,449.670503662077,-0.260950347373364,0.116493616695615,-2.24003988180054,0.0250883338398616,0.0534601472038729
57569,ARHGAP20,Rho GTPase activating protein 20,protein_coding,97.6735023386146,0.641135743828359,0.237634553081732,2.6979904038107,0.00697594515405198,0.0177252424596139
5450,POU2AF1,POU class 2 homeobox associating factor 1,protein_coding,173.65274827298,-0.0984870105000998,0.352611812187323,-0.279307178875163,0.780009097491664,0.84829783170786
23235,SIK2,salt inducible kinase 2,protein_coding,18.5361049525924,0.391675964997372,0.188958467749592,2.07281509879949,0.0381894907156257,0.0757018628015417
5519,PPP2R1B,protein phosphatase 2 scaffold subunit Abeta,protein_coding,891.424494239769,0.22938367959306,0.0901533744286981,2.54437153402925,0.0109474572670134,0.0263398649021256
64776,CFAP68,cilia and flagella associated protein 68,protein_coding,117.430904080402,0.0834247717642988,0.156813913578231,0.531998531639733,0.594727012490083,0.696478491582311
6392,SDHD,succinate dehydrogenase complex subunit D,protein_coding,1059.93799607939,0.264849623550412,0.105328979395743,2.51449909673308,0.011920160793802,0.0284354333587567
4684,NCAM1,neural cell adhesion molecule 1,protein_coding,298.930839320155,-0.875204843232229,0.323663576110781,-2.70405726139747,0.00684984840217402,0.0174616751666992
7704,ZBTB16,zinc finger and BTB domain containing 16,protein_coding,681.810044362679,0.0792495288137942,0.285883663782351,0.277209014902399,0.781619617893158,0.849498444074417
23387,SIK3,SIK family kinase 3,protein_coding,1825.81749071128,0.230098158718261,0.086695148998253,2.65410650280903,0.00795187244219751,0.0199034180381571
5049,PAFAH1B2,platelet activating factor acetylhydrolase 1b catalytic subunit 2,protein_coding,677.293821017746,0.0783874437458389,0.0844899075051211,0.927772867322498,0.353525401204132,0.475049757868052
6876,TAGLN,transgelin,protein_coding,321.513784992971,-0.484530086074495,0.110383456254384,-4.38951725662467,1.13602563810077e-05,7.71301617447362e-05
9159,PCSK7,proprotein convertase subtilisin/kexin type 7,protein_coding,1580.53553989125,-0.30990275756394,0.0897048522432127,-3.45469336177841,0.000550919009901806,0.00206687064788664
4297,KMT2A,lysine methyltransferase 2A,protein_coding,4881.4208432172,-0.109406504010298,0.0708059132034515,-1.54516055312969,0.122307433216076,0.199329023812788
1656,DDX6,DEAD-box helicase 6,protein_coding,2389.41446026331,0.291592847201673,0.0861486790759827,3.38476283477881,0.000712397783611759,0.00260849581466576
3014,H2AX,H2A.X variant histone,protein_coding,172.364246919005,-0.640661361853642,0.174511494359164,-3.67116999488348,0.0002414426787235,0.00102766338126728
9854,C2CD2L,C2CD2 like,protein_coding,427.865182349714,-0.0383115042888515,0.126014049687358,-0.304025657328707,0.761108344075191,0.832059121912709
867,CBL,Cbl proto-oncogene,protein_coding,683.085241824245,-0.0593585595102622,0.0790139288906694,-0.751241715778947,0.452507198868816,0.570138672053347
23365,ARHGEF12,Rho guanine nucleotide exchange factor 12,protein_coding,6939.63770614552,0.255471378314155,0.0676644758591681,3.77556132771759,0.00015964773804145,0.000719702302944922
1111,CHEK1,checkpoint kinase 1,protein_coding,245.751216751914,-0.537379955151676,0.190028390785773,-2.82789299498666,0.00468554652687266,0.012653239171603
114609,TIRAP,TIR domain containing adaptor protein,protein_coding,165.949384251799,-0.241739348911406,0.0959326483841109,-2.51988611784687,0.0117392808294778,0.0280838430114611
2113,ETS1,"ETS proto-oncogene 1, transcription factor",protein_coding,796.715052086756,-0.613559994615224,0.120294267130075,-5.10049239463571,3.38770994196878e-07,3.66528359527848e-06
2313,FLI1,"Fli-1 proto-oncogene, ETS transcription factor",protein_coding,266.762162413271,-0.0302896814155297,0.132007689620798,-0.229453916681211,0.818516134302886,0.87653356144696
334,APLP2,amyloid beta precursor like protein 2,protein_coding,5671.58007322127,-0.0269216925465359,0.104357284236856,-0.257976170455266,0.796425298123316,0.859497954684403
5927,KDM5A,lysine demethylase 5A,protein_coding,2214.45838135502,0.0916650163733095,0.0537965522175078,1.70391990926656,0.0883960509671302,0.150027503635683
5893,RAD52,"RAD52 homolog, DNA repair protein",protein_coding,350.713312419102,-0.25457112705676,0.113551948707278,-2.24189131014397,0.02496839780974,0.0532722686093307
23085,ERC1,ELKS/RAB6-interacting/CAST family member 1,protein_coding,2272.82151834217,0.270598385172722,0.0674360198921097,4.01266838709713,6.00362244051255e-05,0.000315613631120362
81029,WNT5B,Wnt family member 5B,protein_coding,52.0885368554438,0.556637906221781,0.267343608497145,2.08210665424502,0.0373327288773252,0.0744435033618006
7004,TEAD4,TEA domain transcription factor 4,protein_coding,305.68848698082,-1.05402664269699,0.158102365843325,-6.66673542217262,2.615559871098e-11,1.18024395489099e-09
894,CCND2,cyclin D2,protein_coding,481.68985032895,-1.12030059800857,0.218207114804768,-5.13411581016005,2.83473512350316e-07,3.21206135278027e-06
4908,NTF3,neurotrophin 3,protein_coding,32.7907336982851,0.222538756432135,0.335403434079327,0.66349576009261,0.507013094056363,0.618821658466172
171017,ZNF384,zinc finger protein 384,protein_coding,968.377365269558,-0.138913490839663,0.0590058782212039,-2.35423139231821,0.0185610529112484,0.041781054674045
8078,USP5,ubiquitin specific peptidase 5,protein_coding,1296.15050589686,0.0963724499519675,0.0635152239658485,1.51731260530209,0.129187777153137,0.208716668868796
5777,PTPN6,protein tyrosine phosphatase non-receptor type 6,protein_coding,1180.94810291247,-0.0922662115011471,0.083322604286052,-1.10733710607978,0.268148207130872,0.383036237954406
29121,CLEC2D,C-type lectin domain family 2 member D,protein_coding,103.610675905383,-0.0409885348934427,0.137687245692187,-0.297693041119267,0.765937455147252,0.836248119975222
4973,OLR1,oxidized low density lipoprotein receptor 1,protein_coding,148.724339842184,-0.570569601626665,0.408621215784178,-1.39632887277205,0.162615483051109,0.252505708404361
55359,STYK1,serine/threonine/tyrosine kinase 1,protein_coding,144.293245100999,0.496716921500425,0.204124895707211,2.43339706202665,0.0149578878928033,0.0347910929212637
2120,ETV6,ETS variant transcription factor 6,protein_coding,843.166994010624,-0.227558615668503,0.0841568389352976,-2.70398245166334,0.00685139073326659,0.0174616751666992
1027,CDKN1B,cyclin dependent kinase inhibitor 1B,protein_coding,306.458301974445,0.028548382556929,0.113812661754606,0.250836612700288,0.801940433449535,0.86374701791578
55766,H2AJ,H2A.J histone,protein_coding,95.5560381511544,0.630370091080323,0.142438581588738,4.42555720542336,9.61936601668348e-06,6.77801546637739e-05
85004,RERG,RAS like estrogen regulated growth inhibitor,protein_coding,49.331951291873,-0.0514894126814285,0.225945235996612,-0.227884480300353,0.819736048237362,0.87685428871985
5800,PTPRO,protein tyrosine phosphatase receptor type O,protein_coding,63.6883157821628,-1.39871039778599,0.332118149608312,-4.21148437517065,2.53698104513254e-05,0.000150869404705222
4033,IRAG2,"inositol 1,4,5-triphosphate receptor associated 2",protein_coding,207.121632895178,0.405089127759243,0.267185902276076,1.51613211740744,0.129485948545758,0.208997050732663
3845,KRAS,"KRAS proto-oncogene, GTPase",protein_coding,276.510076893553,0.278940658818725,0.115399887827735,2.41716577086381,0.0156418916933397,0.036131477093293
26127,FGFR1OP2,FGFR1 oncogene partner 2,protein_coding,338.683535281753,0.164612591293437,0.0708194544720138,2.32439790055836,0.020104177988674,0.0446604467098462
8496,PPFIBP1,PPFIA binding protein 1,protein_coding,2505.41047725483,0.264473865344697,0.0925256566108957,2.8583840961746,0.00425804631823031,0.0116678818229939
120892,LRRK2,leucine rich repeat kinase 2,protein_coding,779.722679333194,0.625529533153281,0.241939103811588,2.5854833852754,0.0097242559379573,0.0237719784372513
1272,CNTN1,contactin 1,protein_coding,180.627727922094,0.236123949757569,0.377694747059541,0.625171389318648,0.53185857755281,0.642135950004364
144165,PRICKLE1,prickle planar cell polarity protein 1,protein_coding,106.935555104339,0.107867133988136,0.178760256099713,0.603417875660053,0.546230733426074,0.653839357569969
196528,ARID2,AT-rich interaction domain 2,protein_coding,3269.57160180652,0.130025532094561,0.0761761159959062,1.70690682236344,0.0878393725602907,0.14924683666019
51564,HDAC7,histone deacetylase 7,protein_coding,1616.09477568137,-0.394411356421252,0.0988447514434696,-3.99021041240435,6.60147052835769e-05,0.000341687224569625
8085,KMT2D,lysine methyltransferase 2D,protein_coding,7455.87783058875,0.010830472211062,0.0577941218283766,0.187397469992256,0.85134900612038,0.89795354338091
466,ATF1,activating transcription factor 1,protein_coding,158.979027432711,0.0514493549885088,0.109909831916336,0.46810511936432,0.639709418478544,0.734789516978437
6334,SCN8A,sodium voltage-gated channel alpha subunit 8,protein_coding,167.984215852693,-0.981090974363638,0.272681008805586,-3.59794390764899,0.000320742767878202,0.00131512376951527
91,ACVR1B,activin A receptor type 1B,protein_coding,540.624311740673,0.165376057403579,0.109346752861116,1.51240025950864,0.130432068949587,0.209918022676063
3851,KRT4,keratin 4,protein_coding,395.10457205821,2.29992214528823,0.458598022459358,5.0151157062437,5.30015599920987e-07,5.36754442660341e-06
3856,KRT8,keratin 8,protein_coding,304.603584557449,-2.36031453617737,0.280355320756478,-8.41901102432648,3.79675680595683e-17,1.06119352726494e-14
5916,RARG,retinoic acid receptor gamma,protein_coding,119.08609022346,1.19668509795939,0.21262906985408,5.62804088255963,1.82267895532241e-08,3.32504313375734e-07
5204,PFDN5,prefoldin subunit 5,protein_coding,1772.18480823932,0.213756030525405,0.0720666825777682,2.9660867252317,0.00301615424401951,0.00876618833140505
6667,SP1,Sp1 transcription factor,protein_coding,2317.18032267463,0.0795572472051006,0.0774434206628951,1.0272951081462,0.304281525151999,0.424525888252831
5094,PCBP2,poly(rC) binding protein 2,protein_coding,46.400233731245,0.212701096418578,0.137857075730338,1.54291025898911,0.122852551326521,0.200023037451044
3678,ITGA5,integrin subunit alpha 5,protein_coding,3269.40791128442,-0.890682491509691,0.202519798082685,-4.39800207161002,1.09251936567561e-05,7.50883186982784e-05
196410,TMT1B,thiol methyltransferase 1B,protein_coding,83.9272827483437,-3.24791871128501,0.37061134497002,-8.76367859582859,1.88980131927814e-18,7.92299203107361e-16
3679,ITGA7,integrin subunit alpha 7,protein_coding,632.018174350499,-1.44590163625877,0.217517361727833,-6.64729300122691,2.98532389196548e-11,1.25159704170653e-09
84324,SARNP,SAP domain containing ribonucleoprotein,protein_coding,985.468690960065,0.0548762472497939,0.0678536473770848,0.808744251356581,0.418662268937195,0.538417657214476
1017,CDK2,cyclin dependent kinase 2,protein_coding,366.862072144521,-0.500797656057666,0.12124579939835,-4.13043304215686,3.62080544979818e-05,0.000203291834840739
2065,ERBB3,erb-b2 receptor tyrosine kinase 3,protein_coding,6812.74906242863,0.183401654724334,0.161034463940604,1.13889691831421,0.254746151121891,0.368391561850315
11176,BAZ2A,bromodomain adjacent to zinc finger domain 2A,protein_coding,4783.40058793472,0.0223157259330752,0.0570100453313384,0.391434979631709,0.69547574076375,0.781913804017171
4666,NACA,nascent polypeptide associated complex subunit alpha,protein_coding,7663.08571892637,0.308705020487314,0.0771263593745346,4.00258774031075,6.26534210796205e-05,0.000326903791672426
4665,NAB2,NGFI-A binding protein 2,protein_coding,224.773532363045,0.263082435529923,0.117786265097307,2.23355783726211,0.0255121807553408,0.054045234977838
6778,STAT6,signal transducer and activator of transcription 6,protein_coding,6418.51652670354,0.0126749872638309,0.0857256140992507,0.14785531018951,0.882456957766772,0.918878697176633
2735,GLI1,GLI family zinc finger 1,protein_coding,46.070740418612,-1.03287581243031,0.28423530949204,-3.63387579916152,0.000279195299786527,0.0011676072761646
1649,DDIT3,DNA damage inducible transcript 3,protein_coding,478.37266947385,0.0249537506765593,0.155849396915472,0.160114515490191,0.872790866986753,0.9136518626322
6302,TSPAN31,tetraspanin 31,protein_coding,217.599549712249,-0.404751365898071,0.102670031621607,-3.94225422458027,8.07193497522092e-05,0.000405288471660044
1019,CDK4,cyclin dependent kinase 4,protein_coding,646.417111569271,-0.348991022933452,0.0968403967652329,-3.60377522801254,0.000313628306552204,0.00128910458354913
10106,CTDSP2,CTD small phosphatase 2,protein_coding,1645.57574236768,0.0203739833618957,0.0904217895718424,0.225321611730633,0.821729088182413,0.877732280816501
121227,LRIG3,leucine rich repeats and immunoglobulin like domains 3,protein_coding,1210.351419428,0.0707866116047609,0.124071376946753,0.570531361436733,0.56831735751703,0.672595771740339
8091,HMGA2,high mobility group AT-hook 2,protein_coding,118.089779021081,-1.18337229174668,0.314621906892505,-3.76125204832287,0.000169064961524128,0.000754047714031815
57122,NUP107,nucleoporin 107,protein_coding,1143.83942704979,-0.443925157836961,0.115731924435307,-3.83580554806302,0.00012515340263986,0.000586263285550403
4193,MDM2,MDM2 proto-oncogene,protein_coding,1768.13370929209,0.0962853224719791,0.100563621430231,0.957456793048966,0.33833674460509,0.457971473450324
11052,CPSF6,cleavage and polyadenylation specific factor 6,protein_coding,1266.17214073825,-0.150077317351465,0.0763858190426645,-1.96472747471151,0.049445788230459,0.0943351386376334
10818,FRS2,fibroblast growth factor receptor substrate 2,protein_coding,321.373447768976,0.105623902165537,0.0828107101112279,1.27548600928149,0.202137273027887,0.304294620168551
4848,CNOT2,CCR4-NOT transcription complex subunit 2,protein_coding,1468.29282711774,-0.0106812937506698,0.0682059373552986,-0.156603576826879,0.875557283430553,0.915976022653173
5801,PTPRR,protein tyrosine phosphatase receptor type R,protein_coding,72.1798999366831,-3.11818866050098,0.437046144454642,-7.13468978062247,9.70056888154083e-13,7.07298000623651e-11
8549,LGR5,leucine rich repeat containing G protein-coupled receptor 5,protein_coding,153.722746810019,-3.20838636165968,0.479873682041178,-6.68589773044559,2.29513271978084e-11,1.06914932529791e-09
29953,TRHDE,thyrotropin releasing hormone degrading enzyme,protein_coding,52.167426540372,-2.52637535925617,0.438742633716588,-5.75821715308415,8.50069565725219e-09,1.69710316871571e-07
89795,NAV3,neuron navigator 3,protein_coding,102.057978591396,-0.245426541264213,0.275082967528309,-0.892190975942399,0.372290578237389,0.491599448585907
8499,PPFIA2,PTPRF interacting protein alpha 2,protein_coding,117.082034789452,-1.01148791015916,0.339659505187574,-2.97794672226403,0.00290186422173761,0.00849289057566137
1634,DCN,decorin,protein_coding,3473.36228084948,-0.082355410700829,0.204704754457286,-0.40231313102214,0.687453592065266,0.777630914822478
694,BTG1,BTG anti-proliferation factor 1,protein_coding,655.285589092576,0.231093127687772,0.135894593132171,1.7005321724832,0.0890308701262502,0.150812898183557
8835,SOCS2,suppressor of cytokine signaling 2,protein_coding,51.860099340152,0.129547621989285,0.185049416185974,0.700070417185703,0.483883329443575,0.600201437482896
8738,CRADD,CASP2 and RIPK1 domain containing adaptor with death domain,protein_coding,120.338276594797,0.150595382704026,0.130316329785694,1.15561405812825,0.2478390551787,0.360786541262742
3479,IGF1,insulin like growth factor 1,protein_coding,118.010265611367,-0.995111921135354,0.295284354312146,-3.37001235115701,0.000751648145391856,0.00272385425751047
50515,CHST11,carbohydrate sulfotransferase 11,protein_coding,275.72060756772,-0.305325177873608,0.148587927527123,-2.05484512069713,0.0398939665289522,0.0788011565006511
1240,CMKLR1,chemerin chemokine-like receptor 1,protein_coding,150.003560316388,-0.767144865231909,0.203956779434281,-3.76131093734543,0.000169025156251038,0.000754047714031815
9815,GIT2,GIT ArfGAP 2,protein_coding,1166.64149728167,-0.0224721135933396,0.0645334225103445,-0.348224419520558,0.727671649959462,0.806296891484783
217,ALDH2,aldehyde dehydrogenase 2 family member,protein_coding,2929.79506100834,0.00486726843047662,0.125253829412146,0.0388592385024887,0.969002614967936,0.975813306612524
5781,PTPN11,protein tyrosine phosphatase non-receptor type 11,protein_coding,1865.22689337235,-0.206931954598247,0.0678570725364792,-3.04952670168614,0.00229202257407886,0.00687596497207474
1840,DTX1,deltex E3 ubiquitin ligase 1,protein_coding,25.9883027166184,-0.097455503578688,0.211373459850401,-0.461058373400625,0.644756725662663,0.739808504467122
8437,RASAL1,RAS protein activator like 1,protein_coding,1173.48158885099,1.03046571882489,0.26214485685808,3.93090191116266,8.46277958394712e-05,0.000422383373877361
11113,CIT,citron rho-interacting serine/threonine kinase,protein_coding,989.087463416713,-0.789490679260862,0.166011797941109,-4.75562995553441,1.97828550046798e-06,1.68405318999228e-05
23409,SIRT4,sirtuin 4,protein_coding,14.4493717088616,-0.320900557717303,0.218769822986421,-1.46684105392918,0.14241929879417,0.225105715436215
6927,HNF1A,HNF1 homeobox A,protein_coding,119.898137624445,-2.00940232770035,0.330954701986908,-6.07153279780216,1.2669507847152e-09,3.0792412550252e-08
84678,KDM2B,lysine demethylase 2B,protein_coding,749.619511323779,0.214474350609612,0.0946485797661904,2.26600706676662,0.0234509505744395,0.0505218779894966
605,BCL7A,BAF chromatin remodeling complex subunit BCL7A,protein_coding,130.219528437738,-0.639819699227188,0.168489835695411,-3.79737861685513,0.000146234344357589,0.000662797285101828
9612,NCOR2,nuclear receptor corepressor 2,protein_coding,4387.60892418622,-0.363003121384603,0.0930836604806264,-3.89975125075958,9.62915667838851e-05,0.000472166542387647
11211,FZD10,frizzled class receptor 10,protein_coding,86.0640557584196,0.480435352123363,0.278199273604414,1.72694682447849,0.0841772139289417,0.144193245923223
57634,EP400,E1A binding protein p400,protein_coding,2984.30512686771,-0.219588143375436,0.0625412979608529,-3.51109028010395,0.000446272811056363,0.00173642576366942
9205,ZMYM5,zinc finger MYM-type containing 5,protein_coding,33.2669331579294,0.170941094743673,0.165693204037816,1.03167233524351,0.302225641473044,0.422360333958579
7750,ZMYM2,zinc finger MYM-type containing 2,protein_coding,2704.83226141122,0.0773667771691176,0.0748127366472888,1.03413911368956,0.30107113313387,0.421602085997499
1024,CDK8,cyclin dependent kinase 8,protein_coding,488.491154578347,-0.0082713706640477,0.102460394722061,-0.0807274916955478,0.935658672953104,0.952701636030574
6144,RPL21,ribosomal protein L21,protein_coding,336.649584408936,-0.0153472394631005,0.155573783739148,-0.0986492652825962,0.921416752720534,0.943057298924954
2322,FLT3,fms related receptor tyrosine kinase 3,protein_coding,27.3870618921619,0.605497032439883,0.311267817496452,1.94526063539088,0.0517436173078642,0.0981606857752129
2321,FLT1,fms related receptor tyrosine kinase 1,protein_coding,846.47988425321,-0.141419319802401,0.161832984230754,-0.873859679932454,0.382194674762767,0.501518364301378
23281,MTUS2,microtubule associated scaffold protein 2,protein_coding,28.1449003099076,-0.313540111437579,0.335611106864641,-0.934236397498121,0.350181964477627,0.471312322976711
3146,HMGB1,high mobility group box 1,protein_coding,1920.03060546935,-0.28788440339958,0.0787147362974939,-3.65731268299689,0.0002548733914929,0.00107663142955565
675,BRCA2,BRCA2 DNA repair associated,protein_coding,507.41997419156,-0.663795416946793,0.135799021798924,-4.88807215363943,1.01828212262573e-06,9.53999508180643e-06
10631,POSTN,periostin,protein_coding,3010.91120294618,-1.01616582356294,0.27833488881785,-3.6508747713189,0.000261348652965428,0.00110121027895232
51569,UFM1,ubiquitin fold modifier 1,protein_coding,467.97582548414,0.0110887110039827,0.0972242204582327,0.114052969020681,0.909195804143277,0.93541187947747
10186,LHFPL6,LHFPL tetraspan subfamily member 6,protein_coding,244.67019235611,-0.838744758776163,0.171677826878051,-4.88557418292553,1.03127866697749e-06,9.60807958067363e-06
2308,FOXO1,forkhead box O1,protein_coding,421.754026635024,0.178599104127159,0.127782855248399,1.39767658016388,0.162210210174338,0.25210984472879
3936,LCP1,lymphocyte cytosolic protein 1,protein_coding,1051.98787367968,0.111645509486845,0.200483986821912,0.55687993468535,0.577609464804037,0.681583900221782
5925,RB1,RB transcriptional corepressor 1,protein_coding,1337.24723558656,0.183037554318965,0.0783123819164257,2.33727476855833,0.0194249016213778,0.0434340800254009
1602,DACH1,dachshund family transcription factor 1,protein_coding,224.57263821107,-2.19729979282109,0.286748009723358,-7.66282491355721,1.81887234679714e-14,2.17874923255629e-12
4008,LMO7,LIM domain 7,protein_coding,13614.0467587904,0.964662920437737,0.207856141521897,4.64101235294082,3.46706395925934e-06,2.80882428003764e-05
1910,EDNRB,endothelin receptor type B,protein_coding,306.088623403935,-0.935886648164093,0.268580464513113,-3.48456709187946,0.000492933863533676,0.00188302981582227
10253,SPRY2,sprouty RTK signaling antagonist 2,protein_coding,90.8929060622065,-0.739751067904185,0.18090518119295,-4.0891646277128,4.32929518091394e-05,0.000235721688908853
2259,FGF14,fibroblast growth factor 14,protein_coding,27.4550720455133,1.07640361389724,0.337096687509418,3.19315986712912,0.00140725014113419,0.00458781495070533
100533467,BIVM-ERCC5,BIVM-ERCC5 readthrough,protein_coding,1088.50948208418,-0.0828058722604595,0.0927001570009067,-0.893265717550506,0.371714892317413,0.491520652243306
2073,ERCC5,"ERCC excision repair 5, endonuclease",protein_coding,1105.62428206032,-0.0826879943305894,0.0922455323474616,-0.896390234045463,0.370044381325577,0.49056476480869
8660,IRS2,insulin receptor substrate 2,protein_coding,149.29130736114,0.0741738895459277,0.211467530859013,0.350757817262168,0.725770045895286,0.804971142173542
8874,ARHGEF7,Rho guanine nucleotide exchange factor 7,protein_coding,1839.40222491993,-0.234480051446326,0.0742794075996745,-3.15673023013384,0.00159548878964903,0.00511593632933351
7027,TFDP1,transcription factor Dp-1,protein_coding,645.31083129299,0.0447461655808587,0.0862394933264345,0.51885932830664,0.603858841843438,0.704712093090777
57820,CCNB1IP1,cyclin B1 interacting protein 1,protein_coding,190.709867406652,-0.347356049191839,0.120525209771899,-2.88201986828508,0.00395134817445004,0.0109346714332553
10038,PARP2,poly(ADP-ribose) polymerase 2,protein_coding,23.1050818034492,-0.303518099285369,0.156354130218777,-1.94122214015501,0.0522313387480425,0.0989739605429008
599,BCL2L2,BCL2 like 2,protein_coding,122.998585075129,0.309287400839245,0.105869132176134,2.92141245027575,0.0034844819381325,0.00991700673809665
100529063,BCL2L2-PABPN1,BCL2L2-PABPN1 readthrough,protein_coding,83.6664337553243,0.330525525328194,0.105931531834352,3.12018073943316,0.00180740103983611,0.00566544213795357
9472,AKAP6,A-kinase anchoring protein 6,protein_coding,359.962496019192,-0.104148929126857,0.155876553297624,-0.668150064416679,0.504037807005047,0.616087027950047
4792,NFKBIA,NFKB inhibitor alpha,protein_coding,3100.7370316243,0.582084203532832,0.148706552741361,3.91431441857997,9.06614353730155e-05,0.000448493295340847
145282,MIPOL1,mirror-image polydactyly 1,protein_coding,247.411585943816,-0.0326625749617841,0.131181454280352,-0.248987748618641,0.803370258229668,0.86473165792757
57697,FANCM,FA complementation group M,protein_coding,241.544394185645,-0.0887442669752348,0.101301625598888,-0.876039910026963,0.381008337715776,0.500353157673732
51062,ATL1,atlastin GTPase 1,protein_coding,198.427828703267,0.0632422347063536,0.154970817419485,0.408091250723454,0.683206683187317,0.774244158184457
51199,NIN,ninein,protein_coding,2082.78677053384,0.652424550201949,0.123567334382544,5.27991117929395,1.29246524605852e-07,1.60552905010381e-06
652,BMP4,bone morphogenetic protein 4,protein_coding,203.17354784799,-0.870648278885908,0.209197832127827,-4.1618417840674,3.15691054606441e-05,0.000181929174768042
3958,LGALS3,galectin 3,protein_coding,2590.22376189432,-0.12910413628854,0.169675790827943,-0.76088719350338,0.446724448378143,0.564320832142681
3895,KTN1,kinectin 1,protein_coding,6302.11793410269,0.119128529135923,0.0933546527655813,1.2760856112342,0.20192525740542,0.304248568435659
4331,MNAT1,MNAT1 component of CDK activating kinase,protein_coding,251.780041244317,-0.124179416826977,0.0998306809597336,-1.24390032836763,0.213536248508471,0.31802867562052
3091,HIF1A,hypoxia inducible factor 1 subunit alpha,protein_coding,5590.66408673512,0.234571475013862,0.122766470509985,1.91071286841943,0.0560414901779889,0.10442916267761
3306,HSPA2,heat shock protein family A (Hsp70) member 2,protein_coding,610.758383232115,0.372753180515161,0.197773142496748,1.8847512650576,0.0594634274812742,0.108627633862851
4149,MAX,MYC associated factor X,protein_coding,840.918653103255,0.431184523262845,0.0992962235279511,4.34240606483357,1.40930747718678e-05,9.12512988124414e-05
10243,GPHN,gephyrin,protein_coding,861.557446142137,0.0859217107622933,0.0803090507415073,1.0698882625179,0.284669606979501,0.401844217933185
5890,RAD51B,RAD51 paralog B,protein_coding,262.23382188784,0.0311377256863068,0.112620386336524,0.276483918224745,0.782176409836062,0.84955300472479
5663,PSEN1,presenilin 1,protein_coding,1395.70175377683,-0.0476939256285105,0.0797165539183375,-0.598293871024187,0.54964386543294,0.656051788135971
2353,FOS,"Fos proto-oncogene, AP-1 transcription factor subunit",protein_coding,4786.23129325688,-0.131958661397239,0.257429385149099,-0.512601392886093,0.60823017867261,0.709319895433913
7043,TGFB3,transforming growth factor beta 3,protein_coding,77.1596132064762,-0.251969567425045,0.190494559557795,-1.3227126696424,0.185930948583502,0.282433152875483
22938,SNW1,SNW domain containing 1,protein_coding,1122.13944966453,0.00451463734778393,0.0657691592402548,0.0686436834518737,0.945273246483991,0.958997721932034
7253,TSHR,thyroid stimulating hormone receptor,protein_coding,39.961250379054,-0.408996393964481,0.212306432117563,-1.92644372516233,0.0540489921734424,0.101160892717481
440193,CCDC88C,coiled-coil domain containing 88C,protein_coding,1618.45433769154,-0.255104213539288,0.122315324324364,-2.08562757731635,0.0370123713111875,0.0740689101299062
9321,TRIP11,thyroid hormone receptor interactor 11,protein_coding,1610.85900225043,0.341586271488676,0.0757985017767847,4.50650426435336,6.59043615439087e-06,4.82627136721113e-05
9950,GOLGA5,golgin A5,protein_coding,1070.78150720545,0.162980121917379,0.0666015541412256,2.44709187373896,0.0144014123801651,0.0336836381611392
23405,DICER1,"dicer 1, ribonuclease III",protein_coding,3958.14390194868,0.301197355624486,0.0723595921332302,4.16250764749909,3.14771596271262e-05,0.000181929174768042
64919,BCL11B,BCL11 transcription factor B,protein_coding,175.584328762931,-0.358506924697369,0.20483437621269,-1.75022831287417,0.0800789251520314,0.138875240413606
2009,EML1,EMAP like 1,protein_coding,471.770162598288,-0.270760438182131,0.146291460254753,-1.85082873402607,0.0641941958954131,0.115384422847382
3320,HSP90AA1,heat shock protein 90 alpha family class A member 1,protein_coding,11937.1529062437,0.00749248885392713,0.149314932742114,0.0501790994131016,0.959979666820716,0.969862044425379
23186,RCOR1,REST corepressor 1,protein_coding,1414.37374278873,0.602990610799973,0.111322303900604,5.41661993753167,6.07362539987098e-08,8.78415067312678e-07
7187,TRAF3,TNF receptor associated factor 3,protein_coding,401.537631430546,-0.250076927826454,0.0692143208141388,-3.61308071631571,0.000302580460873317,0.00124675044934779
1152,CKB,creatine kinase B,protein_coding,1504.9077328671,0.705664934340305,0.243370237405824,2.89955313296423,0.00373695003023586,0.0104447753345092
23368,PPP1R13B,protein phosphatase 1 regulatory subunit 13B,protein_coding,1280.92691698637,0.382123923307076,0.101687938827246,3.75780970402254,0.000171407152787709,0.000762466300331534
207,AKT1,AKT serine/threonine kinase 1,protein_coding,2767.66128836053,-0.338321273711209,0.0746970169054679,-4.5292474549468,5.91941399712401e-06,4.43163271123972e-05
283638,CEP170B,centrosomal protein 170B,protein_coding,2826.48903992406,-0.0718614900690961,0.13617342340652,-0.527720375029182,0.597693429400579,0.699195228195155
3714,JAG2,jagged canonical Notch ligand 2,protein_coding,452.194832160856,-0.230302759361688,0.168196203899171,-1.36925063718886,0.170920942376607,0.263208834128163
23191,CYFIP1,cytoplasmic FMR1 interacting protein 1,protein_coding,49.9062624431283,0.278585324560694,0.125504168765296,2.21972964963159,0.0264371249182219,0.0556848057331063
6263,RYR3,ryanodine receptor 3,protein_coding,346.332234259714,-0.0546637321365581,0.194159025247754,-0.2815410309503,0.77829546205581,0.846983445728483
57099,AVEN,apoptosis and caspase activation inhibitor,protein_coding,15.8978850167747,-0.165243844742217,0.208436852303017,-0.792776531196091,0.427908032265321,0.54612006857606
256646,NUTM1,NUT midline carcinoma family member 1,protein_coding,44.8395502075917,-0.129922963792019,0.273887365479019,-0.474366400818776,0.635238648380803,0.732161658649214
10125,RASGRP1,RAS guanyl releasing protein 1,protein_coding,514.590721846728,0.959076245766102,0.184177711582518,5.20734152642788,1.91565318160594e-07,2.27840452876111e-06
7057,THBS1,thrombospondin 1,protein_coding,6543.30363192673,-1.35722905317536,0.268045336518493,-5.063430950912,4.11777568775875e-07,4.31594364273214e-06
701,BUB1B,BUB1 mitotic checkpoint serine/threonine kinase B,protein_coding,448.638552227824,-0.668023359966427,0.178467906608448,-3.7431007773966,0.000181763286921177,0.000802150084649509
106821730,BUB1B-PAK6,BUB1B-PAK6 readthrough,protein_coding,111.227834603354,0.640835768531152,0.163858697608976,3.91090480934011,9.19510088864322e-05,0.000453046861389959
56924,PAK6,p21 (RAC1) activated kinase 6,protein_coding,97.5893897530089,1.01304720784244,0.200813108219514,5.04472649631543,4.5417054921325e-07,4.67266264435964e-06
57082,KNL1,kinetochore scaffold 1,protein_coding,467.665334040475,-0.753145944592812,0.172743095033369,-4.35991924567131,1.30110450530233e-05,8.6243172149882e-05
5888,RAD51,RAD51 recombinase,protein_coding,127.59429308618,-0.712972478605546,0.16569896207265,-4.3028180121789,1.68639364867529e-05,0.000105133165383957
55192,DNAJC17,DnaJ heat shock protein family (Hsp40) member C17,protein_coding,16.2738788773364,0.110265179042481,0.138105128800701,0.798414801825388,0.424629816431196,0.543590994011539
84936,ZFYVE19,zinc finger FYVE-type containing 19,protein_coding,725.241591373549,0.0538532056858925,0.109402692998665,0.49224753257719,0.622544365945323,0.721129045410021
54567,DLL4,delta like canonical Notch ligand 4,protein_coding,171.639954310666,-1.0998382903996,0.203375117296335,-5.40792947053128,6.3757520690977e-08,8.91011351656404e-07
51103,NDUFAF1,NADH:ubiquinone oxidoreductase complex assembly factor 1,protein_coding,147.570905220852,0.414144638954717,0.129342529554271,3.20192159827016,0.00136514147495462,0.00448012182680803
3706,ITPKA,inositol-trisphosphate 3-kinase A,protein_coding,84.8076962862281,-1.56075792346032,0.262683947297051,-5.94158089795784,2.82286368370524e-09,6.57491999663013e-08
27229,TUBGCP4,tubulin gamma complex component 4,protein_coding,91.8550390285275,-0.220481504229167,0.0936388390634635,-2.3545945938067,0.0185429234891943,0.041781054674045
7158,TP53BP1,tumor protein p53 binding protein 1,protein_coding,1731.81530666857,-0.243231594501614,0.0697369095707358,-3.48784590540105,0.000486928622024918,0.00186553065327201
4734,NEDD4,NEDD4 E3 ubiquitin protein ligase,protein_coding,623.01101976,-0.188006118734491,0.123376215373324,-1.52384410695046,0.127547658498685,0.206265596241364
6938,TCF12,transcription factor 12,protein_coding,2371.03646726534,-0.292617137427159,0.0710980679542625,-4.11568339121958,3.86033912802994e-05,0.000213782930753526
4643,MYO1E,myosin IE,protein_coding,20.5194157911369,0.0433889874673784,0.177714557287762,0.244149877925428,0.807114744110676,0.867092521379631
5604,MAP2K1,mitogen-activated protein kinase kinase 1,protein_coding,757.748959347907,0.579768770061482,0.108246578907908,5.35600086312869,8.50841022321626e-08,1.16004910116534e-06
10302,SNAPC5,small nuclear RNA activating complex polypeptide 5,protein_coding,107.481935127476,0.532199264743387,0.139371411501715,3.81856837789748,0.000134228380638849,0.000619500699674973
4091,SMAD6,SMAD family member 6,protein_coding,137.123376541412,-1.36178799724169,0.208337001014405,-6.53646731310841,6.29888963572972e-11,2.29635606937364e-09
4088,SMAD3,SMAD family member 3,protein_coding,1492.08666464566,0.314423408489776,0.127602559654742,2.46408386587637,0.0137363966297031,0.0322180939133036
5607,MAP2K5,mitogen-activated protein kinase kinase 5,protein_coding,596.650349382672,-0.30883558994447,0.10132552418838,-3.04795452496546,0.00230404791567034,0.00688750152331402
5315,PKM,pyruvate kinase M1/2,protein_coding,15662.4293473452,0.134396135218156,0.104649513405791,1.2842499773221,0.19905450339539,0.300733695670332
5371,PML,PML nuclear body scaffold,protein_coding,1305.37715299543,0.025278483386598,0.13609894485761,0.18573607174578,0.852651739323505,0.89795354338091
25942,SIN3A,SIN3 transcription regulator family member A,protein_coding,1093.95881497232,0.0274638896158049,0.0730012423856283,0.37621126323751,0.706759842622914,0.791212453991073
5923,RASGRF1,Ras protein specific guanine nucleotide releasing factor 1,protein_coding,16.4372077748658,-1.14150462514396,0.307372678204051,-3.71374785753134,0.000204212264944159,0.000887212353138223
597,BCL2A1,BCL2 related protein A1,protein_coding,266.50181101915,-0.30365326147491,0.306726538501665,-0.989980400646884,0.322183698900173,0.44214571444811
4916,NTRK3,neurotrophic receptor tyrosine kinase 3,protein_coding,50.307150596214,0.241531955528557,0.346700484019824,0.696658835684655,0.486016325925797,0.600499051389475
55215,FANCI,FA complementation group I,protein_coding,981.03783472558,-0.481964429201334,0.13562451287248,-3.5536675413131,0.000379899130143764,0.00153330946022166
5428,POLG,"DNA polymerase gamma, catalytic subunit",protein_coding,67.2846231397275,-0.227713330980975,0.120350465940369,-1.89208516312519,0.0584796348123866,0.10741549570687
3418,IDH2,isocitrate dehydrogenase (NADP(+)) 2,protein_coding,4137.83469473323,0.341020847648946,0.204334423923028,1.66893488185528,0.095130285726708,0.159693182346035
64784,CRTC3,CREB regulated transcription coactivator 3,protein_coding,671.586005094902,-0.459543423227763,0.133670707705246,-3.43787678779325,0.000586294408520185,0.00218979002915
641,BLM,BLM RecQ like helicase,protein_coding,242.018439045124,-0.840040035527136,0.170921672867882,-4.91476605296548,8.88885393114108e-07,8.42181245340316e-06
1106,CHD2,chromodomain helicase DNA binding protein 2,protein_coding,8657.42148678585,0.196279490979128,0.0884409428508144,2.2193283410628,0.0264643948534798,0.0556848057331063
91947,ARRDC4,arrestin domain containing 4,protein_coding,446.337633687166,0.387297116935402,0.22549104480956,1.71757205374829,0.0858747013592792,0.146353530670235
3480,IGF1R,insulin like growth factor 1 receptor,protein_coding,1333.79563464169,0.622617985780947,0.131024784465627,4.75191001702645,2.01504049989596e-06,1.70667824157855e-05
8312,AXIN1,axin 1,protein_coding,529.624194435794,-0.270627119334424,0.0949750909854973,-2.84945364649083,0.00437943867976323,0.0119419815706714
197335,WDR90,WD repeat domain 90,protein_coding,782.651964867683,-0.88276033944754,0.123999151064592,-7.1190837345951,1.0864689286569e-12,7.5917016389901e-11
8912,CACNA1H,calcium voltage-gated channel subunit alpha1 H,protein_coding,49.6857547345978,-1.47031983018153,0.336098727016938,-4.37466646550979,1.21618285965111e-05,8.12565201448175e-05
7249,TSC2,TSC complex subunit 2,protein_coding,3209.69487832788,-0.0549612530828995,0.0897744865323197,-0.612214619162571,0.54039577048011,0.648707020111055
23524,SRRM2,serine/arginine repetitive matrix 2,protein_coding,18.9133939347805,-0.107955713672519,0.171058166999635,-0.631105287552563,0.527971684081671,0.638822881821762
114984,FLYWCH2,FLYWCH family member 2,protein_coding,15.1050624080512,-0.050430066455472,0.185546956916414,-0.27179139606256,0.785782421226948,0.852663390454144
84256,FLYWCH1,FLYWCH-type zinc finger 1,protein_coding,280.118506501387,-0.132141492959101,0.131294540588226,-1.00645078132785,0.314198776356011,0.434745336591609
84464,SLX4,SLX4 structure-specific endonuclease subunit,protein_coding,375.171348737229,-0.0304505864203337,0.0957665062072094,-0.317966976412901,0.750509986912764,0.823155819524332
1387,CREBBP,CREB binding protein,protein_coding,3468.16659870794,0.0820771462849286,0.0648261852431936,1.26611100093301,0.205473344608706,0.309018801216402
7874,USP7,ubiquitin specific peptidase 7,protein_coding,4746.5712131783,0.185972409107406,0.0555736278577037,3.34641477039411,0.000818638416717191,0.00291741585937652
2903,GRIN2A,glutamate ionotropic receptor NMDA type subunit 2A,protein_coding,97.8184968646542,-1.29053029479783,0.412363888273626,-3.12959095472855,0.0017504987081049,0.00550766666696419
4261,CIITA,class II major histocompatibility complex transactivator,protein_coding,1054.63242198263,-0.0359762773979393,0.15130428043163,-0.237774353080486,0.812056111526779,0.870664795302335
29066,ZC3H7A,zinc finger CCCH-type containing 7A,protein_coding,1155.19527367435,-0.240482144095389,0.0765576695196609,-3.14118945370496,0.00168263148139251,0.00534426703465008
608,TNFRSF17,TNF receptor superfamily member 17,protein_coding,20.3025794051082,-0.220426562805495,0.35939006048371,-0.61333516711291,0.539654744885098,0.648281523762399
92017,SNX29,sorting nexin 29,protein_coding,1343.55396676367,0.307433400117008,0.0975081455358619,3.15289967240675,0.00161657356272524,0.00517365241353096
2072,ERCC4,"ERCC excision repair 4, endonuclease catalytic subunit",protein_coding,205.684280657349,-0.0358233603667107,0.0894128967968766,-0.400650931241969,0.688677142144285,0.778242296075448
57496,MRTFB,myocardin related transcription factor B,protein_coding,1033.28450370382,0.0907432719542952,0.0702715447395458,1.29132314211429,0.196591649187045,0.297548913074616
54820,NDE1,nudE neurodevelopment protein 1,protein_coding,2192.40042380003,-0.799058997664746,0.190804851589659,-4.18783375269297,2.81629686991269e-05,0.000165137407372153
4629,MYH11,myosin heavy chain 11,protein_coding,48607.3065804432,-0.441748191614928,0.297689693321473,-1.48392168598826,0.137829697979294,0.219090429868509
79728,PALB2,partner and localizer of BRCA2,protein_coding,385.337493836392,-0.118638438385988,0.0737277490783574,-1.60914228182797,0.107585233673213,0.178105070947658
5579,PRKCB,protein kinase C beta,protein_coding,334.681247574483,-0.346739119230635,0.20460804532256,-1.69465046540085,0.0901417476408516,0.15223334420313
50615,IL21R,interleukin 21 receptor,protein_coding,38.6556138524023,-0.498944108193535,0.202210913480109,-2.467444014799,0.0136081499356127,0.032025645362258
930,CD19,CD19 molecule,protein_coding,28.1118768137606,-0.900458901527001,0.381174507092535,-2.36232718813067,0.018160606213112,0.0411003193244115
112694756,LOC112694756,uncharaterized LOC112694756,protein_coding,60.0161138746785,0.357999995929425,0.16546193530966,2.16363960242234,0.0304920196696991,0.0628195540369599
226,ALDOA,"aldolase, fructose-bisphosphate A",protein_coding,60.3341007555271,0.360575747041881,0.164295000319958,2.19468484335905,0.0281862127057509,0.0588646061115121
5531,PPP4C,protein phosphatase 4 catalytic subunit,protein_coding,1009.10895797182,0.244207936747377,0.0786267435419164,3.10591442232614,0.00189691604967191,0.0058909781764811
5595,MAPK3,mitogen-activated protein kinase 3,protein_coding,1675.77177436721,0.480363651130272,0.132604933336158,3.62251719483568,0.000291750060724879,0.00121105161345451
5652,PRSS8,serine protease 8,protein_coding,1147.02007674653,0.559486346599413,0.201906496639506,2.77101705943791,0.00558814990097029,0.0147347914841622
2521,FUS,FUS RNA binding protein,protein_coding,3031.75324680673,-0.150126953826193,0.0576767908133465,-2.60290060714427,0.00924387482615399,0.0228306010065688
1540,CYLD,CYLD lysine 63 deubiquitinase,protein_coding,1490.66929334205,0.617126841400611,0.0983596531845678,6.27418683799747,3.51466258631927e-10,1.06365342671838e-08
9688,NUP93,nucleoporin 93,protein_coding,993.279346103638,-0.0938630904235561,0.0755805046232454,-1.24189552440072,0.214275111623459,0.318845929185927
9709,HERPUD1,homocysteine inducible ER protein with ubiquitin like domain 1,protein_coding,2844.56718206978,0.0103271184842527,0.144823987598569,0.0713080661256062,0.943152575734003,0.957425465802616
1009,CDH11,cadherin 11,protein_coding,512.518028133768,-1.46120188177476,0.237135179641102,-6.16189417355222,7.18798847754359e-10,1.94423494787752e-08
865,CBFB,core-binding factor subunit beta,protein_coding,609.995096518852,0.00738745554555601,0.0815605967142838,0.0905762812333893,0.927829279279781,0.947335205083252
10664,CTCF,CCCTC-binding factor,protein_coding,1033.67076605159,-0.0203782383402904,0.0629620651798725,-0.323658988663619,0.74619622315827,0.820571190974701
146206,CARMIL2,capping protein regulator and myosin 1 linker 2,protein_coding,82.5007112521729,-0.771294511771533,0.24032334274184,-3.20940322721822,0.00133010812895011,0.00437370849460653
999,CDH1,cadherin 1,protein_coding,7812.50948624813,0.48969763499904,0.177491468850751,2.75899252042822,0.00579798619942076,0.0152163111994188
84916,UTP4,UTP4 small subunit processome component,protein_coding,809.876518340507,0.00604799048705845,0.124280603551903,0.0486639935292289,0.961187070861646,0.969862044425379
7014,TERF2,telomeric repeat binding factor 2,protein_coding,259.126857808936,-0.0310267357203305,0.0658631578310556,-0.471078775176808,0.63758448144461,0.73385667493659
118460,EXOSC6,exosome component 6,protein_coding,97.5686946558983,-0.122879407019271,0.122064586630183,-1.00667532174222,0.314090825102434,0.434745336591609
51741,WWOX,WW domain containing oxidoreductase,protein_coding,559.391799590442,0.0876969224411999,0.144891640237081,0.605258676744254,0.54500713379668,0.652840688126452
4094,MAF,MAF bZIP transcription factor,protein_coding,387.567498925434,0.738835057279057,0.190553179287218,3.87731687313084,0.000105614767061111,0.000508953920578973
5336,PLCG2,phospholipase C gamma 2,protein_coding,876.308022134914,-0.11122776322549,0.146006395699394,-0.761800623134971,0.446179008436948,0.56428521655261
3394,IRF8,interferon regulatory factor 8,protein_coding,310.105627467551,-1.04526583788753,0.204010767982687,-5.12358170219839,2.99785655217152e-07,3.3294075748289e-06
79791,FBXO31,F-box protein 31,protein_coding,448.128563225665,-0.45054299547175,0.100504030403309,-4.48283510286883,7.36578464910654e-06,5.37061776371812e-05
8140,SLC7A5,solute carrier family 7 member 5,protein_coding,1343.27216970518,0.406705049752756,0.194706549508199,2.08881031881072,0.0367248011685155,0.0735812324487461
863,CBFA2T3,CBFA2/RUNX1 partner transcriptional co-repressor 3,protein_coding,58.7570322891827,-0.335779714275553,0.2215818000763,-1.51537587545516,0.129677243204862,0.20910455466784
92822,ZNF276,zinc finger protein 276,protein_coding,160.816176698244,-0.310574920324372,0.11579874688731,-2.68202315372729,0.00731783947667864,0.0184819530156477
2175,FANCA,FA complementation group A,protein_coding,902.429675712381,-0.957762165579151,0.153208525511758,-6.25136337798413,4.06884945991774e-10,1.19709834110211e-08
7531,YWHAE,tyrosine 3-monooxygenase/tryptophan 5-monooxygenase activation protein epsilon,protein_coding,6209.73178757765,0.297757390570065,0.0777334712577826,3.83049136687375,0.000127887620535318,0.000597402617375286
5176,SERPINF1,serpin family F member 1,protein_coding,554.235787690114,-0.587980033257255,0.141483770810998,-4.15581257049413,3.24133470740946e-05,0.000185519396052071
9098,USP6,ubiquitin specific peptidase 6,protein_coding,19.2219774114909,0.203430766730665,0.227625087007777,0.893709781311207,0.371477190594213,0.491520652243306
9135,RABEP1,"rabaptin, RAB GTPase binding effector protein 1",protein_coding,1261.50899938554,-0.0574971947521028,0.0837447509352334,-0.686576700151274,0.49234951535239,0.604141411891724
54478,PIMREG,PICALM interacting mitotic regulator,protein_coding,22.9476939223102,-0.681501238563394,0.238146182779301,-2.86169289219709,0.00421384999984153,0.0115656734038204
79142,PHF23,PHD finger protein 23,protein_coding,353.146835102191,0.266887768922404,0.0725487219970289,3.67873839229496,0.000234390539883831,0.00100273708006425
7157,TP53,tumor protein p53,protein_coding,871.064123280758,0.0829904079040914,0.121374921447176,0.683752515878742,0.494131455552617,0.604860183183751
55135,WRAP53,WD repeat containing antisense to TP53,protein_coding,38.0593598922104,-0.0274662897975432,0.199307729123617,-0.137808452879957,0.890391803672744,0.920658976459539
5187,PER1,period circadian regulator 1,protein_coding,1036.30805917608,0.571843933884019,0.187674573980787,3.04699737292363,0.00231139729883278,0.00689717663726437
9212,AURKB,aurora kinase B,protein_coding,259.164430503843,-0.786029088443188,0.204186985472422,-3.84955528201062,0.000118332475192555,0.000557425732859309
4628,MYH10,myosin heavy chain 10,protein_coding,15.0966513960255,-0.580806610170396,0.276996337673668,-2.09680248861142,0.0360110632119935,0.0724107350197998
8522,GAS7,growth arrest specific 7,protein_coding,764.033645520733,0.662779933158821,0.188741887217033,3.51156779733104,0.000445471821056964,0.00173642576366942
6416,MAP2K4,mitogen-activated protein kinase kinase 4,protein_coding,448.211021640723,0.586016775953842,0.0934256245630348,6.2725486577663,3.55185401885684e-10,1.06365342671838e-08
201163,FLCN,folliculin,protein_coding,748.471899370739,-0.305394041073171,0.114222615395349,-2.6736740357077,0.00750253362566287,0.018919923143213
79018,GID4,GID complex subunit 4 homolog,protein_coding,127.163229911259,0.271957907573235,0.144096385169173,1.88733330995048,0.0591155088755916,0.108227847581187
2310,FOXO3B,forkhead box O3B,protein_coding,296.671450554887,0.296501392032194,0.0943806133837138,3.14154974631006,0.00168056256765167,0.00534426703465008
92521,SPECC1,sperm antigen with calponin homology and coiled-coil domains 1,protein_coding,1633.71970420131,0.386544347841358,0.162734510797533,2.37530654037041,0.0175343814010599,0.0397366994724019
5606,MAP2K3,mitogen-activated protein kinase kinase 3,protein_coding,1672.12781834968,0.225178717159478,0.136238592122567,1.65282621943786,0.0983662362968554,0.16430296640421
26118,WSB1,WD repeat and SOCS box containing 1,protein_coding,2744.82304400802,-0.230981831430262,0.108811028604147,-2.1227795968235,0.0337723253451082,0.0684839052040465
8844,KSR1,kinase suppressor of ras 1,protein_coding,885.839191845757,0.237711511286308,0.14190995880667,1.67508688808904,0.0939171851711762,0.157973038648006
230,ALDOC,"aldolase, fructose-bisphosphate C",protein_coding,475.02066504311,0.372240860478304,0.199837553526472,1.86271726164319,0.0625020559838261,0.113070062443232
399687,MYO18A,myosin XVIIIA,protein_coding,6940.0812448961,0.255801225819836,0.0945300048492914,2.7060320818523,0.00680924673616771,0.017407174964258
57551,TAOK1,TAO kinase 1,protein_coding,2577.78285963085,0.000511119729705705,0.0585726098774234,0.00872625841285441,0.993037541501321,0.994223257968785
9527,GOSR1,golgi SNAP receptor complex member 1,protein_coding,750.952326370848,-0.0750036830515708,0.0767174451946358,-0.977661376252597,0.328241830527965,0.448536494188087
4763,NF1,neurofibromin 1,protein_coding,3991.69610580498,-0.453559653046109,0.0805252814318236,-5.6325124852884,1.77602983378056e-08,3.30933559027778e-07
23512,SUZ12,SUZ12 polycomb repressive complex 2 subunit,protein_coding,810.93185118185,-0.137139536235308,0.0952853016718713,-1.43925174008021,0.150079210785825,0.234997979913939
114659,LRRC37B,leucine rich repeat containing 37B,protein_coding,322.916103148004,-0.0864386366076501,0.108438370680107,-0.797122236949168,0.425380042897688,0.544136027413748
7756,ZNF207,zinc finger protein 207,protein_coding,5579.06000205562,0.267536098793516,0.0652166899503903,4.10226429763651,4.09126548148857e-05,0.000223487042751021
6347,CCL2,C-C motif chemokine ligand 2,protein_coding,184.318028151957,-0.0158145483950565,0.289161199726149,-0.0546911148868995,0.956384548062644,0.967344322738875
10693,CCT6B,chaperonin containing TCP1 subunit 6B,protein_coding,46.2084165119896,0.183436694526584,0.169161576780237,1.08438747154085,0.278193036286163,0.394361556933133
5892,RAD51D,RAD51 paralog D,protein_coding,139.94746706888,-0.946692110042747,0.131268128439766,-7.21189614946896,5.51780512251791e-13,4.20607235930115e-11
8148,TAF15,TATA-box binding protein associated factor 15,protein_coding,3510.11653699466,-0.013282876039128,0.0868207887582255,-0.152991883961311,0.878404675603798,0.917598534281798
102724862,TBC1D3I,TBC1 domain family member 3I,protein_coding,29.1157670181364,0.134623264335299,0.133351015135943,1.00954060378213,0.312715438840825,0.433408091682698
101060321,TBC1D3G,TBC1 domain family member 3G,protein_coding,15.0146593256176,0.305328250054083,0.165839816177275,1.84110340382734,0.065606406969947,0.117419364448881
729877,TBC1D3H,TBC1 domain family member 3H,protein_coding,30.0999641718241,0.24106148717829,0.139766283616192,1.72474706303461,0.0845730655348628,0.144575974415866
84218,TBC1D3F,TBC1 domain family member 3F,protein_coding,16.5954536206245,0.145537424331793,0.176256413557141,0.825714204632958,0.408966232547686,0.530012652227565
31,ACACA,acetyl-CoA carboxylase alpha,protein_coding,4156.18834192951,-0.0504628953360282,0.0872396578695668,-0.578439858297886,0.562967190508499,0.668623214222913
101060351,TBC1D3K,TBC1 domain family member 3K,protein_coding,17.718108238537,0.286876209511394,0.152151437780371,1.88546499261806,0.0593670865088912,0.108569906298158
101060376,TBC1D3L,TBC1 domain family member 3L,protein_coding,23.2982344324268,0.260170725020401,0.134377639455282,1.93611620262894,0.052853470523562,0.0997022160495089
101060389,TBC1D3D,TBC1 domain family member 3D,protein_coding,28.2971883878228,0.231925014264574,0.139853382312777,1.6583439773082,0.0972480573275885,0.162759473191982
414060,TBC1D3C,TBC1 domain family member 3C,protein_coding,24.7159499503653,0.154275287866659,0.160435771723025,0.961601556870984,0.336249789158615,0.456591818962751
102723859,TBC1D3E,TBC1 domain family member 3E,protein_coding,25.0085588122546,0.217576240441854,0.149473429116925,1.45561817727254,0.145498200251964,0.228678989524408
729873,TBC1D3,TBC1 domain family member 3,protein_coding,13.1017453674851,0.17450650843971,0.158256279236856,1.10268299799045,0.270164852714569,0.385260593539398
4302,MLLT6,"MLLT6, PHD finger containing",protein_coding,1772.10105911182,-0.118111395823275,0.0971641872093055,-1.21558569279076,0.224142787016682,0.330886843157549
3927,LASP1,LIM and SH3 protein 1,protein_coding,2327.96179522428,-0.265773006072244,0.082145713486998,-3.2353849615575,0.00121478825741678,0.00405816714678871
51755,CDK12,cyclin dependent kinase 12,protein_coding,3104.65413534363,-0.161631195046393,0.0570625707601555,-2.83252564497592,0.00461818615748291,0.0125116287336007
2064,ERBB2,erb-b2 receptor tyrosine kinase 2,protein_coding,4710.21621351621,0.0975787710428991,0.114181649295906,0.854592411693233,0.392776829986708,0.514599018662273
22806,IKZF3,IKAROS family zinc finger 3,protein_coding,132.791151505962,0.134618691657241,0.225522018809144,0.596920391046901,0.550560532540387,0.656678529921927
5914,RARA,retinoic acid receptor alpha,protein_coding,327.83179093647,-0.649851519346951,0.141172856404237,-4.60323277363005,4.1598284613281e-06,3.27513254913016e-05
7153,TOP2A,DNA topoisomerase II alpha,protein_coding,1764.3552673167,-0.800125312222746,0.181902749017606,-4.39864332201655,1.08929679977598e-05,7.50883186982784e-05
3860,KRT13,keratin 13,protein_coding,184.196147847129,2.7277425062819,0.496310582016607,5.49603938565757,3.88415794945735e-08,6.14503102003771e-07
6777,STAT5B,signal transducer and activator of transcription 5B,protein_coding,1207.48638500752,-0.233365243836608,0.094585793175714,-2.46723356649429,0.0136161509500835,0.032025645362258
6776,STAT5A,signal transducer and activator of transcription 5A,protein_coding,558.115464981316,-0.666228887960507,0.107510371188281,-6.19688017627387,5.75933118022562e-10,1.6370166761421e-08
6774,STAT3,signal transducer and activator of transcription 3,protein_coding,4927.49491997393,0.227633451160044,0.105016421766995,2.1675986224812,0.0301892386609577,0.0623999799415319
672,BRCA1,BRCA1 DNA repair associated,protein_coding,679.74523672576,-0.800477591059945,0.139491397578407,-5.73854449060203,9.54936787757837e-09,1.86212673612778e-07
4077,NBR1,NBR1 autophagy cargo receptor,protein_coding,3018.05757328167,0.0124410488177634,0.0887424280600113,0.140192792666776,0.888507666287568,0.920658976459539
1659,DHX8,DEAH-box helicase 8,protein_coding,25.5065603064105,-1.02356897897351,0.258229958351421,-3.96378865375703,7.37695678450678e-05,0.000376022994760422
2118,ETV4,ETS variant transcription factor 4,protein_coding,181.148082020414,-1.02285379753044,0.243874797880411,-4.19417589033541,2.7386542078026e-05,0.000161148179174911
10014,HDAC5,histone deacetylase 5,protein_coding,1519.2514843781,0.232049217668688,0.134339597341396,1.72733298492018,0.0841078785378616,0.144193245923223
2535,FZD2,frizzled class receptor 2,protein_coding,25.7940710130713,-0.834736853627991,0.28236696648425,-2.95621284607507,0.00311442085035629,0.00903613108312716
9020,MAP3K14,mitogen-activated protein kinase kinase kinase 14,protein_coding,658.643901904842,0.0467268985885154,0.114083351391632,0.409585605774401,0.68210995776707,0.773950202419063
100506084,ARL17B,ADP ribosylation factor like GTPase 17B,protein_coding,11.4411003281637,-0.0633583595420773,0.161627322832885,-0.392002777943595,0.695056161243751,0.781913804017171
9884,LRRC37A,leucine rich repeat containing 37A,protein_coding,101.426241069982,0.0381139115497368,0.114636470422086,0.332476317609948,0.739529619405845,0.815915244568159
51326,ARL17A,ADP ribosylation factor like GTPase 17A,protein_coding,13.5640674622269,-0.0570148659165532,0.146059847498037,-0.390352769040919,0.696275707915913,0.781913804017171
7473,WNT3,Wnt family member 3,protein_coding,13.5312440961597,-0.357214337211981,0.268456745126702,-1.33062157571563,0.183313559529625,0.2791276127988
3690,ITGB3,integrin subunit beta 3,protein_coding,375.898129923942,-1.04528603748427,0.218635637763339,-4.78094993193988,1.74468814497028e-06,1.51598032078505e-05
3837,KPNB1,karyopherin subunit beta 1,protein_coding,4991.31712167315,-0.0260820261836367,0.0610704425927383,-0.427081008034778,0.669320325466261,0.761499447630204
5245,PHB1,prohibitin 1,protein_coding,1171.99070024002,-0.357485893190943,0.109636468178733,-3.26064765793219,0.00111158073640988,0.00376590079789772
4804,NGFR,nerve growth factor receptor,protein_coding,19.5457776819508,0.771064168776049,0.294102789749744,2.62175061117971,0.00874794187641299,0.0217337755951772
8405,SPOP,speckle type BTB/POZ protein,protein_coding,308.127888895019,-0.0877804076062809,0.115710145671965,-0.758623257247779,0.448077956133781,0.565244348042931
1277,COL1A1,collagen type I alpha 1 chain,protein_coding,74078.4174037568,-2.32035201262688,0.302680170050325,-7.66601925802104,1.77416564423365e-14,2.17874923255629e-12
55379,LRRC59,leucine rich repeat containing 59,protein_coding,1508.24410234832,-0.205170697980185,0.106356733546952,-1.92908047415363,0.053720872607464,0.100884550238205
8913,CACNA1G,calcium voltage-gated channel subunit alpha1 G,protein_coding,57.2490039020777,0.782024776079663,0.323467622478996,2.41762922077446,0.0156219860818607,0.036131477093293
8714,ABCC3,ATP binding cassette subfamily C member 3,protein_coding,6441.92764970254,-0.551257481624694,0.196856602183301,-2.80029968774629,0.00510551832322226,0.0136336850765027
54799,MBTD1,mbt domain containing 1,protein_coding,628.474421918313,0.0722900130374109,0.0710106879901726,1.01801595060472,0.308670375909527,0.428865137034198
3131,HLF,"HLF transcription factor, PAR bZIP family member",protein_coding,140.354732126066,0.705433383785079,0.259619522931774,2.71718157332283,0.00658404763021209,0.0169432661580383
124540,MSI2,musashi RNA binding protein 2,protein_coding,1086.11637645016,-0.593868723350121,0.102641019253691,-5.78588100223648,7.21332661939514e-09,1.49342577045996e-07
54894,RNF43,ring finger protein 43,protein_coding,307.426348342828,-0.0992625489461365,0.198894536520429,-0.499071270044368,0.617729176447143,0.717404313643947
5889,RAD51C,RAD51 paralog C,protein_coding,132.778647389913,-0.0220895793028515,0.142162640152851,-0.15538244984126,0.876519819121194,0.91641130714853
1213,CLTC,clathrin heavy chain,protein_coding,6602.71798531235,-0.0186506859866368,0.0753107427947031,-0.247649741518,0.804405421068331,0.865205406048482
84669,USP32,ubiquitin specific peptidase 32,protein_coding,471.642477758555,0.223783608129083,0.0817159120127681,2.73855608555304,0.00617096338428277,0.0161194791206265
8493,PPM1D,"protein phosphatase, Mg2+/Mn2+ dependent 1D",protein_coding,321.169089371444,-0.0431122039456657,0.0789562957354932,-0.546026172378873,0.585047946632019,0.68802623176851
54828,BCAS3,BCAS3 microtubule associated cell migration factor,protein_coding,911.550038304564,-0.0521931879379169,0.0795889039150678,-0.655784730916939,0.511962642186738,0.623048875868766
83990,BRIP1,BRCA1 interacting helicase 1,protein_coding,314.392649523406,-0.467846148038001,0.161141039946567,-2.9033333047443,0.00369213464861686,0.0103832230963436
1636,ACE,angiotensin I converting enzyme,protein_coding,510.810987722458,-1.55221315721023,0.19621741113179,-7.91068003729642,2.55986678711154e-15,6.13270943140864e-13
974,CD79B,CD79b molecule,protein_coding,27.7880941833191,-0.703508391419306,0.306771584585681,-2.29326452242781,0.02183278043848,0.0475500945393908
1655,DDX5,DEAD-box helicase 5,protein_coding,13041.2852245692,0.0615971293296957,0.0607438294312667,1.01404751571342,0.310560079923057,0.431133488436231
374819,LRRC37A3,leucine rich repeat containing 37 member A3,protein_coding,58.9717108412633,-0.0803933484359858,0.113148316180085,-0.710512989941743,0.477386078504472,0.593459194701259
10672,GNA13,G protein subunit alpha 13,protein_coding,323.192286665384,-0.191684348848707,0.0955406006671927,-2.00631299688415,0.0448228642243149,0.0869999343798335
5578,PRKCA,protein kinase C alpha,protein_coding,960.204990076104,-1.35673624587713,0.173209032265345,-7.83294166668342,4.76585464819204e-15,9.99042280627257e-13
5573,PRKAR1A,protein kinase cAMP-dependent type I regulatory subunit alpha,protein_coding,2998.30673787891,0.388441627589701,0.0881273203581146,4.40773219940454,1.04458588833809e-05,7.2387212179462e-05
54757,FAM20A,FAM20A golgi associated secretory pathway pseudokinase,protein_coding,542.149419350698,0.432548145753048,0.100888440149654,4.28739055843687,1.8078427621605e-05,0.000112287122671969
5608,MAP2K6,mitogen-activated protein kinase kinase 6,protein_coding,212.893894175343,0.0348410887794486,0.180675809891335,0.192837595693653,0.847086158944707,0.897386916329926
2885,GRB2,growth factor receptor bound protein 2,protein_coding,484.137671597639,0.000754684311956867,0.0808992794506687,0.00932869015745762,0.992556890106444,0.994223257968785
79651,RHBDF2,rhomboid 5 homolog 2,protein_coding,565.042609584817,0.342010623189708,0.112573874081026,3.03809943454148,0.00238075383409413,0.00707894358116286
6427,SRSF2,serine and arginine rich splicing factor 2,protein_coding,194.544590416385,0.0124634301768137,0.103226954586554,0.120738136921044,0.903898451051454,0.932249509479267
79157,MFSD11,major facilitator superfamily domain containing 11,protein_coding,49.4078171397072,-0.0155993722784984,0.118686090775343,-0.131433870444228,0.895432096318043,0.925224661445076
10801,SEPTIN9,septin 9,protein_coding,4239.61813058603,-0.331612180015527,0.0994533754551175,-3.33434816564051,0.000854995646425026,0.00303777054884485
9021,SOCS3,suppressor of cytokine signaling 3,protein_coding,312.549103019716,-0.483927750088047,0.223053079628031,-2.1695631860141,0.0300399527918186,0.062193828187506
124583,CANT1,calcium activated nucleotidase 1,protein_coding,858.20092053524,-0.0772113883719969,0.103720138876216,-0.744420410621938,0.456622174733253,0.573599540844693
57674,RNF213,ring finger protein 213,protein_coding,19193.6586715481,-0.389711042171611,0.124337901962529,-3.13428999541151,0.00172270513420807,0.00543040697381003
57521,RPTOR,regulatory associated protein of MTOR complex 1,protein_coding,1181.92889536305,-0.419336720634283,0.0709870590193705,-5.90722768948432,3.47912748217864e-09,7.99246135289533e-08
71,ACTG1,actin gamma 1,protein_coding,14.818185658375,0.126591668763671,0.220503351647581,0.574103149987472,0.565898001891556,0.671153429400381
79058,ASPSCR1,"ASPSCR1 tether for SLC2A4, UBX domain containing",protein_coding,415.381023955599,-0.459911238623733,0.108101550627236,-4.25443701737113,2.09575637337366e-05,0.000127803034114459
5881,RAC3,Rac family small GTPase 3,protein_coding,143.550941653697,-0.781132247773887,0.215441386915522,-3.62572975860103,0.000288146570234929,0.00120204427433825
7298,TYMS,thymidylate synthetase,protein_coding,282.634558908524,-0.481632252909145,0.119790315179531,-4.02062764579353,5.80432880735174e-05,0.000307061811038766
55556,ENOSF1,enolase superfamily member 1,protein_coding,150.523781898376,-0.340621341653258,0.114429306604892,-2.97669672009264,0.00291372085418333,0.008512734969452
10403,NDC80,NDC80 kinetochore complex component,protein_coding,187.926166453361,-0.712165426990786,0.178418717590076,-3.99153988219449,6.56456456304056e-05,0.000340828940316378
284217,LAMA1,laminin subunit alpha 1,protein_coding,96.8868483505484,-0.923442530289389,0.306854957562422,-3.00937790813283,0.00261783271183675,0.0077019393995618
5771,PTPN2,protein tyrosine phosphatase non-receptor type 2,protein_coding,735.349275430253,0.120903506161762,0.0801064233903872,1.50928603531026,0.131225701843701,0.2106893008207
57534,MIB1,MIB E3 ubiquitin protein ligase 1,protein_coding,1572.67599717169,-0.0540427909142096,0.115418186033989,-0.468234623773195,0.639616814504366,0.734789516978437
2627,GATA6,GATA binding protein 6,protein_coding,841.357701143842,-1.42359494591789,0.266731867591264,-5.33717608913301,9.44053461527043e-08,1.24659657872508e-06
25925,ZNF521,zinc finger protein 521,protein_coding,352.695613750023,-1.08264627593657,0.184179879985526,-5.87820057229733,4.14750199664318e-09,9.15179058996132e-08
6760,SS18,SS18 subunit of BAF chromatin remodeling complex,protein_coding,1464.3972178444,0.234311508451025,0.0840735384337964,2.78698283450426,0.00532012970161878,0.0140723304568055
7572,ZNF24,zinc finger protein 24,protein_coding,371.795966716613,0.182052089437306,0.0955345537448655,1.90561511307725,0.0567001598761893,0.105183814283594
55250,ELP2,elongator acetyltransferase complex subunit 2,protein_coding,869.761738299289,-0.064448312438595,0.0849931828556531,-0.758276255497454,0.448285618901072,0.565244348042931
26040,SETBP1,SET binding protein 1,protein_coding,1080.86784897494,0.388170756971638,0.15185343369388,2.55621982018627,0.0105816248582936,0.0256807306618789
4087,SMAD2,SMAD family member 2,protein_coding,1572.75272376787,0.252662413031678,0.0789937387386537,3.1985118955769,0.00138138833870485,0.00452458641407819
4089,SMAD4,SMAD family member 4,protein_coding,1083.02663754702,0.0699173659266037,0.0912472497580918,0.766240803004624,0.443533034099013,0.56263608032076
10892,MALT1,MALT1 paracaspase,protein_coding,620.904398578423,0.625272150101122,0.108426992324633,5.76675730549681,8.08112930841004e-09,1.63277757231369e-07
8792,TNFRSF11A,TNF receptor superfamily member 11a,protein_coding,405.357646499493,-1.10012952681604,0.252897624178449,-4.35009830713069,1.36076513201417e-05,8.91407471245219e-05
596,BCL2,BCL2 apoptosis regulator,protein_coding,78.9523519606443,-0.527563443199864,0.151265096210419,-3.48767466135077,0.000487240564181956,0.00186553065327201
2531,KDSR,3-ketodihydrosphingosine reductase,protein_coding,535.037866030121,0.1556539582105,0.100370107915484,1.55079994874138,0.120949632910943,0.197307912832346
4772,NFATC1,nuclear factor of activated T cells 1,protein_coding,363.544927091639,-0.994063450047812,0.216590307630814,-4.58960265083621,4.44090566041885e-06,3.4639064151267e-05
25759,SHC2,SHC adaptor protein 2,protein_coding,311.497038611544,-1.04829228184634,0.207421850432935,-5.05391442443661,4.3284560940591e-07,4.48075362329451e-06
10272,FSTL3,follistatin like 3,protein_coding,55.1853487236844,-1.31853967260633,0.243620058489383,-5.41227877861211,6.22277085597091e-08,8.78415067312678e-07
5725,PTBP1,polypyrimidine tract binding protein 1,protein_coding,2479.77469909263,-0.0214220315554931,0.0540689197155818,-0.39619862331593,0.691958506827209,0.779324658125742
79948,PLPPR3,phospholipid phosphatase related 3,protein_coding,13.4772963360764,-0.0745854603459215,0.156900018552728,-0.475369353260185,0.634523734395582,0.731840648267807
57418,WDR18,WD repeat domain 18,protein_coding,284.189636499313,-0.162727492634131,0.109078398171152,-1.49183977178322,0.135741154818798,0.216611682512076
6794,STK11,serine/threonine kinase 11,protein_coding,333.818692150543,0.198606281158611,0.0673792796572934,2.94758688678134,0.00320264737135676,0.00924413019236709
6929,TCF3,transcription factor 3,protein_coding,699.517061882035,-0.735793503230945,0.105971834020716,-6.94329309321102,3.83063505537699e-12,2.47075961071816e-10
1455,CSNK1G2,casein kinase 1 gamma 2,protein_coding,1112.89030255343,-0.0307339683847033,0.0836978547741733,-0.367201387271241,0.713468804602301,0.795536692365731
84444,DOT1L,DOT1 like histone lysine methyltransferase,protein_coding,2093.84568638157,0.230318118217002,0.0991973558963008,2.32181711030456,0.0202427855385391,0.0447580584897066
4616,GADD45B,growth arrest and DNA damage inducible beta,protein_coding,528.886754298173,1.00441366776721,0.22044965323456,4.55620434430218,5.2086266725271e-06,3.93462474316574e-05
2767,GNA11,G protein subunit alpha 11,protein_coding,754.436388318334,-0.580723544651234,0.118659305911504,-4.89404130750889,9.87860900771939e-07,9.3069816325536e-06
4145,MATK,megakaryocyte-associated tyrosine kinase,protein_coding,44.5318294178662,0.010153093309871,0.26478281026867,0.0383449865932341,0.969412623027111,0.975813306612524
1938,EEF2,eukaryotic translation elongation factor 2,protein_coding,11.6445493674206,-0.11212260461114,0.237947430409847,-0.471207461320414,0.637492590988569,0.73385667493659
5605,MAP2K2,mitogen-activated protein kinase kinase 2,protein_coding,1779.02662259598,0.145790843582932,0.0835905875148323,1.74410598031821,0.0811406114534916,0.140571079966431
6455,SH3GL1,"SH3 domain containing GRB2 like 1, endophilin A2",protein_coding,1983.68706623001,0.57445940951564,0.12858409689368,4.46757743292805,7.911037979692e-06,5.66957721877927e-05
4298,MLLT1,MLLT1 super elongation complex subunit,protein_coding,774.827865875918,-0.08456115512878,0.10099596195386,-0.837272634399107,0.402439337781381,0.523225821701887
30835,CD209,CD209 molecule,protein_coding,20.6848027916934,-0.286462700326856,0.266037438230843,-1.07677589376834,0.281580397261453,0.39815373204676
5609,MAP2K7,mitogen-activated protein kinase kinase 7,protein_coding,250.310121885958,0.0754849119278074,0.084543831464303,0.892849432305176,0.371937810194845,0.491520652243306
4542,MYO1F,myosin IF,protein_coding,1076.39839640053,-0.203997711398521,0.131518171822436,-1.55109905020533,0.120877948784273,0.197307912832346
1786,DNMT1,DNA methyltransferase 1,protein_coding,3159.47600533448,-0.592700492905895,0.139561628679855,-4.24687285833782,2.16774889719099e-05,0.000131238805075426
9294,S1PR2,sphingosine-1-phosphate receptor 2,protein_coding,23.6306465764892,-0.421916707158012,0.24511852784676,-1.72127627749861,0.0852007020831564,0.145352571102191
3383,ICAM1,intercellular adhesion molecule 1,protein_coding,487.020958473216,-0.387488319920921,0.179829031496604,-2.15475953296361,0.0311806564420687,0.0638461060480455
7297,TYK2,tyrosine kinase 2,protein_coding,1672.93241023426,-0.325397173864491,0.0738130873995524,-4.40839403049363,1.04139952792855e-05,7.2387212179462e-05
9817,KEAP1,kelch like ECH associated protein 1,protein_coding,531.653523745735,0.148694677603067,0.0881535341535363,1.68676932843199,0.0916477153056633,0.154465546299093
1032,CDKN2D,cyclin dependent kinase inhibitor 2D,protein_coding,18.1583242396838,0.0666433757845786,0.214797202929956,0.31026184175364,0.756361846168311,0.827949618814789
1785,DNM2,dynamin 2,protein_coding,5403.65662762132,0.116139142428498,0.0943076296898912,1.23149254000334,0.21813870507422,0.323161314849352
10498,CARM1,coactivator associated arginine methyltransferase 1,protein_coding,1034.4583835498,-0.0406774989790879,0.0799798160777428,-0.508597055781525,0.611034693114068,0.711600819689092
6597,SMARCA4,"SWI/SNF related, matrix associated, actin dependent regulator of chromatin, subfamily a, member 4",protein_coding,4897.94603665253,0.131556071086935,0.0712875403571112,1.84542867418221,0.0649752051844666,0.11653841614369
2057,EPOR,erythropoietin receptor,protein_coding,73.1026440950893,-0.227492750015856,0.198147742614419,-1.14809660213259,0.250928686740973,0.364020248844819
811,CALR,calreticulin,protein_coding,13339.3076069292,-0.0526714795031833,0.095976288983972,-0.548796792007445,0.583144912078116,0.686269486003509
5566,PRKACA,protein kinase cAMP-activated catalytic subunit alpha,protein_coding,576.345084171644,0.209025570655496,0.0900333842268376,2.32164515918739,0.0202520501428943,0.0447580584897066
3337,DNAJB1,DnaJ heat shock protein family (Hsp40) member B1,protein_coding,3276.84238467969,1.34898156501563,0.174642704838446,7.72423655636527,1.12525701956695e-14,2.00057466323119e-12
4854,NOTCH3,notch receptor 3,protein_coding,3132.24590665629,0.184570689314128,0.193080610788594,0.955925551303629,0.339109848870115,0.458618723028373
23476,BRD4,bromodomain containing 4,protein_coding,3086.20229578512,0.0518081763696411,0.0742909521930568,0.697368587159973,0.485572155001225,0.600499051389475
7171,TPM4,tropomyosin 4,protein_coding,7788.54089700252,0.21818747937055,0.107059587550929,2.03800037307968,0.0415498955611845,0.081783069079937
3718,JAK3,Janus kinase 3,protein_coding,425.827134301034,-0.324821499129351,0.158406685638683,-2.05055422894366,0.0403103776289437,0.0795300038632218
5296,PIK3R2,phosphoinositide-3-kinase regulatory subunit 2,protein_coding,826.361563054861,0.243611595134312,0.0828624632587789,2.93995116188514,0.00328263983235561,0.00944251629307094
8178,ELL,elongation factor for RNA polymerase II,protein_coding,695.358431951167,0.139060452674545,0.105337486691524,1.32014211694434,0.186787573272883,0.283477611202376
23373,CRTC1,CREB regulated transcription coactivator 1,protein_coding,403.926301180645,-0.397816021452292,0.0993919944814646,-4.00249560870297,6.26778315481359e-05,0.000326903791672426
10147,SUGP2,SURP and G-patch domain containing 2,protein_coding,2455.95520982431,-0.237246713309041,0.0722075878675425,-3.28562025564745,0.00101758095214884,0.00350407239579795
4207,BORCS8-MEF2B,BORCS8-MEF2B readthrough,protein_coding,28.9059966239002,-0.402797234468039,0.173294262454956,-2.32435412899338,0.0201065219236338,0.0446604467098462
100271849,MEF2B,myocyte enhancer factor 2B,protein_coding,28.9295392736294,-0.407933310507624,0.174619531219059,-2.33612647829111,0.0194846506767834,0.043509666025254
898,CCNE1,cyclin E1,protein_coding,200.754317427048,-0.974074863157258,0.24909498702197,-3.91045550455556,9.2122230014297e-05,0.000453046861389959
1050,CEBPA,CCAAT enhancer binding protein alpha,protein_coding,246.99701115371,-0.457325242877862,0.18735538647676,-2.44095059916834,0.0146486584673135,0.0341666206532471
933,CD22,CD22 molecule,protein_coding,52.0924964603346,-0.0923731996827213,0.313043998523063,-0.295080564133275,0.767932336602478,0.837335844266811
9757,KMT2B,lysine methyltransferase 2B,protein_coding,2089.46878398945,-0.0826215843798813,0.0815275397519245,-1.01341932592699,0.310859912203182,0.431192781443123
199704,ZNF585A,zinc finger protein 585A,protein_coding,141.669706940005,-0.254506674159587,0.116299280938722,-2.1883770226721,0.0286421505793173,0.059520305478953
92285,ZNF585B,zinc finger protein 585B,protein_coding,310.837295042127,-0.159434204389738,0.136379090650057,-1.16905167522226,0.242382812157244,0.355311167821414
84775,ZNF607,zinc finger protein 607,protein_coding,24.0277716475411,-0.000391289027714874,0.224988758347799,-0.00173914923833661,0.998612360373318,0.998612360373318
8857,FCGBP,Fc gamma binding protein,protein_coding,23921.3848107593,-1.38625868198415,0.38129611540082,-3.63564858384909,0.000277282115516219,0.00116250526930175
208,AKT2,AKT serine/threonine kinase 2,protein_coding,2612.62817749161,0.123159531480418,0.0807764268046369,1.52469645356173,0.127334826735672,0.206120178026758
558,AXL,AXL receptor tyrosine kinase,protein_coding,1250.79080934678,-0.265030035162904,0.16686565363714,-1.58828392413953,0.11222215099365,0.185050685561801
973,CD79A,CD79a molecule,protein_coding,68.4974140208647,-1.00826318455616,0.424000359087669,-2.37797719493837,0.0174079024849593,0.0395034539476005
23152,CIC,capicua transcriptional repressor,protein_coding,1063.54553266008,-0.0546749708365858,0.0765077297342422,-0.714633292956217,0.474835666883681,0.590726567777398
602,BCL3,BCL3 transcription coactivator,protein_coding,339.697816707811,0.217186708256191,0.138278899258865,1.57064244378752,0.116265725267373,0.190780451343821
23624,CBLC,Cbl proto-oncogene C,protein_coding,534.341110693142,0.223632034960587,0.182337605117426,1.22647237149225,0.220020966135082,0.325374920818812
2068,ERCC2,"ERCC excision repair 2, TFIIH core complex helicase subunit",protein_coding,521.908487488604,-0.34474870351337,0.0938802051124028,-3.67221932568854,0.000240453176936269,0.00102605592295706
10848,PPP1R13L,protein phosphatase 1 regulatory subunit 13 like,protein_coding,669.500285346709,0.67169200633824,0.166359815634307,4.03758566200119,5.40041274999513e-05,0.000287507688309265
10849,POLR1G,RNA polymerase I subunit G,protein_coding,117.828404708837,0.166836441804635,0.146580225083389,1.13819201539445,0.255040312050218,0.368391561850315
2067,ERCC1,"ERCC excision repair 1, endonuclease non-catalytic subunit",protein_coding,957.269757255561,0.26958125963153,0.125801815950981,2.14290435788759,0.0321207789862289,0.0655310782967225
2354,FOSB,"FosB proto-oncogene, AP-1 transcription factor subunit",protein_coding,987.82868979867,0.448797455737416,0.336106012084639,1.33528541472325,0.181782950413188,0.277136370766288
8775,NAPA,NSF attachment protein alpha,protein_coding,1711.2534920217,0.450034934541828,0.0934858237024979,4.8139377364207,1.47984932216097e-06,1.32711621030157e-05
2523,FUT1,fucosyltransferase 1 (H blood group),protein_coding,169.220959994682,1.48067417712215,0.273055480080689,5.42261293083956,5.87340841398511e-08,8.64009290373072e-07
581,BAX,"BCL2 associated X, apoptosis regulator",protein_coding,931.09938288233,-0.592484240867609,0.103000832245511,-5.75222770487303,8.8075058170542e-09,1.73766908884705e-07
8463,TEAD2,TEA domain transcription factor 2,protein_coding,450.422871469605,-0.738320808940801,0.179442540633469,-4.11452494115597,3.87977609591016e-05,0.000213924535127862
2323,FLT3LG,fms related receptor tyrosine kinase 3 ligand,protein_coding,98.3672896606466,0.183995353498859,0.142584322973908,1.2904318627829,0.196900755164692,0.297748031029025
3276,PRMT1,protein arginine methyltransferase 1,protein_coding,1412.84796884087,-0.357929401488943,0.101745400273292,-3.51789270598503,0.000434988200711518,0.00171238312815309
79784,MYH14,myosin heavy chain 14,protein_coding,238.973046400359,-0.0535097480429708,0.170388050569461,-0.31404636571716,0.753485824062151,0.825879560099495
5424,POLD1,"DNA polymerase delta 1, catalytic subunit",protein_coding,394.925319812935,-0.546239846058739,0.116097055090556,-4.70502757914634,2.53831638097512e-06,2.09692441916024e-05
5650,KLK7,kallikrein related peptidase 7,protein_coding,906.159444872435,0.405410107857202,0.479722814779223,0.845092406213325,0.398059247832481,0.519086593013274
5518,PPP2R1A,protein phosphatase 2 scaffold subunit Aalpha,protein_coding,2967.7410579927,0.057663231595737,0.0714634346968091,0.806891410136933,0.419729048151722,0.538550584353816
55422,ZNF331,zinc finger protein 331,protein_coding,222.066718846251,-0.172945948112783,0.284818500000866,-0.607214587929705,0.543708512340224,0.65175066132563
5582,PRKCG,protein kinase C gamma,protein_coding,57.3800679040447,-2.37543982514043,0.449463858820247,-5.28505190912454,1.2566911752867e-07,1.57273962757895e-06
4696,NDUFA3,NADH:ubiquinone oxidoreductase subunit A3,protein_coding,23.7277087153912,-0.440471674879375,0.152237106014821,-2.89332664295716,0.00381184648997631,0.0106011054124217
29844,TFPT,TCF3 fusion partner,protein_coding,172.405769360761,-0.274483713675989,0.0844528671315759,-3.25014085369474,0.00115347861776355,0.00386876728397896
84446,BRSK1,BR serine/threonine kinase 1,protein_coding,99.0794170930016,-1.13828441147497,0.208079989002504,-5.47041749152188,4.48976688525045e-08,6.84485369687728e-07
11338,U2AF2,U2 small nuclear RNA auxiliary factor 2,protein_coding,1877.74789237997,-0.206059890535133,0.0654565571750438,-3.14804046268562,0.00164368939299303,0.0052504135467606
55311,ZNF444,zinc finger protein 444,protein_coding,101.453791836236,-0.272095167780582,0.10913049149629,-2.49330103850795,0.0126561492207594,0.0300628360385461
23619,ZIM2,zinc finger imprinted 2,protein_coding,42.5905761538717,-0.424145973099713,0.251356829976586,-1.6874256933429,0.0915215268365757,0.154408048797724
5178,PEG3,paternally expressed 3,protein_coding,188.625278813679,-0.186526056757272,0.218692697565127,-0.852913969391797,0.39370701434489,0.515415037514738
1457,CSNK2A1,casein kinase 2 alpha 1,protein_coding,1840.44527791138,0.117777931976566,0.0616571511316385,1.91020716680712,0.0561065447659668,0.10442916267761
5786,PTPRA,protein tyrosine phosphatase receptor type A,protein_coding,1872.47615450374,0.0267554498614026,0.0548877968411653,0.487457165366425,0.62593439105782,0.7229283566143
29058,TMEM230,transmembrane protein 230,protein_coding,410.088684486592,-0.341163265990008,0.115475168475649,-2.95442968816238,0.0031324752419309,0.00905981345885933
5111,PCNA,proliferating cell nuclear antigen,protein_coding,688.89174372462,-0.40040311277568,0.106215758523294,-3.76971476118459,0.000163434224137236,0.000734796766429342
23236,PLCB1,phospholipase C beta 1,protein_coding,1086.86009745257,-1.23166911865011,0.186080269222384,-6.61902051086429,3.61586684963222e-11,1.47714040300774e-09
5332,PLCB4,phospholipase C beta 4,protein_coding,1861.8248525274,-1.82777837989832,0.252586809196722,-7.23623844693646,4.61299999448377e-13,3.6838099955949e-11
182,JAG1,jagged canonical Notch ligand 1,protein_coding,18.2104376217538,0.344425290140006,0.197667835244045,1.74244479236984,0.0814306438423446,0.140831035838479
3397,ID1,inhibitor of DNA binding 1,protein_coding,1112.98999619485,0.0697426976500081,0.17914941810533,0.389299046503201,0.697054941565695,0.781913804017171
598,BCL2L1,BCL2 like 1,protein_coding,993.994272825767,-0.168343914313026,0.113639147797418,-1.4813901509815,0.138502637729076,0.219925750856664
23509,POFUT1,protein O-fucosyltransferase 1,protein_coding,349.321133239366,-1.16176923947144,0.169999992503335,-6.83393700413635,8.26153152049032e-12,4.77744426202147e-10
171023,ASXL1,ASXL transcriptional regulator 1,protein_coding,2126.46631364363,-0.578350953794455,0.0912032884515217,-6.3413388224688,2.27776974465504e-10,7.3458074265125e-09
22919,MAPRE1,microtubule associated protein RP/EB family member 1,protein_coding,1123.23920581301,-0.321943564974363,0.105510197034213,-3.05130285056684,0.00227850626096057,0.00686006283596208
1869,E2F1,E2F transcription factor 1,protein_coding,152.047589315732,-1.01870043174856,0.192107395187459,-5.30276531392509,1.14061518344671e-07,1.44909974442434e-06
8904,CPNE1,copine 1,protein_coding,2631.61988636343,-0.370574665011833,0.099926241988093,-3.70848195267856,0.000208505518099372,0.000901195241888266
10137,RBM12,RNA binding motif protein 12,protein_coding,91.5845848305834,-0.29790737966298,0.106493554357843,-2.79742169804889,0.00515122515251875,0.013668678134136
140699,MROH8,maestro heat like repeat family member 8,protein_coding,79.3127330125312,-0.218144402022895,0.121691082529547,-1.79260795029849,0.0730356342800537,0.127984073863793
6185,RPN2,ribophorin II,protein_coding,4036.03502720425,-0.336098968649593,0.0839795371273939,-4.00215314523279,6.27686469400841e-05,0.000326903791672426
6714,SRC,"SRC proto-oncogene, non-receptor tyrosine kinase",protein_coding,600.143861603897,-0.083919376059143,0.102611876783697,-0.81783297109011,0.413452568510855,0.533353813379002
9935,MAFB,MAF bZIP transcription factor B,protein_coding,125.134601249579,0.603791223374106,0.195808142949729,3.08358587277508,0.00204522075398983,0.00627026545601636
7150,TOP1,DNA topoisomerase I,protein_coding,2979.10898182897,-0.0310713831189635,0.0969579109718134,-0.320462588431761,0.748617686245782,0.821766785474525
5335,PLCG1,phospholipase C gamma 1,protein_coding,2304.77539201358,-0.676095410788359,0.122243149016692,-5.53074275513008,3.18877668713542e-08,5.19182379060787e-07
84181,CHD6,chromodomain helicase DNA binding protein 6,protein_coding,3141.12266391812,-0.0449413766627686,0.0916216322072386,-0.490510544072342,0.623772670419043,0.721923235536739
6385,SDC4,syndecan 4,protein_coding,1629.5026489121,0.168343144751881,0.124106773108399,1.35643801329719,0.174959845337041,0.26819713037497
11065,UBE2C,ubiquitin conjugating enzyme E2 C,protein_coding,541.878425605205,-0.775751927312079,0.192990076521254,-4.01964671601467,5.82854759885871e-05,0.000307373406392643
5476,CTSA,cathepsin A,protein_coding,3474.79113505882,-0.438411763633375,0.138663220632257,-3.16170186754906,0.00156850059866573,0.00504870538188567
5360,PLTP,phospholipid transfer protein,protein_coding,26.8349653100986,-0.69974484405693,0.21448430623162,-3.26245242065067,0.00110452712297017,0.00375718455420075
4318,MMP9,matrix metallopeptidase 9,protein_coding,201.473546945845,-1.65353235206876,0.237157305860293,-6.97230197514065,3.11796375134334e-12,2.09153008440111e-10
2139,EYA2,EYA transcriptional coactivator and phosphatase 2,protein_coding,1108.30343154483,0.858423544045489,0.31060107943079,2.76374939075757,0.00571414073848405,0.0150206502410094
8202,NCOA3,nuclear receptor coactivator 3,protein_coding,2234.93428344123,0.144958972619045,0.0800584486882494,1.81066427084442,0.0701928367562751,0.123908828673972
1051,CEBPB,CCAAT enhancer binding protein beta,protein_coding,408.655613126318,-0.109586129515535,0.14004519361744,-0.78250546616323,0.433917574204148,0.552948154969875
55653,BCAS4,breast carcinoma amplified sequence 4,protein_coding,26.2590122621426,-0.72829958633897,0.216200920328944,-3.36862389499028,0.000755444361877757,0.0027303452475625
8813,DPM1,"dolichyl-phosphate mannosyltransferase subunit 1, catalytic",protein_coding,551.990779892392,0.0164386924722202,0.100125478026543,0.164180913751665,0.869588725836759,0.912407309629909
4773,NFATC2,nuclear factor of activated T cells 2,protein_coding,1193.75288150058,-0.659662255533276,0.208767467804174,-3.15979430354564,0.00157880558714589,0.00507213978858938
55734,ZFP64,ZFP64 zinc finger protein,protein_coding,552.867479957311,-0.295827754568041,0.0918479031008214,-3.2208438579519,0.00127813762801391,0.00424874972796495
7764,ZNF217,zinc finger protein 217,protein_coding,1671.5183878931,0.134578387787107,0.0917990434697431,1.46601078508475,0.142645348689114,0.225250705980833
6790,AURKA,aurora kinase A,protein_coding,269.533581057687,-0.792144116715823,0.17350986364459,-4.56541259428579,4.98512876905932e-06,3.83489034206994e-05
2778,GNAS,GNAS complex locus,protein_coding,14773.6702341615,0.18190346005596,0.0970682704775504,1.8739744631386,0.0609339449611504,0.110471595351188
26039,SS18L1,SS18L1 subunit of BAF chromatin remodeling complex,protein_coding,466.157939219181,-0.104037100675132,0.0913080767813442,-1.13940742530664,0.254533260366201,0.368391561850315
3911,LAMA5,laminin subunit alpha 5,protein_coding,4391.27437681417,-0.673835685183882,0.16031873715589,-4.20310000651177,2.63284196021468e-05,0.00015546746363662
6227,RPS21,ribosomal protein S21,protein_coding,2583.61124704506,-0.0986728472089439,0.119127499599615,-0.828296132635883,0.407502812502728,0.528524529440893
1299,COL9A3,collagen type IX alpha 3 chain,protein_coding,182.012382227119,-1.60167822402988,0.415121292107606,-3.85833792311163,0.000114160734371482,0.000545434619774857
100533107,RTEL1-TNFRSF6B,RTEL1-TNFRSF6B readthrough (NMD candidate),protein_coding,1004.2494388178,-0.627290368777159,0.114451127103294,-5.48085794044666,4.23268249346895e-08,6.63383975845554e-07
51750,RTEL1,regulator of telomere elongation helicase 1,protein_coding,978.0757468777,-0.619363673585005,0.114443126388485,-5.41197792414838,6.23323750806253e-08,8.78415067312678e-07
8771,TNFRSF6B,TNF receptor superfamily member 6b,protein_coding,32.7526878733332,-0.976515209405216,0.211367212408328,-4.61999379316572,3.83751523914371e-06,3.07919284978182e-05
10139,ARFRP1,ADP ribosylation factor related protein 1,protein_coding,1065.60422290137,-0.269312767035834,0.0927436307810423,-2.90384110227097,0.00368615188741053,0.0103832230963436
7165,TPD52L2,TPD52 like 2,protein_coding,1952.45849350941,0.227371698707154,0.0997858319290605,2.27859701434164,0.0226910315924931,0.0490371906966635
102724334,LOC102724334,histone H2B type F-S-like,protein_coding,125.661837562176,-0.396402825352232,0.119697874935773,-3.31169476120551,0.000927326658031143,0.00325340335882474
102724594,LOC102724594,U2 small nuclear RNA auxiliary factor 1 like 5,protein_coding,768.251856643649,-0.0440670191844367,0.0865921855536409,-0.508902955880918,0.610820247976589,0.711600819689092
10600,USP16,ubiquitin specific peptidase 16,protein_coding,823.975270415758,0.177461732929069,0.0859220140723242,2.0653814374008,0.0388869235280252,0.0769025598543612
571,BACH1,BTB domain and CNC homolog 1,protein_coding,2094.80613958834,0.462017470401287,0.0972745307631276,4.74962425186447,2.0379495160005e-06,1.70882066916642e-05
7074,TIAM1,TIAM Rac1 associated GEF 1,protein_coding,857.915260292466,1.47445407003235,0.240500537050739,6.13077246360278,8.74534058721193e-10,2.29155252574288e-08
861,RUNX1,RUNX family transcription factor 1,protein_coding,910.835598037062,-0.229230427238268,0.1539619445421,-1.48887718923027,0.136519711303737,0.217626954236091
2078,ERG,ETS transcription factor ERG,protein_coding,248.107019573073,-0.192580372045461,0.187028397948664,-1.02968519303855,0.303157808589246,0.42331027893769
2114,ETS2,"ETS proto-oncogene 2, transcription factor",protein_coding,3988.51426261561,-0.319665218378128,0.180853151504613,-1.76754021546577,0.0771378002135764,0.13419096572424
7113,TMPRSS2,transmembrane serine protease 2,protein_coding,2318.38342313475,1.09465792980501,0.224211847666108,4.88224837893114,1.04883029104629e-06,9.71761545903111e-06
7307,U2AF1,U2 small nuclear RNA auxiliary factor 1,protein_coding,761.701418066501,-0.0384025201741935,0.0876843375449644,-0.437963281121907,0.661412901376256,0.755449582675352
54145,H2BC12L,H2B clustered histone 12 like,protein_coding,129.847787970439,-0.386227682068103,0.11795241419505,-3.27443643018128,0.0010587295724357,0.00362344794484626
8218,CLTCL1,clathrin heavy chain like 1,protein_coding,241.481906214074,0.164230246641559,0.168146392580373,0.97670990213518,0.328712791506952,0.448536494188087
5413,SEPTIN5,septin 5,protein_coding,384.284693139884,0.747243044809047,0.213854490451551,3.49416579110055,0.000475545602266537,0.00183753450461056
100526833,SEPT5-GP1BB,SEPT5-GP1BB readthrough,protein_coding,383.476203689936,0.750700890197012,0.213658702968833,3.51355165863062,0.000442158427323468,0.0017284374886281
5297,PI4KA,phosphatidylinositol 4-kinase alpha,protein_coding,4245.30166408494,-0.160220393069298,0.0702932608944863,-2.27931370703938,0.0226484238015169,0.0490082667292178
1399,CRKL,"CRK like proto-oncogene, adaptor protein",protein_coding,753.127381830621,0.132889766653363,0.0890806207008408,1.49179210481308,0.135753654335237,0.216611682512076
5594,MAPK1,mitogen-activated protein kinase 1,protein_coding,1279.69625316353,0.382754691867912,0.0883172861091484,4.33385930127968,1.46517836415353e-05,9.3706884484777e-05
613,BCR,BCR activator of RhoGEF and GTPase,protein_coding,2748.70536723304,0.251589228470334,0.0804277048332046,3.1281413412467,0.00175915563646301,0.00552453933024058
6598,SMARCB1,"SWI/SNF related, matrix associated, actin dependent regulator of chromatin, subfamily b, member 1",protein_coding,909.83038144759,-0.0121451589129366,0.0651559465908472,-0.186401388490344,0.852130003654579,0.89795354338091
4330,MN1,"MN1 proto-oncogene, transcriptional regulator",protein_coding,99.4799396853237,-0.287210732931627,0.272605301689392,-1.05357720907012,0.292076528181572,0.410916390738672
11200,CHEK2,checkpoint kinase 2,protein_coding,338.284465424158,-0.549005187386137,0.123564412064873,-4.44306882711427,8.86847805888005e-06,6.30188038336519e-05
7494,XBP1,X-box binding protein 1,protein_coding,3935.02620777199,-0.0882490498048525,0.141522637235661,-0.623568437732698,0.532911043949144,0.642943755901234
2130,EWSR1,EWS RNA binding protein 1,protein_coding,5905.09795967301,-0.0654039526525157,0.0618552602584873,-1.05737090716616,0.290342343694986,0.409163117963439
4771,NF2,"NF2, moesin-ezrin-radixin like (MERLIN) tumor suppressor",protein_coding,1169.32583235165,0.00694577004478208,0.0571089018132948,0.121623246538513,0.903197402086984,0.932099718953767
23598,PATZ1,POZ/BTB and AT hook containing zinc finger 1,protein_coding,231.958854301784,-0.706359484107629,0.135728983901492,-5.20419046694025,1.94844090084096e-07,2.30108126106358e-06
4627,MYH9,myosin heavy chain 9,protein_coding,30865.6451404154,-0.155238045361616,0.0657958355553446,-2.35939013542942,0.0183050001671077,0.041315592570982
5880,RAC2,Rac family small GTPase 2,protein_coding,297.458786708642,0.0532587336557771,0.158421864131795,0.336182975422318,0.736732890198875,0.813900564468718
4242,MFNG,MFNG O-fucosylpeptide 3-beta-N-acetylglucosaminyltransferase,protein_coding,157.115467539975,-1.12632245419023,0.20394034327139,-5.52280356168372,3.33632680508294e-08,5.37982697319623e-07
23616,SH3BP1,SH3 domain binding protein 1,protein_coding,558.922768472211,-0.0730278195775495,0.139740968063442,-0.522594201182255,0.601256676757143,0.7021639602519
10521,DDX17,DEAD-box helicase 17,protein_coding,25.1702138414951,-0.0156219211551965,0.156591928620586,-0.0997619819412763,0.920533291442527,0.943057298924954
5155,PDGFB,platelet derived growth factor subunit B,protein_coding,85.4691646589405,-0.942012258573384,0.208531436038653,-4.5173633120657,6.2614420994287e-06,4.64621168174422e-05
57591,MRTFA,myocardin related transcription factor A,protein_coding,697.007157357711,-0.170502009889542,0.090305163945867,-1.88806489506789,0.0590172389212756,0.10819284680746
2033,EP300,E1A binding protein p300,protein_coding,5119.5433051493,0.15268181065142,0.0685886415834112,2.22605094847581,0.02601076897373,0.0548679994577928
23264,ZC3H7B,zinc finger CCCH-type containing 7B,protein_coding,1987.70793939705,-0.214461477198431,0.0779028836693143,-2.75293374387509,0.00590638483607746,0.0154765740157842
2547,XRCC6,X-ray repair cross complementing 6,protein_coding,3387.36381339505,0.0296240405525686,0.0818818709283249,0.361789981307339,0.717508979485294,0.798448943992593
51512,GTSE1,G2 and S-phase expressed 1,protein_coding,113.243519167169,-0.779644485788921,0.1895157738746,-4.11387648557846,3.89069667346439e-05,0.000213924535127862
23774,BRD1,bromodomain containing 1,protein_coding,1084.1535541505,0.0314266737492281,0.0727828560639767,0.431786762003456,0.665896401771492,0.759149058987622
23542,MAPK8IP2,mitogen-activated protein kinase 8 interacting protein 2,protein_coding,34.3930826738103,-0.443361851573381,0.306273999724003,-1.44759872523595,0.147729307890857,0.231932881558468
8623,ASMTL,acetylserotonin O-methyltransferase like,protein_coding,423.197429830539,-0.103031575751174,0.109844020219381,-0.937980743470593,0.348254306257513,0.469471440187982
286530,P2RY8,P2Y receptor family member 8,protein_coding,16.8772656982551,-0.490650817928278,0.242375095502995,-2.02434502154622,0.042934664323755,0.0839177529964301
8481,OFD1,OFD1 centriole and centriolar satellite protein,protein_coding,1203.92393666069,0.080243980264678,0.0867629647453147,0.924864433807988,0.35503642903387,0.476698231777262
2187,FANCB,FA complementation group B,protein_coding,66.009440970416,-0.535244640512223,0.19084171683332,-2.80465219760993,0.00503709003630052,0.0135155199854016
8233,ZRSR2,"zinc finger CCCH-type, RNA binding motif and serine/arginine rich 2",protein_coding,320.005545904341,-0.298229821289485,0.124639655053707,-2.39273625365041,0.0167232576699532,0.0381563307653219
6792,CDKL5,cyclin dependent kinase like 5,protein_coding,602.443202946827,0.696980923663911,0.133401047330487,5.22470353577671,1.74434359708985e-07,2.15092956788211e-06
6197,RPS6KA3,ribosomal protein S6 kinase A3,protein_coding,872.818844737237,-0.242760579713913,0.0978216213067643,-2.48166587785972,0.0130769829503773,0.0309747180900886
54880,BCOR,BCL6 corepressor,protein_coding,1313.35130861487,0.188873081819398,0.118335606079929,1.59607989578239,0.110470956607172,0.182342317155736
1654,DDX3X,DEAD-box helicase 3 X-linked,protein_coding,5703.84361893131,0.283833357570969,0.0727958553736624,3.89903183517863,9.65780775803e-05,0.000472190775808056
2857,GPR34,G protein-coupled receptor 34,protein_coding,49.8797932502039,-0.45280170604776,0.171395953447382,-2.64184595342136,0.00824555494705254,0.0205770768544749
7403,KDM6A,lysine demethylase 6A,protein_coding,1280.52701734104,0.429612942147232,0.101852431206693,4.21799398460505,2.46485393409551e-05,0.00014815627410316
369,ARAF,"A-Raf proto-oncogene, serine/threonine kinase",protein_coding,1143.74298892857,0.0142030900706514,0.0685461970950037,0.207204639682143,0.83585004400241,0.889416576010179
10013,HDAC6,histone deacetylase 6,protein_coding,1613.19384721686,-0.0561714650469341,0.0804992753306987,-0.697788456059714,0.485309499506962,0.600499051389475
7030,TFE3,transcription factor binding to IGHM enhancer 3,protein_coding,596.246574472085,-0.109876703008214,0.0921650499177225,-1.19217320563817,0.233193337329944,0.343340848728987
778,CACNA1F,calcium voltage-gated channel subunit alpha1 F,protein_coding,50.014806140571,0.0836476374575124,0.250992302329153,0.333267740409888,0.738932188243045,0.815792810851604
85417,CCNB3,cyclin B3,protein_coding,27.7232995750113,-0.336483919995073,0.233093912558447,-1.44355515895637,0.14886414609235,0.233313245791468
9500,MAGED1,MAGE family member D1,protein_coding,1755.6736326927,-0.398193389480779,0.167251458737404,-2.38080667568927,0.0172747751993807,0.0393077313559856
8242,KDM5C,lysine demethylase 5C,protein_coding,2126.3403127556,0.195708591269179,0.0865484491685349,2.26126052112243,0.0237431293739189,0.0510477281539257
8243,SMC1A,structural maintenance of chromosomes 1A,protein_coding,3221.13625654526,-0.242046994616305,0.0907285188434752,-2.6678160042917,0.00763460557249028,0.0192240743919913
10075,HUWE1,"HECT, UBA and WWE domain containing E3 ubiquitin protein ligase 1",protein_coding,17429.1326930073,0.191603395734744,0.0679858274891222,2.81828438089396,0.00482810266383582,0.0130172478573194
139285,AMER1,APC membrane recruitment protein 1,protein_coding,441.852632530944,0.54574955795641,0.122146453050578,4.46799349736689,7.89567054360028e-06,5.66957721877927e-05
4478,MSN,moesin,protein_coding,3807.84610967127,0.0685551839758054,0.110486371652134,0.620485431376561,0.534938242592715,0.643999592841338
9843,HEPH,hephaestin,protein_coding,1737.37095516216,-2.71282513636348,0.351698049229324,-7.71350635099653,1.22407261140409e-14,2.00057466323119e-12
367,AR,androgen receptor,protein_coding,42.114020409179,0.912910046306567,0.277096058688162,3.2945616427332,0.000985753214616489,0.00341340341353882
4303,FOXO4,forkhead box O4,protein_coding,166.481962097796,-0.0152463504521467,0.161553990450719,-0.0943730972513335,0.924812785691795,0.94510118318412
9968,MED12,mediator complex subunit 12,protein_coding,2252.96411486817,-0.101912260834674,0.0699208212820752,-1.45753809760812,0.144967902918027,0.228099903375536
9203,ZMYM3,zinc finger MYM-type containing 3,protein_coding,860.990367897292,-0.0334531403533398,0.0949677723608847,-0.352257818854752,0.724644918958556,0.804787767611588
4841,NONO,non-POU domain containing octamer binding,protein_coding,4781.33512569339,-0.240554918599977,0.0779090231413127,-3.08763874710191,0.00201753565199826,0.00619671664542322
6872,TAF1,TATA-box binding protein associated factor 1,protein_coding,1761.66779246755,-0.131590589480806,0.074501730738851,-1.76627560428182,0.0773496223613992,0.134420017305768
57692,MAGEE1,MAGE family member E1,protein_coding,27.0238629838299,0.682262561971384,0.249817507106852,2.73104383224658,0.0063134074235023,0.016414859301106
546,ATRX,ATRX chromatin remodeler,protein_coding,3671.77464125697,-0.0980171244417981,0.0688178558922739,-1.42429785367379,0.154360268558301,0.241250857756077
254065,BRWD3,bromodomain and WD repeat domain containing 3,protein_coding,1699.53186885118,0.247803883041678,0.079635775882086,3.1117155612145,0.00186003621160266,0.00578716275854854
695,BTK,Bruton tyrosine kinase,protein_coding,162.168972037278,0.0281809858831469,0.190905671661414,0.147617331836678,0.882644776131325,0.918878697176633
5063,PAK3,p21 (RAC1) activated kinase 3,protein_coding,68.0003241140705,-1.21213593174663,0.357070709234274,-3.39466637951349,0.000687122752805301,0.00252698433433002
23157,SEPTIN6,septin 6,protein_coding,456.51469958975,0.025567101262802,0.134149687503601,0.190586364669062,0.84884967379383,0.89795354338091
3920,LAMP2,lysosomal associated membrane protein 2,protein_coding,1328.45358574302,0.65708559276711,0.117508888163971,5.59179482534308,2.24734291893031e-08,4.00935539898524e-07
331,XIAP,X-linked inhibitor of apoptosis,protein_coding,573.787445886645,0.0805413068427244,0.0838101670620215,0.96099685355742,0.336553749887625,0.456634820842676
10735,STAG2,STAG2 cohesin complex component,protein_coding,586.601460017485,-0.00732562336458345,0.0953132703172077,-0.0768583780642861,0.938736209052592,0.954675938496784
10178,TENM1,teneurin transmembrane protein 1,protein_coding,218.193870888488,-1.18272920269521,0.322693281378461,-3.66518074886127,0.000247163960085462,0.0010493518001603
6594,SMARCA1,"SWI/SNF related, matrix associated, actin dependent regulator of chromatin, subfamily a, member 1",protein_coding,660.306530184951,-0.178732774831919,0.139603715922844,-1.28028665748913,0.200444338438102,0.302560896094237
63035,BCORL1,BCL6 corepressor like 1,protein_coding,683.884369570012,-0.29047329388803,0.129094353140008,-2.25008520375016,0.024443537153777,0.0523256131097127
2000,ELF4,E74 like ETS transcription factor 4,protein_coding,619.382196185972,-0.127976028371863,0.113666866396175,-1.12588683430239,0.260213422770977,0.373925151147471
2719,GPC3,glypican 3,protein_coding,177.45881816875,-1.30963414452994,0.397562980131093,-3.29415516529758,0.000987179878095603,0.00341340341353882
84295,PHF6,PHD finger protein 6,protein_coding,443.031810609976,-0.0264398241789319,0.0846602426326651,-0.312305083906415,0.754808676748787,0.826789125347952
441518,RTL8B,retrotransposon Gag like 8B,protein_coding,23.2927247265563,0.657832638978215,0.200407138035417,3.28248108039924,0.00102897890374373,0.00353606069995541
8933,RTL8C,retrotransposon Gag like 8C,protein_coding,64.3609618738291,0.489303245601155,0.181177821858318,2.70067958971155,0.00691979667369008,0.0176092549647622
26071,RTL8A,retrotransposon Gag like 8A,protein_coding,31.8285272978705,0.295644729246325,0.164271853865227,1.79972845189219,0.0719035262382099,0.126529080274374
2258,FGF13,fibroblast growth factor 13,protein_coding,43.2859573590017,-0.475214088750755,0.302713471281858,-1.56984783907513,0.1164505149925,0.190896885280961
2316,FLNA,filamin A,protein_coding,29909.6841778072,-0.248860983807748,0.140286320077546,-1.77395047264898,0.0760713429790255,0.132882784668875
4515,MTCP1,mature T cell proliferation 1,protein_coding,14.2062398888278,0.216571572410763,0.161091101603849,1.34440431690231,0.178817678630234,0.273112246869674
8653,DDX3Y,DEAD-box helicase 3 Y-linked,protein_coding,106.186501033799,0.236925601418119,0.302407370444032,0.783465036153831,0.433354077807763,0.55265002926511
7404,UTY,"ubiquitously transcribed tetratricopeptide repeat containing, Y-linked",protein_coding,204.526434353965,0.549344730256515,0.288159835910793,1.90638896125197,0.056599759844,0.105113839710286
8284,KDM5D,lysine demethylase 5D,protein_coding,96.1089086068317,0.0515803789250119,0.306762459072302,0.168144365125378,0.866469707850722,0.909874577373613
4535,MT-ND1,mitochondrially encoded NADH:ubiquinone oxidoreductase core subunit 1 [Source:HGNC Symbol;Acc:HGNC:7455],protein_coding,66.7470386123462,-0.172318775121233,0.203622902337969,-0.846264212633713,0.397405367396121,0.518863371480446
4536,MT-ND2,mitochondrially encoded NADH:ubiquinone oxidoreductase core subunit 2 [Source:HGNC Symbol;Acc:HGNC:7456],protein_coding,72.7628534593744,-0.0863765868996661,0.226487144329235,-0.381375230613991,0.702924837812394,0.787444858391038
4512,COX1,cytochrome c oxidase subunit I,protein_coding,213.943788174282,-0.0807718038584624,0.190834451653185,-0.423255880469915,0.67210858021476,0.76363556166677
4513,COX2,cytochrome c oxidase subunit II,protein_coding,81.9635295844375,-0.105980389465034,0.230005492308983,-0.46077329893785,0.64496126030467,0.739808504467122
4509,ATP8,ATP synthase F0 subunit 8,protein_coding,21.0721469077968,-0.136166705556749,0.232467960194168,-0.585743968515127,0.558047582211187,0.66419148003418
4508,ATP6,ATP synthase F0 subunit 6,protein_coding,92.2024070178543,-0.238349333844095,0.210648769060753,-1.13150119465143,0.257844200888878,0.371481722414646
4514,COX3,cytochrome c oxidase subunit III,protein_coding,101.739395090731,-0.0342517640736974,0.226096119478196,-0.151492047509469,0.879587583608771,0.917598534281798
4537,MT-ND3,mitochondrially encoded NADH:ubiquinone oxidoreductase core subunit 3 [Source:HGNC Symbol;Acc:HGNC:7458],protein_coding,17.3085939615274,0.274811599975183,0.258972463236008,1.0611614707651,0.288616525928355,0.407073098386755
4539,MT-ND4L,mitochondrially encoded NADH:ubiquinone oxidoreductase core subunit 4L [Source:HGNC Symbol;Acc:HGNC:7460],protein_coding,24.6131704383767,0.00404358428547522,0.202740843912412,0.0199445963005961,0.984087569506759,0.987030415109351
4538,MT-ND4,mitochondrially encoded NADH:ubiquinone oxidoreductase core subunit 4 [Source:HGNC Symbol;Acc:HGNC:7459],protein_coding,189.590570302971,-0.128368095834255,0.207521155320086,-0.618578359571372,0.536194161684518,0.645048500103972
4540,MT-ND5,mitochondrially encoded NADH:ubiquinone oxidoreductase core subunit 5 [Source:HGNC Symbol;Acc:HGNC:7461],protein_coding,125.926978935856,0.115748549267811,0.193144536879347,0.599284614196032,0.548983106096975,0.656051788135971
4541,MT-ND6,mitochondrially encoded NADH:ubiquinone oxidoreductase core subunit 6 [Source:HGNC Symbol;Acc:HGNC:7462],protein_coding,39.2696650097,0.0779278436661043,0.199894381381615,0.389845092830966,0.696651097325473,0.781913804017171
4519,CYTB,cytochrome b,protein_coding,91.9508108307379,-0.123036568688606,0.211536704723295,-0.581632246042342,0.560814417891336,0.666538468323013
