Symbol,Degree,Betweenness,Closeness,Eigenvector,Log2FC
CDK1,178,0.0095441496976074,0.267641996557659,1,-1.34459284448568
IL6,166,0.0441469622355167,0.32745459331403,0.0170697847264648,-1.48359798807293
CCNB1,150,0.00552278247394909,0.266324127595804,0.931062514104447,-1.34438970042282
CDC20,144,0.00134473260183514,0.240572423128989,0.909011312919097,-1.10872880079273
TOP2A,140,0.0021467715422872,0.238405519356075,0.914008899771802,-1.3424019308864
IL1B,138,0.0226987110289905,0.31437958049027,0.00859302276844352,-1.83398072143188
PLK1,138,0.00554238667442337,0.264906303236797,0.860615906725818,-1.0773146059973
BUB1,136,0.00121890249672826,0.244256823090516,0.923824792727459,-1.27516575383389
BUB1B,136,0.000520312787932493,0.236322188449848,0.909178040691199,-1.09889808619002
BIRC5,132,0.00347657716652522,0.260251046025105,0.896669579588465,-1.30622101590654
CDC45,128,0.000816933404385788,0.23772214790751,0.773512560386442,-1.30576338967208
NUF2,128,0.00031440031655299,0.235427706283119,0.891342753928325,-1.40055702310723
DLGAP5,126,0.000306214954063981,0.236232434485378,0.906303104915198,-1.09160722722926
RRM2,122,0.00282815222415286,0.24015444015444,0.804655932455401,-1.37608400867188
KIF20A,122,0.00323762419117647,0.239230769230769,0.865699886237059,-1.38090439284155
CD44,120,0.0534467008340595,0.330061024144335,0.0243877875412704,-1.05802144837809
TPX2,118,0.000681050998507583,0.235027394672209,0.863127559934533,-1.71295825797342
UBE2C,118,0.000413266233570301,0.236907255760807,0.824764296763162,-1.92217463925242
MELK,116,0.000246146239531427,0.235650691418829,0.853224281682187,-1.38635881630342
CXCL8,114,0.00436895730283326,0.28683421720083,0.00334501678317079,-3.55030961669138
ASPM,114,0.000859390144757526,0.235116235116235,0.845913132028316,-1.2400772784296
AURKA,112,0.00234497806422679,0.256019757151677,0.79894329216208,-1.34624820434769
CENPA,112,0.00106015198573396,0.241835147744946,0.782528920371337,-1.36436106563659
KIF4A,112,0.000186034181720904,0.235027394672209,0.849782493797364,-1.37210705727875
NUSAP1,112,0.000113595638212304,0.234451564266868,0.856023207409835,-1.05649069469463
KIF2C,110,0.000415610820447358,0.234761275712399,0.846011781982479,-1.34540993334959
CENPF,110,0.00017156452239488,0.234672703263535,0.832537844062896,-1.31567816749968
CEP55,108,0.000151858809626691,0.235027394672209,0.816402923539032,-1.5366238798039
EXO1,106,0.000578031097416378,0.223821518531846,0.631988165246354,-1.40232216904266
MAD2L1,106,0.000123646319583486,0.234363225320271,0.792499943582327,-1.39328434946398
TTK,106,0.000103233247687926,0.234407386470699,0.82816793371023,-1.18683449072075
HMMR,104,0.0124614826723492,0.270317253368101,0.758901059060612,-1.19315986691032
FOXM1,102,0.00268308732796868,0.258896982310094,0.72946664575317,-1.16819558275292
HJURP,100,0.000372402197209927,0.234319080806178,0.773906506700852,-1.43577966728044
KIF23,100,0.000612532336227355,0.234010534236268,0.783930104944993,-1.04836365592141
NEK2,100,9.41050776433174e-05,0.233702799173398,0.781018084862914,-1.49860061743059
ESPL1,98,0.00319188054855612,0.232610321615557,0.708113539589102,-1.037165990345
MKI67,96,0.000800589672781668,0.247562189054726,0.733453297895474,-1.08308463195551
MCM10,94,0.00114647172813793,0.245898398893062,0.529311408083855,-1.62002525012436
MYC,92,0.0315996668466973,0.311311311311311,0.16571820558693,-1.60867034075625
CDCA3,92,0.000124046991279578,0.234098607452014,0.741835232844532,-1.34253934206041
CDCA5,92,0.000123984902015731,0.233046084675909,0.720691277248487,-1.41159017305054
CDC6,90,0.00284397906218056,0.256865579186455,0.507799436547574,-1.4713872499018
CD19,90,0.0135269497626037,0.290518449322746,0.00189627748304769,1.29468796584885
PTTG1,86,0.000101767615571552,0.233527313685001,0.689002841591694,-1.25233410742246
CCL5,86,0.0017792473470813,0.28215014742572,0.00276038196326302,1.14133667646784
RACGAP1,84,3.9710315168111e-05,0.231183794833674,0.69190841836858,-1.03928827204139
KIFC1,84,0.000210712287454127,0.224386724386724,0.66937860937055,-1.12294570552399
MMP9,82,0.00821301841044722,0.302971261568437,0.0121125586593227,-1.31329004306468
MCM4,80,0.000502835240916186,0.23234964512514,0.422774347698253,-1.12577347160964
ANLN,80,0.000287379676660591,0.231012070566388,0.630023115423104,-1.75593726687145
KIF14,80,3.59168933187519e-05,0.229351032448378,0.639693036968319,-1.30862221890367
NCAPH,78,2.88435826691786e-05,0.222699606158253,0.627507286996532,-1.18345741480437
PRKACB,78,0.0348246190519579,0.298392899976013,0.00239381122383639,1.3738614330572
CXCL10,76,0.00117333874747258,0.268045679810386,0.00200533632626769,-1.91154254687061
CXCL12,76,0.00587003871263573,0.292774770534243,0.00770116331091431,1.67901873757562
CDT1,74,0.000294863770953825,0.224629830263633,0.394992122043087,-1.06383019874412
COL1A1,72,0.00605389937718772,0.276505890197822,0.00137340990503243,-1.66564284607089
TRIP13,70,5.86962252088248e-06,0.229902051376825,0.62178592203788,-1.8756344096622
CDKN3,70,9.29221711821846e-05,0.231743666169896,0.590686536137682,-1.18810430083738
H3C12,70,0.0114078582166425,0.279299506061967,0.175912980548357,-1.39945447679796
KIF18A,68,0.000215840258353087,0.222023915759415,0.52728434080458,-1.20180693693366
IGF1,68,0.0168213385754112,0.308455244235061,0.00724407203945331,1.14300901403296
CYP3A4,68,0.00671923983018401,0.234716981132075,3.35557340557973e-05,2.0597765454406
BCL2,66,0.0225675166189663,0.314459049544995,0.0659295595346919,1.17176316272726
IL1A,66,0.000597242013753298,0.276444444444444,0.00251515360095943,-2.21074238074069
CXCR2,66,0.00158903518850109,0.276998441327099,0.00235896630247655,-1.67265122663811
NCAM1,64,0.014504602569097,0.282791543532621,0.00126349230785114,1.81367027123061
RAD51AP1,62,0.00028102909480486,0.232393050625817,0.423786964701456,-1.18749669541657
ECT2,62,8.38360172862212e-06,0.229224249124747,0.548846678569346,-1.46235954491589
CCND1,60,0.00969638803912862,0.291334894613583,0.165727514353324,-1.03186819436792
SST,60,0.0087232433871778,0.268682505399568,0.000317322487624257,4.39213459726685
KIT,58,0.0117769893648095,0.299254269906182,0.00717904481644322,1.2333515710738
MCM2,58,0.000501260247438351,0.231355774595499,0.222198412196344,-1.23492428715788
DTL,58,0.00220484612914125,0.220567375886525,0.378926262065628,-1.17784388341191
CXCL9,58,0.00096402377304039,0.262890955198648,0.00150201007629439,-1.35888624069903
FCGR3A,58,0.00665752143918404,0.28997668997669,0.00189177081625991,-1.48729819145842
CXCR1,58,0.000398285332424008,0.260414486079129,0.00150234004393106,-1.78960125446337
NPY,56,0.0078516789635227,0.272747204560403,0.000506186237678613,3.17083484639702
CXCL1,56,0.000244384064568211,0.26167437946992,0.00198888670190223,-2.09921463812889
CCL20,56,0.000486066265133818,0.256336286832887,0.00148979958470543,-1.1261990894319
AGT,54,0.0091394980713168,0.282727272727273,0.0014685946983548,-1.57394270714362
CXCL2,54,0.000223443043642705,0.259058725531029,0.00161328858616635,-1.55129494735816
CCL21,54,0.000543187314667887,0.241553398058252,0.00124045144652655,1.49291446118422
CCR8,52,0.0011178972874095,0.238131699846861,0.000857354428870624,-2.4338012718763
GCG,52,0.0131143787118107,0.288631090487239,0.000739804145606903,4.31481716362519
CKAP2L,52,9.90181375486165e-06,0.227588730332967,0.437075225461997,-1.34870386053673
CXCL11,50,0.000325422437734625,0.256653600165051,0.00142461007667369,-2.51627291959698
ASF1B,50,0.000141774040338768,0.230114687384388,0.357574289037399,-1.03922046504671
CD36,50,0.01358418598226,0.295767950546838,0.00157864855206294,1.73364294529196
BRCA2,50,0.00310859227818884,0.257770410277663,0.191316320263408,-1.32999771585619
CCR10,50,9.98183327383256e-05,0.237858508604207,0.0008727887113205,1.50703457651738
COL1A2,50,0.00284000300964897,0.270082501085541,0.0011903486559597,-1.14118991790641
CCL19,50,0.000329880538733851,0.261949884186144,0.00144005448197851,1.23337000955094
SHCBP1,48,2.50596692331211e-06,0.214187327823691,0.395780562373248,-1.28434816121885
FEN1,48,0.00011495478078623,0.219516499029469,0.229850098231926,-1.03188865779946
CXCL5,48,0.000137502633314471,0.25787728026534,0.00168330615059972,-3.62626920079179
KIF18B,48,4.69851306562091e-06,0.216272600834492,0.404849111737993,-1.22973721902678
TROAP,48,0.00568972784690185,0.219322990126939,0.381914500222083,-1.21879316249782
ADCY5,48,0.0100024149472897,0.24974904637623,0.000927561870869398,2.04468127692919
ACAN,48,0.00979217578602193,0.273346517248956,0.00123586653201617,-2.61810644580415
FCGR3B,48,0.00371506444546401,0.289100627469208,0.00183531020568177,-1.75817461067676
CCR9,48,0.000206759736692214,0.241412769260625,0.000853517921575468,1.24220960969512
SKA3,46,2.42046655042683e-05,0.227380734783403,0.366186385076676,-1.50441751433147
CYP2B6,46,0.00526258011298359,0.235650691418829,0.000169113313271239,-1.01641351983017
ITGA2,44,0.00948888332352258,0.279613396268825,0.000905282401085045,-1.36255237605658
CDC25A,44,0.000539836931106374,0.25264012997563,0.230708705435294,-1.00934316759027
CDK4,44,0.00244756002006568,0.263336155800169,0.216532169967278,-1.04496440011809
MYBL2,44,0.000684223413952109,0.237767584097859,0.32499764316602,-1.83756083234707
UGT1A6,44,0.000419076344760927,0.209181099714142,9.53508842936148e-06,1.62155530634063
UGT1A1,44,0.000412807140096176,0.211241297334013,9.76371473735532e-06,2.15060895013423
CKS2,44,4.98939355468532e-05,0.22667638483965,0.351584829247804,-1.41083439800647
E2F1,44,0.00200606012877936,0.263838812301167,0.169830781721384,-1.2343849577655
F2,44,0.00918224416711637,0.265132139812447,0.00057513657837099,-2.91609975247514
PPARGC1A,44,0.0127772594266975,0.291062236780533,0.00228686859257897,1.64832257574507
CD79A,44,0.00329084757515583,0.268972972972973,0.00200112117694591,1.35916628033061
MMP1,42,0.00153825416777714,0.271912568306011,0.00154893948422578,-3.90297763630939
NCAPG2,42,2.53203229678272e-05,0.23019985196151,0.327376836067743,-1.11830450026995
UGT1A8,42,0.000340641447805371,0.211133740665309,9.4799530433523e-06,2.24386972911489
UGT1A4,42,0.000367628627218575,0.209110774920155,9.42949505965466e-06,2.05466964792163
SPP1,42,0.00417764805846529,0.284537968892955,0.00154951510993492,-2.87952866404611
ADH1B,42,0.000911950897507796,0.215822345593338,1.38081940846909e-05,2.83642307009552
CXCL3,42,6.1911413048208e-05,0.255651459103987,0.00138508182388218,-2.03342384752875
ADH1C,42,0.000973560298262707,0.215822345593338,1.36202398187305e-05,2.73364006234534
CXCL6,42,6.08815229968215e-05,0.255756578947368,0.0013829833901067,-1.77250588361118
GSTA1,42,0.00170893512379775,0.234938621340888,7.01192836921092e-05,1.44957064056296
RFC3,40,5.88412453933151e-05,0.218360540635422,0.193332926636169,-1.39672743090388
BMP2,40,0.00365688070055386,0.258520365752286,0.000604993832388746,1.30150729414825
TIMP1,40,0.000670640468041841,0.275038691134203,0.00202247119908318,-1.58952802779894
UBE2T,40,6.21038831825272e-05,0.21522491349481,0.308790319417895,-1.18017175168372
SERPINE1,40,0.00256377416832512,0.270023876709355,0.00161258808005713,-1.71244625241193
MND1,40,0.00122682018381576,0.22821500642084,0.267304102481536,-1.00185248853207
MME,40,0.00411458965089579,0.276875139105275,0.00562050033297648,-1.18966558778404
MET,38,0.00237452645415636,0.279362227711655,0.00241201653264137,-1.55183760041735
KPNA2,38,0.00128009098294039,0.248452166966247,0.272350252994305,-1.21109345237951
ORC1,38,0.000184223020141412,0.231012070566388,0.173385457074819,-1.05567391335138
UGT1A10,38,0.000214233653901519,0.20799197458619,9.03296976369806e-06,2.28018271673174
SYP,38,0.00928893039361997,0.264287231782452,0.000483144884978705,1.33567366830512
GRIN2B,38,0.0102331569388711,0.274553078790554,0.000270886201233378,-2.09860506291153
CKAP2,38,3.08434927090626e-08,0.215972222222222,0.347228514147962,-1.25503034228922
ERCC6L,38,0.000548198425407224,0.218513964517829,0.300510763609051,-1.44796682387809
CYP2C18,38,0.00123788684830592,0.215299411561094,1.28440763055931e-05,1.27471541805097
PF4,38,6.14913155560656e-05,0.239046887009992,0.000731998220640125,-1.15841716272629
CCL8,38,5.76419871405061e-05,0.228971102521627,0.000595171686451016,1.55043655979521
ADH6,38,0.0008813965749654,0.215747485258411,1.33556518722193e-05,1.23659310285043
UGT1A7,36,0.000189460450609835,0.207852965747703,8.97878555640214e-06,2.06865764822927
SHH,36,0.00501107371448855,0.266952789699571,0.00179452473887507,-1.46522183125407
CENPI,36,8.25090772614009e-05,0.220645619013835,0.265465484087444,-1.18383520997389
GTSE1,36,8.49443822134156e-06,0.218130808346484,0.317223928503963,-1.0324609215585
CCNF,36,9.03828742653446e-06,0.221273568125222,0.289127299072929,-1.17888153999643
DEPDC1B,36,1.29456682702927e-05,0.227297642974603,0.286930146382741,-1.06028210351931
ITGA11,36,0.00187419419991114,0.240945186906837,0.000245616759638008,-1.10048303964147
PTGS2,36,0.00755957464518941,0.283565078641441,0.0062975928804573,-1.1202696970971
MS4A1,36,0.00120974082100456,0.241647241647242,0.000369313403657025,1.68077360840081
ADH1A,36,0.000782715538639543,0.215672676837725,1.34200585011414e-05,2.34693750110872
ITGA8,34,0.000912369261579721,0.238359839049626,0.000242727685685453,1.30455174756553
HPGDS,34,0.00241384834385347,0.236546872028903,0.000214958665242464,1.86300380808413
MMP3,34,0.000241828118150465,0.262115465655289,0.00142972658009204,-4.02475208227198
UHRF1,34,0.000405644132666937,0.229689807976366,0.183312826484251,-1.47243991525676
CLSPN,34,9.45859808708528e-05,0.219787985865724,0.151772985142986,-1.0048212855859
SOX9,34,0.00542805660905042,0.267296948861195,0.00109312483457939,-1.2981173365201
LEF1,34,0.00705132150467775,0.270258527047578,0.012803230971758,-1.46704345851285
WNT5A,34,0.00625742543399128,0.2479569463823,0.000639421359729977,-1.13879734692157
PAX5,34,0.00138814963347239,0.259328747133625,0.00431739386463421,1.5930650727486
GRIN2A,32,0.00190220024291469,0.24512315270936,6.90662600172204e-05,2.48280288010058
FGFR2,32,0.00109808530108694,0.267757210503659,0.00137119860419072,1.54393099960427
CAMK2A,32,0.00187383592343204,0.233922527265889,3.95434979187061e-05,1.57440556177872
UGT1A3,32,0.000157351725379304,0.207264245251583,7.00390695282742e-06,2.06948840031465
FGF9,32,0.00153876110929764,0.282791543532621,0.00148577786039712,1.79623098359996
MPO,32,0.00174074144383956,0.273166447079491,0.00523906487543718,-1.33824689018306
GSTM1,32,0.00237246372427675,0.241976269208325,0.000100486228983977,1.24494343502304
CCL3L3,32,0.000141489042322211,0.254448762528124,0.00106075677453434,-1.08134291014144
DRD2,32,0.0046443674337036,0.251719951436665,0.000741471266966055,-1.30429570068536
COL4A1,32,0.000526381027876677,0.262558041367666,0.000951352077122077,-1.25473703746411
FGF10,32,0.00183683510897445,0.283048919226394,0.00146456252623081,1.13153010393971
IGLL5,32,0.00813284126335178,0.268856710611627,0.00414148759847877,1.08506508979349
VTN,32,0.00276343718184281,0.272329246935201,0.00119572336083576,-1.57246967434457
ANPEP,30,0.00248130768699331,0.2784866800985,0.00120650226632411,2.9216948133184
UBE2S,30,0.000879163365602111,0.219982316534041,0.191936158251041,-1.30759050124549
BGN,30,0.00164365744305843,0.255546425636812,0.000700162736381797,-1.88019214836869
GPX3,30,0.00659509667917875,0.277245375529307,0.00209012003461886,1.52128512145154
NTRK2,30,0.003874026734029,0.256283477544293,0.000336472534829736,1.64802077988505
XCL2,30,2.87505371923861e-06,0.233133433283358,0.00057160577631803,1.40669367106821
CD22,30,0.00125352242939853,0.262115465655289,0.00188174241847025,1.42669407048364
FOXP3,30,0.00217790535557092,0.28690036900369,0.00286167009891598,-1.08608495971071
RECQL4,30,0.000122362742872304,0.202671880091235,0.0834350573015228,-1.01304597417823
HSD3B2,30,0.0021005640362545,0.216385458340581,7.50929376713348e-06,3.98943275468932
GRIN1,30,0.00313630162431396,0.248402555910543,7.56321667260511e-05,1.27535194203187
H3C14,30,0.000214127218420975,0.223902087832973,0.0266700056939651,-1.26849491702503
FGF18,30,0.00134961116766755,0.280369619112013,0.0014618475330286,-1.67303279581848
H3C15,30,0.000214127218420975,0.223902087832973,0.0266700056939651,-1.42746498419946
COL2A1,30,0.00116888018674354,0.260851331516041,0.000690055288384625,1.36219511959254
FLNC,30,0.00718126592552519,0.233352091540049,2.82176455666341e-05,1.03208773688701
IL6R,28,0.00018692061289922,0.257610271277697,0.00114974182247409,1.55405002498946
GNA11,28,0.00524679086939295,0.250705360741636,0.000168856377092683,1.15349443987582
GRIA4,28,0.00155388328439994,0.245510163805013,9.50565248425203e-05,1.97618704886391
SHMT2,28,0.00526332083096533,0.240479412333269,0.000372026487221195,-1.15824106169861
GINS1,28,1.17693742939347e-05,0.217444502709317,0.150663168826344,-1.45868434859482
MAOA,28,0.00347483504481591,0.242731707317073,3.67545735012388e-05,1.46468657315544
UGT1A9,28,6.91686322365519e-05,0.202969489313102,6.55692367316018e-06,2.04509152593922
GZMB,28,0.00168557934599448,0.261070304302204,0.00109508944902607,-1.7629638244515
AKR1C2,28,0.000336486597879457,0.177359566581123,2.05550455835652e-06,1.06622986049316
CCL24,28,4.69199166114905e-05,0.228089475614228,0.000475562908239984,-1.69584739246049
COL5A2,28,0.000210399974894053,0.2287185144328,0.000164158862603994,-1.14837089454866
SNAI1,28,0.00253432977095923,0.288363467779323,0.0288524789715519,-1.7978508861211
CR2,28,0.000614822227869755,0.239368866653839,0.000388824777777021,2.01470169124492
PRKCG,28,0.0033331495965626,0.243253813062182,0.000429063615850989,-1.95029615939797
MAOB,28,0.00272219447089369,0.239046887009992,2.13618203613515e-05,1.47117738889867
ABCC2,28,0.00243690726125859,0.225730357466884,1.59682973217304e-05,-1.3940778349079
CD79B,28,0.000201841145972224,0.242353399571401,0.000385462579232664,1.22042881491287
FCGR1A,28,0.0028663701484025,0.272269643247975,0.00103153162407057,-1.19222106171235
SAA1,28,0.00356750851168503,0.264287231782452,0.000981475188066033,-1.34328882150572
SLC9A1,26,0.0104017905809496,0.272150514110698,0.000602441857810763,1.09805912659618
MMP7,26,0.000413106786703658,0.26411889596603,0.00130450211181607,-5.56509610477307
CACNG8,26,0.000812801639283943,0.22821500642084,2.67692801014049e-05,-3.26452737061374
UGDH,26,0.000383838424091747,0.186758744933193,2.31774071702969e-06,1.23627112771277
LIF,26,0.000462399339626562,0.266952789699571,0.00454585972936992,-1.04571218579593
NR1H4,26,0.00599646558090231,0.243634939287113,7.31260048277796e-05,2.47059565312021
GRIN2D,26,0.00157372059635426,0.244208873184138,6.70357010804136e-05,-3.36503123562921
SCN4B,26,0.00307396250987051,0.240618955512573,7.30564014417236e-05,1.36854094460681
GINS2,26,6.75284336498094e-06,0.211062097047845,0.117572812484007,-1.02528491348674
ACKR2,26,0.000599652607295638,0.234805587013968,0.000451833922522416,1.80599132007121
CES2,26,2.34504829587853e-06,0.191178730597818,2.78632069860069e-06,1.40798495979408
GRIA3,26,0.00107500919693115,0.244160942100098,8.65268343914941e-05,1.5694318680996
CHGA,26,0.00309990446158987,0.254709254709255,0.000110153152902243,3.62851738063485
VIP,26,0.000575689480946238,0.231916480238628,2.85985731501237e-05,2.28165160235638
PLAU,26,0.00149080199915583,0.271023965141612,0.00474148380281342,-1.67063641583981
SNAP25,26,0.00292948065753152,0.222619899785254,2.21612014809015e-05,1.79727824909942
CD7,26,0.00124989445895541,0.250705360741636,0.000660900241989218,1.2393519323004
THBS2,26,0.000469586948288547,0.25638911788953,0.000453250899891497,-2.04546887009179
CCL28,26,0.000152191790615922,0.24015444015444,0.00046504263426418,1.51547519865596
UGT2B15,26,0.000181865915568352,0.207195203197868,6.40934561241376e-06,2.08475198924498
UGT2B17,26,0.000712307617414021,0.207195203197868,6.12472421207204e-06,2.56867252001866
GAL,26,0.00171008947063049,0.242164687560833,0.000129653000047414,-1.37268099378038
CLU,26,0.00318748287853928,0.245316505620193,0.00040105338722712,1.41950342159457
LCN2,26,0.00252711364414116,0.263894781501909,0.00102488218480441,-1.47755659395304
TH,24,0.00351251752996902,0.24387375024505,5.07637090107605e-05,-2.91697257498064
GSTM5,24,0.000243195352395072,0.230669386241424,6.41355419025807e-05,2.10430840587925
CDC25B,24,4.01923392609995e-05,0.23547226954382,0.167197325658167,-1.52032826172792
LGR5,24,0.00352378066151584,0.261784511784512,0.000735599730088904,-2.24957927284027
TICRR,24,0.000463837977154059,0.21619742787626,0.121274212589389,-1.22265417469679
DNMT3B,24,0.00203478452027203,0.245607107601185,0.0147471629610048,-1.21880266757084
PRKCB,24,0.0019106148041224,0.233790640856982,5.71104568142932e-05,1.38312147872881
H3C11,24,3.31434436582551e-05,0.224427205484395,0.0347630386821447,-1.11884938262623
KLRB1,24,0.00317603722944793,0.235695339143615,0.000197445975779391,1.23864273241389
COL10A1,24,0.000200237018698668,0.23636709101273,0.000141321456595662,-2.79005479127624
NGFR,24,0.000490367036659779,0.247710075667065,0.000317689733586199,1.23769900110057
H3C7,24,3.31434436582551e-05,0.224427205484395,0.0347630386821447,-1.13095329879545
TRPM4,22,0.00191337245236221,0.205009887936717,9.7402770929977e-06,1.02654585468559
CBX2,22,6.00432224305881e-05,0.22536231884058,0.0551909000684102,-2.54777731338828
RAD54L,22,1.52909242484927e-05,0.213855939487708,0.125304157719727,-1.06204274387163
GINS4,22,3.4013020592018e-06,0.210490693739425,0.0760802610804451,-1.12371897429733
CACNG4,22,0.00057011741923763,0.223139013452915,1.73422109467622e-05,-2.62327150311774
GNG7,22,0.00193972293418679,0.237449895018133,5.62306889417136e-05,1.72057459272807
COL11A1,22,0.000599477674182194,0.219749160925632,0.000125447928239738,-4.13075247790853
TNFRSF13C,22,0.000706462267026227,0.238359839049626,0.000200703635384272,1.39556955955495
BYSL,22,0.00528894690393337,0.1819511481644,0.00860812533562002,-1.16007780499718
COL4A5,22,0.000306746885466734,0.257556935817805,0.000644472105500941,1.14307624325047
RYR1,22,0.00307128120495406,0.207471647765177,1.03656252586882e-05,1.33114595599649
PGR,22,0.00321473948701636,0.274310915104741,0.0116125514574833,1.48511250499053
POU2AF1,22,2.83662794204248e-05,0.235606060606061,0.000233396663670144,1.2969686661014
PTTG2,22,3.71487075699406e-07,0.217406501223349,0.189657586187384,1.01183833595054
IL11,22,2.73791995977058e-05,0.254500818330606,0.000882259302440747,-2.82115613054466
NCR1,22,0.000898862632572903,0.236591860022822,0.000207727702795667,1.16035399681979
CACNA1A,22,0.00328492893945895,0.232306255835668,0.000395690816966096,1.98012277404077
COMP,22,0.00206406113030182,0.247414478918059,0.00013537540652316,-3.891932958938
THY1,22,0.00169185877344066,0.267641996557659,0.000897547341154247,-1.21252814185963
H2BC10,22,7.56177856444713e-05,0.222540250447227,0.0339742417381678,-1.01951380143601
CAMK2B,22,0.00118790087899102,0.233220847394076,3.52248100663831e-05,1.94362203585615
FZD10,22,0.000624130886807854,0.200257566001288,2.1848962615688e-05,-1.36607096578885
NRXN1,20,0.00399694955088398,0.227588730332967,7.6758136823344e-06,3.75888719612683
TNFSF11,20,0.0012886329009249,0.262779890156316,0.00110744372755646,-1.02213780659337
HSD17B2,20,0.00013255271490552,0.196214511041009,2.26470250029669e-06,2.39370747288426
CLDN1,20,0.00238786442313241,0.228760573740346,3.88710197358143e-05,-3.8043759755817
CENPW,20,5.36150165797037e-06,0.209533434394475,0.135226369235714,-1.25701275361235
KRT7,20,0.00219879348061435,0.258359293873313,0.000623924479013603,-2.49753712426778
HAMP,20,0.00342640605832488,0.257184205085797,0.000490731011226452,-3.23480854980907
NEFL,20,0.00306571903240322,0.224751580849142,2.63140963092207e-05,2.68832059112819
GSTM2,20,0.000132034685769537,0.230583873957368,6.35493308063963e-05,1.34092172299948
PKMYT1,20,7.22603290753871e-05,0.214298018949182,0.135086908171733,-1.46719064137969
GGT6,20,0.00262582571593565,0.240015435076211,8.64544972516838e-05,1.26948158661744
PYY,20,0.000432955059707548,0.239230769230769,8.11735464549456e-05,4.64099727362367
OSM,20,2.22164742975142e-05,0.253463732681337,0.000810600042091665,-2.49240758915472
ANK2,20,0.00562535383820053,0.26372694509222,0.000552366593230258,1.9604092159993
TWIST1,20,0.000962894680891024,0.275221238938053,0.00883225859393775,-1.59777765660418
LIPC,20,0.00158866528062378,0.200774693350549,5.31509368470059e-06,2.13619250610912
GNG4,20,0.00299682483743762,0.250100522718134,0.000105045022915923,-1.38703102067649
UGT2A3,20,0.000150918528663544,0.207057256990679,5.93189957457602e-06,2.38352471055143
H2BC17,20,0.000407472380317478,0.225935343261896,0.0242874043118395,-1.36551977798562
PMCH,20,0.00162459074759053,0.241694190790752,0.00146937824922448,-1.07165645360294
FAM83D,20,0,0.226264096034922,0.187122460063101,-1.03993907400096
CHRM1,20,0.00144382414555087,0.231441860465116,3.13413542660466e-05,1.00162479605993
TTR,20,0.00204747275403352,0.225280695400217,4.63897780100898e-05,2.29329408843881
KLRC1,20,0.000487571392484363,0.232306255835668,0.000143140321957118,1.79361838614375
H2AC4,20,0.000146534403547472,0.222301644031451,0.0254481530335755,-1.05218341318199
SELE,20,0.000798080717241327,0.272926722246599,0.00160466032697723,-1.40673084590769
TNNI3,20,0.00622574796815023,0.244113029827316,0.000767668789502052,-3.04635364775567
MMP13,20,0.000347433151260708,0.265755180516984,0.000802800727277203,-2.66354456678313
CEACAM8,20,0.000923061001142792,0.241178751454052,0.000374784731678011,1.02058219198761
SCN3B,20,0.000130328516151851,0.200904392764858,8.68400252870009e-06,1.46082439866988
TG,18,0.00203756864861237,0.226841721371262,2.19110469484772e-05,-3.00946497651014
EFNA5,18,0.00122740440269995,0.241365929375243,0.000255234194963677,1.77134989820092
MUC5AC,18,0.00820763721211829,0.253929373341498,0.000554378966799299,-2.76326812982055
PPAT,18,0.00112766211024588,0.207575504755548,7.45626060372492e-05,-1.1424117947478
RNASEH2A,18,4.13578635969951e-06,0.200064329366356,0.0630533156204136,-1.13411189796664
F2R,18,0.000643956694886875,0.245898398893062,0.000171509470584341,-1.01351834765166
ORC6,18,4.16352240997689e-08,0.215001728309713,0.108474015070194,-1.53488426460479
P2RX1,18,0.00136625913179315,0.204235757675259,5.07944756204027e-06,1.61448260278544
PHGDH,18,0.00174877703789359,0.247266944941364,0.00963400651880906,-1.24307773262948
P2RX4,18,0.00167479068029759,0.204235757675259,5.07690454270043e-06,1.02111606719786
IMPDH1,18,0.00126318707904694,0.199743095696853,0.00128508746753781,-1.10130915558456
WNT2,18,4.81198157164815e-05,0.200677528633651,2.12736155669212e-05,-4.52545598626665
ORM1,18,0.00133572941505391,0.228508449669361,9.08892242092582e-05,-2.81714737211213
FLT3,18,0.000245716836746905,0.250150814397748,0.000419936172900707,1.1105384128932
AXIN2,18,0.0019915937989327,0.248253841548593,0.00759620599201983,-1.53097959164244
COL12A1,18,0.00111268293323958,0.225607544432354,0.000106498823678144,-1.79689445487996
SFRP1,18,0.000612903397948909,0.213966288269694,4.1238602704781e-05,2.88582017570369
TLR3,18,0.000178210623629863,0.256441970727685,0.000903850042093632,1.19562686928798
WNT11,18,2.09737516732526e-05,0.200677528633651,2.15903939590694e-05,-1.41507827998752
TNFAIP6,18,0.000669982735862989,0.274069178233091,0.00142647101059441,-1.4372703946563
BLK,18,1.58647594827324e-05,0.236591860022822,0.00024864052959399,1.78112806763877
SERPINH1,18,4.01728714654219e-05,0.228760573740346,0.000136280605089195,-1.01140972253567
SLC10A1,18,0.000726850759437004,0.202969489313102,2.57287822777485e-06,1.34830907316653
PLIN1,18,0.00311916570951458,0.259761954479014,0.000248206540717459,2.23015628094113
PRKG2,18,0.00142393765264911,0.212214261344251,1.14365748898196e-05,2.54572233420124
BOP1,18,0.00167664941813762,0.166199064796259,0.000410673858085238,-1.09830205410955
CLCA1,18,0.00298992390936064,0.208131169483018,1.31659237081715e-05,2.66192282190545
FBLN2,18,0.00129999481362331,0.225648467259206,0.000108240676520689,1.12804054046831
SCN2B,18,4.18657717274481e-05,0.199614890885751,8.33960660659765e-06,1.7959620041839
KLRC2,18,0.000434773823579462,0.230926304065342,0.000122335381185709,1.36781819884938
PLN,18,0.00268925563412892,0.239830345093503,6.83793125840393e-05,1.41203127695655
PPP2R2B,18,0.00489803391163683,0.265188659134513,0.0173457980873339,1.50833509772527
WNT9A,18,3.45373381476981e-06,0.199743095696853,2.171880535988e-05,1.01489988264226
DMD,18,0.0034902517513466,0.221628362729378,1.34549476586434e-05,1.22580665871497
ELANE,18,0.00080127343957322,0.258950874271441,0.00437544911887003,3.04323261281841
SLC6A4,18,0.00167758632344319,0.219516499029469,1.91183843084556e-05,-1.25278359178101
DKK2,18,5.54069432436544e-05,0.201294498381877,2.19561168053889e-05,-2.21440365532921
VEGFD,16,0.000278293762830485,0.245558626135018,0.000649004409761961,3.34546864575067
GRIK2,16,6.88378441548559e-05,0.221509971509972,1.09870403289778e-05,1.55693579462883
EFNA3,16,0.00104198950536007,0.239507123604159,0.000225216368593307,-1.36563037907183
ABCB11,16,0.000595436634505012,0.201490119857467,2.25114128153583e-06,3.17402138741483
SCNN1G,16,0.000896123726938826,0.217634709587124,0.000108790408321478,3.43250973416615
PDX1,16,0.000907569898052165,0.254970280795245,0.00011576313844186,-3.18543273611315
IL1RN,16,1.35108499787548e-05,0.253773969808242,0.000804774986029354,-1.71142200511884
CLDN23,16,0.000108713593038359,0.206028486253726,1.63503735293282e-05,1.8313353781403
GPT,16,0.00370360103704794,0.264062831670558,0.000627242781658226,2.04449890336315
MB,16,0.00317587925102967,0.228928965771071,3.15913745183538e-05,1.72004275552638
VAMP2,16,0.00108742280276089,0.222659745838554,1.58093303351747e-05,1.00009909240715
ANK3,16,0.00216062695624725,0.256706562113083,0.000550513287345514,1.16861500813451
UGT1A5,16,7.6043168522211e-05,0.202770986145069,5.47513108480924e-06,2.12538747229748
L1CAM,16,0.00374412874878281,0.23627730294397,6.38047318916103e-05,1.39637376637965
PPP2R3A,16,0.00247425243361144,0.258144843328491,0.0130465603594143,1.32467354127129
ENTPD3,16,0.0015769191964537,0.220060145055723,0.0185645191750845,1.42854231983998
DSCC1,16,8.05022351825528e-07,0.199743095696853,0.0913977588622721,-1.55723519302057
EPHX2,16,0.00249697062743054,0.203002610966057,6.50256718159688e-05,1.17673926690613
CDC14A,16,2.59546358599487e-07,0.217406501223349,0.126867984043261,1.26627688202662
LPAR1,16,0.0016715158949388,0.243730407523511,0.000124910509753641,1.40640891276711
AREG,16,0.000679845451017635,0.236187583064363,0.000255768861079735,-1.31232302920611
SCNN1B,16,0.000896123726938826,0.217634709587124,0.000108790408321473,3.16035353989344
LAMC2,16,0.000579767150354103,0.256600660066007,0.000615863652780283,-1.03878557044759
HTR1D,16,0.0011258943995941,0.23772214790751,2.2945603411725e-05,-2.77529744542971
PRDX6,16,2.58631648502624e-05,0.224914120412222,6.05368266289275e-05,1.07652457649043
NR0B2,16,0.000171350447076877,0.204672589667654,7.8242843263144e-06,-1.71477327069684
WNT6,16,3.3988107531914e-06,0.199711029057634,2.12562810252273e-05,1.00973544467295
NR3C1,16,0.00164089614070799,0.265358361774744,0.00182463136835747,1.1105277001302
CALB2,16,0.0012410162578288,0.239368866653839,4.79111618304544e-05,1.71018217145722
NOD2,16,0.00530469245626084,0.253981216823193,0.000587295220945181,-1.08237335538346
CEL,16,0.00109462516188881,0.179379956741168,2.61292021264028e-07,-2.12236690595709
ATP1A2,16,0.00205349635291357,0.222899122021143,2.5684427389477e-05,3.06970975570656
VPREB3,16,1.08738424600247e-05,0.233089750796328,0.000162168267141447,1.8426616680332
SPARC,16,0.000264530810023476,0.232306255835668,0.000158698559697584,-1.1652007106971
PIGR,16,0.00189082104417225,0.224305805986296,7.18715001394351e-05,1.86436450569875
LDB3,16,0.00121156632879189,0.208200836820084,1.83793778726264e-05,2.41191910197687
MYCN,16,0.00114541340519013,0.258305647840532,0.0300551434021421,-1.15558459541166
CLDN5,16,0.00310596205127239,0.251465534667475,0.000641426201321589,1.24837454830698
SAA2,16,0.000688251705356077,0.258305647840532,0.000711127442529691,-1.94293813783115
SFRP2,16,0.000256640919101823,0.209604043807919,0.00018281013001906,1.60493235589698
NEUROD1,16,0.000233362592059697,0.237585943468296,0.000110803379311024,3.21678688834122
GNAO1,16,0.00314289200421851,0.218207332047009,4.07911542427351e-05,1.62542027978401
TNNT2,16,0.00131259100703238,0.213562231759657,2.04147517466547e-05,-1.1838359485189
APOC2,16,0.00132251100797738,0.225566636446056,5.01709083686519e-05,-1.72599205998746
MUC2,16,0.0012627563101323,0.216989359846503,3.08456088541373e-05,1.47006619853903
CACNA1H,16,0.000776791326270402,0.220919907654058,1.60762214632592e-05,1.05427603859433
MYL9,16,0.00130229560309646,0.188171229768568,1.35192713040715e-06,1.03290492284495
CNTFR,14,4.46374700464601e-07,0.2479569463823,0.000563538952246076,3.15865785055502
PSAT1,14,0.000717285086917559,0.216423103688239,0.000240818439282028,-2.32738923883481
MT1E,14,2.72418385428956e-06,1,6.30009600902804e-16,2.07557471946526
DCAF13,14,0.00169033581807868,0.182860502719389,0.00852717989766261,-1.09709498963773
FABP1,14,0.00505614061746741,0.25279414753099,0.000196833794801584,2.10495341853898
DHCR7,14,0.000888568992853455,0.186506746626687,2.31833961566677e-07,-1.14259892347882
AKR1B10,14,0.0010942252761679,0.197648554178583,1.20197277977059e-06,2.34500745460398
CBX4,14,1.49233362577302e-05,0.225117625769092,0.05255877783624,-1.01342600098237
EDNRA,14,0.000642481404719393,0.236907255760807,6.76852094972809e-05,-1.34198406043598
SCN9A,14,1.87243105745777e-05,0.197303727200634,3.82260008295547e-06,2.5473950224906
ATAD2,14,4.71445608928652e-06,0.216235007822006,0.0996063762613377,-1.30675987422004
RNF43,14,0.000190455942494375,0.217787114845938,0.00018603906999813,-1.60141433791061
HSD11B2,14,0.00191214018518454,0.22422494592646,5.14931531214887e-05,1.6976104242524
KRT20,14,0.000954344074428264,0.242400623538581,0.000177550772883606,1.85907876139655
MMP12,14,0.000386729799431812,0.254344714782253,0.000764051117699926,-2.03261808648203
IL11RA,14,0.000665820414967506,0.249598715890851,0.000548034643950024,1.00705684493014
CBX8,14,1.49233362577302e-05,0.225117625769092,0.0525587778362399,-1.22077363811458
DGAT2,14,0.00203588413080019,0.212576896787423,0.00010643877210776,-1.73506048052497
P2RY12,14,0.00145470317292623,0.183751846381093,5.49872410244189e-07,1.93180871789089
BMP7,14,0.00145186199258257,0.226965882138296,0.00592168567253445,-1.86089615386545
EDN3,14,0.00053169952775792,0.219593998234775,2.06580244226532e-05,2.24810689504049
LIFR,14,4.5819309682403e-06,0.25289693027038,0.000735884245524839,2.07410252447159
TNFRSF17,14,5.0536593811262e-05,0.235874099355328,0.000190136218889733,1.8631516457773
ENTPD8,14,0.000386122036902531,0.204605263157895,0.0185446483039041,1.70597330387177
MIF,14,0.00101578782407049,0.269672664209842,0.00159852109307528,-1.01331209985457
COL4A6,14,6.58890065180287e-05,0.256759545923633,0.000629399688220896,1.8011288033307
NR5A2,14,0.00101611111438621,0.239000960614793,0.000145066408189774,1.55205279565367
WNT3,14,3.3988107531914e-06,0.183318597111701,7.24853413494216e-06,-1.31628282144653
P2RX6,14,0.000386663975319129,0.201034259857789,4.87004963185096e-06,1.18377782203997
NR3C2,14,0.00240711116455299,0.249598715890851,0.000455244964911061,1.79093034946562
SCN7A,14,0.000447672852371385,0.233658903080391,5.60970116185731e-05,3.12828230248412
STX1A,14,0.000981452022707308,0.222063548732596,2.0537464834645e-05,-1.15707746102711
FCRLA,14,0.00175518003376129,0.231959724035055,0.000110893453941014,1.82744559809969
CHGB,14,0.000595839347334978,0.221984296930764,1.54852380271107e-05,2.47778769113031
VLDLR,14,0.000897779594300525,0.223139013452915,4.85833007252246e-05,1.11525893016604
IRF4,14,0.00151337838588954,0.258896982310094,0.00384610587000877,1.19311292966031
CCL4L2,14,2.02960279115831e-07,0.218322218322218,0.000177342133299792,-1.05010919265536
XDH,14,0.00153291736402336,0.232132860608322,0.000187382248950629,1.10819380996203
NOTUM,14,0.000104019605292043,0.202342225113858,2.59459747826929e-05,-5.02139812741177
PTGS1,14,0.00182642139849691,0.260196611587534,0.000711779415876044,1.05934007655575
FPR1,14,0.000137782385669507,0.243253813062182,0.000316680168571578,-1.46310030875219
FABP4,14,0.0036141668117452,0.260632725749005,0.00484036464534159,2.46862197889799
TFAP2A,14,0.00336430640868444,0.252537555826228,0.0109207646415397,-1.42470760262892
ACKR1,14,5.8135594809135e-05,0.227422303473492,0.000259457405817354,1.27815438600968
RETNLB,14,0.00135161081466303,0.255598931580029,0.000683627162992471,1.67034328153697
AOC3,14,0.00237405030621588,0.26411889596603,0.000720913084470916,1.32714311864084
MYH11,14,0.000395461993527023,0.191208115585613,3.13622172204891e-06,2.07680176602732
CLDN11,14,9.97545424018998e-05,0.205994369928796,1.60333770869049e-05,1.06457729118964
BCHE,14,0.00178221010706408,0.227797106757004,2.80570890511728e-05,3.0426256141469
SLCO1B3,14,0.000639221819329412,0.218667604148356,1.32458474162564e-05,-4.03213464958466
H2AC16,14,1.711135187311e-05,0.196431391125849,0.0201901879796249,-1.10596876704525
OXTR,14,0.000252767720518795,0.23754057666603,4.506669276626e-05,-1.23756194911682
DUOX2,14,0.00397541147982571,0.210135135135135,1.41768741741177e-05,-1.19674225531157
NKX2-2,14,0.0014135648361987,0.240805265195509,6.78123552437855e-05,2.91194203837976
BTLA,14,0.000345565077334393,0.23330832708177,0.00012011299218644,1.01161337779123
PYGM,14,0.000706600101967895,0.206233421750663,3.76498392741917e-06,1.55531279900473
NEUROG3,14,0.000159258546100864,0.236771983250857,0.000109277248813367,1.9092396096316
LPA,14,0.000988562326479971,0.221865525236312,2.77072773326758e-05,-1.0100582768523
LGI1,12,0.00453370756949784,0.188684968906416,7.15586114310013e-07,5.35618444101456
CNR1,12,0.0013915169264124,0.226883093197155,4.62487990272167e-05,2.61346965261148
AMPD1,12,0.000382101303101427,0.19322771046909,0.0012563072926804,2.95711356582794
ABCG2,12,0.00641274140663385,0.260251046025105,0.000535797673022376,3.42139191876139
DHRS11,12,0.00113689606434362,0.201034259857789,2.61010667981589e-06,1.96479209379774
MADCAM1,12,0.000548544811496598,0.216724738675958,0.00011002010533802,1.47135374809648
CD1D,12,0.000243306437385814,0.259707724425887,0.000678543195656897,1.0780799651946
ZNRF3,12,6.49670759154392e-05,0.209181099714142,2.33078975908284e-05,-1.11365753631546
HSPD1,12,0.00252257011451394,0.214630779848171,0.000242700543923449,-1.15318001798948
ACADS,12,0.00122145168622455,0.150060313630881,5.26093098667746e-09,1.53632493821602
DKC1,12,0.00163670723503687,0.156635608159154,0.000215242457187373,-1.20807820588406
EREG,12,0.000517564696917536,0.235027394672209,0.000246073153407748,-1.94661577353793
MT1F,12,8.78768985254696e-08,0.875,5.37754382982155e-16,2.02667995376536
PCSK9,12,0.0055840498325174,0.239784117193524,0.000127015871120856,-2.29319512010844
ADHFE1,12,0.000695966025765168,0.178223495702006,1.18855521917023e-06,1.84888731207541
RETSAT,12,0.000630865819245891,0.177968526466381,1.18935553105364e-06,1.18965640641436
MT1G,12,8.78768985254696e-08,0.875,5.34643572507169e-16,2.37452358910609
ENTPD5,12,0.000351436723485267,0.209533434394475,0.0188799030427085,1.59722803335315
CTSG,12,7.36360878039046e-05,0.249648805940197,0.000519751170580288,2.42539858592484
UTP14A,12,2.17273691335356e-05,0.159303367908823,0.000405942126409389,-1.01260913401084
SCD,12,0.000776200631036997,0.19322771046909,6.00304160704239e-06,-1.79887217424355
MT1X,12,8.78768985254696e-08,0.875,5.29944094936638e-16,1.62141685938565
SPIB,12,3.18664239587728e-05,0.235874099355328,0.000240028169252624,3.45512279345693
STAR,12,0.00228482609784257,0.238040566398775,5.78468790116777e-05,1.28676648082474
MTHFD1L,12,5.66335381317978e-05,0.210811726825962,0.000231560239901562,-1.46766207218294
MT1H,12,8.78768985254696e-08,0.875,5.37777684592478e-16,2.79511664522638
ABCB1,12,0.00129948686819695,0.203900999836092,5.1539414852005e-06,1.26169055156484
TPH1,12,0.000652577471016216,0.206988352745424,2.22049313438152e-06,3.08546833560316
KIF5C,12,0.000402048543042192,0.212214261344251,0.000430119216584093,2.06077356419885
NMU,12,0.000552417978423258,0.220411055988661,5.45566498258598e-05,-1.90608926624749
TSHR,12,0.00105192901865421,0.240898528272657,0.000109213509323255,1.04251187529875
SCN3A,12,1.66148975473187e-05,0.197272438947035,2.62085114678717e-06,1.22740898075071
GSN,12,0.0017701316922444,0.221470535873242,2.32039724759553e-05,1.22747567532144
FCER1A,12,0.00239989059957682,0.236636865132205,0.000167441850618742,1.42900146921277
HAPLN1,12,0.00163547094937226,0.219555241793152,4.79174413342447e-05,1.86242471204998
SCN11A,12,0.00124806734411918,0.210668924640135,9.34690617774481e-06,2.06623496172308
JCHAIN,12,5.02304250781756e-05,0.223902087832973,0.000153755608090764,1.98267063405289
ACHE,12,0.00121262682525303,0.216084766371374,5.99169811751433e-06,1.14167223906322
SOX10,12,0.00160589874097231,0.210348326006087,3.10646753631847e-06,2.33323357086661
KIF5A,12,0.000402048543042192,0.212214261344251,0.000430119216584096,1.12963169032795
PNOC,12,0.000515790428944742,0.225444001449801,5.51031744527392e-05,1.56317366309661
ATP8B1,12,0.0011021031240685,0.201490119857467,2.17312041789405e-06,1.08005592568114
MSX1,12,0.000338091029544555,0.233658903080391,0.000973425848513178,-2.24217043759357
NEFM,12,0.00010738415194093,0.189000303859009,1.94743093567103e-05,2.89026007192863
ATP1B2,12,0.000610921175302617,0.218590757336145,1.70058650377831e-05,1.79504696979066
LYVE1,12,0.000792463972339976,0.260414486079129,0.0172067221931421,2.12340557043537
PGM5,12,0.000617408796983903,0.19578218445074,9.45175173712551e-07,1.83085558207557
PARPBP,12,0.00089161332921592,0.231786845537544,0.065169468510657,-1.09246117301492
KLB,12,0.000571694616369771,0.229647406313458,0.000128380122100612,1.44585602068995
RRS1,12,0.000377503269219924,0.159303367908823,0.000397995223270424,-1.0462620953054
PDZK1,12,0.0020008591444713,0.211492689561374,1.23826302489948e-05,1.23210878169056
SLC2A1,12,0.00251596192317308,0.253670473083197,0.00368946242582477,-1.21220348504403
RSPO1,12,0.000260503245353757,0.23226288274832,7.71785085366101e-05,1.54295869351836
ESR2,12,0.00117694014575979,0.261179928616418,0.000269057998798501,1.00279944523786
TRPV4,12,0.00154871911757711,0.220802271920483,3.50170643554197e-05,-1.19896301595134
EBF1,12,9.21962420082841e-05,0.238634183771341,0.000470483679332986,1.22085320683957
CFI,12,0.00301222468995934,0.210099645330181,1.26288454172427e-05,-1.10350981868987
B3GNT6,12,0.00187649468774892,0.16980616980617,2.88055747224371e-07,1.75183154522516
PLPP4,12,0.000145580302775025,0.185036442064555,2.57860821599434e-06,-2.39429060475153
PTPRZ1,12,0.00130573657953812,0.240340030911901,0.000153679051428624,2.87911905765472
SFRP4,12,2.41292565720467e-05,0.19891269587464,1.603584455467e-05,-2.2384498688595
HLA-G,12,0.000146691671851013,0.220959147424512,3.53312575344337e-05,1.10139887085909
ST6GALNAC1,12,0.0010003950218204,0.170481019597095,2.89784356376275e-07,1.02257196957375
MYLK,12,0.00385219877769967,0.230883444691908,5.26304319763842e-05,1.3090944088342
AMBP,12,0.000813123292166601,0.230926304065342,4.14876622583689e-05,-1.8376999346066
PPP2R2C,12,0.000569915340290206,0.253412100224078,0.00215843220076361,-1.07567142947206
TCL1A,12,0.0001545794559072,0.238634183771341,0.000514310556653429,2.17946670489158
SLC2A4,12,0.000973677173749651,0.25,0.000172349430760475,1.0625266862764
CLDN9,12,9.93883886580437e-05,0.205960264900662,1.56922054789877e-05,-1.63410820785439
CNN1,12,6.1050361586609e-05,0.191178730597818,3.13411687681148e-06,1.61733487064044
ALK,12,0.00221114089908074,0.244496855345912,0.00430139132526838,1.80574961840366
MAT1A,10,0.000319707842958768,0.209145931405514,0.000346238004474784,-2.85515132224238
PDE6A,10,0.00201172177871703,0.204638920875144,4.91399595090662e-05,2.98828908416182
LPAR4,10,5.13494243784468e-05,0.228256880733945,5.19159319651029e-05,1.44309713749571
CEACAM1,10,6.15806044353468e-05,0.215262156082367,4.02365420792382e-05,1.43375634750856
DSG3,10,0.00217949354492919,0.140580856593965,1.3513005993743e-09,-4.10368560565455
MTHFD2,10,2.40435616418578e-05,0.210206150726597,0.000231022223182949,-1.00593966279446
IL13RA2,10,5.81466461375298e-05,0.249248647565618,0.000424506049811519,-1.50791229735807
GRIK4,10,3.60930181269387e-06,0.198310218396302,4.1359528319282e-06,1.13939997798795
LRP8,10,0.000628897663541937,0.2028040430388,1.11187663511665e-05,-2.15188581717636
GFRA1,10,0.0013008011422623,0.225812307133781,2.83019523315306e-05,2.03623447943923
SELENBP1,10,0.000424844792946032,0.180081065431384,1.51425794268093e-05,1.74073189314684
AHCY,10,0.000532772398511284,0.208235687981252,0.00034630217991026,-1.27296100006401
GUCA2A,10,0.00132428296943467,0.184350918790753,5.43984741835139e-07,4.01274114678007
IQGAP3,10,0.000546614059019896,0.197868617782726,0.0652190219307748,-1.55761122873351
NME1,10,0.000686604734194163,0.232827999251357,0.0181175989111424,-1.26270747666512
SLC51B,10,0,0.196617670301881,1.9197697637646e-06,2.59849535777737
MT1M,10,0,0.777777777777778,4.43641107209946e-16,3.19970213092918
IFITM1,10,0.00131461036806363,0.226883093197155,5.81667205995636e-05,-1.47990682745471
GRIK3,10,3.46738022322988e-05,0.216686988329559,7.94619766334535e-06,2.37514246955048
CLDN2,10,8.37320464628928e-06,0.205926171163715,1.59257121633072e-05,-4.51663266326605
TGFBI,10,0.000550320086030265,0.237449895018133,0.000336778213353633,-2.20430865698777
SPTBN2,10,0.00064289045483951,0.217520545549921,3.33976291648383e-05,-1.97197900184558
ADRA2A,10,0.00041632779302191,0.222859190254389,2.65449291366497e-05,1.13124394161359
ADGRL3,10,0.00194590042206518,0.179664933564414,8.96598743592761e-07,1.77229178407994
MMP10,10,1.72223183892149e-06,0.222819272792406,0.000139603222106394,-3.93062540742923
LIPG,10,0.000108026566242992,0.183345615327929,2.51518137527409e-06,-1.08979758492126
PAICS,10,0.000147147397322336,0.204101722723544,2.51143389480335e-05,-1.01758125303019
PDGFD,10,6.2900214658896e-06,0.246141669964385,0.000407760102740815,1.28626409345477
CTNND2,10,0.00347359867723241,0.222420883246916,0.000292806603851936,2.04056407341858
MS4A12,10,0.000302429193090188,0.172729797278534,2.22622326394551e-07,3.98586783125521
ALDH4A1,10,0.00226313352625994,0.197711379529561,3.32103901014085e-06,-1.39547087209017
MOGAT2,10,0.000408119734515777,0.189836716007935,2.96073173833903e-06,1.72704457826544
SLC51A,10,0,0.196617670301881,1.91976976377799e-06,2.5217884845291
ACAA2,10,0.00232829578841288,0.171633554083885,9.74929791028821e-08,1.00605259227513
HMGCS2,10,0.00376034847527887,0.205721845543245,4.34638452389913e-06,1.70106138964267
KIR2DL4,10,0.000203577956758246,0.230242457893763,7.30928519971161e-05,2.08217981773193
SSTR5,10,8.85313763675801e-06,0.229520295202952,3.71319134205126e-05,-1.99687031300643
SSTR1,10,0.000148627839204322,0.236187583064363,9.32751618883427e-05,1.16571777580285
MSX2,10,5.23472803480531e-05,0.226511289147851,0.000387560536588123,-3.31133176055854
CHAF1B,10,4.33303055133342e-06,0.223098995695839,0.0465146811463547,-1.02421774915347
MS4A2,10,0.000980605155448312,0.227755400952032,4.68544479013508e-05,1.43059194234471
IL1R2,10,8.78768985254696e-08,0.252230332522303,0.000659650241092771,1.62489245460541
F12,10,0.000271052937865666,0.211925042589438,1.45454445835028e-05,-1.19930421071182
LRRC7,10,0.00118971840255039,0.222619899785254,1.39836811524207e-05,2.4839704144343
RAD54B,10,3.30739479228515e-06,0.208900083963056,0.0276249617183471,-1.37980914971738
CA2,10,0.00199833834649065,0.218207332047009,1.88448672441321e-05,3.15166430126498
MMP11,10,2.07948288607539e-05,0.222619899785254,7.13627744704678e-05,-2.94014835608301
PTK7,10,0.000660408057842287,0.203267973856209,1.52621040160831e-05,-1.39875785114827
PLXNA1,10,0.00218198339038741,0.191384615384615,1.39947485630292e-06,-1.02270308748881
SULT2B1,10,0.0010074915884951,0.199167467178995,9.8004678582808e-07,-2.51280765336005
ORM2,10,0.000294119908233248,0.204976108090295,4.77003194098363e-06,-2.88983082637244
MEF2C,10,0.00291637119495915,0.231786845537544,6.54487437898932e-05,1.12391716740739
TPO,10,0.000392001647499386,0.211062097047845,4.02789771753626e-06,1.47290397103277
CLDN8,10,8.51966614383173e-06,0.186339125224685,2.22735046443649e-06,3.85502008414159
MFAP2,10,8.92855097586613e-05,0.204235757675259,1.85073161695212e-05,-1.85034197667059
CHAC1,10,0.000441829854593384,0.234230841649407,7.54669868775839e-05,-1.03848500558756
FXYD1,10,0.000237892239198998,0.238359839049626,6.80244806259177e-05,2.61096055638688
FBLN1,10,0.00031799771468257,0.215597920277296,2.9983532956967e-05,1.33457215971353
PTN,10,0.000445569322002723,0.221273568125222,0.000181862680326417,1.83530708396646
KCNN3,10,0.000276497471145455,0.213929492691316,1.39320433039766e-05,1.26012102063599
MT2A,10,0,0.777777777777778,4.47947083199023e-16,1.48963595896415
LGR6,10,8.64245919938945e-07,0.208549874266555,2.2839834019803e-05,-1.27005446770795
SSTR2,10,1.69573326157666e-05,0.229817106964715,3.79112246002527e-05,1.75857514572169
CD209,10,0.00197977512860446,0.248006379585327,0.000379314554528757,1.20495480311413
RPL10L,10,0.000764473621584977,0.156556758117292,0.000198117615965203,1.95378643893252
COL8A1,10,2.44149214085116e-07,0.218207332047009,9.41539723881454e-05,-1.72552187163896
SLC9A3,10,0.000508147875110565,0.184898929845422,1.27801640054143e-06,1.53260450909965
CTPS1,10,0.000138921654322932,0.203967863584194,0.00123877111538327,-1.1039097544257
SPINDOC,10,0,0.218590757336145,0.00654077257512755,-1.05778217255565
LAMA1,10,0.000233056223735566,0.25580917129344,0.000566767766630763,1.45710381629958
COL7A1,10,4.76854743310325e-06,0.217065084627465,8.08152111244559e-05,-1.40081759746415
TCF7,10,6.83859942900609e-05,0.216611527076441,0.000545204847884384,-1.02313217898266
CYP26B1,10,0.00054628417492003,0.201751540707103,4.92904325274612e-06,1.08622594322645
DIO2,10,0.00123374692956432,0.23139880952381,5.29867068124841e-05,-1.20296137403467
GPER1,10,0.000259836404766465,0.24493010435125,0.000304533852121519,1.35971768352548
KIF1A,10,0.0031777356523379,0.225036179450072,0.0189901298068986,2.43251027543186
SCG2,10,0.00064376684672562,0.20413521496554,3.52733074250158e-06,2.02210056716939
KCNMA1,10,0.000512701832560052,0.233089750796328,5.41983254381843e-05,1.50831984525413
PRELP,10,0.00109187046417896,0.214927436074637,2.83211587826e-05,1.80681324193
SPTBN4,10,0.000562833908201582,0.21563529207835,2.6284400224124e-05,1.24876625280892
CREB3L3,10,0.00124235493235121,0.248402555910543,0.000115242933217313,1.78565289382641
SI,10,0.00105157447325514,0.231183794833674,1.97774366375588e-05,1.95539413884933
SGCA,10,0.000558031794811301,0.184624517661027,3.29371532245422e-07,1.91627830929589
H2AC12,10,0,0.185533184190902,0.00269849318042257,-1.14853030892931
MYOCD,10,0.0010607591360529,0.206816292601829,8.33491299369962e-05,1.39229449363589
MFAP5,10,0.000526643653502672,0.184898929845422,3.50962794663223e-06,1.45982828832981
LMOD1,10,0,0.188085878439673,1.34855423557057e-06,1.68008384406529
CYP21A2,10,0.000305574790960761,0.207367894649108,3.20987062444361e-06,1.89911454610341
OLFM4,10,0.000359311328036701,0.232393050625817,4.95324388852156e-05,-1.44084803489656
CNTN2,10,0.00549446885513608,0.231312755671253,3.26047405600415e-05,2.11024653712346
AKAP7,10,0.000560673890933586,0.23449575871819,0.000470527801296824,1.02747492102353
GRIK5,10,3.44846227979731e-05,0.21664925113201,7.90269762705817e-06,1.34963199074749
ARG1,10,0.00126482899086518,0.254552895436873,0.000577373945198536,1.21913739370611
OTC,10,0.00056507154796198,0.210776008132836,1.31453416023253e-05,1.02917841471317
KCNMB1,10,0.000512701832560052,0.233089750796328,5.41983254381839e-05,1.12069193542616
PNLIPRP1,10,3.75537365320327e-05,0.172825784940261,2.98403309296225e-07,2.47750776849649
ACTG2,10,0,0.188085878439673,1.34855423557152e-06,1.47837331332778
MYOT,8,4.1031353684458e-05,0.194770627837796,1.33762135931149e-06,2.46199717835841
PMAIP1,8,8.31133199647406e-05,0.242400623538581,0.005201589863312,-1.52483381520517
DSG1,8,1.46461497542449e-07,0.123302606799485,3.16308621542498e-11,-2.0359537832571
PLCD1,8,0.000259591746175275,0.195843828715365,1.08919204045166e-05,1.60483363408002
AQP8,8,7.6249267188997e-05,0.178070426567421,2.22581479414504e-07,5.00247709801887
SQLE,8,0.000660046322246611,0.198405103668262,1.28016549955626e-06,-1.46930821234369
DHRS9,8,4.36577657259328e-05,0.171989492603346,9.89571499266317e-08,2.24497977724597
SLC26A2,8,0.00319153315166938,0.182779900088158,6.80882362435884e-07,2.96372862702358
CDKN2B,8,1.75070162732433e-05,0.244400785854617,0.0249272650443162,2.11995222965899
MOCS1,8,0.000138599563989257,0.212250469203208,0.00122931198334656,1.15533445912845
SLC26A3,8,0.000890632996398585,0.178402409292987,2.99667897416994e-07,3.33286910637894
PCSK5,8,0.00439981918222273,0.194892683691054,2.81122393493671e-06,2.0767515026612
CD160,8,9.36760242989781e-06,0.19322771046909,5.10853567559348e-06,1.86116147689334
CHI3L1,8,0.00159590236152888,0.24521979105066,0.000220421200021425,-3.2362857154438
RSPO2,8,0,0.207922446932977,2.11864626930407e-05,2.70500690731092
GREM2,8,0.000672870972379788,0.210383899881617,0.000145857651762193,2.71989957786609
SMPD1,8,0.000856471970245237,0.203234765561183,1.21469036733145e-05,1.08743927798605
BCL2A1,8,8.34212701302257e-05,0.218629173989455,0.000282204854024756,-1.08380311628788
PLCE1,8,0.000352832603231476,0.197366333491988,1.11049744026997e-05,1.53545402919588
FUT1,8,3.07569144839144e-06,0.833333333333333,3.47106196016465e-16,-2.14597137331179
SCIN,8,0.000230990037589555,0.203667321545514,2.16724558875188e-06,1.83434746953874
KLF4,8,0.00155155441412202,0.245947014630289,0.00373236500685481,1.83582632635425
FRZB,8,0.00027900811728585,0.222659745838554,4.6386206373773e-05,1.12498806641676
CTNNA2,8,0.002610602371997,0.185312081036794,6.42295038894733e-06,1.87802181391096
SQOR,8,0.000285867767521109,0.167700188730116,6.41140343828984e-07,1.01160048937811
AHCYL2,8,0.00023895230194945,0.200580457916801,0.000338332371495891,1.80835625349055
NKD1,8,0.000733470288907296,0.215113263012277,0.000452689564135933,-2.48873828020705
PRKAR2B,8,0.00175568043505994,0.248105305145592,0.0189233298539089,1.37189731209487
PLA2G10,8,0.000846027972895799,0.222619899785254,0.000153656942623455,1.38798944794076
HOMER1,8,0.000376166638090859,0.224629830263633,1.31225333168921e-05,-1.3756792097729
TNXB,8,0.00029715733488879,0.223179045568712,2.8795838115352e-05,2.5531110348113
CCL23,8,8.70722662083657e-06,0.208096353295417,7.08367014111698e-05,2.19459487571231
ABCC8,8,0.00102084640326076,0.24493010435125,7.12389732027242e-05,2.56320783630523
TNFRSF13B,8,1.50646111757948e-07,0.225935343261896,5.85808398162398e-05,2.52978242106808
TOP1MT,8,3.13691651406325e-07,0.193618677042802,0.0370513314811354,-1.21921068997447
SLC45A2,8,0.000661757552559851,0.209886957988865,8.52250288339258e-05,1.27138628688437
IRAK2,8,2.01054298858822e-05,0.242023346303502,0.000269918068255962,-1.22265222336156
DPP10,8,0.00109187046417896,0.15885582939599,1.60390589830669e-08,2.31154804035267
GPR143,8,0.000193766546065248,0.189952664528936,3.82846999061761e-06,-1.95805396494469
UGP2,8,0.000658929636259683,0.21070460704607,1.21512456423116e-05,1.34623003333709
FKBP10,8,0.000369753928127044,0.219129822089132,5.91421890198696e-05,-1.41673664941122
CASP7,8,0.000428713133123523,0.251363911901394,0.0244194393435971,1.00161129646826
PAPSS2,8,0.00224068099015099,0.157568081063965,1.68263775576715e-08,1.21941497299827
PKP1,8,1.46461497542449e-07,0.123302606799485,3.16308591671021e-11,-3.02812090545968
PROX1,8,0.000109450822044097,0.223902087832973,0.000403101311000992,-1.20036416754426
SSPN,8,1.18768704755071e-05,0.184597121234605,3.2921706400587e-07,1.0173677144139
TREM1,8,0.0014383967500254,0.24006175221922,0.000195235612657322,-2.50399629681606
SLC4A4,8,0.0012897377177405,0.216536118363795,1.36355193204772e-05,3.27713738672933
NEDD4L,8,0.000585021619297564,0.193167701863354,0.00420868839330639,1.19700359233697
GPT2,8,0.00036128997123904,0.227797106757004,0.000242498493561604,-1.34264455821382
CA1,8,0.00133643429515327,0.1868709628962,7.67739183376363e-07,4.57024432059085
MFAP4,8,0,0.184514980717888,3.50794634102521e-06,1.42690841710623
TST,8,0.000799843490092117,0.178915576010355,5.6616751323567e-06,1.10315227818487
FOSL1,8,0.000222760014636762,0.2092866756393,8.02819623371276e-05,-2.20474276932771
MEP1A,8,0.000116220582284278,0.220841469909462,0.000129109385161872,1.71133821173937
NTN1,8,0.000612086183960011,0.1863112176127,3.78313898503732e-06,1.48071885920178
GALNT12,8,0.00380729214965278,0.203633982648551,1.28241927538282e-05,1.06689069291306
CIDEC,8,0.000148809035294904,0.235160680529301,4.26551617793547e-05,1.92905455543359
DAO,8,0.00114545511271985,0.194953769001724,8.34460658453302e-06,4.03931587694764
HTR7,8,0.000642590027351669,0.211205432937182,3.91412121267501e-06,1.68161166169961
IL33,8,0,0.253154253154253,0.000690090606682224,-1.09003297506016
MLXIPL,8,0.00075230172936282,0.205721845543245,3.98119824459378e-06,-1.81631307356056
C7,8,0.000348359669589454,0.244593000393236,0.00148586108030395,2.43962977471033
P2RY1,8,0.00154472380759711,0.178889847569744,9.2247134128818e-06,1.53567597935554
TPSAB1,8,0.00109143107968633,0.193047796399752,1.75455400807396e-06,1.35866134880763
SCG3,8,7.92746146854022e-05,0.208689817144774,3.49947959525483e-05,2.50207358188323
CLDN18,8,4.51937789969257e-05,0.201131770412288,1.47972280855527e-05,-1.74278441571728
KLRC4,8,6.2490238951445e-07,0.189057750759878,6.74396125722324e-06,1.87832797229832
MEIS1,8,0.00128481811567145,0.18948971820259,2.57152033758057e-06,1.17897788744857
SGK1,8,0.000546154924335793,0.183507892019472,9.6944882089433e-05,1.55450617969475
SLC17A1,8,0.000839320822360575,0.208514917867918,1.20173404525738e-05,2.67338640306252
ADAMTS2,8,0.000546154924335793,0.218360540635422,5.97472996866268e-05,-1.40251416993041
S100B,8,0.00138198448786469,0.198817324596452,1.06310833470264e-06,1.17643684220313
CDH23,8,0.00169203729295107,0.157787924911213,1.4115502334004e-07,1.05291000456547
RELN,8,0.000183773639154037,0.199486850545221,1.19976530038656e-05,1.62982925973869
CASQ2,8,0.000348674123352761,0.19891269587464,2.13220292369144e-06,3.17591859908287
EDN2,8,6.84238767674852e-05,0.223299228145755,3.50705554485886e-05,1.80940130015881
KLRC3,8,8.66697781998624e-06,0.191031941031941,7.25366130535682e-06,1.3462113474938
GAP43,8,0.000813038206917968,0.232306255835668,3.87405156901916e-05,2.20325582629829
GRPR,8,0.00328804481531979,0.217787114845938,1.0653480630154e-05,-1.58931790084494
CRYAB,8,0.00163582846605162,0.192510058805323,1.04987277948952e-06,1.4438197605431
PRKAA2,8,0.00111804555251224,0.240805265195509,0.000102642851447699,1.39853313196132
DEFA6,8,1.31815347788204e-06,1,3.55523830347516e-16,-2.78777400520192
NAT2,8,0.000622084543603499,0.225812307133781,0.000121051810643135,1.10044070038792
S100A8,8,9.6974717594303e-05,0.254657113613101,0.000660993786736729,-1.45489118174332
SPHK1,8,0.000807792442190889,0.200677528633651,1.09143086431467e-05,-1.10967381491677
CLDN14,8,0,0.1863112176127,1.90341444073869e-06,-2.46413638209325
MATN3,8,0.00357451748512846,0.220684761397907,3.10491521727513e-05,-2.20380572773413
TRAT1,8,0.00113255899579353,0.194526974198593,4.33977042927488e-06,1.03200576324279
HAND2,8,0.00218110462140216,0.191002610164287,3.26056055698414e-06,1.82776866190619
CFL2,8,4.74919664525891e-05,0.197178633697892,1.18724859116926e-06,1.00054835381077
RBM20,8,0.00326374801123594,0.198880895283773,1.7663292693623e-05,1.88274147773398
DES,8,0.000272984894215309,0.188199697428139,1.01896428663976e-06,1.9156687355586
PPP1R1A,8,8.26441369787136e-05,0.23754057666603,0.000764995667547899,1.31088445754615
ADCYAP1R1,8,0.000177510512149207,0.234761275712399,2.54185473017466e-05,2.64560241515975
P2RY4,8,5.67475337706863e-06,0.172969966629588,3.40990642661909e-07,1.32793201087904
REG1B,6,0,0.8,2.62222223568169e-16,-5.95558898704846
PSPH,6,0,0.208410118947897,0.000224320683078182,-1.11436964469958
PCSK2,6,4.240629318843e-05,0.229139804752256,2.34812643595189e-05,4.1171599395405
TRPV3,6,0.000166397913817963,0.210526315789474,2.43571125344084e-05,2.33185632584709
ROBO2,6,0.000235715351802951,0.185477858953332,3.78086554168529e-06,-1.48211954787392
SNTB1,6,0,0.18152633882971,3.08968868406505e-07,-1.59136593110898
AQP7,6,0.000712147703242683,0.206953917817335,5.44329645978707e-06,1.79162297620278
AZGP1,6,0.000121874670412471,0.203534031413613,5.57016498017349e-06,-2.46908679640106
GDPD3,6,0.000578437152448884,0.202046451193763,6.10123052726559e-06,1.24716073923556
MUSK,6,0.000559791675098273,0.189923664122137,7.45742181925396e-07,2.83061310699744
MXI1,6,2.21961092782189e-05,0.24330138861725,0.0434310481827309,1.14743376049622
RIPK2,6,4.69006439781762e-05,0.241882169939724,0.000207927243960756,-1.29549426285362
E2F7,6,1.42670719700454e-06,0.215373961218837,0.0333529071697348,-1.53156371311903
PLCD3,6,0,0.195813001731465,1.08816043345241e-05,1.22144074614964
KIF19,6,0,0.192480272319356,0.0447175596981354,1.24131259826638
SORD,6,3.70997920666727e-05,0.172132281721323,6.24168425214887e-08,-1.38035201072943
PDE3A,6,1.10786234782296e-05,0.232740879326473,8.3011040386085e-05,1.5084284856523
DNER,6,1.31815347788204e-06,0.15885582939599,1.63674499966533e-08,2.11859885679082
FGFRL1,6,2.76361895175326e-07,0.221116246000711,9.65901587712245e-05,-1.3228176746021
PRRT2,6,8.65787760419e-05,0.202243537636157,9.70975318938168e-06,1.2702567529296
TUBAL3,6,0.000394730646581751,0.213525575008582,0.000446087724166365,2.0294988894891
WDR17,6,0,0.159160696008188,0.000384110771592196,1.70863519829474
IFITM3,6,0.00011705613653987,0.185339690107271,1.30485072498557e-06,-1.33485952808404
ACACB,6,0.000298451585814766,0.201327075578573,4.01073987299614e-06,1.32179066398267
EXOSC5,6,0,0.156991418475517,0.00038400718608719,-1.00444276879969
NAALADL1,6,0.000812003021491187,0.231097900798811,4.1837725749331e-05,2.05810881065769
MEP1B,6,0,0.217444502709317,0.000128685699251397,2.83146985554104
OLR1,6,0.000821305202284822,0.236771983250857,0.00013053644893025,-3.22549721034096
LGALS9C,6,0.000192843350876675,0.249348566847064,0.000537399698479736,2.2323913620177
PCK1,6,0.000621168143503498,0.229224249124747,0.000156158449580561,1.97009266633848
DIAPH3,6,0,0.211672622086098,0.0526932208631772,-1.49359792111073
UNC5C,6,0.000141834755710346,0.166265704357124,1.06123142702146e-07,1.56281359963001
XRCC2,6,0,0.209251471825063,0.0273009135991758,-1.55996960799701
SOX4,6,4.61474334348619e-05,0.240015435076211,0.00392006769407942,-1.13122831550636
PYCR1,6,0.000101780549936515,0.166399143927234,7.60495449566186e-08,-1.37236392138437
EPHA10,6,7.48366862442778e-08,0.194557397560213,1.07532719191868e-05,1.27131398752262
GIPR,6,0.000421769909675376,0.235516849678152,3.71274959194379e-05,1.08388340933403
LGALS9B,6,0.000192843350876675,0.249348566847064,0.000537399698479729,1.96988336011924
RPL22L1,6,5.63186378068773e-05,0.142595139844108,1.34288442374257e-05,-1.26457102836407
SLC30A4,6,0.00109143107968633,0.173840134153158,3.17457324799463e-07,1.21720083211836
CHAD,6,0,0.219091229306094,3.05088180318238e-05,1.93271505256816
TNFRSF12A,6,4.26393241749944e-05,0.224629830263633,6.89221779068641e-05,-2.04081916998753
LY6E,6,2.57620338039321e-05,0.167226777792714,1.33327123768455e-07,-1.44110408399275
AHNAK,6,0,0.196152633238726,2.52604251508513e-06,1.05223790580423
ASCL2,6,0.000546154924335794,0.209110774920155,1.71960949360079e-05,-2.47864802906014
SLC7A5,6,0.000156736816081217,0.214298018949182,9.25811263147889e-05,-2.05011979115902
ETHE1,6,0.00048700456478765,0.155987460815047,1.38094322785188e-07,1.21394254431171
HRK,6,4.70460732571194e-05,0.239784117193524,0.00156335753399,3.58448731342916
DHDH,6,2.94068263895676e-05,0.171067106710671,7.34779540233757e-08,-1.3807371750649
DSC3,6,0,0.123290386521308,3.09673698288476e-11,-3.04792577479981
SERPINE2,6,3.75678459808323e-05,0.233395872420263,0.00014256607548642,-1.24853028669134
HDAC9,6,0.000429627024229317,0.233133433283358,0.000595771340713986,1.18856233951385
LGALS4,6,0.000194151443529168,0.220723917672108,0.000465672415515543,1.29917661583334
AQP9,6,0.000385216115897214,0.194587830439543,4.28367442085558e-06,-2.73457805141229
TEAD4,6,0.000964698740145955,0.213232773397326,0.000292360955207952,-1.62678456686459
CA9,6,0.00109187046417896,0.202506918443757,8.08459813691854e-05,-3.31478362192459
SNAP91,6,0,0.212758679664785,1.14080863652531e-05,3.37844506701268
SLIT3,6,4.16510652864101e-06,0.159181062060141,1.67911898575694e-07,1.72664670198393
CFB,6,1.26994353125367e-05,0.176478933182012,6.10729224678681e-07,-1.3533301607001
CLCA4,6,4.13120326915525e-05,0.173961683680604,2.99550886116779e-07,4.13727299813799
SELENOP,6,0.000687538085518064,0.219749160925632,4.60216805937334e-05,1.53214298677447
KLRF1,6,4.69979165865825e-06,0.191679506933744,4.81813529964174e-06,1.32102982923197
SOX6,6,5.32448569190779e-07,0.227672035139092,6.60919709342756e-05,1.02679327454274
MS4A4E,6,0.00111035895985772,0.198753794535868,8.78881369099297e-06,1.26851143901154
ZG16,6,4.58609932685179e-05,0.173961683680604,3.14340583508874e-07,3.76355063155967
TACSTD2,6,0.000586509729987959,0.240386473429952,0.000159915450284516,-3.07895905732113
DSG4,6,0,0.123290386521308,3.09673697259775e-11,-1.91180478344614
PDPN,6,1.48268169158696e-05,0.214704867103901,0.000412663985196953,-1.53744150017378
NOVA1,6,0.00163670723503687,0.152003910068426,5.11298183603194e-09,2.25236408776112
CMA1,6,0.0007689135127398,0.222859190254389,3.32141216480286e-05,2.55477431316128
P2RY14,6,5.67475337706863e-06,0.172921879343898,2.29848727329213e-07,1.40290071652091
PSCA,6,0.00142505533514504,0.192569659442724,3.48061179980817e-06,1.45956919358325
NLGN4X,6,8.93490770840585e-05,0.193107730518473,1.0327221648906e-06,1.43191993578618
EPHA7,6,7.48366862442778e-08,0.194557397560213,1.07532719191856e-05,1.97988173801527
DUOXA2,6,4.61722444007826e-05,0.190651340996169,8.7820223947434e-07,-2.21529070069224
NOX4,6,0.000715500687719154,0.224508211514167,3.65624551191419e-05,-2.27865993135158
RXRG,6,0.000451614746748042,0.197868617782726,1.62791538483322e-06,2.63297406228779
CTSV,6,0.000180746479865395,0.246385422856011,0.00148915707292638,-1.22084822857078
REG3A,6,0,0.8,2.65353961013085e-16,-4.57031305197152
B3GALT1,6,1.75753797050939e-06,0.714285714285714,2.60781733477461e-16,2.57184379823356
FCGBP,6,3.86965429631692e-05,0.180289855072464,9.70367356015045e-07,2.30407737320695
GHR,6,6.06483849286885e-05,0.259112684857321,0.000539217630377471,1.50508880896973
REG1A,6,0,0.8,2.68545548622671e-16,-3.38430880027915
HKDC1,6,0.000180816655290762,0.191178730597818,4.60640701920115e-07,-1.04278863396655
KCNK3,6,0.00163670723503687,0.149339735894358,4.35546492286572e-08,1.90301918554109
SULT1B1,6,0.000545495847596853,0.136194438362163,3.69065241352082e-10,1.83619301707815
PDE2A,6,0.000146014941009459,0.202638866264864,4.82762071950817e-05,1.35003348894792
IFI6,6,0.00011705613653987,0.185339690107271,1.30485072498573e-06,-1.21672739059463
FPR2,6,2.73208886694317e-05,0.209851551956815,2.99695213921232e-05,-2.34047330496892
NPY1R,6,0,0.220606490512502,1.98050051036801e-05,1.82336699682938
GPIHBP1,6,0.000284138640515562,0.187518842327404,1.27622359194565e-06,1.2353378788924
MUC4,6,0,0.202638866264864,1.30982862194507e-05,1.50415603220102
ACVR1C,6,8.78768985254696e-07,1,2.57625018257012e-16,1.08544345620074
SLIT2,6,0.00189964521739589,0.22725611983924,0.000168756909016644,1.04711540098385
OGN,6,0,0.214853195164076,2.82945947554078e-05,2.54294817241919
KCNA3,6,0.00326594493369908,0.212359166951178,9.07510817751874e-05,1.13716129681808
FSCN1,6,0.000546154924335794,0.189316694567037,6.4403086726402e-07,-1.05223276991815
NRG1,6,0,0.191149354640443,1.12320476893557e-05,1.17072285878175
MUC12,6,0,0.202638866264864,1.30982862194518e-05,1.73181517335514
EEF1A2,6,0.000590980796943333,0.163684210526316,8.69996157174266e-08,1.04097666739831
PAH,6,3.27472784719306e-05,0.198531758697734,1.22579292503834e-06,-3.70603046733137
KLK3,6,0.00227629150770339,0.237813037660103,0.000158782965994138,1.66523100603926
SIGLEC1,6,3.39420904395199e-05,0.226428831452494,6.27471515899908e-05,1.23965685498264
APLN,6,0,0.224670399133105,4.60695717660616e-05,-2.62054102675261
GNG8,6,0.000128907298193458,0.206988352745424,4.67522107028164e-06,1.74281670746756
ATOH1,6,0.000625813457541213,0.214039917412251,5.14460783981317e-05,1.24492121241964
SIX4,6,0.00109143107968633,0.142546121232955,8.48148698105519e-09,-1.51564106012633
ASGR1,6,0.000692238546174336,0.195843828715365,8.52364658786978e-07,-1.84448924335059
SLC28A2,6,0.00109143107968633,0.173840134153158,3.17457324804202e-07,1.89681862138728
AQP12A,6,1.12608640295099e-05,0.176679448941912,2.17812310068171e-07,1.18532223724256
NR2E3,6,5.71289743813198e-05,0.178761316281075,2.92460316961352e-05,1.23812439138114
TP73,6,0.00109143107968633,0.238679969301612,0.00734925124189848,-1.12476034575099
SPARCL1,6,0.000233583942925356,0.197053698716933,4.16073010663907e-06,1.07864043382467
LILRA4,6,2.98294998190649e-05,0.226552540520852,4.61053247740604e-05,1.26202262560379
RFX6,6,0,0.204537980927327,7.3521806701367e-06,2.77057006702587
IL23A,6,1.09846123156837e-07,0.247562189054726,0.000408148995835617,-1.5095816611354
OMD,6,0,0.214853195164076,2.82945947554085e-05,1.70268895362584
DGKB,6,0.000539392951518813,0.202870189171559,2.06137995080344e-05,1.08718139855945
INSM1,6,0.000219443066804925,0.23217618514371,0.00363286986837449,1.67287966161749
MGP,6,0.000164130194564589,0.233002434912905,5.97564970110906e-05,1.14095397957821
EYA4,6,0.00272462323878218,0.166132478632479,3.87050217222817e-07,1.39920632566655
SAA2-SAA4,6,1.32004272324346e-06,0.211026293469042,3.80694467027345e-05,-1.85099808771918
FCRL1,6,7.9804641421e-06,0.21714086227963,3.2240223182375e-05,1.66057774999516
CPS1,6,9.50048215742465e-05,0.208549874266555,1.45597528472876e-05,-1.60787268495949
NRG2,6,0,0.191149354640443,1.12320476893526e-05,2.5415872181887
SULT1C3,6,0.000545495847596853,0.136194438362163,3.69065233447624e-10,-1.40390420030496
HOXB13,6,0.000616275876222369,0.177714285714286,6.45965997794805e-06,1.24887727178534
AKAP6,6,1.10786234782296e-05,0.232740879326473,8.3011040386088e-05,1.02808204929378
XPNPEP2,6,0,0.217444502709317,0.000128685699251399,1.05134391297048
C8G,6,2.51209330189995e-05,0.202112103980504,6.54744319055124e-05,1.00476214502354
CLCN1,6,5.66053738940543e-05,0.184624517661027,1.07618909626416e-06,-1.66708266270893
KRT6B,6,0.00326594493369908,0.163383241397426,6.16014893639501e-08,-4.05242798987004
SLC17A8,6,0.000338901727013969,0.210954722740376,1.09339399620445e-05,4.53474277073228
TUBB4A,6,0.000326914405399971,0.212904329967482,0.0188593364500178,1.84552776957693
DPP6,6,0.000546154924335793,0.15881526873484,1.60313685669381e-08,2.54712863890618
SYT5,6,0,0.18948971820259,1.28083771356953e-06,1.12195987646494
AMH,6,0.000291421630390982,0.245704127987359,0.000183781521495152,-1.01940964376
KCNB1,6,0.000546154924335793,0.183887657058389,9.35193269096687e-07,2.61130390598515
C6,6,0.000197984153498189,0.241506503591536,0.00147726943758515,2.12184933553076
F7,6,2.0954217660138e-05,0.219168428470754,4.82113687768738e-05,-2.26721781621078
CD1A,6,3.93582082748006e-05,0.222540250447227,0.000145814172832735,-1.13935210278544
UBD,4,0,0.213086673518328,7.67816675213704e-05,-2.2154619968242
C4BPB,4,0,0.173670249895295,2.82654281572455e-07,-1.27662111536057
CFAP45,4,0,1,1.76250581420936e-16,-1.1966852606247
ASB9,4,7.29215561164912e-05,0.159038609051394,1.56579916916755e-08,-1.53221616306791
ATP6V1G2,4,0,1,1.76501367569011e-16,1.45727869717897
CHP2,4,0.000381989315481795,0.215523215523216,1.34766819639144e-05,3.03217897163502
MYOC,4,1.80041078792363e-05,0.181552831290134,5.21480485498464e-07,4.19598125250208
ATP11A,4,0,0.167745415318231,4.86380007007116e-08,-1.61522078680425
THRB,4,2.53342850277255e-05,0.189807750991761,1.19560524756298e-06,1.80698992342726
ECI2,4,0,0.147253787878788,2.2494547758902e-09,1.02593627019052
TNFSF15,4,0.000546154924335793,0.202638866264864,1.28630372998536e-05,-1.2580127727495
CYP27B1,4,5.22295221362378e-05,0.171680927408225,4.07130178052092e-08,-1.41732356156764
LTK,4,0.000546154924335793,0.164376321353066,2.06339882602129e-06,1.79353594019005
DNAH2,4,0,1,1.74229130866012e-16,-1.50099257919801
C4BPA,4,0,0.173670249895295,2.82654281572695e-07,-1.24532637440727
INA,4,0,0.183562048103881,1.00238463419102e-06,1.86871339290694
PIWIL1,4,4.39384492627348e-07,1,1.74623200386081e-16,-2.54459178952189
SCUBE2,4,1.06840459302293e-05,0.215262156082367,7.18852762691741e-05,1.8415856256437
CHP1,4,0.00019830663805417,0.215411255411255,1.32164358286211e-05,1.02364711999959
CKB,4,6.83506028965364e-05,0.155267099350974,2.33181578646831e-08,1.9523019237877
OCA2,4,0,0.176203966005666,1.94952974531479e-06,-1.52429608319322
TCF21,4,0.000546154924335793,0.142513460877535,8.47723820037071e-09,1.5022406776911
ADRB1,4,4.49149747748472e-06,0.225199131064446,1.68216181987019e-05,1.60336379865807
LRRTM1,4,0.000435920223459316,0.187547112920247,3.08645480564759e-07,2.00539537899523
ULBP3,4,0,0.192390968141045,1.91889988355386e-05,-1.49250934076888
PDE5A,4,0,0.200354324367853,2.13627244831884e-05,1.17902558547139
PIERCE1,4,0,1,1.77654336571054e-16,-1.51633437641986
POP1,4,0.000546154924335793,0.135467712076663,4.71427598358253e-06,-1.02841965794337
CDHR5,4,0.000546154924335793,0.136328767123288,3.09160089136278e-09,1.75808347502249
BFSP1,4,0.000546154924335793,0.139118765376873,5.03629372623437e-10,-1.47787491701473
CEACAM6,4,0,0.194587830439543,9.08550847248753e-06,-1.08294151067337
HBD,4,0.000546154924335794,0.157508229931628,1.68151510536723e-08,1.774592216601
CRYBA2,4,0.00109143107968633,0.161537462667186,2.29944931340175e-08,3.05366109864798
TRIB3,4,1.4361279876807e-05,0.192064227265709,3.67885371854039e-06,-2.73702335109836
INHBA,4,0,0.75,1.73420527137176e-16,-3.88045817088684
SLC7A11,4,0.00028499513458271,0.248700519792083,0.000535916134904661,-1.72088805114225
TRIM29,4,6.57941775944641e-05,0.169597818677573,1.17311648364851e-07,-2.93477878652334
ATP6V1E2,4,0,1,1.74765164657259e-16,-1.05635581292689
PTPN21,4,0.000546154924335793,0.183778992465652,0.000415924971497279,1.11315739673625
GCNT3,4,0.000546154924335793,0.145208357651453,6.30904489942793e-09,1.60857750845215
PTGDR,4,0.000546154924335793,0.191384615384615,4.70806032534234e-06,2.3504207466563
GLP2R,4,4.49149747748472e-06,0.225199131064446,1.68216181987026e-05,2.62355414363737
FXYD5,4,0.000546154924335793,0.154323284952239,1.2320947822066e-08,-1.33967219827706
SLC6A8,4,0.000542714577792972,0.180342128153088,1.0495032523513e-06,1.00980550232862
CA4,4,0.000546154924335793,0.178070426567421,2.98647405026162e-07,3.41329804001545
HPGD,4,0.000546154924335794,0.183237590219473,1.12781157713112e-06,2.01858780813777
ATP2A3,4,0.000546154924335793,0.193528313627878,1.49765504131903e-06,1.23898324328655
PAG1,4,0.000450772105216284,0.197335025380711,3.67065685118858e-06,1.04419975715484
LYAR,4,2.56307620699286e-07,0.137504145020449,1.30499051346806e-05,-1.01807089811718
SLC39A10,4,0.000546154924335793,0.148148148148148,6.95300312936898e-09,-1.15160612063823
CFD,4,0.00025968961011932,0.204068241469816,1.49791096504916e-05,2.40268765544776
VIPR1,4,4.49149747748472e-06,0.225199131064446,1.68216181987004e-05,1.34724129917033
PLP1,4,0.000546154924335793,0.173864430468204,6.80383671804911e-08,4.35243488745488
AOC1,4,0,0.195413132265159,1.27226487475725e-06,1.29938661040588
ETFDH,4,0,0.147253787878788,2.24945477229269e-09,1.0947143539849
NEBL,4,0.000546154924335793,0.16043332473562,7.1413338068786e-08,-1.70183626404038
PDK4,4,0,0.22638762511374,5.3836387672715e-05,2.15072827724155
ASPA,4,0.000546154924335793,0.16514005044471,7.27379471772435e-08,2.70607697170838
SCTR,4,4.49149747748472e-06,0.225199131064446,1.68216181987023e-05,1.49066258160995
GTF2IRD1,4,3.22604780667672e-05,0.189029022944841,1.5450869583851e-06,-1.66415486604416
DACH1,4,0,0.124786839201525,1.89829767628046e-10,-1.11114661523352
FOSB,4,0.000472345321724069,0.239092831059004,0.00362960565778081,1.28860316586499
DPF3,4,0.000546154924335793,0.218437225636523,0.00385287526544293,1.70172968156174
MPP2,4,0,0.218667604148356,6.79582431096089e-06,1.51511458468084
EIF5A2,4,0,0.135393992163692,4.63110514583985e-06,-1.07212962168388
NTRK3,4,0,0.206953917817335,1.4320704040601e-05,2.35760665771567
PTCHD1,4,0.000267579254562645,0.213123179715607,3.93077501237711e-05,2.23077265401725
SLC29A1,4,0.000546154924335793,0.148148148148148,6.95300312810924e-09,-1.30596207008437
TRPM6,4,0.000546154924335793,0.145531118390267,4.67245957489767e-09,2.88707558860734
EYA2,4,0,0.124786839201525,1.89829765559948e-10,1.85049893790515
CCNO,4,0,0.211205432937182,0.0295884480957683,-2.20692235080043
ITPKA,4,1.22124200188579e-06,0.164921118918202,4.81548746633874e-07,1.40310694923657
DNAI4,4,0,1,1.75413240823555e-16,1.7775034538707
GALNT6,4,0,0.145718636523369,1.26498846023646e-08,-1.35645218832438
HCAR2,4,0.000546154924335794,0.214408824543261,1.10865749008689e-05,-2.19539240385447
CNTN4,4,0,0.186339125224685,1.90644386900506e-07,1.60446801849021
CA7,4,0.000447646898304709,0.196152633238726,1.0656624024271e-06,4.25094174233602
SLCO1C1,4,4.06335929029854e-05,0.191679506933744,1.21629206160165e-06,1.60822160718677
ALKAL2,4,0.00109143107968633,0.196617670301881,9.42098076133631e-05,1.65363372407004
C2,4,0,0.173743016759777,2.89836389732277e-07,-1.44107091704021
FCRL2,4,3.23988305346439e-05,0.225648467259206,4.30860666483913e-05,1.6970207447597
SRPX2,4,0.000546154924335793,0.213342479849083,0.000103848764363149,-1.08653981419964
TFR2,4,0,0.204638920875144,1.09833652057487e-05,-1.81810312377615
TNFRSF11B,4,2.35910291173761e-06,0.223781255621515,5.43100272752187e-05,-1.35274816973656
BACH2,4,0,0.212758679664785,0.000178712636418778,1.10947395826081
CYBRD1,4,0,0.204638920875144,1.098336520575e-05,1.09818086227682
ZBTB16,4,1.49872619243493e-05,0.193347839602114,4.94199898467428e-06,2.26366219804616
TUBB3,4,0,0.185699358113151,0.0004226279614745,-1.92050757181261
JAM2,4,0.000546154924335793,0.186255427459201,8.5135951903576e-07,1.57283606648991
OPRD1,4,3.29538369470511e-07,0.184050895102826,1.26904423119458e-06,-1.0933413436805
NPY4R,4,0,0.214816093938871,1.28582861471026e-05,1.20461944678041
CNR2,4,0,0.184981412639405,1.03512400581257e-06,1.74809888578403
NPY4R2,4,0,0.214816093938871,1.28582861471055e-05,1.20354770486673
RBFOX1,4,0.000546154924335793,0.131989389920424,1.11985548373563e-10,1.52592440190163
LRRC26,4,0,0.189086487308102,2.37298363301152e-06,1.06749092946301
GPR55,4,0,0.184981412639405,1.03512400581549e-06,1.32015880711841
PRPH,4,0,0.183562048103881,1.00238463418845e-06,2.546487003879
RAB3B,4,0.00109143107968633,0.183345615327929,1.57414187403465e-06,1.21311264632224
ROR1,4,0,0.198944506636814,1.44763112065058e-05,1.16621679079571
LGALS2,4,9.10552285216735e-05,0.197805692478931,3.38811540193199e-06,2.02018965082007
CHST5,4,1.46461497542449e-07,0.119903614457831,1.61590765938455e-11,1.99292671342399
ATP6V0D2,4,0,1,1.70662798425398e-16,1.21178046763027
CYP46A1,4,0,0.15877472878111,1.07953510846139e-08,1.43619733458891
NBEA,4,0.000134581221714274,0.230455724342349,5.27823519649616e-05,1.46345458076491
GDF7,4,0,0.185063969056828,0.00013282865184267,1.05493961503337
EPHB3,4,7.48366862442778e-08,0.194526974198593,1.05178648464896e-05,-1.07810161530401
B3GALT5,4,0,0.625,1.74718847061253e-16,2.30459311212783
S100A9,4,9.86782144964517e-06,0.229689807976366,4.90295094032155e-05,-1.72987736426527
RYR3,4,0,0.175582215949188,2.73598321530823e-07,1.30144100880929
PYCR3,4,0,0.165249734325186,7.43679393511406e-08,-1.05427932964701
SNCG,4,0.000389660081429384,0.211636611092208,1.96602256408258e-05,1.58748871064883
JAG2,4,6.69194344767157e-05,0.1596099563767,7.8496465978932e-08,-1.21920524173387
DCLK1,4,1.36063495654835e-05,0.214741929915415,1.72589998125944e-05,1.82560215058503
TPSB2,4,0,0.161852719229768,3.92697976796071e-08,1.39594637114457
CIP2A,4,0,0.243587233209321,0.0224681669651343,-1.08613099980355
FADS2,4,7.19145633427193e-05,0.1863112176127,3.49522357336748e-06,-1.38828874304394
RPS6KA6,4,0,0.196431391125849,0.0231813447606499,1.43389733489554
GALNT16,4,0,0.145718636523369,1.26498846062538e-08,1.55877418274707
CKMT2,4,0.000554272601119009,0.186590670466477,6.91930703028727e-07,-1.77872347947089
ADAMTS1,4,3.9545879090565e-05,0.217825249518473,3.26543887231805e-05,1.20708292729678
ADGRB3,4,4.39384492627348e-07,1,1.77405052656208e-16,2.41390586129144
FCER2,4,0,0.225239905848271,5.0024702981986e-05,2.26013304836792
EDAR,4,0.000132178599539208,0.212286689419795,4.11508602579105e-05,-1.434227064328
REP15,4,0.000546154924335793,0.154996262148019,3.44771164783152e-08,1.55396515459952
TYRO3,4,0.00109143107968633,0.198880895283773,8.30781217180902e-06,-1.08247792186497
SLC8A3,4,0.000136666435860272,0.231097900798811,5.2654889364093e-05,1.53505161505563
ATP8A1,4,0,0.167745415318231,4.86380006994395e-08,1.00103279030399
P4HA3,4,0,0.216800278842802,3.3159998028144e-05,-1.75238761180084
CLEC10A,4,0.00093413775522684,0.192480272319356,3.66748618559649e-06,1.40051771258676
TRPV6,4,0.00109143107968633,0.170247707677569,2.13333212981797e-07,1.08575502073392
MTBP,4,0,0.178453593458614,0.00448142763651836,-1.06098083981091
CD96,4,0,0.191472987532707,7.68108676156343e-06,1.07547723178167
CNTN1,4,2.11757094352149e-05,0.201718826009405,4.7610830599741e-06,2.41355514958626
CHRM5,4,0,0.204470742932281,4.38266252713817e-06,1.6279749496406
TPSD1,4,0,0.161852719229768,3.92697976811455e-08,1.35376152367156
SLC13A2,4,0.000178344075062564,0.159897172236504,2.1465882170644e-08,1.76092322092023
F13A1,4,0,0.210170636931914,1.29091238313897e-05,1.27583349944861
NDST3,4,1.46461497542449e-07,0.119903614457831,1.61590708944164e-11,1.44174533394709
EPHB1,4,7.48366862442778e-08,0.194526974198593,1.05178648464889e-05,-2.02412324287083
FCRL3,4,7.17497237868814e-06,0.195689790781815,9.65827400865067e-06,1.29953156368195
CNGA1,4,0,0.169922141783909,1.71600019639676e-06,1.22527072917324
VENTX,4,8.90809043384644e-05,0.250604351329573,0.000653970180283045,-1.11772056534753
TRIM9,4,0.000116429736548599,0.185643933741233,5.80150513002304e-07,1.72572769542707
PIPOX,4,0,0.194314276788504,8.32695819223228e-06,-1.29069308676527
INHBB,4,0,0.75,1.74823148383859e-16,-1.22595283341898
GP9,4,2.04240061630101e-05,0.23054114158636,5.05839149881576e-05,2.38898563921471
NPFFR1,4,3.25764320445949e-05,0.195045468798997,2.86610209593536e-06,-1.714380005585
FCN3,4,0.000546154924335793,0.173694498743368,2.76599066287801e-07,-1.64248854982121
FANCB,4,6.17732598122489e-07,0.206233421750663,0.0109481691643392,-1.15861171068144
LMX1A,4,1.06860690612844e-05,0.204302841189029,2.27944424062152e-05,4.57104095964893
GP2,4,0.00011184597737841,0.228424531766434,3.48711135258884e-05,2.52247510534281
TIMD4,4,0.000546154924335794,0.165955176093917,1.81959079747561e-07,1.52675852759081
CLCA2,4,0,0.172849798527164,2.9478171677269e-07,2.46050593357308
CCNP,4,0,0.212467976088813,0.0417914443283419,-2.88019579264768
S100A2,4,0.000546154924335793,0.165910909575887,2.32843751686247e-08,-2.89946470110932
EFHC2,4,0,1,1.72060163745771e-16,1.61226000332422
SV2B,4,3.05995804773062e-06,0.207057256990679,1.42456702979594e-05,1.22792383281301
FCRL4,4,2.93722994861391e-06,0.194223263075722,1.00854105582291e-05,2.87025942394208
CNGA3,4,0.000546154924335793,0.169945355191257,1.07627154048703e-06,2.22786470372008
GALNT17,4,0,0.145718636523369,1.26498846080287e-08,1.12570682774933
KLKB1,4,0,0.210170636931914,1.29091238313878e-05,1.11918843376332
GLRA2,4,0.00217934708343165,0.17907010220239,2.33334406582844e-07,1.11345713321477
FXYD6,4,0.00109143107968633,0.182404692082111,5.62544716523489e-07,1.19559022693329
PLIN4,4,0,0.206644518272425,6.3674481995902e-06,2.03473700421471
MSLN,4,0.000546154924335793,0.161537462667186,7.62329368781016e-08,-1.36982459181851
PCSK1N,4,0,0.181738495252009,4.16216867962741e-07,1.94723184746652
ULBP2,4,0,0.192390968141045,1.91889988355371e-05,-2.69598895513523
PACSIN3,4,0.000546154924335793,0.180945454545455,7.66949549327056e-07,-1.03523577059281
MYH4,4,0,0.160599018848438,9.82530705421595e-08,1.53136154983456
ADGRV1,4,0.000253191454165376,0.159835538995246,1.87554938100327e-08,1.50073295793419
ARHGEF25,4,0.000546154924335793,0.200548121876511,3.69832036676466e-06,1.12155091892214
TBX20,4,0.000546154924335793,0.16043332473562,7.14133380699689e-08,-2.97756733333243
GABRD,4,0.000546154924335793,0.129975969073242,9.53941320923583e-10,-1.76694052553968
SLC18A1,4,7.05525509577017e-05,0.18437824218171,5.02441840722525e-07,1.23705060264275
ADD2,4,0,0.208759859036751,2.41438816094518e-05,1.14891139756241
SYNM,4,0.000185197597018541,0.191119987709326,6.40038194141508e-07,1.62636888381942
COL22A1,4,0.000546154924335793,0.184159881569208,2.33255489332154e-06,-1.03760128284274
JPH2,4,0.000546154924335793,0.171894431394224,2.270296431446e-07,1.32323064037706
DNAH5,4,0,1,1.76547672855855e-16,-1.09337540007249
FOXC2,4,0,0.226511289147851,0.000824981811966539,-1.03093326584652
HMGCLL1,4,0,0.17102007148749,9.7283896809695e-08,2.41309501890889
TNNT1,4,0,0.197397651539194,1.72524642560153e-05,-1.50500990779749
MYO3A,4,0.000546154924335793,0.181393992417614,5.08217252434213e-07,1.37109115170082
FOXD3,4,0.000348457084804957,0.214779005524862,2.39983331285652e-05,1.32687552517261
KCNA5,4,0.00217934708343165,0.175384181587481,1.98764615383719e-06,1.37550911512541
TP63,4,0.000546154924335793,0.192778552611189,0.000160964519168508,1.0391810473342
LY6G6D,2,0,1,8.90554347414224e-17,-4.35949822936479
RORB,2,0,1,8.70135808287136e-17,2.66384453805265
SLC22A4,2,0,0.202572870867937,1.28568727510836e-05,1.03270294208704
ABO,2,0,0.5,8.95217137930755e-17,1.02687470888936
CADPS,2,0,1,8.79112730676883e-17,-1.77651291377744
CMBL,2,0,0.151282986744497,2.60194578674806e-08,1.39916573021972
SYT9,2,0,0.182137628111274,3.46092631430377e-07,1.5295150811528
CELSR1,2,0,0.16895287247046,3.34112933832155e-07,-1.36940673516987
ARX,2,0,1,8.51758682123566e-17,1.95326557378674
PAQR5,2,0,0.189663058393048,0.0171615386018974,1.30712254317187
SLC38A5,2,0,0.174034695019586,2.04619378982963e-07,-1.47370822348408
PDE4C,2,0,0.19987146529563,2.03058777207379e-05,1.71317676252917
SLC23A1,2,0,1,8.57831196138385e-17,1.39050041310194
PHLDA1,2,0,0.203867584398558,0.0174902023314038,-1.76124298620517
GFRA3,2,0,0.184241706161137,6.19576980711652e-07,2.52758906473439
RILP,2,0,1,8.80522145775942e-17,1.27964605555843
NBPF1,2,0,0.171657237477577,1.34080436999458e-07,1.21893888601441
PNPLA7,2,0,1,8.94203597197208e-17,1.34954080287323
DISP2,2,0,0.210740301541589,3.92851421115874e-05,1.91661677221652
TESC,2,0,0.213966288269694,1.31884579161547e-05,-2.7689440110111
PLS3,2,0,0.159201433324802,1.40989108393746e-08,-1.09133529450133
AJUBA,2,0,0.203867584398558,0.0174902023314038,-2.22968363524932
KCNA6,2,0,0.175186593437544,1.98669266978009e-06,1.24971109027629
USP44,2,0,0.193950732772061,0.0198997750409357,1.18378982516948
SSC4D,2,0,1,8.80731895472015e-17,-1.3499239007264
BMAL2,2,0,0.212649572649573,3.53022449454915e-05,-1.6818914595807
NDRG2,2,0,0.205314408318204,0.000657957259745341,1.05852382079636
PADI2,2,0,0.218360540635422,0.0038510287935266,2.44697935877445
PPARGC1B,2,0,0.170644718792867,8.71550754183799e-08,1.07024367727862
SULT1A2,2,0,1,8.59704610282829e-17,2.64435428830396
GPAT3,2,0,0.175334742776603,2.33012239841805e-06,1.70972981101455
SLC22A5,2,0,0.202572870867937,1.28568727510834e-05,1.27763376595168
ADGRB1,2,0,0.142350383339055,3.98338808250074e-09,1.25366170487603
RSPH14,2,0,1,8.71101998341665e-17,-1.36509704622111
CDH3,2,0,1,8.92156751728315e-17,-4.17665723921597
SEMA6A,2,0,0.160661242412502,3.06368408097636e-08,1.62987914518548
APCDD1,2,0,0.200483481063658,1.44682095296658e-05,-1.23298130883657
DPF1,2,0,0.179302392620352,8.43458711167871e-05,-1.50914651753082
TMIGD2,2,0,1,8.81663346523449e-17,1.65933579886838
SGK2,2,0,0.155073547743705,2.12228529789133e-06,1.2994638356907
DEFB1,2,0,0.571428571428571,8.91380194218908e-17,1.4326409135231
RAB36,2,0,1,8.42970246407457e-17,-1.35478241620604
GDF15,2,0,0.204605263157895,1.07429210069195e-05,-1.68644468700234
GCNT2,2,0,0.5,9.0145869036988e-17,2.56814852514294
RIOK3,2,0,0.153960396039604,0.000188446233032008,1.07291278508018
OTOP2,2,0,1,8.67855552176257e-17,6.62064603139534
AMN,2,0,1,8.67168978480581e-17,1.27021500770224
SLCO4A1,2,0,0.168746608790016,5.63245993559334e-08,-2.20446320634428
TDO2,2,0,0.171515235075141,4.86103014313988e-08,-1.4813297573005
EDIL3,2,0,0.180055000723694,1.04899277886663e-06,1.54446721947975
CSE1L,2,0,0.19904,0.00596220166889278,-1.1954156751196
MYPN,2,0,0.138268311659442,1.56335726307317e-09,2.03616788048663
ABCA9,2,0,1,8.69134244696166e-17,2.09549376445056
CHRNA1,2,0,0.15963043757218,1.63255413040244e-08,1.66634841549599
STMN2,2,0,0.188541982418915,8.48094557595221e-07,2.21566794851138
MACC1,2,0,0.218398876404494,5.28030682484075e-05,-1.59489080379366
LCN10,2,0,1,8.93685272783817e-17,2.31635748947241
KCNH1,2,0,0.155344655344655,2.04729418507061e-08,1.05195012838506
CDHR2,2,0,0.119984567901235,6.76803893133886e-11,1.44257895866322
SETBP1,2,0,0.168769502102835,1.42352050266396e-06,1.44748282077607
GJB4,2,0,1,8.68598284378497e-17,-2.61131121701389
CDH19,2,0,1,8.72941200247554e-17,3.05856442578092
CRIPTO,2,0,0.6,8.88675459504577e-17,-2.08856065678228
CTHRC1,2,0,0.21664925113201,3.00662354370641e-05,-2.56550908050992
GFRA2,2,0,0.220489188231124,2.76599557507104e-05,2.05982159605884
BMP5,2,0,0.173840134153158,3.19306747549663e-06,2.19519462340164
GJB3,2,0,1,8.80819175725814e-17,-1.21242343797858
PCDH17,2,0,0.214039917412251,2.25819491737254e-05,-1.12721339740468
CPB1,2,0,0.152115431645879,5.720118593e-09,4.37551840292922
CMSS1,2,0,0.153960396039604,0.000188446233032005,-1.24102325467903
C15orf48,2,0,0.172299168975069,2.88224047758487e-07,1.43423421219238
PACC1,2,0,0.163791968400263,1.86596853054876e-08,-1.14373067237368
FOXP2,2,0,0.222979028499731,6.26467354152004e-05,1.64809913293754
ACSF2,2,0,0.189981673793525,1.03006390165987e-05,1.15244896833522
BMX,2,0,1,8.89511028201046e-17,1.50089816875207
HILPDA,2,0,0.166867873910127,4.78310263928089e-07,-1.85173240259819
CLEC3B,2,0,0.18018539976825,1.00749141168929e-06,2.73936386071943
RDH5,2,0,0.16740680931234,5.71395923171947e-08,1.45489955061428
SEMA6D,2,0,0.160661242412502,3.0636840812393e-08,1.85259112860984
ENPP6,2,0,0.168108108108108,1.33566121029484e-07,2.72046468997791
TMPRSS3,2,0,0.136298893393229,3.0901191718707e-09,-1.70336595449842
BEST4,2,0,1,8.64440795374065e-17,4.62144080164954
MXD1,2,0,0.237449895018133,0.0036278481516115,1.0356822600359
OSBPL1A,2,0,1,8.69477133064217e-17,1.05156165728001
PDE1C,2,0,0.19987146529563,2.03058777207399e-05,1.00206688246185
TGIF2,2,0,0.191916075285406,7.37263727002268e-06,-1.2798767623776
FAP,2,0,0.224023050603278,1.61955476931352e-05,-2.57698000136123
HOXD4,2,0,1,8.79980451368826e-17,1.30695406452153
BHLHE40,2,0,1,8.66518436428668e-17,-1.13017402898867
HSPH1,2,0,0.176729649097883,5.31312004352363e-06,-1.27822199916307
DUSP4,2,0,0.155267099350974,9.10529192447619e-06,-1.67570002004406
SLCO2A1,2,0,0.154880478087649,2.46896781474755e-08,1.18662171191478
DDIAS,2,0,0.179354094579008,0.00657868225423529,-1.48653656079377
SCGN,2,0,0.18211096471966,4.85145693901447e-07,3.53185381122443
PDE9A,2,0,0.19987146529563,2.03058777207375e-05,2.01234894899557
CITED2,2,0,0.201653428432485,0.000239073767898267,1.21247451230606
SMPD3,2,0,0.168929929386203,2.65915998164041e-07,1.08208073518413
ASIC1,2,0,0.169620943550586,1.11141915328645e-07,-1.44615061684492
HOXD3,2,0,1,8.79485541964987e-17,1.13499727335873
PUS7,2,0,0.135438214480131,4.71201668943299e-06,-1.23063963133894
CA12,2,0,0.168426753317086,1.76985348743317e-06,1.67611573057147
KLF9,2,0,0.215299411561094,0.000254218136090286,1.34240524887613
ACVRL1,2,0,0.205450041288192,1.32443248996379e-05,1.03646125296163
KLK11,2,0,1,8.72345202849673e-17,-1.83327719143779
TLX2,2,0,0.193468118195956,1.49693729726727e-06,1.54744250906741
GUCA2B,2,0,0.155675134526342,1.19087341435602e-08,4.81193959372458
NUDCD1,2,0,1,8.62786555143288e-17,-1.11508276345169
PHLDA2,2,0,0.172969966629588,3.76451223455846e-07,-1.05117316778079
CES3,2,0,0.192510058805323,4.39373761068596e-06,1.67585369405123
KLK10,2,0,1,8.64314626342484e-17,-3.27240984843919
SEMA3E,2,0,0.160661242412502,3.06368408092912e-08,2.90639605986578
UNC5CL,2,0,0.152320313456594,1.96280432573018e-08,-1.438669239538
MT-ND6,2,0,0.206507304116866,1.55820395780221e-05,1.10956191523516
NKD2,2,0,0.177056646740677,9.91013022800559e-06,-2.34832355745143
HIF3A,2,0,0.168426753317086,1.76985348743211e-06,1.66060750360393
PRR19,2,0,1,8.80562709813496e-17,-1.04413095079488
PDE7B,2,0,0.19987146529563,2.03058777207398e-05,1.46156986609661
ADAMTS12,2,0,0.198373465157072,2.96359362932757e-06,-2.2863960261053
TNFSF9,2,0,0.225158371040724,4.15126795360711e-05,-1.72333014330594
RPP40,2,0,0.11931709188567,1.03203370847407e-07,-1.11217637819142
PLPP1,2,0,0.168769502102835,1.42352050266172e-06,1.06496464431748
WDR62,2,0,0.190388735843281,0.0185184505322378,-1.11259000449898
CORO2B,2,0,0.194192944114892,5.37696087350506e-06,1.6497511461399
SH2D1B,2,0,1,8.64509030857877e-17,1.31819784752505
B4GALNT2,2,0,0.454545454545455,8.58974903428493e-17,3.69649856438194
CST1,2,0,1,8.64009720681711e-17,-5.47081657173519
BTNL8,2,0,0.188427749166919,4.10211022443517e-06,2.09617774317195
CCL14,2,0,0.190184987005045,9.89139880476402e-06,1.8223556439358
PRIMA1,2,0,0.185560859188544,6.14216514753996e-07,3.1760259346684
SHD,2,0,1,8.63434845842597e-17,1.07591470171363
HHIP,2,0,0.210740301541589,3.92851421115879e-05,1.26081565900491
HCAR3,2,0,0.176579134137686,2.42703631343855e-07,-2.39735057403482
CRABP1,2,0,0.167903900661358,1.0790498487399e-07,1.59846417662332
BTNL3,2,0,0.188427749166919,4.10211022443515e-06,1.89819633123901
FADS1,2,0,0.161958078375212,1.31416601660168e-07,-1.2542685288948
HOXB8,2,0,0.159323770491803,5.62948728768011e-08,-1.58078988876805
TDP2,2,0,0.192539854511686,0.0200091805595502,1.3182138250702
JPH1,2,0,0.171846940185108,2.26920840193353e-07,-1.08232681840596
ABCA6,2,0,1,8.72790678760963e-17,1.77252436853715
SPNS2,2,0,0.167159365761892,2.38932435397149e-07,-1.19026624153187
PRSS12,2,0,0.151172681978369,6.53789030797119e-09,1.09855235271706
RBM24,2,0,0.116610423697038,2.45163607115741e-12,1.95433483499251
HHLA2,2,0,1,8.74253309526196e-17,1.99585114705586
SYNPO,2,0,1,8.85347473001531e-17,1.1768555576774
JPH4,2,0,0.171846940185108,2.26920840193292e-07,1.50287333495798
TMIGD1,2,0,0.155675134526342,1.19087341466976e-08,4.70695522988847
GCNT4,2,0,0.126809378185525,1.38115609216754e-10,1.81539280895539
CEACAM16,2,0,1,8.62036652894143e-17,1.41362745022291
ANO5,2,0,0.1558701917053,7.21049273706434e-09,2.19193246467412
NKX2-3,2,0,0.178146928254332,2.40852376110501e-06,1.69689383155688
DPT,2,0,0.176930735315033,6.19997441984565e-07,2.73800863986488
SECTM1,2,0,0.200483481063658,1.44682095296669e-05,2.06654604279317
RIMKLA,2,0,0.141750227894257,1.59235516839109e-09,1.29806919677822
ARID3A,2,0,1,8.80558749186348e-17,-1.42783335616254
KRT17,2,0,0.14045387828836,1.34855951454662e-09,-3.5868047387093
MYO1A,2,0,0.153561288729786,1.11257240988923e-08,1.26808332880374
PLEKHG4,2,0,0.178684286124677,7.31129852740466e-07,-1.21295922804271
C1QL1,2,0,0.666666666666667,8.92835896418446e-17,1.25790350497746
NMUR1,2,0,0.180630172789313,1.19433613549611e-06,1.06858541603166
MYEOV,2,0,0.225648467259206,0.00362805193604688,-2.05654084861797
TNFRSF6B,2,0,0.168518016797616,2.81593358684611e-07,-1.99345773444904
LEAP2,2,0,0.204605263157895,1.07429210069177e-05,1.08064659886695
GABRB3,2,0,0.115036064361014,2.08834512935843e-11,1.63079378326665
FSBP,2,0,0.204976108090295,0.00418823361249006,-1.0776806981259
GRIP2,2,0,0.196276427895235,1.89421684305626e-06,-1.61978032606918
STRA6,2,0,0.183887657058389,1.01554967858814e-06,-3.29173424215764
SLC16A9,2,0,0.172562075183798,2.63079642983752e-07,1.68688109980562
RGS16,2,0,0.179147465437788,8.92986458612043e-07,-1.51360057754541
IGF2BP3,2,0,0.193077758808009,0.0189516156116468,-2.24853403876292
SLC22A3,2,0,0.180028943560058,4.18533346665987e-07,-2.0016113552584
ITIH5,2,0,0.176930735315033,6.19997441985834e-07,1.30705120180111
GOLT1A,2,0,1,8.80011468001163e-17,-1.19163147998502
NMB,2,0,0.178864126527678,2.33222474795989e-07,-1.15185878868625
ADAM33,2,0,0.137094996693851,3.51121856721783e-10,1.88399176915818
SLC41A2,2,0,0.127055459095087,1.02288024622274e-10,1.01988731323262
STAP1,2,0,1,8.76333524151454e-17,1.7759142261821
SLC9A2,2,0,0.151411879259981,6.5602305872474e-09,1.6422161663568
SOSTDC1,2,0,0.185008923259964,0.000129635584367172,1.298007623202
RASL10B,2,0,1,8.63803437406024e-17,-1.99888283576752
G0S2,2,0,0.239276783996923,0.00144330811359788,-1.18616011052288
PTH1R,2,0,0.200483481063658,3.69654796444963e-06,2.04403026928134
LY9,2,0,1,8.61740019635369e-17,1.26408834953039
SYNGR1,2,0,0.209075630252101,1.057684803992e-05,1.48730926209215
BCAS1,2,0,0.148130507263634,1.48947351684583e-09,1.74217297086605
TLL1,2,0,0.138268311659442,1.56335726376963e-09,1.15551078201919
RBMS3,2,0,0.237449895018133,0.0036278481516115,1.03905210978642
GRM8,2,0,0.666666666666667,8.84326362704536e-17,-1.47520739860951
IQGAP2,2,0,0.165205843293493,0.00142775325935669,1.09137979066134
DUOXA1,2,0,0.173670249895295,3.10355441027873e-07,-1.79773109633671
SPON1,2,0,0.168632235326013,2.43408355924449e-07,1.31863169554681
VGF,2,0,0.169551587842442,7.72191581620873e-08,-1.68162412616728
RNASE1,2,0,0.1863112176127,6.91587923367658e-07,1.02827097388635
SLC27A5,2,0,0.167722798975327,4.92812405330429e-08,-1.13860945415605
SP6,2,0,0.163126147390506,6.15423847561515e-08,-1.38601007672433
TCN1,2,0,0.208829947960383,2.2436381848365e-05,-4.45217740237059
CCN4,2,0,0.203567337587956,1.53277310723041e-05,-1.96517331878971
F2RL2,2,0,0.209604043807919,1.25906997688484e-05,-1.18215885792005
PCDH19,2,0,1,8.65142107816817e-17,1.10236708535416
ADAM28,2,0,0.158754466564574,1.56653746379109e-08,1.19862357786309
FADS6,2,0,1,8.82108532187659e-17,2.35203171425637
MYH15,2,0,0.158390628978864,2.95959417146791e-08,1.45443805804331
COL21A1,2,0,0.15553888472118,5.10635204025205e-08,1.19846050960094
NXPE4,2,0,1,8.79144593903042e-17,2.11775356510453
TRIM36,2,0,0.162869861220215,9.50048191027872e-08,1.16672908631923
KCNK10,2,0,0.12994881437376,9.53484059435633e-10,1.27020623834434
PACSIN1,2,0,0.153239714215324,1.67898059785657e-08,1.08966711725575
FMO5,2,0,0.190126853125478,7.34591032694605e-07,1.25059458528112
MTFR2,2,0,0.185838063937855,0.00585173301069276,-1.0510359021867
RETREG1,2,0,0.181977764774722,6.41002533677503e-06,1.0071228894883
PCOLCE2,2,0,0.21664925113201,3.00662354370619e-05,2.80067689765843
SLC11A1,2,0,0.204605263157895,1.07429210069168e-05,-1.75655655915273
KCNIP4,2,0,0.137064786249449,3.50953502733473e-10,1.0506895831146
FXYD3,2,0,0.133705932932072,2.69726199519849e-10,1.22331234269917
TCN2,2,0,1,8.68239904263409e-17,1.04306004625078
SLC30A2,2,0,0.129045643153527,1.52212929589311e-10,-1.81476404260896
IGFBP6,2,0,0.235784685367703,0.000158584829381909,1.42778406315748
SLC13A3,2,0,0.154553360665921,1.49056515842212e-08,-1.64747954362407
FSIP1,2,0,0.16740680931234,5.71395923197418e-08,1.09599276171187
CILP,2,0,0.18018539976825,2.74626455788867e-06,1.98803185743777
HES5,2,0,0.176328844790928,1.12624053450978e-06,1.2754628713823
HSPB6,2,0,0.176729649097883,5.31312004352586e-06,2.2002103284167
TENM1,2,0,0.152320313456594,1.96280432575896e-08,1.61956482915413
NXPE1,2,0,1,8.88970022662667e-17,1.97837471483724
TNNI3K,2,0,0.196245464584319,1.68055512621164e-05,1.47509807898648
HRC,2,0,0.162169208708121,3.27861689533187e-08,1.06250486760191
KCTD9,2,0,0.192539854511686,0.0200091805595502,1.10898049828857
SLC22A17,2,0,0.208829947960383,2.24363818483656e-05,1.04403045690025
DDN,2,0,1,8.64532671584856e-17,-2.60887509991242
NPTX2,2,0,0.197147385103011,2.08094600553248e-06,-1.23212523662734
ELAVL4,2,0,0.131961387503978,1.11931787897188e-10,1.70944268798582
FABP2,2,0,0.201817001946788,4.30902034045929e-06,1.96760939206454
MMRN1,2,0,0.214076750989503,2.61763803747117e-05,1.55253412053943
UCN3,2,0,1,8.89556831724842e-17,2.11279423596781
SEMA3D,2,0,0.160661242412502,3.06368408100384e-08,1.80082371301125
RGMA,2,0,0.205450041288192,1.32443248996373e-05,1.55439500149661
SLC12A2,2,0,0.229859571322986,5.24045236487452e-05,-1.02356597111297
CASP5,2,0,0.239230769230769,0.000188115612625928,1.02762306447864
SLC15A1,2,0,0.184187148356529,3.49572684119935e-07,1.49004292740941
MS4A8,2,0,0.165822447347374,1.92401802834366e-07,1.14146628666125
SULT1C2,2,0,1,8.63703210882064e-17,-1.19133239724111
OTOGL,2,0,1,8.55912946960035e-17,1.6688159805997
HLF,2,0,0.175855244557535,2.27342280542711e-06,1.3372881050902
LOXL2,2,0,0.223861795933057,0.000631628927767128,-1.23919111197622
CLEC5A,2,0,0.193618677042802,4.27403346550048e-06,-2.62986017351634
ALKAL1,2,0,0.141187152423107,4.51712447931204e-08,-2.69772346782183
RGS13,2,0,0.200483481063658,3.69654796445209e-06,2.40742805734657
FDCSP,2,0,1,8.52814820318316e-17,2.21514292417305
KIRREL3,2,0,0.17459649122807,2.71076446397514e-07,1.41312036207579
ITLN1,2,0,0.203600654664484,1.49657397681976e-05,1.89538011398467
PRAC1,2,0,0.150915928666748,1.41412740029125e-07,1.46337144686535
PNPLA1,2,0,1,8.72847145039536e-17,-1.14918135120404
DHRS2,2,0,1,8.69091280440827e-17,-2.14538513484966
DDIT4,2,0,0.161642411642412,3.52378202072583e-06,-1.04190824466143
CLEC4E,2,0,0.239230769230769,0.000188115612625929,-1.1688936232937
RAB3C,2,0,0.134210810227641,7.54761716863368e-10,1.42626890312965
PTGDR2,2,0,0.160661242412502,1.03067299713276e-07,1.32018894575798
CNKSR2,2,0,0.18211096471966,3.06126123287762e-07,1.9655595869022
LGSN,2,0,1,8.68061879715706e-17,1.40116071321967
SPON2,2,0,0.190330477356181,0.0188953030949326,-1.08746163506642
GRK1,2,0,0.216951517265434,5.16417101540084e-05,-1.52058197732821
ERFE,2,0,0.204605263157895,1.07429210069191e-05,-1.6964194957848
SLC28A3,2,0,0.129045643153527,1.52212928126088e-10,-1.05642226059565
ODAM,2,0,1,8.68836555878056e-17,-1.99319794601152
TMEM145,2,0,1,8.94090964048488e-17,-1.000824109003
MYBPC2,2,0,0.158390628978864,2.95959417152021e-08,1.83034730829171
SSTR3,2,0,0.211816788694024,6.94671895657762e-06,1.61029970836945
HBG1,2,0,0.13609014331036,3.68111810275334e-10,1.26351650555189
GLDN,2,0,0.177410154021677,5.75409397206006e-07,1.72371486206993
CITED1,2,0,0.201653428432485,0.000239073767898262,-1.44853538195695
S100A3,2,0,0.142317812607253,5.09733925741734e-10,-1.22970404473719
LCN6,2,0,1,8.69016035606799e-17,2.64793833822086
CST2,2,0,1,8.81428004354168e-17,-4.58858771748173
SLC38A4,2,0,0.174034695019586,2.04619378982203e-07,1.13337691928203
CCBE1,2,0,0.179250720461095,1.30796812563702e-06,1.90454484209735
SYNPO2,2,0,0.189230301186492,6.17731364882276e-07,1.74967575753669
HPN,2,0,0.211925042589438,9.066407686386e-05,-1.40844680302236
FOLR1,2,0,0.139087656529517,1.66886632566605e-09,-1.67532535472174
FREM2,2,0,0.192510058805323,5.31371422199056e-06,-1.01725700335727
ARID3C,2,0,1,8.84624926970263e-17,-1.05378040406986
PLA2G4E,2,0,1,8.89686238970014e-17,-1.63263612215396
MAB21L2,2,0,0.159323770491803,5.62948728771608e-08,1.01907573600274
GPR17,2,0,0.155247722451017,1.20376250333517e-08,1.21749530487705
LY6G6C,2,0,1,8.8069611188716e-17,-2.09842584394835
PAPPA2,2,0,0.235784685367703,0.000158584829381909,1.8269362070302
HOGA1,2,0,0.163168940188877,1.82677367761266e-07,-2.85127557605093
UCHL1,2,0,0.187745246000604,9.15897655923751e-07,1.18187537573814
CITED4,2,0,0.201653428432485,0.000239073767898265,-1.03584601945033
BFSP2,2,0,0.122140402552774,1.10253715831422e-11,2.10123873729929
TLX1,2,0,0.124749298034497,1.85580978678769e-10,-2.84387024914992
BVES,2,0,0.167069567553049,8.09624064724377e-08,1.03458844359411
SPEG,2,0,0.146698113207547,4.97005795024371e-09,1.43834375046207
GPM6A,2,0,0.209075630252101,1.05768480399211e-05,2.55320299541104
ACSM5,2,0,0.130494073219343,1.15170638642811e-10,1.60258424567038
AGR3,2,0,1,8.9261901192147e-17,1.30981574901521
CRHBP,2,0,1,8.68587289397436e-17,1.29309221422691
TENM2,2,0,0.152320313456594,1.96280432579613e-08,1.10412877883403
NPC1L1,2,0,0.193438034520292,2.78058944490799e-06,-2.24511443917731
CTNNA3,2,0,0.156359979889392,1.4060910584557e-07,1.92464722766201
GLYATL1,2,0,0.145276188251781,2.35613807139578e-08,-1.90643727151726
KCNIP3,2,0,0.137094996693851,3.51121856515111e-10,1.16239295751738
NXPH4,2,0,0.185422566701446,1.68036374719864e-07,-2.51690686121133
LYPD3,2,0,1,8.9049033853206e-17,-1.01414585744098
HSPB7,2,0,0.189230301186492,6.17731364880182e-07,1.33106376879014
MAEL,2,0,0.666666666666667,8.76620628777425e-17,1.20130474706155
STK31,2,0,0.666666666666667,8.67773434769398e-17,-1.10064960267192
MT3,2,0,0.538461538461538,9.08228636551446e-17,1.29695663039772
ADGB,2,0,0.1863112176127,6.91587923367725e-07,1.05963226812962
IGSF5,2,0,0.157031052764453,1.86376811200921e-08,2.02929534067374
FMO2,2,0,0.190126853125478,7.34591032693389e-07,1.11761483975333
COLEC10,2,0,0.148007138607971,6.05521536832342e-09,-1.02286540571799
RDH16,2,0,0.151099234786834,2.60369780294252e-08,-1.26788371257399
NPW,2,0,0.194679186228482,3.21671426902059e-05,-1.0205951649452
AADAC,2,0,0.184241706161137,2.65002620532437e-06,-2.1495180121077
ABCA12,2,0,1,8.64457808677466e-17,-1.19212195110166
PRSS2,2,0,0.18763197586727,9.08234181745878e-07,-1.18655441994721
ACSM6,2,0,0.130494073219343,1.15170638464379e-10,1.12945875823747
GSDMC,0,0,,4.26854184662765e-19,-2.55374334648642
SUGCT,0,0,,4.26854184662765e-19,1.54091332961745
ACSL6,0,0,,4.26854184662765e-19,-2.82804697311095
MCEMP1,0,0,,4.26854184662765e-19,-3.40372449886766
NANOS3,0,0,,4.26854184662765e-19,-2.79918601250889
SLC2A12,0,0,,4.26854184662765e-19,-1.12631317438358
FNDC11,0,0,,4.26854184662765e-19,-1.93184558103042
IQCN,0,0,,4.26854184662765e-19,2.08149905317326
SH2D7,0,0,,4.26854184662765e-19,2.75430266402588
LVRN,0,0,,4.26854184662765e-19,3.14965429440202
MROH7,0,0,,4.26854184662765e-19,1.43124919524317
TSPAN7,0,0,,4.26854184662765e-19,2.05454241075648
CLCN4,0,0,,4.26854184662765e-19,-1.29480575098845
HPSE2,0,0,,4.26854184662765e-19,2.3725367372429
DNASE2B,0,0,,4.26854184662765e-19,1.48860069890309
PLEKHH2,0,0,,4.26854184662765e-19,1.1173852346718
USP2,0,0,,4.26854184662765e-19,2.76819619247423
HS6ST2,0,0,,4.26854184662765e-19,-2.72436942635411
TP53INP2,0,0,,4.26854184662765e-19,1.74557730641116
SLC36A1,0,0,,4.26854184662765e-19,1.23818785384912
TTLL7,0,0,,4.26854184662765e-19,1.18904848778007
SERPINB5,0,0,,4.26854184662765e-19,-2.76984248802813
SLITRK4,0,0,,4.26854184662765e-19,2.64967720780267
BLACAT1,0,0,,4.26854184662765e-19,-3.97447174216274
CELF4,0,0,,4.26854184662765e-19,1.73133542803834
PHLPP2,0,0,,4.26854184662765e-19,1.68119263168066
PNMA3,0,0,,4.26854184662765e-19,1.56791968044811
SH3TC2,0,0,,4.26854184662765e-19,-2.51517983730039
LRRC43,0,0,,4.26854184662765e-19,-1.48826994465642
CCNJL,0,0,,4.26854184662765e-19,1.23792215331371
IGSF9,0,0,,4.26854184662765e-19,1.30175209585756
TLCD2,0,0,,4.26854184662765e-19,1.3776796372387
C9orf43,0,0,,4.26854184662765e-19,-1.16084793768233
EPB41L3,0,0,,4.26854184662765e-19,1.72114424727694
PPM1H,0,0,,4.26854184662765e-19,-1.67722365742969
LINGO3,0,0,,4.26854184662765e-19,1.14237123612252
NIM1K,0,0,,4.26854184662765e-19,1.05381007018988
LYPD5,0,0,,4.26854184662765e-19,-1.15764196801075
HMGA1,0,0,,4.26854184662765e-19,-1.17455741339144
ENC1,0,0,,4.26854184662765e-19,-1.46065339290196
DCHS2,0,0,,4.26854184662765e-19,2.11228031205839
LYPD8,0,0,,4.26854184662765e-19,2.71574893751243
KLHL35,0,0,,4.26854184662765e-19,-1.94050947264593
ASAP3,0,0,,4.26854184662765e-19,1.22910177479053
LANCL3,0,0,,4.26854184662765e-19,1.22981128127365
ARRDC4,0,0,,4.26854184662765e-19,1.16271408637023
NT5DC4,0,0,,4.26854184662765e-19,-1.36865831489132
LRRN2,0,0,,4.26854184662765e-19,2.63625479191618
TMEM236,0,0,,4.26854184662765e-19,2.44385333756779
CREG2,0,0,,4.26854184662765e-19,-1.7795741479606
ZZEF1,0,0,,4.26854184662765e-19,1.19304089418471
HOXD1,0,0,,4.26854184662765e-19,1.70000588817813
SLC25A41,0,0,,4.26854184662765e-19,1.0218750087019
CD177,0,0,,4.26854184662765e-19,3.93654878577718
ETV4,0,0,,4.26854184662765e-19,-3.84342628611677
CLIC6,0,0,,4.26854184662765e-19,1.17334124826485
GDPD2,0,0,,4.26854184662765e-19,2.40107602790574
KIAA1549,0,0,,4.26854184662765e-19,-1.71487248405257
TINCR,0,0,,4.26854184662765e-19,2.37920737255853
CYP4F12,0,0,,4.26854184662765e-19,1.23318485761438
PTPRH,0,0,,4.26854184662765e-19,1.39282546531931
C11orf86,0,0,,4.26854184662765e-19,3.09297287064087
GTF3A,0,0,,4.26854184662765e-19,-1.08898776815172
LOC102724250,0,0,,4.26854184662765e-19,1.23511174121232
MATN2,0,0,,4.26854184662765e-19,1.51973980484591
SDCBP2,0,0,,4.26854184662765e-19,1.69196928923018
ZNF575,0,0,,4.26854184662765e-19,1.67096612379711
CBFA2T3,0,0,,4.26854184662765e-19,1.07062182103621
APOBR,0,0,,4.26854184662765e-19,1.33912391920389
LARGE2,0,0,,4.26854184662765e-19,-2.88717463755553
PPIL1,0,0,,4.26854184662765e-19,-1.01497498737011
STRIP2,0,0,,4.26854184662765e-19,-2.15391504705522
RNFT2,0,0,,4.26854184662765e-19,-1.00825428419543
ZNF439,0,0,,4.26854184662765e-19,1.0025613349293
WSCD1,0,0,,4.26854184662765e-19,2.17166638332033
MYZAP,0,0,,4.26854184662765e-19,1.01928489494474
S100A11,0,0,,4.26854184662765e-19,-1.43432660955286
MEX3A,0,0,,4.26854184662765e-19,-2.03655045013398
RNF112,0,0,,4.26854184662765e-19,1.71705692688511
CCDC13,0,0,,4.26854184662765e-19,1.49954051763882
OSBPL3,0,0,,4.26854184662765e-19,-1.02958694444496
LAPTM4B,0,0,,4.26854184662765e-19,-1.1330358083304
PRRT1,0,0,,4.26854184662765e-19,1.05815417547912
TPSG1,0,0,,4.26854184662765e-19,1.62720103764197
PEX26,0,0,,4.26854184662765e-19,1.22957186519954
APPL2,0,0,,4.26854184662765e-19,1.13558426981721
EPHX4,0,0,,4.26854184662765e-19,-3.83932800915287
FEV,0,0,,4.26854184662765e-19,4.51195447168685
TRANK1,0,0,,4.26854184662765e-19,1.18427537960979
KRT24,0,0,,4.26854184662765e-19,7.13692044628079
SLC6A7,0,0,,4.26854184662765e-19,1.2632082773825
PLCL2,0,0,,4.26854184662765e-19,1.5283950567978
SORCS1,0,0,,4.26854184662765e-19,2.66916592078968
FAM47E-STBD1,0,0,,4.26854184662765e-19,1.1424901576343
EVA1A,0,0,,4.26854184662765e-19,-2.78098779200998
TOMM34,0,0,,4.26854184662765e-19,-1.38274705183382
SPINK2,0,0,,4.26854184662765e-19,2.94259770433496
SYT12,0,0,,4.26854184662765e-19,-1.72030458552366
NHERF4,0,0,,4.26854184662765e-19,1.57411985271794
SLC10A4,0,0,,4.26854184662765e-19,1.12387255075705
SLC6A20,0,0,,4.26854184662765e-19,-3.06180133289968
PKIB,0,0,,4.26854184662765e-19,2.63749767908686
ZNF491,0,0,,4.26854184662765e-19,1.02598409867356
ZNF793,0,0,,4.26854184662765e-19,1.12407447264345
ITM2A,0,0,,4.26854184662765e-19,1.54990334789731
PIGZ,0,0,,4.26854184662765e-19,1.39476754403957
BRINP3,0,0,,4.26854184662765e-19,3.15856807534407
ANKRD33B,0,0,,4.26854184662765e-19,1.1854954192457
PBLD,0,0,,4.26854184662765e-19,1.35043998257383
ASXL3,0,0,,4.26854184662765e-19,2.00991722478507
LGI4,0,0,,4.26854184662765e-19,1.98526301317989
TCEA3,0,0,,4.26854184662765e-19,1.20109213262251
MALL,0,0,,4.26854184662765e-19,1.55288061426652
FRMD1,0,0,,4.26854184662765e-19,1.66538525125066
JADE3,0,0,,4.26854184662765e-19,-1.06963161386132
MMP28,0,0,,4.26854184662765e-19,2.20680637706148
DBNDD1,0,0,,4.26854184662765e-19,-1.79521223445048
GRAMD2B,0,0,,4.26854184662765e-19,1.02311001103496
TMEM132D,0,0,,4.26854184662765e-19,1.84119125581192
VWC2,0,0,,4.26854184662765e-19,2.32075318926584
TMEM74,0,0,,4.26854184662765e-19,1.15196497772316
ZNF726,0,0,,4.26854184662765e-19,1.14738171576694
VILL,0,0,,4.26854184662765e-19,1.09814211732094
TMEM37,0,0,,4.26854184662765e-19,1.73638838214453
TMCC3,0,0,,4.26854184662765e-19,1.49900586139668
CCDC74A,0,0,,4.26854184662765e-19,-1.06169587024581
ARHGAP44,0,0,,4.26854184662765e-19,1.65666298428952
TMPRSS5,0,0,,4.26854184662765e-19,-1.04389864143858
TEX30,0,0,,4.26854184662765e-19,-1.00365816914703
ISX,0,0,,4.26854184662765e-19,1.52894174536305
GLT1D1,0,0,,4.26854184662765e-19,-1.16797873435723
STBD1,0,0,,4.26854184662765e-19,1.22598109905524
SLC22A23,0,0,,4.26854184662765e-19,1.0828735704355
ABCB5,0,0,,4.26854184662765e-19,3.04949161441131
FAM89A,0,0,,4.26854184662765e-19,-1.23878885546011
KCNH8,0,0,,4.26854184662765e-19,-1.4188403362537
ARHGAP20,0,0,,4.26854184662765e-19,1.53914896816955
TMEM97,0,0,,4.26854184662765e-19,-1.08398325015718
ADAMTSL1,0,0,,4.26854184662765e-19,1.88131760326591
CCDC153,0,0,,4.26854184662765e-19,1.26981327038431
CFAP54,0,0,,4.26854184662765e-19,1.47182468240107
FAM227A,0,0,,4.26854184662765e-19,-1.49887796959733
ZNF483,0,0,,4.26854184662765e-19,1.12810803492722
SHE,0,0,,4.26854184662765e-19,1.25982879372246
KIAA0513,0,0,,4.26854184662765e-19,1.11197301030775
NELFCD,0,0,,4.26854184662765e-19,-1.02920774025831
CAPN5,0,0,,4.26854184662765e-19,1.02208767751621
LDLRAD3,0,0,,4.26854184662765e-19,-1.39076310346427
RELL1,0,0,,4.26854184662765e-19,1.21340118059549
SH2D6,0,0,,4.26854184662765e-19,2.26821409811196
TPD52L1,0,0,,4.26854184662765e-19,-1.10075604750454
C1orf115,0,0,,4.26854184662765e-19,1.59643941822292
SEMA3G,0,0,,4.26854184662765e-19,1.17971234905481
IRAG2,0,0,,4.26854184662765e-19,1.40588460524436
SLC25A23,0,0,,4.26854184662765e-19,1.27892498392024
INSL5,0,0,,4.26854184662765e-19,5.06762704916975
NEURL1,0,0,,4.26854184662765e-19,1.70027840438934
CD163L1,0,0,,4.26854184662765e-19,1.67931618425623
TRHDE,0,0,,4.26854184662765e-19,1.70938618516794
CWH43,0,0,,4.26854184662765e-19,2.8886474736999
C2CD4A,0,0,,4.26854184662765e-19,-2.82385491394418
RNF152,0,0,,4.26854184662765e-19,2.22141853278536
ZNF677,0,0,,4.26854184662765e-19,1.12595539502353
PLEKHB1,0,0,,4.26854184662765e-19,-1.0645506773382
GALNT13,0,0,,4.26854184662765e-19,3.22501402476704
NPM3,0,0,,4.26854184662765e-19,-1.08167976868951
CPNE7,0,0,,4.26854184662765e-19,-3.76283511225231
MIER3,0,0,,4.26854184662765e-19,1.34321150024585
AIFM3,0,0,,4.26854184662765e-19,1.12598265924041
LTBP4,0,0,,4.26854184662765e-19,1.08988356364673
SAPCD2,0,0,,4.26854184662765e-19,-1.71199131812008
HECW2,0,0,,4.26854184662765e-19,-1.07663300215231
TMEM132A,0,0,,4.26854184662765e-19,-1.78888524842344
DUSP26,0,0,,4.26854184662765e-19,2.40002226741329
RHOU,0,0,,4.26854184662765e-19,1.03281911481869
LDHD,0,0,,4.26854184662765e-19,2.19218966926371
ZNF662,0,0,,4.26854184662765e-19,1.06884644240021
NEU4,0,0,,4.26854184662765e-19,1.6886097382042
VSIG2,0,0,,4.26854184662765e-19,2.39060484014771
PAQR4,0,0,,4.26854184662765e-19,-1.45488286635727
GLTP,0,0,,4.26854184662765e-19,1.12114148575814
DSCAML1,0,0,,4.26854184662765e-19,2.33387904498088
SLC30A10,0,0,,4.26854184662765e-19,4.20738179178831
ABCA8,0,0,,4.26854184662765e-19,3.0382582959645
KCNQ5,0,0,,4.26854184662765e-19,2.08592991106838
GRHL1,0,0,,4.26854184662765e-19,-1.86394556067038
PRSS22,0,0,,4.26854184662765e-19,-2.54575029647752
LRRC2,0,0,,4.26854184662765e-19,-1.03488776014526
C2orf88,0,0,,4.26854184662765e-19,2.51300610421887
ANXA3,0,0,,4.26854184662765e-19,-1.21335732605574
URB2,0,0,,4.26854184662765e-19,-1.04052928979963
FAM135B,0,0,,4.26854184662765e-19,3.36021332711477
DMRTA1,0,0,,4.26854184662765e-19,2.57095533363548
TMEM220,0,0,,4.26854184662765e-19,1.76302266473008
ARL9,0,0,,4.26854184662765e-19,-1.4400960111911
BMP3,0,0,,4.26854184662765e-19,3.8524279856373
SGSM1,0,0,,4.26854184662765e-19,1.16499573584551
NAAA,0,0,,4.26854184662765e-19,1.4882813929096
VWA2,0,0,,4.26854184662765e-19,-2.44751274773327
PLAAT2,0,0,,4.26854184662765e-19,2.12284861946715
CPM,0,0,,4.26854184662765e-19,1.67584334939086
TNS4,0,0,,4.26854184662765e-19,-2.24651984632414
CEMIP,0,0,,4.26854184662765e-19,-3.33103328792968
SMIM2,0,0,,4.26854184662765e-19,1.14554640274251
CCDC86,0,0,,4.26854184662765e-19,-1.09067433185505
PIANP,0,0,,4.26854184662765e-19,1.26513325555971
EIF4E3,0,0,,4.26854184662765e-19,1.20463071292097
TTC22,0,0,,4.26854184662765e-19,1.10610402536369
MRGBP,0,0,,4.26854184662765e-19,-1.0676431040373
LRRC36,0,0,,4.26854184662765e-19,-1.55660280944434
COX6B2,0,0,,4.26854184662765e-19,1.43097747866095
PDCD2L,0,0,,4.26854184662765e-19,-1.22707039908787
TMEM82,0,0,,4.26854184662765e-19,2.28119227604999
IFT56,0,0,,4.26854184662765e-19,-1.30277422871599
PLAC8,0,0,,4.26854184662765e-19,2.04120665412724
TRIM58,0,0,,4.26854184662765e-19,1.22362721077835
SLAMF9,0,0,,4.26854184662765e-19,1.36933471772872
PMEPA1,0,0,,4.26854184662765e-19,-1.40591426296272
NEGR1,0,0,,4.26854184662765e-19,1.84171728346993
LRRC8E,0,0,,4.26854184662765e-19,-1.94205035591631
KRT80,0,0,,4.26854184662765e-19,-4.76892401398554
FAM107A,0,0,,4.26854184662765e-19,2.35131113324454
RGS9,0,0,,4.26854184662765e-19,1.43419062879144
MYO15B,0,0,,4.26854184662765e-19,1.08507599275537
CDK15,0,0,,4.26854184662765e-19,1.35188108567119
PDCD4,0,0,,4.26854184662765e-19,1.55003805834858
SLC6A6,0,0,,4.26854184662765e-19,-1.99535117864448
TMEM253,0,0,,4.26854184662765e-19,1.70370565109983
ZC3HAV1L,0,0,,4.26854184662765e-19,-1.23422980214327
SLC6A19,0,0,,4.26854184662765e-19,4.33581794377817
LY6G6F-LY6G6D,0,0,,4.26854184662765e-19,-4.03168973233481
ZNF471,0,0,,4.26854184662765e-19,1.0736475152237
PHGR1,0,0,,4.26854184662765e-19,1.94461262473908
TMEM132B,0,0,,4.26854184662765e-19,1.18585380362766
CELSR3,0,0,,4.26854184662765e-19,-1.43928627877962
ITM2C,0,0,,4.26854184662765e-19,1.49872408427474
SLC5A6,0,0,,4.26854184662765e-19,-1.26233331715343
IER5L,0,0,,4.26854184662765e-19,-1.27684873627848
KCNG3,0,0,,4.26854184662765e-19,1.90112908407611
PAQR8,0,0,,4.26854184662765e-19,1.13810083689949
ABI3BP,0,0,,4.26854184662765e-19,2.19224950280165
TEF,0,0,,4.26854184662765e-19,1.15857189868577
CEACAM7,0,0,,4.26854184662765e-19,2.94139469409947
SMIM5,0,0,,4.26854184662765e-19,1.63347741569019
FOXQ1,0,0,,4.26854184662765e-19,-3.9963275233575
HRCT1,0,0,,4.26854184662765e-19,1.85122187895041
SLC52A1,0,0,,4.26854184662765e-19,1.29849514407298
RCAN2,0,0,,4.26854184662765e-19,1.44012209650352
MYADML2,0,0,,4.26854184662765e-19,-3.60726080038142
DPY19L2,0,0,,4.26854184662765e-19,1.10215218417022
CNTNAP3B,0,0,,4.26854184662765e-19,1.0290539600785
SLC4A10,0,0,,4.26854184662765e-19,2.65946736212293
CDCA7,0,0,,4.26854184662765e-19,-1.35664831762959
C9orf50,0,0,,4.26854184662765e-19,-1.76126052641071
FRRS1L,0,0,,4.26854184662765e-19,2.06209563506561
SMIM32,0,0,,4.26854184662765e-19,1.59172034467076
PTPRR,0,0,,4.26854184662765e-19,1.35509093923063
FGL2,0,0,,4.26854184662765e-19,1.36045651753911
SLC25A34,0,0,,4.26854184662765e-19,2.29871741950129
SBK1,0,0,,4.26854184662765e-19,-1.0945716478766
ANKRD40CL,0,0,,4.26854184662765e-19,1.1632327363538
CAPN13,0,0,,4.26854184662765e-19,1.6007933732937
VSNL1,0,0,,4.26854184662765e-19,-2.15953114212969
VAT1L,0,0,,4.26854184662765e-19,1.08508311050247
MAP3K20,0,0,,4.26854184662765e-19,-1.13310554994779
SCARA5,0,0,,4.26854184662765e-19,2.83330539062556
PCDH9,0,0,,4.26854184662765e-19,1.66225596155971
FUCA1,0,0,,4.26854184662765e-19,1.16266105964994
COL19A1,0,0,,4.26854184662765e-19,2.53259238891909
NPAS3,0,0,,4.26854184662765e-19,1.68269391966318
OTUB2,0,0,,4.26854184662765e-19,-1.28467786901731
PRELID3A,0,0,,4.26854184662765e-19,-1.11685860341435
LUZP2,0,0,,4.26854184662765e-19,2.21888639694956
TTYH3,0,0,,4.26854184662765e-19,-1.20465172025112
TENT5C,0,0,,4.26854184662765e-19,1.22144791451964
CCDC141,0,0,,4.26854184662765e-19,1.13618904288117
CRACD,0,0,,4.26854184662765e-19,1.24137299629018
ZNF536,0,0,,4.26854184662765e-19,2.19999942934256
ZNF239,0,0,,4.26854184662765e-19,-1.25271895366437
GFI1B,0,0,,4.26854184662765e-19,1.98123667608233
SCUBE1,0,0,,4.26854184662765e-19,1.6230940504686
ZNF695,0,0,,4.26854184662765e-19,-1.52631097118724
GPR84,0,0,,4.26854184662765e-19,-1.82496517181659
C22orf15,0,0,,4.26854184662765e-19,1.06400846862218
NXT1,0,0,,4.26854184662765e-19,-1.1081259205944
RUBCNL,0,0,,4.26854184662765e-19,-1.11525787585236
RPGRIP1L,0,0,,4.26854184662765e-19,-1.09029028949315
CFAP251,0,0,,4.26854184662765e-19,-1.77827712790017
SLC17A4,0,0,,4.26854184662765e-19,2.81717453381464
GLIPR2,0,0,,4.26854184662765e-19,1.17660806641108
SMOX,0,0,,4.26854184662765e-19,-1.65727053725496
ZBTB7C,0,0,,4.26854184662765e-19,1.82702875664111
STOX2,0,0,,4.26854184662765e-19,1.86523818777929
CLEC9A,0,0,,4.26854184662765e-19,1.60566327725775
CHL1,0,0,,4.26854184662765e-19,1.42584405576257
EEF1AKMT4,0,0,,4.26854184662765e-19,-1.18142309555995
STC2,0,0,,4.26854184662765e-19,-3.24148411627088
CFAP157,0,0,,4.26854184662765e-19,-1.04801454156633
NEXMIF,0,0,,4.26854184662765e-19,2.82538911441743
RNF125,0,0,,4.26854184662765e-19,1.15748729653352
TWNK,0,0,,4.26854184662765e-19,-1.0432737600851
AKR1B15,0,0,,4.26854184662765e-19,2.18692308397195
TGFBR3L,0,0,,4.26854184662765e-19,1.42879489264982
DACT2,0,0,,4.26854184662765e-19,1.4141873940239
LRRC66,0,0,,4.26854184662765e-19,1.23622555566126
SVOPL,0,0,,4.26854184662765e-19,2.06336549207963
FAM241B,0,0,,4.26854184662765e-19,-1.0756408142662
CPNE8,0,0,,4.26854184662765e-19,1.37888293816919
SLC4A11,0,0,,4.26854184662765e-19,-2.28136741559547
OTUD7A,0,0,,4.26854184662765e-19,1.04468775687405
UNC93A,0,0,,4.26854184662765e-19,-2.87598377163224
PCDH20,0,0,,4.26854184662765e-19,1.24977488697508
SPPL2A,0,0,,4.26854184662765e-19,1.10454541332458
ANOS1,0,0,,4.26854184662765e-19,-1.90418607409347
ADTRP,0,0,,4.26854184662765e-19,2.18918874385376
TNFAIP8L3,0,0,,4.26854184662765e-19,1.16774175373105
SRI,0,0,,4.26854184662765e-19,1.05779432425948
NFE2L3,0,0,,4.26854184662765e-19,-1.80298099594358
GDPD5,0,0,,4.26854184662765e-19,-1.57511475606242
FBXO2,0,0,,4.26854184662765e-19,-1.13353653771004
VIT,0,0,,4.26854184662765e-19,2.04883575349858
GABRP,0,0,,4.26854184662765e-19,-1.94564639327525
CLEC4F,0,0,,4.26854184662765e-19,1.83316247956465
AFF3,0,0,,4.26854184662765e-19,1.86273190254283
ZNF229,0,0,,4.26854184662765e-19,1.08432714452364
P3H2,0,0,,4.26854184662765e-19,1.11969013949623
SHROOM4,0,0,,4.26854184662765e-19,-1.17416280700444
SSBP2,0,0,,4.26854184662765e-19,1.24670286566957
ITGBL1,0,0,,4.26854184662765e-19,-1.85760119863669
EPOP,0,0,,4.26854184662765e-19,-2.49497278110654
TMEM63C,0,0,,4.26854184662765e-19,1.06461334529223
FERMT1,0,0,,4.26854184662765e-19,-1.27280285102494
SMPDL3A,0,0,,4.26854184662765e-19,1.79593281918644
KIF6,0,0,,4.26854184662765e-19,1.47337886965243
KIF26B,0,0,,4.26854184662765e-19,-2.37855018757292
C1QTNF7,0,0,,4.26854184662765e-19,1.80949601850494
TEDC2,0,0,,4.26854184662765e-19,-1.31070047720978
CHODL,0,0,,4.26854184662765e-19,1.46579437446588
SP5,0,0,,4.26854184662765e-19,-2.10107696917693
ADAM12,0,0,,4.26854184662765e-19,-1.87235011177074
POGLUT2,0,0,,4.26854184662765e-19,-1.10443709302776
C1QTNF2,0,0,,4.26854184662765e-19,1.14631002290869
CLCNKB,0,0,,4.26854184662765e-19,3.21104225948799
NECTIN4,0,0,,4.26854184662765e-19,-1.46173429396272
S100P,0,0,,4.26854184662765e-19,-1.91486070734562
HAPLN3,0,0,,4.26854184662765e-19,-1.33961344842622
HAGHL,0,0,,4.26854184662765e-19,-1.49775612235483
SULF1,0,0,,4.26854184662765e-19,-1.8320402928686
KRT23,0,0,,4.26854184662765e-19,-4.34796171988011
TINAG,0,0,,4.26854184662765e-19,1.244703754019
TMEM72,0,0,,4.26854184662765e-19,3.01642373826864
ZNF540,0,0,,4.26854184662765e-19,1.28668572230602
PLAC9,0,0,,4.26854184662765e-19,1.83299194221959
CGREF1,0,0,,4.26854184662765e-19,-2.0389430425603
RHEX,0,0,,4.26854184662765e-19,1.67997608407805
SLCO4C1,0,0,,4.26854184662765e-19,2.00050871396425
ADAMTS6,0,0,,4.26854184662765e-19,-1.48847299105604
TMSB15A,0,0,,4.26854184662765e-19,-1.10958217337987
SMIM14,0,0,,4.26854184662765e-19,1.12425108917185
ONECUT2,0,0,,4.26854184662765e-19,-1.85941479567147
XKR4,0,0,,4.26854184662765e-19,3.08380901406147
CCDC113,0,0,,4.26854184662765e-19,-1.27857656586282
HMCN2,0,0,,4.26854184662765e-19,1.75595163939389
ZC3H12C,0,0,,4.26854184662765e-19,1.06765926782217
PDZD4,0,0,,4.26854184662765e-19,1.95939803668787
CCDC152,0,0,,4.26854184662765e-19,1.60118964241587
EGFL6,0,0,,4.26854184662765e-19,-2.91703964370392
PRR36,0,0,,4.26854184662765e-19,-2.20456259167631
C8orf88,0,0,,4.26854184662765e-19,1.18622526218466
SLC17A9,0,0,,4.26854184662765e-19,-1.05220031629588
QPCT,0,0,,4.26854184662765e-19,-1.11162536586263
LRRC15,0,0,,4.26854184662765e-19,-1.5759284739133
FLVCR2,0,0,,4.26854184662765e-19,1.27436872764408
ENHO,0,0,,4.26854184662765e-19,1.91280604679535
SPOCD1,0,0,,4.26854184662765e-19,-1.54250976007087
ZNF835,0,0,,4.26854184662765e-19,1.22774222486306
KANK4,0,0,,4.26854184662765e-19,1.01377932909766
ASPG,0,0,,4.26854184662765e-19,1.70338088706836
RAB39B,0,0,,4.26854184662765e-19,1.1273359640931
SMTNL2,0,0,,4.26854184662765e-19,-1.39115524254983
SLC2A5,0,0,,4.26854184662765e-19,1.08988279977928
BEND4,0,0,,4.26854184662765e-19,1.90166498944468
SMIM6,0,0,,4.26854184662765e-19,1.32004676704099
ABHD3,0,0,,4.26854184662765e-19,1.15634706460015
PRR11,0,0,,4.26854184662765e-19,-1.04313490694331
LILRB5,0,0,,4.26854184662765e-19,1.50421222308472
NDUFA4L2,0,0,,4.26854184662765e-19,-1.20510544581833
PKNOX2,0,0,,4.26854184662765e-19,1.80620799685954
PID1,0,0,,4.26854184662765e-19,1.00913883667138
KLHL14,0,0,,4.26854184662765e-19,1.20337959989789
ASTN1,0,0,,4.26854184662765e-19,1.95666907959381
TMEM171,0,0,,4.26854184662765e-19,1.7561254159108
XKRX,0,0,,4.26854184662765e-19,-1.39340271306819
ADAMDEC1,0,0,,4.26854184662765e-19,2.2218791438211
ST8SIA6,0,0,,4.26854184662765e-19,1.00651549282996
GPR15,0,0,,4.26854184662765e-19,1.93399435657097
FIGN,0,0,,4.26854184662765e-19,1.23486947972039
IGSF10,0,0,,4.26854184662765e-19,1.97281975147636
MDFI,0,0,,4.26854184662765e-19,-2.54903283237767
GIMAP1,0,0,,4.26854184662765e-19,1.09732755895327
CNTN3,0,0,,4.26854184662765e-19,2.29766251674447
URAD,0,0,,4.26854184662765e-19,2.08074456263641
SRPX,0,0,,4.26854184662765e-19,1.78065379279075
TMEM100,0,0,,4.26854184662765e-19,1.94482020202836
CPAMD8,0,0,,4.26854184662765e-19,1.06463361873241
TOX,0,0,,4.26854184662765e-19,1.26931655416815
PLEKHN1,0,0,,4.26854184662765e-19,-1.74941688053332
ALPI,0,0,,4.26854184662765e-19,2.92738561577818
RIC3,0,0,,4.26854184662765e-19,1.61842007333873
LZTS3,0,0,,4.26854184662765e-19,-1.37772547656235
NUP62CL,0,0,,4.26854184662765e-19,-1.02765066081358
ST6GALNAC6,0,0,,4.26854184662765e-19,1.66370739836086
CLIC5,0,0,,4.26854184662765e-19,1.27928188266602
ATRNL1,0,0,,4.26854184662765e-19,1.85259598950293
VSTM2A,0,0,,4.26854184662765e-19,4.27872082778285
STUM,0,0,,4.26854184662765e-19,1.93933927992271
CLMN,0,0,,4.26854184662765e-19,1.03513271731872
BARX2,0,0,,4.26854184662765e-19,1.43353223673305
ANKRD13B,0,0,,4.26854184662765e-19,-1.42822912693583
PRR7,0,0,,4.26854184662765e-19,-1.5983361421589
OSR1,0,0,,4.26854184662765e-19,2.25716535205201
SIM2,0,0,,4.26854184662765e-19,-3.55921277382003
NSG2,0,0,,4.26854184662765e-19,2.82917884625666
C16orf89,0,0,,4.26854184662765e-19,2.44638745171046
SALL4,0,0,,4.26854184662765e-19,-3.23255005888515
SVEP1,0,0,,4.26854184662765e-19,1.08787113362307
HES6,0,0,,4.26854184662765e-19,-1.16376611165588
ENDOD1,0,0,,4.26854184662765e-19,1.20189352746823
HIGD1A,0,0,,4.26854184662765e-19,1.28140548397306
GPM6B,0,0,,4.26854184662765e-19,1.2061561639155
COL28A1,0,0,,4.26854184662765e-19,1.17894686237108
FGFBP2,0,0,,4.26854184662765e-19,1.6927829077424
SLC9A9,0,0,,4.26854184662765e-19,1.10202054724377
TSPAN1,0,0,,4.26854184662765e-19,1.41122212987793
FAM163B,0,0,,4.26854184662765e-19,2.47059590715927
CADM2,0,0,,4.26854184662765e-19,3.12939399328714
LRRC4B,0,0,,4.26854184662765e-19,1.12843356783827
CAPN9,0,0,,4.26854184662765e-19,1.34627447708687
PER1,0,0,,4.26854184662765e-19,1.17510754628606
CHPF,0,0,,4.26854184662765e-19,-1.11630653069495
TEX11,0,0,,4.26854184662765e-19,2.55829494762587
CNTNAP3,0,0,,4.26854184662765e-19,1.17586140012742
CCDC68,0,0,,4.26854184662765e-19,1.64580252189045
SCGB2A1,0,0,,4.26854184662765e-19,2.23061476312498
RAB9B,0,0,,4.26854184662765e-19,1.04859171578543
PABPC1L,0,0,,4.26854184662765e-19,-1.16949481277119
PITPNM3,0,0,,4.26854184662765e-19,1.13983966386838
NAP1L2,0,0,,4.26854184662765e-19,2.41240383553338
RHPN1,0,0,,4.26854184662765e-19,-1.63326298923805
ASPHD1,0,0,,4.26854184662765e-19,-1.16462835740803
DUSP14,0,0,,4.26854184662765e-19,-1.48084730333502
GPA33,0,0,,4.26854184662765e-19,1.21842769811722
DSEL,0,0,,4.26854184662765e-19,1.05682500186098
PI16,0,0,,4.26854184662765e-19,3.3754219019374
TUB,0,0,,4.26854184662765e-19,1.27046799367262
VEPH1,0,0,,4.26854184662765e-19,1.30940450640696
NWD2,0,0,,4.26854184662765e-19,1.54830307222037
CSRNP3,0,0,,4.26854184662765e-19,1.00727142235297
PKHD1L1,0,0,,4.26854184662765e-19,2.05823974036322
FAM72A,0,0,,4.26854184662765e-19,-1.06974523860322
ABCA10,0,0,,4.26854184662765e-19,1.6557123287795
PTP4A3,0,0,,4.26854184662765e-19,-1.64540783391438
PLEKHS1,0,0,,4.26854184662765e-19,-1.36986018718971
TTLL6,0,0,,4.26854184662765e-19,1.8391119748573
TLCD4,0,0,,4.26854184662765e-19,1.22823644371399
KRT12,0,0,,4.26854184662765e-19,1.23251640041479
DPEP1,0,0,,4.26854184662765e-19,-4.22379718541597
PROM2,0,0,,4.26854184662765e-19,1.31930712207045
SLC37A2,0,0,,4.26854184662765e-19,1.85257089078487
MAGEB17,0,0,,4.26854184662765e-19,-2.70350683197357
DNASE1L3,0,0,,4.26854184662765e-19,1.67455837633188
STC1,0,0,,4.26854184662765e-19,-1.60616307778003
COLEC12,0,0,,4.26854184662765e-19,1.30992638496985
B4GALNT4,0,0,,4.26854184662765e-19,-1.510742768132
MYOM1,0,0,,4.26854184662765e-19,2.00384098798127
STYK1,0,0,,4.26854184662765e-19,1.18484453432702
ANGPTL1,0,0,,4.26854184662765e-19,2.28379592877655
PIRT,0,0,,4.26854184662765e-19,2.9777026010879
SYNE3,0,0,,4.26854184662765e-19,1.12245247974433
RIMS4,0,0,,4.26854184662765e-19,3.02864934795781
KCNG1,0,0,,4.26854184662765e-19,1.13782156787326
NXPE2,0,0,,4.26854184662765e-19,2.01400974489493
PLAAT5,0,0,,4.26854184662765e-19,1.56234259411685
CHRDL1,0,0,,4.26854184662765e-19,2.13979085532303
GCSAML,0,0,,4.26854184662765e-19,1.52561028542142
PTPRT,0,0,,4.26854184662765e-19,1.2425982026326
BEST2,0,0,,4.26854184662765e-19,2.69114574880658
MYOM3,0,0,,4.26854184662765e-19,-1.53684830236682
FER1L6,0,0,,4.26854184662765e-19,1.96248033199656
SRMS,0,0,,4.26854184662765e-19,-1.25266031867216
CADM3,0,0,,4.26854184662765e-19,2.86972222656432
ADORA3,0,0,,4.26854184662765e-19,1.20736047575734
RERGL,0,0,,4.26854184662765e-19,4.97016570467228
TMEM158,0,0,,4.26854184662765e-19,-1.40004375613792
MCOLN2,0,0,,4.26854184662765e-19,1.17612161252391
C3orf85,0,0,,4.26854184662765e-19,1.46760399484494
METTL24,0,0,,4.26854184662765e-19,1.3116199479759
POU5F1B,0,0,,4.26854184662765e-19,-2.39342744749692
ARL14,0,0,,4.26854184662765e-19,1.31166504686952
SLC35F1,0,0,,4.26854184662765e-19,1.34620480780669
AP3B2,0,0,,4.26854184662765e-19,1.38237898531049
DAAM2,0,0,,4.26854184662765e-19,1.18827583016287
HMX3,0,0,,4.26854184662765e-19,1.80025970052909
FBXO41,0,0,,4.26854184662765e-19,-1.1507069082927
FRMD3,0,0,,4.26854184662765e-19,1.57807680749102
DAPL1,0,0,,4.26854184662765e-19,-1.41951459538948
TDRD10,0,0,,4.26854184662765e-19,1.41408209650586
MAP6,0,0,,4.26854184662765e-19,1.13535653082784
CCDC78,0,0,,4.26854184662765e-19,-1.00887878682594
PRSS33,0,0,,4.26854184662765e-19,-2.88741976862585
FAM83A,0,0,,4.26854184662765e-19,-1.92810185178172
FOXS1,0,0,,4.26854184662765e-19,-1.32266595442412
ACTL8,0,0,,4.26854184662765e-19,-1.29852538257679
MIXL1,0,0,,4.26854184662765e-19,1.53628032669656
RASGEF1C,0,0,,4.26854184662765e-19,2.76393571767616
KLHL34,0,0,,4.26854184662765e-19,1.35404307364855
LRRN4CL,0,0,,4.26854184662765e-19,1.13750562430105
ABCD2,0,0,,4.26854184662765e-19,1.13566881060915
NUGGC,0,0,,4.26854184662765e-19,1.42514173493432
TFCP2L1,0,0,,4.26854184662765e-19,1.02841554045185
B3GNT7,0,0,,4.26854184662765e-19,2.13132389321819
LRRC19,0,0,,4.26854184662765e-19,1.88536669824718
SLC2A13,0,0,,4.26854184662765e-19,1.00281853329912
C4orf19,0,0,,4.26854184662765e-19,1.08053313448797
TBX15,0,0,,4.26854184662765e-19,-2.96371272912182
TMEM255A,0,0,,4.26854184662765e-19,1.09217247941615
TMEM61,0,0,,4.26854184662765e-19,1.2455646688234
SPDEF,0,0,,4.26854184662765e-19,1.25503981000966
ATG9B,0,0,,4.26854184662765e-19,-1.74098959992955
SHISA2,0,0,,4.26854184662765e-19,-2.11156354168532
RASD2,0,0,,4.26854184662765e-19,1.36835750457746
MAPK15,0,0,,4.26854184662765e-19,-1.94555013670888
CSMD1,0,0,,4.26854184662765e-19,1.35671319572575
MUSTN1,0,0,,4.26854184662765e-19,1.60688117927836
CHRNA7,0,0,,4.26854184662765e-19,1.13013931601881
VSIG1,0,0,,4.26854184662765e-19,-1.67614190358021
PRRG3,0,0,,4.26854184662765e-19,1.40592315611519
SIGLEC6,0,0,,4.26854184662765e-19,1.15760901935954
FOXF2,0,0,,4.26854184662765e-19,1.17255820459046
CFAP20DC,0,0,,4.26854184662765e-19,-1.37994370873908
TCEAL2,0,0,,4.26854184662765e-19,2.93093931331396
CPXM1,0,0,,4.26854184662765e-19,-1.28386735281772
HTR4,0,0,,4.26854184662765e-19,2.08713977807231
TM6SF2,0,0,,4.26854184662765e-19,1.76200155028813
KCNH4,0,0,,4.26854184662765e-19,-1.31485030118543
ATP8A2,0,0,,4.26854184662765e-19,1.03223109472149
RHBDL2,0,0,,4.26854184662765e-19,1.22431783517753
GJB5,0,0,,4.26854184662765e-19,-1.84844478341574
TMEM132C,0,0,,4.26854184662765e-19,1.38885038522158
ABCA5,0,0,,4.26854184662765e-19,1.24281291069075
GSDMA,0,0,,4.26854184662765e-19,-1.33428360646166
CCN5,0,0,,4.26854184662765e-19,2.87569634114674
LMTK3,0,0,,4.26854184662765e-19,-1.45200358151081
CAVIN2,0,0,,4.26854184662765e-19,1.51969910704213
RMDN2,0,0,,4.26854184662765e-19,1.17716248082137
SLC6A14,0,0,,4.26854184662765e-19,-2.12664054613401
C14orf132,0,0,,4.26854184662765e-19,1.05263927228551
RNF183,0,0,,4.26854184662765e-19,-1.73193696551384
YPEL4,0,0,,4.26854184662765e-19,1.2486985681722
FOLR2,0,0,,4.26854184662765e-19,1.26016957868032
PALD1,0,0,,4.26854184662765e-19,-1.21911882601075
MEGF10,0,0,,4.26854184662765e-19,1.12231865307086
PRSS54,0,0,,4.26854184662765e-19,-1.44842364916006
FAM72D,0,0,,4.26854184662765e-19,-1.16710366776421
ZYG11A,0,0,,4.26854184662765e-19,1.02560040672466
DIRAS3,0,0,,4.26854184662765e-19,1.0776380495116
CTXND1,0,0,,4.26854184662765e-19,1.48440781933791
NACAD,0,0,,4.26854184662765e-19,1.35881503263675
ATP13A4,0,0,,4.26854184662765e-19,1.83949736065847
RUNDC3B,0,0,,4.26854184662765e-19,1.86880835156285
FAM3D,0,0,,4.26854184662765e-19,1.06589758916226
PTPRCAP,0,0,,4.26854184662765e-19,1.05589103452486
SEC14L2,0,0,,4.26854184662765e-19,-1.01968850817707
CPA6,0,0,,4.26854184662765e-19,1.13741695099019
MROH6,0,0,,4.26854184662765e-19,-1.17159838082224
UST,0,0,,4.26854184662765e-19,1.01226711232847
CYP2W1,0,0,,4.26854184662765e-19,-1.57351459394289
ESM1,0,0,,4.26854184662765e-19,-4.05737204993481
DIRAS1,0,0,,4.26854184662765e-19,1.43566116771359
LZTS1,0,0,,4.26854184662765e-19,-1.39900913248887
PCDHB9,0,0,,4.26854184662765e-19,-1.06558535963056
VWA3B,0,0,,4.26854184662765e-19,1.38210920984876
MAPK4,0,0,,4.26854184662765e-19,1.82270332750756
C1QTNF9,0,0,,4.26854184662765e-19,1.38352901052778
TMEM238L,0,0,,4.26854184662765e-19,1.1490252880426
ZNF727,0,0,,4.26854184662765e-19,1.27061924749498
RASL12,0,0,,4.26854184662765e-19,1.46989243269206
MAMDC2,0,0,,4.26854184662765e-19,1.17200857627026
KCNT2,0,0,,4.26854184662765e-19,1.20638459631106
RNF150,0,0,,4.26854184662765e-19,1.59596577418277
CYS1,0,0,,4.26854184662765e-19,1.17261218826926
LONRF2,0,0,,4.26854184662765e-19,2.47290516097446
CCDC150,0,0,,4.26854184662765e-19,-1.18385290568237
WFDC2,0,0,,4.26854184662765e-19,1.34979749373894
RHEBL1,0,0,,4.26854184662765e-19,-1.537053321871
KLK1,0,0,,4.26854184662765e-19,1.07565635715684
TSPEAR,0,0,,4.26854184662765e-19,-2.00751700084976
C1QTNF12,0,0,,4.26854184662765e-19,1.17560342390868
GPR3,0,0,,4.26854184662765e-19,-1.61371744445384
CYP4B1,0,0,,4.26854184662765e-19,2.29156531930295
NKPD1,0,0,,4.26854184662765e-19,-1.33119919789656
ASB2,0,0,,4.26854184662765e-19,1.68521758181303
CYP4X1,0,0,,4.26854184662765e-19,-1.67075001726069
TMPRSS13,0,0,,4.26854184662765e-19,-1.97891445888772
MESP2,0,0,,4.26854184662765e-19,1.00519213347381
OLFML2B,0,0,,4.26854184662765e-19,-1.3663319123162
PARM1,0,0,,4.26854184662765e-19,1.15274582015761
ZNF135,0,0,,4.26854184662765e-19,1.00710431663426
KLK15,0,0,,4.26854184662765e-19,1.34918807146303
MFSD4A,0,0,,4.26854184662765e-19,1.53733080097862
CCDC69,0,0,,4.26854184662765e-19,1.21263018966838
PALM,0,0,,4.26854184662765e-19,1.27647200566582
IRX2,0,0,,4.26854184662765e-19,-2.16553271876561
C10orf105,0,0,,4.26854184662765e-19,1.21218171296204
TMEFF2,0,0,,4.26854184662765e-19,3.14350527192504
MAP7D2,0,0,,4.26854184662765e-19,-1.16109944975422
EMX1,0,0,,4.26854184662765e-19,1.27407139102461
SEC14L5,0,0,,4.26854184662765e-19,1.90931041307016
NCCRP1,0,0,,4.26854184662765e-19,1.10137904787326
NAALAD2,0,0,,4.26854184662765e-19,1.26401684934349
TRIM40,0,0,,4.26854184662765e-19,1.4015843140262
TMEM35A,0,0,,4.26854184662765e-19,1.38144862188803
ADAMTSL3,0,0,,4.26854184662765e-19,1.39030761042041
ERVMER34-1,0,0,,4.26854184662765e-19,-1.30750735509762
IQCM,0,0,,4.26854184662765e-19,2.75397982283943
ERP27,0,0,,4.26854184662765e-19,-1.02014694856267
CBLN2,0,0,,4.26854184662765e-19,2.27163732797106
GRHL3,0,0,,4.26854184662765e-19,-2.36862152871391
RTN4RL2,0,0,,4.26854184662765e-19,-1.01102719102842
CCDC80,0,0,,4.26854184662765e-19,1.23544782798352
FHL1,0,0,,4.26854184662765e-19,1.80240749441445
SLC5A11,0,0,,4.26854184662765e-19,2.28948339136699
APOBEC1,0,0,,4.26854184662765e-19,-1.04057639989289
ZDHHC15,0,0,,4.26854184662765e-19,1.31877748399746
LHFPL4,0,0,,4.26854184662765e-19,1.78910471835859
TLR10,0,0,,4.26854184662765e-19,1.46861072436167
PEG3,0,0,,4.26854184662765e-19,1.43959513095349
GOLGA7B,0,0,,4.26854184662765e-19,-1.27566476272431
REEP2,0,0,,4.26854184662765e-19,1.20352751802993
CORIN,0,0,,4.26854184662765e-19,-2.11348341661899
CPNE5,0,0,,4.26854184662765e-19,1.01246334098061
RASGRP2,0,0,,4.26854184662765e-19,1.00176115330993
FAM153A,0,0,,4.26854184662765e-19,1.49906658793265
MT1A,0,0,,4.26854184662765e-19,1.10019708613914
SLFN14,0,0,,4.26854184662765e-19,1.66753038336639
GLOD5,0,0,,4.26854184662765e-19,1.06429675431393
KBTBD12,0,0,,4.26854184662765e-19,1.22343152625336
HTRA3,0,0,,4.26854184662765e-19,-1.01833811915765
RASSF10,0,0,,4.26854184662765e-19,-1.19872273171626
HEPACAM2,0,0,,4.26854184662765e-19,2.20383547466823
PMP2,0,0,,4.26854184662765e-19,2.94703572895265
PITX1,0,0,,4.26854184662765e-19,-1.02451394658925
ZNF334,0,0,,4.26854184662765e-19,1.2000089118404
TMEM59L,0,0,,4.26854184662765e-19,1.76294132314913
MAL,0,0,,4.26854184662765e-19,2.22940628444636
NIBAN1,0,0,,4.26854184662765e-19,1.19596181012319
TMEM130,0,0,,4.26854184662765e-19,1.43190911212172
GOLGA8S,0,0,,4.26854184662765e-19,1.0437788439529
KIAA0408,0,0,,4.26854184662765e-19,1.23257692456126
RFX8,0,0,,4.26854184662765e-19,-2.54903891020813
ACBD7,0,0,,4.26854184662765e-19,-1.18668715794668
TMEM108,0,0,,4.26854184662765e-19,1.18818338412974
KLRG2,0,0,,4.26854184662765e-19,-1.41861725594126
PRAME,0,0,,4.26854184662765e-19,-1.74778654864316
CDKL2,0,0,,4.26854184662765e-19,1.48770478384801
NKAIN3,0,0,,4.26854184662765e-19,1.27370554124104
C2CD4B,0,0,,4.26854184662765e-19,-1.10589004759294
CLEC17A,0,0,,4.26854184662765e-19,1.26752111743223
LMO3,0,0,,4.26854184662765e-19,1.77177133004351
CD300E,0,0,,4.26854184662765e-19,-1.07462982098656
CCDC85A,0,0,,4.26854184662765e-19,1.29461320066906
FSIP2,0,0,,4.26854184662765e-19,1.68831899374651
NECAB1,0,0,,4.26854184662765e-19,1.27210824353717
VWA5B2,0,0,,4.26854184662765e-19,1.61561484279869
ANKRD20A1,0,0,,4.26854184662765e-19,1.79226564271824
ISM1,0,0,,4.26854184662765e-19,-1.20622147708092
WDR49,0,0,,4.26854184662765e-19,1.21740465170966
LRIT2,0,0,,4.26854184662765e-19,1.06110386659987
GZMM,0,0,,4.26854184662765e-19,1.17875352707224
TAFA5,0,0,,4.26854184662765e-19,-1.22409905618168
TBX10,0,0,,4.26854184662765e-19,1.40576727942985
LAIR2,0,0,,4.26854184662765e-19,-1.48855175263005
SLC5A12,0,0,,4.26854184662765e-19,1.17799571758275
LRRC10B,0,0,,4.26854184662765e-19,-1.33353594092135
REEP6,0,0,,4.26854184662765e-19,-1.11941027854458
FJX1,0,0,,4.26854184662765e-19,-1.69850661400437
RIPPLY3,0,0,,4.26854184662765e-19,-2.26083072843675
LRCH2,0,0,,4.26854184662765e-19,1.08805222079768
SFTPA2,0,0,,4.26854184662765e-19,1.09374057661478
PPP1R14A,0,0,,4.26854184662765e-19,1.1058267269307
MEIOB,0,0,,4.26854184662765e-19,1.60682528309382
MTNR1A,0,0,,4.26854184662765e-19,1.22699549398923
TTC24,0,0,,4.26854184662765e-19,1.35848454990844
BEND5,0,0,,4.26854184662765e-19,1.26938362963849
SALL2,0,0,,4.26854184662765e-19,1.11634310280665
SAMD9,0,0,,4.26854184662765e-19,1.13307415101047
MEOX2,0,0,,4.26854184662765e-19,1.50809760858226
SIGLEC8,0,0,,4.26854184662765e-19,1.13428594655568
APOC4-APOC2,0,0,,4.26854184662765e-19,-1.68976419381355
ZNF676,0,0,,4.26854184662765e-19,2.49783259230056
ROS1,0,0,,4.26854184662765e-19,1.29414456126439
FAM163A,0,0,,4.26854184662765e-19,1.10574899620593
GJA9,0,0,,4.26854184662765e-19,1.19918767728602
NRAP,0,0,,4.26854184662765e-19,1.77639767551997
RBPMS2,0,0,,4.26854184662765e-19,1.7306046691959
FILIP1,0,0,,4.26854184662765e-19,1.09363985713282
WFDC10B,0,0,,4.26854184662765e-19,-1.41892542731079
TRPC7,0,0,,4.26854184662765e-19,1.92430987731312
FNDC1,0,0,,4.26854184662765e-19,-1.34336026140639
FMN2,0,0,,4.26854184662765e-19,2.29945860590533
CABCOCO1,0,0,,4.26854184662765e-19,1.40342061178305
PADI1,0,0,,4.26854184662765e-19,-1.15626694733847
SLITRK5,0,0,,4.26854184662765e-19,1.49957858262679
LIMS2,0,0,,4.26854184662765e-19,1.11934915280539
KCNJ15,0,0,,4.26854184662765e-19,-1.65741823016325
EVX1,0,0,,4.26854184662765e-19,-1.24635147112813
SPATA12,0,0,,4.26854184662765e-19,-1.45548876348961
ZNF469,0,0,,4.26854184662765e-19,-1.04042441525862
OVCH1,0,0,,4.26854184662765e-19,1.13255543778346
ECRG4,0,0,,4.26854184662765e-19,2.3323318552919
SHISA3,0,0,,4.26854184662765e-19,1.36535554769521
DNAJC28,0,0,,4.26854184662765e-19,1.02840190009319
KLK12,0,0,,4.26854184662765e-19,-1.3518928544831
LRFN5,0,0,,4.26854184662765e-19,1.4069034793676
AMDHD1,0,0,,4.26854184662765e-19,-1.00711116314605
FAM177B,0,0,,4.26854184662765e-19,1.18073758003357
ITPRID1,0,0,,4.26854184662765e-19,1.73887208818634
STMN4,0,0,,4.26854184662765e-19,3.67143494052749
VWA5B1,0,0,,4.26854184662765e-19,1.43387154409951
RIIAD1,0,0,,4.26854184662765e-19,-1.05118825435883
SLC26A7,0,0,,4.26854184662765e-19,1.00458893998976
ANGPTL7,0,0,,4.26854184662765e-19,1.09017802427458
REG4,0,0,,4.26854184662765e-19,-1.16284957252
LYNX1,0,0,,4.26854184662765e-19,1.20558189211088
MALRD1,0,0,,4.26854184662765e-19,-1.19318040865504
ZNF492,0,0,,4.26854184662765e-19,1.19086946774174
KRT222,0,0,,4.26854184662765e-19,2.48003666257305
KHDRBS2,0,0,,4.26854184662765e-19,3.37913682936001
SLC35D3,0,0,,4.26854184662765e-19,-3.02740560823297
IGFL4,0,0,,4.26854184662765e-19,-2.84226720866042
NUTM1,0,0,,4.26854184662765e-19,1.55681991963304
WDR72,0,0,,4.26854184662765e-19,-1.43962857857271
PDZRN4,0,0,,4.26854184662765e-19,2.03110549124261
PCDHA9,0,0,,4.26854184662765e-19,1.13802729975462
IFNK,0,0,,4.26854184662765e-19,1.1413605077691
CCDC158,0,0,,4.26854184662765e-19,1.05150730290076
NPTX1,0,0,,4.26854184662765e-19,1.12482183867103
OR51E2,0,0,,4.26854184662765e-19,1.32787169475382
IGFL2,0,0,,4.26854184662765e-19,-1.26364656117508
CSMD2,0,0,,4.26854184662765e-19,-1.00583568268321
SYT3,0,0,,4.26854184662765e-19,-1.20615788089397
KRTAP13-2,0,0,,4.26854184662765e-19,3.16281298299271
SLITRK3,0,0,,4.26854184662765e-19,2.60349659105461
ELFN1,0,0,,4.26854184662765e-19,-1.18264630364442
RGS22,0,0,,4.26854184662765e-19,3.23154430181108
BEX1,0,0,,4.26854184662765e-19,1.57277204777709
ANKRD62,0,0,,4.26854184662765e-19,2.82170352857885
PALM3,0,0,,4.26854184662765e-19,-1.1034723527109
DUSP15,0,0,,4.26854184662765e-19,-1.03883150313246
C14orf180,0,0,,4.26854184662765e-19,3.46594602429513
C2CD6,0,0,,4.26854184662765e-19,1.37199974672863
TNS1,0,0,,4.26854184662765e-19,1.08845277999858
MRGPRF,0,0,,4.26854184662765e-19,1.00273057709558
CPXM2,0,0,,4.26854184662765e-19,1.03264973631073
KLK6,0,0,,4.26854184662765e-19,-4.91545978495319
SLITRK6,0,0,,4.26854184662765e-19,1.22840354075299
ERICH2,0,0,,4.26854184662765e-19,-1.02611771580758
TMEM179,0,0,,4.26854184662765e-19,1.379839759557
SERPINA10,0,0,,4.26854184662765e-19,-1.86838675865167
PANX2,0,0,,4.26854184662765e-19,-1.27903867686999
LRP1B,0,0,,4.26854184662765e-19,2.47023358227703
RAET1L,0,0,,4.26854184662765e-19,-3.35122423263729
PERM1,0,0,,4.26854184662765e-19,-1.24419892480742
OTOP3,0,0,,4.26854184662765e-19,3.41514527773043
FOXN1,0,0,,4.26854184662765e-19,1.02946429446019
ADAMTS18,0,0,,4.26854184662765e-19,-1.19816340111045
KIAA1549L,0,0,,4.26854184662765e-19,-1.65580747303004
PLCXD3,0,0,,4.26854184662765e-19,2.11530648344247
SLCO1B3-SLCO1B7,0,0,,4.26854184662765e-19,-3.65775860668093
EQTN,0,0,,4.26854184662765e-19,2.14855598308163
OR14A2,0,0,,4.26854184662765e-19,3.68366358205569
AFF2,0,0,,4.26854184662765e-19,1.23133197018647
MPPED2,0,0,,4.26854184662765e-19,1.0416777403275
RNF224,0,0,,4.26854184662765e-19,-1.02904026576987
TM4SF4,0,0,,4.26854184662765e-19,-2.00643037608083
ANKRD18B,0,0,,4.26854184662765e-19,-1.13299117444865
