ID,Description,GeneRatio,BgRatio,RichFactor,FoldEnrichment,zScore,pvalue,p.adjust,qvalue,geneID,Count
GO:0044282,small molecule catabolic process,102/1378,350/14924,0.291428571428571,3.15622641509434,13.0192553296595,4.76888360510634e-27,2.41639332270738e-23,2.06266765614547e-23,ALDH4A1/HYKK/CYP26B1/CDO1/ECHS1/ACADM/HPD/TST/HADH/PCK1/ALDH6A1/SULT1A2/ALDOB/ABAT/PNP/PIPOX/BDH2/SORD/DDAH1/NOS1/ECI2/ACAA1/DCXR/HAGH/ACADSB/CYP39A1/PPM1K/HOGA1/AMT/ACSS2/GCAT/HMGCLL1/PPARA/PHYH/ACOX2/ACAT1/AFMID/GLDC/QPRT/ADHFE1/DAO/DPEP1/PAH/UPP2/PCK2/HIBCH/CRYL1/SHMT1/LDHD/CYP27B1/TKFC/GK/GALM/ALDH2/GDA/QDPR/NTSR1/SLC27A2/ALDH1B1/SARDH/PLIN5/CYP4A11/MIOX/GLYCTK/CRYM/ALDH8A1/ALDH1L1/CYP4F3/AGXT/CYP4F2/FUT6/RIDA/FTCD/PRODH2/PCCA/FAAH/NQO2/GCDH/DHDH/AASS/GPT2/CYP3A4/XYLB/ADTRP/AMDHD1/ACACB/GPT/EHHADH/FUT5/AGXT2/CYP24A1/RENBP/ACMSD/CYP4F12/PFKFB2/FMO1/LEP/SULT1B1/UPB1/HGD/ACOT4/GCK,102
GO:0016054,organic acid catabolic process,75/1378,237/14924,0.316455696202532,3.42727489849534,12.0136156331929,1.52784860297576e-22,2.58053629042606e-19,2.20278242443066e-19,ALDH4A1/HYKK/CYP26B1/CDO1/ECHS1/ACADM/HPD/TST/HADH/PCK1/ALDH6A1/ABAT/PIPOX/BDH2/SORD/DDAH1/NOS1/ECI2/ACAA1/DCXR/ACADSB/PPM1K/HOGA1/AMT/GCAT/HMGCLL1/PPARA/PHYH/ACOX2/ACAT1/AFMID/GLDC/QPRT/ADHFE1/DAO/DPEP1/PAH/PCK2/HIBCH/CRYL1/SHMT1/LDHD/QDPR/SLC27A2/SARDH/PLIN5/CYP4A11/CRYM/ALDH8A1/ALDH1L1/CYP4F3/AGXT/CYP4F2/RIDA/FTCD/PRODH2/PCCA/FAAH/GCDH/AASS/GPT2/XYLB/ADTRP/AMDHD1/ACACB/GPT/EHHADH/AGXT2/RENBP/ACMSD/CYP4F12/FMO1/LEP/HGD/ACOT4,75
GO:0046395,carboxylic acid catabolic process,75/1378,237/14924,0.316455696202532,3.42727489849534,12.0136156331929,1.52784860297576e-22,2.58053629042606e-19,2.20278242443066e-19,ALDH4A1/HYKK/CYP26B1/CDO1/ECHS1/ACADM/HPD/TST/HADH/PCK1/ALDH6A1/ABAT/PIPOX/BDH2/SORD/DDAH1/NOS1/ECI2/ACAA1/DCXR/ACADSB/PPM1K/HOGA1/AMT/GCAT/HMGCLL1/PPARA/PHYH/ACOX2/ACAT1/AFMID/GLDC/QPRT/ADHFE1/DAO/DPEP1/PAH/PCK2/HIBCH/CRYL1/SHMT1/LDHD/QDPR/SLC27A2/SARDH/PLIN5/CYP4A11/CRYM/ALDH8A1/ALDH1L1/CYP4F3/AGXT/CYP4F2/RIDA/FTCD/PRODH2/PCCA/FAAH/GCDH/AASS/GPT2/XYLB/ADTRP/AMDHD1/ACACB/GPT/EHHADH/AGXT2/RENBP/ACMSD/CYP4F12/FMO1/LEP/HGD/ACOT4,75
GO:0015711,organic anion transport,97/1378,411/14924,0.236009732360097,2.55602993159804,10.202518776667,1.49562327470238e-18,1.89458078322924e-15,1.61724106204002e-15,CA4/EPM2A/LLGL2/SLC25A25/SLC16A5/SLC44A4/NPY5R/ABAT/SLC39A4/UMOD/FABP1/SLC22A7/SLC26A4/SLC13A2/SLC13A3/CR1/CEACAM1/SLC51B/KCNJ10/SLC7A8/PPARA/PLA2R1/SFXN5/SFXN2/SLC22A8/SLC22A6/SLC25A42/SLC38A4/BDKRB2/SLC36A2/G6PC1/SLC7A9/ATP1A2/NTRK2/SLC25A10/SLC22A12/SLC52A3/NTSR1/CASR/SLC27A2/SLC2A9/SLC22A3/SLC39A5/FOLR3/CYP4A11/SLC4A4/ABCB1/SLC7A10/MPC1/CES1/AGXT/CYP4F2/OXT/SLC4A9/SLC16A9/SLC22A1/ABCC8/ABCC6/MTTP/SLC16A11/GLTPD2/SLC4A11/SLC22A13/SLC26A7/ACACB/SLC7A7/SLC16A10/SLC26A6/PLA2G4F/AVPR1A/SLC4A1/SLC5A12/SLC23A1/SLC7A13/SLC26A3/SLC16A12/SLC22A24/LEP/SLC17A1/GRM1/SLC25A47/SLC38A3/PLA2G2A/RBP5/SLC22A11/SLC26A9/SLC2A2/SLC16A7/CLTRN/SLC6A17/SLC22A14/CACNB4/FOLR1/SLC51A/SLC10A2/ACE2/PLA2G12B,97
GO:1901605,alpha-amino acid metabolic process,60/1378,195/14924,0.307692307692308,3.33236574746009,10.4562142174465,1.27937243993407e-17,1.29651603062918e-14,1.10672449593454e-14,ALDH4A1/HYKK/CDO1/HPD/ALDH6A1/TTC36/MSRA/PIPOX/DDAH1/NOS1/BPHL/ACADSB/AGMAT/HOGA1/AMT/GCAT/HMGCLL1/IYD/ACAT1/AFMID/GLDC/CTH/QPRT/ADHFE1/DAO/DPEP1/ASS1/PAH/HIBCH/SHMT1/ADI1/QDPR/SARDH/NAT8L/CRYM/ALDH8A1/BHMT/AGXT/RIDA/FTCD/PRODH2/GCDH/GLYATL1/AASS/NAGS/GPT2/PHGDH/AMDHD1/SLC7A7/BHMT2/GLYAT/GPT/AGXT2/ACMSD/PSAT1/NOX4/HGD/HNF4A/ASPA/ASPG,60
GO:0003014,renal system process,46/1378,131/14924,0.351145038167939,3.80296701713957,10.2771489097168,2.86395907809825e-16,2.41861344145397e-13,2.06456278103609e-13,CORO2B/SCNN1B/UMOD/WNK4/AQP2/CLDN16/SLC12A3/SLC5A2/KCNQ1/AQP1/BTC/SLC22A6/HSD11B2/KCNJ1/TRPV5/NPHS2/CLCNKA/PTPRO/CLDN19/SLC22A12/CLCNKB/AMN/CYP4A11/AVPR2/ATP6V1B1/SUCNR1/CYP4F2/OXT/SLC15A2/SCN11A/WNK3/NPR1/KLHL3/AGTR1/CLCN5/AQP3/SLC4A1/CYP4F12/NPR3/AQP6/OIT3/REN/AQP4/ATP6V0A4/HBB/TACR1,46
GO:0006520,amino acid metabolic process,70/1378,272/14924,0.257352941176471,2.78718091009989,9.48749710783731,9.44662610561928e-16,6.83800778245328e-13,5.83702055157739e-13,ALDH4A1/HYKK/CDO1/ACY1/ECHS1/HPD/ALDH6A1/ABAT/TTC36/MSRA/PEPD/PIPOX/DDAH1/NOS1/BPHL/ACADSB/AGMAT/PPM1K/HOGA1/AMT/GCAT/HMGCLL1/IYD/ACAT1/AFMID/GLDC/CTH/QPRT/ADHFE1/DAO/DPEP1/ASS1/PAH/HIBCH/SHMT1/DDC/ADI1/QDPR/DIO1/SARDH/NAT8L/CRYM/ALDH8A1/BHMT/AGXT/RIDA/FTCD/PRODH2/PM20D1/PCCA/GCDH/GLYATL1/AASS/NAGS/GPT2/PHGDH/AMDHD1/SLC7A7/BHMT2/GLYAT/GPT/AGXT2/ACMSD/PSAT1/NOX4/UPB1/HGD/HNF4A/ASPA/ASPG,70
GO:0009063,amino acid catabolic process,39/1378,107/14924,0.364485981308411,3.94745194850996,9.75900689154029,1.28515165019545e-14,7.75653661438316e-12,6.6210898067995e-12,ALDH4A1/HYKK/CDO1/ECHS1/HPD/ALDH6A1/ABAT/PIPOX/DDAH1/NOS1/ACADSB/PPM1K/HOGA1/AMT/GCAT/HMGCLL1/ACAT1/AFMID/GLDC/ADHFE1/DAO/PAH/HIBCH/SHMT1/QDPR/SARDH/CRYM/ALDH8A1/AGXT/RIDA/FTCD/PRODH2/AASS/GPT2/AMDHD1/GPT/AGXT2/ACMSD/HGD,39
GO:0046942,carboxylic acid transport,75/1378,318/14924,0.235849056603774,2.55428978284087,8.935668457352,1.37771520681761e-14,7.75653661438316e-12,6.6210898067995e-12,EPM2A/LLGL2/SLC16A5/NPY5R/ABAT/UMOD/FABP1/SLC22A7/SLC26A4/SLC13A2/SLC13A3/CEACAM1/SLC51B/KCNJ10/SLC7A8/PPARA/PLA2R1/SFXN5/SFXN2/SLC22A8/SLC22A6/SLC38A4/BDKRB2/SLC36A2/SLC7A9/ATP1A2/NTRK2/SLC25A10/NTSR1/CASR/SLC27A2/SLC22A3/FOLR3/CYP4A11/ABCB1/SLC7A10/MPC1/CES1/AGXT/CYP4F2/OXT/SLC16A9/SLC22A1/ABCC8/ABCC6/SLC16A11/SLC22A13/SLC26A7/ACACB/SLC7A7/SLC16A10/SLC26A6/PLA2G4F/AVPR1A/SLC5A12/SLC23A1/SLC7A13/SLC26A3/SLC16A12/LEP/GRM1/SLC38A3/PLA2G2A/RBP5/SLC22A11/SLC26A9/SLC16A7/CLTRN/SLC6A17/CACNB4/FOLR1/SLC51A/SLC10A2/ACE2/PLA2G12B,75
GO:0015849,organic acid transport,75/1378,319/14924,0.235109717868339,2.54628260483823,8.90390615029195,1.64358406717425e-14,8.32804046837192e-12,7.10893361265157e-12,EPM2A/LLGL2/SLC16A5/NPY5R/ABAT/UMOD/FABP1/SLC22A7/SLC26A4/SLC13A2/SLC13A3/CEACAM1/SLC51B/KCNJ10/SLC7A8/PPARA/PLA2R1/SFXN5/SFXN2/SLC22A8/SLC22A6/SLC38A4/BDKRB2/SLC36A2/SLC7A9/ATP1A2/NTRK2/SLC25A10/NTSR1/CASR/SLC27A2/SLC22A3/FOLR3/CYP4A11/ABCB1/SLC7A10/MPC1/CES1/AGXT/CYP4F2/OXT/SLC16A9/SLC22A1/ABCC8/ABCC6/SLC16A11/SLC22A13/SLC26A7/ACACB/SLC7A7/SLC16A10/SLC26A6/PLA2G4F/AVPR1A/SLC5A12/SLC23A1/SLC7A13/SLC26A3/SLC16A12/LEP/GRM1/SLC38A3/PLA2G2A/RBP5/SLC22A11/SLC26A9/SLC16A7/CLTRN/SLC6A17/CACNB4/FOLR1/SLC51A/SLC10A2/ACE2/PLA2G12B,75
GO:1901606,alpha-amino acid catabolic process,36/1378,94/14924,0.382978723404255,4.14773183460458,9.76423493318203,2.26248118475381e-14,1.04218110574069e-11,8.89620592167789e-12,ALDH4A1/HYKK/CDO1/HPD/ALDH6A1/PIPOX/DDAH1/NOS1/ACADSB/HOGA1/AMT/GCAT/HMGCLL1/ACAT1/AFMID/GLDC/ADHFE1/DAO/PAH/HIBCH/SHMT1/QDPR/SARDH/CRYM/ALDH8A1/AGXT/RIDA/FTCD/PRODH2/AASS/GPT2/AMDHD1/GPT/AGXT2/ACMSD/HGD,36
GO:0170039,proteinogenic amino acid metabolic process,49/1378,164/14924,0.298780487804878,3.23584905660377,9.18265713238871,4.43146871646699e-14,1.87118766552818e-11,1.59727236455814e-11,ALDH4A1/CDO1/HPD/ALDH6A1/TTC36/MSRA/PIPOX/DDAH1/NOS1/ACADSB/AGMAT/AMT/GCAT/HMGCLL1/IYD/ACAT1/AFMID/GLDC/QPRT/ADHFE1/DAO/ASS1/PAH/HIBCH/SHMT1/ADI1/QDPR/NAT8L/BHMT/AGXT/RIDA/FTCD/PRODH2/GCDH/GLYATL1/AASS/NAGS/GPT2/PHGDH/AMDHD1/BHMT2/GLYAT/GPT/AGXT2/ACMSD/PSAT1/HGD/ASPA/ASPG,49
GO:0006814,sodium ion transport,59/1378,228/14924,0.258771929824561,2.80254882489242,8.74786418143817,1.36303712269311e-13,5.16463884653125e-11,4.40860906389058e-11,SLC9A3/SLC34A1/SCNN1B/UMOD/NOS1/WNK4/SLC13A2/SLC13A3/ATP1A1/ANK3/SLC12A3/SLC5A2/SLC6A19/KCNQ1/SLC12A1/ATP1B2/CNGA1/KCNJ1/SLC38A4/SCNN1G/ATP1A2/SLC8A1/PRSS8/SLC9A4/SLC5A11/CLCNKB/FXYD4/ASIC2/SCNN1A/CNTN1/SLC4A4/ATP6V1B1/NEDD4L/SLC4A9/SCN7A/SCN11A/WNK3/SCN2A/KLHL3/SLC34A3/SLC4A11/SLC13A1/GPD1L/SCN3A/SLC5A12/SLC23A1/MCOLN3/WNK2/TRPM5/SLC17A1/SLC9A2/SLC38A3/SLC5A10/FXYD3/SLC6A17/SLC6A4/ATP12A/SLC10A2/NKAIN4,59
GO:0072001,renal system development,74/1378,325/14924,0.227692307692308,2.46595065312046,8.52209988566989,1.42697738013494e-13,5.16463884653125e-11,4.40860906389058e-11,PDGFRA/CYP26B1/SFRP1/TCF21/GPC3/SLC34A1/FREM2/UMOD/TEK/FGF1/WNK4/AQP2/CDKN1C/ALDH1A2/COL4A3/IRX1/CAT/ACAT1/AQP1/SLC22A6/ASS1/KCNJ1/PROX1/NPHS2/NPHS1/NPNT/CALB1/GCNT4/PTPRO/DDC/GATA3/CTSH/MME/PKHD1/IRX2/FOXC1/EPCAM/PBX1/ADAMTS16/TACSTD2/RET/CYP4A11/TFAP2B/CYP4A22/MAGI2/LHX1/HPGD/ITGA8/ERBB4/MYOCD/COL4A4/OVOL1/SLC22A1/PODXL/KLHL3/PROM1/AGTR1/HMGCS2/DACT2/SIM1/KLF15/BMP7/WNT9B/WT1/FGF10/RBP4/EGR1/SLIT2/REN/ROBO2/TFAP2A/GDNF/FOXJ1/STRA6,74
GO:0001822,kidney development,72/1378,314/14924,0.229299363057325,2.48335536594159,8.4728997063199,2.11880352884591e-13,7.1573183204415e-11,6.10958856142306e-11,PDGFRA/CYP26B1/SFRP1/TCF21/GPC3/SLC34A1/FREM2/UMOD/TEK/FGF1/WNK4/AQP2/CDKN1C/ALDH1A2/COL4A3/IRX1/CAT/ACAT1/AQP1/SLC22A6/ASS1/KCNJ1/PROX1/NPHS2/NPHS1/NPNT/CALB1/GCNT4/PTPRO/DDC/GATA3/CTSH/MME/PKHD1/IRX2/FOXC1/EPCAM/PBX1/ADAMTS16/TACSTD2/RET/CYP4A11/TFAP2B/CYP4A22/MAGI2/LHX1/HPGD/ITGA8/ERBB4/COL4A4/OVOL1/SLC22A1/PODXL/KLHL3/PROM1/AGTR1/HMGCS2/DACT2/SIM1/KLF15/BMP7/WNT9B/WT1/FGF10/EGR1/SLIT2/REN/ROBO2/TFAP2A/GDNF/FOXJ1/STRA6,72
GO:0170033,L-amino acid metabolic process,48/1378,166/14924,0.289156626506024,3.1316208229143,8.80840729032137,3.14842716638074e-13,9.97067528253202e-11,8.51111001753847e-11,ALDH4A1/CDO1/HPD/ALDH6A1/TTC36/MSRA/PIPOX/DDAH1/NOS1/ACADSB/AGMAT/HOGA1/GCAT/HMGCLL1/IYD/ACAT1/AFMID/QPRT/ADHFE1/DAO/ASS1/PAH/HIBCH/SHMT1/ADI1/QDPR/NAT8L/ALDH8A1/BHMT/AGXT/RIDA/FTCD/PRODH2/GCDH/GLYATL1/AASS/NAGS/GPT2/PHGDH/AMDHD1/BHMT2/GPT/AGXT2/ACMSD/PSAT1/HGD/ASPA/ASPG,48
GO:0170040,proteinogenic amino acid catabolic process,31/1378,82/14924,0.378048780487805,4.09433962264151,8.96139939710567,2.16069087425773e-12,6.44012979991995e-10,5.49738625530961e-10,ALDH4A1/CDO1/HPD/ALDH6A1/PIPOX/DDAH1/NOS1/ACADSB/AMT/GCAT/HMGCLL1/ACAT1/AFMID/GLDC/ADHFE1/DAO/PAH/HIBCH/SHMT1/QDPR/AGXT/RIDA/FTCD/PRODH2/AASS/GPT2/AMDHD1/GPT/AGXT2/ACMSD/HGD,31
GO:0170035,L-amino acid catabolic process,31/1378,83/14924,0.373493975903614,4.04501022959764,8.87244594806929,3.14730130925663e-12,8.85965318555741e-10,7.56272577762309e-10,ALDH4A1/CDO1/HPD/ALDH6A1/PIPOX/DDAH1/NOS1/ACADSB/HOGA1/GCAT/HMGCLL1/ACAT1/AFMID/ADHFE1/DAO/PAH/HIBCH/SHMT1/QDPR/ALDH8A1/AGXT/RIDA/FTCD/PRODH2/AASS/GPT2/AMDHD1/GPT/AGXT2/ACMSD/HGD,31
GO:0035725,sodium ion transmembrane transport,46/1378,168/14924,0.273809523809524,2.96540880503145,8.17090869581235,8.15520943243078e-12,2.17486558916457e-09,1.85649615278992e-09,SLC9A3/SLC34A1/SCNN1B/NOS1/WNK4/SLC13A2/SLC13A3/ATP1A1/SLC12A3/SLC5A2/SLC6A19/SLC12A1/ATP1B2/CNGA1/SLC38A4/SCNN1G/ATP1A2/SLC8A1/SLC9A4/SLC5A11/FXYD4/ASIC2/SCNN1A/SLC4A4/NEDD4L/SLC4A9/SCN7A/SCN11A/WNK3/SCN2A/SLC34A3/SLC4A11/SLC13A1/SCN3A/SLC5A12/SLC23A1/MCOLN3/WNK2/TRPM5/SLC17A1/SLC9A2/SLC5A10/FXYD3/SLC6A17/SLC6A4/ATP12A,46
GO:0009636,response to toxic substance,57/1378,238/14924,0.239495798319328,2.5937846836848,7.90521176224089,1.10006181326489e-11,2.78700660390661e-09,2.37902841616076e-09,FBLN5/TRPM6/SOD3/MT1G/EPHX2/MT1F/FECH/AKR7A3/SLC47A2/MT1E/FABP1/MT1H/BPHL/HAGH/GCH1/ALAD/GSTO2/ABTB2/INMT/CAT/SLC22A8/PTPN13/ASS1/GPX3/NHERF4/MT1M/DDC/ALDH2/PRKN/MT1X/GSTM3/ALB/SLC22A3/ABCB1/PDZK1/MTARC2/CES1/SLC15A2/SCN11A/SLC22A1/RAB29/GLYAT/BMP7/APOM/SLC23A1/GPX2/TTPA/FOS/AMBP/MT2A/RDH12/HBB/DUOX2/MPO/SLC6A4/MT1A/GSTA1,57
GO:0006805,xenobiotic metabolic process,37/1378,118/14924,0.313559322033898,3.39590661976335,8.33372492172077,1.16729813879399e-11,2.81652365203292e-09,2.4042245876213e-09,FMO5/CYP26B1/SULT1A2/NOS1/SLC22A7/ACAA1/BPHL/GSTO2/AOX1/ALDH2/GSTM3/FMO4/ABCB1/CYP4F2/SLC22A1/CYP3A4/CYP2C18/UGT2B7/GLYAT/UGT2B17/CYP2B6/ACSM2B/CYP4F12/CMBL/SLC28A2/CYP3A7/FMO1/SULT1B1/UGT2B11/HNF4A/BCHE/NAT2/UGT1A9/GSTA1/UGT2B15/GSTA2/CYP2C9,37
GO:0015698,inorganic anion transport,41/1378,146/14924,0.280821917808219,3.04135435513052,7.90558730426261,4.6658416472616e-11,1.07462816484884e-08,9.17317862612341e-09,ENPP1/CLIC5/SLC34A1/TMC4/WNK4/SLC26A4/ADAMTS8/SLC12A3/KCNQ1/SLC22A8/SLC22A6/SLC12A1/VDR/CLCNKA/SLC25A10/CLCNKB/CASR/SLC4A4/ABCB1/ANO3/SLC4A9/ABCC6/SLC34A3/SLC4A11/CLCN5/SLC26A7/SLC13A1/SLC26A6/SLC4A1/ANO5/SLC26A3/AQP6/GABRP/SLC17A1/GABRA2/CA2/SLC22A11/SLC26A9/GABRB2/BSND/FXYD3,41
GO:0007586,digestion,36/1378,119/14924,0.302521008403361,3.27635960044395,7.95165056707954,6.98780668883277e-11,1.53944419531807e-08,1.3140914272043e-08,UCN3/NEGR1/WNK4/CYP39A1/NPC1L1/KCNQ1/AQP1/DAO/PBLD/VDR/ACO1/SLC9A4/SOAT2/ABCB1/OXT/SLC4A9/CEL/PRAP1/WNK3/APOA1/SLC26A7/VIL1/CYP8B1/SLC26A6/MUC6/PPARGC1A/FGF10/RBP4/LDLR/LEP/MUC13/PTGER3/MOGAT2/MUC4/SERPINA3/ENPP7,36
GO:0008217,regulation of blood pressure,46/1378,179/14924,0.256983240223464,2.78317697902393,7.65500922530303,8.71591127242643e-11,1.84014676739103e-08,1.57077541308773e-08,NPY1R/CORO2B/ABAT/SCNN1B/UMOD/DDAH1/NOS1/WNK4/GCH1/ATP1A1/PPARA/KCNQ1/HSD11B2/SCNN1G/PTPRO/ATP1A2/MME/NTSR1/ADAMTS16/KL/ASIC2/SCNN1A/CYP4A11/AVPR2/SUCNR1/CYP4F2/OXT/ACSM3/BDKRB1/NPR1/AGTR1/GCGR/RENBP/AVPR1A/ANPEP/CYP4F12/NPR3/LEP/KLK1/REN/ADRB1/HBB/TACR1/ACE2/MYH6/ADRA1A,46
GO:0009410,response to xenobiotic stimulus,77/1378,393/14924,0.195928753180662,2.12194536463584,7.18898164961267,1.28436315132105e-10,2.6031472350975e-08,2.22208344790661e-08,C1orf115/FMO5/CYP26B1/SFRP1/CRHBP/HADH/FECH/SULT1A2/ABAT/PNP/SLC34A1/SCNN1B/UMOD/NOS1/FBP1/WNK4/SLC22A7/ACAA1/BPHL/ATP1A1/EMX1/ALAD/GSTO2/AOX1/CAT/KCNQ1/HSD11B2/ASS1/IGFBP2/MYO6/GATA3/ALDH2/SLC22A12/PRKN/GSTM3/MT-ND1/FMO4/ASIC2/TFAP2B/ABCB1/NTRK1/CYP4F2/SCN11A/SLC22A1/ABCC8/ABCC6/CYP3A4/CYP2C18/ACACB/HMGCS2/UGT2B7/GLYAT/UGT2B17/CYP2B6/ACSM2B/CYP4F12/RBP4/CMBL/SLC28A2/CYP3A7/FMO1/UCHL1/FOSB/REN/SULT1B1/FOS/UGT2B11/HNF4A/BCHE/SLC6A4/NAT2/UGT1A9/GSTA1/UGT2B15/GSTA2/CYP2C9/ADRA1A,77
GO:0022600,digestive system process,32/1378,100/14924,0.32,3.46566037735849,7.89037593747017,1.57934016173095e-10,3.07789099980412e-08,2.62733146743015e-08,NEGR1/WNK4/NPC1L1/KCNQ1/AQP1/PBLD/VDR/ACO1/SLC9A4/SOAT2/ABCB1/OXT/SLC4A9/CEL/PRAP1/WNK3/APOA1/SLC26A7/VIL1/CYP8B1/SLC26A6/MUC6/FGF10/RBP4/LDLR/LEP/MUC13/PTGER3/MOGAT2/MUC4/SERPINA3/ENPP7,32
GO:0072073,kidney epithelium development,40/1378,146/14924,0.273972602739726,2.96717498061515,7.61831159442172,1.83349027580252e-10,3.44085008425606e-08,2.93715849640255e-08,SFRP1/TCF21/GPC3/UMOD/FGF1/WNK4/IRX1/CAT/ACAT1/AQP1/SLC22A6/NPHS2/NPHS1/NPNT/CALB1/PTPRO/GATA3/IRX2/FOXC1/EPCAM/PBX1/ADAMTS16/TACSTD2/RET/TFAP2B/MAGI2/LHX1/SLC22A1/PODXL/KLHL3/PROM1/SIM1/KLF15/BMP7/WNT9B/WT1/SLIT2/ROBO2/GDNF/FOXJ1,40
GO:0042445,hormone metabolic process,50/1378,218/14924,0.229357798165138,2.4839882291847,7.03977153183545,1.02037891923958e-09,1.82323232553656e-07,1.556337005314e-07,ADH1B/PDGFRA/ADH1C/CYP26B1/CRHBP/DHRS11/SCNN1B/ADH6/ATP1A1/ALDH1A2/IYD/DHRS4/GCNT4/GATA3/MME/CYP17A1/DIO1/PCSK1N/KLK6/CRYM/ALDH8A1/GHR/BMP5/CEL/CYP3A4/CYP2C18/SLC26A7/UGT2B7/SLC16A10/UGT2B17/ADH1A/ANPEP/RBP4/EGR1/CYP3A7/LEP/REN/SULT1B1/UGT2B11/RDH12/DUOX2/BCHE/HSD3B2/UGT1A9/DIO3/ACE2/UGT2B15/HSD17B2/CYP2C9/SLC30A8,50
GO:0072006,nephron development,40/1378,154/14924,0.25974025974026,2.81303602058319,7.21312881312163,1.04349195659286e-09,1.82323232553656e-07,1.556337005314e-07,PDGFRA/TCF21/GPC3/UMOD/TEK/FGF1/WNK4/COL4A3/IRX1/ACAT1/AQP1/SLC22A6/NPHS2/NPHS1/NPNT/CALB1/PTPRO/GATA3/IRX2/FOXC1/PBX1/ADAMTS16/TACSTD2/RET/TFAP2B/MAGI2/LHX1/ERBB4/COL4A4/SLC22A1/PODXL/KLHL3/PROM1/KLF15/BMP7/WNT9B/WT1/EGR1/GDNF/FOXJ1,40
GO:0010817,regulation of hormone levels,88/1378,498/14924,0.176706827309237,1.91376828066985,6.61492506150708,1.53974300308345e-09,2.60062593220795e-07,2.21993122795435e-07,ADH1B/PDGFRA/DOC2B/ECRG4/UCN3/ADH1C/RAPGEF3/CYP26B1/ADRA2C/CRHBP/DHRS11/HADH/ABAT/SCNN1B/WNK4/ADH6/ATP1A1/ALDH1A2/IYD/SLC7A8/DHRS4/KCNQ1/AQP1/FAM3B/PCK2/GCNT4/TBX3/GATA3/MME/PRKN/CYP17A1/DIO1/TRPV6/PCSK1N/CASR/ILDR1/KLK6/SYT7/GPR27/TFAP2B/CRYM/ALDH8A1/ABCB1/GHR/BMP5/MLXIPL/CEL/ABCC8/CYP3A4/AGTR1/CYP2C18/SYTL4/SLC26A7/UGT2B7/SLC16A10/UGT2B17/ADH1A/ANPEP/RBP4/EGR1/RAB11FIP3/TRPM5/CYP3A7/PFKFB2/LEP/REN/SULT1B1/ILDR2/UGT2B11/RDH12/HNF4A/SLC2A2/DUOX2/CLTRN/BCHE/ACVR1C/HSD3B2/GCK/TACR1/TRPV4/UGT1A9/DIO3/ACE2/UGT2B15/HSD17B2/HCAR2/CYP2C9/SLC30A8,88
GO:0071466,cellular response to xenobiotic stimulus,44/1378,182/14924,0.241758241758242,2.61828737300435,7.00584103310042,1.80922274438127e-09,2.9572037567032e-07,2.52431112280565e-07,FMO5/CYP26B1/CRHBP/SULT1A2/NOS1/FBP1/WNK4/SLC22A7/ACAA1/BPHL/GSTO2/AOX1/KCNQ1/ALDH2/GSTM3/FMO4/ASIC2/ABCB1/CYP4F2/SLC22A1/CYP3A4/CYP2C18/UGT2B7/GLYAT/UGT2B17/CYP2B6/ACSM2B/CYP4F12/CMBL/SLC28A2/CYP3A7/FMO1/UCHL1/REN/SULT1B1/UGT2B11/HNF4A/BCHE/NAT2/UGT1A9/GSTA1/UGT2B15/GSTA2/CYP2C9,44
GO:0006575,modified amino acid metabolic process,43/1378,176/14924,0.244318181818182,2.64601200686106,7.00599641803941,1.9534663543755e-09,3.09319188050646e-07,2.64039251648979e-07,GSTM5/ALDH4A1/ACADM/GATM/HAGH/HOGA1/GCH1/GSTO2/IYD/DPEP1/ASS1/SLC25A42/SHMT1/GGACT/CHDH/GCNT4/GATA3/DIO1/GSTM3/GGT6/SARDH/CRYM/ALDH1L1/BHMT/FTCD/GGH/SLC26A7/BBOX1/BHMT2/SLC16A10/DMGDH/AGXT2/NAT8/SULT1B1/VNN1/DUOX2/CKMT1B/CKB/FOLR1/DIO3/GSTA1/GSTA2/CKMT1A,43
GO:0072329,monocarboxylic acid catabolic process,34/1378,122/14924,0.278688524590164,3.01824930405196,7.13907047868454,2.59280182087598e-09,3.89934635550851e-07,3.32853742477838e-07,CYP26B1/ECHS1/ACADM/HADH/PCK1/BDH2/SORD/ECI2/ACAA1/DCXR/HOGA1/PPARA/PHYH/ACOX2/ACAT1/PCK2/CRYL1/LDHD/SLC27A2/PLIN5/CYP4A11/CYP4F3/AGXT/CYP4F2/PCCA/FAAH/GCDH/XYLB/ADTRP/ACACB/EHHADH/AGXT2/CYP4F12/LEP,34
GO:0098754,detoxification,37/1378,140/14924,0.264285714285714,2.8622641509434,7.06084156410899,2.61649449550601e-09,3.89934635550851e-07,3.32853742477838e-07,FBLN5/SOD3/MT1G/MT1F/AKR7A3/SLC47A2/MT1E/FABP1/MT1H/HAGH/GCH1/GSTO2/CAT/GPX3/MT1M/ALDH2/MT1X/GSTM3/ALB/SLC22A3/ABCB1/PDZK1/MTARC2/SLC15A2/SLC22A1/RAB29/BMP7/APOM/GPX2/AMBP/MT2A/RDH12/HBB/DUOX2/MPO/MT1A/GSTA1,37
GO:0055078,sodium ion homeostasis,18/1378,40/14924,0.45,4.87358490566038,7.82402784511062,3.35288476722825e-09,4.76686182463534e-07,4.06906094905667e-07,SCNN1B/UMOD/ATP1A1/SLC12A3/SLC12A1/ATP1B2/SCNN1G/ATP1A2/SLC8A1/SCNN1A/CYP4A11/ATP6V1B1/CYP4F2/SCN7A/NPR1/AGTR1/CYP4F12/ATP12A,18
GO:0006631,fatty acid metabolic process,72/1378,383/14924,0.18798955613577,2.03596236267796,6.55078536108151,3.38675795711214e-09,4.76686182463534e-07,4.06906094905667e-07,LIPG/ECHS1/ACADM/PTGDS/HADH/PCK1/ACSF2/PRKAR2B/BDH2/ECI2/ACAA1/ACADSB/CEACAM1/ACSS2/PPARA/PHYH/ACOX2/ACAT1/SCD5/PTGR1/PCK2/CRYL1/ACOT12/SLC27A2/ACSL6/FMO4/HAO2/ACOT11/PLIN5/CYP4A11/CYP4A22/ATP6V1B1/HPGD/CES1/CYP4F3/CYP4F2/MLXIPL/FA2H/PM20D1/PCCA/FAAH/GCDH/ACSM3/CYP3A4/CYP2C18/SLC22A13/ADTRP/ACACB/ANGPTL3/EHHADH/PPARGC1A/PLP1/CYP2B6/PLA2G4F/ACSM2B/AVPR1A/CYP4F12/LPL/ACOT1/FMO1/ECHDC3/LEP/TYRP1/FADS6/ACSM2A/ACOT6/PNPLA3/ACSBG2/ACOT4/UGT1A9/GSTA1/CYP2C9,72
GO:0006790,sulfur compound metabolic process,54/1378,257/14924,0.21011673151751,2.27560384700095,6.5789847339162,6.24822202668926e-09,8.31421686409537e-07,7.09713358772821e-07,GSTM5/ENPP1/CDO1/TST/CHST5/SULT1A2/ACSF2/MSRA/PIPOX/BPHL/HAGH/PANK1/ACSS2/GSTO2/SUCLG2/ACAT1/CTH/DPEP1/ACOT12/ACP3/SLC25A10/ADI1/SUCLG1/GSTM3/SLC27A2/ACSL6/GGT6/ACOT11/GAL3ST3/GHR/BHMT/AGXT/GCDH/ACSM3/AASS/PHGDH/ACACB/HMGCS2/BHMT2/GLYAT/ACSM2B/SLC19A3/ACOT1/FMO1/NAT8/ACSM2A/SULT1B1/ACOT6/NOX4/VNN1/ACSBG2/ACOT4/GSTA1/GSTA2,54
GO:0098659,inorganic cation import across plasma membrane,33/1378,120/14924,0.275,2.97830188679245,6.93970153631272,6.39933802446654e-09,8.31421686409537e-07,7.09713358772821e-07,ANK2/SLC9A3/KCNJ12/SLC39A4/SLC34A1/SCNN1B/KCNJ10/ATP1A1/SLC12A3/SLC5A2/KCNQ1/SLC12A1/ATP1B2/KCNJ1/TRPV5/SCNN1G/ATP1A2/SLC8A1/SLC9A4/KCNJ15/TRPV6/SLC39A5/KCNK5/SCNN1A/NEDD4L/ABCC8/KCNJ16/SLC9A2/KCNJ3/ATP12A/TRPV4/KCNJ13/SLC30A8,33
GO:0099587,inorganic ion import across plasma membrane,33/1378,120/14924,0.275,2.97830188679245,6.93970153631272,6.39933802446654e-09,8.31421686409537e-07,7.09713358772821e-07,ANK2/SLC9A3/KCNJ12/SLC39A4/SLC34A1/SCNN1B/KCNJ10/ATP1A1/SLC12A3/SLC5A2/KCNQ1/SLC12A1/ATP1B2/KCNJ1/TRPV5/SCNN1G/ATP1A2/SLC8A1/SLC9A4/KCNJ15/TRPV6/SLC39A5/KCNK5/SCNN1A/NEDD4L/ABCC8/KCNJ16/SLC9A2/KCNJ3/ATP12A/TRPV4/KCNJ13/SLC30A8,33
GO:0050891,multicellular organismal-level water homeostasis,15/1378,30/14924,0.5,5.41509433962264,7.72044054919567,1.14451059420546e-08,1.44980879520977e-06,1.23757737673428e-06,SCNN1B/UMOD/AQP2/AQP1/SCNN1G/SCNN1A/CYP4A11/AVPR2/ATP6V1B1/CYP4F2/AQP3/CYP4F12/AQP6/AQP4/TRPV4,15
GO:0072009,nephron epithelium development,32/1378,117/14924,0.273504273504274,2.96210288663119,6.7956078918815,1.25081161247429e-08,1.5458201074164e-06,1.31953399631755e-06,TCF21/GPC3/UMOD/FGF1/WNK4/IRX1/ACAT1/AQP1/SLC22A6/NPHS2/NPHS1/NPNT/CALB1/PTPRO/GATA3/IRX2/FOXC1/PBX1/ADAMTS16/TACSTD2/TFAP2B/MAGI2/LHX1/SLC22A1/PODXL/KLHL3/PROM1/KLF15/WNT9B/WT1/GDNF/FOXJ1,32
GO:0015850,organic hydroxy compound transport,52/1378,248/14924,0.209677419354839,2.27084601339014,6.43668213015232,1.28281473384899e-08,1.54762434676496e-06,1.32107412064799e-06,ECRG4/ADRA2C/LIPG/CXCL12/AQP7/ABAT/ABCA8/NOS1/WNK4/NPC1L1/AQP2/CEACAM1/SLC51B/EGF/KCNQ1/AQP1/GPM6B/SYT1/PRKN/SOAT2/SLC5A11/SLC22A3/ABCA4/SYT7/GRAMD1C/CES1/OXT/RAB3B/SLC22A1/GRAMD1B/MTTP/APOA1/AGTR1/ACACB/CHRNA4/SLC26A6/APOM/AQP3/SLC19A3/SLC5A12/RBP4/LDLR/SLC22A24/REN/GDNF/SLC16A7/SLC6A4/SLC51A/ABCA13/SLC10A2/OSBPL6/STRA6,52
GO:0070293,renal absorption,18/1378,44/14924,0.409090909090909,4.43053173241853,7.2683102360289,2.1249832951579e-08,2.50402101315467e-06,2.1374678971368e-06,UMOD/WNK4/CLDN16/SLC12A3/SLC5A2/KCNQ1/AQP1/KCNJ1/CLCNKA/CLDN19/CLCNKB/AMN/AVPR2/SLC15A2/WNK3/KLHL3/AQP3/HBB,18
GO:0006066,alcohol metabolic process,62/1378,331/14924,0.187311178247734,2.02861540215471,6.03589771156258,4.81433901590665e-08,5.54414904399978e-06,4.73256435798097e-06,ADH1B/ADH1C/FMO5/PTH1R/MOXD1/EPHX2/FECH/PCK1/SULT1A2/SLC34A1/SCNN1B/SORD/FGF1/ADH6/CYP39A1/NPC1L1/ACSS2/GCH1/ALDH1A2/DHRS4/CAT/NUDT10/HSD11B2/SPHK2/PCK2/ACP3/CYP27B1/TKFC/GK/ALDH2/QDPR/CYP17A1/SOAT2/NTSR1/ALDH1B1/MIOX/TM7SF2/BMP5/CES1/CEL/CYP3A4/APOA1/AGTR1/CYP2C18/GDPD3/ANGPTL3/HMGCS2/DBH/CYP24A1/INPP5J/ADH1A/RBP4/LDLR/CYP3A7/LEP/SULT1B1/MOGAT2/RDH12/CUBN/IP6K3/CYP2C9/MOGAT1,62
GO:0001656,metanephros development,26/1378,88/14924,0.295454545454545,3.19982847341338,6.6011391161367,5.19053240344806e-08,5.84453948628251e-06,4.98898190544282e-06,PDGFRA/TCF21/GPC3/UMOD/AQP2/IRX1/ACAT1/AQP1/SLC22A6/NPHS2/CALB1/CTSH/IRX2/RET/TFAP2B/LHX1/ITGA8/SLC22A1/BMP7/WNT9B/WT1/FGF10/EGR1/ROBO2/GDNF/FOXJ1,26
GO:0016042,lipid catabolic process,59/1378,310/14924,0.190322580645161,2.06122945830797,6.02216617153328,5.66421504427194e-08,6.2392560063752e-06,5.32591753247446e-06,CYP26B1/LIPG/ECHS1/ACADM/HADH/PCK1/ENPP6/BDH2/ECI2/ACAA1/CYP39A1/PLCXD3/PPARA/PHYH/ACOX2/ACAT1/DPEP1/PLAAT2/PCK2/CIDEC/CYP27B1/NEU4/SLC27A2/PLIN5/CYP4A11/LIPH/PLCXD2/HPGD/CES1/CYP4F3/CYP4F2/CEL/PCCA/FAAH/GCDH/CYP3A4/ADTRP/GDPD3/ACACB/ANGPTL3/EHHADH/PLA2G4F/PLCH2/CYP24A1/CYP4F12/LPL/LDLR/LEP/PNPLA1/GBA3/PLA2G2A/PNPLA3/ENDOU/PLCZ1/ENPP7/ETNPPL/ASPG/HCAR2/PLA2G12B,59
GO:0050878,regulation of body fluid levels,65/1378,356/14924,0.182584269662921,1.97742209031164,5.9532528061271,6.25712436808012e-08,6.74571259001319e-06,5.7582360646005e-06,PDGFRA/SVEP1/CORO2B/CDO1/ADRA2C/NEGR1/FBLN1/PLAT/ANGPTL1/SCNN1B/UMOD/WNK4/AQP2/CEACAM1/PROC/PPARA/PRRG2/AQP1/SCUBE1/BTC/HSD11B2/SELP/TRPV5/SCNN1G/VDR/TYRO3/PTPRO/F11/KNG1/PLG/SOCS2/SCNN1A/CYP4A11/AVPR2/ABCB1/ATP6V1B1/NEURL1/PROZ/TSPAN8/CYP4F2/ERBB4/OXT/SLC4A9/CEL/WNK3/NPR1/ADTRP/PRLR/AQP3/SLC4A1/KLKB1/CYP4F12/FGF10/NPR3/AQP6/DGKB/HRG/VTN/F12/AQP4/HNF4A/HBB/AGR2/SLC6A4/TRPV4,65
GO:0015718,monocarboxylic acid transport,37/1378,158/14924,0.234177215189873,2.53618342488655,6.19137813226836,8.48576459797951e-08,8.95778525374212e-06,7.64649270462672e-06,SLC16A5/FABP1/SLC22A7/CEACAM1/SLC51B/PPARA/PLA2R1/SLC22A8/SLC22A6/BDKRB2/NTSR1/CASR/SLC27A2/SLC22A3/CYP4A11/MPC1/CES1/CYP4F2/OXT/SLC16A9/SLC22A1/SLC16A11/SLC22A13/SLC26A7/ACACB/SLC26A6/PLA2G4F/SLC5A12/SLC16A12/LEP/PLA2G2A/RBP5/SLC22A11/SLC16A7/SLC51A/SLC10A2/PLA2G12B,37
GO:0043603,amide metabolic process,78/1378,464/14924,0.168103448275862,1.82059206245934,5.72729163679932,1.2018557378131e-07,1.24281694357122e-05,1.060886192626e-05,GSTM5/ALDOB/ACSF2/PNP/ABCA8/PIPOX/HAGH/AGMAT/PANK1/ACSS2/GSTO2/SUCLG2/ST6GALNAC3/ACAT1/HAP1/DPEP1/PLAAT2/ASS1/SLC25A42/SPHK2/ACOT12/SHMT1/CTSH/MME/NTRK2/NEU4/SUCLG1/GDA/GSTM3/PCSK1N/SLC27A2/ACSL6/FUT3/GGT6/ACOT11/FUT6/FTCD/CEL/NAT8B/FA2H/PM20D1/GCDH/ACSM3/AASS/NAGS/APOA1/AMDHD1/ACACB/HMGCS2/GLYAT/FUT5/NT5C1A/ACSM2B/RENBP/ANPEP/SLC16A12/ACOT1/LDLR/PNPLA1/GBA3/PLAAT5/NAT8/REN/ACSM2A/ACOT6/VNN1/ALLC/ACSBG2/BCHE/ACOT4/ENPP7/FOLR1/B3GALT2/GSTA1/ACE2/GSTA2/CYP2C9/SLC30A8,78
GO:0098739,import across plasma membrane,42/1378,194/14924,0.216494845360825,2.34468002334176,6.01264533666603,1.25068019387397e-07,1.26743930847188e-05,1.08190419297434e-05,ANK2/SLC9A3/KCNJ12/SLC39A4/SLC34A1/SCNN1B/KCNJ10/ATP1A1/SLC7A8/SLC12A3/SLC5A2/KCNQ1/SLC12A1/ATP1B2/KCNJ1/SLC38A4/TRPV5/SCNN1G/ATP1A2/SLC8A1/SLC9A4/KCNJ15/NTSR1/TRPV6/SLC39A5/KCNK5/SCNN1A/NEDD4L/SLC15A2/ABCC8/KCNJ16/GRM1/SLC9A2/SLC15A1/KCNJ3/SLC38A3/CLTRN/ATP12A/TRPV4/ACE2/KCNJ13/SLC30A8,42
GO:1990573,potassium ion import across plasma membrane,17/1378,44/14924,0.386363636363636,4.1843910806175,6.74680897659382,1.42866736300831e-07,1.41942304477708e-05,1.21163966864832e-05,ANK2/KCNJ12/KCNJ10/ATP1A1/SLC12A3/KCNQ1/SLC12A1/ATP1B2/KCNJ1/ATP1A2/KCNJ15/KCNK5/ABCC8/KCNJ16/KCNJ3/ATP12A/KCNJ13,17
GO:0051180,vitamin transport,19/1378,54/14924,0.351851851851852,3.81062194269741,6.59919514056149,1.52909892922131e-07,1.48998928353161e-05,1.27187601218023e-05,SLC44A4/NPC1L1/SLC52A3/SLC2A9/AMN/FOLR3/AFM/SLC22A1/APOA1/SLC19A3/SLC23A1/RBP4/GC/TTPA/SLC2A2/CUBN/SLC22A14/FOLR1/STRA6,19
GO:0071805,potassium ion transmembrane transport,39/1378,175/14924,0.222857142857143,2.41358490566038,5.99938562661367,1.56852483262394e-07,1.49956892960481e-05,1.28005333411157e-05,ANK2/SLC9A3/KCNJ12/WNK4/KCNJ10/ATP1A1/ANK3/SLC12A3/KCNK13/KCNQ1/AQP1/SLC12A1/ATP1B2/KCNJ1/DPP6/ATP1A2/SLC9A4/KCNJ15/FXYD4/KCNK5/KCNK10/KCNH6/NEDD4L/ABCC8/NOS1AP/KCNH7/KCNJ16/LRRC55/KCNE1/MCOLN3/TRPM5/SLC9A2/KCNA4/KCNJ3/KCNIP1/KCNH3/ATP12A/KCNMB2/KCNJ13,39
GO:0098661,inorganic anion transmembrane transport,29/1378,111/14924,0.261261261261261,2.82950875403706,6.17051784337785,1.76639761995721e-07,1.65746976672652e-05,1.41483973107294e-05,CLIC5/SLC34A1/TMC4/SLC26A4/SLC12A3/SLC12A1/VDR/CLCNKA/SLC25A10/CLCNKB/CASR/ANO3/SLC4A9/SLC4A11/CLCN5/SLC26A7/SLC13A1/SLC26A6/SLC4A1/ANO5/SLC26A3/AQP6/GABRP/SLC17A1/GABRA2/SLC26A9/GABRB2/BSND/FXYD3,29
GO:0046717,acid secretion,15/1378,36/14924,0.416666666666667,4.5125786163522,6.72986366211016,2.40771394480626e-07,2.21816119242424e-05,1.89345389458544e-05,ABAT/UMOD/SLC51B/KCNQ1/SLC9A4/NTSR1/CASR/CES1/AGXT/SLC26A7/ACACB/SLC26A6/PTGER3/CACNB4/SLC51A,15
GO:0050892,intestinal absorption,16/1378,41/14924,0.390243902439024,4.22641509433962,6.59802673433752,2.83063088248481e-07,2.56121547884831e-05,2.18628990528761e-05,NPC1L1/KCNQ1/VDR/ACO1/SOAT2/ABCB1/CEL/PRAP1/APOA1/VIL1/CYP8B1/SLC26A6/LDLR/LEP/MOGAT2/ENPP7,16
GO:0098771,inorganic ion homeostasis,81/1378,499/14924,0.162324649298597,1.75800657919613,5.49303643515179,3.12593227955178e-07,2.77878927376998e-05,2.37201398645952e-05,SCARA5/PTH1R/ENPP1/ANK2/MT1G/CXCL12/MT1F/FECH/SLC39A4/SLC34A1/SCNN1B/UMOD/MT1E/WNK4/MT1H/KCNJ10/TMEM178A/ATP1A1/ANK3/SLC12A3/SYPL2/JPH4/KCNQ1/HAP1/CCL11/SLC12A1/RYR3/ATP1B2/XK/TRPV5/SCNN1G/VDR/MT1M/CALB1/CYP27B1/ACO1/ATP1A2/SLC8A1/SLC30A2/PKHD1/PLCL1/CCL21/NTSR1/MT1X/TRPV6/CASR/CCL14/KL/SCNN1A/CYP4A11/ATP6V1B1/TMEM174/RGN/CYP4F2/SCN7A/S100A14/BDKRB1/ABCC6/NPR1/KLHL3/SLC34A3/AGTR1/ATP2C2/RHCG/PLCH2/CAPN3/CYP4F12/GRM1/TRPC7/MT2A/CCL15/RHBG/MT1A/ALPL/CACNB4/ATP12A/TRPV4/CCL19/CCL23/GRIK2/SLC30A8,81
GO:0010876,lipid localization,71/1378,419/14924,0.16945107398568,1.83518710316567,5.53068682125132,3.25795016895899e-07,2.84621267346813e-05,2.42956755794056e-05,ECRG4/LIPG/ABCA9/ABCA8/FABP1/WNK4/SLC22A7/TMEM30B/SLC13A3/APOD/NPC1L1/CEACAM1/SLC51B/ABCA6/SERPINA5/PPARA/PLA2R1/EGF/KCNQ1/SLC22A8/SLC22A6/PITPNM3/ABCA10/BDKRB2/CIDEC/SLC25A10/PRKN/SOAT2/NTSR1/SLC27A2/ABCA4/ESYT3/SYT7/GRAMD1C/PLIN5/CYP4A11/ABCB1/CES1/CYP4F2/ANO3/OXT/SPNS2/SLC22A1/PRAP1/GRAMD1B/MTTP/APOA1/GLTPD2/AGTR1/ACACB/PLA2G4F/APOM/SLC4A1/RBP4/LPL/LDLR/SLC22A24/LEP/TTPA/REN/PLA2G2A/RBP5/SLC22A11/LPA/SLC51A/ABCA13/SLC10A2/OSBPL6/ETNPPL/STRA6/PLA2G12B,71
GO:0031960,response to corticosteroid,33/1378,140/14924,0.235714285714286,2.55283018867925,5.88761155750932,3.56308206361698e-07,3.0600231892114e-05,2.61207925056239e-05,NTRK3/UCN3/FAM107A/CDO1/PTGDS/FECH/PCK1/SCNN1B/ALAD/SLC12A3/AQP1/HSD11B2/ASS1/PCK2/IGFBP2/SCNN1G/PRKN/SCNN1A/ABCB1/GHR/MT-ND3/OXT/SSTR2/HMGCS2/AVPR1A/SLIT2/FOSB/FOS/BCHE/ALPL/NPAS4/TRIM63/ETNPPL,33
GO:0006813,potassium ion transport,42/1378,202/14924,0.207920792079208,2.25182140855595,5.71323114747916,4.02768615989977e-07,3.40138096203536e-05,2.90346709316284e-05,ANK2/SLC9A3/KCNJ12/NOS1/WNK4/KCNJ10/ATP1A1/ANK3/SLC12A3/KCNK13/KCNQ1/AQP1/SLC12A1/ATP1B2/KCNJ1/DPP6/ATP1A2/SLC9A4/KCNJ15/FXYD4/KCNK5/KCNK10/KCNH6/NEDD4L/ABCC8/NOS1AP/KCNH7/KCNJ16/LRRC55/KCNE1/MCOLN3/TRPM5/SLC9A2/KCNA4/KCNJ3/KCNIP1/FXYD3/KCNH3/GCK/ATP12A/KCNMB2/KCNJ13,42
GO:0006820,monoatomic anion transport,34/1378,148/14924,0.22972972972973,2.488016318205,5.80239450296522,4.54952319131825e-07,3.77908754269009e-05,3.2258827943273e-05,CLIC5/TMC4/WNK4/SLC26A4/SLC12A3/KCNQ1/SLC22A6/SLC12A1/CLCNKA/CLCNKB/CASR/SLC4A4/ABCB1/PDZK1/ANO3/SLC4A9/ABCC6/SLC4A11/CLCN5/SLC26A7/SLC13A1/SLC26A6/SLC4A1/ANO5/SLC26A3/AQP6/MCOLN3/GABRP/GABRA2/CA2/SLC26A9/GABRB2/BSND/FXYD3,34
GO:0003018,vascular process in circulatory system,50/1378,263/14924,0.190114068441065,2.05897123179568,5.52620997149171,5.97704015248299e-07,4.88478426655344e-05,4.16972122012778e-05,SVEP1/ADRA2C/SCNN1B/TEK/DDAH1/NOS1/SLC13A3/CEACAM1/SLC7A8/OCLN/SLC22A8/SLC29A2/ATP1B2/SH3GL2/BDKRB2/ATP1A2/SLC8A1/FOXC1/KNG1/CASR/SLC22A3/ASIC2/AVPR2/SLC4A4/TJP3/ABCB1/SLC15A2/FAAH/SLC22A1/ABCC8/NPR1/AGTR1/DBH/AVPR1A/SLC16A12/SLC28A2/SLIT2/LEP/REN/ADRB1/SLC38A3/HBB/SLC16A7/SLC6A17/SLC6A4/TACR1/TRPV4/KCNMB2/ACE2/ADRA1A,50
GO:0006869,lipid transport,68/1378,402/14924,0.169154228855721,1.8319722143997,5.39331486319108,6.16903851361974e-07,4.96166954738273e-05,4.2353515877132e-05,ECRG4/LIPG/ABCA9/ABCA8/FABP1/WNK4/SLC22A7/TMEM30B/SLC13A3/APOD/NPC1L1/CEACAM1/SLC51B/ABCA6/SERPINA5/PPARA/PLA2R1/EGF/KCNQ1/SLC22A8/SLC22A6/PITPNM3/ABCA10/BDKRB2/CIDEC/SLC25A10/PRKN/SOAT2/NTSR1/SLC27A2/ABCA4/ESYT3/SYT7/GRAMD1C/CYP4A11/ABCB1/CES1/CYP4F2/ANO3/OXT/SPNS2/SLC22A1/PRAP1/GRAMD1B/MTTP/APOA1/GLTPD2/AGTR1/PLA2G4F/APOM/SLC4A1/RBP4/LDLR/SLC22A24/LEP/TTPA/REN/PLA2G2A/RBP5/SLC22A11/LPA/SLC51A/ABCA13/SLC10A2/OSBPL6/ETNPPL/STRA6/PLA2G12B,68
GO:0019755,one-carbon compound transport,10/1378,18/14924,0.555555555555556,6.0167714884696,6.79246104372523,9.55151949466516e-07,7.54089159110882e-05,6.43701215249679e-05,AQP7/UMOD/AQP1/SLC14A1/RHCG/AQP3/AQP6/CA2/RHBG/HBB,10
GO:0008202,steroid metabolic process,55/1378,305/14924,0.180327868852459,1.95298484379833,5.36320284474218,9.67353371663851e-07,7.54089159110882e-05,6.43701215249679e-05,PDGFRA/FMO5/DHRS11/EPHX2/FECH/PCK1/SULT1A2/SCNN1B/FGF1/ACAA1/CYP39A1/NPC1L1/ATP1A1/DHRS4/CAT/ACOX2/HSD11B2/PROX1/SDR42E1/G6PC1/CYP27B1/CYP17A1/SOAT2/PBX1/SLC27A2/TM7SF2/BMP5/CES1/BDH1/CYP3A4/APOA1/AGTR1/ANGPTL3/HMGCS2/UGT2B7/CYP8B1/PRLR/UGT2B17/CYP2B6/CYP24A1/EGR1/LDLR/CYP3A7/SLC22A24/LEP/GC/UGT2B11/CUBN/HSD3B2/OSBPL6/MALRD1/UGT2B15/HSD17B2/CYP2C9/SERPINA6,55
GO:0044058,regulation of digestive system process,14/1378,35/14924,0.4,4.33207547169811,6.29452886586018,1.10595497100483e-06,8.49071793648705e-05,7.24779740966321e-05,NEGR1/WNK4/KCNQ1/AQP1/ABCB1/OXT/PRAP1/WNK3/APOA1/CYP8B1/FGF10/LEP/PTGER3/ENPP7,14
GO:0006081,aldehyde metabolic process,21/1378,72/14924,0.291666666666667,3.15880503144654,5.85644868337395,1.24400925836183e-06,9.29914631847056e-05,7.93788335724357e-05,PCK1/ALDOB/AKR7A3/SCNN1B/HAGH/HOGA1/DHRS4L2/ALDH1A2/DHRS4/TKFC/ALDH2/SLC25A10/ALDH1B1/ABCA4/GLYCTK/ALDH8A1/BMP5/AGXT/AGXT2/RBP4/ALPL,21
GO:0051384,response to glucocorticoid,29/1378,121/14924,0.239669421487603,2.59566505535631,5.62091078770735,1.24796121897769e-06,9.29914631847056e-05,7.93788335724357e-05,NTRK3/UCN3/FAM107A/CDO1/PTGDS/FECH/PCK1/ALAD/AQP1/HSD11B2/ASS1/PCK2/IGFBP2/PRKN/ABCB1/GHR/MT-ND3/OXT/SSTR2/HMGCS2/AVPR1A/SLIT2/FOSB/FOS/BCHE/ALPL/NPAS4/TRIM63/ETNPPL,29
GO:0018958,phenol-containing compound metabolic process,26/1378,103/14924,0.252427184466019,2.73383403553764,5.63163533703184,1.53965969831376e-06,0.000113064575237041,9.65135270842295e-05,MOXD1/SULT1A2/ABAT/GCH1/IYD/DAO/PAH/GCNT4/DDC/GATA3/ALDH2/PRKN/DIO1/KL/CRYM/NR4A2/NPR1/SLC26A7/MAOA/SLC16A10/DBH/TYRP1/SULT1B1/DUOX2/CDH3/DIO3,26
GO:0006544,glycine metabolic process,8/1378,12/14924,0.666666666666667,7.22012578616352,6.87494115813242,1.82719424139087e-06,0.000128588794737883,0.000109765221313963,AMT/GLDC/SHMT1/AGXT/RIDA/PHGDH/GLYAT/AGXT2,8
GO:0010273,detoxification of copper ion,8/1378,12/14924,0.666666666666667,7.22012578616352,6.87494115813242,1.82719424139087e-06,0.000128588794737883,0.000109765221313963,MT1G/MT1F/MT1E/MT1H/MT1M/MT1X/MT2A/MT1A,8
GO:1990169,stress response to copper ion,8/1378,12/14924,0.666666666666667,7.22012578616352,6.87494115813242,1.82719424139087e-06,0.000128588794737883,0.000109765221313963,MT1G/MT1F/MT1E/MT1H/MT1M/MT1X/MT2A/MT1A,8
GO:0003091,renal water homeostasis,11/1378,23/14924,0.478260869565217,5.17965545529122,6.39799411122071,1.89854210775337e-06,0.00013177962821899,0.000112488962087362,UMOD/AQP2/AQP1/CYP4A11/AVPR2/ATP6V1B1/CYP4F2/AQP3/CYP4F12/AQP6/AQP4,11
GO:0016053,organic acid biosynthetic process,54/1378,305/14924,0.177049180327869,1.91747602845654,5.16336652972225,2.16603397575681e-06,0.000148314785880537,0.000126603607487692,CDO1/LIPG/PTGDS/ABAT/GATM/CYP39A1/HOGA1/CEACAM1/ACSS2/ALDH1A2/ACOX2/CTH/SCD5/ASS1/PAH/PROX1/SHMT1/ADI1/SLC27A2/GGT6/CYP4A11/CYP4A22/ALDH8A1/BHMT/CES1/AGXT/MLXIPL/FA2H/ACSM3/NAGS/CYP3A4/PHGDH/ACACB/CYP8B1/PKLR/BHMT2/EHHADH/PLP1/PLA2G4F/AGXT2/ACSM2B/AVPR1A/ACMSD/LPL/FMO1/PSAT1/FADS6/ACSM2A/UPB1/ACSBG2/ACOT4/OSBPL6/MALRD1/CYP2C9,54
GO:0006821,chloride transport,26/1378,105/14924,0.247619047619048,2.68176100628931,5.51564900803878,2.27617649053699e-06,0.000153778483700679,0.000131267497538477,CLIC5/TMC4/WNK4/SLC26A4/SLC12A3/SLC12A1/CLCNKA/CLCNKB/CASR/ABCB1/ANO3/SLC4A9/CLCN5/SLC26A7/SLC26A6/SLC4A1/ANO5/SLC26A3/AQP6/GABRP/GABRA2/CA2/SLC26A9/GABRB2/BSND/FXYD3,26
GO:0009308,amine metabolic process,23/1378,87/14924,0.264367816091954,2.86315332899588,5.55881623737895,2.60124861565475e-06,0.00017342798336214,0.000148040589497581,SAT2/MOXD1/SULT1A2/ABAT/AGMAT/GCH1/INMT/DAO/PAH/CHDH/DDC/GATA3/ALDH2/PRKN/SLC22A3/KL/NR4A2/NPR1/MAOA/DMGDH/DBH/SULT1B1/AOC1,23
GO:0001823,mesonephros development,25/1378,100/14924,0.25,2.70754716981132,5.46433289211088,2.94165579430749e-06,0.000193576232594234,0.000165239421173062,SFRP1/TCF21/GPC3/FGF1/CAT/NPNT/CALB1/GATA3/FOXC1/EPCAM/PBX1/ADAMTS16/TACSTD2/RET/LHX1/SIM1/BMP7/WNT9B/WT1/FGF10/SLIT2/REN/ROBO2/GDNF/FOXJ1,25
GO:0042391,regulation of membrane potential,67/1378,413/14924,0.162227602905569,1.75695554844899,4.97558184059851,3.35990300591883e-06,0.000218264468346035,0.000186313649815391,PID1/DCN/NTRK3/UCN3/ANK2/SLC25A33/ABAT/SLC34A1/NOS1/EHD3/TMEM25/KCNJ10/ATP1A1/ANK3/KCNK13/KCNQ1/ATP1B2/ATP1A2/SLC8A1/NTRK2/CLDN19/PRKN/NTSR1/ALB/CASR/GRIA3/MPP2/KCNK5/ASIC2/GRIK5/SLC4A4/KCNH6/NEDD4L/SCN7A/SCN11A/ABCC8/MYH14/SCN2A/SLC4A11/NOS1AP/KCNH7/CHRNA4/GPD1L/INSYN1/SCN3A/KCNE1/SLC26A3/STOX1/RELN/GRM1/P2RX6/GPR88/GABRA2/KCNA4/ADRB1/KCNJ3/GABRB2/KCNIP1/SLC6A4/KCNH3/CACNB4/TACR1/NPAS4/KCNMB2/GRIK2/RGS7/ADRA1A,67
GO:0170041,non-proteinogenic amino acid metabolic process,18/1378,59/14924,0.305084745762712,3.30412535976975,5.65583583971636,3.4832006613727e-06,0.000222653343770918,0.000190060056205728,ALDH4A1/ABAT/DDAH1/BPHL/HOGA1/AFMID/CTH/DAO/DPEP1/ASS1/SARDH/ALDH8A1/BHMT/PHGDH/AGXT2/NOX4/UPB1/HNF4A,18
GO:0046394,carboxylic acid biosynthetic process,53/1378,302/14924,0.175496688741722,1.90066225165563,5.04323476696062,3.51534783928823e-06,0.000222653343770918,0.000190060056205728,CDO1/LIPG/PTGDS/ABAT/GATM/CYP39A1/HOGA1/CEACAM1/ACSS2/ALDH1A2/ACOX2/CTH/SCD5/ASS1/PAH/PROX1/SHMT1/ADI1/SLC27A2/GGT6/CYP4A11/CYP4A22/ALDH8A1/BHMT/CES1/AGXT/MLXIPL/FA2H/ACSM3/NAGS/CYP3A4/PHGDH/ACACB/CYP8B1/PKLR/BHMT2/EHHADH/PLP1/PLA2G4F/AGXT2/ACSM2B/AVPR1A/ACMSD/LPL/PSAT1/FADS6/ACSM2A/UPB1/ACSBG2/ACOT4/OSBPL6/MALRD1/CYP2C9,53
GO:0009062,fatty acid catabolic process,25/1378,101/14924,0.247524752475248,2.68073977209042,5.40555452448244,3.57111236565427e-06,0.000223392917984817,0.000190691367257614,ECHS1/ACADM/HADH/PCK1/BDH2/ECI2/ACAA1/PPARA/PHYH/ACOX2/ACAT1/PCK2/SLC27A2/PLIN5/CYP4A11/CYP4F3/CYP4F2/PCCA/FAAH/GCDH/ADTRP/ACACB/EHHADH/CYP4F12/LEP,25
GO:0072080,nephron tubule development,24/1378,95/14924,0.252631578947368,2.73604766633565,5.41395520428135,3.79014258877099e-06,0.000234203079235398,0.000199919074419256,TCF21/GPC3/UMOD/FGF1/WNK4/IRX1/ACAT1/AQP1/SLC22A6/NPNT/CALB1/GATA3/IRX2/PBX1/ADAMTS16/TACSTD2/TFAP2B/LHX1/SLC22A1/KLHL3/PROM1/WNT9B/WT1/GDNF,24
GO:0032835,glomerulus development,20/1378,71/14924,0.28169014084507,3.05075737443529,5.52437954325943,4.02426193818686e-06,0.000245673918563769,0.000209710745770575,PDGFRA/TCF21/TEK/COL4A3/AQP1/NPHS2/NPHS1/PTPRO/FOXC1/RET/MAGI2/LHX1/COL4A4/PODXL/PROM1/KLF15/BMP7/WT1/EGR1/FOXJ1,20
GO:0009066,aspartate family amino acid metabolic process,15/1378,44/14924,0.340909090909091,3.69210977701544,5.70380645772368,4.8862087930339e-06,0.000292807472625524,0.000249944616874571,MSRA/PIPOX/ACADSB/GCAT/ACAT1/ASS1/ADI1/NAT8L/BHMT/RIDA/AASS/PHGDH/BHMT2/ASPA/ASPG,15
GO:0007600,sensory perception,73/1378,467/14924,0.156316916488223,1.69294169932528,4.85247368833813,4.91190747447593e-06,0.000292807472625524,0.000249944616874571,NPY1R/PKHD1L1/CXCL12/SOBP/CLIC5/CRYAA/SCNN1B/EYA4/CRB2/SLC26A4/TUB/KCNJ10/PRPH2/COL4A3/THRB/ESPN/KCNQ1/AQP1/PIGR/HOXD1/MYO7B/CNGA1/SCNN1G/LUM/ACP3/MYO6/MME/CLDN19/REEP6/SLC52A3/NTSR1/MARVELD2/PTPRQ/ABCA4/TACSTD2/ASIC2/SCNN1A/CRYM/ABCB1/ATP6V1B1/MYO3B/NTRK1/AZGP1/SCN11A/DCDC2/SPNS2/MYH14/ABCC6/RORB/HOXB8/CHRNA4/ADGRV1/KCNE1/GJA3/TMEM150C/RBP4/LHFPL3/LRIT3/LYPD6/GRM1/OTOGL/RDH12/ATP6V0A4/TFAP2A/PCARE/PNOC/COCH/BSND/CDH3/CACNB4/GRIK2/TMC1/GJC3,73
GO:0044241,lipid digestion,9/1378,17/14924,0.529411764705882,5.73362930077692,6.22831719453495,5.82285014109718e-06,0.000342021193523114,0.000291954147930672,NPC1L1/AQP1/SOAT2/CEL/APOA1/CYP8B1/LDLR/LEP/ENPP7,9
GO:0009713,catechol-containing compound biosynthetic process,10/1378,21/14924,0.476190476190476,5.15723270440252,6.08028973353049,5.93997731005211e-06,0.000342021193523114,0.000291954147930672,MOXD1/GCH1/DAO/PAH/DDC/GATA3/ALDH2/KL/NR4A2/DBH,10
GO:0042423,catecholamine biosynthetic process,10/1378,21/14924,0.476190476190476,5.15723270440252,6.08028973353049,5.93997731005211e-06,0.000342021193523114,0.000291954147930672,MOXD1/GCH1/DAO/PAH/DDC/GATA3/ALDH2/KL/NR4A2/DBH,10
GO:0120254,olefinic compound metabolic process,32/1378,151/14924,0.211920529801325,2.29513932275397,5.10173336315684,6.18947782912958e-06,0.00035238296809213,0.000300799105853264,ADH1B/ADH1C/EPHX2/SCNN1B/ADH6/ACAA1/DHRS4L2/ALDH1A2/DHRS4/HSD11B2/CYP17A1/ABCA4/CYP4A11/CYP4A22/ALDH8A1/BMP5/CYP4F3/CYP4F2/CEL/FAAH/CYP3A4/CYP2C18/EHHADH/CYP2B6/ADH1A/CYP4F12/RBP4/EGR1/CYP3A7/RDH12/GSTA1/CYP2C9,32
GO:0034308,primary alcohol metabolic process,23/1378,92/14924,0.25,2.70754716981132,5.23979031148759,7.24969002556345e-06,0.000403672300654176,0.00034458040850249,ADH1B/ADH1C/SULT1A2/SCNN1B/ADH6/ACSS2/ALDH1A2/DHRS4/HSD11B2/ACP3/ALDH2/CYP17A1/ALDH1B1/BMP5/CEL/CYP3A4/CYP2C18/GDPD3/ADH1A/RBP4/CYP3A7/SULT1B1/RDH12,23
GO:1902476,chloride transmembrane transport,23/1378,92/14924,0.25,2.70754716981132,5.23979031148759,7.24969002556345e-06,0.000403672300654176,0.00034458040850249,CLIC5/TMC4/SLC26A4/SLC12A3/SLC12A1/CLCNKA/CLCNKB/CASR/ANO3/SLC4A9/CLCN5/SLC26A7/SLC26A6/SLC4A1/ANO5/SLC26A3/AQP6/GABRP/GABRA2/SLC26A9/GABRB2/BSND/FXYD3,23
GO:0097237,cellular response to toxic substance,28/1378,125/14924,0.224,2.42596226415094,5.10615503409944,7.696267366329e-06,0.000423880290708576,0.000361830235792287,FBLN5/SOD3/FABP1/HAGH/GCH1/GSTO2/ABTB2/CAT/PTPN13/GPX3/ALDH2/PRKN/GSTM3/ALB/SLC22A3/ABCB1/MTARC2/SLC22A1/RAB29/BMP7/APOM/GPX2/AMBP/RDH12/HBB/DUOX2/MPO/GSTA1,28
GO:0042886,amide transport,52/1378,304/14924,0.171052631578947,1.85253227408143,4.78984077879513,9.23347254898047e-06,0.000503075326942839,0.000429432243392878,DOC2B/ECRG4/UCN3/RAPGEF3/ADRA2C/CRHBP/HADH/AQP7/ABAT/UMOD/SLC13A3/CWH43/AQP1/FAM3B/SLC25A42/PCK2/SLC14A1/PRKN/CASR/ILDR1/SYT7/FOLR3/GPR27/TFAP2B/ABCB1/MLXIPL/SLC15A2/ABCC8/MTTP/GLTPD2/SYTL4/SLC16A10/SLC26A6/AQP3/RBP4/TRPM5/PFKFB2/LEP/SLC25A47/SLC15A1/ILDR2/SLC38A3/CA2/HNF4A/SLC2A2/CLTRN/ACVR1C/GCK/TRPV4/FOLR1/ABCA13/SLC30A8,52
GO:0006000,fructose metabolic process,8/1378,14/14924,0.571428571428571,6.18867924528302,6.19482672100478,9.3569385919579e-06,0.000504378806866497,0.000430544912366797,ALDOB/SORD/FBP1/PFKFB1/TKFC/GLYCTK/KHK/PFKFB2,8
GO:0042044,fluid transport,12/1378,31/14924,0.387096774193548,4.19233110164334,5.674725047749,9.76376359424465e-06,0.000507518633370324,0.000433225112860026,AQP7/SCNN1B/AQP2/AQP1/NHERF4/SLC14A1/AVPR2/SLC4A11/SLC26A6/AQP3/AQP6/AQP4,12
GO:0006835,dicarboxylic acid transport,24/1378,100/14924,0.24,2.59924528301887,5.11775531420242,9.83313601117927e-06,0.000507518633370324,0.000433225112860026,EPM2A/NPY5R/ABAT/SLC22A7/SLC26A4/SLC13A2/SLC13A3/KCNJ10/SLC22A6/ATP1A2/NTRK2/SLC25A10/NTSR1/FOLR3/AGXT/ABCC8/SLC26A7/SLC26A6/AVPR1A/SLC7A13/SLC26A3/GRM1/SLC26A9/FOLR1,24
GO:0061326,renal tubule development,24/1378,100/14924,0.24,2.59924528301887,5.11775531420242,9.83313601117927e-06,0.000507518633370324,0.000433225112860026,TCF21/GPC3/UMOD/FGF1/WNK4/IRX1/ACAT1/AQP1/SLC22A6/NPNT/CALB1/GATA3/IRX2/PBX1/ADAMTS16/TACSTD2/TFAP2B/LHX1/SLC22A1/KLHL3/PROM1/WNT9B/WT1/GDNF,24
GO:0006833,water transport,10/1378,22/14924,0.454545454545455,4.92281303602058,5.87264587535065,9.98934712506044e-06,0.000507518633370324,0.000433225112860026,AQP7/AQP2/AQP1/NHERF4/SLC14A1/AVPR2/SLC4A11/AQP3/AQP6/AQP4,10
GO:0071280,cellular response to copper ion,10/1378,22/14924,0.454545454545455,4.92281303602058,5.87264587535065,9.98934712506044e-06,0.000507518633370324,0.000433225112860026,MT1G/MT1F/MT1E/MT1H/AQP2/AQP1/MT1M/MT1X/MT2A/MT1A,10
GO:0006576,biogenic amine metabolic process,20/1378,75/14924,0.266666666666667,2.88805031446541,5.22808613672729,1.0016156174666e-05,0.000507518633370324,0.000433225112860026,SAT2/MOXD1/SULT1A2/ABAT/AGMAT/GCH1/DAO/PAH/DDC/GATA3/ALDH2/PRKN/SLC22A3/KL/NR4A2/NPR1/MAOA/DBH/SULT1B1/AOC1,20
GO:0071715,icosanoid transport,16/1378,52/14924,0.307692307692308,3.33236574746009,5.37354364847279,1.06892088306575e-05,0.000536259615296449,0.000457758823190948,SLC22A7/PLA2R1/SLC22A8/SLC22A6/BDKRB2/NTSR1/CYP4A11/CYP4F2/OXT/SLC22A1/ABCC6/PLA2G4F/LEP/PLA2G2A/SLC22A11/PLA2G12B,16
GO:0097305,response to alcohol,44/1378,244/14924,0.180327868852459,1.95298484379833,4.78701757257465,1.15101028932032e-05,0.000571781287841772,0.000488080627328917,NTRK3/TGFBR3/UCN3/CDO1/SFRP1/CRHBP/FECH/ABAT/SCNN1B/BTG2/FBP1/ALAD/PPARA/SLC12A3/CAT/SPHK2/SCNN1G/GATA3/PTGER1/PRKN/CCL21/GRAMD1C/SCNN1A/MT-ND4/ABCB1/GHR/HPGD/CES1/OXT/SCN11A/GRAMD1B/HMGCS2/CYP8B1/DBH/AVPR1A/RBP4/SLIT2/LEP/FOSB/FOS/TACR1/NPAS4/PTGFR/CCL19,44
GO:0001657,ureteric bud development,23/1378,95/14924,0.242105263157895,2.62204568023833,5.05843406399334,1.28387828570614e-05,0.000631593327541068,0.000539137033823865,SFRP1/TCF21/GPC3/FGF1/CAT/NPNT/CALB1/GATA3/FOXC1/EPCAM/PBX1/ADAMTS16/TACSTD2/RET/LHX1/SIM1/BMP7/WNT9B/WT1/SLIT2/ROBO2/GDNF/FOXJ1,23
GO:0042363,fat-soluble vitamin catabolic process,7/1378,11/14924,0.636363636363636,6.89193825042882,6.23475170889342,1.33262600852035e-05,0.000649270767805058,0.000554226747875517,CYP26B1/CYP27B1/CYP4F3/CYP4F2/CYP3A4/CYP24A1/CYP4F12,7
GO:0072210,metanephric nephron development,13/1378,37/14924,0.351351351351351,3.80520142784294,5.44889528390519,1.43953943809816e-05,0.00069468060312794,0.000592989228184996,PDGFRA/TCF21/IRX1/AQP1/NPHS2/IRX2/RET/TFAP2B/LHX1/WNT9B/WT1/EGR1/GDNF,13
GO:1905039,carboxylic acid transmembrane transport,30/1378,143/14924,0.20979020979021,2.27206755508642,4.87498662687724,1.4709986666741e-05,0.000703165117362044,0.000600231730026204,EPM2A/SLC13A2/SLC13A3/KCNJ10/SLC7A8/SFXN2/SLC38A4/SLC36A2/SLC7A9/ATP1A2/SLC25A10/NTSR1/ABCB1/SLC7A10/MPC1/SLC16A9/SLC16A11/SLC26A7/ACACB/SLC7A7/SLC16A10/SLC5A12/SLC23A1/SLC7A13/SLC16A12/GRM1/SLC38A3/SLC16A7/CLTRN/ACE2,30
GO:0072163,mesonephric epithelium development,23/1378,96/14924,0.239583333333333,2.59473270440252,4.99953221576384,1.54292195120273e-05,0.000723887548772616,0.000617920691763356,SFRP1/TCF21/GPC3/FGF1/CAT/NPNT/CALB1/GATA3/FOXC1/EPCAM/PBX1/ADAMTS16/TACSTD2/RET/LHX1/SIM1/BMP7/WNT9B/WT1/SLIT2/ROBO2/GDNF/FOXJ1,23
GO:0072164,mesonephric tubule development,23/1378,96/14924,0.239583333333333,2.59473270440252,4.99953221576384,1.54292195120273e-05,0.000723887548772616,0.000617920691763356,SFRP1/TCF21/GPC3/FGF1/CAT/NPNT/CALB1/GATA3/FOXC1/EPCAM/PBX1/ADAMTS16/TACSTD2/RET/LHX1/SIM1/BMP7/WNT9B/WT1/SLIT2/ROBO2/GDNF/FOXJ1,23
GO:0045926,negative regulation of growth,39/1378,209/14924,0.186602870813397,2.02094429899792,4.74069702634833,1.58444477934912e-05,0.000736548779537796,0.000628728498150219,ENPP1/SFRP1/MT1G/MT1F/SEMA3G/GPC3/MT1E/FBP1/MT1H/MYOZ1/PPARA/WFDC1/SEMA6D/SPHK2/MT1M/CYP27B1/HYAL1/MT1X/SEMA5A/FGFR3/SOCS2/BDKRB1/NPR1/PI16/CDHR2/WT1/TMPRSS4/RBP4/SLIT2/HRG/ADRB1/EAF2/MT2A/HNF4A/SLC6A4/MT1A/NTN1/FSTL4/MAG,39
GO:0006865,amino acid transport,31/1378,151/14924,0.205298013245033,2.22341621891791,4.81920611275143,1.68132693510371e-05,0.000767503025240587,0.000655151481872087,EPM2A/LLGL2/NPY5R/ABAT/KCNJ10/SLC7A8/SLC6A19/SFXN5/SFXN2/XK/SLC38A4/SLC36A2/SLC7A9/ATP1A2/NTRK2/NTSR1/SLC7A10/ABCC8/SLC7A7/SLC16A10/AVPR1A/SLC7A13/LEP/GRM1/SLC38A3/CLTRN/SLC6A17/SLC6A4/CACNB4/ACE2/SLC7A4,31
GO:0007605,sensory perception of sound,31/1378,151/14924,0.205298013245033,2.22341621891791,4.81920611275143,1.68132693510371e-05,0.000767503025240587,0.000655151481872087,PKHD1L1/SOBP/CLIC5/SLC26A4/TUB/COL4A3/THRB/ESPN/KCNQ1/MYO7B/MYO6/SLC52A3/MARVELD2/PTPRQ/ASIC2/CRYM/ATP6V1B1/MYO3B/DCDC2/SPNS2/MYH14/ADGRV1/KCNE1/LHFPL3/OTOGL/ATP6V0A4/TFAP2A/COCH/BSND/TMC1/GJC3,31
GO:0030299,intestinal cholesterol absorption,8/1378,15/14924,0.533333333333333,5.77610062893082,5.90258137715951,1.84243317847428e-05,0.000821633735518701,0.000701358224890954,NPC1L1/SOAT2/CEL/APOA1/CYP8B1/LDLR/LEP/ENPP7,8
GO:0072224,metanephric glomerulus development,8/1378,15/14924,0.533333333333333,5.77610062893082,5.90258137715951,1.84243317847428e-05,0.000821633735518701,0.000701358224890954,PDGFRA/TCF21/AQP1/NPHS2/RET/LHX1/WT1/EGR1,8
GO:0006883,intracellular sodium ion homeostasis,9/1378,19/14924,0.473684210526316,5.13008937437934,5.74536206771955,1.86476967800771e-05,0.000821633735518701,0.000701358224890954,SCNN1B/UMOD/ATP1A1/ATP1B2/SCNN1G/ATP1A2/SLC8A1/SCNN1A/ATP12A,9
GO:0061687,detoxification of inorganic compound,9/1378,19/14924,0.473684210526316,5.13008937437934,5.74536206771955,1.86476967800771e-05,0.000821633735518701,0.000701358224890954,MT1G/MT1F/MT1E/MT1H/CAT/MT1M/MT1X/MT2A/MT1A,9
GO:0050954,sensory perception of mechanical stimulus,34/1378,174/14924,0.195402298850575,2.11624376491,4.72372713404851,2.02015041777968e-05,0.000882422600593936,0.000753248463398977,PKHD1L1/CXCL12/SOBP/CLIC5/SLC26A4/TUB/COL4A3/THRB/ESPN/KCNQ1/MYO7B/MYO6/SLC52A3/MARVELD2/PTPRQ/ASIC2/CRYM/ATP6V1B1/MYO3B/NTRK1/SCN11A/DCDC2/SPNS2/MYH14/ADGRV1/KCNE1/LHFPL3/OTOGL/ATP6V0A4/TFAP2A/COCH/BSND/TMC1/GJC3,34
GO:0055075,potassium ion homeostasis,12/1378,33/14924,0.363636363636364,3.93825042881647,5.38928299096326,2.06137460171002e-05,0.000892733769817495,0.000762050223880026,SCNN1B/UMOD/KCNJ10/ATP1A1/SLC12A3/KCNQ1/SLC12A1/ATP1B2/ATP1A2/ATP6V1B1/KLHL3/ATP12A,12
GO:1903825,organic acid transmembrane transport,30/1378,147/14924,0.204081632653061,2.21024258760108,4.70310965630678,2.57699659622506e-05,0.0011065798095824,0.000944592240311218,EPM2A/SLC13A2/SLC13A3/KCNJ10/SLC7A8/SFXN2/SLC38A4/SLC36A2/SLC7A9/ATP1A2/SLC25A10/NTSR1/ABCB1/SLC7A10/MPC1/SLC16A9/SLC16A11/SLC26A7/ACACB/SLC7A7/SLC16A10/SLC5A12/SLC23A1/SLC7A13/SLC16A12/GRM1/SLC38A3/SLC16A7/CLTRN/ACE2,30
GO:0071774,response to fibroblast growth factor,24/1378,106/14924,0.226415094339623,2.45211819152723,4.78527880490901,2.78829578000936e-05,0.00117779095171782,0.0010053790825275,CCN2/FGF1/FLRT2/FGF7/FLRT1/GATA3/HYAL1/CASR/HHIP/FGFR3/KL/NDNF/LHX1/FLRT3/NR4A1/GALNT3/TRIM71/FGF10/LRIT3/FGF9/KLB/SHISA2/CRIPTO/EGR3,24
GO:0006584,catecholamine metabolic process,15/1378,50/14924,0.3,3.24905660377359,5.08064256125125,2.81256572247594e-05,0.00117779095171782,0.0010053790825275,MOXD1/SULT1A2/ABAT/GCH1/DAO/PAH/DDC/GATA3/ALDH2/PRKN/KL/NR4A2/NPR1/MAOA/DBH,15
GO:0009712,catechol-containing compound metabolic process,15/1378,50/14924,0.3,3.24905660377359,5.08064256125125,2.81256572247594e-05,0.00117779095171782,0.0010053790825275,MOXD1/SULT1A2/ABAT/GCH1/DAO/PAH/DDC/GATA3/ALDH2/PRKN/KL/NR4A2/NPR1/MAOA/DBH,15
GO:0046415,urate metabolic process,7/1378,12/14924,0.583333333333333,6.31761006289308,5.87741430657327,2.94249522665411e-05,0.00121314483326435,0.00103555765788606,PNP/G6PC1/SLC22A12/SLC2A9/SLC16A9/SLC17A1/SLC22A11,7
GO:0001523,retinoid metabolic process,19/1378,74/14924,0.256756756756757,2.78072412034676,4.8977477868489,2.96881703818394e-05,0.00121314483326435,0.00103555765788606,ADH1B/ADH1C/CYP26B1/ADH6/DHRS4L2/ALDH1A2/DHRS4/ABCA4/ALDH8A1/CEL/CYP3A4/CYP2C18/ADH1A/RBP4/LPL/LDLR/CYP3A7/RDH12/UGT1A9,19
GO:0140962,multicellular organismal-level chemical homeostasis,19/1378,74/14924,0.256756756756757,2.78072412034676,4.8977477868489,2.96881703818394e-05,0.00121314483326435,0.00103555765788606,FECH/SCNN1B/UMOD/AQP2/AQP1/SCNN1G/CTSH/SCNN1A/CYP4A11/AVPR2/ATP6V1B1/CYP4F2/NAPSA/AQP3/CYP4F12/AQP6/ITGB6/AQP4/TRPV4,19
GO:0098656,monoatomic anion transmembrane transport,27/1378,127/14924,0.21259842519685,2.3024810577923,4.70146905805413,3.01968288428465e-05,0.00122405865397363,0.00104487385023374,CLIC5/TMC4/SLC26A4/SLC12A3/SLC12A1/CLCNKA/CLCNKB/CASR/SLC4A4/ANO3/SLC4A9/ABCC6/CLCN5/SLC26A7/SLC13A1/SLC26A6/SLC4A1/ANO5/SLC26A3/AQP6/MCOLN3/GABRP/GABRA2/SLC26A9/GABRB2/BSND/FXYD3,27
GO:0098856,intestinal lipid absorption,9/1378,20/14924,0.45,4.87358490566038,5.5287098601699,3.11294830402282e-05,0.00124425792714106,0.00106211623666503,NPC1L1/SOAT2/CEL/PRAP1/APOA1/CYP8B1/LDLR/LEP/ENPP7,9
GO:0044344,cellular response to fibroblast growth factor stimulus,23/1378,100/14924,0.23,2.49094339622642,4.77117773629395,3.11862555253433e-05,0.00124425792714106,0.00106211623666503,CCN2/FGF1/FLRT2/FGF7/FLRT1/GATA3/HYAL1/HHIP/FGFR3/KL/NDNF/LHX1/FLRT3/NR4A1/GALNT3/TRIM71/FGF10/LRIT3/FGF9/KLB/SHISA2/CRIPTO/EGR3,23
GO:0007584,response to nutrient,31/1378,156/14924,0.198717948717949,2.15215287856797,4.6137994103696,3.28549953702988e-05,0.00130059579329144,0.0011102070392809,CYP26B1/SFRP1/LIPG/SLC34A1/ALAD/ALDH1A2/PPARA/CAT/SLC6A19/ASS1/IGFBP2/VDR/CYP27B1/CASR/KL/ABCB1/MLXIPL/ACACB/HMGCS2/PKLR/GCGR/BMP7/CYP24A1/AQP3/LPL/LEP/BCHE/SLC6A4/ALPL/FOLR1/TMIGD1,31
GO:0060993,kidney morphogenesis,22/1378,94/14924,0.234042553191489,2.53472501003613,4.76070273556369,3.46070775040397e-05,0.00135933381172844,0.00116034664597388,TCF21/GPC3/FGF1/WNK4/IRX1/NPNT/CALB1/GCNT4/GATA3/IRX2/PBX1/ADAMTS16/TACSTD2/LHX1/ERBB4/KLHL3/BMP7/WNT9B/WT1/FGF10/GDNF/FOXJ1,22
GO:0003073,regulation of systemic arterial blood pressure,23/1378,101/14924,0.227722772277228,2.46628059032318,4.71581610121848,3.69071575578534e-05,0.00143852744112033,0.00122794745267384,CORO2B/DDAH1/HSD11B2/PTPRO/MME/NTSR1/ADAMTS16/KL/ASIC2/CYP4A11/AVPR2/SUCNR1/CYP4F2/AGTR1/AVPR1A/ANPEP/CYP4F12/KLK1/REN/ADRB1/TACR1/ACE2/ADRA1A,23
GO:0000096,sulfur amino acid metabolic process,12/1378,35/14924,0.342857142857143,3.71320754716981,5.12544309688954,4.07173914283348e-05,0.00157492383486544,0.00134437735137829,CDO1/TST/MSRA/BPHL/CTH/DPEP1/ADI1/BHMT/AGXT/BHMT2/FMO1/NOX4,12
GO:0043648,dicarboxylic acid metabolic process,22/1378,95/14924,0.231578947368421,2.50804369414101,4.70291292370533,4.11673854798413e-05,0.00158026622898754,0.00134893769486976,ALDH4A1/PCK1/HOGA1/SUCLG2/PHYH/QPRT/ADHFE1/ASS1/PCK2/SHMT1/L2HGDH/ALDH1L1/FTCD/PRODH2/NAGS/OGDHL/GPT2/AMDHD1/ACMSD/ACOT4/FOLR1/ASPA,22
GO:0050919,negative chemotaxis,14/1378,46/14924,0.304347826086957,3.29614438063987,4.97454053597738,4.33212672595608e-05,0.00165044256544507,0.00140884121226383,SEMA3G/FLRT2/SEMA6D/SEMA3D/SEMA3B/SEMA5A/FLRT3/APOA1/PLXNA4/SLIT2/LGR6/NRG1/ROBO2/NTN1,14
GO:0001676,long-chain fatty acid metabolic process,23/1378,103/14924,0.223300970873786,2.41839164682176,4.60705255305203,5.12510210651111e-05,0.00193797704281282,0.00165428472550308,ACSF2/ACAA1/PTGR1/SLC27A2/ACSL6/CYP4A11/CYP4A22/CYP4F3/CYP4F2/FAAH/CYP3A4/CYP2C18/ADTRP/EHHADH/PLP1/CYP2B6/CYP4F12/ACOT1/PNPLA3/ACSBG2/ACOT4/GSTA1/CYP2C9,23
GO:0016101,diterpenoid metabolic process,19/1378,77/14924,0.246753246753247,2.67238421955403,4.69255327496247,5.38385788623296e-05,0.00202074132663277,0.0017249334935307,ADH1B/ADH1C/CYP26B1/ADH6/DHRS4L2/ALDH1A2/DHRS4/ABCA4/ALDH8A1/CEL/CYP3A4/CYP2C18/ADH1A/RBP4/LPL/LDLR/CYP3A7/RDH12/UGT1A9,19
GO:0046434,organophosphate catabolic process,42/1378,244/14924,0.172131147540984,1.86421280544386,4.34109935013748,5.59728794107219e-05,0.00207385165807974,0.00177026922668861,ENPP1/LIPG/GPD1/ALDOB/PNP/ENPP6/FBP1/PPARA/SUCLG2/NUDT10/ENTPD8/ACAT1/PFKFB1/UPP2/GALM/SUCLG1/GDA/PDE7B/NTSR1/ENTPD5/SLC4A4/PDE1A/MLXIPL/OGDHL/GDPD3/ANGPTL3/GPD1L/PKLR/PLA2G4F/NT5C1A/SLC4A1/LDLR/PFKFB2/UCHL1/DPYS/VNN1/UPB1/ENPP7/GCK/TRIM63/ETNPPL/ENTPD3,42
GO:0010043,response to zinc ion,14/1378,47/14924,0.297872340425532,3.22601364913689,4.87490563170661,5.65046389859495e-05,0.00207385165807974,0.00177026922668861,MT1G/MT1F/MT1E/MT1H/ALAD/ASS1/MT1M/SLC30A2/MT1X/ABCC8/KHK/MT2A/MT1A/SLC30A8,14
GO:0042403,thyroid hormone metabolic process,10/1378,26/14924,0.384615384615385,4.16545718432511,5.15236089423575,5.81400845908273e-05,0.00207385165807974,0.00177026922668861,IYD/GCNT4/GATA3/DIO1/CRYM/SLC26A7/SLC16A10/SULT1B1/DUOX2/DIO3,10
GO:0009111,vitamin catabolic process,7/1378,13/14924,0.538461538461538,5.83164005805515,5.55853067839255,5.86621291479108e-05,0.00207385165807974,0.00177026922668861,CYP26B1/CYP27B1/CYP4F3/CYP4F2/CYP3A4/CYP24A1/CYP4F12,7
GO:0097501,stress response to metal ion,8/1378,17/14924,0.470588235294118,5.09655937846837,5.3900864630782,5.87883807561617e-05,0.00207385165807974,0.00177026922668861,MT1G/MT1F/MT1E/MT1H/MT1M/MT1X/MT2A/MT1A,8
GO:0006882,intracellular zinc ion homeostasis,11/1378,31/14924,0.354838709677419,3.84297017650639,5.05369698723271,5.93464555795465e-05,0.00207385165807974,0.00177026922668861,MT1G/MT1F/SLC39A4/MT1E/MT1H/MT1M/SLC30A2/MT1X/MT2A/MT1A/SLC30A8,11
GO:0009069,serine family amino acid metabolic process,11/1378,31/14924,0.354838709677419,3.84297017650639,5.05369698723271,5.93464555795465e-05,0.00207385165807974,0.00177026922668861,CDO1/AMT/GLDC/CTH/SHMT1/AGXT/RIDA/PHGDH/GLYAT/AGXT2/PSAT1,11
GO:0042219,modified amino acid catabolic process,11/1378,31/14924,0.354838709677419,3.84297017650639,5.05369698723271,5.93464555795465e-05,0.00207385165807974,0.00177026922668861,ALDH4A1/HOGA1/DPEP1/GGACT/DIO1/SARDH/ALDH1L1/BHMT/DMGDH/AGXT2/DIO3,11
GO:0042573,retinoic acid metabolic process,11/1378,31/14924,0.354838709677419,3.84297017650639,5.05369698723271,5.93464555795465e-05,0.00207385165807974,0.00177026922668861,ADH1B/ADH1C/CYP26B1/ADH6/ALDH1A2/ALDH8A1/CYP3A4/CYP2C18/ADH1A/CYP3A7/UGT1A9,11
GO:0051954,positive regulation of amine transport,11/1378,31/14924,0.354838709677419,3.84297017650639,5.05369698723271,5.93464555795465e-05,0.00207385165807974,0.00177026922668861,CXCL12/ABAT/SYT1/NTSR1/OXT/RAB3B/AVPR1A/SLC38A3/GDNF/CLTRN/ACE2,11
GO:0015804,neutral amino acid transport,15/1378,53/14924,0.283018867924528,3.06514773940904,4.80359204454491,5.99223121355487e-05,0.0020796325725399,0.0017752038973682,LLGL2/SLC7A8/SLC6A19/SFXN2/SLC38A4/SLC36A2/SLC7A9/SLC7A10/SLC7A7/SLC7A13/LEP/SLC38A3/CLTRN/SLC6A17/ACE2,15
GO:0007411,axon guidance,38/1378,214/14924,0.177570093457944,1.92311761594075,4.33815166982116,6.27998615703511e-05,0.00216467277943516,0.00184779542565394,NTN4/GDF7/CXCL12/SEMA3G/NFASC/FLRT2/MATN2/SEMA6D/SEMA3D/SEMA3B/CHL1/PTPRO/GATA3/MYH10/TUBB2B/HMCN2/SEMA5A/NR4A3/RET/CNTN1/CYFIP2/LHX1/FLRT3/NTRK1/ATOH7/UNC5D/PLXNA4/BMP7/BMPR1B/SLIT2/RELN/LGR6/KIF5A/ROBO2/GDNF/IGSF9/L1CAM/NTN1,38
GO:0001508,action potential,30/1378,154/14924,0.194805194805195,2.10977701543739,4.4152264352788,6.44110756212995e-05,0.00220520892008868,0.00188239765098094,NTRK3/ANK2/NOS1/ATP1A1/ANK3/KCNQ1/ATP1A2/SLC8A1/NTRK2/CLDN19/KCNH6/NEDD4L/SCN7A/SCN11A/ABCC8/MYH14/SCN2A/NOS1AP/CHRNA4/GPD1L/SCN3A/KCNE1/GPR88/KCNA4/KCNJ3/CACNB4/TACR1/KCNMB2/GRIK2/ADRA1A,30
GO:0140115,export across plasma membrane,19/1378,78/14924,0.243589743589744,2.6381228834059,4.62632557811031,6.50991523779755e-05,0.00221380808791411,0.00188973802275593,SLC47A2/WNK4/ATP1A1/KCNQ1/ATP1B2/ATP1A2/SLC8A1/SLC30A2/FXYD4/KCNK5/SLC4A4/ABCB1/PDZK1/NEDD4L/SLC15A2/KCNE1/KCNIP1/FXYD3/ATP12A,19
GO:0097485,neuron projection guidance,38/1378,215/14924,0.176744186046512,1.91417288284335,4.30628861127709,6.96399575270702e-05,0.00235243776526443,0.00200807428406127,NTN4/GDF7/CXCL12/SEMA3G/NFASC/FLRT2/MATN2/SEMA6D/SEMA3D/SEMA3B/CHL1/PTPRO/GATA3/MYH10/TUBB2B/HMCN2/SEMA5A/NR4A3/RET/CNTN1/CYFIP2/LHX1/FLRT3/NTRK1/ATOH7/UNC5D/PLXNA4/BMP7/BMPR1B/SLIT2/RELN/LGR6/KIF5A/ROBO2/GDNF/IGSF9/L1CAM/NTN1,38
GO:0015695,organic cation transport,23/1378,105/14924,0.219047619047619,2.37232704402516,4.50080259369507,7.03945769159624e-05,0.00236218093531908,0.00201639119238543,ADRA2C/LLGL2/SLC44A4/SLC47A2/SLC7A8/SFXN2/SLC25A42/SLC38A4/SLC36A2/SLC22A3/ABCB1/SLC7A10/PDZK1/OXT/SLC16A9/SLC22A1/SLC7A7/SLC16A10/SLC19A3/SLC38A3/CLTRN/SLC6A17/ACE2,23
GO:0010038,response to metal ion,51/1378,319/14924,0.15987460815047,1.73147217129,4.2120111448824,7.14948551715739e-05,0.00237456623191885,0.00202696345745008,CRHBP/MT1G/MT1F/FECH/ABAT/SLC34A1/TNNC1/MT1E/FBP1/MT1H/SLC13A2/AQP2/KCNJ10/ALAD/ANK3/CAT/AQP1/DPEP1/ASS1/RYR3/MT1M/SYT1/ACO1/ATP1A2/SLC30A2/PRKN/MT1X/TRPV6/CASR/TNNT2/ABCB1/SUCNR1/DLG2/ABCC8/ABCC6/MTTP/HMGCS2/ADGRV1/PKLR/CAPN3/AQP3/KHK/FOSB/FOS/MT2A/TFAP2A/CPNE6/MT1A/KCNMB2/CHP2/SLC30A8,51
GO:1990748,cellular detoxification,24/1378,112/14924,0.214285714285714,2.32075471698113,4.47477777820959,7.1700934178722e-05,0.00237456623191885,0.00202696345745008,FBLN5/SOD3/FABP1/HAGH/GCH1/GSTO2/CAT/GPX3/ALDH2/GSTM3/ALB/SLC22A3/MTARC2/SLC22A1/RAB29/BMP7/APOM/GPX2/AMBP/RDH12/HBB/DUOX2/MPO/GSTA1,24
GO:0051952,regulation of amine transport,17/1378,66/14924,0.257575757575758,2.789594053745,4.64722244994252,7.3663780040203e-05,0.00242372969781629,0.00206893009012436,ADRA2C/CXCL12/NPY5R/ABAT/SYT1/ATP1A2/PRKN/NTSR1/OXT/RAB3B/CHRNA4/AVPR1A/LEP/SLC38A3/GDNF/CLTRN/ACE2,17
GO:0009309,amine biosynthetic process,12/1378,37/14924,0.324324324324324,3.51249362570117,4.88033213303051,7.59388025782685e-05,0.00246721348973108,0.00210604847242841,MOXD1/SULT1A2/AGMAT/GCH1/DAO/PAH/DDC/GATA3/ALDH2/KL/NR4A2/DBH,12
GO:0006721,terpenoid metabolic process,21/1378,92/14924,0.228260869565217,2.4721082854799,4.51732102520513,7.64461254959106e-05,0.00246721348973108,0.00210604847242841,ADH1B/ADH1C/CYP26B1/ADH6/DHRS4L2/ALDH1A2/DHRS4/ABCA4/ALDH8A1/CEL/CYP3A4/CYP2C18/HMGCS2/ADH1A/RBP4/LPL/LDLR/CYP3A7/RDH12/UGT1A9/CYP2C9,21
GO:0050886,endocrine process,21/1378,92/14924,0.228260869565217,2.4721082854799,4.51732102520513,7.64461254959106e-05,0.00246721348973108,0.00210604847242841,ECRG4/CRHBP/WNK4/KCNQ1/AQP1/HSD11B2/TBX3/GATA3/MME/TRPV6/AVPR2/SUCNR1/AGTR1/AVPR1A/ANPEP/RAB11FIP3/LEP/REN/TACR1/ACE2/HCAR2,21
GO:0072010,glomerular epithelium development,10/1378,27/14924,0.37037037037037,4.01118099231307,4.99478128940443,8.47356732161288e-05,0.0027174408619375,0.00231964611089323,NPHS2/NPHS1/PTPRO/FOXC1/MAGI2/PODXL/PROM1/KLF15/WT1/FOXJ1,10
GO:0015670,carbon dioxide transport,6/1378,10/14924,0.6,6.49811320754717,5.54707133735351,9.28650211838943e-05,0.00294091913961745,0.00251041034239883,AQP1/RHCG/AQP6/CA2/RHBG/HBB,6
GO:0015791,polyol transmembrane transport,6/1378,10/14924,0.6,6.49811320754717,5.54707133735351,9.28650211838943e-05,0.00294091913961745,0.00251041034239883,AQP7/AQP2/AQP1/SLC5A11/SLC26A6/AQP3,6
GO:0006071,glycerol metabolic process,8/1378,18/14924,0.444444444444444,4.81341719077568,5.16317870394325,9.72666466949087e-05,0.00304228456051298,0.00259693730519415,PCK1/PCK2/TKFC/GK/ANGPTL3/LEP/MOGAT2/MOGAT1,8
GO:0036376,sodium ion export across plasma membrane,8/1378,18/14924,0.444444444444444,4.81341719077568,5.16317870394325,9.72666466949087e-05,0.00304228456051298,0.00259693730519415,ATP1A1/ATP1B2/ATP1A2/SLC8A1/FXYD4/SLC4A4/FXYD3/ATP12A,8
GO:0015837,amine transport,18/1378,74/14924,0.243243243243243,2.63437021927588,4.49521238741429,0.000102567093813483,0.00318838935185839,0.00272165442996191,ADRA2C/CXCL12/NPY5R/ABAT/SYT1/ATP1A2/PRKN/NTSR1/OXT/RAB3B/CHRNA4/RHCG/AVPR1A/LEP/SLC38A3/GDNF/CLTRN/ACE2,18
GO:0046164,alcohol catabolic process,11/1378,33/14924,0.333333333333333,3.61006289308176,4.78732766175273,0.000114094775088806,0.00352511113033525,0.0030090849219506,SULT1A2/SORD/CYP39A1/ACSS2/TKFC/GK/ALDH2/NTSR1/ALDH1B1/MIOX/SULT1B1,11
GO:0019229,regulation of vasoconstriction,16/1378,62/14924,0.258064516129032,2.79488740109556,4.51691135986923,0.000116214785512628,0.00356885041328779,0.00304642139503278,SVEP1/ADRA2C/BDKRB2/ATP1A2/CASR/ASIC2/AVPR2/FAAH/AGTR1/DBH/AVPR1A/LEP/TACR1/KCNMB2/ACE2/ADRA1A,16
GO:0003096,renal sodium ion transport,9/1378,23/14924,0.391304347826087,4.23789991796555,4.9564048590752,0.000117286895180659,0.00357992051665848,0.00305587099247965,UMOD/WNK4/SLC12A3/KCNQ1/KCNJ1/CLCNKB/ATP6V1B1/WNK3/KLHL3,9
GO:0030258,lipid modification,32/1378,174/14924,0.183908045977012,1.99175883756235,4.1969310635329,0.000117988302009466,0.00357992051665848,0.00305587099247965,ECHS1/ACADM/EPHX2/HADH/BDH2/ECI2/ACAA1/APOD/PPARA/PHYH/ACOX2/ACAT1/SLC27A2/FMO4/HAO2/PLIN5/CYP4A22/CYP4F3/CYP4F2/FA2H/GCDH/CYP3A4/ACACB/EHHADH/PPARGC1A/INPP5J/DGKB/CYP3A7/FMO1/LEP/PLPPR1/PLPP4,32
GO:0098719,sodium ion import across plasma membrane,10/1378,28/14924,0.357142857142857,3.86792452830189,4.84461249372331,0.000120965624063115,0.00364840962576074,0.00311433426864248,SLC9A3/SLC34A1/SCNN1B/SLC5A2/SCNN1G/SLC8A1/SLC9A4/SCNN1A/NEDD4L/SLC9A2,10
GO:0042310,vasoconstriction,19/1378,82/14924,0.231707317073171,2.50943396226415,4.37141434005155,0.000133805983448126,0.00396857992530925,0.00338763618316573,SVEP1/ADRA2C/SCNN1B/BDKRB2/ATP1A2/SLC8A1/CASR/ASIC2/AVPR2/FAAH/AGTR1/DBH/AVPR1A/LEP/SLC6A4/TACR1/KCNMB2/ACE2/ADRA1A,19
GO:0051591,response to cAMP,19/1378,82/14924,0.231707317073171,2.50943396226415,4.37141434005155,0.000133805983448126,0.00396857992530925,0.00338763618316573,RAPGEF3/CDO1/CRHBP/GPD1/FBP1/KCNQ1/AQP1/ASS1/OXT/HMGCS2/PKLR/SLC26A6/KCNE1/WT1/SLC26A3/FOSB/REN/FOS/DUOX2,19
GO:0009072,aromatic amino acid metabolic process,12/1378,39/14924,0.307692307692308,3.33236574746009,4.65159271323756,0.000134713982070888,0.00396857992530925,0.00338763618316573,HPD/TTC36/IYD/AFMID/QPRT/PAH/QDPR/FTCD/GCDH/AMDHD1/ACMSD/HGD,12
GO:0046686,response to cadmium ion,12/1378,39/14924,0.307692307692308,3.33236574746009,4.65159271323756,0.000134713982070888,0.00396857992530925,0.00338763618316573,MT1G/MT1F/SLC34A1/MT1E/MT1H/ALAD/CAT/MT1M/MT1X/ABCB1/MT2A/MT1A,12
GO:0043434,response to peptide hormone,61/1378,412/14924,0.148058252427184,1.60349880930573,3.961945830552,0.000143004685290904,0.00418846670733533,0.00357533466297734,PID1/TGFBR3/ENPP1/CDO1/CRHBP/CXCL12/HADH/PCK1/SLC25A33/SLC34A1/SCNN1B/BTG2/FBP1/CEACAM1/PPARA/CAT/KCNQ1/HSD11B2/ASS1/PCK2/SCNN1G/G6PC1/SLC22A12/NR4A3/SOCS2/KL/SCNN1A/ABCB1/GHR/NR4A2/OXT/NR4A1/ABCC8/AGTR1/INSRR/GRB14/HMGCS2/PKLR/SLC26A6/GCGR/KLF15/BMP7/CACNA2D3/CAMK2A/KHK/RBP4/EGR1/ECHDC3/LEP/REN/FOS/PLA2G2A/CA2/HNF4A/PNPLA3/IGF2/ACVR1C/ALPL/GCK/VWA2/TRPV4,61
GO:0072028,nephron morphogenesis,18/1378,76/14924,0.236842105263158,2.56504468718967,4.36261312835973,0.000148032222523723,0.00425014077767251,0.00362798052526801,TCF21/GPC3/FGF1/WNK4/IRX1/NPNT/GATA3/IRX2/PBX1/ADAMTS16/TACSTD2/LHX1/ERBB4/KLHL3/BMP7/WNT9B/WT1/GDNF,18
GO:0006637,acyl-CoA metabolic process,22/1378,103/14924,0.213592233009709,2.31324418391647,4.2655249583921,0.000148465545223611,0.00425014077767251,0.00362798052526801,ACSF2/PIPOX/ACSS2/SUCLG2/ACAT1/ACOT12/SUCLG1/SLC27A2/ACSL6/ACOT11/GCDH/ACSM3/AASS/ACACB/HMGCS2/GLYAT/ACSM2B/ACOT1/ACSM2A/ACOT6/ACSBG2/ACOT4,22
GO:0019395,fatty acid oxidation,22/1378,103/14924,0.213592233009709,2.31324418391647,4.2655249583921,0.000148465545223611,0.00425014077767251,0.00362798052526801,ECHS1/ACADM/HADH/BDH2/ECI2/ACAA1/PPARA/PHYH/ACOX2/ACAT1/SLC27A2/FMO4/HAO2/PLIN5/CYP4F3/CYP4F2/GCDH/ACACB/EHHADH/PPARGC1A/FMO1/LEP,22
GO:0035383,thioester metabolic process,22/1378,103/14924,0.213592233009709,2.31324418391647,4.2655249583921,0.000148465545223611,0.00425014077767251,0.00362798052526801,ACSF2/PIPOX/ACSS2/SUCLG2/ACAT1/ACOT12/SUCLG1/SLC27A2/ACSL6/ACOT11/GCDH/ACSM3/AASS/ACACB/HMGCS2/GLYAT/ACSM2B/ACOT1/ACSM2A/ACOT6/ACSBG2/ACOT4,22
GO:0048732,gland development,60/1378,405/14924,0.148148148148148,1.60447239692523,3.93353279476782,0.000158924140060366,0.00452398099823525,0.00386173442642249,NTN4/PDGFRA/TGFBR3/GDF7/CDO1/SFRP1/ACADM/TCF21/PCK1/IRF6/CEACAM1/CDKN1C/ALDH1A2/FGF7/PPARA/ACAT1/EGF/GATA2/CCL11/ASS1/PCK2/PROX1/VDR/WLS/TBX3/SOSTDC1/GATA3/TFCP2L1/PTN/FOXC1/PBX1/RAP1GAP/SOCS2/ABCB1/ELF3/LIMS2/NEURL1/EDAR/ERBB4/HOXB9/FA2H/APOA1/CSMD1/HMGCS2/PRLR/ATP2C2/BMP7/ELF5/WT1/FGF10/VTN/NRG1/EAF2/UPB1/IGF2/CRIPTO/CACNB4/UGT1A9/NTN1/STRA6,60
GO:0061045,negative regulation of wound healing,17/1378,70/14924,0.242857142857143,2.63018867924528,4.3602593870459,0.000161765808912594,0.00457914722771013,0.00390882510333342,PDGFRA/PLAT/MYOZ1/CEACAM1/PROC/WFDC1/AJAP1/F11/KNG1/PLG/TSPAN8/ADTRP/KLKB1/FIGNL2/HRG/VTN/F12,17
GO:0015701,bicarbonate transport,10/1378,29/14924,0.344827586206897,3.73454782042941,4.70122904163337,0.000169453828956074,0.00477012528511347,0.00407184668526612,CA4/SLC39A4/SLC39A5/SLC4A4/SLC4A9/SLC4A11/SLC26A7/SLC26A6/SLC4A1/SLC26A3,10
GO:0034440,lipid oxidation,23/1378,111/14924,0.207207207207207,2.24409314975353,4.19604386283401,0.000171598705587325,0.00479860573676445,0.00409615800325431,ECHS1/ACADM/HADH/BDH2/ECI2/ACAA1/APOD/PPARA/PHYH/ACOX2/ACAT1/SLC27A2/FMO4/HAO2/PLIN5/CYP4F3/CYP4F2/GCDH/ACACB/EHHADH/PPARGC1A/FMO1/LEP,23
GO:0072311,glomerular epithelial cell differentiation,9/1378,24/14924,0.375,4.06132075471698,4.7870555280573,0.000172359629779185,0.00479860573676445,0.00409615800325431,NPHS2/NPHS1/PTPRO/MAGI2/PODXL/PROM1/KLF15/WT1/FOXJ1,9
GO:0019098,reproductive behavior,12/1378,40/14924,0.3,3.24905660377359,4.54273803768722,0.000176430867812721,0.0048851104218965,0.00416999963096044,ABAT/SERPINA5/THRB/FUOM/OXT/DBH/AVPR1A/PPP1R1B/MTNR1A/SLC6A4/TACR1/ZFY,12
GO:0009080,pyruvate family amino acid catabolic process,7/1378,15/14924,0.466666666666667,5.05408805031447,5.01027647579276,0.000186317434133095,0.005048542567848,0.00430950763169059,ALDH6A1/HMGCLL1/HIBCH/AGXT/GPT2/GPT/AGXT2,7
GO:0051412,response to corticosterone,7/1378,15/14924,0.466666666666667,5.05408805031447,5.01027647579276,0.000186317434133095,0.005048542567848,0.00430950763169059,NTRK3/UCN3/PRKN/AVPR1A/FOSB/FOS/NPAS4,7
GO:1902358,sulfate transmembrane transport,7/1378,15/14924,0.466666666666667,5.05408805031447,5.01027647579276,0.000186317434133095,0.005048542567848,0.00430950763169059,SLC26A4/SLC25A10/SLC26A7/SLC13A1/SLC26A6/SLC26A3/SLC26A9,7
GO:0097009,energy homeostasis,19/1378,84/14924,0.226190476190476,2.4496855345912,4.24955682123483,0.000187661526975089,0.005048542567848,0.00430950763169059,SLC25A25/WNK4/PCSK1N/NR4A3/FMO4/SUCNR1/MLXIPL/PM20D1/ACACB/CCDC198/MRAP2/PPARGC1A/SCTR/FMO1/LEP/IGF2BP2/ADRB1/ACVR1C/TRPV4,19
GO:0015747,urate transport,6/1378,11/14924,0.545454545454545,5.9073756432247,5.19290382507833,0.000188311534502323,0.005048542567848,0.00430950763169059,UMOD/SLC22A12/SLC2A9/SLC22A13/SLC23A1/SLC17A1,6
GO:0019532,oxalate transport,6/1378,11/14924,0.545454545454545,5.9073756432247,5.19290382507833,0.000188311534502323,0.005048542567848,0.00430950763169059,SLC26A4/AGXT/SLC26A7/SLC26A6/SLC26A3/SLC26A9,6
GO:0051385,response to mineralocorticoid,11/1378,35/14924,0.314285714285714,3.40377358490566,4.54090021240423,0.000206940353464507,0.00551877247897189,0.00471090256169341,NTRK3/UCN3/SCNN1B/SLC12A3/SCNN1G/PRKN/SCNN1A/AVPR1A/FOSB/FOS/NPAS4,11
GO:0048545,response to steroid hormone,49/1378,316/14924,0.155063291139241,1.67936470026272,3.89312439807028,0.000209560469910968,0.00555938691643389,0.00474557162228805,NTRK3/PADI2/UCN3/FAM107A/CDO1/SFRP1/TCF21/PTGDS/FECH/PCK1/SCNN1B/ESRRB/NR3C2/ATP1A1/ALAD/PPARA/SLC12A3/AQP1/HSD11B2/ASS1/PCK2/IGFBP2/PAQR7/SCNN1G/VDR/ATP1A2/ESRRG/PRKN/NR4A3/SCNN1A/LMO3/ABCB1/GHR/MT-ND3/OXT/SSTR2/ADTRP/HMGCS2/AVPR1A/SLIT2/FOSB/FOS/BCHE/ALPL/TACR1/NPAS4/TRIM63/ETNPPL/KDM5D,49
GO:0048839,inner ear development,32/1378,180/14924,0.177777777777778,1.92536687631027,3.98372805286572,0.000225799631241069,0.00595899339322134,0.00508668138579799,NTRK3/SLC44A4/SOBP/FREM2/EYA4/ESRRB/KCNQ1/GATA2/PROX1/MYO6/CALB1/TBX3/GATA3/NR4A3/ATP6V1B1/MYO3B/CECR2/ITGA8/ADGRV1/ESRP1/FGF10/FOXI1/MCOLN3/STOX1/FGF9/HMX2/OTOGL/TFAP2A/GABRB2/MYCN/NTN1/TMC1,32
GO:0019751,polyol metabolic process,22/1378,106/14924,0.207547169811321,2.24777500889996,4.11189071125425,0.000229768029059283,0.00603230364374812,0.00514926005674718,PTH1R/PCK1/SLC34A1/SORD/GCH1/NUDT10/SPHK2/PCK2/CYP27B1/TKFC/GK/QDPR/NTSR1/MIOX/CYP3A4/ANGPTL3/CYP24A1/INPP5J/LEP/MOGAT2/IP6K3/MOGAT1,22
GO:0035809,regulation of urine volume,8/1378,20/14924,0.4,4.33207547169811,4.75582153583051,0.000236653785997824,0.00611798333495396,0.00522239745792192,UMOD/BTC/TRPV5/AVPR2/OXT/NPR1/SLC4A1/NPR3,8
GO:0070294,renal sodium ion absorption,8/1378,20/14924,0.4,4.33207547169811,4.75582153583051,0.000236653785997824,0.00611798333495396,0.00522239745792192,UMOD/WNK4/SLC12A3/KCNQ1/KCNJ1/CLCNKB/WNK3/KLHL3,8
GO:0071294,cellular response to zinc ion,8/1378,20/14924,0.4,4.33207547169811,4.75582153583051,0.000236653785997824,0.00611798333495396,0.00522239745792192,MT1G/MT1F/MT1E/MT1H/MT1M/MT1X/MT2A/MT1A,8
GO:0005996,monosaccharide metabolic process,41/1378,253/14924,0.162055335968379,1.75508986501603,3.8634579149794,0.000263354358325631,0.00676810080040714,0.00577734695893406,NPY1R/ACADM/PCK1/GPD1/ALDOB/SORD/FBP1/DCXR/APOD/GSTO2/PPARA/KCNQ1/PFKFB1/PCK2/G6PC1/ATP1A2/TKFC/GALM/SLC25A10/PRKN/PC/TFAP2B/GLYCTK/GAL3ST3/FUOM/FBN3/FUT6/ATF3/DHDH/XYLB/ACACB/PPARGC1A/FUT5/KHK/SLC23A1/RBP4/PFKFB2/LEP/OTOGL/IGF2/GCK,41
GO:0006720,isoprenoid metabolic process,22/1378,107/14924,0.205607476635514,2.22676776582613,4.06182536311372,0.000264472855433316,0.00676810080040714,0.00577734695893406,ADH1B/ADH1C/CYP26B1/ADH6/DHRS4L2/ALDH1A2/DHRS4/PHYH/ABCA4/ALDH8A1/CEL/CYP3A4/CYP2C18/HMGCS2/ADH1A/RBP4/LPL/LDLR/CYP3A7/RDH12/UGT1A9/CYP2C9,22
GO:0042401,biogenic amine biosynthetic process,11/1378,36/14924,0.305555555555556,3.30922431865828,4.42431800884174,0.000273363446537742,0.00696046524425496,0.00594155198002423,MOXD1/AGMAT/GCH1/DAO/PAH/DDC/GATA3/ALDH2/KL/NR4A2/DBH,11
GO:0008543,fibroblast growth factor receptor signaling pathway,17/1378,73/14924,0.232876712328767,2.52209873352287,4.15789529136938,0.000278277126059959,0.00705015098872907,0.00601810900515986,CCN2/FGF1/FLRT2/FGF7/FLRT1/GATA3/HHIP/FGFR3/KL/FLRT3/GALNT3/TRIM71/FGF10/LRIT3/FGF9/KLB/SHISA2,17
GO:1903522,regulation of blood circulation,40/1378,246/14924,0.16260162601626,1.76100628930818,3.83857031570529,0.000289759490135472,0.00730453401251958,0.00623525396683243,SVEP1/HSPB7/ADRA2C/ANK2/KCNJ12/MYL3/NOS1/EHD3/GCH1/ATP1A1/THRB/JPH4/KCNQ1/ATP1B2/DES/BDKRB2/ATP1A2/SLC8A1/CASR/ASIC2/TNNT2/AVPR2/KCNH6/OXT/FAAH/AGTR1/NOS1AP/GPD1L/DBH/KCNE1/AVPR1A/LEP/ADRB1/KCNJ3/KCNIP1/TACR1/KCNMB2/ACE2/MYH6/ADRA1A,40
GO:0007589,body fluid secretion,18/1378,80/14924,0.225,2.43679245283019,4.10970549778584,0.00029422393825387,0.00738035987689286,0.00629998000148594,CDO1/NEGR1/SCNN1B/WNK4/PPARA/AQP1/VDR/SOCS2/ABCB1/NEURL1/ERBB4/SLC4A9/CEL/WNK3/NPR1/PRLR/FGF10/AGR2,18
GO:0030003,intracellular monoatomic cation homeostasis,69/1378,493/14924,0.139959432048682,1.51578705652723,3.71443556042134,0.000297219606038394,0.00741877706303714,0.00633277345715198,SCARA5/PTH1R/ANK2/MT1G/CXCL12/MT1F/SLC9A3/SLC39A4/SCNN1B/UMOD/MT1E/MT1H/TMEM178A/ATP1A1/CLDN16/SYPL2/JPH4/HAP1/CCL11/RYR3/ATP1B2/XK/SCNN1G/VDR/MT1M/CALB1/ACO1/ATP1A2/SLC8A1/SLC30A2/PKHD1/SLC9A4/PLCL1/CCL21/NTSR1/MT1X/CASR/CCL14/SLC39A5/SCNN1A/SLC4A4/ATP6V1B1/RGN/SLC4A9/BDKRB1/SLC4A11/SLC26A6/ATP2C2/ATP6V0D2/PLCH2/CAPN3/AVPR1A/SLC4A1/SLC26A3/GRM1/SLC9A2/TRPC7/MT2A/CA2/CCL15/ATP6V0A4/MT1A/CACNB4/ATP12A/TRPV4/CCL19/CCL23/GRIK2/SLC30A8,69
GO:0015807,L-amino acid transport,19/1378,87/14924,0.218390804597701,2.36521361960529,4.07318684836462,0.000303913594513274,0.00749947421391113,0.00640165769114099,EPM2A/LLGL2/KCNJ10/SLC7A8/SLC38A4/SLC36A2/SLC7A9/ATP1A2/NTSR1/SLC7A10/ABCC8/SLC7A7/SLC16A10/SLC7A13/GRM1/SLC38A3/CLTRN/SLC6A17/ACE2,19
GO:0043605,amide catabolic process,7/1378,16/14924,0.4375,4.73820754716981,4.77156508317747,0.0003048927744357,0.00749947421391113,0.00640165769114099,PIPOX/GDA/FTCD/PM20D1/AASS/AMDHD1/ALLC,7
GO:0055062,phosphate ion homeostasis,7/1378,16/14924,0.4375,4.73820754716981,4.77156508317747,0.0003048927744357,0.00749947421391113,0.00640165769114099,ENPP1/SLC34A1/UMOD/TMEM174/ABCC6/SLC34A3/ALPL,7
GO:0007617,mating behavior,10/1378,31/14924,0.32258064516129,3.49360925136945,4.43266892671642,0.000316141582623723,0.00770139134208848,0.00657401701923521,ABAT/SERPINA5/THRB/FUOM/OXT/AVPR1A/PPP1R1B/MTNR1A/SLC6A4/TACR1,10
GO:0098810,neurotransmitter reuptake,10/1378,31/14924,0.32258064516129,3.49360925136945,4.43266892671642,0.000316141582623723,0.00770139134208848,0.00657401701923521,NOS1/KCNJ10/GPM6B/ATP1A2/PRKN/SLC22A3/RAB3B/SLC22A1/GDNF/SLC6A4,10
GO:0060537,muscle tissue development,57/1378,390/14924,0.146153846153846,1.58287373004354,3.72015770127561,0.000327051997838109,0.0079290548949555,0.00676835386107676,PDGFRA/TGFBR3/CYP26B1/ACADM/TCF21/GATA5/HLF/MYL3/BTG2/TNNC1/PGM5/MYLK3/MYOZ1/ALDH1A2/MYORG/PPARA/XK/PROX1/NPHS1/MYOM2/RCAN1/TBX3/TNNI1/SLC8A1/MYH10/FOXC1/B4GALNT2/TFAP2B/TNNT2/BMP5/NEURL1/ITGA8/ERBB4/NR4A1/MYOCD/ADPRHL1/ATF3/MYH14/PI16/COL19A1/BMP7/DNER/WT1/NEBL/RBP4/EGR1/FGF9/EYA2/MYH11/NRG1/NOX4/FOS/FER1L6/IGF2/MYH6/STRA6/ADRA1A,57
GO:0060456,positive regulation of digestive system process,6/1378,12/14924,0.5,5.41509433962264,4.87988745501412,0.000347198116738105,0.00830710293637279,0.00709106103799732,NEGR1/AQP1/OXT/PRAP1/CYP8B1/ENPP7,6
GO:0003071,renal system process involved in regulation of systemic arterial blood pressure,9/1378,26/14924,0.346153846153846,3.7489114658926,4.47435650329322,0.000347563809455503,0.00830710293637279,0.00709106103799732,CORO2B/HSD11B2/PTPRO/CYP4A11/SUCNR1/CYP4F2/AGTR1/CYP4F12/REN,9
GO:0072207,metanephric epithelium development,9/1378,26/14924,0.346153846153846,3.7489114658926,4.47435650329322,0.000347563809455503,0.00830710293637279,0.00709106103799732,UMOD/ACAT1/AQP1/SLC22A6/NPHS2/CALB1/SLC22A1/WNT9B/WT1,9
GO:0071276,cellular response to cadmium ion,8/1378,21/14924,0.380952380952381,4.12578616352201,4.5717155787665,0.000351504354403956,0.00836184302237015,0.00713778795278406,MT1G/MT1F/MT1E/MT1H/MT1M/MT1X/MT2A/MT1A,8
GO:0042632,cholesterol homeostasis,19/1378,88/14924,0.215909090909091,2.33833619210978,4.01601465525588,0.000354625272620289,0.00839666474937853,0.00716751227347156,NEGR1/LIPG/EPHX2/CYP39A1/NPC1L1/G6PC1/SOAT2/CES1/ACSM3/GRAMD1B/MTTP/APOA1/ANGPTL3/APOM/LPL/LDLR/HNF4A/MALRD1/PLA2G12B,19
GO:0030195,negative regulation of blood coagulation,13/1378,49/14924,0.26530612244898,2.8733153638814,4.1891661964511,0.000371480829614936,0.00871432112805038,0.00743866826943359,PDGFRA/PLAT/CEACAM1/PROC/F11/KNG1/PLG/TSPAN8/ADTRP/KLKB1/HRG/VTN/F12,13
GO:0035850,epithelial cell differentiation involved in kidney development,13/1378,49/14924,0.26530612244898,2.8733153638814,4.1891661964511,0.000371480829614936,0.00871432112805038,0.00743866826943359,NPHS2/NPHS1/PTPRO/GATA3/MAGI2/LHX1/PODXL/PROM1/KLF15/WNT9B/WT1/GDNF/FOXJ1,13
GO:0001763,morphogenesis of a branching structure,34/1378,201/14924,0.169154228855721,1.8319722143997,3.78752787327579,0.00038403968296283,0.00896741508558829,0.00765471286584655,NTN4/GDF7/SFRP1/LLGL2/TCF21/GPC3/FGF1/FGF7/EGF/CCL11/PROX1/VDR/NPNT/TBX3/CTSH/PKHD1/PBX1/CASR/ADAMTS16/HHIP/TACSTD2/LHX1/CSMD1/BMP7/WNT9B/WT1/FIGNL2/FGF10/SLIT2/GRHL2/GDNF/CRIPTO/RSPO3/MYCN,34
GO:0002009,morphogenesis of an epithelium,67/1378,480/14924,0.139583333333333,1.51171383647799,3.63455446830858,0.000390076500551267,0.0090665946251985,0.00773937392933442,NTN4/GDF7/SFRP1/LLGL2/TCF21/KDF1/GPC3/FREM2/FGF1/WNK4/CAMSAP3/ARHGAP24/CEACAM1/ALDH1A2/PALS1/FGF7/IRX1/EPB41L5/EGF/CCL11/AJAP1/PROX1/VDR/NPNT/TBX3/SOSTDC1/GATA3/CTSH/PKHD1/IRX2/PBX1/FST/CASR/ADAMTS16/HHIP/TACSTD2/RET/SYNE4/LHX1/FLRT3/BMP5/CECR2/ERBB4/PODXL/KLHL3/CSMD1/TRIM71/NKD1/BMP7/WNT9B/WT1/FIGNL2/FGF10/SLIT2/OVOL2/STOX1/GRHL2/FERMT1/CA2/TFAP2A/GDNF/ALX1/RSPO3/MYCN/FOLR1/GREB1/NTN1,67
GO:0071384,cellular response to corticosteroid stimulus,15/1378,62/14924,0.241935483870968,2.62020693852709,4.07732046116375,0.000403889299498908,0.0093447811897761,0.00797683793146365,FAM107A/FECH/PCK1/SCNN1B/AQP1/ASS1/PCK2/SCNN1G/SCNN1A/ABCB1/MT-ND3/SSTR2/HMGCS2/NPAS4/ETNPPL,15
GO:0055092,sterol homeostasis,19/1378,89/14924,0.213483146067416,2.31206275174899,3.95961514850948,0.00041253733320135,0.00950148485150565,0.00811060240250884,NEGR1/LIPG/EPHX2/CYP39A1/NPC1L1/G6PC1/SOAT2/CES1/ACSM3/GRAMD1B/MTTP/APOA1/ANGPTL3/APOM/LPL/LDLR/HNF4A/MALRD1/PLA2G12B,19
GO:0010765,positive regulation of sodium ion transport,10/1378,32/14924,0.3125,3.38443396226415,4.30656411267815,0.000422144832877732,0.00964855445851341,0.0082361431076276,NOS1/ANK3/ATP1B2/PRSS8/FXYD4/CNTN1/WNK3/GPD1L/WNK2/FXYD3,10
GO:0072330,monocarboxylic acid biosynthetic process,35/1378,210/14924,0.166666666666667,1.80503144654088,3.74717744662985,0.000422731219615152,0.00964855445851341,0.0082361431076276,LIPG/PTGDS/GATM/CYP39A1/HOGA1/CEACAM1/ACSS2/ALDH1A2/ACOX2/SCD5/PROX1/SLC27A2/ALDH8A1/CES1/MLXIPL/FA2H/ACSM3/CYP3A4/ACACB/CYP8B1/PKLR/EHHADH/PLP1/PLA2G4F/ACSM2B/AVPR1A/ACMSD/LPL/FADS6/ACSM2A/ACSBG2/ACOT4/OSBPL6/MALRD1/CYP2C9,35
GO:0046683,response to organophosphorus,23/1378,118/14924,0.194915254237288,2.11096897985289,3.86430330726882,0.000437173171262013,0.00991055038282559,0.00845978654929842,RAPGEF3/ENPP1/CDO1/CRHBP/GPD1/FBP1/KCNQ1/AQP1/ASS1/RYR3/OXT/HMGCS2/PKLR/SLC26A6/KCNE1/WT1/SLC26A3/P2RX6/FOSB/REN/FOS/DUOX2/SLC6A4,23
GO:0007631,feeding behavior,16/1378,69/14924,0.231884057971015,2.51134809953514,4.01328372758254,0.000438502611044737,0.00991055038282559,0.00845978654929842,NPY1R/NEGR1/NPY5R/DACH1/NTRK2/NR4A3/OXT/CNTFR/MRAP2/UCHL1/LEP/REN/FOS/TACR1/ACE2/STRA6,16
GO:0060538,skeletal muscle organ development,30/1378,171/14924,0.175438596491228,1.90003310162198,3.77540467225279,0.000440951642449063,0.00991055038282559,0.00845978654929842,CYP26B1/NEGR1/TCF21/HLF/MYL3/BTG2/MYOZ1/MYORG/ASS1/XK/DES/NPHS1/MYOM2/RCAN1/B4GALNT2/NEURL1/NR4A1/MYOCD/SCN11A/ATF3/MYH14/CNTFR/COL19A1/DNER/WT1/EGR1/FOS/FER1L6/IGF2/STRA6,30
GO:0043269,regulation of monoatomic ion transport,56/1378,386/14924,0.145077720207254,1.57121908299932,3.62652913125238,0.000442864203369874,0.00991055038282559,0.00845978654929842,ANK2/CXCL12/KCNJ12/NOS1/WNK4/KCNJ10/ATP1A1/ANK3/JPH4/EGF/KCNQ1/HAP1/ATP1B2/SPHK2/KCNJ1/DPP6/ATP1A2/SLC8A1/PRSS8/KCNJ15/NTSR1/CASR/CBARP/FXYD4/ASIC2/CNTN1/ABCB1/PDZK1/NEDD4L/ABCC8/WNK3/BDKRB1/CLDN10/NOS1AP/GPD1L/SPINK1/ATP2C2/KCNJ16/LRRC55/CAPN3/KCNE1/CAMK2A/WNK2/LEP/STAC2/CAMK2B/KCNJ3/CA2/KCNIP1/PLPP4/FXYD3/SLC6A4/GCK/TMC1/KCNJ13/NKAIN4,56
GO:0035150,regulation of tube size,27/1378,148/14924,0.182432432432432,1.97577766445691,3.80496294771211,0.000443989527708982,0.00991055038282559,0.00845978654929842,SVEP1/ADRA2C/SCNN1B/NOS1/BDKRB2/ATP1A2/SLC8A1/FOXC1/KNG1/CASR/ASIC2/AVPR2/FAAH/NPR1/AGTR1/DBH/WNT9B/AVPR1A/LEP/REN/ADRB1/HBB/SLC6A4/TACR1/KCNMB2/ACE2/ADRA1A,27
GO:0014706,striated muscle tissue development,54/1378,369/14924,0.146341463414634,1.58490566037736,3.62860792768182,0.000449616051274724,0.00999212513951327,0.00852941992007313,PDGFRA/TGFBR3/CYP26B1/ACADM/TCF21/GATA5/HLF/MYL3/BTG2/TNNC1/PGM5/MYLK3/MYOZ1/ALDH1A2/MYORG/PPARA/XK/PROX1/NPHS1/MYOM2/RCAN1/TBX3/TNNI1/SLC8A1/MYH10/FOXC1/B4GALNT2/TNNT2/BMP5/NEURL1/ERBB4/NR4A1/MYOCD/ADPRHL1/ATF3/MYH14/PI16/COL19A1/BMP7/DNER/WT1/NEBL/RBP4/EGR1/FGF9/EYA2/MYH11/NRG1/NOX4/FOS/FER1L6/IGF2/MYH6/ADRA1A,54
GO:0061138,morphogenesis of a branching epithelium,32/1378,187/14924,0.171122994652406,1.85329431944304,3.7450899975213,0.000456450859188497,0.0100997227227429,0.0086212667451415,NTN4/GDF7/SFRP1/LLGL2/TCF21/GPC3/FGF1/FGF7/EGF/CCL11/PROX1/VDR/NPNT/TBX3/CTSH/PKHD1/PBX1/CASR/ADAMTS16/HHIP/TACSTD2/LHX1/CSMD1/BMP7/WNT9B/WT1/FGF10/SLIT2/GRHL2/GDNF/RSPO3/MYCN,32
GO:1900047,negative regulation of hemostasis,13/1378,50/14924,0.26,2.81584905660377,4.10202214844648,0.000460130461625298,0.0101085583058111,0.00862880892432516,PDGFRA/PLAT/CEACAM1/PROC/F11/KNG1/PLG/TSPAN8/ADTRP/KLKB1/HRG/VTN/F12,13
GO:0042417,dopamine metabolic process,11/1378,38/14924,0.289473684210526,3.13505461767627,4.20299548030026,0.000460840135907315,0.0101085583058111,0.00862880892432516,MOXD1/ABAT/GCH1/DAO/DDC/ALDH2/PRKN/NR4A2/NPR1/MAOA/DBH,11
GO:0042572,retinol metabolic process,12/1378,44/14924,0.272727272727273,2.95368782161235,4.13930267941846,0.000470781797403362,0.0102821179631157,0.00877696191256993,ADH1B/ADH1C/ADH6/ALDH1A2/DHRS4/CEL/CYP3A4/CYP2C18/ADH1A/RBP4/CYP3A7/RDH12,12
GO:0033273,response to vitamin,18/1378,83/14924,0.216867469879518,2.34871561718572,3.92984112055954,0.000474354389821281,0.0102838173969216,0.00877841257340081,CYP26B1/SFRP1/SLC34A1/ALAD/ALDH1A2/CAT/VDR/CYP27B1/CASR/KL/ABCB1/BMP7/CYP24A1/AQP3/LEP/BCHE/ALPL/FOLR1,18
GO:0046459,short-chain fatty acid metabolic process,7/1378,17/14924,0.411764705882353,4.45948945615982,4.55185573162144,0.000477165850011377,0.0102838173969216,0.00877841257340081,PCK1/ACSS2/PHYH/PCK2/PCCA/TYRP1/ACOT4,7
GO:0051917,regulation of fibrinolysis,7/1378,17/14924,0.411764705882353,4.45948945615982,4.55185573162144,0.000477165850011377,0.0102838173969216,0.00877841257340081,PLAT/F11/PLG/KLKB1/HRG/VTN/F12,7
GO:0009081,branched-chain amino acid metabolic process,9/1378,27/14924,0.333333333333333,3.61006289308176,4.32942866463809,0.000478977877575192,0.0102838173969216,0.00877841257340081,ECHS1/ALDH6A1/ACADSB/PPM1K/HMGCLL1/ACAT1/DAO/HIBCH/PCCA,9
GO:0009914,hormone transport,46/1378,302/14924,0.152317880794702,1.64963138822941,3.63759400019815,0.00048318420477101,0.0103303559728891,0.00881813856275407,DOC2B/ECRG4/UCN3/RAPGEF3/ADRA2C/CRHBP/HADH/ABAT/WNK4/SLC7A8/KCNQ1/AQP1/FAM3B/PCK2/TBX3/GATA3/PRKN/TRPV6/CASR/ILDR1/SYT7/GPR27/TFAP2B/CRYM/ABCB1/MLXIPL/ABCC8/AGTR1/SYTL4/SLC16A10/RBP4/RAB11FIP3/TRPM5/PFKFB2/LEP/REN/ILDR2/HNF4A/SLC2A2/CLTRN/ACVR1C/GCK/TACR1/TRPV4/HCAR2/SLC30A8,46
GO:0009651,response to salt stress,8/1378,22/14924,0.363636363636364,3.93825042881647,4.39870677064961,0.00050794326692897,0.0108140694686096,0.00923104327205279,FBP1/EFHD1/AQP1/BDKRB2/ABCB1/CAPN3/PAPPA2/TRPV4,8
GO:0033555,multicellular organismal response to stress,18/1378,84/14924,0.214285714285714,2.32075471698113,3.87161358984518,0.000552543352415697,0.0116655715278764,0.0099578975222636,UMOD/NOS1/GCH1/TMEM45B/ATP1A2/NTSR1/RET/NTRK1/NR4A2/SCN11A/HMGCS2/TMEM74/DBH/SCN3A/RELN/ADRB1/TACR1/GRIK2,18
GO:1901568,fatty acid derivative metabolic process,18/1378,84/14924,0.214285714285714,2.32075471698113,3.87161358984518,0.000552543352415697,0.0116655715278764,0.0099578975222636,HMGCLL1/ACAT1/DPEP1/PTGR1/SLC27A2/ACSL6/GGT6/CYP4A11/HPGD/CYP4F3/CYP4F2/GCDH/HMGCS2/EHHADH/CYP4F12/TYRP1/ACSM2A/ACSBG2,18
GO:0046688,response to copper ion,10/1378,33/14924,0.303030303030303,3.28187535734706,4.1853723325422,0.000556079640612046,0.0116915167592582,0.00998004474022667,MT1G/MT1F/MT1E/MT1H/AQP2/AQP1/MT1M/MT1X/MT2A/MT1A,10
GO:0050819,negative regulation of coagulation,13/1378,51/14924,0.254901960784314,2.7606363300037,4.01700711370555,0.000566070169100366,0.0118523865571552,0.0101173654842688,PDGFRA/PLAT/CEACAM1/PROC/F11/KNG1/PLG/TSPAN8/ADTRP/KLKB1/HRG/VTN/F12,13
GO:0046189,phenol-containing compound biosynthetic process,12/1378,45/14924,0.266666666666667,2.88805031446541,4.0455734570346,0.000588736619032386,0.0122762487598234,0.010479180279853,MOXD1/GCH1/DAO/PAH/DDC/GATA3/ALDH2/KL/NR4A2/DBH/TYRP1/CDH3,12
GO:1904478,regulation of intestinal absorption,6/1378,13/14924,0.461538461538462,4.99854862119013,4.60010574315755,0.000594514677529703,0.0123459257009959,0.0105386575063397,ABCB1/PRAP1/APOA1/CYP8B1/LEP/ENPP7,6
GO:0043583,ear development,34/1378,206/14924,0.16504854368932,1.78750686939,3.63003409658459,0.000607505270679813,0.0125642008429984,0.0107249802673399,NTRK3/SLC44A4/SOBP/FREM2/EYA4/ESRRB/KCNQ1/GATA2/PROX1/MYO6/CALB1/TBX3/GATA3/NR4A3/ATP6V1B1/MYO3B/BMP5/CECR2/ITGA8/ADGRV1/ESRP1/FGF10/FOXI1/MCOLN3/STOX1/FGF9/HMX2/OTOGL/TFAP2A/GABRB2/MYCN/NTN1/TMC1/STRA6,34
GO:0061005,cell differentiation involved in kidney development,14/1378,58/14924,0.241379310344828,2.61418347430059,3.92841148409481,0.000639636249105166,0.013174946643154,0.0112463215557258,TCF21/NPHS2/NPHS1/PTPRO/GATA3/MAGI2/LHX1/PODXL/PROM1/KLF15/WNT9B/WT1/GDNF/FOXJ1,14
GO:0060986,endocrine hormone secretion,13/1378,52/14924,0.25,2.70754716981132,3.93402246573008,0.000691892235238511,0.0141935949633746,0.012115854227978,ECRG4/CRHBP/WNK4/KCNQ1/AQP1/TBX3/GATA3/TRPV6/AGTR1/RAB11FIP3/LEP/REN/HCAR2,13
GO:0009074,aromatic amino acid family catabolic process,8/1378,23/14924,0.347826086956522,3.76702214930271,4.23561023300244,0.000716293331861403,0.0143952077857325,0.0122879537963032,HPD/AFMID/PAH/QDPR/FTCD/AMDHD1/ACMSD/HGD,8
GO:0061318,renal filtration cell differentiation,8/1378,23/14924,0.347826086956522,3.76702214930271,4.23561023300244,0.000716293331861403,0.0143952077857325,0.0122879537963032,NPHS2/NPHS1/PTPRO/MAGI2/PODXL/PROM1/KLF15/WT1,8
GO:0072112,podocyte differentiation,8/1378,23/14924,0.347826086956522,3.76702214930271,4.23561023300244,0.000716293331861403,0.0143952077857325,0.0122879537963032,NPHS2/NPHS1/PTPRO/MAGI2/PODXL/PROM1/KLF15/WT1,8
GO:1901654,response to ketone,35/1378,216/14924,0.162037037037037,1.75489168413697,3.56436236011968,0.000718521874350773,0.0143952077857325,0.0122879537963032,NTRK3/TGFBR3/UCN3/SFRP1/FECH/PCK1/SCNN1B/BTG2/FBP1/HAGH/SLC12A3/AQP1/ASS1/SPHK2/PCK2/SCNN1G/PTGER1/PRKN/CCL21/UGT3A2/SCNN1A/ABCB1/GHR/OXT/SCN11A/HMGCS2/AVPR1A/SLIT2/FOSB/FOS/AARD/TACR1/NPAS4/PTGFR/CCL19,35
GO:0170044,non-proteinogenic amino acid catabolic process,7/1378,18/14924,0.388888888888889,4.21174004192872,4.34853753405226,0.000718919888485497,0.0143952077857325,0.0122879537963032,ALDH4A1/ABAT/HOGA1/DAO/SARDH/ALDH8A1/AGXT2,7
GO:1901569,fatty acid derivative catabolic process,7/1378,18/14924,0.388888888888889,4.21174004192872,4.34853753405226,0.000718919888485497,0.0143952077857325,0.0122879537963032,ACAT1/DPEP1/CYP4A11/HPGD/CYP4F3/CYP4F2/CYP4F12,7
GO:0008210,estrogen metabolic process,10/1378,34/14924,0.294117647058824,3.18534961154273,4.06874223842007,0.000723321636237781,0.0143952077857325,0.0122879537963032,PDGFRA/DHRS11/CYP3A4/UGT2B7/UGT2B17/CYP3A7/UGT2B11/UGT2B15/HSD17B2/CYP2C9,10
GO:0072078,nephron tubule morphogenesis,16/1378,72/14924,0.222222222222222,2.40670859538784,3.81614670215481,0.000724447993953381,0.0143952077857325,0.0122879537963032,TCF21/GPC3/FGF1/WNK4/IRX1/NPNT/GATA3/IRX2/PBX1/ADAMTS16/TACSTD2/LHX1/KLHL3/WNT9B/WT1/GDNF,16
GO:0042398,modified amino acid biosynthetic process,12/1378,46/14924,0.260869565217391,2.82526661197703,3.95439538854936,0.000730520652807351,0.0144591724522455,0.0123425549440189,ACADM/GATM/HAGH/GCH1/SHMT1/CHDH/GGT6/BBOX1/CKMT1B/CKB/FOLR1/CKMT1A,12
GO:0086001,cardiac muscle cell action potential,17/1378,79/14924,0.215189873417722,2.33054693097683,3.78181939590499,0.000740458752762689,0.0145988501955196,0.0124617858492807,ANK2/NOS1/ATP1A1/ANK3/KCNQ1/ATP1A2/SLC8A1/KCNH6/NEDD4L/SCN7A/SCN11A/SCN2A/NOS1AP/GPD1L/SCN3A/KCNE1/KCNJ3,17
GO:0032094,response to food,11/1378,40/14924,0.275,2.97830188679245,3.99585640311665,0.000745438118987564,0.0146400579415116,0.0124969613664623,SLC25A25/SCNN1B/PPARA/HSD11B2/G6PC1/NTSR1/GHR/OXT/LEP/MPO/ETNPPL,11
GO:0050678,regulation of epithelial cell proliferation,49/1378,334/14924,0.146706586826347,1.58886001581742,3.47140109719259,0.000764216493880236,0.0149471372349577,0.0127590886122674,TGFBR3/SFRP1/CXCL12/KDF1/GPC3/IRF6/TEK/FGF1/CEACAM1/CDKN1C/ALDH1A2/FGF7/COL4A3/EGF/GATA2/CCL11/PROX1/VDR/GATA3/PKHD1/PTN/MARVELD3/PPP1R16B/SEMA5A/RAP1GAP/NR4A3/TACSTD2/LIMS2/BMP5/ERBB4/NR4A1/FA2H/OVOL1/AGTR1/DBH/ATOH8/FGF10/OVOL2/LEP/FGF9/HMX2/EAF2/IGF2/CDH3/TACR1/MYCN/EGR3/TMIGD1/TNMD,49
GO:0003012,muscle system process,59/1378,421/14924,0.140142517814727,1.51776990991799,3.43713092231563,0.000766973688788038,0.0149471372349577,0.0127590886122674,ADRA2C/ANK2/GATA5/KCNJ12/MYL3/ABAT/SCNN1B/TNNC1/NOS1/EHD3/ANKRD2/GATM/MYOZ1/ATP1A1/PPARA/JPH4/KCNQ1/RYR3/DES/BDKRB2/MYOM2/NPNT/TBX3/TNNI1/ATP1A2/SLC8A1/NR4A3/TNNT2/OXT/NEDD4L/MYOCD/SCN7A/SCN11A/ABCC8/MYH14/SCN2A/NOS1AP/ACACB/PI16/GPD1L/KLF15/SCN3A/KCNE1/NPR3/LEP/MYH11/P2RX6/STAC2/CAMK2B/KCNJ3/PTGER3/GDNF/KCNIP1/TACR1/TRIM63/TRPV4/ACE2/MYH6/ADRA1A,59
GO:0009880,embryonic pattern specification,15/1378,66/14924,0.227272727272727,2.46140651801029,3.79498421151855,0.000820086473592267,0.0159209891252568,0.0135903824157718,CHRDL1/HOXD8/MEIS2/EPB41L5/TBX3/SIM2/LHX1/ERBB4/BMP7/WT1/FGF10/TDRD5/CRIPTO/RIPPLY1/TDRD1,15
GO:0007588,excretion,9/1378,29/14924,0.310344827586207,3.36109303838647,4.05918634120568,0.000864161589366033,0.0167126212722049,0.0142661308585979,UMOD/SLC22A6/SLC22A12/ATP6V1B1/SCN11A/NPR1/AGTR1/ATP6V0A4/TACR1,9
GO:0071248,cellular response to metal ion,29/1378,170/14924,0.170588235294118,1.84750277469478,3.54452335690862,0.000868121947104753,0.0167253760683642,0.014277018533734,CRHBP/MT1G/MT1F/SLC34A1/MT1E/FBP1/MT1H/SLC13A2/AQP2/KCNJ10/ALAD/ANK3/AQP1/DPEP1/RYR3/MT1M/SYT1/PRKN/MT1X/DLG2/ADGRV1/CAPN3/FOSB/FOS/MT2A/TFAP2A/CPNE6/MT1A/CHP2,29
GO:0035296,regulation of tube diameter,26/1378,147/14924,0.17687074829932,1.91554357592093,3.55788325150453,0.000908672195500222,0.0173744981683005,0.0148311183766054,SVEP1/ADRA2C/SCNN1B/NOS1/BDKRB2/ATP1A2/SLC8A1/FOXC1/KNG1/CASR/ASIC2/AVPR2/FAAH/NPR1/AGTR1/DBH/AVPR1A/LEP/REN/ADRB1/HBB/SLC6A4/TACR1/KCNMB2/ACE2/ADRA1A,26
GO:0097746,blood vessel diameter maintenance,26/1378,147/14924,0.17687074829932,1.91554357592093,3.55788325150453,0.000908672195500222,0.0173744981683005,0.0148311183766054,SVEP1/ADRA2C/SCNN1B/NOS1/BDKRB2/ATP1A2/SLC8A1/FOXC1/KNG1/CASR/ASIC2/AVPR2/FAAH/NPR1/AGTR1/DBH/AVPR1A/LEP/REN/ADRB1/HBB/SLC6A4/TACR1/KCNMB2/ACE2/ADRA1A,26
GO:0071472,cellular response to salt stress,6/1378,14/14924,0.428571428571429,4.64150943396226,4.34764202601426,0.000959425195899078,0.0181852095698106,0.0155231531420755,FBP1/EFHD1/AQP1/ABCB1/CAPN3/TRPV4,6
GO:1901292,nucleoside phosphate catabolic process,31/1378,187/14924,0.165775401069519,1.79537887196045,3.49090037252694,0.000960278474844555,0.0181852095698106,0.0155231531420755,ENPP1/GPD1/ALDOB/PNP/FBP1/PPARA/SUCLG2/NUDT10/ENTPD8/ACAT1/PFKFB1/UPP2/SUCLG1/GDA/PDE7B/ENTPD5/SLC4A4/PDE1A/MLXIPL/OGDHL/PKLR/NT5C1A/SLC4A1/PFKFB2/UCHL1/DPYS/VNN1/UPB1/GCK/TRIM63/ENTPD3,31
GO:0032890,regulation of organic acid transport,15/1378,67/14924,0.223880597014925,2.42466910729372,3.72763164060473,0.000968025178161451,0.0181852095698106,0.0155231531420755,NPY5R/ABAT/PPARA/PLA2R1/ATP1A2/NTSR1/CYP4A11/CES1/CYP4F2/OXT/AVPR1A/LEP/SLC38A3/CLTRN/ACE2,15
GO:0072348,sulfur compound transport,15/1378,67/14924,0.223880597014925,2.42466910729372,3.72763164060473,0.000968025178161451,0.0181852095698106,0.0155231531420755,SLC44A4/SLC26A4/SLC13A3/SLC25A42/SLC7A9/SLC25A10/SLC22A1/SLC26A7/SLC13A1/SLC26A6/SLC19A3/SLC7A13/SLC26A3/SLC25A47/SLC26A9,15
GO:0007611,learning or memory,40/1378,261/14924,0.153256704980843,1.65979903130196,3.42979097017188,0.000969016495727028,0.0181852095698106,0.0155231531420755,RAPGEF3/EPM2A/CRHBP/PRKAR2B/TTC36/BTG2/GATM/MEIS2/ACSS2/JPH4/CCL11/RCAN1/CALB1/CLSTN2/ATP1A2/MME/NTRK2/PTN/PRKN/NTSR1/NTRK1/ITGA8/OXT/ABCC8/SCN2A/CSMD1/ADGRF1/DBH/PAK6/LDLR/PPP1R1B/RELN/GPR88/FOS/PTPRZ1/BCHE/SLC6A4/TACR1/NPAS4/STRA6,40
GO:0002026,regulation of the force of heart contraction,8/1378,24/14924,0.333333333333333,3.61006289308176,4.08141354729077,0.000988260182902509,0.0184779127186975,0.0157730087067252,MYL3/NOS1/ATP1A1/ATP1A2/SLC8A1/ADRB1/MYH6/ADRA1A,8
GO:0072088,nephron epithelium morphogenesis,16/1378,74/14924,0.216216216216216,2.34166241713412,3.69014158854509,0.000992863302584223,0.0184957292433612,0.0157882171451957,TCF21/GPC3/FGF1/WNK4/IRX1/NPNT/GATA3/IRX2/PBX1/ADAMTS16/TACSTD2/LHX1/KLHL3/WNT9B/WT1/GDNF,16
GO:0097254,renal tubular secretion,7/1378,19/14924,0.368421052631579,3.99006951340616,4.15948189129684,0.00104819745229341,0.0194550054606985,0.0166070689472667,UMOD/SLC22A6/SLC22A12/ATP6V1B1/NPR1/AGTR1/ATP6V0A4,7
GO:0032355,response to estradiol,20/1378,103/14924,0.194174757281553,2.10294925810588,3.58246976907223,0.00105647212702291,0.0195370228745441,0.0166770801764777,SFRP1/CRHBP/SLC34A1/ALDH1A2/CAT/ASS1/IGFBP2/SOCS2/ABCB1/GHR/HPGD/OXT/SSTR2/BMP7/SSTR1/FGF10/LEP/SLC6A4/TACR1/PTGFR,20
GO:0042472,inner ear morphogenesis,19/1378,96/14924,0.197916666666667,2.1434748427673,3.58482603294479,0.00109873790303155,0.0202022009325885,0.0172448856132054,SLC44A4/SOBP/KCNQ1/GATA2/PROX1/MYO6/TBX3/GATA3/NR4A3/ATP6V1B1/MYO3B/ITGA8/FGF10/FOXI1/STOX1/FGF9/HMX2/TFAP2A/NTN1,19
GO:0086009,membrane repolarization,12/1378,48/14924,0.25,2.70754716981132,3.77917833364181,0.00110041591817534,0.0202022009325885,0.0172448856132054,ANK2/NOS1/ATP1A1/KCNQ1/ATP1B2/ATP1A2/KCNH6/NEDD4L/NOS1AP/KCNE1/KCNJ3/KCNIP1,12
GO:0019227,neuronal action potential propagation,5/1378,10/14924,0.5,5.41509433962264,4.45440869231544,0.00112963799979355,0.0205183723371639,0.0175147740141901,NTRK3/ATP1A2/NTRK2/CLDN19/CACNB4,5
GO:1904729,regulation of intestinal lipid absorption,5/1378,10/14924,0.5,5.41509433962264,4.45440869231544,0.00112963799979355,0.0205183723371639,0.0175147740141901,PRAP1/APOA1/CYP8B1/LEP/ENPP7,5
GO:0019319,hexose biosynthetic process,18/1378,89/14924,0.202247191011236,2.19037523849905,3.59237987702064,0.00113185838360259,0.0205183723371639,0.0175147740141901,ACADM/PCK1/GPD1/ALDOB/SORD/FBP1/PPARA/PFKFB1/PCK2/G6PC1/SLC25A10/PC/ATF3/PPARGC1A/RBP4/PFKFB2/LEP/GCK,18
GO:0048265,response to pain,9/1378,30/14924,0.3,3.24905660377359,3.93280561309455,0.00113452893700825,0.0205183723371639,0.0175147740141901,GCH1/TMEM45B/RET/NTRK1/SCN11A/DBH/SCN3A/RELN/TACR1,9
GO:0042490,mechanoreceptor differentiation,15/1378,68/14924,0.220588235294118,2.38901220865705,3.66148042450676,0.00113788486811586,0.0205183723371639,0.0175147740141901,NTRK3/SLC44A4/KCNQ1/MYO6/NTRK2/NTRK1/CECR2/ADGRV1/ESRP1/MCOLN3/TMEM132E/OTOGL/GABRB2/MYCN/TMC1,15
GO:0001504,neurotransmitter uptake,11/1378,42/14924,0.261904761904762,2.83647798742138,3.80125377869832,0.00116248995556689,0.0208877184569412,0.0178300531072204,NOS1/KCNJ10/SLC29A2/GPM6B/ATP1A2/PRKN/SLC22A3/RAB3B/SLC22A1/GDNF/SLC6A4,11
GO:0032309,icosanoid secretion,10/1378,36/14924,0.277777777777778,3.0083857442348,3.84793159552464,0.00118237826581223,0.0211700023776345,0.0180710146707177,PLA2R1/BDKRB2/NTSR1/CYP4A11/CYP4F2/OXT/PLA2G4F/LEP/PLA2G2A/PLA2G12B,10
GO:0019226,transmission of nerve impulse,14/1378,62/14924,0.225806451612903,2.44552647595861,3.63772956245826,0.00129357915110741,0.0230794561924692,0.0197009515637522,NTRK3/ANK3/ATP1A2/NTRK2/CLDN19/SCN11A/MYH14/SCN2A/AVPR1A/GPR88/CACNB4/KCNMB2/GRIK2/MAG,14
GO:0003044,regulation of systemic arterial blood pressure mediated by a chemical signal,12/1378,49/14924,0.244897959183673,2.65229110512129,3.69490486104248,0.00133682729824898,0.0236842794413552,0.0202172372782667,HSD11B2/MME/AVPR2/SUCNR1/AGTR1/AVPR1A/ANPEP/REN/ADRB1/TACR1/ACE2/ADRA1A,12
GO:0043114,regulation of vascular permeability,12/1378,49/14924,0.244897959183673,2.65229110512129,3.69490486104248,0.00133682729824898,0.0236842794413552,0.0202172372782667,TEK/DDAH1/CEACAM1/OCLN/SH3GL2/BDKRB2/TJP3/ABCC8/NPR1/SLIT2/TACR1/TRPV4,12
GO:0086002,cardiac muscle cell action potential involved in contraction,13/1378,56/14924,0.232142857142857,2.51415094339623,3.62062921482041,0.00145508873034415,0.0255602656900866,0.0218186057815932,ANK2/NOS1/ATP1A1/KCNQ1/NEDD4L/SCN7A/SCN11A/SCN2A/NOS1AP/GPD1L/SCN3A/KCNE1/KCNJ3,13
GO:0002021,response to dietary excess,9/1378,31/14924,0.290322580645161,3.1442483262325,3.81164086620014,0.00146932376380192,0.0255602656900866,0.0218186057815932,SLC25A25/WNK4/PCSK1N/PPARGC1A/SCTR/LEP/ADRB1/ACVR1C/TRPV4,9
GO:0001977,renal system process involved in regulation of blood volume,6/1378,15/14924,0.4,4.33207547169811,4.11797157442601,0.00147483037040974,0.0255602656900866,0.0218186057815932,CORO2B/HSD11B2/PTPRO/CYP4A11/CYP4F2/CYP4F12,6
GO:0009158,ribonucleoside monophosphate catabolic process,6/1378,15/14924,0.4,4.33207547169811,4.11797157442601,0.00147483037040974,0.0255602656900866,0.0218186057815932,PNP/UPP2/GDA/NT5C1A/DPYS/UPB1,6
GO:0072044,collecting duct development,6/1378,15/14924,0.4,4.33207547169811,4.11797157442601,0.00147483037040974,0.0255602656900866,0.0218186057815932,UMOD/AQP2/CALB1/TFAP2B/DACT2/WNT9B,6
GO:0046364,monosaccharide biosynthetic process,18/1378,91/14924,0.197802197802198,2.1422351233672,3.48585125125768,0.00147812299625753,0.0255602656900866,0.0218186057815932,ACADM/PCK1/GPD1/ALDOB/SORD/FBP1/PPARA/PFKFB1/PCK2/G6PC1/SLC25A10/PC/ATF3/PPARGC1A/RBP4/PFKFB2/LEP/GCK,18
GO:0035461,vitamin transmembrane transport,7/1378,20/14924,0.35,3.79056603773585,3.98293321149112,0.00148518250337565,0.0255602656900866,0.0218186057815932,SLC44A4/SLC22A1/SLC19A3/SLC23A1/RBP4/GC/STRA6,7
GO:0070314,G1 to G0 transition,7/1378,20/14924,0.35,3.79056603773585,3.98293321149112,0.00148518250337565,0.0255602656900866,0.0218186057815932,ECRG4/RAB11FIP4/ZNF503/CYP27B1/SLC39A5/PHGDH/CAPN3,7
GO:0070633,transepithelial transport,10/1378,37/14924,0.27027027027027,2.92707802141764,3.74320583128117,0.00148811493557836,0.0255602656900866,0.0218186057815932,SCNN1B/AQP1/CLCNKA/CLDN19/SLC9A4/CLCNKB/ABCB1/SLC26A6/RHCG/RHBG,10
GO:0007612,learning,26/1378,152/14924,0.171052631578947,1.85253227408143,3.3694585335602,0.00150324262777194,0.0256922431280093,0.0219312635968527,RAPGEF3/EPM2A/PRKAR2B/TTC36/BTG2/MEIS2/JPH4/CLSTN2/ATP1A2/NTRK2/PTN/PRKN/NTSR1/ABCC8/CSMD1/DBH/PAK6/PPP1R1B/RELN/GPR88/FOS/BCHE/SLC6A4/TACR1/NPAS4/STRA6,26
GO:0016051,carbohydrate biosynthetic process,30/1378,184/14924,0.16304347826087,1.76579163248564,3.33363409347605,0.00150593965048722,0.0256922431280093,0.0219312635968527,PTH1R/ENPP1/EPM2A/ACADM/PCK1/GPD1/ALDOB/SORD/FBP1/PPARA/EGF/PFKFB1/PCK2/G6PC1/SLC25A10/PC/NTSR1/FUT3/B4GALNT2/GYG2/FUT6/ATF3/PPARGC1A/FUT5/RBP4/PFKFB2/LEP/IGF2/GCK/B3GALT2,30
GO:0016052,carbohydrate catabolic process,29/1378,176/14924,0.164772727272727,1.78451972555746,3.3391872988936,0.00151580721997975,0.0257738093410651,0.022000889674662,GPD1/ALDOB/SORD/FBP1/PPARA/PFKFB1/G6PC1/TKFC/GK/GALM/NEU4/GABARAPL1/GLYCTK/SLC4A4/TREH/MLXIPL/FUT6/DHDH/OGDHL/XYLB/PKLR/FUT5/SLC4A1/PFKFB2/UCHL1/GBA3/GCK/TRIM63/MGAM,29
GO:0015844,monoamine transport,14/1378,63/14924,0.222222222222222,2.40670859538784,3.56859729054056,0.00152444662937435,0.0258340169599995,0.0220522837532097,ADRA2C/CXCL12/ABAT/NOS1/GPM6B/SYT1/PRKN/SLC22A3/OXT/RAB3B/SLC22A1/CHRNA4/GDNF/SLC6A4,14
GO:0046879,hormone secretion,43/1378,293/14924,0.146757679180887,1.58941335565716,3.24985451914635,0.00154656172261864,0.0261043184456222,0.0222830169399648,DOC2B/ECRG4/UCN3/RAPGEF3/ADRA2C/CRHBP/HADH/ABAT/WNK4/KCNQ1/AQP1/FAM3B/PCK2/TBX3/GATA3/PRKN/TRPV6/CASR/ILDR1/SYT7/GPR27/TFAP2B/MLXIPL/ABCC8/AGTR1/SYTL4/SLC16A10/RBP4/RAB11FIP3/TRPM5/PFKFB2/LEP/REN/ILDR2/HNF4A/SLC2A2/CLTRN/ACVR1C/GCK/TACR1/TRPV4/HCAR2/SLC30A8,43
GO:0061333,renal tubule morphogenesis,16/1378,77/14924,0.207792207792208,2.25042881646655,3.50858598712579,0.00155070058261936,0.0261043184456222,0.0222830169399648,TCF21/GPC3/FGF1/WNK4/IRX1/NPNT/GATA3/IRX2/PBX1/ADAMTS16/TACSTD2/LHX1/KLHL3/WNT9B/WT1/GDNF,16
GO:0003333,amino acid transmembrane transport,19/1378,99/14924,0.191919191919192,2.07852105965313,3.43396621983937,0.0016083027735518,0.0269843382569104,0.0230342143482898,EPM2A/KCNJ10/SLC7A8/SLC6A19/SFXN2/SLC38A4/SLC36A2/SLC7A9/ATP1A2/NTSR1/SLC7A10/SLC7A7/SLC16A10/SLC7A13/GRM1/SLC38A3/CLTRN/ACE2/SLC7A4,19
GO:0001764,neuron migration,28/1378,169/14924,0.165680473372781,1.79435078709389,3.31232710319054,0.00166451257704729,0.0278352647785433,0.0237605773114029,NTRK3/CXCL12/FLRT2/MATN2/GATA2/TYRO3/CHL1/GATA3/MYH10/NTRK2/TUBB2B/NTNG1/NDNF/LHX1/NR4A2/ERBB4/TUBB2A/DCDC2/UNC5D/IGSF10/CAMK2A/DNER/RELN/GPM6A/CAMK2B/DAB1/NEXMIF/NTN1,28
GO:0090066,regulation of anatomical structure size,65/1378,489/14924,0.132924335378323,1.43959563221052,3.1524379479615,0.00169457917091606,0.0282077756749269,0.0240785579026881,NTRK3/SVEP1/ADRA2C/CXCL12/SEMA3G/TMSB4Y/SCNN1B/NOS1/PFN3/SPTB/SLC12A3/SEMA6D/AQP1/CCL11/SLC12A1/XK/BDKRB2/NPHS1/ATP1A2/SLC8A1/SPTBN2/FOXC1/DNAJC16/CCL21/KNG1/CASR/SEMA5A/SCIN/ASIC2/RET/CYFIP2/AVPR2/MYO3B/RAB3B/ARHGAP28/FAAH/WNK3/NPR1/AGTR1/PLXNA4/VIL1/DBH/CDHR2/WNT9B/KANK4/AVPR1A/SLIT2/SCTR/LEP/REN/ADRB1/AQP4/HBB/SLC6A4/TACR1/L1CAM/TRPV4/KCNMB2/ARHGAP40/NTN1/FSTL4/ACE2/CDHR5/ADRA1A/MAG,65
GO:0006936,muscle contraction,47/1378,329/14924,0.142857142857143,1.54716981132075,3.20084887811647,0.00169792215923677,0.0282077756749269,0.0240785579026881,ADRA2C/ANK2/KCNJ12/MYL3/ABAT/SCNN1B/TNNC1/NOS1/EHD3/ANKRD2/ATP1A1/JPH4/KCNQ1/RYR3/DES/BDKRB2/MYOM2/NPNT/TBX3/TNNI1/ATP1A2/SLC8A1/TNNT2/OXT/NEDD4L/MYOCD/SCN7A/SCN11A/MYH14/SCN2A/NOS1AP/GPD1L/SCN3A/KCNE1/MYH11/P2RX6/STAC2/KCNJ3/PTGER3/GDNF/KCNIP1/TACR1/TRIM63/TRPV4/ACE2/MYH6/ADRA1A,47
GO:0010232,vascular transport,17/1378,85/14924,0.2,2.16603773584906,3.4384830954849,0.00174392740867604,0.0287833230611123,0.0245698533250466,SLC13A3/SLC7A8/SLC22A8/SLC29A2/ATP1B2/ATP1A2/SLC22A3/SLC4A4/ABCB1/SLC15A2/SLC22A1/AVPR1A/SLC16A12/SLC28A2/SLC38A3/SLC16A7/SLC6A17,17
GO:0150104,transport across blood-brain barrier,17/1378,85/14924,0.2,2.16603773584906,3.4384830954849,0.00174392740867604,0.0287833230611123,0.0245698533250466,SLC13A3/SLC7A8/SLC22A8/SLC29A2/ATP1B2/ATP1A2/SLC22A3/SLC4A4/ABCB1/SLC15A2/SLC22A1/AVPR1A/SLC16A12/SLC28A2/SLC38A3/SLC16A7/SLC6A17,17
GO:0014074,response to purine-containing compound,24/1378,138/14924,0.173913043478261,1.88351107465135,3.32562543130636,0.00177945564458518,0.0291267874683899,0.0248630394207335,RAPGEF3/ENPP1/CDO1/CRHBP/GPD1/FBP1/KCNQ1/AQP1/ASS1/RYR3/SLC8A1/OXT/HMGCS2/PKLR/SLC26A6/KCNE1/WT1/SLC26A3/P2RX6/FOSB/REN/FOS/DUOX2/SLC6A4,24
GO:0060048,cardiac muscle contraction,24/1378,138/14924,0.173913043478261,1.88351107465135,3.32562543130636,0.00177945564458518,0.0291267874683899,0.0248630394207335,ANK2/MYL3/TNNC1/NOS1/EHD3/ATP1A1/JPH4/KCNQ1/TNNI1/ATP1A2/SLC8A1/TNNT2/NEDD4L/SCN7A/SCN11A/SCN2A/NOS1AP/GPD1L/SCN3A/KCNE1/KCNJ3/ACE2/MYH6/ADRA1A,24
GO:2000027,regulation of animal organ morphogenesis,16/1378,78/14924,0.205128205128205,2.22157716497339,3.44993268893341,0.00178707717469914,0.0291267874683899,0.0248630394207335,NTN4/SFRP1/GATA5/FGF1/FGF7/AJAP1/GATA3/PKHD1/TACSTD2/LHX1/BMP7/WT1/FGF10/STOX1/ROBO2/GDNF,16
GO:0061564,axon development,64/1378,481/14924,0.133056133056133,1.44102302592869,3.13582804519998,0.00178773059061955,0.0291267874683899,0.0248630394207335,NTN4/NTRK3/GDF7/CXCL12/PLXNB1/SEMA3G/MAP6/NFASC/APOD/FLRT2/MATN2/ANK3/SEMA6D/SEMA3D/SEMA3B/XK/GPM6B/CHL1/PTPRO/GATA3/MYH10/NTRK2/PTN/TUBB2B/HMCN2/SEMA5A/NR4A3/NTNG1/RET/CNTN1/CYFIP2/LHX1/FLRT3/NTRK1/NR4A2/ATOH7/SCN11A/UNC5D/PLXNA4/PLP1/NEFH/BMP7/CDHR2/TSPAN2/FIGNL2/BMPR1B/SLIT2/UCHL1/RELN/LGR6/KIF5A/ROBO2/GDNF/PTPRZ1/CHODL/DAB1/IGSF9/L1CAM/FOLR1/NTN1/FSTL4/OLIG1/MCF2/MAG,64
GO:0006635,fatty acid beta-oxidation,15/1378,71/14924,0.211267605633803,2.28806803082647,3.46982864405578,0.00180483109168764,0.0291540285165237,0.0248862927662784,ECHS1/ACADM/HADH/BDH2/ECI2/ACAA1/PPARA/ACOX2/ACAT1/SLC27A2/PLIN5/GCDH/ACACB/EHHADH/LEP,15
GO:0010927,cellular component assembly involved in morphogenesis,21/1378,115/14924,0.182608695652174,1.97768662838392,3.3568572377539,0.00180666369729395,0.0291540285165237,0.0248862927662784,PDGFRA/ANK2/PGM5/MYLK3/PLLP/MYOZ1/PALS1/CHN2/PROX1/MYOM2/MYH10/CNTN1/TNNT2/ADPRHL1/CAPN3/NEBL/MYOM3/MYH11/NCMAP/MYH6/MAG,21
GO:0032989,cellular anatomical entity morphogenesis,21/1378,115/14924,0.182608695652174,1.97768662838392,3.3568572377539,0.00180666369729395,0.0291540285165237,0.0248862927662784,PDGFRA/ANK2/PGM5/MYLK3/PLLP/MYOZ1/PALS1/CHN2/PROX1/MYOM2/MYH10/CNTN1/TNNT2/ADPRHL1/CAPN3/NEBL/MYOM3/MYH11/NCMAP/MYH6/MAG,21
GO:0000578,embryonic axis specification,10/1378,38/14924,0.263157894736842,2.85004965243297,3.64194445572064,0.00185499879260373,0.0297445534244402,0.0253903732138865,CHRDL1/HOXD8/EPB41L5/TBX3/LHX1/WT1/TDRD5/CRIPTO/RIPPLY1/TDRD1,10
GO:0032892,positive regulation of organic acid transport,10/1378,38/14924,0.263157894736842,2.85004965243297,3.64194445572064,0.00185499879260373,0.0297445534244402,0.0253903732138865,ABAT/PLA2R1/NTSR1/CYP4A11/CYP4F2/OXT/AVPR1A/SLC38A3/CLTRN/ACE2,10
GO:0034368,protein-lipid complex remodeling,9/1378,32/14924,0.28125,3.04599056603774,3.69529611053244,0.00187908943242442,0.0299413401072155,0.0255583531209267,LIPG/MTTP/APOA1/AGTR1/ANGPTL3/APOM/LPL/PLA2G2A/MPO,9
GO:0034369,plasma lipoprotein particle remodeling,9/1378,32/14924,0.28125,3.04599056603774,3.69529611053244,0.00187908943242442,0.0299413401072155,0.0255583531209267,LIPG/MTTP/APOA1/AGTR1/ANGPTL3/APOM/LPL/PLA2G2A/MPO,9
GO:0021516,dorsal spinal cord development,5/1378,11/14924,0.454545454545455,4.92281303602058,4.15105594126324,0.00191407672086956,0.0302137904817635,0.0257909206297853,GDF7/PROX1/LHX1/HOXB8/GDNF,5
GO:0051610,serotonin uptake,5/1378,11/14924,0.454545454545455,4.92281303602058,4.15105594126324,0.00191407672086956,0.0302137904817635,0.0257909206297853,NOS1/GPM6B/SLC22A3/SLC22A1/SLC6A4,5
GO:0098870,action potential propagation,5/1378,11/14924,0.454545454545455,4.92281303602058,4.15105594126324,0.00191407672086956,0.0302137904817635,0.0257909206297853,NTRK3/ATP1A2/NTRK2/CLDN19/CACNB4,5
GO:0015833,peptide transport,39/1378,262/14924,0.148854961832061,1.61212732248308,3.18818082559056,0.00192460507477319,0.030285633272906,0.0258522466565643,DOC2B/ECRG4/UCN3/RAPGEF3/ADRA2C/CRHBP/HADH/ABAT/SLC13A3/CWH43/AQP1/FAM3B/PCK2/PRKN/CASR/ILDR1/SYT7/GPR27/TFAP2B/MLXIPL/SLC15A2/ABCC8/SYTL4/SLC16A10/SLC26A6/RBP4/TRPM5/PFKFB2/LEP/SLC15A1/ILDR2/CA2/HNF4A/SLC2A2/CLTRN/ACVR1C/GCK/TRPV4/SLC30A8,39
GO:0050890,cognition,44/1378,305/14924,0.144262295081967,1.56238787503866,3.16500337952295,0.00193376126938913,0.0303355057337298,0.0258948184973764,RAPGEF3/FAM107A/EPM2A/CRHBP/SOBP/PRKAR2B/TTC36/BTG2/GATM/MEIS2/ACSS2/JPH4/CCL11/RCAN1/CALB1/CHL1/CLSTN2/ATP1A2/MME/NTRK2/PTN/PRKN/NTSR1/NTRK1/ITGA8/OXT/ABCC8/SCN2A/CSMD1/CHRNA4/ADGRF1/DBH/PAK6/LDLR/PPP1R1B/RELN/GPR88/FOS/PTPRZ1/BCHE/SLC6A4/TACR1/NPAS4/STRA6,44
GO:0044703,multi-organism reproductive process,30/1378,187/14924,0.160427807486631,1.73746342447785,3.23671074753259,0.00194845536810786,0.0304716770067979,0.0260110562298739,CRHBP/FBLN1/CLIC5/PAPPA/SERPINA5/HSD11B2/SPHK2/IGFBP2/VDR/CYP27B1/PTN/ABCB1/HPGD/OXT/ABCC8/CSMD1/PRLR/AVPR1A/LEP/FOSB/FOS/AMBP/SLC38A3/PNOC/ENDOU/ACVR1C/A1CF/TACR1/PTGFR/ACE2,30
GO:0006094,gluconeogenesis,17/1378,86/14924,0.197674418604651,2.14085125054849,3.38405729714482,0.00199060865533323,0.0310351201740722,0.0264920193190744,ACADM/PCK1/GPD1/ALDOB/FBP1/PPARA/PFKFB1/PCK2/G6PC1/SLC25A10/PC/ATF3/PPARGC1A/RBP4/PFKFB2/LEP/GCK,17
GO:0034219,carbohydrate transmembrane transport,21/1378,116/14924,0.181034482758621,1.96063760572544,3.3127412701679,0.00201855618948886,0.0313743073992027,0.0267815543513392,PID1/ENPP1/AQP7/GPC3/AQP2/OCLN/SLC5A2/AQP1/SLC5A11/SLC2A9/NR4A3/SLC2A12/ACACB/SLC26A6/KLF15/AQP3/SLC23A1/LEP/SLC2A2/SLC5A10/ITLN1,21
GO:0003206,cardiac chamber morphogenesis,22/1378,124/14924,0.17741935483871,1.9214850882532,3.28636229534762,0.00208749802669031,0.032248025918414,0.0275273728872609,TGFBR3/NPY5R/MYL3/TNNC1/TEK/PROX1/TBX3/TNNI1/GATA3/FOXC1/TNNT2/BMP5/ADPRHL1/BMP7/RBP4/SLIT2/OVOL2/GRHL2/NRG1/ROBO2/ADAMTS19/MYH6,22
GO:0061041,regulation of wound healing,22/1378,124/14924,0.17741935483871,1.9214850882532,3.28636229534762,0.00208749802669031,0.032248025918414,0.0275273728872609,PDGFRA/PLAT/MYOZ1/CEACAM1/PROC/OCLN/WFDC1/AJAP1/F11/KNG1/PLG/TSPAN8/CADM4/ADTRP/VIL1/KLKB1/FIGNL2/HRG/VTN/F12/FERMT1/DUOX2,22
GO:0030879,mammary gland development,23/1378,132/14924,0.174242424242424,1.88707833047456,3.2649958200395,0.0021377757587674,0.0323454831851801,0.0276105637941905,CDO1/IRF6/PPARA/EGF/CCL11/VDR/TBX3/SOSTDC1/GATA3/SOCS2/ABCB1/ELF3/NEURL1/ERBB4/HOXB9/CSMD1/PRLR/ATP2C2/ELF5/FGF10/NRG1/CRIPTO/NTN1,23
GO:0009261,ribonucleotide catabolic process,24/1378,140/14924,0.171428571428571,1.85660377358491,3.24784404266006,0.00217130084899219,0.0323454831851801,0.0276105637941905,GPD1/ALDOB/PNP/FBP1/PPARA/NUDT10/PFKFB1/UPP2/GDA/PDE7B/ENTPD5/SLC4A4/PDE1A/MLXIPL/OGDHL/PKLR/NT5C1A/SLC4A1/PFKFB2/UCHL1/DPYS/UPB1/GCK/TRIM63,24
GO:0009068,aspartate family amino acid catabolic process,6/1378,16/14924,0.375,4.06132075471698,3.90756560123934,0.00217679292799416,0.0323454831851801,0.0276105637941905,PIPOX/ACADSB/GCAT/ACAT1/RIDA/AASS,6
GO:0009070,serine family amino acid biosynthetic process,6/1378,16/14924,0.375,4.06132075471698,3.90756560123934,0.00217679292799416,0.0323454831851801,0.0276105637941905,CTH/SHMT1/AGXT/PHGDH/AGXT2/PSAT1,6
GO:0009159,deoxyribonucleoside monophosphate catabolic process,6/1378,16/14924,0.375,4.06132075471698,3.90756560123934,0.00217679292799416,0.0323454831851801,0.0276105637941905,PNP/UPP2/GDA/NT5C1A/DPYS/UPB1,6
GO:0015669,gas transport,6/1378,16/14924,0.375,4.06132075471698,3.90756560123934,0.00217679292799416,0.0323454831851801,0.0276105637941905,AQP1/RHCG/AQP6/CA2/RHBG/HBB,6
GO:0019373,epoxygenase P450 pathway,6/1378,16/14924,0.375,4.06132075471698,3.90756560123934,0.00217679292799416,0.0323454831851801,0.0276105637941905,CYP4A11/CYP4F2/CYP2C18/CYP2B6/CYP4F12/CYP2C9,6
GO:0032328,alanine transport,6/1378,16/14924,0.375,4.06132075471698,3.90756560123934,0.00217679292799416,0.0323454831851801,0.0276105637941905,SLC7A8/SLC38A4/SLC36A2/SLC7A10/SLC38A3/SLC6A17,6
GO:0042182,ketone catabolic process,6/1378,16/14924,0.375,4.06132075471698,3.90756560123934,0.00217679292799416,0.0323454831851801,0.0276105637941905,HAGH/ALDH8A1/CYP4F3/CYP4F2/NQO2/CYP4F12,6
GO:0042574,retinal metabolic process,6/1378,16/14924,0.375,4.06132075471698,3.90756560123934,0.00217679292799416,0.0323454831851801,0.0276105637941905,DHRS4L2/ALDH1A2/DHRS4/ABCA4/ALDH8A1/RBP4,6
GO:0060080,inhibitory postsynaptic potential,6/1378,16/14924,0.375,4.06132075471698,3.90756560123934,0.00217679292799416,0.0323454831851801,0.0276105637941905,ABAT/NTSR1/CHRNA4/INSYN1/NPAS4/GRIK2,6
GO:0072531,pyrimidine-containing compound transmembrane transport,6/1378,16/14924,0.375,4.06132075471698,3.90756560123934,0.00217679292799416,0.0323454831851801,0.0276105637941905,SLC44A4/SLC25A33/SLC29A2/SLC22A1/SLC19A3/SLC28A2,6
GO:1902222,erythrose 4-phosphate/phosphoenolpyruvate family amino acid catabolic process,6/1378,16/14924,0.375,4.06132075471698,3.90756560123934,0.00217679292799416,0.0323454831851801,0.0276105637941905,HPD/AFMID/PAH/QDPR/ACMSD/HGD,6
GO:0055088,lipid homeostasis,27/1378,164/14924,0.164634146341463,1.78301886792453,3.21586726577326,0.00218974835884565,0.0324338831528389,0.0276860232619769,NEGR1/LIPG/EPHX2/CYP39A1/NPC1L1/G6PC1/SOAT2/CES1/MLXIPL/ACSM3/GRAMD1B/MTTP/APOA1/ACACB/ANGPTL3/APOM/LPL/LDLR/PNPLA1/ITGB6/ACSM2A/HNF4A/PNPLA3/ENPP7/MALRD1/ETNPPL/PLA2G12B,27
GO:0006694,steroid biosynthetic process,26/1378,156/14924,0.166666666666667,1.80503144654088,3.22375066926518,0.00219554409343275,0.0324338831528389,0.0276860232619769,DHRS11/PCK1/FGF1/NPC1L1/ATP1A1/PROX1/SDR42E1/CYP27B1/CYP17A1/PBX1/TM7SF2/BMP5/CES1/CYP3A4/APOA1/HMGCS2/CYP8B1/PRLR/CYP24A1/EGR1/CYP3A7/LEP/HSD3B2/MALRD1/HSD17B2/SERPINA6,26
GO:0048562,embryonic organ morphogenesis,40/1378,273/14924,0.146520146520147,1.58684083212385,3.12115370267472,0.00227835003482727,0.0335588216268073,0.0286462867189246,PDGFRA/TCF21/SLC44A4/SOBP/CRYAA/CRB2/HOXB6/KCNQ1/GATA2/HOXD4/PROX1/HOXB5/MYO6/TBX3/GATA3/HYAL1/NR4A3/LHX1/ATP6V1B1/MYO3B/ITGA8/FBN3/HOXB9/HOXB8/BMP7/WNT9B/FGF10/RBP4/FOXI1/OVOL2/STOX1/GRHL2/FGF9/HMX2/TFAP2A/ALX1/MYCN/FOLR1/NTN1/STRA6,40
GO:0019432,triglyceride biosynthetic process,10/1378,39/14924,0.256410256410256,2.77697145621674,3.54393280143571,0.00229156350560003,0.0335588216268073,0.0286462867189246,PCK1/PCK2/GPAT3/GK/PLIN5/LDLR/MOGAT2/PNPLA3/THRSP/MOGAT1,10
GO:0033280,response to vitamin D,10/1378,39/14924,0.256410256410256,2.77697145621674,3.54393280143571,0.00229156350560003,0.0335588216268073,0.0286462867189246,SFRP1/VDR/CYP27B1/CASR/KL/ABCB1/BMP7/CYP24A1/AQP3/ALPL,10
GO:0071385,cellular response to glucocorticoid stimulus,12/1378,52/14924,0.230769230769231,2.49927431059507,3.45418207148251,0.00230925844426218,0.0337204972250042,0.0287842953055461,FAM107A/FECH/PCK1/AQP1/ASS1/PCK2/ABCB1/MT-ND3/SSTR2/HMGCS2/NPAS4/ETNPPL,12
GO:0044273,sulfur compound catabolic process,9/1378,33/14924,0.272727272727273,2.95368782161235,3.58341700333167,0.00237521810435407,0.0345839946401208,0.0295213889618598,CDO1/TST/SUCLG2/ACAT1/DPEP1/SUCLG1/AGXT/FMO1/VNN1,9
GO:1902475,L-alpha-amino acid transmembrane transport,14/1378,66/14924,0.212121212121212,2.29731275014294,3.36886509230657,0.00243157714257243,0.0353031558206719,0.0301352751585888,EPM2A/KCNJ10/SLC7A8/SLC38A4/SLC7A9/ATP1A2/NTSR1/SLC7A10/SLC7A7/SLC7A13/GRM1/SLC38A3/CLTRN/ACE2,14
GO:0170038,proteinogenic amino acid biosynthetic process,11/1378,46/14924,0.239130434782609,2.58982772764561,3.44432281483535,0.00257242993822692,0.0372414357057023,0.0317898183945095,ASS1/PAH/SHMT1/ADI1/BHMT/AGXT/NAGS/PHGDH/BHMT2/AGXT2/PSAT1,11
GO:0015908,fatty acid transport,19/1378,103/14924,0.184466019417476,1.99780179520059,3.2409421744123,0.00258775395014624,0.0373565506136496,0.0318880821147126,FABP1/SLC22A7/PPARA/PLA2R1/SLC22A8/SLC22A6/BDKRB2/NTSR1/SLC27A2/CYP4A11/CYP4F2/OXT/SLC22A1/PLA2G4F/LEP/PLA2G2A/RBP5/SLC22A11/PLA2G12B,19
GO:0060047,heart contraction,35/1378,233/14924,0.150214592274678,1.62685237671067,3.07584680027077,0.00273874637387482,0.0393181137677559,0.0335625002797688,HSPB7/ANK2/KCNJ12/MYL3/TNNC1/NOS1/EHD3/GCH1/ATP1A1/THRB/JPH4/KCNQ1/ATP1B2/DES/TNNI1/ATP1A2/SLC8A1/TNNT2/KCNH6/OXT/NEDD4L/SCN7A/SCN11A/SCN2A/NOS1AP/GPD1L/SCN3A/KCNE1/AVPR1A/ADRB1/KCNJ3/KCNIP1/ACE2/MYH6/ADRA1A,35
GO:0045778,positive regulation of ossification,12/1378,53/14924,0.226415094339623,2.45211819152723,3.37766797960674,0.0027391541661768,0.0393181137677559,0.0335625002797688,GPM6B/VDR/SLC8A1/PTN/KL/OXT/ADGRV1/BMP7/BMPR1B/TFAP2A/TACR1/NELL1,12
GO:0055074,calcium ion homeostasis,43/1378,302/14924,0.142384105960265,1.54204673247532,3.03517652872852,0.00277610649617114,0.0396240327214061,0.0338236370430459,PTH1R/ANK2/CXCL12/UMOD/WNK4/TMEM178A/SYPL2/JPH4/HAP1/CCL11/RYR3/XK/TRPV5/VDR/CALB1/CYP27B1/ATP1A2/SLC8A1/PKHD1/PLCL1/CCL21/NTSR1/TRPV6/CASR/CCL14/KL/ATP6V1B1/RGN/S100A14/BDKRB1/ABCC6/ATP2C2/PLCH2/CAPN3/GRM1/TRPC7/CCL15/ALPL/CACNB4/TRPV4/CCL19/CCL23/GRIK2,43
GO:0090287,regulation of cellular response to growth factor stimulus,43/1378,302/14924,0.142384105960265,1.54204673247532,3.03517652872852,0.00277610649617114,0.0396240327214061,0.0338236370430459,CHRDL1/DCN/TGFBR3/SFRP1/GPC3/PRDM16/FGF1/CRB2/CDKN1C/PALS1/PPARA/PBLD/PROX1/ADAMTSL2/NPNT/SOSTDC1/GATA3/RASL11B/SOST/FST/HHIP/TFAP2B/CYFIP2/ITGA8/MYOCD/TGFBR3L/GREM2/CADM4/CCBE1/FGF10/SLIT2/OVOL2/SCUBE3/LRIT3/FGF9/HRG/VTN/FERMT1/SHISA2/CDH3/FOLR1/VEPH1/FSTL4,43
GO:0002028,regulation of sodium ion transport,14/1378,67/14924,0.208955223880597,2.26302450014081,3.30469023682787,0.00281817577468099,0.0398874208109178,0.0340484688567016,NOS1/WNK4/ATP1A1/ANK3/ATP1B2/PRSS8/FXYD4/CNTN1/NEDD4L/WNK3/GPD1L/WNK2/FXYD3/NKAIN4,14
GO:0008652,amino acid biosynthetic process,14/1378,67/14924,0.208955223880597,2.26302450014081,3.30469023682787,0.00281817577468099,0.0398874208109178,0.0340484688567016,ABAT/CTH/ASS1/PAH/SHMT1/ADI1/BHMT/AGXT/NAGS/PHGDH/BHMT2/AGXT2/PSAT1/UPB1,14
GO:0030239,myofibril assembly,14/1378,67/14924,0.208955223880597,2.26302450014081,3.30469023682787,0.00281817577468099,0.0398874208109178,0.0340484688567016,PDGFRA/PGM5/MYLK3/MYOZ1/PROX1/MYOM2/MYH10/TNNT2/ADPRHL1/CAPN3/NEBL/MYOM3/MYH11/MYH6,14
GO:0030048,actin filament-based movement,23/1378,135/14924,0.17037037037037,1.84514325646401,3.14611760486121,0.00287925656624556,0.0406384206717722,0.0346895330030875,ANK2/TNNC1/NOS1/ATP1A1/EPB41L5/KCNQ1/MYO7B/MYO6/ATP1A2/MYH10/TNNT2/NEDD4L/SCN7A/SCN11A/MYH14/SCN2A/NOS1AP/VIL1/GPD1L/SCN3A/KCNE1/KCNJ3/MYH6,23
GO:0009117,nucleotide metabolic process,64/1378,491/14924,0.130346232179226,1.41167428812973,2.95844381672473,0.00293491548599405,0.0413089354653663,0.0352618939530689,PID1/AK7/ENPP1/SLC25A25/GPD1/SULT1A2/ALDOB/PNP/FBP1/DCXR/PPARA/NUDT10/AFMID/QPRT/PFKFB1/ASPDH/UPP2/SPHK2/SHMT1/ACP3/ACO1/ATP1A2/PRKN/GDA/PDE7B/PC/SLC52A3/NTSR1/MT-ND4L/ENTPD5/MT-ND1/GMPR/MT-ND4/SLC4A4/ATP6V1B1/MT-ND5/PDE1A/MT-ND6/ALDH1L1/MT-ND3/MLXIPL/DLG2/ABCC6/NPR1/OGDHL/SLC22A13/ACACB/MT-ND2/GPD1L/PKLR/NT5C1A/SLC4A1/ACMSD/NPR3/PFKFB2/UCHL1/DPYS/SULT1B1/UPB1/AK4/GCK/CACNB4/TRIM63/MYH6,64
GO:0034367,protein-containing complex remodeling,9/1378,34/14924,0.264705882352941,2.86681465038846,3.47568534536443,0.00296990083287593,0.0415394813313487,0.0354586911783183,LIPG/MTTP/APOA1/AGTR1/ANGPTL3/APOM/LPL/PLA2G2A/MPO,9
GO:0042178,xenobiotic catabolic process,8/1378,28/14924,0.285714285714286,3.09433962264151,3.53784201844268,0.00299276854898713,0.0415394813313487,0.0354586911783183,NOS1/ACAA1/GSTM3/FMO4/CYP3A4/CYP2C18/CYP2B6/CYP2C9,8
GO:0006068,ethanol catabolic process,5/1378,12/14924,0.416666666666667,4.5125786163522,3.88236060345496,0.00303327572382061,0.0415394813313487,0.0354586911783183,SULT1A2/ACSS2/ALDH2/ALDH1B1/SULT1B1,5
GO:0009071,serine family amino acid catabolic process,5/1378,12/14924,0.416666666666667,4.5125786163522,3.88236060345496,0.00303327572382061,0.0415394813313487,0.0354586911783183,CDO1/AMT/GLDC/SHMT1/AGXT,5
GO:0019682,glyceraldehyde-3-phosphate metabolic process,5/1378,12/14924,0.416666666666667,4.5125786163522,3.88236060345496,0.00303327572382061,0.0415394813313487,0.0354586911783183,PCK1/ALDOB/TKFC/SLC25A10/GLYCTK,5
GO:0042416,dopamine biosynthetic process,5/1378,12/14924,0.416666666666667,4.5125786163522,3.88236060345496,0.00303327572382061,0.0415394813313487,0.0354586911783183,GCH1/DAO/DDC/ALDH2/NR4A2,5
GO:0045989,positive regulation of striated muscle contraction,5/1378,12/14924,0.416666666666667,4.5125786163522,3.88236060345496,0.00303327572382061,0.0415394813313487,0.0354586911783183,ATP1A1/KCNQ1/TRPV4/ACE2/ADRA1A,5
GO:0072017,distal tubule development,5/1378,12/14924,0.416666666666667,4.5125786163522,3.88236060345496,0.00303327572382061,0.0415394813313487,0.0354586911783183,UMOD/WNK4/CALB1/TFAP2B/KLHL3,5
GO:0072310,glomerular epithelial cell development,5/1378,12/14924,0.416666666666667,4.5125786163522,3.88236060345496,0.00303327572382061,0.0415394813313487,0.0354586911783183,NPHS2/NPHS1/MAGI2/PODXL/FOXJ1,5
GO:0098814,spontaneous synaptic transmission,5/1378,12/14924,0.416666666666667,4.5125786163522,3.88236060345496,0.00303327572382061,0.0415394813313487,0.0354586911783183,DOC2B/SYT1/PRKN/NSG1/CBLN2,5
GO:0003015,heart process,36/1378,243/14924,0.148148148148148,1.60447239692523,3.03004399143436,0.00304552961369643,0.0415948748048512,0.0355059758339584,HSPB7/ANK2/KCNJ12/MYL3/TNNC1/NOS1/EHD3/GCH1/ATP1A1/THRB/JPH4/KCNQ1/ATP1B2/DES/TNNI1/ATP1A2/SLC8A1/TNNT2/KCNH6/OXT/NEDD4L/SCN7A/SCN11A/SCN2A/NOS1AP/GPD1L/SCN3A/KCNE1/AVPR1A/ADRB1/NOX4/KCNJ3/KCNIP1/ACE2/MYH6/ADRA1A,36
GO:0042908,xenobiotic transport,11/1378,47/14924,0.234042553191489,2.53472501003613,3.36100346799177,0.00308352461924054,0.0418494410714897,0.0357232772143282,SLC47A2/ABCA8/SLC22A8/SLC22A6/SLC29A2/SLC22A3/ABCB1/PDZK1/SLC15A2/SLC22A1/SLC28A2,11
GO:0071827,plasma lipoprotein particle organization,11/1378,47/14924,0.234042553191489,2.53472501003613,3.36100346799177,0.00308352461924054,0.0418494410714897,0.0357232772143282,LIPG/FECH/SOAT2/MTTP/APOA1/AGTR1/ANGPTL3/APOM/LPL/PLA2G2A/MPO,11
GO:0008643,carbohydrate transport,21/1378,120/14924,0.175,1.89528301886792,3.14057070002898,0.00308894631157236,0.0418494410714897,0.0357232772143282,PID1/ENPP1/AQP7/GPC3/AQP2/OCLN/SLC5A2/AQP1/SLC5A11/SLC2A9/NR4A3/SLC2A12/ACACB/SLC26A6/KLF15/AQP3/SLC23A1/LEP/SLC2A2/SLC5A10/ITLN1,21
GO:0055003,cardiac myofibril assembly,6/1378,17/14924,0.352941176470588,3.82241953385128,3.71362500016469,0.00310386224325748,0.0419393866308951,0.0358000560211789,PDGFRA/MYLK3/PROX1/MYH10/ADPRHL1/NEBL,6
GO:0044706,multi-multicellular organism process,30/1378,193/14924,0.155440414507772,1.68344901749927,3.04800591812649,0.00317647298560731,0.0427163215048468,0.0364632586630551,CRHBP/FBLN1/CLIC5/PAPPA/SERPINA5/HSD11B2/SPHK2/IGFBP2/VDR/CYP27B1/PTN/ABCB1/HPGD/OXT/ABCC8/CSMD1/PRLR/AVPR1A/LEP/FOSB/FOS/AMBP/SLC38A3/PNOC/ENDOU/ACVR1C/A1CF/TACR1/PTGFR/ACE2,30
GO:0030856,regulation of epithelial cell differentiation,24/1378,144/14924,0.166666666666667,1.80503144654088,3.09602184970676,0.00317822246049482,0.0427163215048468,0.0364632586630551,KDF1/CEACAM1/CDKN1C/PROC/AJAP1/VDR/CYP27B1/TBX3/GATA3/FOXC1/FST/LHX1/PROM1/PRLR/BMP7/ESRP1/WNT9B/AQP3/ATOH8/FGF10/OVOL2/GDNF/MYCN/FOXJ1,24
GO:0055001,muscle cell development,28/1378,177/14924,0.15819209039548,1.71325018654728,3.04455503932449,0.0033201309364883,0.0445055646962599,0.0379905820607921,PDGFRA/ANK2/PGM5/MYLK3/MYOZ1/MYORG/PPARA/SYPL2/XK/PROX1/MYOM2/RCAN1/TBX3/SLC8A1/CACNA2D2/MYH10/TNNT2/ADPRHL1/PI16/CAPN3/DNER/NEBL/MYOM3/UCHL1/MYH11/CACNB4/MYH6/ADRA1A,28
GO:1901655,cellular response to ketone,20/1378,113/14924,0.176991150442478,1.91684755384872,3.12026373835302,0.00334680450457371,0.044744745183839,0.0381947499216591,SFRP1/FECH/PCK1/SCNN1B/BTG2/FBP1/HAGH/AQP1/ASS1/SPHK2/PCK2/SCNN1G/CCL21/UGT3A2/SCNN1A/ABCB1/FOS/NPAS4/PTGFR/CCL19,20
GO:0030501,positive regulation of bone mineralization,10/1378,41/14924,0.24390243902439,2.64150943396226,3.35689079466295,0.00341081811898489,0.045480566865517,0.0388228577587505,GPM6B/VDR/SLC8A1/PTN/KL/ADGRV1/BMP7/BMPR1B/TFAP2A/NELL1,10
GO:0098869,cellular oxidant detoxification,16/1378,83/14924,0.192771084337349,2.0877472152762,3.16944037786574,0.00346806670737663,0.0461225564469222,0.0393708691825129,FBLN5/SOD3/FABP1/GCH1/GSTO2/CAT/GPX3/ALB/BMP7/APOM/GPX2/AMBP/HBB/DUOX2/MPO/GSTA1,16
GO:0141091,transforming growth factor beta receptor superfamily signaling pathway,46/1378,333/14924,0.138138138138138,1.49606209983568,2.91986503818016,0.00366436612800203,0.0478833312609953,0.040873891569065,CHRDL1/TGFBR3/GDF7/SFRP1/GPC3/PRDM16/CRB2/CDKN1C/PALS1/PPARA/PBLD/ADAMTSL2/NPNT/IL13RA2/SOSTDC1/RASL11B/SOST/FST/SLC39A5/TFAP2B/MAGI2/BMP5/HPGD/ITGA8/MYOCD/TGFBR3L/GREM2/DACT2/BMP7/ID1/FGF10/EGR1/BMPR1B/OVOL2/SCUBE3/FGF9/ITGB6/FOS/FERMT1/CRIPTO/ACVR1C/CDH3/FOLR1/USP9Y/VEPH1/FSTL4,46
GO:0009083,branched-chain amino acid catabolic process,7/1378,23/14924,0.304347826086957,3.29614438063987,3.51481560692969,0.0036722218857371,0.0478833312609953,0.040873891569065,ECHS1/ALDH6A1/ACADSB/PPM1K/HMGCLL1/ACAT1/HIBCH,7
GO:0022010,central nervous system myelination,7/1378,23/14924,0.304347826086957,3.29614438063987,3.51481560692969,0.0036722218857371,0.0478833312609953,0.040873891569065,MAL/KCNJ10/GPM6B/CNTN1/FA2H/PLP1/MAG,7
GO:0032291,axon ensheathment in central nervous system,7/1378,23/14924,0.304347826086957,3.29614438063987,3.51481560692969,0.0036722218857371,0.0478833312609953,0.040873891569065,MAL/KCNJ10/GPM6B/CNTN1/FA2H/PLP1/MAG,7
GO:0072170,metanephric tubule development,7/1378,23/14924,0.304347826086957,3.29614438063987,3.51481560692969,0.0036722218857371,0.0478833312609953,0.040873891569065,UMOD/ACAT1/AQP1/SLC22A6/CALB1/SLC22A1/WNT9B,7
GO:0072243,metanephric nephron epithelium development,7/1378,23/14924,0.304347826086957,3.29614438063987,3.51481560692969,0.0036722218857371,0.0478833312609953,0.040873891569065,UMOD/ACAT1/AQP1/SLC22A6/NPHS2/CALB1/SLC22A1,7
GO:2000647,negative regulation of stem cell proliferation,7/1378,23/14924,0.304347826086957,3.29614438063987,3.51481560692969,0.0036722218857371,0.0478833312609953,0.040873891569065,FBLN1/KDF1/IRF6/OVOL1/FGF10/OVOL2/FERMT1,7
GO:0051955,regulation of amino acid transport,9/1378,35/14924,0.257142857142857,2.78490566037736,3.37181444343359,0.00367606391563592,0.0478833312609953,0.040873891569065,NPY5R/ABAT/ATP1A2/NTSR1/AVPR1A/LEP/SLC38A3/CLTRN/ACE2,9
GO:0051961,negative regulation of nervous system development,22/1378,130/14924,0.169230769230769,1.83280116110305,3.04170669450952,0.00381726021265252,0.049591349009233,0.042331879775002,NTRK3/NEGR1/SEMA3G/BTG2/SEMA6D/GATA2/CCL11/PTPN13/PROX1/PTN/SEMA5A/ABCC8/BMP7/PRTG/LDLR/ROBO2/DAB1/MYCN/NTN1/FSTL4/MCF2/MAG,22
GO:0030534,adult behavior,23/1378,138/14924,0.166666666666667,1.80503144654088,3.03022013920332,0.00382676484361755,0.049591349009233,0.042331879775002,CRHBP/CXCL12/KCNJ10/PPARA/CHL1/ATP1A2/SPTBN2/PRKN/NTSR1/NR4A3/ATP6V1B1/NR4A2/HOXB8/CHRNA4/DBH/UCHL1/LEP/PPP1R1B/FOSB/GDNF/DAB1/SLC6A4/CACNB4,23
