Gene_ID,baseMean,log2FoldChange,lfcSE,stat,pvalue,padj
A1BG,14.8529421997978,0.088194124317424,0.186704075963462,0.472373856126652,0.636659961876928,0.999799029641296
A1BG-AS1,9.71315800519429,0.0903135574747683,0.227331993114627,0.397276055329484,0.691163902672608,0.999799029641296
A1CF,11.2219326658147,0.208097910298707,0.20288403724152,1.02569878403484,0.305033587701167,0.999799029641296
A2M,15.3594179600238,0.055053760150233,0.185816652895636,0.296280012002767,0.767016249181918,0.999799029641296
AAAS,10.50909642945,-0.00445899643320214,0.22647488424665,-0.0196887016767207,0.984291703790126,0.999799029641296
AADAC,11.9310543641187,0.0772986765504112,0.206184308318769,0.374900869909579,0.707734192082908,0.999799029641296
AAGAB,10.1445125065746,-0.108502828509743,0.234260393328832,-0.463171887351174,0.643241165301685,0.999799029641296
AAK1,8.50812264548593,-0.687966631376232,0.317776175147432,-2.16494087719777,0.0303922132561091,0.999799029641296
AAMP,11.8066914235729,0.011457507415799,0.2111245515879,0.0542689484933198,0.956720888595352,0.999799029641296
AAR2,10.0040219246771,0.0433606568689939,0.232928374229958,0.186154464917985,0.852323631457956,0.999799029641296
AARS,12.4215972007604,-0.0329351043558726,0.208739760318938,-0.15778069451431,0.874629611637572,0.999799029641296
AARS2,9.90554548002809,-0.0835226413223693,0.241913966541423,-0.345257624090371,0.729900701210915,0.999799029641296
AATF,11.3600013347815,-0.0643440085121795,0.219296032909811,-0.293411639318811,0.769207529873922,0.999799029641296
ABAT,13.5941165340873,0.14619712598241,0.189980857787614,0.769536087398074,0.441575129920633,0.999799029641296
ABCB1,11.3732309736718,-0.0853989932022706,0.218271872126266,-0.391250564584286,0.695612035943542,0.999799029641296
ABCB4,11.51033317957,-0.0693219470648175,0.215642395212969,-0.321467153971996,0.747856399708639,0.999799029641296
ABCB7,9.08133899513976,-0.141456978304637,0.2441624866001,-0.579355904645259,0.562349050979852,0.999799029641296
ABCC2,11.0789950501871,0.158424065098346,0.219410169876464,0.722045223279964,0.470266674011564,0.999799029641296
ABCC3,12.4786235489303,0.0199754962456955,0.204541390091757,0.0976599222129787,0.922202340814554,0.999799029641296
ABCC6P1,10.6905404572536,0.0291019596672051,0.223129706962223,0.130426199466717,0.896229239451455,0.999799029641296
ABCD1,10.0879704210494,-0.150104739140863,0.242541856258015,-0.618881794081688,0.535994232945784,0.999799029641296
ABCD3,11.2767546464168,0.216011287643626,0.210858801445325,1.02443571794482,0.30562951856794,0.999799029641296
ABCE1,7.97841553959208,-0.0574512361468098,0.313208330397303,-0.183428186836325,0.854462061148326,0.999799029641296
ABCF1,9.96287434897089,-0.0630512020275567,0.232668254765542,-0.270991855296688,0.786397296497802,0.999799029641296
ABCF2,10.6480530796187,-0.10845328128903,0.229475994966447,-0.472612751084868,0.636489483641952,0.999799029641296
ABCF3,11.6539692472527,0.00864564140339456,0.212878371184284,0.0406130569080229,0.96760437483825,0.999799029641296
ABCG8,10.9961744846869,-0.0164148663559844,0.219181487227466,-0.0748916642715774,0.940300908880044,0.999799029641296
ABHD10,9.92123972704637,0.0713349143437739,0.226139282923721,0.315446805267512,0.75242243395493,0.999799029641296
ABHD12,10.8430192010654,-0.102820057411581,0.227175228564523,-0.452602416475074,0.650835058412239,0.999799029641296
ABHD14B,11.6804190055041,0.113627206884416,0.209239471638727,0.543048622683413,0.587096325350609,0.999799029641296
ABHD15,10.1010272244091,0.15157429749307,0.22213891373051,0.682340139994354,0.495023897127918,0.999799029641296
ABHD16A,11.0252696963135,-0.0406135495166716,0.221771619849079,-0.183132312170106,0.854694203033467,0.999799029641296
ABHD2,13.2875695578608,-0.0438173852187476,0.201567940138287,-0.217382710706308,0.827910103914734,0.999799029641296
ABHD4,10.6317480062193,-0.171406279001997,0.23333295823097,-0.734599519508625,0.462583430721329,0.999799029641296
ABHD5,8.89528679038273,0.0485206836951616,0.234983352666158,0.206485621830816,0.836411594867576,0.999799029641296
ABHD6,9.09399066191205,0.115147227968283,0.235105455020571,0.489768423102766,0.624297777672952,0.999799029641296
ABHD8,10.2695444721373,-0.0681711208190681,0.232386027480391,-0.293352924692602,0.76925240398017,0.999799029641296
ABI1,10.1442184733855,-0.0811321824886596,0.232436552315323,-0.349050877241528,0.727051114171448,0.999799029641296
ABL1,10.6495028292098,0.0965936856221523,0.225743648575524,0.427891044694602,0.668730447322643,0.999799029641296
ABL2,9.71365920956921,-0.119065012377279,0.239215234858176,-0.49773172869976,0.618673141474421,0.999799029641296
ABR,9.57482086211114,0.08271336414438,0.232385831119574,0.355931184555826,0.721892101206769,0.999799029641296
ABT1,10.1722544111539,-0.0501700580356328,0.23238348575276,-0.215893387919184,0.829070851245595,0.999799029641296
ABTB2,10.3509934961437,0.0417083653368385,0.222751643977015,0.187241560116801,0.851471240758986,0.999799029641296
ACAA1,13.2872569760209,0.138392805667518,0.194048393309758,0.713187073116357,0.475730004324165,0.999799029641296
ACAA2,12.7000021241409,0.1729141504997,0.195894562366733,0.882689894046104,0.377403843840521,0.999799029641296
ACACA,10.0487929650533,0.0891452182602559,0.226220993804248,0.394062534874169,0.693534870505593,0.999799029641296
ACAD10,9.56799729914842,0.0370760830331881,0.228739355511198,0.162088779826842,0.871235941758241,0.999799029641296
ACAD11,11.9466835008525,0.112616697013913,0.203766197355041,0.55267604968694,0.580485256257962,0.999799029641296
ACAD9,10.2696378775212,0.0115257688583221,0.227182986466831,0.0507334155500453,0.959537949166799,0.999799029641296
ACADM,12.2668866315095,0.0654497394901254,0.202805248126024,0.32272211934799,0.746905698930939,0.999799029641296
ACADS,11.4291314335332,0.194093641553533,0.206178991113883,0.941384185192398,0.346508015074947,0.999799029641296
ACADSB,12.7005497613926,0.198148874355057,0.194104921138337,1.02083385208888,0.30733316297419,0.999799029641296
ACADVL,12.8835734630485,0.0989087011821074,0.198643874892113,0.497919713033319,0.61854063227809,0.999799029641296
ACAT1,13.2590614404322,0.125814465260593,0.194042475285557,0.648386210675995,0.516735186771438,0.999799029641296
ACAT2,11.0655025130094,0.0973239677688312,0.211640911487143,0.459854227072461,0.645620856985293,0.999799029641296
ACBD3,10.8023468569919,-0.0403738552095888,0.222233834704758,-0.181672854915303,0.855839470074745,0.999799029641296
ACBD4,9.34824142831148,0.13253164854309,0.234684075278455,0.564723654069156,0.572261742691669,0.999799029641296
ACBD5,10.2549244152028,-0.0175678644726104,0.2236069214197,-0.0785658349082869,0.937377963300943,0.999799029641296
ACIN1,9.86355423563675,0.0671304131684568,0.229823703760304,0.292095254188711,0.770213795152372,0.999799029641296
ACLY,12.2683930843993,-0.112696998830946,0.213050379682942,-0.528968777237853,0.596827109375233,0.999799029641296
ACO1,11.260628547606,0.0263541740882603,0.214149928538929,0.123064127399274,0.902056317492588,0.999799029641296
ACO2,12.4487083932715,-0.0262837356661875,0.207422397493986,-0.126715995879613,0.899165185016413,0.999799029641296
ACOT13,10.8701805342123,0.129228333698585,0.214132984134644,0.603495693205902,0.546178979746492,0.999799029641296
ACOT2,10.6042275588269,0.106144770279175,0.218388437306972,0.48603658503209,0.626941227114923,0.999799029641296
ACOT7,10.0470005053364,-0.00459199464419822,0.231319833591837,-0.0198512793861886,0.984162010893828,0.999799029641296
ACOX1,13.1342104127329,0.0914893643104749,0.19500487281546,0.469164503376561,0.638952055817561,0.999799029641296
ACOX2,11.471127510538,0.0367436715588228,0.214168988159602,0.171563921903767,0.863780372975206,0.999799029641296
ACP1,11.010733338353,0.00738524671033186,0.218673187353328,0.0337729869844487,0.973058176916599,0.999799029641296
ACP2,10.5507849039534,0.103784660932243,0.222164721583976,0.467151851078269,0.640391239232425,0.999799029641296
ACP5,9.92212904058693,-0.00360369087861064,0.230088003353628,-0.0156622284781708,0.98750386060667,0.999799029641296
ACSF2,9.48599841714891,0.0243579383398874,0.2349030508566,0.103693580185798,0.917412521460626,0.999799029641296
ACSF3,9.71074793014113,0.0463432220547456,0.231930661464267,0.199814986781666,0.841625279932708,0.999799029641296
ACSL1,13.8601116324786,0.149980939259982,0.187994467364833,0.797794431731441,0.424989793156542,0.999799029641296
ACSL3,11.404046152558,-0.00863642734593713,0.216311974491093,-0.0399257940585844,0.968152286809782,0.999799029641296
ACSL5,12.4757414526619,0.0620862185093409,0.201478920274821,0.308152428177866,0.757966348983635,0.999799029641296
ACSM3,9.63758291129289,0.264293800322771,0.218065026465894,1.21199536031105,0.225514156675426,0.999799029641296
ACSM5,10.9090912188242,0.102973358916014,0.209393178644362,0.491770360346392,0.622881691916052,0.999799029641296
ACSS2,10.7719607601287,0.141471314888538,0.216014524078613,0.654915753891871,0.512521996633902,0.999799029641296
ACSS3,9.09684542730585,0.397389911746239,0.237852755422748,1.67073915557521,0.0947732112158254,0.999799029641296
ACTA2,12.0193992571488,-0.0268882731138471,0.212706470435571,-0.126410226537944,0.899407207484525,0.999799029641296
ACTB,16.4896764644559,-0.0064983737028551,0.184016654744951,-0.0353140519365593,0.971829318494967,0.999799029641296
ACTG1,15.1901830031333,-0.0110143960092402,0.190496977260771,-0.057819269195871,0.95389258925591,0.999799029641296
ACTN1,12.6034415534612,-0.0258402151955588,0.207236304605395,-0.124689615773461,0.900769278651279,0.999799029641296
ACTN4,14.546071401922,-0.0490216382595881,0.194739464754356,-0.25172934680407,0.801250271811138,0.999799029641296
ACTR10,9.60007352572908,-0.0135188147349972,0.235547635906485,-0.0573931242526431,0.954232040027424,0.999799029641296
ACTR1A,11.3743856821045,-0.0503320678831451,0.219441377952199,-0.229364527113519,0.818585604534199,0.999799029641296
ACTR1B,9.78039110130464,0.0511936984528266,0.231277924073147,0.221351426678473,0.824818810213207,0.999799029641296
ACTR2,12.0607684414028,-0.0339831318444424,0.210615477322635,-0.161351541094887,0.871816531094025,0.999799029641296
ACTR3,11.850460300107,0.0030347104981249,0.210991569484149,0.0143830888861789,0.988524351109883,0.999799029641296
ACVR1B,10.7742439612369,-0.0210911988544576,0.221135489240715,-0.0953768159370336,0.9240155303194,0.999799029641296
ACY1,12.2802257806619,0.0877116221591396,0.204346622296862,0.42922961570521,0.667756132457051,0.999799029641296
ADAM10,9.79579655282624,0.0110644925398105,0.235901917602563,0.0469029359839775,0.962590588094536,0.999799029641296
ADAM15,10.8713998894167,-0.168838029590926,0.23097695198519,-0.730973493847784,0.464795343276188,0.999799029641296
ADAM9,10.0337398426575,0.00690378277784136,0.230918827995964,0.0298970111608311,0.976149189533601,0.999799029641296
ADAMTS1,9.53085658528639,0.217126086478611,0.222939126351035,0.973925438896396,0.330093561727448,0.999799029641296
ADAMTS4,8.8506417806814,-0.237016869856243,0.302910956288698,-0.782463839407471,0.433942028616384,0.999799029641296
ADAR,12.3248959951252,-0.122906007251746,0.207475820492364,-0.592387136776113,0.5535913779936,0.999799029641296
ADCK3,11.8200700452285,0.0613225415801189,0.207627607829774,0.295348688072324,0.767727526721362,0.999799029641296
ADD1,12.8131119159925,0.0039830347455106,0.203141563053356,0.0196071876461068,0.984356730023992,0.999799029641296
ADD3,9.40656489346336,0.0477534390627301,0.229628490940052,0.207959556182411,0.835260546426178,0.999799029641296
ADGRA2,9.65784257234993,0.186612942797261,0.226240580044224,0.824842929419573,0.409460770640779,0.999799029641296
ADGRE5,9.81159283679068,0.133299272489938,0.230222549314919,0.579001808843665,0.562587952656456,0.999799029641296
ADGRG6,9.43387680541041,-0.0471616160150985,0.240166836559359,-0.196370226175845,0.844320398621279,0.999799029641296
ADH1A,13.553037024397,0.213252028318662,0.187982510268025,1.13442483566481,0.256616386200128,0.999799029641296
ADH1B,13.3572329952498,0.309120620693648,0.185939502676913,1.66247954976395,0.0964166604039626,0.999799029641296
ADH1C,12.591521772431,-0.0553187455359283,0.208863667425636,-0.264855760782924,0.79112057933785,0.999799029641296
ADH4,13.1051577005916,0.359760989436867,0.187840387621013,1.9152483339351,0.0554608411199769,0.999799029641296
ADH5,12.0728810634734,0.0824632279945346,0.204375632729226,0.403488551415466,0.686588855251278,0.999799029641296
ADH6,12.6579135868549,0.192394024615715,0.19407311455607,0.991348157913598,0.321515605199203,0.999799029641296
ADI1,12.7126688939938,0.157261697955776,0.195982940650069,0.802425442919389,0.42230690036212,0.999799029641296
ADIPOR1,12.4909703704216,-0.0646094290341153,0.208591748342821,-0.30974105901797,0.756757876628604,0.999799029641296
ADIPOR2,7.58416885697662,-0.134644376227328,0.605235286670026,-0.222466170087561,0.823951005788808,0.999799029641296
ADK,10.0181280531348,0.141825348264818,0.221417709992225,0.640532992007723,0.521826147317928,0.999799029641296
ADM,9.82257400554962,0.12673481201112,0.226988854601669,0.558330549900877,0.576618687475058,0.999799029641296
ADNP,10.1170772457651,-0.15422183946038,0.232640765918651,-0.662918379121514,0.507382830020879,0.999799029641296
ADNP2,9.27820436329023,0.0483411856364359,0.236764251037628,0.204174343992299,0.838217259572643,0.999799029641296
ADRBK1,11.5565860423007,-0.0727073754093307,0.219184172464603,-0.331718182895128,0.740102069424594,0.999799029641296
ADRM1,11.5412397993143,0.0326215493581695,0.213215132902511,0.152998283536869,0.878399628893683,0.999799029641296
ADSS,10.1587590461854,0.0473337842591198,0.230964158678889,0.204939954882473,0.837619038199492,0.999799029641296
AEBP1,8.62607775800645,0.313094886541702,0.291914961550754,1.07255511974595,0.283470770547645,0.999799029641296
AEN,9.19366138393389,0.0687037620960027,0.248227537435557,0.276777358409879,0.781951067619549,0.999799029641296
AES,12.8284681836598,0.0471397492833208,0.203422605382763,0.231733091780148,0.816745327366226,0.999799029641296
AFF1,9.9931415803993,-0.133324062884948,0.241410854191495,-0.552270374633573,0.580763124706638,0.999799029641296
AFG3L2,11.3460307538951,-0.0107530911336934,0.216410562912944,-0.0496883839169119,0.960370713317464,0.999799029641296
AFMID,9.82322474556822,0.162544983394003,0.225836993874618,0.71974471766236,0.471682187981431,0.999799029641296
AFTPH,10.2998056569194,0.0429100550377805,0.223525070683382,0.191969763868509,0.847765889838346,0.999799029641296
AGAP1,9.83810257855223,-0.0674708971841313,0.235025232756567,-0.287079376085614,0.774051543327438,0.999799029641296
AGAP3,10.2268104204657,-0.0451314558710379,0.232860813662094,-0.193813012852083,0.846322297431842,0.999799029641296
AGFG1,10.5909155082358,-0.0132761291223869,0.224680238165097,-0.0590889934549183,0.952881225275219,0.999799029641296
AGFG2,11.7782301934726,-0.075542679255988,0.217254629223477,-0.347714934894582,0.728054279348172,0.999799029641296
AGGF1,10.2841352699895,-0.0857628861549579,0.230081940706094,-0.372749316577224,0.70933502800272,0.999799029641296
AGK,10.6904956763421,-0.0889334830645243,0.226152231107979,-0.393246100773872,0.694137723250086,0.999799029641296
AGMAT,11.2610955448775,0.113789486043058,0.209983103374258,0.541898296646506,0.587888570259772,0.999799029641296
AGMO,9.90530188300922,0.0589903259141549,0.22548530571395,0.261614945272709,0.793618320562527,0.999799029641296
AGPAT2,11.556527011858,0.121393285728195,0.208193748415412,0.583078438484027,0.559840497860086,0.999799029641296
AGPAT3,11.988809882079,0.0154086971424736,0.208710143433758,0.0738282140434833,0.941147076721143,0.999799029641296
AGPS,10.6072064816276,-0.0777968684528283,0.225878604446761,-0.344418935309851,0.730531250671311,0.999799029641296
AGRN,11.6280418432016,-0.0481684149176244,0.217436009640677,-0.221529152403159,0.824680440077897,0.999799029641296
AGT,16.3066397807585,0.026285318611313,0.182729575329707,0.143848189675291,0.885620348702513,0.999799029641296
AGTR1,10.1180062391814,0.23886173676901,0.219173452745348,1.08982969322721,0.27578817142188,0.999799029641296
AGXT,12.7437452785532,0.111262905741794,0.198947452192047,0.559257756336534,0.575985821036148,0.999799029641296
AHCY,13.3160854368853,0.0482159516105315,0.19804137723418,0.243464029001965,0.807645947558581,0.999799029641296
AHCYL1,12.0165977642884,-0.00691658082689225,0.20939253588169,-0.0330316493745519,0.973649348854685,0.999799029641296
AHCYL2,9.39039603764115,-0.0169792360835103,0.235878934330015,-0.0719828420954067,0.942615562449739,0.999799029641296
AHNAK,13.122835962531,0.0546928244241032,0.199690980310898,0.273887304969669,0.784171227857773,0.999799029641296
AHR,10.5504399442328,0.213837103570754,0.221970262727958,0.963359239849296,0.335367273872208,0.999799029641296
AHSA1,11.4997079007315,-0.0643024411629935,0.219095463252961,-0.293490518736811,0.769147245543406,0.999799029641296
AHSG,15.9571444106564,0.103623728423598,0.180427923956532,0.574322012642361,0.565749915920859,0.999799029641296
AIFM1,11.8486120817931,0.00895777535017662,0.211324216247666,0.0423887782916387,0.966188773936092,0.999799029641296
AIFM2,10.7877215388027,-0.115361842053444,0.229231888665602,-0.503253900340766,0.614785773316817,0.999799029641296
AIG1,10.6340410006057,0.10597420013401,0.21905578747751,0.483777221110354,0.628543982807216,0.999799029641296
AIMP1,9.52966429322639,-0.00149422600053237,0.2356958163601,-0.00633963734956359,0.994941735120505,0.999799029641296
AIMP2,10.6738694067166,-0.0564500837323272,0.22589978092039,-0.249889944568918,0.802672459657402,0.999799029641296
AIP,10.6624032200418,0.0537460758895573,0.221307366007072,0.242857148676378,0.808116062260407,0.999799029641296
AJUBA,10.6048360068096,-0.162674315341587,0.231449288833182,-0.702850789309767,0.48214874170396,0.999799029641296
AK2,11.8497581356315,0.0730080871672066,0.208706084887903,0.349812930497066,0.726479094294438,0.999799029641296
AK3,12.211497159336,0.0323913040981352,0.205370929226698,0.157720979401033,0.874676668237266,0.999799029641296
AK4,10.3371420628718,-0.198475733492009,0.238245159166811,-0.83307352051188,0.404803266424463,0.999799029641296
AKAP1,11.3434680304992,-0.0808333929880856,0.2167997342348,-0.372848210692643,0.709261418883209,0.999799029641296
AKAP12,10.4526838986433,0.0623895476217186,0.219601884204632,0.284102970462595,0.776331470623924,0.999799029641296
AKAP13,9.85024671373028,0.218490251537825,0.226953834392125,0.962707909840037,0.33569412612856,0.999799029641296
AKAP17A,10.4389649451915,-0.0293221570106265,0.228468449184988,-0.128342259577753,0.897878123309615,0.999799029641296
AKAP2,9.40554162757883,0.0511640565015121,0.228972602713826,0.223450560875433,0.823184857030007,0.999799029641296
AKAP8L,9.69769736555868,-0.0889280996198301,0.239504996867187,-0.371299558602292,0.710414426683994,0.999799029641296
AKAP9,9.5747974882667,0.1388734456484,0.223923998823346,0.620181161367869,0.535138522803393,0.999799029641296
AKIRIN1,10.9414027291806,0.0181175076705735,0.2189817622811,0.0827352354910573,0.934062067035771,0.999799029641296
AKIRIN2,10.549015757554,-0.0515969187195043,0.228277763106903,-0.226026915706816,0.821180486265436,0.999799029641296
AKNA,9.95310508365197,0.269215082542136,0.228545179046159,1.17795126401578,0.238816036127301,0.999799029641296
AKR1A1,11.7085137947838,0.0551389723795802,0.210297256213088,0.262195396043159,0.793170802693732,0.999799029641296
AKR1B10,11.38502210615,-0.265862668393297,0.239044006391981,-1.1121913174319,0.26605590026663,0.999799029641296
AKR1C1,12.7811575714643,-0.0279768713970178,0.208263763078204,-0.134333841775981,0.893138593887364,0.999799029641296
AKR1C2,9.54316949312505,-0.221581686681273,0.305772317004722,-0.72466235286385,0.468659196321383,0.999799029641296
AKR1C3,12.9528067337681,-0.129100300178298,0.209423038334163,-0.616457010676641,0.537592936390068,0.999799029641296
AKR7A3,10.0258680561072,0.324692966360065,0.218420300697381,1.48655122863292,0.137133377134226,0.999799029641296
AKT1,10.2559938346241,0.101177467910005,0.225907822094981,0.447870582663871,0.654246600028686,0.999799029641296
AKT1S1,10.9684376413259,-0.0455801324752159,0.223626796400582,-0.203822320083539,0.838492350057276,0.999799029641296
AKT2,12.4497548944248,-0.0339713868828941,0.20907746022637,-0.16248230127778,0.8709260646102,0.999799029641296
ALAD,13.0354854396725,0.0894323240894693,0.197412964670017,0.453021534016058,0.650533235426055,0.999799029641296
ALAS1,13.2447379446877,0.142641502463373,0.194240002654318,0.73435698370138,0.462731196560552,0.999799029641296
ALB,18.274097680882,0.155724351589471,0.172715156877095,0.901625279478425,0.367255957558983,0.999799029641296
ALDH16A1,10.1026975213433,0.0219487410527448,0.233120282230974,0.0941520010300866,0.924988412955297,0.999799029641296
ALDH18A1,10.9279247263118,-0.148337136205964,0.228784491505811,-0.648370592034628,0.516745286176647,0.999799029641296
ALDH1A1,15.4112532239595,0.023173214155145,0.186113058443477,0.124511489677028,0.900910303725174,0.999799029641296
ALDH1B1,12.3920872333832,0.170339265260255,0.199951826873654,0.851901520099086,0.394268753087204,0.999799029641296
ALDH1L1,11.6344572276161,-0.0589925950881634,0.219258825392896,-0.269054597836383,0.787887668155533,0.999799029641296
ALDH2,14.8229056839752,0.146668880012862,0.18390784435009,0.797512909420331,0.4251532084314,0.999799029641296
ALDH3A2,12.7828431656264,0.0996646726390149,0.197739226627321,0.504020746611156,0.614246798038617,0.999799029641296
ALDH4A1,13.5802487431919,0.0933441415120259,0.193790375307308,0.481675838462066,0.630036242564944,0.999799029641296
ALDH5A1,12.1833161696523,0.0775027825832452,0.20321303473505,0.381386866665781,0.702916204820877,0.999799029641296
ALDH6A1,11.2280140073573,0.239116296193959,0.211516418943113,1.13048574379594,0.258271602251517,0.999799029641296
ALDH7A1,12.3792825247024,0.110926606294216,0.200578723476364,0.553032766245952,0.580240973558361,0.999799029641296
ALDH8A1,11.3468509591209,0.214260556042494,0.204927490751042,1.04554325657942,0.29577195921867,0.999799029641296
ALDH9A1,11.903791525058,0.0753388546275119,0.205932526667941,0.365842423470059,0.714482661659131,0.999799029641296
ALDOA,12.574397220222,-0.0324034324203316,0.209059120879707,-0.154996501869807,0.876824075082764,0.999799029641296
ALDOB,14.9502817352747,0.195953210334442,0.182736964562408,1.07232387712953,0.283574585795422,0.999799029641296
ALDOC,10.7009173229471,0.133330312617407,0.217047027077766,0.614292277634544,0.539022204636284,0.999799029641296
ALG1,9.96275425392137,-0.063379424300715,0.234718540248845,-0.270023084812649,0.787142493928332,0.999799029641296
ALG12,9.79536060075623,0.00581632213917475,0.235791077355664,0.0246672698746844,0.980320361988744,0.999799029641296
ALG2,10.4233679432427,-0.00734839024718502,0.226588067810388,-0.0324306143663939,0.974128648588838,0.999799029641296
ALG3,11.2195297481651,-0.0418620053045842,0.221412535765571,-0.18906790963682,0.850039592244036,0.999799029641296
ALG5,9.43151603037087,0.0302121447151021,0.234003318519769,0.129109898552783,0.897270689654526,0.999799029641296
ALG8,9.97725384815669,-0.0175843809318881,0.230954131608032,-0.0761379794743477,0.93930932456925,0.999799029641296
ALG9,9.69759656657457,-0.0249565514307003,0.235433909462932,-0.106002365961771,0.915580474998789,0.999799029641296
ALKBH2,9.61348377917201,0.0515475881222243,0.234085307912299,0.220208558076344,0.825708731833256,0.999799029641296
ALKBH5,11.7787167887683,0.018815148248745,0.211329563354565,0.0890322581946436,0.929056273577463,0.999799029641296
ALKBH7,10.2272800922196,0.122625774484653,0.222702395963287,0.550626202085712,0.581889943244711,0.999799029641296
ALYREF,9.48741337900657,-0.0232463035528843,0.239996162026166,-0.0968611470976349,0.922836663798887,0.999799029641296
AMACR,12.0843946827926,0.0962045972791209,0.206595617558036,0.465666205393226,0.641454445759076,0.999799029641296
AMBP,17.2564759581684,0.0649857819266631,0.177264711175141,0.366603039577662,0.713915140601454,0.999799029641296
AMBRA1,9.58458031211585,-0.0655706015778276,0.242207705891802,-0.270720542669765,0.786605975848176,0.999799029641296
AMD1,9.82412153279318,0.0576585667830592,0.227907914069993,0.252990630089975,0.800275453831586,0.999799029641296
AMDHD1,11.1776260591421,0.160490065824092,0.208549384526648,0.769554253005167,0.441564350499681,0.999799029641296
AMFR,12.1971164798529,0.0645671477265624,0.205444733239493,0.314279887872786,0.753308472078217,0.999799029641296
AMIGO3,10.0900644324958,-0.0041661563922376,0.231123533341564,-0.0180256693552737,0.985618375551809,0.999799029641296
AMOTL2,10.3536917657378,0.0883867691058296,0.222354514743246,0.397503820454873,0.690995969820387,0.999799029641296
AMPD2,11.2178357797694,-0.128750029981305,0.222984372204555,-0.577394858251302,0.563672746822513,0.999799029641296
AMZ2,10.1729670283824,-0.0244916826654247,0.228776196552499,-0.107055205193974,0.914745183941997,0.999799029641296
ANAPC13,9.64188980220552,0.0328229408477365,0.231777462040857,0.141614031660898,0.887384882976935,0.999799029641296
ANAPC16,10.8019999402307,0.0803264797394236,0.217942444763749,0.368567397812289,0.71245020005998,0.999799029641296
ANAPC5,11.0398869444199,-0.0192839114698034,0.220084083902619,-0.0876206544692074,0.930178185423599,0.999799029641296
ANAPC7,9.80941307758266,-0.136102093881458,0.241085055848017,-0.564539736412606,0.572386865073058,0.999799029641296
ANG,12.3796248711482,0.240271620719809,0.198195769538909,1.21229439598427,0.225399708292068,0.999799029641296
ANGPTL2,9.59970151735267,0.109261336053039,0.230705971611908,0.473595613020533,0.635788304440784,0.999799029641296
ANGPTL3,12.9936392749151,0.153130051920426,0.194285955547173,0.788168406147328,0.430598206637556,0.999799029641296
ANGPTL4,11.2618612123626,0.0743248976352857,0.213207691660961,0.34860326593412,0.727387175515712,0.999799029641296
ANGPTL8,10.6059494618095,0.0120807039771831,0.226203701542122,0.0534063054442701,0.957408181366641,0.999799029641296
ANKH,11.6263393862607,-0.0234954882859725,0.212993024834015,-0.110311069126712,0.912162678946707,0.999799029641296
ANKIB1,9.40513879337528,-0.0865647533510598,0.239866901449345,-0.360886611816847,0.718184212329851,0.999799029641296
ANKLE2,10.0603620839435,-0.0504987737455941,0.23058793548503,-0.219000068843031,0.826649994139286,0.999799029641296
ANKRD10,9.69829172234758,0.000252660848491517,0.235710334375505,0.00107191247749455,0.999144737747457,0.999799029641296
ANKRD13A,9.27748792747272,-0.0487888450819048,0.238284993627151,-0.204749969098959,0.837767477654161,0.999799029641296
ANKRD13C,9.39117460837171,-0.00631478726852351,0.236217610724698,-0.0267329232953895,0.978672753517629,0.999799029641296
ANKRD40,11.0678374762519,-0.0384386277651258,0.220026392235388,-0.174700077452542,0.86131530691245,0.999799029641296
ANKRD54,9.58528965626811,-0.0249931776879988,0.239714113302813,-0.104262437215896,0.916961086162548,0.999799029641296
ANO10,9.34819883620446,-0.188746609110648,0.24881312606066,-0.758587828942079,0.448099155654186,0.999799029641296
ANO6,11.5696324392523,0.0116067626528456,0.21155069882359,0.0548651586470265,0.956245889422473,0.999799029641296
ANP32A,11.7238344179154,-0.0498586259301661,0.215587284628476,-0.231268861779526,0.817105935695235,0.999799029641296
ANP32B,11.6552387687405,0.0436946573160854,0.211482333316187,0.206611382761498,0.836313369919783,0.999799029641296
ANP32E,10.8035070492061,-0.0318978458849848,0.222205181341664,-0.143551314566056,0.885854787691026,0.999799029641296
ANPEP,12.9966254296456,0.0418068531997276,0.200279490019246,0.20874255868991,0.834649214880617,0.999799029641296
ANTXR2,9.9366098094421,0.205533065917102,0.220441848933197,0.932368635591453,0.351146048052353,0.999799029641296
ANXA11,10.5343750248098,-0.0361700358993152,0.228662795164039,-0.158180677680282,0.874314429037571,0.999799029641296
ANXA2,12.8143561381959,-0.163817176801154,0.21240088212212,-0.771264107589566,0.44055040234553,0.999799029641296
ANXA4,11.752424867366,0.0297779034002343,0.210022204475012,0.141784548327495,0.887250189407144,0.999799029641296
ANXA5,12.1454299538205,-0.0256169873755015,0.210910922011663,-0.121458799436119,0.9033276463311,0.999799029641296
ANXA6,12.1836502300317,-0.0280795076557425,0.210872592606418,-0.133158640052154,0.894067919944829,0.999799029641296
ANXA7,11.6807233580038,0.0221597835687741,0.212975805353828,0.104048361418138,0.917130969953268,0.999799029641296
ANXA9,9.87657257458405,-0.0306801617104787,0.231475249974945,-0.132541866630664,0.894555710326214,0.999799029641296
AOC3,9.29347000177119,0.147745985538636,0.23019773846117,0.641822054926739,0.520988727840853,0.999799029641296
AOX1,13.8717179718104,0.0467878461542515,0.192400686353167,0.243179206067741,0.807866574591755,0.999799029641296
AP1AR,9.59930070565257,0.0437021132226837,0.23004929574619,0.189968472109124,0.84933383623621,0.999799029641296
AP1B1,11.8639147154624,-0.0213725491974932,0.212557840125777,-0.100549333700636,0.91990821862263,0.999799029641296
AP1G2,9.21459560372802,0.00525377535323932,0.238696818921153,0.0220102445310541,0.982439783564294,0.999799029641296
AP1M1,11.4991918176151,0.0374417120492068,0.214965759132404,0.174175237025284,0.861727746052825,0.999799029641296
AP1S1,10.3109308506629,-0.0670552474641649,0.23037441563697,-0.291070721888807,0.770997231472665,0.999799029641296
AP2A1,12.5338802036694,-0.0803817078541314,0.209880955722914,-0.382987144199265,0.701729296145522,0.999799029641296
AP2A2,10.0181193484148,-0.097910130506202,0.237770209091096,-0.411784684382769,0.680497248089384,0.999799029641296
AP2B1,10.8013717109117,0.0828357282524414,0.219714449158553,0.377015387789379,0.706162169493487,0.999799029641296
AP2M1,11.9181482000126,0.0225055662428897,0.211686151681303,0.106315722895148,0.915331857224267,0.999799029641296
AP2S1,9.89345776077991,0.0385849515792338,0.229556165755,0.168085015065178,0.866516397874024,0.999799029641296
AP3B1,10.0889640071447,-0.0747686149012639,0.232465513294747,-0.321633148253106,0.747730628464637,0.999799029641296
AP3D1,11.9462009644954,-0.127464421103266,0.220593157975903,-0.577825814149639,0.563381725204598,0.999799029641296
AP3M1,10.4391261325687,-0.101668218100245,0.230037187922385,-0.441964271161879,0.658515060634663,0.999799029641296
AP3S1,10.2422011713361,-0.0395221174911499,0.230441324654024,-0.1715062068424,0.863825750397562,0.999799029641296
AP3S2,10.9271303398974,0.0686079497608319,0.217677025028475,0.315182320007622,0.752623228561865,0.999799029641296
AP5B1,9.83612583804024,0.0306275031520115,0.233289262190846,0.131285524521726,0.895549442433798,0.999799029641296
AP5M1,9.23442469256522,-0.0739694542673102,0.234998708079246,-0.314765365613697,0.752939810225332,0.999799029641296
AP5Z1,10.7024620471781,-0.10973280709426,0.229535412166145,-0.478064826941963,0.632604065399077,0.999799029641296
APBA3,9.52887245293925,-0.0948077002008494,0.244359146976109,-0.38798506777452,0.69802708394324,0.999799029641296
APBB1IP,9.57468662541034,0.0653126235773144,0.232113915432931,0.281381766601522,0.778417601549137,0.999799029641296
APBB2,9.62919562076563,0.00166790251057161,0.232134092082318,0.00718508210323606,0.994267183248267,0.999799029641296
APC,9.62783724495601,-0.0778343549220063,0.23742565862265,-0.327826214628772,0.743043065261533,0.999799029641296
APCS,12.8374622791285,-0.00421644569728034,0.207706335005194,-0.0203000341668678,0.983804028532183,0.999799029641296
APEH,10.2132423286311,0.000423823838161426,0.242986944262278,0.00174422473375341,0.998608310720028,0.999799029641296
APEX1,11.4295804516053,-0.0653315184254345,0.21915380534892,-0.298108072188929,0.765620680808872,0.999799029641296
APEX2,9.85073129240911,-0.137642999764761,0.241056411283242,-0.57099912436276,0.56800023640455,0.999799029641296
API5,11.1233231549725,0.0556839410692108,0.21404991292235,0.260144656491456,0.794752192489202,0.999799029641296
APIP,9.46097321221073,-0.0772445124725611,0.241879110925895,-0.31935172978301,0.749459809897872,0.999799029641296
APLNR,9.36434022371732,0.322402435865234,0.225877756002267,1.42733149811351,0.153484365641195,0.999799029641296
APLP2,14.4476690564433,0.0224184682084438,0.191857271185562,0.116849718907765,0.906979143590722,0.999799029641296
APMAP,11.9865884877383,-0.015847685895193,0.212820833916616,-0.0744649177598944,0.940640455210265,0.999799029641296
APOA1,16.8109052262604,0.180074605641805,0.175944876778373,1.02347171988778,0.306084864453903,0.999799029641296
APOA1BP,11.3879175546515,-0.0660456206475098,0.219325301313959,-0.301130878434162,0.763314695603716,0.999799029641296
APOA2,16.8103479166159,0.00897680054029333,0.180922593378072,0.0496168022615872,0.960427756854717,0.999799029641296
APOA5,10.5864807254441,0.352258043355657,0.209622574281057,1.68043944963369,0.0928718459689382,0.999799029641296
APOB,16.7134364133567,0.0440481154069557,0.181431526870795,0.242780933207513,0.808175106828454,0.999799029641296
APOC1,10.9111459031319,0.192770890948148,0.211260062885743,0.912481461545364,0.361515324105991,0.999799029641296
APOC2,15.3988772552403,0.0251952216496569,0.185966762982944,0.135482390753705,0.892230486027772,0.999799029641296
APOC3,16.2218635222773,0.154042435070643,0.177696152533469,0.866886721374731,0.386004079755026,0.999799029641296
APOC4,9.13569465961073,0.18843084669714,0.227114953033199,0.829671689074542,0.406724432320155,0.999799029641296
APOC4-APOC2,12.3517202730102,0.071586770916747,0.203236331768737,0.352234122185426,0.724662688832332,0.999799029641296
APOE,18.2350151020952,0.000268664595013452,0.176914979108444,0.0015186085223952,0.998788326171799,0.999799029641296
APOH,16.4743041179178,0.116848158759006,0.178089772149784,0.656119424201012,0.511747287446472,0.999799029641296
APOL1,12.3386668037121,0.148136385886632,0.200774126872651,0.737826074475192,0.460620146288742,0.999799029641296
APOL2,11.0110423188018,0.0244752143855852,0.222925067609863,0.109791216609246,0.912574957062644,0.999799029641296
APOL3,10.5226414177217,-0.112227784543146,0.23079851416726,-0.486258696023555,0.626783760085386,0.999799029641296
APOL6,11.9898288954331,0.0682977466019159,0.205875608051649,0.331742780255841,0.740083494263927,0.999799029641296
APOLD1,9.76967737587657,-0.125662275618334,0.245827025077133,-0.511181696068219,0.609223834332468,0.999799029641296
APOM,10.4670396960042,0.144993387983819,0.216319631448008,0.670273830503765,0.502683246302369,0.999799029641296
APP,14.001862274856,0.060919410632547,0.192338700906303,0.316729864273253,0.751448586161425,0.999799029641296
APPBP2,9.92251774887061,-0.0371668669157036,0.23112081347018,-0.160811423072025,0.872241928025773,0.999799029641296
APPL1,9.71255562169085,-0.00555944085866764,0.231397900616434,-0.0240254593661287,0.980832300928468,0.999799029641296
APPL2,9.3467656744911,-0.106518732666082,0.240023628891003,-0.443784360557489,0.657198496618335,0.999799029641296
APRT,10.4376721200093,-0.00375553132652422,0.228565435662602,-0.016430880354403,0.986890644111311,0.999799029641296
AQP1,11.054557248608,-0.0465667140736538,0.224046375571533,-0.207844085649072,0.83535070882161,0.999799029641296
AQP3,10.8575123489857,0.222667146350612,0.210511715327029,1.05774230191749,0.290172943966599,0.999799029641296
AQP9,13.5784947732072,0.0598668790509026,0.192908720992116,0.310337856904609,0.756304045616405,0.999799029641296
AQR,8.90317707384682,-0.273630639770181,0.262114550518546,-1.04393532991149,0.296515311009331,0.999799029641296
AR,10.7298880849459,0.152884545062338,0.211455188624781,0.723011556522389,0.469672784236766,0.999799029641296
ARAP1,10.5506879535061,-0.0553598935878166,0.228173088150959,-0.242622361981579,0.808297956382496,0.999799029641296
ARCN1,11.9192965852123,-0.0113581168945069,0.210865082588431,-0.0538643797971796,0.957043216250359,0.999799029641296
ARF1,14.1127844240869,-0.0267912543621852,0.196123443295413,-0.136604038313923,0.891343784315825,0.999799029641296
ARF3,11.555905916424,-0.0866529916217347,0.218992242781674,-0.395689776592334,0.692333898361338,0.999799029641296
ARF4,11.8496505482158,-0.0462919146152641,0.213864392439024,-0.216454520957539,0.828633471820519,0.999799029641296
ARF5,11.5141435760945,-0.0181798085053782,0.216191174795093,-0.0840913535097312,0.932983799194881,0.999799029641296
ARF6,11.5985495804117,-0.013445336590836,0.214398674765706,-0.0627118456097225,0.949995964529598,0.999799029641296
ARFGAP1,11.4582030358183,-0.0535852555629129,0.219350586017285,-0.244290460015869,0.807005871499618,0.999799029641296
ARFGAP2,9.71119373008404,-0.0998226740452892,0.24176886355162,-0.412884738666839,0.679691062919794,0.999799029641296
ARFGAP3,10.4664727705902,0.00714764326381769,0.224818756975307,0.0317929133671118,0.974637198095035,0.999799029641296
ARFIP2,9.85112626395858,-0.04440371144505,0.237433718036447,-0.187015188121823,0.851648724636286,0.999799029641296
ARFRP1,10.5780537703071,-0.0753617864581436,0.229768480921452,-0.327990097492557,0.742919149908661,0.999799029641296
ARG1,12.9236513758021,0.135426175160889,0.195021049269543,0.694418246995036,0.4874199538333,0.999799029641296
ARHGAP1,11.7800852388853,-0.0114832393919752,0.214151259044209,-0.0536220960979952,0.957236251695828,0.999799029641296
ARHGAP12,10.0345135075273,-0.0766657251681592,0.232683656928415,-0.329484787114831,0.741789290750556,0.999799029641296
ARHGAP17,9.64190729603514,-0.0131121650504297,0.236733255012706,-0.0553879303933278,0.955829411228303,0.999799029641296
ARHGAP21,9.01758052302409,0.676220122689151,0.553299543176798,1.22215919211969,0.22164743247665,0.999799029641296
ARHGAP35,9.76707839611464,-0.0943710870329851,0.247344725856499,-0.381536686121765,0.702805054553549,0.999799029641296
ARHGAP4,10.721196230711,0.0365251044609988,0.225057654715981,0.162292211331771,0.871075747830391,0.999799029641296
ARHGAP5,9.53222220601492,0.0767886264922575,0.229323723625745,0.334848158220106,0.737739630401462,0.999799029641296
ARHGDIB,10.9032461680781,0.0520135749200128,0.220933998839302,0.23542585203396,0.813878222853297,0.999799029641296
ARHGEF1,11.8781095253379,0.0194882927979551,0.211264780736876,0.0922458193456639,0.926502734634041,0.999799029641296
ARHGEF10L,11.7252272997348,0.105188526041277,0.208286672747638,0.505018034297012,0.613546169398992,0.999799029641296
ARHGEF12,9.05828411521118,0.282659582152048,0.285282911955603,0.99080446218958,0.321781070006804,0.999799029641296
ARHGEF17,9.84040681646816,0.0828882239089842,0.228785116805602,0.362297272944611,0.717129895831277,0.999799029641296
ARHGEF18,9.3629482210456,-0.195784848628619,0.248798581699561,-0.78692108006082,0.431328066590047,0.999799029641296
ARHGEF28,9.5300539124357,0.0419534205647298,0.232603675954119,0.180364391889512,0.856866507008432,0.999799029641296
ARHGEF40,10.8724659337596,-0.175362275891909,0.233410677244706,-0.751303573435332,0.452469979129967,0.999799029641296
ARHGEF5,9.81100627290279,-0.112020652985391,0.233608323447461,-0.479523380555335,0.631566339222331,0.999799029641296
ARID5B,9.35117976287779,0.0182978905150769,0.237465842180394,0.0770548317478715,0.938579925159198,0.999799029641296
ARIH1,10.3963719883367,0.0538034564611555,0.222243411800688,0.242092469806967,0.808708512908399,0.999799029641296
ARIH2,10.2283708903235,-0.364840582509058,0.263449745248779,-1.38485836137186,0.166095781246404,0.999799029641296
ARL1,11.0678090135752,-0.0172920794761002,0.220121231691373,-0.078557072133528,0.9373849334409,0.999799029641296
ARL17A,9.58903500895197,-0.0446705435051671,0.237835663014604,-0.187821048109274,0.851016935394512,0.999799029641296
ARL2BP,9.97571319292645,-0.0334842538258572,0.231054628181102,-0.144919208454946,0.884774660379455,0.999799029641296
ARL5B,9.32200913812517,0.0427783752905232,0.230837263608867,0.185318326087106,0.852979364842194,0.999799029641296
ARL6IP1,12.5208017177332,0.0990802026023824,0.200123103549048,0.495096272470604,0.620532164897119,0.999799029641296
ARL6IP4,10.5085566735626,-0.0191939715009753,0.230508937324583,-0.0832677974387954,0.933638605267516,0.999799029641296
ARL6IP5,10.6486086746104,0.0676330714970077,0.21976343728883,0.307753975508306,0.758269545078451,0.999799029641296
ARL8A,10.8992436821732,0.0140679127703737,0.220977434353079,0.0636622142507814,0.949239192345797,0.999799029641296
ARL8B,10.521304431524,-0.0217277562739855,0.226289152286926,-0.0960176661337946,0.923506541842986,0.999799029641296
ARMC1,9.85124527725861,-0.106768444142456,0.2368445646034,-0.450795416484401,0.652137005091418,0.999799029641296
ARMC10,9.57076254917053,0.0402725180011037,0.231977419209073,0.173605336840166,0.862175637523431,0.999799029641296
ARMC6,9.54387564643596,0.129626182551445,0.230964808080939,0.561237807735709,0.574635432237234,0.999799029641296
ARMT1,9.87868321614016,-0.0112202226567925,0.231276662705932,-0.0485142881495961,0.961306377553596,0.999799029641296
ARNT,10.0320719235808,0.0961832290666831,0.224801364657859,0.427858741930108,0.668753966661193,0.999799029641296
ARPC1A,11.9184817331357,-0.11965318804531,0.216651607360022,-0.552283869495949,0.580753880355421,0.999799029641296
ARPC1B,11.3468865853833,-0.116395344062925,0.22128895070858,-0.525988051776738,0.598896508641222,0.999799029641296
ARPC2,11.5577179240556,0.00538975110233715,0.216540714981853,0.0248902434019802,0.980142509462147,0.999799029641296
ARPC3,11.7668059835735,-0.0156148081062344,0.214178795853631,-0.0729054808810556,0.941881332440544,0.999799029641296
ARPC4,11.150820724896,-0.0216744581292949,0.219851846006386,-0.0985866551635198,0.921466466035689,0.999799029641296
ARPIN,9.76808213628418,0.0200383621966942,0.235774400801393,0.0849895583599584,0.932269691895556,0.999799029641296
ARPP19,11.472667095754,-0.0478049665368498,0.215999979651573,-0.221319310371989,0.824843815264744,0.999799029641296
ARRB1,9.60189801857872,0.16880191680672,0.227677402402946,0.741408304140666,0.458445910959563,0.999799029641296
ARRDC2,10.5373492474787,-0.0544980320920814,0.230473067712615,-0.236461607566386,0.813074495333719,0.999799029641296
ARRDC3,11.2903167035409,0.0816212518103188,0.211270569396642,0.386335172207929,0.699248455024256,0.999799029641296
ARSA,10.6321306673726,0.0174338408069941,0.226298086879667,0.0770392761484743,0.938592299947318,0.999799029641296
ARSD,11.344529682437,0.163581190441533,0.207394569480819,0.788743846336156,0.430261735489427,0.999799029641296
ARSE,10.7704432267225,0.133828958483607,0.215210305604497,0.621851997782817,0.534039191456891,0.999799029641296
ASAH1,11.2216530924625,0.0276085543865304,0.216871619120211,0.127303676241874,0.898700050762288,0.999799029641296
ASAP3,9.23378182461986,-0.552622973319762,0.273147674121,-2.02316558285962,0.0430560787835407,0.999799029641296
ASB1,9.76974046843589,0.0526544462508424,0.229880216729931,0.229051664383553,0.818828760968762,0.999799029641296
ASB13,10.5750099037796,0.045100602348037,0.221891416979462,0.203255281173005,0.838935506361707,0.999799029641296
ASB6,10.1457420590052,-0.0202786470750143,0.230761841701119,-0.0878769510830957,0.929974476090466,0.999799029641296
ASB8,9.68135312076553,0.0345760548340444,0.232231253749392,0.148886311707883,0.881643342497578,0.999799029641296
ASCC2,10.3557325120255,-0.304534843463623,0.244408493221685,-1.246007613931,0.21276159992226,0.999799029641296
ASGR1,13.0644796472936,0.065016955332155,0.199730384629032,0.325523607501751,0.744784818502557,0.999799029641296
ASGR2,13.0509355145005,0.215700093713328,0.194044384058077,1.11160183666418,0.266309382502841,0.999799029641296
ASH2L,9.8646575757178,0.0678204777814165,0.227949810616956,0.297523729446659,0.766066694289472,0.999799029641296
ASL,10.7851928292686,0.0386536368858701,0.222462282355834,0.173753665010245,0.862059060343029,0.999799029641296
ASMTL,10.1152259769009,0.0873492305301904,0.222922386397836,0.391836961471889,0.695178683125292,0.999799029641296
ASNA1,10.7587989420027,-0.115701102891695,0.229225995738301,-0.504746865725417,0.613736639677452,0.999799029641296
ASNSD1,9.86504397323999,0.00314143128277536,0.231155575752452,0.0135901168403551,0.989156989362846,0.999799029641296
ASPH,10.7873288342006,-0.0311597828296247,0.222712737625126,-0.139910196255022,0.888730945085704,0.999799029641296
ASPSCR1,10.6764636247804,-0.0551540049181708,0.226281476758943,-0.243740697241985,0.807431651890582,0.999799029641296
ASS1,13.1881418947835,0.197287480350934,0.193719297023613,1.018419348935,0.3084787108163,0.999799029641296
ASUN,9.34803906436329,0.000438707416782637,0.237933068668389,0.00184382700243349,0.99852883973555,0.999799029641296
ASXL1,8.3858799727936,0.178837030268496,0.279579667758308,0.639663934442821,0.522391107341122,0.999799029641296
ATF2,10.061333258075,-0.0702875245280083,0.230576809927915,-0.304833450293558,0.760493003595493,0.999799029641296
ATF3,10.3953354222506,0.143605726081514,0.21807949433067,0.658501738195374,0.510215780481869,0.999799029641296
ATF4,12.4380637186919,0.163368257262156,0.200601078721819,0.814393712651493,0.41541943933816,0.999799029641296
ATF5,13.0762669547628,0.193753833822474,0.194969771995999,0.993763452862066,0.320338042795991,0.999799029641296
ATF6,11.5007651949146,0.0320646376837953,0.211824422653871,0.151373657872256,0.879680967969521,0.999799029641296
ATF6B,9.36343995444268,-1.45278313586667,0.362675073911772,-4.0057429924729,6.18228415230055e-05,0.0658536907903054
ATF7IP,10.4817034070318,0.0639799688969648,0.221719798521738,0.288562272397573,0.772916370065654,0.999799029641296
ATG101,9.87824682243729,-0.066347488605995,0.237089442181717,-0.279841598999347,0.77959903482401,0.999799029641296
ATG12,9.54373150368299,-0.0360624704738891,0.237824475149429,-0.151634815765831,0.879474971906239,0.999799029641296
ATG13,9.97554257026875,0.146166343163048,0.227433683073347,0.642676762684752,0.520433862150591,0.999799029641296
ATG14,9.93686937580361,-0.0195565031249861,0.23118946224867,-0.0845908067555041,0.93258670801769,0.999799029641296
ATG16L1,9.16482405216498,0.019733263611331,0.238807043380595,0.0826326700083188,0.934143623188985,0.999799029641296
ATG2B,9.15184878550637,0.0762239463514823,0.23607264931703,0.322883428351408,0.746783526962155,0.999799029641296
ATG3,10.7735996240385,-0.0207551660483049,0.222292675888935,-0.0933686454819362,0.925610698959141,0.999799029641296
ATG9A,10.5357514383286,-0.00706788644777132,0.225186340531365,-0.0313868347036212,0.974961040364201,0.999799029641296
ATHL1,9.09809351378849,0.092391369160469,0.259261955385729,0.356363003677147,0.721568731890468,0.999799029641296
ATIC,10.913493682151,-0.0943293320290449,0.225201396277861,-0.418866550510452,0.67531366421752,0.999799029641296
ATL2,9.70910093915775,-0.11264629646706,0.237309946709762,-0.474680046196419,0.635015042402732,0.999799029641296
ATL3,8.33920797233074,-0.612315839774614,0.339910328488411,-1.80140404234728,0.0716392194785092,0.999799029641296
ATM,9.48954536241666,0.0987358144546587,0.230178715176263,0.428952843789445,0.667957542483185,0.999799029641296
ATMIN,10.3128935611665,0.0776037372538583,0.222085081832148,0.34943246351194,0.726764665108444,0.999799029641296
ATN1,11.4859654803087,-0.0699708755319611,0.221520230881063,-0.315866750651453,0.752103649971781,0.999799029641296
ATOX1,10.2549470733748,-0.0671544687377039,0.232423821841887,-0.288931092370504,0.772634109689221,0.999799029641296
ATP11B,10.0210321570321,0.0712102558449452,0.226096700904869,0.314954864710331,0.75279592377382,0.999799029641296
ATP13A1,10.8153972824367,0.000190556917333484,0.224306241649294,0.000849539076275115,0.999322165968775,0.999799029641296
ATP13A2,8.87422812908634,-0.220167567978258,0.266410078962622,-0.826423567890417,0.408563858756489,0.999799029641296
ATP1A1,13.6526321993664,-0.0669367338529786,0.201041636016207,-0.332949607749822,0.739172322078355,0.999799029641296
ATP1B1,12.8005272171578,0.00115953609350926,0.203222820434017,0.00570573762844583,0.9954475047397,0.999799029641296
ATP2A2,12.8412329093258,0.0164546187405829,0.20349728382574,0.0808591566002102,0.935553961870862,0.999799029641296
ATP2B2,9.2484749632492,-0.22299284445168,0.256460314439217,-0.869502343624905,0.384572426745463,0.999799029641296
ATP2B4,10.3975516350473,-0.108697444088735,0.231111843185404,-0.470323989418121,0.638123560741639,0.999799029641296
ATP2C1,10.5077645895538,-0.038037990819529,0.224521583767562,-0.169417969449691,0.865467890228919,0.999799029641296
ATP5A1,12.9806212333536,-0.0177308577909534,0.202904519361034,-0.0873852285143256,0.93036531039877,0.999799029641296
ATP5B,13.7344281103351,0.0133743868071674,0.196401912689911,0.0680970293211121,0.945708395127745,0.999799029641296
ATP5C1,11.7365910642982,0.0235315365609644,0.211281469213565,0.111375297836359,0.91131874764554,0.999799029641296
ATP5D,11.4298604144867,0.0822028998015837,0.213820616834832,0.384447959314804,0.700646460097153,0.999799029641296
ATP5E,11.8637980145209,0.0235159586028358,0.211173465306411,0.111358491791165,0.911332074031936,0.999799029641296
ATP5F1,11.2888352771511,-0.056000974052525,0.219839425029301,-0.254735810217212,0.798927155858343,0.999799029641296
ATP5G1,10.2007022458947,-0.0569419230445969,0.230659323101202,-0.246865907170002,0.805012001972513,0.999799029641296
ATP5G2,11.9066498299036,0.0236881319676732,0.211059734610551,0.112234254493794,0.910637669584458,0.999799029641296
ATP5G3,12.1563306277866,-0.00840440076427541,0.209253273280514,-0.0401637720285928,0.967962560044614,0.999799029641296
ATP5H,11.5838028275061,-0.0420580968017382,0.21592799787149,-0.194778339151596,0.84556648035615,0.999799029641296
ATP5I,9.40398852699901,0.0571072484120844,0.237421947472021,0.240530620779338,0.809918927954607,0.999799029641296
ATP5J,11.0521273466951,0.0970653041111546,0.21461340093531,0.452279790954957,0.651067432713227,0.999799029641296
ATP5J2,11.3046421088835,-0.039980749753714,0.220077480421175,-0.181666700641977,0.855844300108149,0.999799029641296
ATP5L,10.4636833476838,0.0658930763188402,0.230216034339321,0.286222792899468,0.77470748746789,0.999799029641296
ATP5O,10.7462203348082,0.00893677149541116,0.220965672395277,0.0404441622019211,0.967739022686931,0.999799029641296
ATP5SL,10.0890218830087,-0.0124505195169038,0.230817746748742,-0.0539409109233566,0.956982241891103,0.999799029641296
ATP6AP1,12.3235184404825,-0.0780192368303447,0.211669114619011,-0.368590556873512,0.712432935263659,0.999799029641296
ATP6AP2,11.1785047224763,-0.0602025303536497,0.219707934070779,-0.274011635529992,0.784075679897969,0.999799029641296
ATP6V0A1,11.06514668526,0.0386403016990935,0.224556978166642,0.172073484487393,0.863379758129185,0.999799029641296
ATP6V0B,10.7445402608678,-0.0153112564965699,0.224346834492705,-0.0682481503748063,0.945588097838295,0.999799029641296
ATP6V0C,12.534115371632,-0.0525450844171197,0.21007913297553,-0.250120436394033,0.802494212209161,0.999799029641296
ATP6V0D1,11.4013964414819,-0.0467769101430668,0.219421404904958,-0.213182985330571,0.831184238975453,0.999799029641296
ATP6V0E1,11.2757982373748,-0.0534224096634722,0.219621578431822,-0.243247544457734,0.807813637515812,0.999799029641296
ATP6V0E2,11.7191576270129,-0.0413211122788683,0.216389566617011,-0.190957045318191,0.848559246685155,0.999799029641296
ATP6V1A,10.8429966883217,-0.0330044356800989,0.220447019047152,-0.149715953623485,0.880988720879806,0.999799029641296
ATP6V1B2,9.73910417846755,0.131195414408203,0.232226153720692,0.564946765496522,0.572109973550258,0.999799029641296
ATP6V1C1,11.3476795675163,-0.0987432840658876,0.220915471601208,-0.446973149278276,0.654894446896207,0.999799029641296
ATP6V1D,9.63981106948803,-0.155879257565688,0.243898306747994,-0.639115784131906,0.522747612418911,0.999799029641296
ATP6V1E1,9.61355251988705,-0.258910684146366,0.253918502909299,-1.0196605650233,0.307889470370661,0.999799029641296
ATP6V1F,10.2708050579653,-0.0671056987656836,0.232245751506715,-0.288942632234731,0.77262527863951,0.999799029641296
ATP6V1G1,11.7935280636789,0.0015730319056709,0.212658243773885,0.00739699471676005,0.994098105940084,0.999799029641296
ATP6V1H,9.7950996634113,-0.142418321606917,0.241112736616551,-0.590671084428895,0.554740825881042,0.999799029641296
ATPAF1,10.4376611728928,0.113866630809512,0.218918297944097,0.520132998834974,0.602970880103219,0.999799029641296
ATPAF2,9.4305431165261,0.0136648204393605,0.23598950603928,0.0579043562940721,0.95382481312585,0.999799029641296
ATPIF1,12.2407417192919,0.00681287153708119,0.207966468344538,0.0327594712326138,0.973866398123032,0.999799029641296
ATRN,12.9531792091864,-0.0988114175496859,0.206709182173648,-0.478021423676663,0.632634956888046,0.999799029641296
ATRX,9.26323538516237,0.142218938644979,0.23411048000764,0.607486425384878,0.543528148594238,0.999799029641296
ATXN10,10.9837692975748,0.00913231476043171,0.218779578881602,0.0417420803491623,0.966704307910314,0.999799029641296
ATXN1L,7.40673670021892,0.29218404728243,0.472566085536588,0.618292459457099,0.536382571595422,0.999799029641296
ATXN2L,10.3402950401367,0.230966791942698,0.218627749685905,1.0564385915078,0.290767882555787,0.999799029641296
ATXN7L3B,11.6263665102918,-0.00117528513897242,0.212865431737156,-0.00552125880365417,0.995594695226483,0.999799029641296
AUP1,12.2966249445361,-0.0555969320394264,0.210254366327928,-0.264427003397938,0.791450906093255,0.999799029641296
AURKAIP1,10.8985454167481,0.0750456530150573,0.217873839936502,0.344445450802763,0.730511312798489,0.999799029641296
AVL9,9.99352106912241,0.00381245237912387,0.231442706787402,0.0164725535405439,0.986857398218947,0.999799029641296
AXIN1,8.81500424687865,-0.225676328581197,0.285353745742319,-0.790865134761498,0.429022695767183,0.999799029641296
AZGP1,14.9634586931498,0.16055619031551,0.182302776761538,0.88071171030777,0.378473876936304,0.999799029641296
AZI2,9.7125571960802,0.0237851973025635,0.231681983621218,0.102663128702534,0.918230338002997,0.999799029641296
AZIN1,10.0895107514893,0.0983084465836589,0.225212677942204,0.436513820988744,0.66246397376589,0.999799029641296
B2M,15.8606892389689,-0.005022930547916,0.186852654596744,-0.026881772478728,0.978554031718884,0.999799029641296
B3GALNT2,9.39286907640508,-0.280598190863659,0.253157575944548,-1.10839341788105,0.267691946308165,0.999799029641296
B3GALT6,9.69775233585563,-0.0405273690234389,0.237478096454956,-0.170657292728999,0.864493245567883,0.999799029641296
B4GALT1,12.7850763121153,0.0549467452736672,0.201123308552789,0.273199290868096,0.784700025058761,0.999799029641296
B4GALT3,10.3671535830783,-0.0584929134214684,0.230168583671151,-0.254130744033421,0.799394552545177,0.999799029641296
B4GALT5,10.9968984436334,0.120440398911369,0.21482273997867,0.560650138450555,0.575036064484124,0.999799029641296
B4GAT1,9.80859614717479,-0.0442377308538187,0.235357581796868,-0.187959659153871,0.850908274820417,0.999799029641296
BAAT,14.4037944459327,0.0792690294138766,0.189566473355787,0.418159540611914,0.6758304749462,0.999799029641296
BABAM1,10.7719331300579,-0.0327610118270523,0.224076520287141,-0.146204572371398,0.88375989611909,0.999799029641296
BACE1,9.80766068600978,0.0445407105130534,0.228237865902326,0.195150398628922,0.845275208566591,0.999799029641296
BAD,10.1023420764744,-0.011290696355148,0.2311167036287,-0.0488527924545302,0.961036610071919,0.999799029641296
BAG1,10.6736883133901,0.0403772982171657,0.221309974447209,0.182446807099502,0.855232095418746,0.999799029641296
BAG3,10.6887906898934,-0.070412367928148,0.227834258918949,-0.30905083485797,0.757282857652938,0.999799029641296
BAG4,9.51573263049379,0.0689739192700373,0.230354931876825,0.299424538941146,0.764616141161877,0.999799029641296
BAG5,9.90810817542607,-0.0026271482128201,0.231096808245736,-0.0113681717751226,0.990929706623554,0.999799029641296
BAG6,9.80854135286221,-0.121079552082635,0.241243249647246,-0.501898197191763,0.61573913349682,0.999799029641296
BAHD1,9.41881805880693,-0.0487697434749462,0.240047068317208,-0.20316741969329,0.839004177067506,0.999799029641296
BAIAP2,9.90655745003651,0.0367443397316822,0.231957817159521,0.15840957714485,0.874134067593639,0.999799029641296
BAIAP2-AS1,10.0067669260775,-0.145283424681342,0.239043725165524,-0.60776924631986,0.5433405289376,0.999799029641296
BAIAP2L1,10.2417654097427,-0.0830945865061742,0.230407432014762,-0.360641954035799,0.71836712222097,0.999799029641296
BAMBI,9.11119960164848,0.121238689630897,0.242601481118723,0.499744226918242,0.617255186633748,0.999799029641296
BANF1,11.2775708671023,-0.0203646275137275,0.2197529047315,-0.0926705726079463,0.92616527603884,0.999799029641296
BAP1,10.6605989478348,-0.0683999338625114,0.228087852571003,-0.299884159070764,0.764265517795166,0.999799029641296
BAZ1A,9.12888702531605,0.0696080909454273,0.234396170598799,0.296967696902229,0.76649117134525,0.999799029641296
BAZ1B,10.4103975032507,0.077775692900767,0.224283893630655,0.346773420247671,0.728761547065172,0.999799029641296
BBS1,9.17918137185122,0.0685694396680847,0.238068647700068,0.288023813007383,0.773328510552189,0.999799029641296
BCAM,13.1223745059433,-0.128082216036057,0.208233988847076,-0.615087943832832,0.538496643557276,0.999799029641296
BCAP29,10.0894006134968,-0.05455766887414,0.230655162940336,-0.236533482184626,0.813018729226327,0.999799029641296
BCAP31,12.3936040010018,-0.0635747588902731,0.21004814721252,-0.302667553767804,0.762143226977163,0.999799029641296
BCAR1,11.611428665098,-0.0101523977394593,0.216124178027695,-0.0469748356343471,0.962533283636657,0.999799029641296
BCAR3,9.79488399423155,-0.0972357558633562,0.239326027791728,-0.406289933278694,0.684529581149946,0.999799029641296
BCAS2,9.43149468151825,0.0405009631093802,0.233913192253788,0.17314527119718,0.862537241028693,0.999799029641296
BCCIP,10.8435880927691,0.0163887866106094,0.220605840826606,0.0742899034277648,0.940779710729705,0.999799029641296
BCHE,9.14000502273518,0.444493914885957,0.218857855599145,2.03097080371692,0.0422579564079796,0.999799029641296
BCKDHA,11.9876973859651,0.0512147644402981,0.20707635150033,0.247323096380788,0.804658185575543,0.999799029641296
BCKDHB,10.3256609145024,0.134973771647048,0.216208742599791,0.624275272239515,0.532446820524706,0.999799029641296
BCKDK,10.2691734121513,-0.129234086777503,0.23986010689507,-0.538789415423876,0.590032167876493,0.999799029641296
BCL2L1,11.9176881754972,-0.0584578955973048,0.213804548294494,-0.273417455632352,0.784532336156796,0.999799029641296
BCL2L11,9.64670108762937,0.0107756063088789,0.23362606237047,0.0461233057628287,0.963211970460537,0.999799029641296
BCL2L13,10.9694806734818,0.108854603200368,0.214602875037384,0.507237394566149,0.611988259911658,0.999799029641296
BCL2L2,10.4949225052066,-0.0650206752522506,0.22809095028881,-0.285064686564377,0.775594584086183,0.999799029641296
BCL3,9.82235251767673,0.113395393958423,0.231108630739612,0.490658412866393,0.62366806478266,0.999799029641296
BCL6,11.7809928455921,0.0132185967091575,0.211719149284397,0.0624345825771352,0.950216755754728,0.999799029641296
BCL7A,9.57207577383494,-0.157133289421991,0.243785026902271,-0.644556769620567,0.519214457490203,0.999799029641296
BCL7B,10.9266701766936,0.00484867546973289,0.220576026148966,0.0219818787852236,0.982462410680484,0.999799029641296
BCLAF1,9.72704799817903,0.130312408693822,0.231723383669008,0.562361927529763,0.573869453302665,0.999799029641296
BCOR,9.86582392668669,-0.12858690978556,0.241417798904949,-0.532632268079732,0.594288160610886,0.999799029641296
BCR,10.9683380241573,0.0667325287502944,0.222520203182718,0.299894246885521,0.764257822800177,0.999799029641296
BDH1,10.811827276491,0.196622096881156,0.213926797172867,0.919109244281689,0.358038434484355,0.999799029641296
BDH2,9.47435987271456,0.215270260648061,0.223364136481315,0.963763762792192,0.335164378240463,0.999799029641296
BDP1,9.51801912501655,0.0165095324589753,0.233829190059371,0.0706050962019902,0.9437120543553,0.999799029641296
BECN1,11.0522915064234,-0.0336482609882864,0.220027521169145,-0.152927510201869,0.878455441073882,0.999799029641296
BET1L,11.3188094851587,-0.0101021651972645,0.218173534541472,-0.0463033484721046,0.963068470478976,0.999799029641296
BFAR,10.0470650690169,-0.00754063970793752,0.230982957837611,-0.0326458704076292,0.973956990011966,0.999799029641296
BGN,11.1087940919112,0.279197058267354,0.210033429211503,1.32929819465169,0.183749609657176,0.999799029641296
BHLHE40,13.1485683463563,0.149127591133825,0.194313093133373,0.767460332852952,0.442807868951715,0.999799029641296
BHMT,13.7455915690302,0.150246858996526,0.188608462604469,0.796607198435256,0.425679195445409,0.999799029641296
BHMT2,13.8012548625147,0.0707107112405692,0.193724873820937,0.365005844865995,0.715107043251055,0.999799029641296
BICD2,10.4111751195764,0.0194815705036416,0.223106291882504,0.0873196821983905,0.93041740964223,0.999799029641296
BID,10.0760071219936,-0.0285513158724773,0.230975435003858,-0.12361191514587,0.901622557924728,0.999799029641296
BIN1,10.6604772993558,0.0159805694451779,0.223007606824792,0.0716593019974119,0.942873045158294,0.999799029641296
BIRC2,9.93610867865914,0.0899308232850091,0.226546140899493,0.396964710711656,0.691393483863355,0.999799029641296
BIRC3,10.3575685852752,-0.112771024926828,0.235200782759369,-0.479467047701973,0.631606405247522,0.999799029641296
BIRC6,9.82379342028421,0.0668898362881474,0.230019482629746,0.290800742282416,0.771203717607964,0.999799029641296
BLCAP,11.596088910793,-0.0318512376734053,0.216179428112411,-0.147337042897731,0.882865995511511,0.999799029641296
BLNK,10.0758086187498,0.102056585168099,0.224658852928123,0.454273596779872,0.649631917350874,0.999799029641296
BLOC1S6,10.1595483773723,0.0591967782405277,0.223735362504247,0.264583915470242,0.791330012268768,0.999799029641296
BLVRB,11.4843697788838,0.0364338392381137,0.213577888327626,0.170588067535459,0.864547681119487,0.999799029641296
BMI1,10.7874226436141,-0.0197401694597793,0.220664180460199,-0.089457969202844,0.928717955325525,0.999799029641296
BMP1,10.0172558981916,0.0929045540116461,0.226580341662326,0.410029190220316,0.681784534797714,0.999799029641296
BMPR2,9.99220041407787,-0.0441309732203454,0.231257332717539,-0.190830589896354,0.848658321797343,0.999799029641296
BMS1,6.77937358951044,0.821153846521859,0.700671200525821,1.17195318703783,0.241215851402685,0.999799029641296
BNIP3,12.0285607053466,0.0914113927827331,0.205896892857616,0.443966839489641,0.657066558818496,0.999799029641296
BNIP3L,10.2995472905843,0.074932646808295,0.222097588316986,0.337386134519158,0.7358258356114,0.999799029641296
BOP1,9.9213667543149,-0.125507961433948,0.238993316802449,-0.5251525988808,0.599477113552792,0.999799029641296
BPHL,9.55499180578988,0.0936504426022281,0.231039993380005,0.405342993791537,0.685225407621477,0.999799029641296
BPNT1,9.59913484873617,-0.0030208867094857,0.233912138523843,-0.0129146213982297,0.989695909410693,0.999799029641296
BRAP,9.89375883207745,-0.00564846937233857,0.231115723955104,-0.0244400046681196,0.98050163873548,0.999799029641296
BRAT1,9.83378362070838,-0.0779275104671074,0.236676149052318,-0.329257978799888,0.741960702940703,0.999799029641296
BRD1,9.51794902007404,0.0444434817745227,0.234015915411469,0.189916492202584,0.849374568756805,0.999799029641296
BRE,9.87900603817674,-0.0889386998233402,0.23681318377569,-0.375564816136178,0.707240451644641,0.999799029641296
BRF1,9.97735859959551,-0.0570572498006575,0.234938245709566,-0.242860627601657,0.808113367142791,0.999799029641296
BRI3,10.5906480507991,0.0676681113191757,0.220237018397,0.307251305033548,0.758652097057351,0.999799029641296
BRK1,10.8721732086987,0.0224438406634155,0.220613352815666,0.101733826973604,0.91896795139063,0.999799029641296
BRMS1,9.55753667737092,-0.0845138414574607,0.244147134814526,-0.346159464544461,0.729222876278405,0.999799029641296
BRPF3,10.1706961497968,0.227087764340999,0.228290751968601,0.994730458342142,0.3198673765173,0.999799029641296
BRWD1,10.5922889951058,0.0300474319776422,0.221404372415642,0.135712911401922,0.892048240337688,0.999799029641296
BSCL2,9.21973644366308,-0.0117589714060416,0.2430660815613,-0.0483776729789262,0.961415252848096,0.999799029641296
BSDC1,11.5975619018145,0.108534228632907,0.207909636566652,0.522025964862445,0.60165225243427,0.999799029641296
BSG,13.2753669935082,-0.119639827657662,0.207965461474347,-0.575287005878232,0.565097208091249,0.999799029641296
BST2,12.2392018947013,0.0839931125579505,0.207827336423575,0.404148530233594,0.686103499725143,0.999799029641296
BTBD1,10.1994968512718,-0.00921266804490805,0.227004656365319,-0.0405836082502294,0.967627852111755,0.999799029641296
BTD,9.62620405458954,0.115828179130266,0.228863183184888,0.506102281364731,0.612784849106829,0.999799029641296
BTF3,12.7996810708287,0.0272232295576805,0.203155270535728,0.134002083656958,0.893400926776888,0.999799029641296
BTG1,11.836892417707,0.0829018709907522,0.207457406775978,0.399609116295728,0.68944444087363,0.999799029641296
BTG2,10.300015631136,-0.0071001688734481,0.22923762934327,-0.0309729641411359,0.975291100814728,0.999799029641296
BTN3A1,10.5211130715371,-0.0812647685340528,0.228528339294549,-0.355600398554121,0.722139845128721,0.999799029641296
BTN3A2,10.2146481800909,0.0470592314588624,0.226354664548893,0.207900427201921,0.835306715601488,0.999799029641296
BUB3,10.3126730996873,-0.0646207405396379,0.23005242303295,-0.280895717974605,0.77879038504697,0.999799029641296
BUD13,9.48855605908787,-0.0570977570628012,0.239698174701896,-0.238206891369997,0.811720632404773,0.999799029641296
BUD31,10.0040161383751,-0.151993459213414,0.238610101844474,-0.636995072876182,0.524128052988759,0.999799029641296
BZW1,11.2910553039224,0.00741866703490422,0.21506588548863,0.0344948573226712,0.972482543171549,0.999799029641296
C10orf10,12.7287060266675,0.0723760902648853,0.201401825878945,0.359361639096499,0.719324568212852,0.999799029641296
C10orf54,9.95017037740137,-0.0253319860762885,0.23525871442887,-0.107677142323022,0.914251801857705,0.999799029641296
C10orf76,9.64106274128886,-0.0243898750137115,0.235372277112429,-0.103622547705826,0.917468893506035,0.999799029641296
C11orf24,10.5194829635908,0.102652412381249,0.222277559344137,0.461820854449455,0.644209794459231,0.999799029641296
C11orf57,9.75430734604787,0.0123563003389788,0.231409639096897,0.0533957893335849,0.957416560053842,0.999799029641296
C11orf58,11.8354367304204,-0.0118512443269264,0.212469931989504,-0.0557784539956074,0.955518299437352,0.999799029641296
C11orf71,9.3898597104675,0.0916520869697871,0.232701875884367,0.393860542041055,0.693684003429672,0.999799029641296
C12orf10,9.73987199983621,0.0188222742680677,0.233473072560542,0.0806186086542673,0.935745266809151,0.999799029641296
C14orf1,11.2195432659928,0.0630322301905621,0.214028099018151,0.294504462169785,0.768372454212544,0.999799029641296
C14orf119,9.43274992554534,-0.0312478681887006,0.239869047243029,-0.130270531141274,0.896352394106431,0.999799029641296
C14orf166,10.9137904785898,0.00805473033575258,0.220417531771977,0.0365430565844701,0.970849347430261,0.999799029641296
C14orf2,9.96275579320355,0.0146415258858142,0.231302540568404,0.0633003245439246,0.949527357334732,0.999799029641296
C15orf39,9.22303422307242,-0.166936478670307,0.254794368651768,-0.65518119397082,0.512351100918682,0.999799029641296
C16orf45,9.51483642579872,0.16090593754711,0.227939026249976,0.705916578632074,0.480240016996131,0.999799029641296
C16orf58,12.0013583592997,0.0336445213369557,0.208529519984096,0.161341767532586,0.871824228422303,0.999799029641296
C16orf62,9.5856274692486,0.0861737184993076,0.228996019736794,0.376310988279862,0.706685711218625,0.999799029641296
C17orf62,10.927229458039,-0.103025746824292,0.227216562959416,-0.453425337846932,0.650242494642099,0.999799029641296
C17orf89,9.66970911687978,-0.0276474827218301,0.235560139117417,-0.117369105084664,0.906567565400664,0.999799029641296
C18orf32,10.4657299744101,-0.0418820471331419,0.228311487776226,-0.18344257462065,0.854450772880806,0.999799029641296
C18orf8,9.6415888952509,-0.00397845789234421,0.233579193990326,-0.0170325867830034,0.986410619045465,0.999799029641296
C19orf12,9.31599600898515,-0.0955697131165419,0.242653672280066,-0.393852325491441,0.693690070025133,0.999799029641296
C19orf43,12.4779550292171,0.040386048297453,0.20631309576925,0.195751259254152,0.844804861377363,0.999799029641296
C19orf48,9.90805578185106,-0.0647405405099664,0.235006339466492,-0.275484230157107,0.782944239795953,0.999799029641296
C19orf53,9.79398548199834,-0.023078414448445,0.235427829419778,-0.098027554793852,0.921910413175217,0.999799029641296
C19orf60,9.48744490671527,0.077409197808267,0.23440366185422,0.330238858881007,0.741219487139652,0.999799029641296
C19orf66,10.9959254644174,-0.0214144707334302,0.222607900927903,-0.0961981611801184,0.923363191209183,0.999799029641296
C1GALT1,9.46074677908782,0.0174855092280142,0.233883860554783,0.0747615042206752,0.94040447124506,0.999799029641296
C1orf115,12.7432033047192,-0.000235812616879876,0.203277010853791,-0.00116005551188219,0.999074409824994,0.999799029641296
C1orf174,9.51563330857383,0.00966610335688197,0.23596986153047,0.0409632963048284,0.967325156593266,0.999799029641296
C1orf198,10.7445281824712,-0.144229597394467,0.229388900141262,-0.628755782453501,0.529508952333757,0.999799029641296
C1orf35,9.74080341975761,-0.114419944928673,0.241419941473425,-0.473945707344429,0.635538623981065,0.999799029641296
C1orf43,12.5326512978943,-0.0442083566414117,0.207160829760564,-0.213401137138269,0.831014093624084,0.999799029641296
C1QA,11.1384740158882,0.089397111191606,0.217599198277673,0.410833826131697,0.681194387888495,0.999799029641296
C1QB,11.7399789925759,0.118042385886721,0.210865228407104,0.55980014712916,0.575615763285513,0.999799029641296
C1QBP,11.5837555035164,0.0651205689302612,0.211810036010719,0.307447985736454,0.758502408274161,0.999799029641296
C1QC,11.9491899181219,0.0758353358133694,0.210121129292836,0.360912470195614,0.718164881154678,0.999799029641296
C1R,15.7613695219229,0.101893617774641,0.182184476381564,0.55928814462346,0.575965085006158,0.999799029641296
C1RL,12.5914576802873,0.164722852137101,0.198372235634276,0.830372514633492,0.406328200554734,0.999799029641296
C1S,16.2512860423266,0.0707257195696372,0.181019450048613,0.390707846867526,0.696013198046913,0.999799029641296
C2,13.2741242879242,-0.00248407822884229,0.200379408876089,-0.0123968737245771,0.990108979199684,0.999799029641296
C20orf24,10.7577887357473,-0.0372765667188042,0.224286493940502,-0.166200675144946,0.867999028148428,0.999799029641296
C21orf33,11.4426455154171,0.074310991386549,0.212412169899836,0.349843379602923,0.726456241454226,0.999799029641296
C21orf59,9.85240661987676,-0.00470918886946241,0.233418977581789,-0.0201748329045453,0.983903904231991,0.999799029641296
C2CD2L,9.67006918915844,0.0817021522097871,0.23226458921481,0.35176327345459,0.725015803899845,0.999799029641296
C2orf68,9.83901922208974,-0.0306811989479706,0.233191903452038,-0.131570601267814,0.895323940123367,0.999799029641296
C2orf72,10.1855708841086,0.111248088257071,0.22691456378346,0.490264205180028,0.623946952816197,0.999799029641296
C3,17.2705829071234,0.105843343878521,0.175461142412918,0.603229538021799,0.546356000142933,0.999799029641296
C3orf58,9.64189191841766,0.0860741108959591,0.229317899101811,0.375348419085876,0.707401360763414,0.999799029641296
C4BPA,14.5451527484634,0.0779090007936992,0.188577828108087,0.413139771389477,0.67950421202501,0.999799029641296
C4BPB,11.3740460085442,0.0884796926202919,0.21112841109762,0.419079990988903,0.675157673367887,0.999799029641296
C4orf3,10.8701112135144,0.0598480653057674,0.217906471024244,0.274650243402404,0.783584961464876,0.999799029641296
C5,12.7019181685406,0.0191969370068177,0.199765690352016,0.0960972676188287,0.923443321389651,0.999799029641296
C5orf15,11.2490187703077,0.0170951623318752,0.215155063701794,0.079455077829677,0.936670661295704,0.999799029641296
C5orf24,10.270661288485,-0.0386996899596596,0.226986957557913,-0.170493011475277,0.864622429940064,0.999799029641296
C5orf51,6.07045385833381,-2.43656840424101,0.88917666080525,-2.74025231615326,0.006139203451705,0.999799029641296
C6,11.8485978198159,0.113582127932669,0.205709734634038,0.552147559446973,0.580847259647836,0.999799029641296
C6orf106,12.9796147823579,-0.0635365999363807,0.204099745712424,-0.311301710419099,0.755571267118487,0.999799029641296
C6orf120,9.76604989623342,0.0967978127149648,0.228629990358562,0.423381956860324,0.672016607018492,0.999799029641296
C6orf47,9.65556250634334,-0.110494509714944,0.241641624373209,-0.457266044298263,0.647479832850134,0.999799029641296
C6orf62,11.3045491064707,-0.0304174854503803,0.218071933281225,-0.139483724442219,0.889067916227742,0.999799029641296
C6orf89,11.9055389534031,-0.0801816326645074,0.213603480359666,-0.375376059086198,0.707380807407085,0.999799029641296
C7,9.5319476877558,0.517736407815566,0.215216708831715,2.40565154362806,0.0161436547899965,0.999799029641296
C7orf50,9.6133753392781,-0.165195721423349,0.243950781191788,-0.677168241135806,0.498299215486728,0.999799029641296
C7orf73,10.1308474129966,-0.0272766838974396,0.230734887314079,-0.118216556737301,0.905896071567041,0.999799029641296
C8A,11.748446134772,0.163862342539836,0.205936781545446,0.795692451392783,0.426210815437473,0.999799029641296
C8B,12.5445563146599,0.102380857707554,0.202009709032268,0.506811569592432,0.612287037705008,0.999799029641296
C8G,10.3387263757414,0.091442539860349,0.222852625087881,0.410327407291204,0.681565789687207,0.999799029641296
C8orf33,10.2974501585878,-0.0354499430189314,0.230684797587732,-0.153672645053471,0.877867854627057,0.999799029641296
C8orf4,10.9591935724574,0.377779159612576,0.202636321477583,1.86432104993758,0.0622766324773418,0.999799029641296
C9,12.1127058660321,0.294146585682696,0.196867042101825,1.49413829019972,0.135139477779257,0.999799029641296
C9orf114,10.1029030405506,0.0709812009599654,0.227950905523145,0.311388107000778,0.755505594049531,0.999799029641296
C9orf64,9.99048068766516,-0.0230524770159841,0.23089067455864,-0.0998415248257649,0.920470140690591,0.999799029641296
C9orf69,10.2975399570529,-0.0448262682452135,0.232353659340694,-0.192922583497968,0.847019598195661,0.999799029641296
C9orf78,11.3190393467452,0.0528693125347429,0.213717018643282,0.247379983448991,0.804614163760916,0.999799029641296
CA2,10.4232495835575,0.27476223862135,0.211836335641125,1.29704961988593,0.194614114389321,0.999799029641296
CAAP1,9.6550886695633,0.0328648485620962,0.231881679899554,0.141731112937997,0.887292398440432,0.999799029641296
CAB39,11.1095867105888,-0.0116362980237295,0.218451828533293,-0.0532671120304037,0.957519083782351,0.999799029641296
CACFD1,9.21923631773031,-0.415293727564916,0.268485259494059,-1.54680271217685,0.121910826025502,0.999799029641296
CACUL1,9.76936826097441,0.029490191863074,0.233244320166167,0.126434769524354,0.899387780880836,0.999799029641296
CACYBP,10.6058659405435,-0.120798970921188,0.231452345643371,-0.521917246443977,0.601727949749306,0.999799029641296
CADM1,11.9175508871121,-0.0732857197400324,0.212540720976652,-0.344807900355635,0.73023879329884,0.999799029641296
CALCOCO1,11.1374347439498,-0.0107358707637979,0.218534870341853,-0.0491265798771788,0.960818421297651,0.999799029641296
CALCOCO2,11.4852852484204,0.0472825669073866,0.212172170310124,0.222849994126352,0.823652256552781,0.999799029641296
CALD1,12.8274666487238,0.0336579247804139,0.200837801382321,0.167587598294515,0.86690772833504,0.999799029641296
CALM1,12.6335206676979,0.127451940688153,0.198929123982411,0.640690202302514,0.521723981066345,0.999799029641296
CALM2,12.4656322793337,0.0289335198186008,0.2048600611296,0.141235532485254,0.887683876542089,0.999799029641296
CALM3,13.3450769908008,-0.0536419287974237,0.202609319659356,-0.264755485520661,0.791197830863494,0.999799029641296
CALR,15.469064628073,-0.0642011413748963,0.191713247056,-0.33488109121715,0.737714786393538,0.999799029641296
CALU,11.9484577053386,-0.0794213354347573,0.215374578836921,-0.368759098049794,0.71230729432173,0.999799029641296
CAMK2D,9.43384561215896,0.10904307426138,0.229084633016265,0.475994713506767,0.634078144142571,0.999799029641296
CAMK2N1,10.9550680975831,-0.0296664596201732,0.222257051151075,-0.133478148236602,0.89381524480383,0.999799029641296
CAMKK2,10.0447510032667,-0.0601016561729802,0.229409372446058,-0.261984310109702,0.793333538557413,0.999799029641296
CAMSAP1,8.60644834316649,-0.161383233032858,0.283380568920428,-0.569492938939554,0.56902166125021,0.999799029641296
CAMSAP3,11.0958949454051,-0.0361716642484509,0.221838402905654,-0.163054114051815,0.870475827881122,0.999799029641296
CAND1,10.4672892629904,0.0330602657788264,0.221385145127779,0.149333713243248,0.881290314198143,0.999799029641296
CANT1,10.4105109317295,-0.107367402882823,0.231882948492435,-0.46302414032969,0.643347063713805,0.999799029641296
CANX,14.6439843199389,-0.060755533119285,0.193625859967546,-0.313777989827745,0.753689662312163,0.999799029641296
CAP1,11.4306832910211,0.024966848192192,0.213381152792437,0.117005873599709,0.90685539899587,0.999799029641296
CAP2,9.9883231165906,-0.464973777298581,0.258036721593161,-1.8019674658233,0.0715505243983339,0.999799029641296
CAPN1,11.2759322940397,-0.0473067387942418,0.221770158828171,-0.213314266645295,0.831081846459881,0.999799029641296
CAPN5,12.1988812889814,0.0606246590006128,0.204523214979686,0.296419450509001,0.766909773059906,0.999799029641296
CAPNS1,10.8301113596215,-0.100057574932722,0.23075969760398,-0.433600736920864,0.664578399552245,0.999799029641296
CAPRIN1,12.0316761402096,-0.0555833705277474,0.212033196128906,-0.262144661979983,0.793209915096683,0.999799029641296
CAPZA1,11.3754989758412,-0.0277214316271037,0.216183115199121,-0.128231252480427,0.897965968322115,0.999799029641296
CAPZA2,10.8427937986933,-0.0364509952030906,0.222044073451825,-0.164161081340453,0.869604337997082,0.999799029641296
CAPZB,11.8781637524561,-0.00824585892647299,0.21249496235679,-0.038804961938946,0.969045888760724,0.999799029641296
CARD10,10.3686210701982,0.0324699861193255,0.233022255222148,0.1393428541337,0.889179227472394,0.999799029641296
CARHSP1,10.2832601938566,0.0481486609443835,0.224721456619105,0.214259295346211,0.830344858528775,0.999799029641296
CARKD,9.37499813937549,-0.00671458178917123,0.238438930664565,-0.0281605934503089,0.977534066620948,0.999799029641296
CARM1,9.64330976432726,-0.101952473267009,0.241626284389085,-0.421942809428949,0.673066761951065,0.999799029641296
CARS,10.354764550181,0.0271192819872164,0.225302048757142,0.120368554732713,0.904191199948238,0.999799029641296
CASC3,10.3521059549718,-0.197333958112995,0.238183711767407,-0.82849476418311,0.407390358899095,0.999799029641296
CASC4,11.4586974500957,-0.033594022936783,0.214569103113867,-0.156565052699854,0.875587646712401,0.999799029641296
CASKIN2,10.3968628514908,-0.0503456369789353,0.228417618470843,-0.220410480224675,0.825551484061967,0.999799029641296
CAST,11.7651815725035,0.094342051695452,0.206164252447869,0.457606256056964,0.64723534809122,0.999799029641296
CAT,13.7754738195354,0.167250734485203,0.188721778126448,0.886229115397276,0.37549407736277,0.999799029641296
CAV1,9.93596232647586,0.00927924657829872,0.231417702976166,0.0400973929779884,0.96801548023406,0.999799029641296
CAV2,10.5220433477732,0.0383467768313774,0.22255281381568,0.172304165352573,0.863198409851446,0.999799029641296
CBLL1,10.0050967464179,-0.0382009014075409,0.230849715978188,-0.165479525264611,0.868566564129977,0.999799029641296
CBR1,13.6358301116434,-0.00359648485306092,0.199188728402684,-0.0180556645042193,0.985594446779881,0.999799029641296
CBR4,9.47473956876993,0.225277187411426,0.224580186968467,1.00310357049911,0.315810892152922,0.999799029641296
CBS,11.5267638955043,0.130647333705274,0.215248913336177,0.60695931830898,0.543877910460208,0.999799029641296
CBX1,10.4949576235449,-0.148503823424124,0.233499213617671,-0.635992820375327,0.524781101618106,0.999799029641296
CBX3,10.8999220102254,0.000375720388992512,0.220467900136582,0.00170419543507127,0.998640249431949,0.999799029641296
CBX4,11.3600551620658,-0.198676391419003,0.228043440460312,-0.871221689244685,0.383633119489847,0.999799029641296
CBX5,10.4124918611224,-0.0263677585371557,0.226723305970489,-0.116299285705492,0.9074153516965,0.999799029641296
CBX7,10.244097844602,0.0494967513656096,0.227638991279324,0.21743529562945,0.827869127167864,0.999799029641296
CC2D1A,10.5068467126126,-0.134682723525047,0.233970994335908,-0.575638548305205,0.564859519744864,0.999799029641296
CC2D1B,9.75359818461251,-0.046991367610522,0.235577781600137,-0.199472833521643,0.841892892037705,0.999799029641296
CCAR1,9.1964646174267,0.0556390895728996,0.238036431124025,0.233741907951518,0.815185350962245,0.999799029641296
CCAR2,10.1159835409582,-0.0489803248075294,0.238092700885932,-0.20571955639663,0.837009981492273,0.999799029641296
CCDC107,9.76656739491404,-0.113683298018575,0.241685504092218,-0.470376982043566,0.638085706364451,0.999799029641296
CCDC117,11.0254184166458,-0.0291097856893034,0.220187027403234,-0.13220481711665,0.89482229105961,0.999799029641296
CCDC124,10.9546411765745,-0.104909876228674,0.227124003942891,-0.461905718494877,0.644148932988513,0.999799029641296
CCDC137,10.0469498732,-0.207755523541462,0.242768816491017,-0.85577516315465,0.392122155774026,0.999799029641296
CCDC152,11.5013253043889,-0.201096919625832,0.231005256027731,-0.870529628129722,0.384011035019539,0.999799029641296
CCDC174,9.47448362785728,-0.0154236508161009,0.237725151507993,-0.0648801808233668,0.948269400752865,0.999799029641296
CCDC25,10.3543328698518,0.0899190148368581,0.220516735905562,0.407765036370604,0.683446184919155,0.999799029641296
CCDC47,12.4221678495796,-0.0640534295241425,0.208709011818913,-0.306903036749169,0.758917177559943,0.999799029641296
CCDC50,11.3891797766102,-0.0204520661081219,0.216272502408384,-0.094566187935915,0.92465940755786,0.999799029641296
CCDC6,9.81018374841314,0.048998070139868,0.229735447047071,0.213280409138729,0.831108253258611,0.999799029641296
CCDC69,10.2703431622408,0.0417342400216761,0.224027549803079,0.186290659601288,0.852216831815122,0.999799029641296
CCDC71,9.55807005571993,-0.0523480802811312,0.23958710097824,-0.218492899105974,0.827045090370945,0.999799029641296
CCDC71L,9.93512697630779,0.188054638384841,0.220943584286265,0.851143240897135,0.394689787729759,0.999799029641296
CCDC85C,10.0026054658827,-0.156123013758619,0.239260927577683,-0.652521978156795,0.514064499380742,0.999799029641296
CCDC86,10.2142541770075,-0.062373868149355,0.232284579987957,-0.268523498858981,0.788296389356013,0.999799029641296
CCDC90B,9.68349478700946,0.0941668762036315,0.228347192470046,0.412384646314336,0.680057514988039,0.999799029641296
CCDC92,10.4525146669829,0.0667089415621116,0.221789609922974,0.300775773875427,0.763585483127445,0.999799029641296
CCDC93,8.05231436239951,-2.70929572746,0.607377988611729,-4.46064193674943,8.17145183073448e-06,0.0145070508168306
CCDC94,9.76766206252159,0.0147847271363712,0.233458301338699,0.063329198626018,0.94950436528144,0.999799029641296
CCHCR1,9.47518446269391,-0.253137170741782,0.250875979781073,-1.00901318238072,0.312968312141714,0.999799029641296
CCL15-CCL14,10.2836921460524,0.0565809313140949,0.225691842844098,0.250699939355715,0.802046107569119,0.999799029641296
CCL16,10.9371368997157,-0.0109891074385156,0.219181583886873,-0.0501370016752295,0.960013213730093,0.999799029641296
CCM2,11.2768907674206,-0.00942919277956779,0.218350070136488,-0.0431838321539064,0.965554993137728,0.999799029641296
CCNC,10.3687054287563,0.0475803411770828,0.221835273686301,0.214485011271772,0.830168854272636,0.999799029641296
CCND1,12.6876529534788,0.0269756975330828,0.2029230233882,0.132935618061816,0.894244297739309,0.999799029641296
CCND3,10.1173580572673,-0.0670763068437093,0.234603879485864,-0.285913033453272,0.774944731014056,0.999799029641296
CCNG1,10.7741044186573,0.0422361328902379,0.217735848009039,0.193978774172659,0.846192501980077,0.999799029641296
CCNK,10.7877380665306,-0.084606195307109,0.227523339380814,-0.371857214900932,0.709999161959262,0.999799029641296
CCNY,11.0671562617579,-0.0311499129755032,0.220337747188907,-0.141373474917109,0.887574907742076,0.999799029641296
CCPG1,11.3596745956339,0.0423023253969372,0.212159122172568,0.199389613624668,0.84195798449676,0.999799029641296
CCS,10.1020993879206,0.159005845607516,0.22130452028278,0.718493437930417,0.47245309254556,0.999799029641296
CCSER2,9.54429046689482,0.0183929568689335,0.232293721189638,0.079179741814537,0.936889657685228,0.999799029641296
CCT2,10.8289670399119,-0.0925170423183764,0.22527442505257,-0.41068595468299,0.681302827138601,0.999799029641296
CCT3,13.2327666264187,-0.145815359324079,0.207620525116637,-0.70231668686014,0.482481689051046,0.999799029641296
CCT4,11.2755030203036,-0.0525863926769192,0.219496312146686,-0.239577568126869,0.810657756421519,0.999799029641296
CCT5,12.2410464175625,-0.039850950458266,0.210341328723852,-0.189458489684567,0.84973348628972,0.999799029641296
CCT6A,11.4021210517801,-0.122064322546296,0.220632118665793,-0.553248200146217,0.580093465827927,0.999799029641296
CCT7,12.6449835123915,-0.0881232761152564,0.209683945110306,-0.42026716002934,0.674290297475324,0.999799029641296
CCT8,11.9335773506585,0.00318423757647809,0.210895957470682,0.015098618364559,0.987953503222388,0.999799029641296
CCZ1B,8.12868658900417,-0.28639135647329,0.401906347562536,-0.71258231727412,0.476104256993424,0.999799029641296
CD14,12.1421183697915,0.227954610433479,0.199451558885468,1.1429071384916,0.253077148397256,0.999799029641296
CD151,11.7102065202038,-0.0514327319276617,0.217404752705132,-0.23657593170201,0.812985793923187,0.999799029641296
CD163,10.3139369014469,0.19772182888793,0.218558556376311,0.904662952419468,0.36564397363428,0.999799029641296
CD164,12.2981345548124,0.0461468947691124,0.202625674622691,0.227744558309516,0.819844830030504,0.999799029641296
CD24,10.5101991568292,-0.0567162161475156,0.238748147508171,-0.237556675264148,0.812224956716859,0.999799029641296
CD276,10.9697717583741,0.0814538916219444,0.215903521271663,0.377269861752065,0.705973067051678,0.999799029641296
CD2AP,10.2162676060009,-0.00496906055881417,0.225166881027657,-0.0220683456471728,0.982393436838161,0.999799029641296
CD302,12.3809530725347,0.124993042106456,0.199511934397371,0.626494061540725,0.530990930784581,0.999799029641296
CD34,10.1734645208921,-0.329986524348586,0.249834872328988,-1.32081851213329,0.186561885606727,0.999799029641296
CD36,10.5919493184358,-0.0558165694412612,0.226598491539511,-0.246323658476467,0.805431697235141,0.999799029641296
CD4,9.81048297055539,0.25157675743341,0.225728122541603,1.11451224863239,0.265059492708911,0.999799029641296
CD40,9.44661014611173,0.0245065391385789,0.236852124763437,0.103467676986455,0.917591801806363,0.999799029641296
CD44,10.3429741368567,0.0583509960537523,0.227491591980558,0.256497374455664,0.797566807528902,0.999799029641296
CD46,11.9616266172842,-0.0372655620425074,0.210823132990691,-0.176762205901536,0.859695176843295,0.999799029641296
CD55,9.44583148618054,0.101718742908991,0.23002034525812,0.442216286541291,0.658332701711019,0.999799029641296
CD59,12.2974996438026,-0.0273110128714623,0.209046968135694,-0.130645343077803,0.896055871516992,0.999799029641296
CD63,13.1221471631747,-0.0356103875631029,0.203997272780711,-0.174563057033525,0.861422979014111,0.999799029641296
CD74,15.5965435232503,-0.00623058016641054,0.18996824746036,-0.0327980083498462,0.973835666466361,0.999799029641296
CD81,11.5823207054779,-0.0185229890028773,0.216399665404425,-0.0855961998289602,0.931787419471055,0.999799029641296
CD82,10.5911465479149,0.0888837198768701,0.22010485543349,0.403824439500965,0.686341823374059,0.999799029641296
CD9,10.0057438687302,0.0538730261104735,0.228049606585286,0.236233804202272,0.813251249759638,0.999799029641296
CD93,10.4257886777373,-0.0189856807003376,0.226780524719307,-0.0837183030766715,0.933280404480805,0.999799029641296
CD99,12.3945052976502,-0.0152062055774853,0.207748905009829,-0.0731951178118889,0.941650851390484,0.999799029641296
CD99L2,11.8901748911626,-0.0241066809754936,0.212704111766544,-0.113334344010953,0.909765490056675,0.999799029641296
CDC123,10.4666944540973,-0.0601676537017534,0.229894272715614,-0.261718802260823,0.793538243559543,0.999799029641296
CDC16,9.29101437467636,0.041662954927397,0.237435949683122,0.175470289916079,0.860710113791014,0.999799029641296
CDC23,10.3827762844191,-0.0912686634540775,0.229878098750922,-0.397030704316766,0.69134481872629,0.999799029641296
CDC25B,11.2211511664702,-0.0589424089285664,0.221527538472312,-0.2660726035916,0.79018329387158,0.999799029641296
CDC27,9.61170767054813,0.0149339837021859,0.233194331694098,0.0640409378465347,0.948937630003153,0.999799029641296
CDC34,10.8279325767061,0.0313507154622431,0.221048410647484,0.141827373336059,0.887216361827816,0.999799029641296
CDC37,12.5625639075067,-0.0618473337529164,0.210014351049325,-0.294490988086765,0.768382748738118,0.999799029641296
CDC37L1,9.2483436028288,0.228934673260237,0.229671088683636,0.996793608513726,0.318864701288741,0.999799029641296
CDC40,9.55974414660402,0.0280455643084945,0.231940226515217,0.120917206686674,0.903756613206956,0.999799029641296
CDC42,12.1709888384249,-0.0357498267631104,0.210511101787124,-0.169823949709132,0.865148591364873,0.999799029641296
CDC42BPB,11.3317452228313,0.0369936492963328,0.217158153199392,0.170353490077647,0.864732146968429,0.999799029641296
CDC42EP1,12.1158971592619,0.00868881657157481,0.210842947866513,0.0412098989294904,0.967128562173298,0.999799029641296
CDC42EP4,10.4363383984837,0.00489436437351482,0.227184557027138,0.0215435610481666,0.982812054824478,0.999799029641296
CDC42SE1,11.0262918447166,-0.0457079740598192,0.22183021554998,-0.206049360527808,0.836752354344948,0.999799029641296
CDC5L,11.2066352848288,-0.0346289271248954,0.218175237044536,-0.158720703568327,0.873888925865009,0.999799029641296
CDC73,8.95878406201442,-0.0754431966072522,0.249397701981768,-0.302501570815466,0.762269736176046,0.999799029641296
CDH1,11.6676312660446,0.163255096932502,0.206457378181423,0.790744793770668,0.429092931114316,0.999799029641296
CDH2,11.9050617079745,-0.0223434884264563,0.208416039643595,-0.107206184632743,0.91462540908199,0.999799029641296
CDH5,10.4245483865787,0.00146368598805734,0.230887699397351,0.00633938486925791,0.994941936566595,0.999799029641296
CDHR5,8.34213937293352,0.288235437010533,0.545387664044398,0.528496436595361,0.597154819673572,0.999799029641296
CDIPT,11.4148420109275,0.0308903309556162,0.213401030260897,0.144752492140505,0.884906292831752,0.999799029641296
CDK10,9.38980153956593,0.0988831838989901,0.233352468540497,0.423750322923323,0.671747910734635,0.999799029641296
CDK12,10.1320319724017,-0.0287252282210166,0.22875550144415,-0.125571748175113,0.900070927588464,0.999799029641296
CDK13,9.70777898195045,-0.0953022656354232,0.232345486985623,-0.410174808522622,0.681677719019447,0.999799029641296
CDK14,8.84151918990914,-0.08653930809497,0.245676863899138,-0.352248505298808,0.724651903074847,0.999799029641296
CDK16,11.3747066097088,-0.0401666242074927,0.219474499411103,-0.183012715897602,0.854788041282843,0.999799029641296
CDK17,9.4618009623254,0.0199556020328695,0.233953470211158,0.0852973115331793,0.932025028831022,0.999799029641296
CDK18,10.1172532316126,0.0670336129117895,0.225780195062139,0.296897665861882,0.766544638242308,0.999799029641296
CDK2,9.36332755873678,-0.0561246038937985,0.238121519835548,-0.235697319303855,0.813667550185096,0.999799029641296
CDK2AP2,11.1370154764788,-0.0322332138334741,0.221786554039912,-0.145334391316046,0.884446862630669,0.999799029641296
CDK4,10.7322804237514,-0.0575018383657949,0.225674086318415,-0.254800359686237,0.798877297450247,0.999799029641296
CDK5RAP1,9.93522974292418,-0.0785590685605388,0.234631322164938,-0.334819187121634,0.737761485857219,0.999799029641296
CDK5RAP2,10.3972251926835,-0.158236062863155,0.230467379471689,-0.686587677726394,0.492342595699121,0.999799029641296
CDK5RAP3,12.0889214844536,0.00245904195899692,0.21096516972792,0.0116561514024724,0.990699947351347,0.999799029641296
CDK6,10.0887257327524,-0.00876867906367067,0.229750095831624,-0.0381661606361066,0.969555201128268,0.999799029641296
CDK9,10.8718675616414,0.113426491334303,0.216579099311545,0.523718547610826,0.600474313225694,0.999799029641296
CDKN1A,11.9344312726321,0.0241913692340799,0.21204153266555,0.11408788141631,0.909168128725948,0.999799029641296
CDKN1B,10.604914714767,0.0279558889397148,0.22303988738864,0.125340311399111,0.9002541399211,0.999799029641296
CDO1,12.5457104368735,0.064664350580641,0.201516056595767,0.320889321044799,0.748294266913146,0.999799029641296
CDR2,9.73943598315531,0.00139038736691425,0.233523804184428,0.00595394277585582,0.99524946905053,0.999799029641296
CDS2,11.0390888969733,0.00298067662517429,0.218586599240963,0.013636136137918,0.989120274677914,0.999799029641296
CDV3,12.073415332728,-0.00321965407071417,0.209287021355294,-0.0153839165461118,0.987725894646716,0.999799029641296
CEACAM1,11.8483366137994,-0.0108601264274378,0.211294011597288,-0.0513981742565255,0.959008239584361,0.999799029641296
CEBPA,13.5260635807012,-0.134318971568752,0.204992263121976,-0.655239224754687,0.512313743479595,0.999799029641296
CEBPB,12.9105634023168,0.0540428056374487,0.200957371715174,0.268926714039861,0.787986079163968,0.999799029641296
CEBPG,11.374904302713,-0.0529726469189086,0.217877234389307,-0.243130711051051,0.807904140897481,0.999799029641296
CEBPZ,10.0050917114927,-0.0167322001251242,0.228968485979864,-0.0730764325645916,0.941745295595237,0.999799029641296
CEBPZOS,9.65672085754634,0.0199823009957703,0.232486986004916,0.0859501916178129,0.93150601195913,0.999799029641296
CECR1,8.79269375485641,0.0551774548217388,0.241315046817358,0.22865318822618,0.819138481255737,0.999799029641296
CECR5,9.01018492208983,-0.0414643350866985,0.253774362569129,-0.163390559499104,0.87021093543098,0.999799029641296
CELF1,9.08439245265319,0.147395139142082,0.229668566471066,0.641773236132644,0.521020429591411,0.999799029641296
CENPB,11.0384131373571,0.0895638965310325,0.216438274915429,0.413808031717259,0.679014701429085,0.999799029641296
CENPF,9.5191015974554,-0.551825698510767,0.270790576513535,-2.03783198667988,0.0415667382861405,0.999799029641296
CEP104,10.0058793000359,0.109084570810962,0.224702200216047,0.485462851303098,0.627348058024871,0.999799029641296
CEP57,9.89283383323872,0.0521018604747884,0.227832237893992,0.228685198180913,0.819113600098309,0.999799029641296
CEP95,9.6718535216643,-0.067882340643553,0.237291791071136,-0.286071171434679,0.774823611127019,0.999799029641296
CERK,11.1369805897429,-0.100103882408669,0.223202275501081,-0.448489524508384,0.653799944676983,0.999799029641296
CERS2,14.5584119466848,-0.0629599558770986,0.194807731770806,-0.323190231233593,0.746551178622196,0.999799029641296
CERS6,9.50325887654722,0.0287256621252343,0.230999609973063,0.124353725656004,0.901035210453847,0.999799029641296
CES1,16.0662465286224,0.0733578165154841,0.182411514176839,0.402155625134318,0.687569497569401,0.999799029641296
CES2,14.3187057389781,0.0491080123334987,0.191352985086984,0.256635726436018,0.797459992731495,0.999799029641296
CES3,9.16563617217864,0.209934496137142,0.231269694452395,0.907747539660263,0.364011620759638,0.999799029641296
CETN2,9.48734374774125,-0.12591027001123,0.241717829762042,-0.5208977349134,0.602438013410831,0.999799029641296
CFAP20,10.060296012319,0.0412147668366672,0.227473632893891,0.181184809475886,0.856222517551717,0.999799029641296
CFDP1,10.3400275137197,0.0435113474147313,0.225339530653704,0.193092385026746,0.846886616302282,0.999799029641296
CFH,14.4088671785306,0.00209644110572362,0.193393653052701,0.010840278740442,0.99135087835395,0.999799029641296
CFHR1,13.9166879483601,0.069509275673333,0.191562160087624,0.3628549377473,0.71671325022731,0.999799029641296
CFHR2,11.5691610986326,0.135999851204859,0.208387737476887,0.652628858355659,0.513995576384892,0.999799029641296
CFHR5,11.1627051025979,-0.0796197439158879,0.218364231416343,-0.364618982694476,0.715395842866939,0.999799029641296
CFI,7.34340367695029,-0.165509841568325,1.34978061982048,-0.122619808832592,0.90240816763824,0.999799029641296
CFL1,13.1915587161068,-0.0605299825491148,0.205287078716978,-0.294855296920881,0.768104422354974,0.999799029641296
CFL2,10.5214253646689,0.0558028683871656,0.219885994956984,0.253780912231733,0.799664820619321,0.999799029641296
CFLAR,11.0248843537937,0.081278218342224,0.216069907618337,0.376166303017969,0.706793265069764,0.999799029641296
CGGBP1,10.6912034262959,0.0360520297580075,0.219350967597626,0.164357742082728,0.869449528053769,0.999799029641296
CGN,12.4075887292139,0.0388296680646865,0.205269412644144,0.18916441356025,0.849963957946568,0.999799029641296
CGNL1,7.99187516340234,-0.160900412076503,0.604774253332209,-0.266050367041864,0.790200419080948,0.999799029641296
CHAF1A,9.71200313995567,-0.0430226250324762,0.243525724181459,-0.176665628147023,0.85977104091228,0.999799029641296
CHAMP1,9.37722399037309,0.157677253300314,0.234276584385377,0.673038894236825,0.500922547067684,0.999799029641296
CHCHD2,11.7370086877374,-0.0182469683528526,0.212571289780599,-0.0858392888883812,0.93159417370947,0.999799029641296
CHCHD3,10.9398173575592,-0.146623901688761,0.22881352213964,-0.640800859659331,0.521652074342219,0.999799029641296
CHD1L,10.1721255525747,-0.110737309229887,0.237381588198869,-0.466494937834502,0.640861270186934,0.999799029641296
CHD4,9.29762822284068,-0.14534626281203,0.28972281518614,-0.501673514109163,0.615897198286595,0.999799029641296
CHD7,9.56055271260981,-0.0114682923286625,0.237946932879526,-0.0481968487253792,0.96155936162375,0.999799029641296
CHERP,10.9270972845255,-0.0729174307747953,0.225496086699189,-0.323364506418539,0.746419206581107,0.999799029641296
CHI3L1,11.2751484490409,-0.137258098075991,0.235123473333469,-0.583770289414369,0.559374869803401,0.999799029641296
CHID1,9.47214600788175,-0.0358553740938609,0.240288154737571,-0.149218233970043,0.881381432442333,0.999799029641296
CHMP1A,10.674427628339,-0.011218544417025,0.224531603947157,-0.0499642109164519,0.960150908233828,0.999799029641296
CHMP1B,11.1790446930925,-0.0147980443869778,0.218243546747805,-0.0678051864877265,0.945940715046709,0.999799029641296
CHMP2A,11.7794118477533,-0.0445948324549672,0.214112658647909,-0.208277421505936,0.83501236010162,0.999799029641296
CHMP2B,9.96353926200148,-0.0112870333367647,0.230956478637533,-0.0488708236432664,0.961022240428648,0.999799029641296
CHMP3,9.94969540200867,0.0017852202994196,0.231022504939428,0.00772747356318238,0.993834429511642,0.999799029641296
CHMP4B,11.6950014202084,-0.0806801137116555,0.2171218193658,-0.37158915648053,0.710198763787775,0.999799029641296
CHMP5,10.1575951597315,0.0311459564317391,0.227283356712446,0.137035799199078,0.891002498354176,0.999799029641296
CHMP6,10.1449025240706,-0.0612456153395394,0.232411936513371,-0.263521815008051,0.792148411635054,0.999799029641296
CHN2,10.646040413423,0.044457787908828,0.218318261504242,0.203637513428826,0.838636775856489,0.999799029641296
CHP1,12.4069934135008,0.0589151401110145,0.202599446667195,0.290796155074367,0.771207226142184,0.999799029641296
CHPF,11.9046044130167,0.0144519600999707,0.211391607368528,0.0683658177345514,0.945494431639725,0.999799029641296
CHPT1,10.2375311210472,0.0299664436154375,0.224319637093654,0.133588142365469,0.893728261161059,0.999799029641296
CHRAC1,9.64164355092309,0.0786330545037866,0.232044008028488,0.338871299336171,0.734706686353695,0.999799029641296
CHRD,9.63011190201619,0.128961596937118,0.229328827394782,0.562343593704051,0.573881942150675,0.999799029641296
CHST13,9.71322655191324,0.0363047717510507,0.236267841474782,0.153659387263356,0.877878308654841,0.999799029641296
CHST15,9.72446667939386,-0.00735492225717376,0.233795979292768,-0.0314587200319799,0.974903712480072,0.999799029641296
CHTF8,10.4782999067784,0.039118228689656,0.223185544731816,0.175272232512465,0.860865729258472,0.999799029641296
CHTOP,10.4381410119106,-0.0688661985598463,0.22997605617588,-0.299449428366486,0.764597152910832,0.999799029641296
CHURC1,10.2148361214507,0.0740061632084989,0.223851273348318,0.330604164548769,0.740943500100852,0.999799029641296
CIAO1,11.262209778258,0.0780845965346397,0.212405092343985,0.367621113377938,0.713155769447713,0.999799029641296
CIB1,10.688796301679,-0.0151468569616528,0.224322296209753,-0.0675227439161451,0.946165556315553,0.999799029641296
CIPC,8.35703568233635,0.209996201092473,0.247760117115813,0.847578712575085,0.39667263376186,0.999799029641296
CIRBP,10.9142855530949,0.132079013285931,0.214997292613988,0.61432872795784,0.538998122501306,0.999799029641296
CISD2,9.8098162180516,0.000884149005869126,0.231404428150923,0.00382079553504688,0.99695145364996,0.999799029641296
CISD3,10.4640214912052,0.0679215519684921,0.221890693568914,0.306103653452222,0.759525726310106,0.999799029641296
CISH,10.7029048199705,0.15326084687847,0.215079300764809,0.712578320338048,0.476106731030791,0.999799029641296
CITED2,10.3813042367439,0.000852371053707221,0.227171953389418,0.00375209633491193,0.997006267288138,0.999799029641296
CITED4,9.58596021454691,0.0953609044715269,0.232954060903164,0.40935497798069,0.682279174580758,0.999799029641296
CIZ1,11.2073543427714,-0.0532062158543886,0.221359042549706,-0.240361609995857,0.810049936689493,0.999799029641296
CKAP4,11.0671134288811,-0.140161128300597,0.228746921584667,-0.612734489844135,0.540051913370613,0.999799029641296
CKAP5,7.5099922669841,-0.964633792194976,0.514326846989607,-1.87552681303931,0.0607202843025108,0.999799029641296
CLASP1,8.61622095413303,0.018199356545232,0.372163080533392,0.048901563581074,0.960997742797322,0.999799029641296
CLASRP,10.9431032761462,0.0271220241601154,0.220763051723747,0.122855812819867,0.902221276731523,0.999799029641296
CLCN3,10.2009601652675,0.0266752148440687,0.225418779369441,0.118336258046853,0.905801229453595,0.999799029641296
CLCN5,10.20207706548,0.0981084546368973,0.220911456051449,0.444107591296888,0.656964798296483,0.999799029641296
CLCN7,11.7218159522304,-0.0635745629860817,0.217298572128763,-0.292567789853722,0.769852536928196,0.999799029641296
CLDN1,13.0239128045482,0.103428916097179,0.196209353898672,0.527135501147373,0.598099495015425,0.999799029641296
CLDN12,10.6601165373027,-0.0391630506889925,0.222569418752343,-0.17595881279885,0.860326300140663,0.999799029641296
CLDN2,9.03622879372191,0.136201183141975,0.281086444149824,0.484552656226201,0.627993703986866,0.999799029641296
CLDN3,10.2541545191641,-0.034528704191415,0.228369009771194,-0.151196978197741,0.879820333941748,0.999799029641296
CLDND1,9.75349318730974,0.00587547590732189,0.231560303586867,0.0253734159798153,0.979757115254256,0.999799029641296
CLIC4,11.0947497548,0.0226952076332765,0.215581287537578,0.105274478562155,0.916158013583071,0.999799029641296
CLINT1,11.7378695290814,0.0676601202117804,0.208775296986176,0.324081063174158,0.745876663299528,0.999799029641296
CLIP1,9.86560086823447,0.109678059487235,0.22640508646824,0.484432842027252,0.62807871529085,0.999799029641296
CLIP2,9.30814021087759,0.180151982571953,0.244009200627948,0.738299957986578,0.460332192022414,0.999799029641296
CLK1,10.8725355122667,0.14136139535221,0.213962262290025,0.66068377591089,0.508815130495579,0.999799029641296
CLK3,10.4666777200772,0.0246490522410513,0.22685156166519,0.108657185606819,0.913474401655943,0.999799029641296
CLMN,9.86610269890259,0.112680436499258,0.231013180205978,0.487766266837194,0.62571540771673,0.999799029641296
CLN3,11.2477701436056,-0.0589730654392432,0.221477752364172,-0.266270832215575,0.790030634977006,0.999799029641296
CLN8,9.67196744934593,0.184260545758759,0.223909772980978,0.822923194935368,0.410551671504048,0.999799029641296
CLNS1A,10.8293845500573,0.0285150181528844,0.220829236450555,0.129127006057774,0.897257153149453,0.999799029641296
CLPB,9.76639047655156,0.0070754072291469,0.23155466609892,0.0305560986886971,0.975623553957322,0.999799029641296
CLPP,10.4925557630406,0.0220686101354743,0.224927496016659,0.0981143280670309,0.921841510269242,0.999799029641296
CLPTM1,12.9073748143986,0.00783473786355851,0.203585759494571,0.03848372245195,0.969302009471762,0.999799029641296
CLPTM1L,10.0452897904089,-0.130284145777122,0.237144282084232,-0.549387675014008,0.582739430462032,0.999799029641296
CLPX,11.1500741025066,0.0863702588813245,0.212617154866365,0.40622431870848,0.68457778717427,0.999799029641296
CLSTN1,10.1049207996052,0.0577962825254013,0.226214626771967,0.25549312769975,0.798342250829565,0.999799029641296
CLSTN3,12.032147666518,-0.00172286371992673,0.210922083584339,-0.0081682472060249,0.993482754137631,0.999799029641296
CLTA,11.8356546111552,-0.0747332209222616,0.216988488010086,-0.344410994369378,0.730537221761543,0.999799029641296
CLTB,10.9968281967312,0.0208448085283474,0.220579309269453,0.0945002892491791,0.924711752687256,0.999799029641296
CLTC,9.91003411847303,-0.461216014905023,0.351248843191575,-1.31307482955459,0.189157734462098,0.999799029641296
CLU,16.781414661614,0.0469342536040399,0.179529985148234,0.26142849377104,0.793762085990898,0.999799029641296
CLUH,12.0433988750995,0.046139053548577,0.205697475735527,0.224305395015638,0.822519678543115,0.999799029641296
CMAS,10.3827137803365,0.0500755712550503,0.221838978960931,0.22572936230413,0.821411919607014,0.999799029641296
CMBL,12.3073554585362,0.166016768960952,0.198894687562002,0.834696848849717,0.403888416336659,0.999799029641296
CMIP,11.0249840276651,-0.0266910963486944,0.221966631574092,-0.120248238032053,0.904286506545078,0.999799029641296
CMPK1,12.1844911321244,0.0568169545283191,0.203993213321537,0.27852374891886,0.780610336996147,0.999799029641296
CMTM6,11.2645869155671,0.105168697150965,0.21133790832999,0.497632904489388,0.618742807128045,0.999799029641296
CMTR1,9.33136921449784,-0.0446855369739273,0.238724448377323,-0.187184585733331,0.851515910039739,0.999799029641296
CNBP,12.8283712914672,0.078825331221972,0.199712674538254,0.394693683834641,0.693068964694336,0.999799029641296
CNDP2,12.3794495990493,0.0312766414702007,0.206482847330479,0.151473315457249,0.879602359120906,0.999799029641296
CNIH1,10.7448324424408,0.00836436244126324,0.220885268191204,0.0378674526814656,0.969793363425065,0.999799029641296
CNKSR3,10.0060660575202,0.0495524506066908,0.22817038732974,0.217173013494868,0.828073514906771,0.999799029641296
CNN2,11.6549233473298,0.0726604126643389,0.211945490684419,0.342825942791716,0.731729407857192,0.999799029641296
CNN3,12.5193041066978,-0.0159052537410759,0.206011263377961,-0.0772057482696716,0.938459868840667,0.999799029641296
CNNM3,11.4021082511801,0.00258126386322519,0.214858569748601,0.0120137812806138,0.99041461997771,0.999799029641296
CNNM4,8.4252987410013,-1.44961245738116,0.369941064940069,-3.91849565988573,8.91033335179052e-05,0.0790940590527271
CNOT1,10.4247490298361,0.0472615447269631,0.226215001781217,0.208923123377431,0.834508252625336,0.999799029641296
CNOT11,10.4089829140769,-0.0872178821837624,0.229845886428355,-0.379462445637238,0.70434448666458,0.999799029641296
CNOT2,9.67089592275509,0.204905749563853,0.225759369100275,0.90762899622049,0.364074269221211,0.999799029641296
CNOT3,10.1319096469879,-0.076173050027429,0.234585120557675,-0.324713902767338,0.745397611490832,0.999799029641296
CNOT4,10.2705522240253,-0.0747303832773104,0.230354910538169,-0.324414109960672,0.745624538708373,0.999799029641296
CNOT7,10.3134395384762,0.0679745623705231,0.221973029967998,0.30622892511006,0.759430350556575,0.999799029641296
CNP,12.101392167508,-0.0193266754441218,0.210632937356789,-0.0917552386946231,0.926892508320832,0.999799029641296
CNPPD1,10.6894271458801,-0.0476981726066868,0.22594887259029,-0.211101618077897,0.832807977639553,0.999799029641296
CNST,9.67162927413631,-0.151991032697003,0.242465371657782,-0.626856658572777,0.530753199791398,0.999799029641296
COA3,10.5077388521245,-0.0415524166225157,0.228165388914658,-0.182115336687011,0.855492213061437,0.999799029641296
COA4,9.90573676761035,-0.00936720316291133,0.233152228998992,-0.0401763397378964,0.967952540550553,0.999799029641296
COA6,9.48799474799979,-0.14426718253367,0.246165443905595,-0.586057816421209,0.557836662570779,0.999799029641296
COBL,8.90057678694611,0.114367668390983,0.240117675942476,0.476298414692224,0.633861794644959,0.999799029641296
COBLL1,8.96912826756441,-0.1935656966199,0.24068415010079,-0.804231174087874,0.421263478042305,0.999799029641296
COG1,10.242131337109,-0.0901515718694605,0.232191699594201,-0.388263542697769,0.697821013839653,0.999799029641296
COG5,9.40311428869751,-0.457904430553497,0.261550866290057,-1.75072802108668,0.0799927703143645,0.999799029641296
COG7,9.33233486646686,0.00299106641653153,0.236256952686713,0.0126602260061223,0.989898870971214,0.999799029641296
COG8,9.69697296686728,0.0333407438662027,0.231844491755578,0.143806495525252,0.885653273507583,0.999799029641296
COIL,9.64184575845495,-0.0685031820649818,0.237281095563227,-0.288700546928856,0.772810544125814,0.999799029641296
COL1A1,12.4386744681433,-0.0285194891661574,0.212848324773962,-0.133989728114817,0.893410696966903,0.999799029641296
COL1A2,11.2502705571298,0.00898409126663326,0.219424543919752,0.0409438757676941,0.967340638951086,0.999799029641296
COL3A1,10.8868258661728,-0.0431643583880774,0.237722724892737,-0.181574388429014,0.855916749776186,0.999799029641296
COL4A1,13.0390869785003,-0.181013925404086,0.212494150539878,-0.851853686062368,0.394295304909278,0.999799029641296
COL4A2,13.1923617077777,-0.18275776023406,0.210728315171653,-0.867267220758591,0.385795612502435,0.999799029641296
COL5A1,10.1748971404458,0.0952437405883903,0.226616112736697,0.420286710588196,0.674276016958218,0.999799029641296
COL5A2,10.3991537541018,-0.0328564643771957,0.225687903314951,-0.145583630733385,0.884250091076411,0.999799029641296
COL5A3,10.3651100562533,-0.308718452796828,0.26055361649184,-1.18485575811033,0.236074482373709,0.999799029641296
COL6A1,13.4155483306579,0.0917008244393091,0.196133345945298,0.46754326245413,0.640111247271427,0.999799029641296
COL6A2,11.8936035885111,0.134166788633534,0.208092387264926,0.644746261009175,0.519091632015961,0.999799029641296
COL6A3,10.9713659770858,0.109807278697151,0.217056361387174,0.505892930275758,0.612931815589477,0.999799029641296
COLGALT1,10.6755732236359,0.061207618929335,0.222013994724741,0.2756926157075,0.782784167729717,0.999799029641296
COMMD4,9.45951889464707,0.0168569432109911,0.238102450458317,0.0707970169082414,0.943559306031489,0.999799029641296
COMMD7,9.51604124593573,-0.0638668038900021,0.239684798893702,-0.26646163705328,0.789883700864212,0.999799029641296
COMMD9,9.83679108703666,0.0503115126075986,0.232212279917167,0.216661722737253,0.828471980235641,0.999799029641296
COMT,11.9335443748486,0.147927509052682,0.205246592668592,0.720730644681335,0.47107525413311,0.999799029641296
COPA,12.8552647969027,0.0318760775960221,0.204784883875357,0.155656399011479,0.876303866707239,0.999799029641296
COPB1,10.5072884045958,-0.0288939329758685,0.22345716581066,-0.1293041235489,0.897117008707495,0.999799029641296
COPB2,11.7501477550231,-0.000111276786842226,0.213193542214558,-0.000521951958236317,0.999583542609952,0.999799029641296
COPE,11.4026988212591,-0.0460710284781882,0.219570472088686,-0.209823424980295,0.833805489523997,0.999799029641296
COPG1,12.9673948276292,-0.00936164810854054,0.202920971006717,-0.0461344535367448,0.96320308528214,0.999799029641296
COPRS,10.381331353881,-0.0775030341606272,0.230092840932058,-0.336833748701953,0.736242230401985,0.999799029641296
COPS2,10.4383029730338,0.0534661969767697,0.221518042257798,0.241362718954273,0.809274004648864,0.999799029641296
COPS5,9.44405067827453,-0.039178047663927,0.23843611350759,-0.164312557722846,0.869485096419267,0.999799029641296
COPS6,11.4857717910645,-0.0998449712240029,0.219037540996568,-0.455834971346613,0.648508654250402,0.999799029641296
COPS7A,10.7461639846853,0.0470676967830216,0.221065829739819,0.212912582819414,0.831395147729833,0.999799029641296
COPS7B,9.34940259800499,-0.187819212004362,0.251403880568892,-0.74708159468085,0.455014309437283,0.999799029641296
COPZ1,11.4446204316472,-0.0617069849017287,0.219242178087851,-0.281455810373324,0.778360816855621,0.999799029641296
COQ10B,10.2011368532135,-0.0218046767613819,0.228817827238825,-0.0952927358174046,0.9240823123764,0.999799029641296
COQ4,9.83622921243563,0.0879469171159497,0.230155642264904,0.382119318259966,0.702372863246739,0.999799029641296
COQ5,9.72577797858931,0.00460743572666416,0.231599772638842,0.0198939561734762,0.984127966467241,0.999799029641296
COQ9,10.5059746390792,0.13154602856104,0.219160855837819,0.600225930210757,0.548355674697008,0.999799029641296
CORO1B,10.6182136773165,-0.168630434994923,0.235906920688941,-0.714817668351805,0.474721716142174,0.999799029641296
CORO1C,11.1935841180787,0.0645612681485673,0.213825693631149,0.301934098995306,0.762702300878967,0.999799029641296
CORO7,9.7404196375842,0.0579628778852887,0.231846313489779,0.250005605061493,0.802583014040046,0.999799029641296
COTL1,10.1203614815737,0.144984398495795,0.226541925012741,0.639989258004411,0.522179583044543,0.999799029641296
COX11,9.2077016351491,-0.148639173298206,0.242800475694454,-0.612186499524231,0.540414372721726,0.999799029641296
COX17,9.96319391168967,-0.0155138860396909,0.231302436173754,-0.0670718661520575,0.946524491003779,0.999799029641296
COX18,9.48802248048235,0.0837135315386678,0.232388789961257,0.36023050661189,0.718674762983915,0.999799029641296
COX20,9.92139462195087,-0.0311236585540688,0.233143741480347,-0.133495578120386,0.893801461121289,0.999799029641296
COX4I1,12.5475687913216,0.0619573952965489,0.203775491888061,0.304047335243747,0.761091828835802,0.999799029641296
COX5A,11.0800678666343,-0.0552699425284744,0.223758415010648,-0.247007213229698,0.804902641666757,0.999799029641296
COX5B,12.1424354136908,0.00788316983398152,0.209344128311621,0.037656512736039,0.969961549194001,0.999799029641296
COX6A1,12.2127210644032,-0.0270618849822908,0.210486190316877,-0.128568458299095,0.897699125751036,0.999799029641296
COX6B1,11.8634997754657,0.000421446226874003,0.211118673306214,0.00199625272494358,0.998407221829184,0.999799029641296
COX6C,12.0312844945877,-0.0374102525119428,0.21229166151113,-0.176221017093418,0.860120309905473,0.999799029641296
COX7A2,10.451674139807,-0.08310744414691,0.228160690094304,-0.364249617725823,0.715671618522499,0.999799029641296
COX7A2L,11.0244799182361,-0.00999449559482965,0.220220317215413,-0.0453840759163622,0.963801173486769,0.999799029641296
COX7B,11.1221930945228,0.00252353741273377,0.218677183234896,0.0115400124302089,0.990792606611909,0.999799029641296
COX7C,10.7873440632084,0.0506016591010471,0.219397363951274,0.230639321228514,0.817595017127985,0.999799029641296
COX8A,11.3739480885679,-0.0455280083412802,0.219482332537148,-0.20743359073594,0.835671251437369,0.999799029641296
CP,13.2333057876882,0.242702945614757,0.189957611765389,1.27766896708784,0.20136617172323,0.999799029641296
CPB2,12.9372166861292,-0.00325185626480123,0.202524664393318,-0.0160565937711462,0.987189242199171,0.999799029641296
CPD,11.5296195041115,-0.12754479342928,0.218969425170632,-0.582477637368283,0.560245000181003,0.999799029641296
CPE,10.4403966891914,-0.125486908775129,0.232700748683335,-0.539263021219989,0.589705380632024,0.999799029641296
CPEB2,9.34831884957481,0.0311149300693464,0.232190041209593,0.134006307536936,0.893397586732099,0.999799029641296
CPM,7.13918557947415,-0.18172522362242,0.561784609271774,-0.323478465987143,0.746332913308445,0.999799029641296
CPN1,10.7311371021533,0.104270484067845,0.216886464060554,0.480760680568489,0.630686598448075,0.999799029641296
CPN2,13.9283621113033,0.0592504251019089,0.192545403505755,0.307721836112998,0.758294002651003,0.999799029641296
CPNE1,9.76771357637115,-0.0504842509058246,0.237149094027679,-0.212879796622509,0.831420721158103,0.999799029641296
CPNE2,9.51643284997564,0.00364646990783498,0.237964417336574,0.015323593118031,0.9877740201058,0.999799029641296
CPNE3,9.59876187793999,0.0564480532800427,0.231343819254627,0.244000697584721,0.807230279650626,0.999799029641296
CPOX,10.0045924866061,0.0669294437824351,0.224331255244338,0.298350952967016,0.765435319132896,0.999799029641296
CPPED1,11.4565947052176,-0.0161295409134858,0.214729873317496,-0.0751154958753083,0.940122818731097,0.999799029641296
CPQ,11.0103294108643,-0.0311169895885588,0.220715909563874,-0.140982087109374,0.887884093409609,0.999799029641296
CPS1,13.0055838712017,-0.0726568209374789,0.200934697777683,-0.361594198219899,0.717655300861826,0.999799029641296
CPSF2,10.2293461862123,-0.0738730189263957,0.230334623974783,-0.320720426879821,0.748422265988325,0.999799029641296
CPSF3L,11.7379279714317,0.0151196617532996,0.212821509996937,0.0710438609025809,0.943362847705817,0.999799029641296
CPSF6,10.3561671768347,-0.0841568076448423,0.229973163531685,-0.365941861878364,0.714408458364038,0.999799029641296
CPSF7,11.3748214866895,0.0208513950579603,0.214990109484669,0.0969876944941382,0.92273616674737,0.999799029641296
CPT1A,12.3934116545598,-0.0208667536754439,0.204460256422355,-0.10205774970926,0.918710836691784,0.999799029641296
CPT2,11.218373476597,0.0787356165395454,0.212742165017253,0.370098783817303,0.711308888253884,0.999799029641296
CPTP,11.1354715390904,0.0451976525284156,0.217585191546038,0.207723936575217,0.835444526640336,0.999799029641296
CRAT,12.8126346982746,0.0376358515700723,0.203407014129552,0.185027304643986,0.853207619313849,0.999799029641296
CREB1,9.89520084775133,-0.00784391968777891,0.23113760627086,-0.0339361465852812,0.972928068972079,0.999799029641296
CREB3,9.78180180971319,0.0534159616636894,0.231991279847086,0.230249868438581,0.81789761323521,0.999799029641296
CREB3L3,13.5546054806074,0.111671130489308,0.195188558753761,0.572119243065806,0.567241193270834,0.999799029641296
CREBBP,9.81365654082771,0.00403039539870041,0.262848991444011,0.0153335014776305,0.98776611530738,0.999799029641296
CREBL2,10.563941287336,0.0887418553163391,0.218462270368712,0.406211357075819,0.68458731004015,0.999799029641296
CREBZF,11.5856989029489,0.047933283580731,0.211826655933246,0.226285418941026,0.820979438293883,0.999799029641296
CREG1,12.4773046128778,0.0461433120004925,0.204020827312547,0.22616961517269,0.82106950191379,0.999799029641296
CRELD2,10.3965805907562,-0.117980035668868,0.234033325470083,-0.504116392107371,0.614179588532712,0.999799029641296
CRIM1,7.77362241028107,0.258276839587647,0.298117309523698,0.866359756165435,0.386292905993211,0.999799029641296
CRIP2,10.6353582396064,-0.0283101588729417,0.226739688741101,-0.124857536102853,0.900636336502676,0.999799029641296
CRIPAK,9.95050453181852,0.023263845534419,0.23155716935712,0.100466962862809,0.919973609919063,0.999799029641296
CRK,10.8990900422599,0.0609822136168647,0.216028000531075,0.282288469397247,0.777722326294492,0.999799029641296
CRKL,11.2917147775195,-0.0205970727379113,0.216384156307881,-0.0951875270784838,0.92416587695021,0.999799029641296
CRLS1,11.3734305309304,0.0414600423336134,0.213865517100526,0.193860342217419,0.846285236874747,0.999799029641296
CRNKL1,9.8090972158402,0.0279034245482988,0.235213802713509,0.118630047328835,0.905568459114702,0.999799029641296
CROT,9.2926341239912,-0.1536504419268,0.242790238364718,-0.632852634280902,0.526829881358413,0.999799029641296
CRP,13.2651607512831,0.156900193236441,0.197267267444161,0.79536861471888,0.426399111123829,0.999799029641296
CRTAP,12.2548460098442,-0.0329600105188863,0.210525701532606,-0.156560506764451,0.875591229661426,0.999799029641296
CRTC3,10.1859092944237,-0.057059384398674,0.230923278313831,-0.247092388499391,0.804836724231701,0.999799029641296
CRY2,11.5563873906462,0.0975493016698105,0.211519254868748,0.461184026628411,0.644666580776816,0.999799029641296
CRYL1,11.8750916276433,0.0806714887762267,0.206085336912876,0.391447009208284,0.69546685043567,0.999799029641296
CRYZ,11.331485453985,-0.0295099321366043,0.218641055622514,-0.134969766097148,0.892635778720511,0.999799029641296
CS,11.6113915151741,-0.0904945497437938,0.218931283181597,-0.413346820192577,0.679352531247519,0.999799029641296
CSDE1,13.4286583757749,0.0263919677427173,0.196626667207098,0.134223745525422,0.893225649595568,0.999799029641296
CSE1L,9.87911748723124,-0.0120513136517288,0.231136111096161,-0.0521394670636949,0.958417565548936,0.999799029641296
CSF1,9.83744610642166,0.239609499883412,0.224166252391155,1.06889193769145,0.28511836526161,0.999799029641296
CSF1R,10.510137590565,0.165342958224316,0.219673769328769,0.752675017729858,0.451645225793062,0.999799029641296
CSK,11.5563555788077,0.0220332343981922,0.214686196231621,0.10262995378809,0.918256668674918,0.999799029641296
CSNK1D,11.1783028141277,-0.159869406600757,0.226974217935921,-0.704350511941805,0.481214516879879,0.999799029641296
CSNK1G2,11.6965120021938,-0.0146135870973014,0.21585329441284,-0.0677014781592886,0.946023272612296,0.999799029641296
CSRNP1,10.1024252515301,0.310975699287706,0.214826030909955,1.44756991492364,0.147737370134254,0.999799029641296
CSRNP2,9.699600033768,0.0366124685395379,0.231729855015771,0.157996338180275,0.874459684183621,0.999799029641296
CSRP1,11.0938759143702,0.127272123958591,0.213688413648133,0.595596746617071,0.551444650597732,0.999799029641296
CST3,12.1853956285259,-0.090296420296459,0.215240168455547,-0.419514726012249,0.674839994759204,0.999799029641296
CSTB,10.5920088625379,-0.105667376316317,0.231799322811572,-0.455857139851149,0.648492711831678,0.999799029641296
CSTF2T,10.5645172998113,-0.0214903509280671,0.224480192800599,-0.095733840299917,0.923731963651816,0.999799029641296
CSTF3,9.97894386013323,-0.0266806655303619,0.232991869816501,-0.114513289890222,0.90883091189106,0.999799029641296
CTAGE5,10.1315926648629,0.114804562873428,0.222615639721619,0.51570753527017,0.606058690968778,0.999799029641296
CTBP1,11.0241901595856,0.034403169223685,0.218968832155105,0.157114457272694,0.875154643833083,0.999799029641296
CTBS,9.6697503481777,0.207728073347134,0.222322034883323,0.934356657252403,0.350119947531699,0.999799029641296
CTCF,10.6754802388645,-0.00297781612652347,0.222571465991609,-0.0133791459442323,0.989325304479819,0.999799029641296
CTDNEP1,9.85347086271098,0.0327284026302394,0.231526405691602,0.141359265404199,0.887586132569795,0.999799029641296
CTDP1,10.10228606035,-0.0720580050101706,0.232745656642307,-0.309599783943174,0.756865320613023,0.999799029641296
CTDSP1,12.0303158979106,0.0865354759489697,0.207469110138056,0.417100530731473,0.67660487674668,0.999799029641296
CTDSP2,11.9058827774352,0.0102486233395113,0.209634240571301,0.0488881172826607,0.961008458574434,0.999799029641296
CTDSPL,9.50228190534999,0.0629601825097904,0.231824479311146,0.27158556635983,0.785940698829801,0.999799029641296
CTDSPL2,9.4059875193475,-0.0172855387741294,0.238056337904389,-0.0726111261153309,0.942115572734198,0.999799029641296
CTGF,10.3981054128027,0.0792708411109595,0.222233571029709,0.356700568431951,0.721315979947807,0.999799029641296
CTIF,8.31119117215038,-4.43091245078805,0.922792713653741,-4.80163354697949,1.57376498001388e-06,0.00838187228355393
CTNNA1,12.9953306752639,-0.074106175882591,0.205308296004933,-0.360950713266894,0.718136291776937,0.999799029641296
CTNNB1,12.1003346724671,-0.00209192166392844,0.209390889366371,-0.00999050947373459,0.992028859336869,0.999799029641296
CTNNBIP1,9.58527649703544,0.0217392938813154,0.233950742197876,0.0929225258149781,0.925965110157627,0.999799029641296
CTNNBL1,10.3806919522222,0.104190035152455,0.227524068149093,0.457929730248058,0.64700292666721,0.999799029641296
CTNND1,12.5212760144087,0.086847806123944,0.202994186086938,0.427833958194,0.668772011686376,0.999799029641296
CTPS1,10.4648157191211,0.128996926342523,0.217556330688695,0.59293575109569,0.553224150868596,0.999799029641296
CTR9,10.7889296029691,0.0179586255998771,0.221854208404445,0.0809478699053485,0.935483410166415,0.999799029641296
CTSA,13.1616803863338,-0.148956367860944,0.209272439278776,-0.711782059664899,0.476599743730558,0.999799029641296
CTSB,15.3286255734529,0.0616921636612759,0.185998974748179,0.331680127510381,0.740130807964462,0.999799029641296
CTSC,11.2928748729513,-0.0512826610972479,0.221545847122387,-0.231476517223625,0.816944626631984,0.999799029641296
CTSD,15.6340811746324,-0.0536832461911241,0.190725309125758,-0.281468916931875,0.778350765466219,0.999799029641296
CTSF,11.8184517813242,0.0072863270589136,0.211783648319516,0.0344045780527909,0.972554532876365,0.999799029641296
CTSH,10.8953057245682,0.0470771240084525,0.221595339187752,0.21244636363297,0.831758818230692,0.999799029641296
CTSL,12.5060418269344,0.0604845856604215,0.203747478805001,0.296860535478375,0.766572986785548,0.999799029641296
CTSO,10.3815713474422,0.0539229451710508,0.222267442403471,0.242603885607174,0.808312270852874,0.999799029641296
CTSS,10.3965937105834,0.0897090164930828,0.224106896491985,0.400295653089334,0.688938769248943,0.999799029641296
CTSZ,13.8333198899398,0.0125550016644063,0.196917869550398,0.0637575538120125,0.949163276607399,0.999799029641296
CTTN,12.9391546911708,-0.0108834420482476,0.203010552154247,-0.0536102282997503,0.95724570722817,0.999799029641296
CUEDC1,9.48767029404758,-0.439018064119082,0.269187118444623,-1.63090294459761,0.102910800338917,0.999799029641296
CUEDC2,10.0871485846094,-0.103712554420472,0.236643662477775,-0.438264660606376,0.661194440501635,0.999799029641296
CUL1,11.4155628967591,-0.0315473925671507,0.216224311672395,-0.145901227864463,0.883999362267714,0.999799029641296
CUL2,9.81028030597669,-0.0122632839046395,0.231374438541767,-0.0530018958962307,0.957730397131919,0.999799029641296
CUL3,10.75995605404,0.0140290686359718,0.220790943624424,0.0635400547036743,0.94933646462498,0.999799029641296
CUL4A,11.080840931501,-0.0741010641307012,0.223498366287147,-0.331550808901651,0.740228469075172,0.999799029641296
CUL4B,10.130730142109,-0.0813361275832203,0.22943744225724,-0.354502415922281,0.722962393800672,0.999799029641296
CUL5,9.55914880984235,0.0482671865034662,0.232000867498615,0.208047439752587,0.835191926099937,0.999799029641296
CUTA,11.2620374132643,-0.0822912741323768,0.221299677256477,-0.371854469706273,0.710001205987016,0.999799029641296
CUX1,11.3017301105069,-0.073603618510799,0.219872584973354,-0.334755779215126,0.737809320775452,0.999799029641296
CWC15,10.550431476128,0.0705348473425907,0.221486524812845,0.318461122644786,0.750135180358754,0.999799029641296
CX3CL1,10.6623386188339,0.0242098601968305,0.224889777370138,0.107652115093628,0.91427165529626,0.999799029641296
CXADR,11.2489843493351,0.00383829684327428,0.215232792681855,0.0178332344037734,0.985771891751288,0.999799029641296
CXCL16,11.0687531239852,0.0684863636217214,0.217658139244382,0.31465105720134,0.753026608625019,0.999799029641296
CXCL2,9.25197810443387,0.303332417161382,0.226083105746155,1.34168546632566,0.179698001372088,0.999799029641296
CXCL9,9.72993271805641,-0.117852494970133,0.246424683848215,-0.478249553290387,0.63247259693193,0.999799029641296
CXCR4,9.82804544775926,0.06790920756749,0.232330400731784,0.29229583108191,0.770060446023682,0.999799029641296
CXXC1,9.8105397380175,8.27665633606051e-05,0.233440290590473,0.000354551320816351,0.999717108981035,0.999799029641296
CXXC5,11.6410427483815,0.0579624665623355,0.211759132539297,0.273718851542704,0.784300689404061,0.999799029641296
CYB561,9.30618821436914,0.0180931753755264,0.245294227355275,0.0737611136250707,0.941200469531564,0.999799029641296
CYB561A3,10.2982115143198,-0.108837259948067,0.234171659138327,-0.464775542644877,0.642092203973536,0.999799029641296
CYB5A,13.1183652304645,0.0567315266900136,0.198464227725738,0.285852656370961,0.774990976032447,0.999799029641296
CYB5B,11.0108644610855,-0.00520676911026799,0.220340544439483,-0.0236305538933532,0.981147300469173,0.999799029641296
CYB5R1,10.744826226289,-0.0373361679510149,0.224066685016901,-0.16662971538227,0.867661411073405,0.999799029641296
CYB5R3,13.1344730145469,0.0401154013010303,0.200683622648963,0.199893747040836,0.841563680891383,0.999799029641296
CYC1,12.057578339948,-0.0225779865165781,0.210771159702755,-0.107120853481185,0.914693103669256,0.999799029641296
CYCS,11.1223068916605,-0.136569773611734,0.224903766407117,-0.607236489603812,0.543693979509222,0.999799029641296
CYFIP1,10.0888033043811,-0.196486807449267,0.241818429003504,-0.812538598728636,0.416482647721863,0.999799029641296
CYFIP2,8.60996678462933,0.248079668812131,0.318974014317083,0.777742567347577,0.436720792124048,0.999799029641296
CYP20A1,9.90933933263822,0.0589391867411241,0.226014507392477,0.26077612194502,0.794265159402983,0.999799029641296
CYP27A1,12.938879451725,0.0726064594443016,0.200026355088738,0.362984464782609,0.716616489333975,0.999799029641296
CYP2A6,11.1744772877291,0.174873359177136,0.216584479265741,0.807414085118136,0.419427954700899,0.999799029641296
CYP2B6,11.0346253868345,0.272958540339756,0.205539741376386,1.32800858126951,0.184175272054023,0.999799029641296
CYP2B7P,10.3797360096559,0.350649419722641,0.212881597017736,1.64715703299345,0.0995257728404811,0.999799029641296
CYP2C18,9.98909849712895,0.151576787964315,0.225207445878963,0.673054069649985,0.500912892902699,0.999799029641296
CYP2C8,12.0436333351378,0.347444888676738,0.192745484318565,1.8026097467606,0.0714495252200685,0.999799029641296
CYP2C9,10.7027402549872,0.340153139076428,0.208025009275639,1.63515502420056,0.102016553778635,0.999799029641296
CYP2D6,11.6810297164934,0.174199058749302,0.213967067283876,0.814139582135729,0.415564992520844,0.999799029641296
CYP2E1,14.8950792590928,0.211264168343557,0.182549993924714,1.15729485277707,0.24715191576752,0.999799029641296
CYP2J2,11.3708638280706,0.157076526652912,0.206545900446757,0.76049210520837,0.446960486551838,0.999799029641296
CYP3A4,13.213084479641,0.35262946396512,0.186970769333153,1.88601386849294,0.0592930858200157,0.999799029641296
CYP3A5,10.6891032179078,-0.121876428649821,0.23103433316574,-0.527525181992711,0.59782893388668,0.999799029641296
CYP3A7,9.18106081399516,-0.147758196867344,0.254648677145895,-0.580243331806861,0.561750536167706,0.999799029641296
CYP4A11,12.5870042782643,0.252537862101068,0.194468859451845,1.29860309158445,0.19408017645618,0.999799029641296
CYP4A22,9.56746039796652,0.304256116454077,0.220463277266525,1.38007617516387,0.167563191990831,0.999799029641296
CYP4F11,11.0911761640403,-0.0102993686134632,0.218360062216199,-0.0471669063881554,0.962380203029636,0.999799029641296
CYP4F2,12.3622305740847,0.146965695962199,0.200122339730491,0.734379261006648,0.462717622931949,0.999799029641296
CYP4F3,9.81769761446405,0.305279893730726,0.216986815606851,1.40690526692575,0.159455481594042,0.999799029641296
CYP4V2,10.9522415349194,0.167747308742289,0.208141433088244,0.805929440637463,0.420283534669121,0.999799029641296
CYP51A1,12.5750995995367,-0.0240785562858708,0.204715278047037,-0.117619732711588,0.90636896903433,0.999799029641296
CYP7A1,11.3835263590536,-0.206019684597603,0.222980123815552,-0.923937439231224,0.35551888893539,0.999799029641296
CYP8B1,12.4706715744059,0.117250225578599,0.202183951221802,0.579918558669235,0.56196953986087,0.999799029641296
CYR61,10.0041314941265,0.20462163451358,0.222740232736793,0.918655924883482,0.358275570289435,0.999799029641296
CYSTM1,11.192368669501,-0.0681874234094615,0.221457905586364,-0.307902412555193,0.758156589967713,0.999799029641296
CYTH1,10.4931022953606,-0.0557293034592181,0.228219104971036,-0.244192104189923,0.807082041944498,0.999799029641296
CYTH2,10.6916629673756,-0.061649436270128,0.228207534951657,-0.270146366039964,0.787047652728353,0.999799029641296
DAB2,9.57623302915943,-0.109512977687209,0.243054621099271,-0.450569411895611,0.652299916513433,0.999799029641296
DAD1,11.3184135196046,-0.0523338209482431,0.219454404272083,-0.238472411259329,0.811514710807517,0.999799029641296
DAG1,12.5038348038697,0.0587481786696781,0.206666656928161,0.28426539405483,0.776207004197634,0.999799029641296
DAO,10.6716110767882,0.159385738600247,0.215306305713145,0.740274364340252,0.459133532829194,0.999799029641296
DAP,12.7145483459048,-0.030954276372003,0.205720180234674,-0.15046786531439,0.880395501832935,0.999799029641296
DAP3,10.8987908285519,-0.0403446354846135,0.222210503413493,-0.181560434204766,0.855927701617085,0.999799029641296
DAPK1,11.0268357969885,0.144668067797393,0.210663941685689,0.686724394501449,0.492256421411858,0.999799029641296
DARS,10.9421533386988,-0.0173761283214287,0.220270599712193,-0.0788853725559944,0.937123797990748,0.999799029641296
DARS2,10.0883640082958,-0.219467332284847,0.238028551403338,-0.92202103903477,0.356517601580039,0.999799029641296
DAXX,10.0902365826748,-0.0138578940874632,0.233355816778952,-0.059385252438726,0.952645259177159,0.999799029641296
DAZAP2,12.4225313411215,0.0589228804177703,0.203750009771727,0.289192037260686,0.772434424996338,0.999799029641296
DBI,12.6317564109779,0.0220852059842037,0.203404124771928,0.108577965215638,0.91353723861927,0.999799029641296
DBNDD1,9.51285458597811,-0.326434505168989,0.261917540712487,-1.24632548198566,0.212644926415756,0.999799029641296
DBNL,9.9344461938488,-0.119255970530919,0.242048835551036,-0.492693841139236,0.622228930040101,0.999799029641296
DBT,10.2559711129219,0.134285234387732,0.217774777942444,0.616624366037572,0.537482519081968,0.999799029641296
DCAF10,9.1230567970646,-0.334083118266697,0.253535565314905,-1.3176972542363,0.18760501409494,0.999799029641296
DCAF11,11.4993035418493,-0.0481536550115722,0.216692052660884,-0.22222160167051,0.824141378794847,0.999799029641296
DCAF12,10.5359357338903,0.00611909669151337,0.22287572008212,0.0274551965070881,0.978096674371078,0.999799029641296
DCAF13,10.2431884121428,-0.0850051281746762,0.232152361829619,-0.366160944927465,0.714244982933316,0.999799029641296
DCAF15,10.1742754757378,-0.0261801689229626,0.232737633899217,-0.11248790530499,0.910436559045759,0.999799029641296
DCAF5,10.8025806149371,0.0686835250841301,0.217304256770245,0.31607077608585,0.751948787850554,0.999799029641296
DCAF6,11.6661712059576,0.0808492942645846,0.209088811060605,0.386674417700668,0.69899725747518,0.999799029641296
DCAF7,11.6827851711595,-0.0558153639833059,0.215633011464878,-0.258844244692085,0.795755418561557,0.999799029641296
DCAF8,10.3391248782479,-0.089777156755635,0.230335962034969,-0.389766131013468,0.696709490490887,0.999799029641296
DCAKD,9.93275190709253,0.0750765476279423,0.230047137040268,0.326352888342187,0.744157377517473,0.999799029641296
DCTD,10.3682704760309,0.124160231187472,0.220447662104438,0.56321863431081,0.573286015477793,0.999799029641296
DCTN1,12.6039123307983,-0.120267296413592,0.211171175825676,-0.569525153910562,0.568999805377639,0.999799029641296
DCTN2,10.7157126757354,-0.056058495090928,0.227729747347153,-0.246162373356837,0.805556541185841,0.999799029641296
DCTN4,10.9975329064318,-0.0370072124933276,0.22020649600961,-0.168056861009734,0.866538546514952,0.999799029641296
DCTN6,9.41933442726487,0.0991315574572305,0.232518478970336,0.426338404999962,0.669861276990167,0.999799029641296
DCUN1D1,10.3266238520771,0.00277877164223345,0.22243298991918,0.0124926237031796,0.990032587685763,0.999799029641296
DCXR,13.1737890638729,0.147413342244832,0.193643041506073,0.761263307466741,0.446499811984238,0.999799029641296
DDA1,10.3826710889566,-0.0481325547283673,0.230261700035968,-0.20903413255808,0.834421593222983,0.999799029641296
DDAH1,11.8488688314919,0.0443760338757556,0.207193046619276,0.214177235191188,0.830408847867729,0.999799029641296
DDB1,12.7716823834383,-0.0378065628577064,0.205583469463455,-0.183898846324446,0.854092809874128,0.999799029641296
DDC,10.1138955855845,0.121720374271165,0.224328408604543,0.542599018235535,0.587405915084804,0.999799029641296
DDIT4,11.584896576357,-0.0191845444617434,0.216889333132815,-0.0884531488231168,0.929516520142484,0.999799029641296
DDOST,11.862605367839,-0.0807475567544129,0.215492839287367,-0.374711090268448,0.707875343402042,0.999799029641296
DDRGK1,10.14277466695,0.116806407446121,0.225920163609257,0.517025154284788,0.605138599485627,0.999799029641296
DDT,11.5955822772313,0.109271583378204,0.209505859673385,0.521568148731287,0.601971044863815,0.999799029641296
DDX1,11.1357738469666,0.00281454748173234,0.221845599733727,0.0126869655522153,0.989877537613575,0.999799029641296
DDX10,9.43281753089191,-0.0514118525920833,0.239716592135855,-0.214469312007183,0.830181095656,0.999799029641296
DDX17,13.7935878533309,0.0223857800609718,0.196497069607992,0.113924243784556,0.909297846922116,0.999799029641296
DDX18,10.2843074557439,-0.032398986111396,0.226776167715021,-0.14286768507399,0.886394680296192,0.999799029641296
DDX19A,10.3113064577544,0.0693511732073682,0.223653699811457,0.310082834604713,0.756497965365207,0.999799029641296
DDX21,11.0541297289702,0.0934155034221173,0.212756877101735,0.439071604615856,0.660609653287257,0.999799029641296
DDX23,12.0180292270243,-0.0203719202596225,0.210710142651502,-0.0966822005019285,0.922978775543344,0.999799029641296
DDX24,12.0177630040532,0.0107744734263547,0.209486785248832,0.0514327116794341,0.958980719107752,0.999799029641296
DDX27,10.0736969169034,-0.101383184006509,0.230475115703682,-0.439887767045774,0.660018396263489,0.999799029641296
DDX39B,11.6836664974045,0.0466425196797677,0.211713647408122,0.220309461627925,0.825630151869177,0.999799029641296
DDX3X,12.4094459356095,0.0850220557322507,0.201350727804936,0.422258497196087,0.672836347923703,0.999799029641296
DDX41,11.4295049209782,-0.0966790651401566,0.22084815133322,-0.437762619050795,0.661558371236551,0.999799029641296
DDX42,10.6343847685806,0.318054520475888,0.220620879306064,1.44163381759827,0.149405703041384,0.999799029641296
DDX46,10.5090468944641,-0.00573942586329861,0.225010241835146,-0.0255073983143559,0.979650247406982,0.999799029641296
DDX49,10.6902694087231,-0.0487267788101685,0.22606085562751,-0.215547175006971,0.829340735980934,0.999799029641296
DDX5,13.6807112867044,0.00526535349753998,0.197626870497007,0.0266429027808733,0.97874455392201,0.999799029641296
DDX51,9.54415020260597,0.0292447092612424,0.233982042260629,0.124986981815755,0.900533856524039,0.999799029641296
DDX54,12.3661363407062,-0.121369470153894,0.214519140623525,-0.565774549539585,0.57154704956923,0.999799029641296
DECR1,11.2900354802017,0.166887180083521,0.210343669148993,0.793402438774185,0.427543390321209,0.999799029641296
DECR2,10.2400867967631,0.0337793300704908,0.227606695897894,0.148410968039554,0.882018444683175,0.999799029641296
DEDD,10.1452281599414,-0.0523399922540649,0.232545002297678,-0.225074681188225,0.821921177149436,0.999799029641296
DEDD2,9.61460890133381,0.00340352527121276,0.235922742385515,0.0144264399302851,0.988489765569486,0.999799029641296
DEF8,9.44530635399288,-0.0785075753822588,0.242374745655278,-0.323909882483869,0.746006261873432,0.999799029641296
DEGS1,9.9215649381353,-0.0538424409949046,0.232972107028148,-0.231111104594162,0.81722848841363,0.999799029641296
DEK,11.4165992774712,-0.0289707741917938,0.216163759190196,-0.134022346300442,0.893384904052662,0.999799029641296
DENND1A,10.0315567520347,0.0899041436240212,0.225059552104836,0.399468241997312,0.689548219606153,0.999799029641296
DENND5A,9.97711375884334,0.0168426435362626,0.236267280515685,0.071286398605432,0.943169820029152,0.999799029641296
DENR,10.3689083024325,-0.0628840409567054,0.230820434417038,-0.272437061803154,0.785285978811928,0.999799029641296
DERA,9.65438511135576,0.0179486387612581,0.231774264682978,0.0774401713055086,0.93827338463383,0.999799029641296
DERL1,11.8354068699946,-0.0536688664089628,0.213867259208274,-0.250944752402225,0.801856823752443,0.999799029641296
DERL2,9.50351852460912,0.041165234890164,0.234132072437283,0.17582057196026,0.860434907310495,0.999799029641296
DESI1,10.53464292776,-0.0229784920449095,0.22673752653162,-0.101344018329956,0.919277374468999,0.999799029641296
DESI2,9.83847720005189,-0.00293506293290593,0.231292289401258,-0.0126898434033571,0.989875241605412,0.999799029641296
DGAT1,11.4147810759051,0.0584700622222558,0.213760460762898,0.273530764359226,0.784445247138705,0.999799029641296
DGAT2,12.0162554537824,0.196613094084407,0.200201107272999,0.982077955324698,0.326061444877952,0.999799029641296
DGCR14,9.4887714403508,-0.0219090069388503,0.239838732271284,-0.091348910709171,0.927215355289182,0.999799029641296
DGCR2,11.2344355008128,-0.261969282494387,0.233619545129083,-1.12135002381603,0.26213890012776,0.999799029641296
DGCR6L,11.3595579598768,0.0633145164279053,0.212394175145169,0.298099118700551,0.765627514185887,0.999799029641296
DGCR8,9.02418537000027,-0.465826745869706,0.269499133455064,-1.72849070012827,0.0839002869179265,0.999799029641296
DHCR24,15.523568774919,-0.00175986570086883,0.185651491287232,-0.00947940514060319,0.992436642265668,0.999799029641296
DHCR7,12.6864683493331,0.00104547861745986,0.203395684899955,0.00514012191543838,0.995898794142595,0.999799029641296
DHRS1,10.492180751228,0.158641678517016,0.215452929120058,0.736317111885793,0.461537734762182,0.999799029641296
DHRS2,10.5465696500432,0.0625076223291757,0.226319865917729,0.276191495941847,0.782400988560589,0.999799029641296
DHRS3,11.7497760717318,0.140311081879576,0.207040044070591,0.677700212581756,0.497961791624998,0.999799029641296
DHRS4,10.491916473415,0.160648781235452,0.216225783665536,0.742967737297918,0.457501213482385,0.999799029641296
DHRS4-AS1,10.5907786392101,0.110494013029543,0.217184001737449,0.508757607123925,0.610922137649948,0.999799029641296
DHRS7,11.5004786441158,-0.00734242828289237,0.214943661252281,-0.0341597804751008,0.972749738340579,0.999799029641296
DHTKD1,11.8059642382996,0.0135882911828566,0.205977741759053,0.0659697065654396,0.947401943557572,0.999799029641296
DHX15,10.6614416066734,0.00170754883738074,0.222483027911741,0.00767496223603233,0.993876326246397,0.999799029641296
DHX16,10.2426233401813,-0.0578490816708464,0.23036735579244,-0.251116663087318,0.801723913313855,0.999799029641296
DHX29,9.47415947703418,0.0186004563012231,0.233554527596061,0.0796407438240424,0.936522989230285,0.999799029641296
DHX30,10.4661346776757,0.0781973470894882,0.226666457469817,0.34498861438244,0.730102930293878,0.999799029641296
DHX33,9.54595728387154,0.0226165976233846,0.231907632206712,0.0975241625649699,0.922310146734331,0.999799029641296
DHX37,10.1308708476578,-0.0630126916705562,0.232387496220588,-0.271153537498175,0.786272946378171,0.999799029641296
DHX38,10.437348770689,0.0358410815194398,0.225118874395709,0.159209580341269,0.873503756117741,0.999799029641296
DHX40,9.52995294200063,-0.0619761999500417,0.235647547747524,-0.263003797588608,0.792547652080008,0.999799029641296
DHX8,9.2501254449395,0.00586945656467055,0.236165272563187,0.0248531738005644,0.980172077577929,0.999799029641296
DHX9,12.0320759461899,-0.0329714082812327,0.210618622416333,-0.156545550925016,0.875603017354685,0.999799029641296
DICER1,9.78335590959916,0.163626348032064,0.223905262260806,0.73078384304104,0.464911193867461,0.999799029641296
DIDO1,11.3326614828704,-0.00472653634923545,0.218281830560034,-0.0216533659128148,0.982724463651063,0.999799029641296
DIEXF,9.87884894823863,-0.0438428300332006,0.232968036386177,-0.188192469290186,0.850725775655358,0.999799029641296
DIO1,10.2079529956118,0.0779076538434143,0.222850777801936,0.349595611071443,0.726642205202307,0.999799029641296
DIP2B,9.61533646151379,-0.00831433923965859,0.233858341584599,-0.0355528872022332,0.971638875115657,0.999799029641296
DIP2C,8.9325789023407,0.194659303055929,0.232689236670734,0.836563417548107,0.402838015785742,0.999799029641296
DIS3,9.92247493749348,0.0630966447255015,0.226260592374719,0.278867141923701,0.780346785535592,0.999799029641296
DIS3L2,9.37600435493099,-0.0645336799844542,0.242025421585031,-0.266640089135353,0.789746286065101,0.999799029641296
DKC1,10.7743820030289,-0.063207677646094,0.225584776397244,-0.280194783777379,0.779328068399256,0.999799029641296
DLAT,10.3380455920968,-0.0519792681541157,0.232292282603273,-0.223766659708148,0.822938873848792,0.999799029641296
DLC1,9.60036116335313,0.19492252976265,0.22061531399562,0.883540341023286,0.376944396399584,0.999799029641296
DLD,11.2749598297514,-0.00747663438006923,0.215092689587063,-0.0347600580680959,0.972271070414243,0.999799029641296
DLG5,9.25246578653998,0.0391781248990155,0.242136426303491,0.161801863094775,0.871461885839802,0.999799029641296
DLGAP4,11.6262928514328,-0.015327751748335,0.215921280158016,-0.070987684665068,0.943407556976354,0.999799029641296
DLL4,9.44777211808165,-0.588756270810659,0.278732353860332,-2.11226383538409,0.0346638259274002,0.999799029641296
DLST,11.6528297619192,0.0380669111966675,0.211519019051271,0.179969212070903,0.857176738728111,0.999799029641296
DMD,10.732232220672,0.137159396284103,0.211275032384479,0.649198320956827,0.516210196845287,0.999799029641296
DMGDH,10.7549214544848,0.142472383957034,0.209728454980821,0.679318330791418,0.496936184199105,0.999799029641296
DMTF1,8.8352839911243,-0.0255220312823168,0.243644515351198,-0.104751101191539,0.916573312086424,0.999799029641296
DMXL1,9.61482362381445,0.02440668660915,0.231910168829863,0.105241985430383,0.916183796128689,0.999799029641296
DNAAF5,10.1577458917044,-0.0650354696204321,0.232550503966164,-0.279661701485261,0.779737064054208,0.999799029641296
DNAJA1,12.5756230259056,0.0182703914347428,0.204825911583536,0.089199610017561,0.928923275304648,0.999799029641296
DNAJA2,10.9254321607716,0.0536983690235544,0.217560209010807,0.246820727318235,0.805046968598584,0.999799029641296
DNAJA3,11.6812010964392,-5.36126086021235e-05,0.212850653656107,-0.000251878994408648,0.999799029641296,0.999799029641296
DNAJB1,12.1435783449916,-0.015589246233429,0.209570775457782,-0.0743865464990342,0.940702813482767,0.999799029641296
DNAJB11,11.9759447180961,-0.138657604151902,0.218186567229579,-0.635500186434502,0.525102245167562,0.999799029641296
DNAJB12,10.9136425165019,0.0255620711557914,0.220437909921301,0.115960413365003,0.907683915638645,0.999799029641296
DNAJB2,11.5270980287334,-0.0561428060690006,0.217528608787317,-0.258093895704049,0.796334442552023,0.999799029641296
DNAJB6,11.2619370195502,-0.0439877727169205,0.219661010585543,-0.200252983447831,0.841282731471273,0.999799029641296
DNAJB9,11.0092645113148,0.0074813168561374,0.218850550618562,0.0341845923393481,0.972729952892658,0.999799029641296
DNAJC1,10.7610940150742,0.043915829092558,0.222730873882683,0.197169922278891,0.843694567115364,0.999799029641296
DNAJC10,9.88107829715336,-0.00299336802574359,0.23369351057201,-0.0128089480038052,0.989780217606901,0.999799029641296
DNAJC11,11.6820463478217,0.0346668356200393,0.211596653987992,0.163834517071365,0.86986141811414,0.999799029641296
DNAJC13,10.2302700920404,-0.0360577009173371,0.22881737889866,-0.15758287718743,0.874785497000845,0.999799029641296
DNAJC14,10.2567549125706,-0.332845053433838,0.250525054264681,-1.32858988659148,0.183983310452369,0.999799029641296
DNAJC15,9.36215039251871,0.0466607175909039,0.232564985283695,0.200635179599305,0.840983848023996,0.999799029641296
DNAJC19,9.96302958922403,0.0598832133820401,0.22777209717347,0.262908469145952,0.792621128453319,0.999799029641296
DNAJC2,9.61489681383349,-0.0390970725344771,0.237691849106817,-0.164486383026568,0.86934826552069,0.999799029641296
DNAJC21,9.59855070480506,0.00189429427332096,0.23612761662971,0.00802233258590648,0.993599173345362,0.999799029641296
DNAJC25,9.94722129718985,0.179875055066097,0.220300069727889,0.816500218489607,0.414214098617766,0.999799029641296
DNAJC3,10.1017399211732,-0.087467329524899,0.23237904936007,-0.376399377507431,0.706620008708056,0.999799029641296
DNAJC30,9.63914371541278,0.04232174735994,0.234182448896061,0.180721260536156,0.856586370066013,0.999799029641296
DNAJC5,7.7570954070705,0.24682515452812,0.49210759024076,0.501567460902934,0.61597181302131,0.999799029641296
DNAJC7,10.5781181282281,-0.0312252277356881,0.226453906331999,-0.137887785825648,0.890329103694927,0.999799029641296
DNAJC8,10.7468834601731,0.00632064481561498,0.222832545068998,0.0283649985403068,0.977371040080406,0.999799029641296
DNASE2,11.1076084313909,-0.0472601468413555,0.221752741871901,-0.21312091315045,0.831232653006718,0.999799029641296
DNM1L,9.78281278298747,-0.128307723802604,0.238971767125333,-0.536915826275456,0.591325758452983,0.999799029641296
DNM2,10.9689172154854,0.0558702953936848,0.219737682529517,0.254259054480471,0.79929543030692,0.999799029641296
DNMT1,10.1352728307135,0.0116585993849141,0.237420278436806,0.0491053226863151,0.96083536163648,0.999799029641296
DNPEP,9.87785423001743,-0.0222992205380819,0.229684616044055,-0.0970862608134134,0.92265789159818,0.999799029641296
DNPH1,10.7584263170929,-0.0443396031659165,0.225866326157165,-0.196309046683938,0.844368280927901,0.999799029641296
DNTTIP2,10.2565319851184,-0.0924404093848236,0.232019242345708,-0.398416995289933,0.690322832243276,0.999799029641296
DOCK1,10.2576546433164,0.0215752423371899,0.22560917699588,0.0956310493415076,0.923813604397992,0.999799029641296
DOCK4,9.81050282793747,-0.00716427863102174,0.231377171961977,-0.030963636430819,0.975298539682852,0.999799029641296
DOLK,9.93430845365412,-0.0858052054203109,0.23669216243723,-0.362518152425374,0.716964861059897,0.999799029641296
DOLPP1,10.4794990972323,0.039279569948099,0.223205222655257,0.17597961858073,0.860309954569431,0.999799029641296
DOT1L,10.1077332158644,-0.20167959546513,0.260855081726416,-0.773148041166594,0.439434772202271,0.999799029641296
DPF2,9.36217340734157,0.10622572329036,0.234698052585867,0.452605899878511,0.650832549640716,0.999799029641296
DPH3,9.54277096151022,-0.0525199070203356,0.237505941061064,-0.221130919023337,0.824990496213479,0.999799029641296
DPM1,10.185527899347,-0.0382558247866114,0.230527542290354,-0.165949041951905,0.868197052628429,0.999799029641296
DPP4,11.6615944531382,-0.143322764283679,0.21494004840618,-0.666803442850431,0.504897693319881,0.999799029641296
DPP7,11.2489611645494,0.12699787588386,0.21338997076951,0.595144539482762,0.551746858705057,0.999799029641296
DPP9,10.6874076936014,-0.116667141467588,0.230231774233967,-0.506737794362947,0.612338808251628,0.999799029641296
DPYD,10.3980041455133,0.165751179061825,0.216600351985857,0.765239657009642,0.444128849088153,0.999799029641296
DPYS,13.0349350813995,0.123744240882889,0.194627732971113,0.635799631398139,0.524907027753451,0.999799029641296
DPYSL2,10.8717673454705,0.00341995038034605,0.220926255446224,0.0154800540725161,0.987649197131867,0.999799029641296
DR1,9.89255315980837,-0.0805513947495584,0.23471312562692,-0.343190840028248,0.731454895292102,0.999799029641296
DRAP1,11.4031346627101,-0.0722854284584074,0.221022781961714,-0.327049672512623,0.743630315894293,0.999799029641296
DRG1,10.0888727036052,-0.045547960189334,0.232625911425118,-0.195799169190985,0.844767360376869,0.999799029641296
DSCR3,9.91990955325065,0.0582258569766094,0.227942484092736,0.255441003937295,0.798382504366507,0.999799029641296
DSG2,9.34864935048064,-0.0195718798473618,0.232547235494015,-0.0841630295272443,0.932926812024422,0.999799029641296
DSP,13.1205777376867,-0.0414684813173484,0.202817145748841,-0.20446240461692,0.837992168158417,0.999799029641296
DSTN,11.1791171947305,0.0206502069861003,0.217272557981407,0.0950428677139585,0.924280777499407,0.999799029641296
DTX3L,11.6672236960543,-0.0471311738931909,0.214320969517977,-0.219909297719175,0.825941795026444,0.999799029641296
DUS1L,12.4364051533678,-0.0661607774086577,0.210293766615891,-0.314611214936782,0.753056862992205,0.999799029641296
DUSP1,12.3663973008016,0.21486691127649,0.197087878986532,1.09020865403485,0.275621242093607,0.999799029641296
DUSP10,10.3950284616567,0.0913795922555419,0.219234109836818,0.416812841412124,0.676815308913032,0.999799029641296
DUSP16,10.5620208491021,0.0291870812894134,0.217136362539551,0.134418210510905,0.893071882405329,0.999799029641296
DUSP22,10.0336891330038,0.0247919038854372,0.229330512957761,0.108105561556928,0.913911956527642,0.999799029641296
DUSP3,12.4911776568605,-0.066619075530248,0.20870164391096,-0.319207239012791,0.749569367952016,0.999799029641296
DUSP6,11.4166729639394,0.154124668143956,0.208508087299348,0.739178370202419,0.459798693215688,0.999799029641296
DUSP7,9.83680764270247,-0.138146510058689,0.241079840601839,-0.573032194288066,0.566622895852835,0.999799029641296
DUT,10.0326064869572,-0.0963664637520201,0.236754656057439,-0.407030912746403,0.683985284073365,0.999799029641296
DVL1,11.1089058234593,0.0283152186423357,0.218770072884651,0.129429122863918,0.897018104770809,0.999799029641296
DYNC1I2,9.8250046854706,-0.0319025454128317,0.231319846561284,-0.137915297312718,0.89030736043418,0.999799029641296
DYNC1LI1,9.51582697437189,-0.00595766161367799,0.235643497247084,-0.0252825207709045,0.979829615879549,0.999799029641296
DYNC1LI2,10.3378626450646,0.0135209377222104,0.221360119719186,0.0610811818287904,0.951294555888973,0.999799029641296
DYNLL1,11.2487588016622,-0.068385666523556,0.221262426047869,-0.309070399999868,0.757267974960998,0.999799029641296
DYNLL2,11.6523603278724,0.00336469826232098,0.212984081081342,0.0157978861388986,0.987395634843936,0.999799029641296
DYNLRB1,11.0673647805289,-0.0252216755897707,0.221792449652639,-0.1137174670701,0.909461765624703,0.999799029641296
DYNLT3,9.61331394545175,-0.176764452209503,0.24385866636517,-0.724864343942588,0.468535257108997,0.999799029641296
DYSF,9.66937296522433,0.0341117869709468,0.221896756471068,0.153728191044534,0.877824055754192,0.999799029641296
EAF1,10.2571435508794,0.0686903377417317,0.221974813072683,0.309451044426558,0.756978446610665,0.999799029641296
EAPP,9.90699235465734,0.0123343798605777,0.231221636635987,0.0533444016746396,0.95745750312154,0.999799029641296
EARS2,10.1159217352611,0.0192874221837194,0.227325098755693,0.0848451063665773,0.932384533106113,0.999799029641296
EBAG9,10.4381958274433,0.0392793409975107,0.223228171106273,0.175960501772023,0.860324973236541,0.999799029641296
EBLN3,10.60712487868,0.0336932196099957,0.221456970221159,0.15214341448069,0.879073822953582,0.999799029641296
EBNA1BP2,11.3310064536147,-0.0492211316179243,0.21817864230796,-0.225600137104385,0.821512434205333,0.999799029641296
EBP,11.7780348811098,0.10168199970018,0.207716509031682,0.489522956909848,0.624471505771551,0.999799029641296
ECD,9.47476444601658,-0.0291315328177261,0.23791075785724,-0.122447312093414,0.902544770752108,0.999799029641296
ECE1,12.5062616490249,0.0847973724151312,0.201301128154179,0.421246384422565,0.673575176798936,0.999799029641296
ECH1,11.8758883809877,0.13720019463419,0.205736542963873,0.666873238257348,0.504853106416704,0.999799029641296
ECHDC1,10.2982609410145,-0.00355437928894398,0.223796820338731,-0.0158821706383683,0.987328393979229,0.999799029641296
ECHDC3,10.8405218256625,0.0247610197339521,0.217040545359179,0.114084765558321,0.909170598694343,0.999799029641296
ECHS1,12.769456293873,0.148692407793958,0.196932317555815,0.755043202859864,0.450223060362357,0.999799029641296
ECI1,11.135747633819,0.137395433801553,0.213158968915421,0.644567922713447,0.519207227807232,0.999799029641296
ECI2,12.812178713778,0.0605360051598006,0.199757490757609,0.303047484878835,0.761853674296137,0.999799029641296
ECSIT,10.3390260649568,0.0190675031402317,0.226966984191631,0.0840100299527827,0.933048457212652,0.999799029641296
EDC3,9.89348994117466,-0.095774882552386,0.236687540271847,-0.404646913151339,0.685737069334688,0.999799029641296
EDC4,10.7585638628161,0.219958348505098,0.220006660721851,0.999780405663199,0.317416790332699,0.999799029641296
EDEM1,9.05493277472437,-0.398385336968878,0.293657581143105,-1.35663222252974,0.174898097991844,0.999799029641296
EDEM2,9.82278122813613,-0.106201116369502,0.239165493611515,-0.444048657545925,0.657007405353828,0.999799029641296
EDEM3,9.39341189250395,-0.0120664729699599,0.269370354826205,-0.0447951036696115,0.964270627882694,0.999799029641296
EDF1,12.9675306677315,0.00833994724861387,0.203039055318838,0.0410755814220934,0.96723564137243,0.999799029641296
EDNRB,9.61414635032448,0.242208203380802,0.219624547307046,1.10282846954344,0.270101662206645,0.999799029641296
EEF1A1,16.391518188283,0.0501925043661466,0.18151007329682,0.276527376439696,0.782143035712322,0.999799029641296
EEF1B2,12.7030129677853,0.036688371777524,0.203219210607485,0.180535942777512,0.856731839685795,0.999799029641296
EEF1G,11.4844932428408,-0.0207135730230708,0.222314596114821,-0.093172348487513,0.925766641520493,0.999799029641296
EEF2,16.543958407662,0.0471631971007748,0.181581020424291,0.259736380986136,0.795067127501979,0.999799029641296
EEF2K,9.72671938825675,0.179318514362517,0.231395612998023,0.774943448750904,0.43837307660676,0.999799029641296
EEFSEC,10.3671784533039,-0.00254137204207305,0.226792257800841,-0.0112057266271619,0.991059310843205,0.999799029641296
EEPD1,10.1994952335363,-0.00381298882721311,0.229246447973526,-0.0166327062465694,0.98672963235203,0.999799029641296
EFCAB14,10.1880456392509,0.0476364280458989,0.226111920060188,0.210676323624242,0.833139850957051,0.999799029641296
EFHD2,11.12348863086,-0.0350635974354226,0.22365793293708,-0.156773323328919,0.875423497743311,0.999799029641296
EFNA1,11.9464411506547,0.0177432991915335,0.209819531213256,0.0845645736073045,0.932607564311498,0.999799029641296
EFNB1,10.019706518272,0.0678272522208473,0.227855996636279,0.2976759585973,0.765950494298294,0.999799029641296
EFNB2,9.5600470801027,-0.0328853625005075,0.238084924501595,-0.13812450565423,0.890142018690839,0.999799029641296
EFR3A,10.7871239229263,-0.0815399148885398,0.222250223997751,-0.366883386760343,0.713706004106324,0.999799029641296
EFTUD1,9.59966176673806,-0.0599324278005934,0.237335081125921,-0.252522414791244,0.800637290869566,0.999799029641296
EFTUD2,10.4088780318164,-0.0253731207066719,0.228741587294744,-0.110924825724749,0.911675959001681,0.999799029641296
EGFL7,9.9083102130143,0.0236314709719874,0.23367469503042,0.101129782019876,0.919447436600378,0.999799029641296
EGFR,10.0196542972762,-0.0543637901355429,0.216695182638995,-0.250876782185374,0.801909375595143,0.999799029641296
EGLN1,11.0514855628582,-0.0273438700619004,0.220214571643068,-0.124169213044723,0.901181297989974,0.999799029641296
EGLN2,11.1359654655201,-0.29131641711019,0.236420250720124,-1.23219739520136,0.217875356104212,0.999799029641296
EGR1,12.1021862075002,0.225512055436211,0.200903395204706,1.12249001668902,0.261654149938258,0.999799029641296
EHBP1,9.8250690307478,0.126459876634096,0.225751872092928,0.560171995304832,0.575362126799508,0.999799029641296
EHBP1L1,9.74312061962416,-0.159581256189205,0.245746979930168,-0.649372196698213,0.516097830565888,0.999799029641296
EHD1,10.9832581618432,0.0182536795989745,0.22049442946001,0.0827852188541801,0.934022322425861,0.999799029641296
EHD2,10.5231124938188,-0.119069886463153,0.23202707696542,-0.513172376346829,0.607830747125971,0.999799029641296
EHD4,9.97455269053866,-0.0488564921110998,0.233327327072323,-0.209390356132422,0.834143520600299,0.999799029641296
EHHADH,12.8669409152617,0.0907887081901167,0.19674368499164,0.461456784211266,0.644470919729354,0.999799029641296
EHMT1,9.26623281215413,-0.50713697966876,0.278761602940691,-1.81924976151273,0.0688733341467711,0.999799029641296
EHMT2,10.1456776995429,-0.145887046144962,0.238425784180038,-0.611876130120229,0.540619715504447,0.999799029641296
EI24,11.8761694886856,0.0659889726401956,0.20729082968067,0.318340047853786,0.750227009311982,0.999799029641296
EID1,12.0729046745095,-0.0255585518982,0.210789125359563,-0.121251757435789,0.903491629987477,0.999799029641296
EIF1,12.3100751806317,0.034061476799001,0.206531933372694,0.164921115310221,0.869006072358637,0.999799029641296
EIF1AD,9.44558212570103,-0.101333308189051,0.244092054760063,-0.415143820591206,0.678036622127487,0.999799029641296
EIF1AY,7.67468743018064,-0.619528996061039,0.337112025386452,-1.83775406810491,0.0660986526971978,0.999799029641296
EIF1B,10.3401445400356,0.0314063165847315,0.225118761328313,0.139509991967878,0.889047160704927,0.999799029641296
EIF2A,11.0382811138658,-0.0139639999531824,0.220218557400679,-0.0634097331215164,0.949440236939983,0.999799029641296
EIF2AK1,11.4855160732051,-0.0358581760881363,0.218010580522904,-0.164479063365317,0.869354027294694,0.999799029641296
EIF2AK4,10.3549790467017,0.00431560260461088,0.225054857176247,0.0191757807796665,0.984700878188439,0.999799029641296
EIF2B1,10.5363872831296,-0.0771190517129979,0.227807079882879,-0.33852789716916,0.734965407853538,0.999799029641296
EIF2B2,9.37480974265065,-0.00818507978302826,0.240201083719823,-0.0340759486021951,0.972816587579114,0.999799029641296
EIF2B4,10.0750421850958,-0.120474282515609,0.236403170716185,-0.509613649218963,0.610322159538189,0.999799029641296
EIF2B5,9.40453162269776,-0.0452375737294694,0.239806344343784,-0.188642105584234,0.850373329759817,0.999799029641296
EIF2D,9.59790104702392,0.0650026825084502,0.234758347325443,0.276891890103221,0.781863119989461,0.999799029641296
EIF2S1,10.7180259639098,0.0263840631620772,0.220941038955257,0.119416760629157,0.904945183248139,0.999799029641296
EIF2S3,12.2540372002955,0.0577089916391716,0.206586309877541,0.279345672389328,0.779979559219466,0.999799029641296
EIF3A,12.0750046211574,0.286215569923567,0.209895441969048,1.36361022058675,0.172690273655616,0.999799029641296
EIF3B,12.1986797236312,-0.123750077770472,0.214753827556636,-0.576241546790759,0.564451926449054,0.999799029641296
EIF3C,12.2407195984769,-0.0625834621701405,0.2104404919725,-0.297392681339668,0.766166730521381,0.999799029641296
EIF3CL,12.4631894082938,-0.00508603037965896,0.211607171750679,-0.0240352457697013,0.980824494762343,0.999799029641296
EIF3D,12.2560065652704,-0.0247880671590968,0.21032210963434,-0.117857638467932,0.906180458845139,0.999799029641296
EIF3E,12.7169558339862,0.032903534028621,0.203242555935804,0.161892935645889,0.871390165971637,0.999799029641296
EIF3F,11.1651574458445,0.0562614292832769,0.215371165629721,0.261230091404181,0.793915073957824,0.999799029641296
EIF3G,12.408232368275,-0.0392524000687085,0.21022745710122,-0.186713955493498,0.851884913623405,0.999799029641296
EIF3H,12.353658183226,-0.0402867098970503,0.210156276351717,-0.191698818595485,0.84797813144986,0.999799029641296
EIF3I,11.9611204428372,0.00220662732397678,0.211084212062259,0.0104537772030338,0.99165924448289,0.999799029641296
EIF3J,9.20876009691195,-0.435814388096661,0.265249401134385,-1.64303627541787,0.100375428071644,0.999799029641296
EIF3K,10.2432970683443,0.00919204571901033,0.228680015468116,0.0401961041510072,0.967936783558855,0.999799029641296
EIF3L,12.2272976052421,0.0649142961723972,0.203899527793936,0.318364131956208,0.750208742486618,0.999799029641296
EIF3M,11.5012386543405,0.046817312604453,0.213236964748499,0.219555332067643,0.826217482360556,0.999799029641296
EIF4A1,11.4704476796343,0.0334731809854753,0.215518229425907,0.155314847726062,0.876573110859648,0.999799029641296
EIF4A2,11.6809579512539,0.0497167641880696,0.210437921310743,0.236253826679153,0.813235713780577,0.999799029641296
EIF4A3,10.2985192718212,-0.0650942860720931,0.23027638183609,-0.282678951063367,0.777422953040295,0.999799029641296
EIF4B,12.8406602850489,0.0888253911444988,0.199809119622174,0.444551236262197,0.65664409418028,0.999799029641296
EIF4E2,10.8998278281788,0.00373335157524457,0.22055048341649,0.0169274241317099,0.986494514605986,0.999799029641296
EIF4EBP1,10.0042084234826,0.0443357289031375,0.229518563098968,0.193168379518044,0.846827101811255,0.999799029641296
EIF4EBP2,13.2180699156998,-0.0292573964032701,0.201374375006844,-0.14528857707082,0.884483033208001,0.999799029641296
EIF4ENIF1,9.99260408802038,-0.0119687486585937,0.230979061468172,-0.0518174616457299,0.958674141861196,0.999799029641296
EIF4G1,12.7818816650514,-0.012973468155655,0.203247715627733,-0.0638308190357086,0.949104938247202,0.999799029641296
EIF4G2,13.9039684851417,-0.0142281210773083,0.196164522019044,-0.0725315716158244,0.942178881111417,0.999799029641296
EIF4H,13.0926028455289,0.0122315272127945,0.200424782624528,0.0610280178559991,0.951336895614323,0.999799029641296
EIF5,12.1443494406251,0.13387983069256,0.202068579439854,0.662546503091591,0.507621042262004,0.999799029641296
EIF5A,12.9122447816677,0.0672633774480534,0.200835751143261,0.334917349451756,0.737687434208415,0.999799029641296
EIF5AL1,9.64320291466177,0.112279890533103,0.230504266707825,0.487105475906106,0.626183586045213,0.999799029641296
EIF5B,10.7176284423791,0.0869697420766639,0.226791107995944,0.383479506075781,0.701364262796902,0.999799029641296
EIF6,10.5345843599856,-0.0179839122413551,0.226484335266277,-0.0794046626677801,0.936710760081571,0.999799029641296
ELAC2,11.2071588264088,0.0176157455293154,0.216790011475784,0.0812571825122264,0.935237424744969,0.999799029641296
ELAVL1,10.547365052766,-0.207569049095541,0.238846293817046,-0.869048649565971,0.384820521759188,0.999799029641296
ELF3,10.7863201287089,-0.104709001688622,0.228423452999229,-0.458398646521534,0.646666063889544,0.999799029641296
ELK1,10.2692241919517,0.0358716928662584,0.227005664720843,0.158021135333214,0.874440144369915,0.999799029641296
ELK3,9.65737406741758,-0.034184160869585,0.235590001869443,-0.145100219017481,0.884631745368643,0.999799029641296
ELK4,8.64047921732003,-0.421133054550496,0.299243542593197,-1.40732545438081,0.159330904747256,0.999799029641296
ELL2,10.8842298425229,0.0623503597390863,0.219540069908637,0.284004463353928,0.776406960164008,0.999799029641296
ELMO1,11.0814613802156,-0.0353977998302024,0.220268982810276,-0.160702607233137,0.872327635851754,0.999799029641296
ELMO2,9.29076499524443,-0.0890716162387574,0.238162842452571,-0.373994596812455,0.708408336096258,0.999799029641296
ELOF1,9.4318053259441,0.0101674874688203,0.238018433122794,0.0427172271299462,0.965926946840271,0.999799029641296
ELOVL1,10.4092146489986,-0.121443671854079,0.231813062497848,-0.523886232059102,0.600357671378615,0.999799029641296
ELOVL2,11.639050003195,-0.0806896611168994,0.218563136404134,-0.36918239024398,0.71199178076728,0.999799029641296
ELOVL5,12.4627096136399,-0.0774371270733241,0.208562032899884,-0.371290622730439,0.710421081576812,0.999799029641296
ELP2,9.24957599154391,0.0600472118089161,0.238780118409951,0.251474922655929,0.801446948179295,0.999799029641296
ELP3,10.3964862030676,0.0617487347823733,0.223520797891189,0.276254985508924,0.782352227375823,0.999799029641296
EMC10,11.27614616659,0.0295580854302956,0.217246773012389,0.136057650111148,0.891775706439536,0.999799029641296
EMC2,10.2706478340695,-0.0483572541340836,0.230329111142579,-0.209948511910634,0.833707858869685,0.999799029641296
EMC3,10.0327212292936,0.0141378456488899,0.229589650472993,0.0615787585362125,0.950898293066214,0.999799029641296
EMC4,11.0252831218161,-0.016615935336626,0.220179110346624,-0.0754655394440819,0.939844314865258,0.999799029641296
EMC7,10.3823662554335,-0.10601681300049,0.231926567540637,-0.457113706828411,0.647589318732379,0.999799029641296
EMD,10.4925698734514,-0.079029274973905,0.229933507006347,-0.34370490844435,0.731068219429269,0.999799029641296
EML2,9.36015090142297,-0.0687189954121804,0.242367323291829,-0.28353242705675,0.776768727850936,0.999799029641296
EML4,9.35217786577757,0.0697591172199752,0.239381543179051,0.291413933979853,0.770734759004491,0.999799029641296
EMP2,11.0120061337891,0.0930454080504913,0.216427923201613,0.429914064109995,0.66725815444975,0.999799029641296
ENAH,10.6909376016276,-0.273601983097045,0.237174522482068,-1.15358926512746,0.248668601506403,0.999799029641296
ENC1,8.29015607875011,-0.188813418595409,0.270299678167971,-0.698533641901251,0.484843526433895,0.999799029641296
ENG,12.0593824438139,0.0827325013989306,0.207409603883393,0.398884621781753,0.689978220883386,0.999799029641296
ENGASE,9.80971480623661,-0.0768715155405219,0.237344168869934,-0.323882048194106,0.746027335515205,0.999799029641296
ENO1,14.1549692493758,-0.0198165050909125,0.196212353907012,-0.10099519574748,0.919554273915406,0.999799029641296
ENOPH1,9.71191825966819,-0.0327481480846622,0.235246070966711,-0.139208055420812,0.889285743180751,0.999799029641296
ENOSF1,10.3273271271731,0.153195853962848,0.22117273964678,0.692652513178189,0.488527646620988,0.999799029641296
ENPEP,10.8258678345239,0.162004371229558,0.213958318806808,0.757177248975479,0.448943678563268,0.999799029641296
ENPP1,7.97345523100139,0.380651773614194,0.35858110035307,1.06155001822291,0.288440014440926,0.999799029641296
ENPP7,9.25567351346127,-0.113060715644046,0.2517460713161,-0.449106176922554,0.653355064759998,0.999799029641296
ENSA,10.8843740090009,0.00155312840699196,0.220537028807374,0.00704248359285065,0.994380957519139,0.999799029641296
ENTPD1,10.0222103370846,-0.0882274299196163,0.236762469185372,-0.372641112517453,0.709415569832347,0.999799029641296
ENTPD7,9.20668967151191,0.0389059413980426,0.240238357381612,0.161947250314576,0.87134739353373,0.999799029641296
ENY2,10.6056035531416,0.0251428263305286,0.222979615849545,0.112758407241556,0.910222094183176,0.999799029641296
EPAS1,13.5130828795307,0.0820551137117039,0.193602189952256,0.423833602977009,0.671687169796649,0.999799029641296
EPB41L4B,10.7016367575217,0.204617071334532,0.211889797979587,0.965676843744238,0.33420591013126,0.999799029641296
EPB41L5,10.0153018639351,-0.0413809259768395,0.221928982187109,-0.186460216097198,0.852083874661279,0.999799029641296
EPDR1,9.2899481893489,-0.318004921904442,0.257633246925248,-1.23433184846951,0.217079272870867,0.999799029641296
EPHA1,9.29516634496935,-0.150358107398456,0.238628285997414,-0.630093397226535,0.52863347940365,0.999799029641296
EPHA2,9.97795100133838,0.264449766065509,0.219523202435802,1.20465519421732,0.228336439763879,0.999799029641296
EPHB4,11.5272662480382,-0.0837806118764174,0.219158946800897,-0.382282416937013,0.702251895338034,0.999799029641296
EPHX1,16.4714289879744,0.0108359308406333,0.181844306674119,0.0595890574680035,0.95248293375764,0.999799029641296
EPHX2,9.90349412372285,0.199454493430407,0.228331878154885,0.873528895930642,0.382374863238731,0.999799029641296
EPM2AIP1,10.3015403468385,0.0533124381108687,0.222178282469414,0.239953417221181,0.81036636932436,0.999799029641296
EPN1,10.786244312596,0.00664523031302314,0.227830512545601,0.0291674290628349,0.976731058018309,0.999799029641296
EPRS,11.0955346172313,-0.187881070747923,0.228658852735078,-0.821665413346581,0.411267348877067,0.999799029641296
EPS15,8.80120755265682,-0.293188218789975,0.258793947647796,-1.13290214649451,0.257255348504507,0.999799029641296
EPS8,10.04553137899,0.0479961570774009,0.223280480113272,0.214959037409146,0.8297992553862,0.999799029641296
EPS8L2,10.8013485478729,-0.0901486567269414,0.232953446280774,-0.386981425543227,0.698769959001326,0.999799029641296
EPT1,10.2869225452982,0.126470642967668,0.222646583165147,0.568033163454654,0.570012449470542,0.999799029641296
ERAL1,10.7593154821199,-0.0187712435267097,0.222366908042845,-0.0844156340164289,0.932725977505372,0.999799029641296
ERAP1,10.1188431614611,0.0479773658557716,0.224096705104023,0.214092241264775,0.830475126105462,0.999799029641296
ERAP2,8.7212933588505,0.16174832894794,0.261169586582863,0.619322988806819,0.535703602914429,0.999799029641296
ERBB2,11.5839989120194,-0.00467507393382422,0.2139693852555,-0.021849265623873,0.982568195267595,0.999799029641296
ERBB2IP,11.3335326885266,-0.0313767605425626,0.216353578254766,-0.145025382966466,0.884690830941075,0.999799029641296
ERC1,9.96282605790906,0.0123778897068399,0.229673586867591,0.0538933966054002,0.957020097767164,0.999799029641296
ERCC1,10.4812263538514,-0.0462806955492203,0.228229540490734,-0.202781355339491,0.839305931459716,0.999799029641296
ERCC3,9.69592825054098,-0.0707971572233815,0.23723721628516,-0.298423486550622,0.765379965579406,0.999799029641296
ERF,11.9054465724333,0.00989028330022959,0.211141451209867,0.0468419784156877,0.962639171797946,0.999799029641296
ERGIC1,12.9654028284855,-0.0874591501996128,0.20706545299822,-0.422374418007646,0.672751747408985,0.999799029641296
ERGIC3,11.9188342166006,-0.0332154130712921,0.212281896486028,-0.156468420628974,0.875663809316727,0.999799029641296
ERH,10.9146816187717,0.00811125920098415,0.220432933367354,0.036796948065227,0.970646907493341,0.999799029641296
ERLEC1,10.7600731382446,-0.0495541715705156,0.224093403279472,-0.221131772936285,0.824989831345585,0.999799029641296
ERLIN1,9.86371937077972,0.196258778200704,0.220394277063612,0.890489448344697,0.37320313167829,0.999799029641296
ERLIN2,10.4796059173382,-0.0208106966608436,0.225051546274555,-0.0924708006025218,0.926323989544082,0.999799029641296
ERMP1,6.6259670452076,-0.250335154996481,0.881360857702461,-0.28403253083993,0.776385450824885,0.999799029641296
ERO1A,9.57772847478361,0.0617725382421119,0.410048827144242,0.150646786804203,0.880254351996335,0.999799029641296
ERP29,12.3095293768878,0.0847593101162593,0.205490655425675,0.412472819947359,0.679992898611198,0.999799029641296
ERP44,11.402446462445,0.0317605173724678,0.213556729847947,0.148721688120442,0.881773246912557,0.999799029641296
ERRFI1,13.1762425495437,0.153512636679273,0.193508010704176,0.793314117181197,0.427594833845361,0.999799029641296
ESD,5.85996909601085,1.51378061838147,1.20421336737251,1.25707010019695,0.208728252937158,0.999799029641296
ESF1,8.24708852743462,-0.887243252313475,0.339851210723758,-2.61068145210951,0.00903620202931063,0.999799029641296
ESRRA,10.5201962295619,-0.0215007497364316,0.228447705257877,-0.0941167244913273,0.925016435129337,0.999799029641296
ESYT1,11.7072418661846,0.0209292849201665,0.212144763977049,0.0986556751522308,0.921411663211213,0.999799029641296
ESYT2,11.23455006268,-0.00607925171037315,0.216705518315841,-0.0280530544751188,0.977619836423408,0.999799029641296
ETF1,11.0380974549988,-0.00586483186775497,0.218552521711169,-0.0268348853714245,0.978591428726929,0.999799029641296
ETFA,11.8192882562004,0.0755738227648707,0.207635932865733,0.36397275616904,0.715878353516858,0.999799029641296
ETFB,13.3299406461595,0.0400525970434953,0.199223885303167,0.201043147926493,0.840664835616246,0.999799029641296
ETFDH,10.5755110955892,0.175588394717063,0.214726363493631,0.817730957019962,0.413510829674418,0.999799029641296
ETNK2,12.6124909802001,0.0848941507799514,0.199566671701355,0.425392426782528,0.670550625858811,0.999799029641296
ETNPPL,10.9524816585746,0.152208317560271,0.211827124629257,0.718549703333167,0.472418412937375,0.999799029641296
ETS1,10.8044177087026,0.11330416968904,0.215188769764261,0.526533841952646,0.598517344972689,0.999799029641296
ETS2,13.4984517021337,0.183244247866681,0.191198480146376,0.958398036042931,0.337862085195547,0.999799029641296
ETV6,9.58755046225872,-0.0201947883864552,0.235831450944726,-0.0856322950376474,0.931758725016563,0.999799029641296
EVI5L,9.15181544082258,-0.821024805735708,0.301612251681953,-2.72212020949822,0.00648645429967217,0.999799029641296
EXOC2,9.66959701960058,-0.274398959324261,0.248375602545657,-1.10477420693452,0.269257439533759,0.999799029641296
EXOC4,10.1968884227385,-0.125238585657742,0.23173322917478,-0.540442931312552,0.588891607589102,0.999799029641296
EXOC7,11.7347211597573,-0.0661044877133296,0.217412921282149,-0.30405040934776,0.761089486849843,0.999799029641296
EXOSC10,10.9844064238665,-0.0101302162527452,0.22031594904212,-0.0459804035830766,0.963325869062754,0.999799029641296
EXT1,11.794826837914,0.0687811970652748,0.21018966192621,0.327233967812468,0.743490931279841,0.999799029641296
EXT2,10.2425236599262,0.00843890134712012,0.227008037946379,0.0371744605321572,0.970345902075701,0.999799029641296
EXTL3,9.60072226161522,-0.0566532535389821,0.237954279952031,-0.23808461671882,0.81181546580785,0.999799029641296
EZR,11.4031977860529,0.0979137321481958,0.210949833107217,0.464156480742179,0.642535638237124,0.999799029641296
F10,10.9382755022636,-0.0149203071958058,0.222885482056785,-0.0669415838937616,0.946628208104826,0.999799029641296
F11,9.87792856776418,0.114854631902667,0.225946325428119,0.50832706256693,0.611223994170674,0.999799029641296
F11R,9.54958058654158,-0.0441533612553221,0.247815501681567,-0.178170295868163,0.858589236917826,0.999799029641296
F12,12.6974444718257,0.239185840110461,0.196285828367706,1.21855888476263,0.223011662302205,0.999799029641296
F2,13.6119057125531,-0.0683750092713483,0.2145558613316,-0.318681619075759,0.749967954341344,0.999799029641296
F5,10.2810106167448,0.0270137071998765,0.376154827265526,0.0718153941988565,0.942748821654841,0.999799029641296
F7,12.4350679127645,0.0845793890863848,0.202923692041107,0.416803914001582,0.676821839327518,0.999799029641296
F8A1,9.8226848530349,-0.141790367091814,0.241236479187231,-0.587765032757613,0.556690017638384,0.999799029641296
F8A3,9.64156405446868,0.0369891975942221,0.234005864472706,0.158069532477621,0.874402008309748,0.999799029641296
F9,12.0004383682577,0.228942263958428,0.199344274784604,1.14847674559907,0.2507718075176,0.999799029641296
FAAP100,10.8149129082846,-0.0363632894027891,0.224003298692949,-0.162333722828939,0.871043059886332,0.999799029641296
FABP1,14.2825562819441,0.152369430920287,0.188317402750271,0.80910966641965,0.418452068592218,0.999799029641296
FADD,9.7671634950127,-0.0657983366049441,0.237302498920855,-0.27727620612579,0.781568028321659,0.999799029641296
FADS1,9.89366104697066,-0.0605728571523637,0.246352049641232,-0.245879249799534,0.805775707074374,0.999799029641296
FADS2,11.0262983903206,-0.0228572074666024,0.220709226556709,-0.103562537113642,0.917516518800805,0.999799029641296
FAF1,9.65540993200541,-0.0313507869017819,0.2327414053095,-0.134702232549002,0.892847307961283,0.999799029641296
FAF2,11.0119454162869,-0.0279605402383997,0.220125921939767,-0.12702066159228,0.898924045418892,0.999799029641296
FAH,9.41663662786166,0.117514100867,0.429353781007573,0.273699932468807,0.784315229656676,0.999799029641296
FAHD1,10.3530068683295,-0.236061984652906,0.240170787379288,-0.982892162817897,0.325660515442686,0.999799029641296
FAM102A,11.4727611729953,0.0878151988513443,0.21125598307965,0.415681475957228,0.677643097923873,0.999799029641296
FAM104A,10.2990890956111,-0.0594813839308219,0.230291555627788,-0.258287299196326,0.796185187575727,0.999799029641296
FAM107B,11.6961061216337,0.0326133978582543,0.210107854621021,0.155222173474096,0.876646168240338,0.999799029641296
FAM114A2,9.51566483679796,-0.0633853622143411,0.239721902623805,-0.264412060477476,0.791462419215423,0.999799029641296
FAM117A,9.71164560643924,-0.0746193620187644,0.233475455072941,-0.319602598035208,0.74926960465295,0.999799029641296
FAM120A,12.2957398478546,-0.0219469881699467,0.207615049656009,-0.105710006120992,0.915812441101684,0.999799029641296
FAM122A,9.54435416632932,0.0547366537494016,0.231987915331718,0.235946142587358,0.813474462262971,0.999799029641296
FAM127A,10.410939362618,-0.102230620718125,0.232462519998425,-0.439772487706052,0.660101895843373,0.999799029641296
FAM127B,9.6698005146382,-0.119083482586829,0.242015713981462,-0.492048555970835,0.622685018269476,0.999799029641296
FAM129B,10.8583790320527,0.0453789236105545,0.221068308406378,0.205271049195966,0.83736036182028,0.999799029641296
FAM134A,11.8067776541792,-0.0427265979169838,0.213942938265099,-0.199710251076578,0.841707196083887,0.999799029641296
FAM134C,11.4425843179341,-0.0178650644391897,0.21643801673018,-0.0825412499573079,0.934216317503367,0.999799029641296
FAM136A,10.1166058396675,-0.101228857934151,0.234234443644083,-0.43216896865931,0.665618611155346,0.999799029641296
FAM156A,9.43374985903237,-0.0246838637640892,0.242308132073405,-0.101869729063041,0.918860077642831,0.999799029641296
FAM160B1,9.86630992727501,0.0166442022772636,0.229480953637316,0.0725297764953905,0.9421803096478,0.999799029641296
FAM162A,9.61203734753247,0.181412485820624,0.22697208253368,0.799272244390251,0.424132569201678,0.999799029641296
FAM168A,10.9281145873494,-0.0422605821019809,0.221985431994234,-0.190375475193699,0.849014914186343,0.999799029641296
FAM168B,11.1369137842663,0.0673791404476866,0.218494943773442,0.308378488234273,0.757794348799159,0.999799029641296
FAM171A1,9.28173035465056,0.21673367958367,0.230878295287815,0.938735619619366,0.347866500611994,0.999799029641296
FAM174A,9.68244952004416,0.00646462285238945,0.233628970138461,0.0276704676160588,0.977924978109222,0.999799029641296
FAM175B,9.51584392758081,-0.00284570828980156,0.233562596754669,-0.0121839212671139,0.990278877844949,0.999799029641296
FAM177A1,9.80859858070009,-0.0333156494345502,0.233572719638484,-0.142635019560996,0.886578438636493,0.999799029641296
FAM189B,9.89260466792476,-0.396252665720624,0.258137633919999,-1.53504415339698,0.124772982734787,0.999799029641296
FAM195B,9.79561428134873,-0.0179862923853887,0.233263431273895,-0.0771072100207146,0.938538257312445,0.999799029641296
FAM199X,9.76888410846842,-0.171130953785746,0.241206617722693,-0.709478684297497,0.478027474591344,0.999799029641296
FAM208A,10.5376892033516,-0.0575407819830759,0.228031952327514,-0.252336487916536,0.800780987131783,0.999799029641296
FAM208B,9.32047932585346,0.243219967005808,0.238886655503657,1.01813961308561,0.308611612264108,0.999799029641296
FAM20B,10.7742642414008,-0.041294241195312,0.22227134817162,-0.185783014927448,0.85261492476741,0.999799029641296
FAM20C,11.596344638694,0.0110087846774056,0.213375120556843,0.0515935721497243,0.958852541201763,0.999799029641296
FAM210B,11.9730213866562,0.0451922299641597,0.207051434964637,0.218265717269132,0.8272220841569,0.999799029641296
FAM213A,11.763901034974,0.0549133828278731,0.210127635491315,0.261333463822957,0.793835362547075,0.999799029641296
FAM213B,9.30716292673563,-0.234047402163357,0.254120676124762,-0.921008891257826,0.357045784989218,0.999799029641296
FAM219A,9.89334812213063,-0.0958146962528125,0.23921268801331,-0.400541865268791,0.688757454450921,0.999799029641296
FAM222A,9.80900130714559,-0.303649508838408,0.25351481786262,-1.19775842453105,0.231011077020777,0.999799029641296
FAM222B,10.2991663270079,-0.0515829119787932,0.230303049674119,-0.223978414753011,0.822774099105834,0.999799029641296
FAM234A,10.8568469048954,-0.0302372164028301,0.226029104304709,-0.133775765275198,0.893579891426824,0.999799029641296
FAM32A,10.661850853008,0.0558541309771035,0.221391586229679,0.252286601890817,0.800819543412368,0.999799029641296
FAM3A,10.171702260687,0.0670852211943702,0.225893376652992,0.296977371308339,0.766483785272564,0.999799029641296
FAM3C,10.6335433011543,-0.0207748725641231,0.222786695024078,-0.0932500594879684,0.925704905886152,0.999799029641296
FAM43A,9.71064748559999,-0.163799592541539,0.246893845872046,-0.663441374826446,0.507047914568832,0.999799029641296
FAM47E-STBD1,10.4792490398428,-0.0602124830193368,0.227346168156517,-0.264849341898225,0.79112552435083,0.999799029641296
FAM50A,11.3608032142847,-0.0980367397082571,0.222859873262692,-0.439903057795865,0.660007321125927,0.999799029641296
FAM53C,10.1449049106916,-0.069214001139053,0.232470979829524,-0.297731790823134,0.765907877603404,0.999799029641296
FAM65A,11.0960695396019,0.0252588322969585,0.218761637952188,0.115462804783346,0.908078300735964,0.999799029641296
FAM83H,11.3604224817682,-0.0868423326811576,0.228770871699138,-0.379603976835679,0.704239408332284,0.999799029641296
FAM84B,10.1592348114617,-0.0390297378010573,0.229171557537853,-0.170307948422485,0.864767960642419,0.999799029641296
FAM8A1,11.778309162787,0.0390371136819363,0.208790442533116,0.186967914854363,0.851685789546023,0.999799029641296
FAM91A1,10.2296188808408,-0.0755684200501771,0.230329436387088,-0.328088416467871,0.742844812016295,0.999799029641296
FAM96A,10.3957008727859,0.083285776477731,0.22364597588396,0.37240006733206,0.709595003797392,0.999799029641296
FAM96B,9.57052531956778,0.066203810380947,0.232036680233886,0.285316141888496,0.775401947162101,0.999799029641296
FAM98A,10.2565383053051,-0.0538323872402627,0.230634504589906,-0.233409945905461,0.815443090731468,0.999799029641296
FARP1,12.1585164817417,-0.0286581787922278,0.210741288781605,-0.135987489484924,0.891831171032419,0.999799029641296
FARSA,11.3178676129074,-0.0518899039494581,0.221257584752562,-0.234522599564159,0.81457929042537,0.999799029641296
FASN,14.4227014778338,-0.0317468955843482,0.195666147362461,-0.162250322870306,0.87110873283563,0.999799029641296
FASTKD2,9.93556266536944,0.0717546903288069,0.22597777619016,0.317529854211971,0.750841590222552,0.999799029641296
FASTKD5,9.5435223648279,0.0118857749944481,0.23575228751026,0.0504163718620582,0.959790590117765,0.999799029641296
FAU,12.0741337767117,0.0371099088357663,0.209420865887937,0.177202537476013,0.859349302589364,0.999799029641296
FBL,11.2632502323294,-0.0348927691611308,0.219718926096061,-0.158806388603391,0.873821415313413,0.999799029641296
FBN1,9.42045748704394,0.0258205666884783,0.236425836903575,0.109212119227938,0.913034248054389,0.999799029641296
FBP1,12.2526055008886,0.12434354068268,0.201547652158594,0.616943632689088,0.537271905719842,0.999799029641296
FBXL18,9.46010107605172,-0.279983757848914,0.247632791720176,-1.13064088121776,0.258206273433099,0.999799029641296
FBXL20,8.64776210089152,-0.645086624121352,0.285064832135989,-2.26294706115701,0.0236389528561269,0.999799029641296
FBXL5,10.9398020619915,0.0556454985585112,0.21606540862924,0.257540061185808,0.796761893601137,0.999799029641296
FBXL6,9.46089159321122,0.0213653584496006,0.238367254615843,0.0896321035539608,0.928579572128995,0.999799029641296
FBXO11,9.63106270132682,0.21199361737042,0.232968865340097,0.909965445644182,0.362840733210967,0.999799029641296
FBXO17,8.83014241298482,0.380754363633591,0.234945104672893,1.62060990444429,0.105101326734512,0.999799029641296
FBXO18,10.7456719086695,0.0423307772673013,0.221079686479943,0.191472938745739,0.848155080049072,0.999799029641296
FBXO2,9.97273908690307,-0.118297268617563,0.242191255833338,-0.488445663368492,0.625234204405006,0.999799029641296
FBXO25,9.29303939300073,0.0593269018770654,0.235678136236757,0.251728492190158,0.801250932428454,0.999799029641296
FBXO28,9.78181503857606,0.0806676049793403,0.226366993796089,0.356357628055995,0.721572757138133,0.999799029641296
FBXO31,9.77883330242403,-0.120566315112872,0.242883379016498,-0.496395906550208,0.619615112575288,0.999799029641296
FBXO34,9.37691383353828,0.11010028854141,0.23281642754214,0.472906013135531,0.636280234730324,0.999799029641296
FBXO42,9.4049843526828,0.0508266170307708,0.234337205812817,0.216895208144497,0.828290012067208,0.999799029641296
FBXO7,11.8055086641412,-0.0012333856405863,0.211103579250386,-0.00584256148079517,0.995338336920333,0.999799029641296
FBXW11,10.058820265176,-0.10717145230584,0.22909934331554,-0.467794672629122,0.639931430700239,0.999799029641296
FBXW2,9.25181564034998,0.0998282743975936,0.244494386461871,0.408304975186668,0.683049787146379,0.999799029641296
FBXW5,11.9752648480519,0.0834107592476562,0.210164160884174,0.396883840216818,0.691453121284757,0.999799029641296
FBXW8,9.53000579441789,-0.121768227056258,0.246527018452372,-0.493934611389391,0.621352359858764,0.999799029641296
FCGR3A,10.4821606479728,0.154433791978965,0.219184791772132,0.704582606896913,0.481070025672553,0.999799029641296
FCHSD2,9.96506400211323,0.078030357623073,0.22608572631011,0.345136152098531,0.729992015923252,0.999799029641296
FDFT1,11.6116970900496,0.0320068857335596,0.211552296042491,0.151295383374761,0.879742710896494,0.999799029641296
FDX1,9.86373051550202,0.125166575826138,0.226776698858643,0.551937551150961,0.580991139729931,0.999799029641296
FECH,10.3116660218158,0.0288685501976086,0.223463969900456,0.129186598673908,0.89721000005752,0.999799029641296
FEM1A,10.814600116891,-0.0181770009043095,0.222267489215606,-0.0817798453946507,0.934821783426157,0.999799029641296
FEM1B,10.6345412294554,-0.00315846041435374,0.221266773583692,-0.0142744451107526,0.988611027402514,0.999799029641296
FEM1C,10.0336802285414,0.0188062252952868,0.227535972494825,0.0826516576218054,0.934128524912027,0.999799029641296
FERMT2,11.3888510693087,0.125416109048808,0.208337192600622,0.60198617195168,0.547183342055152,0.999799029641296
FETUB,9.8784535382719,0.274175309185442,0.216378127180518,1.26711194314343,0.205115265689137,0.999799029641296
FEZ2,9.58629768964505,-0.0135033191180916,0.23575018849202,-0.0572780840790234,0.954323678057795,0.999799029641296
FGA,17.3855136760439,0.138813010249974,0.174659611270351,0.79476307796832,0.426751332204115,0.999799029641296
FGB,17.3424497215903,0.139241756816055,0.174473900572958,0.798066394794846,0.424831961589221,0.999799029641296
FGD5-AS1,11.6549427544441,-0.0579097152818301,0.215738659618971,-0.268425303949269,0.788371964222419,0.999799029641296
FGF21,9.55590739168379,-0.180876228033771,0.247774397612145,-0.730003704082883,0.46538792046634,0.999799029641296
FGFR1OP,9.64226127863106,0.0837499809243379,0.228517257474405,0.366493024859264,0.713997216472605,0.999799029641296
FGFR3,8.95935857256738,0.125725083240993,0.249457388081309,0.503994226060017,0.614265434441669,0.999799029641296
FGFR4,12.5486689625965,-0.0600181489703529,0.208631890575688,-0.287674855482266,0.773595639163666,0.999799029641296
FGFRL1,11.9880599347705,0.0219467679440333,0.21136328415264,0.103834343944921,0.917300811242004,0.999799029641296
FGG,16.6703845082324,0.127974368729478,0.176920535229183,0.723343780097095,0.469468701836482,0.999799029641296
FGGY,9.7491263365454,-0.0881114286200577,0.233663135326596,-0.377087419018419,0.706108640441816,0.999799029641296
FGL1,13.3456964565133,0.0876641998248575,0.197092830937711,0.444786344626421,0.65647416359851,0.999799029641296
FH,12.5051274089656,0.0299665123310061,0.203662978540361,0.147137749559464,0.883023294286346,0.999799029641296
FIBP,10.3397794214387,-0.0457432272642258,0.230347211834764,-0.198583811368375,0.842588318055959,0.999799029641296
FILIP1L,9.61654840043444,0.148576322136666,0.227359713846563,0.653485701679475,0.513443204343735,0.999799029641296
FIS1,11.0928098755123,-0.0201150490891886,0.220361189717499,-0.0912821768432812,0.927268379676269,0.999799029641296
FKBP15,10.0350895366084,-0.0423004774894141,0.240678364332048,-0.17575521425372,0.860486255686802,0.999799029641296
FKBP1A,11.7381120594396,-0.0734556737183519,0.21699657765851,-0.338510747547133,0.734978329282792,0.999799029641296
FKBP2,11.0819782587719,0.00467246642281422,0.220420482743394,0.0211979683768942,0.983087734919782,0.999799029641296
FKBP3,10.4807951658546,-0.111358875377024,0.22982009102633,-0.484548043122415,0.627996977013161,0.999799029641296
FKBP4,11.4285513245826,0.0148875976367561,0.217287151362446,0.0685157752927731,0.945375062717527,0.999799029641296
FKBP5,12.2811155560763,0.0664178036998172,0.204356303220986,0.325009812043793,0.745173645561347,0.999799029641296
FKBP8,13.0513223917654,-0.00374535401556975,0.202966952124685,-0.0184530238857256,0.985277452685329,0.999799029641296
FKBP9,10.7581760743063,-0.100522539023636,0.225626314043666,-0.445526664075992,0.655939194891284,0.999799029641296
FLAD1,10.0044633979568,-0.0195010126812969,0.233031992291864,-0.0836838431045666,0.933307803415533,0.999799029641296
FLCN,9.8496952166679,-0.0454945663796937,0.235323530580943,-0.193327740185528,0.8467023025892,0.999799029641296
FLI1,9.36550377615597,0.126399917436601,0.23523063033426,0.537344636015252,0.591029578409958,0.999799029641296
FLII,11.5144098219112,-0.0152760362256126,0.216186667216674,-0.0706613244113807,0.943667302509114,0.999799029641296
FLNA,11.6273896064257,0.0555992884892055,0.241739965024598,0.22999626265168,0.818094673850548,0.999799029641296
FLNB,10.9146176830415,-0.0409612820832365,0.213333497412413,-0.19200586208949,0.847737613578696,0.999799029641296
FLOT1,9.5590862815611,-0.0450252275282564,0.237635384103237,-0.189471899137277,0.849722977416154,0.999799029641296
FLOT2,11.3883696508301,-0.0554280644032482,0.219574622264091,-0.252433836987695,0.800705748659293,0.999799029641296
FLT1,10.6067743753802,-0.105407392924249,0.227902301085545,-0.462511314814166,0.643714690154406,0.999799029641296
FLT4,9.32298072816399,0.0396889952233379,0.235514728547058,0.168520225754831,0.866174033356035,0.999799029641296
FMNL3,9.6447666168327,0.00413461795479949,0.235732568861916,0.0175394430000099,0.986006266715723,0.999799029641296
FMO3,12.2253352167567,0.0374348024307149,0.203477656488335,0.183975002841951,0.854033065028921,0.999799029641296
FMO5,9.76697613116014,-0.0767007725367313,0.231731651809091,-0.33098962501644,0.740652322326638,0.999799029641296
FMR1,9.82540378560496,0.0236962973538617,0.229981126818348,0.103035834642981,0.917934530362763,0.999799029641296
FN1,13.8482143563906,0.0729858312844589,0.196386544175601,0.37164374774678,0.71015811239229,0.999799029641296
FN3K,11.4846561042341,0.0182088616485276,0.213590508900123,0.0852512676817593,0.932061633178949,0.999799029641296
FN3KRP,9.54183835250476,0.118609170466219,0.232911276010502,0.509246149425892,0.610579698750057,0.999799029641296
FNBP1L,10.1579623989954,-0.174580069172115,0.231893459799663,-0.752846023872075,0.451542446498163,0.999799029641296
FNDC3A,10.6775071119855,-0.273607830638566,0.237758948253674,-1.15077826785574,0.24982346755344,0.999799029641296
FNDC3B,11.1528366760195,-0.008718279951034,0.216891766337323,-0.0401964541958444,0.967936504489028,0.999799029641296
FNIP1,10.0050042942774,-0.0575759043906862,0.229398257088002,-0.25098666886819,0.8018244160707,0.999799029641296
FNTA,9.5721144195688,0.0409008282705639,0.233921529070022,0.174848499123485,0.861198678493882,0.999799029641296
FOPNL,9.68391105141068,-0.00819077790472712,0.233763319538914,-0.0350387645113999,0.97204883022889,0.999799029641296
FOS,10.3976380472287,0.394194200153429,0.211156873753163,1.86683101121412,0.0619251903897189,0.999799029641296
FOSL2,11.3321179973765,0.052651846271851,0.212468418755732,0.247810223186078,0.804281244648787,0.999799029641296
FOXA1,10.6210735224705,-0.00627596829378796,0.224770284130172,-0.0279216993388384,0.977724601619581,0.999799029641296
FOXA2,11.4704505771806,0.0198748083288162,0.213443132401335,0.0931152391984475,0.925812010905936,0.999799029641296
FOXA3,10.0354911107999,0.121950481307485,0.227204191796677,0.536743976170199,0.591444474928407,0.999799029641296
FOXJ2,9.51675639721356,0.00272331264645572,0.233829791746675,0.0116465597737267,0.99070759984439,0.999799029641296
FOXJ3,10.1450542962295,-0.107157729919922,0.234905722414202,-0.456173348263413,0.648265328967896,0.999799029641296
FOXK1,9.8119140414714,-0.0412450198990874,0.232496055493156,-0.177400944767002,0.859193465270524,0.999799029641296
FOXK2,10.898943133386,-0.107239156988006,0.227241767071104,-0.471916577529742,0.636986334881829,0.999799029641296
FOXO1,8.93990701893998,0.0868825874709474,0.225691372707764,0.384961934648016,0.700265617954964,0.999799029641296
FOXO3,7.80903913285483,0.0055387271863056,0.564801460729478,0.00980650294202846,0.992175668115028,0.999799029641296
FOXO4,10.1717956762823,-0.0680068417400651,0.232554504202443,-0.292433990789805,0.769954822580586,0.999799029641296
FOXP1,9.94986073772845,-0.00611361921623028,0.231420485022157,-0.0264177962276976,0.978924099766306,0.999799029641296
FOXP4,10.032313033106,-0.107117640231136,0.237278726015597,-0.451442242757552,0.651670843525816,0.999799029641296
FOXRED1,9.68157935871192,-0.0150288998853548,0.235944770454878,-0.0636966856963205,0.949211743820949,0.999799029641296
FOXRED2,10.3384017323027,-0.283903696450933,0.247325207178758,-1.14789632520448,0.251011365419931,0.999799029641296
FPGS,10.5216035820866,0.00184537319226013,0.228760585127855,0.00806683192923618,0.993563669155207,0.999799029641296
FRAT1,9.51543289719007,-0.105696507090413,0.242070835346079,-0.436634619529046,0.662376351571734,0.999799029641296
FRAT2,9.64155233368352,-0.0860544202294273,0.239489464255369,-0.359324450856288,0.719352384939653,0.999799029641296
FRMD8,10.1308527405746,-0.0432499875342632,0.232632888602646,-0.185915189352858,0.852511270484679,0.999799029641296
FRY,9.43207337147859,0.0725908207750836,0.232888488574444,0.311697762390173,0.75527022865529,0.999799029641296
FSCN1,10.1464321713116,0.0332145991683641,0.231346267301652,0.143570931814757,0.885839295858298,0.999799029641296
FST,9.54286031462804,0.113737981710905,0.232750157653528,0.48866983746673,0.625075461287544,0.999799029641296
FSTL1,10.4679090152816,0.169301874907595,0.217852302651624,0.777140626226621,0.437075807307192,0.999799029641296
FTCD,10.9388768958725,0.377209287750887,0.211494430033067,1.78354242091345,0.0744980489862616,0.999799029641296
FTH1,16.0703524113447,-0.0110506114168442,0.185660779380358,-0.0595204407399643,0.952537584981947,0.999799029641296
FTL,17.9696993553196,-0.0246782760200495,0.178081123866699,-0.138578842519672,0.889782963194184,0.999799029641296
FTO,10.2138074514671,0.0312280407424899,0.22540651261476,0.138540987038211,0.889812878941634,0.999799029641296
FTSJ3,10.9821472266001,-0.122702730750551,0.226554372214288,-0.54160389645666,0.588091407026585,0.999799029641296
FUBP3,11.1635999524736,-0.0434283456721087,0.218650959324851,-0.19861950666124,0.842560393507769,0.999799029641296
FUCA1,11.4294699138506,0.0583121218540876,0.212143054540772,0.274871699100951,0.783414810782271,0.999799029641296
FUCA2,11.1232268365005,-0.0456434359938868,0.219974716270075,-0.207494010074539,0.835624070154614,0.999799029641296
FUNDC2,9.88004486265439,0.0468762361051752,0.231605620115943,0.202396798841534,0.839606530772537,0.999799029641296
FUOM,9.4295497137624,0.0962311493543178,0.233391536326316,0.412316362748357,0.680107556920355,0.999799029641296
FURIN,13.4832579978155,0.127627177223609,0.197861398777908,0.645033230392076,0.518905651338522,0.999799029641296
FUS,12.1148402402453,-0.126446971166815,0.218207867305257,-0.57947943274623,0.562265720457408,0.999799029641296
FXR1,12.0177908040545,-0.0237214384351108,0.210654105922248,-0.112608478867563,0.910340962647577,0.999799029641296
FXR2,10.0744254351225,-0.0264851782503946,0.230925814419496,-0.114691284371881,0.908689822403609,0.999799029641296
FXYD1,9.60152442904028,0.190608142375394,0.223355812233236,0.853383399650931,0.393446724173977,0.999799029641296
FXYD5,9.60284441980791,-0.00127340188550936,0.238082928522538,-0.00534856444101921,0.99573248335697,0.999799029641296
FYTTD1,10.1162721188412,0.169197608181131,0.224861958438116,0.75245101197362,0.45177987929812,0.999799029641296
FZD4,10.438696525888,0.061960844024242,0.222122504724541,0.278948970529038,0.780283986439737,0.999799029641296
FZD5,11.1517590561261,-0.037701348452153,0.220001176003773,-0.171368849644269,0.8639337468147,0.999799029641296
FZR1,9.99105768003923,-0.290646904133622,0.248056968062568,-1.17169417333325,0.241319863192198,0.999799029641296
G0S2,11.3581798542366,0.175489889629356,0.20944567214503,0.837877850767138,0.402099309591186,0.999799029641296
G3BP1,10.4241816853704,0.0770689940022639,0.223712162779706,0.344500688047771,0.730469778678676,0.999799029641296
G3BP2,10.7460348359214,-0.00643907396411469,0.220942860175383,-0.0291436164038223,0.976750049697685,0.999799029641296
G6PC,12.1565797645377,0.0576137212843675,0.20940703001544,0.275127923260836,0.78321795943084,0.999799029641296
G6PD,9.64198555142522,-0.153500303840675,0.246666859845542,-0.622298041726377,0.533745908621327,0.999799029641296
GAA,13.4275444543022,-0.0593975989110955,0.202764838255901,-0.292938358652363,0.769569268323779,0.999799029641296
GABARAP,12.3813151152829,0.0727931338343138,0.20388175731566,0.357036033006189,0.721064830665861,0.999799029641296
GABARAPL1,11.4000428931185,0.186270442734201,0.206353199730532,0.902677753373555,0.36669694679878,0.999799029641296
GABARAPL2,9.82295922190413,0.0261084021093137,0.231525845020228,0.112766685322032,0.910215531089646,0.999799029641296
GABPA,9.51818311337826,0.0430010915075359,0.232050455350334,0.185309231316162,0.85298649788337,0.999799029641296
GABPB1,9.62866871557876,0.0153290835636528,0.233528574240597,0.0656411473992032,0.947663528850363,0.999799029641296
GADD45A,11.8196053905619,0.0751679201452193,0.207647642532963,0.361997464687262,0.717353925034274,0.999799029641296
GADD45B,12.2825546383351,0.228899878136887,0.198122050870839,1.15534781277887,0.247948023673512,0.999799029641296
GADD45G,11.1204262099089,0.218157510238138,0.208996265681214,1.0438344892291,0.296561971727807,0.999799029641296
GADD45GIP1,10.35542413363,-0.0419836645294664,0.232355955418741,-0.180686845120046,0.856613384904176,0.999799029641296
GAK,11.6126453665475,-0.0283424774957054,0.216004891305458,-0.131212202299741,0.895607443375281,0.999799029641296
GALE,10.6334057402213,0.00868019134787745,0.222963985406862,0.0389309122369603,0.968945470842735,0.999799029641296
GALK1,12.0577879874373,0.0607264293771855,0.205955136474737,0.294852706354494,0.768106401402616,0.999799029641296
GALM,10.6468671369343,0.137861541336309,0.215497715580044,0.63973551165141,0.52234456430061,0.999799029641296
GALNT1,9.29257215306338,0.00765511425170358,0.238862776691314,0.0320481673944384,0.974433638580044,0.999799029641296
GALNT11,10.0024725771977,-0.0426986884731325,0.232570934586726,-0.183594259312786,0.854331766975748,0.999799029641296
GALNT2,12.6173493766767,-0.0387123199245068,0.207250163889828,-0.186790298245968,0.851825053918614,0.999799029641296
GALT,9.27664505722114,0.0436562825992498,0.241640789496899,0.180666031964814,0.856629722548446,0.999799029641296
GAMT,12.8968372660768,0.141083786541942,0.197758962690237,0.71341285685712,0.475590319606244,0.999799029641296
GAPDH,15.4963549786778,-0.0156337272149847,0.188548648584856,-0.0829161456861292,0.933918215848025,0.999799029641296
GAS2L1,8.75919376176289,-0.43352473465029,0.290385004076341,-1.49293086269812,0.135455285421205,0.999799029641296
GAS6,10.07456316737,0.076711665881419,0.227036661679497,0.3378822843586,0.735451898293066,0.999799029641296
GATA4,10.1035142617778,0.0996098085687037,0.224721406934145,0.443259099912517,0.657578335619399,0.999799029641296
GATA6,9.48773681122304,0.122775640261056,0.229535543348796,0.534887270484684,0.592727811181083,0.999799029641296
GATAD1,10.450057897662,-0.0473342181370788,0.228630473519321,-0.207033723057389,0.83598352182373,0.999799029641296
GATAD2B,9.53027596219456,-0.104994352280184,0.240189507003021,-0.437131303487224,0.662016126439683,0.999799029641296
GATB,9.61317728587627,0.0233960247339051,0.233789240697924,0.100073145642039,0.920286254960486,0.999799029641296
GATC,10.9278365769073,-0.00564760840317938,0.220335437972684,-0.0256318659183619,0.97955096908718,0.999799029641296
GATM,15.1309329983727,0.102373171552226,0.185103111769307,0.553060240714988,0.580222160793816,0.999799029641296
GATSL2,8.69098826818725,-0.32391484516125,0.273976877139232,-1.18227073957282,0.237098291855198,0.999799029641296
GBA,11.1225337014022,-0.1203141674693,0.22501399345496,-0.534696378753809,0.592859825964474,0.999799029641296
GBA2,9.69838455525359,0.00535717663093281,0.233809220081108,0.022912597839702,0.98171999141138,0.999799029641296
GBE1,11.0804241036256,0.150878246861308,0.210438751492247,0.716969882169574,0.473392680498087,0.999799029641296
GBF1,9.76583362818807,0.0275893788291285,0.226095943221899,0.122025094462006,0.902879144271844,0.999799029641296
GBP1,11.6270592269063,0.0495980418833646,0.210670863530956,0.235429052941043,0.813875738705064,0.999799029641296
GBP2,9.89162615658522,-0.305410614569979,0.250772147817483,-1.21788092189673,0.223269227093871,0.999799029641296
GBP3,9.02521211098698,-0.0723232078639957,0.244361262122822,-0.295968384005335,0.767254226182753,0.999799029641296
GBP4,9.23895698005693,0.0289519002176972,0.235413984161493,0.122982924403659,0.902120619663404,0.999799029641296
GBP7,9.43062883820284,0.247411824784825,0.226016723452397,1.09466158523856,0.273664924086654,0.999799029641296
GC,16.1527436859305,0.103220493936911,0.179499387768612,0.575046495812954,0.565259851835414,0.999799029641296
GCAT,10.2814852399843,0.145176160647531,0.220218125252306,0.659238019037721,0.509742936492767,0.999799029641296
GCC2,9.28013216849199,-0.123017343060494,0.244798971714256,-0.502523937086171,0.615299018769079,0.999799029641296
GCDH,10.9668810371778,0.109146306492676,0.213809236225534,0.510484525455881,0.609712053081018,0.999799029641296
GCFC2,9.54340338751397,0.0895517876769901,0.228385304971123,0.39210836129896,0.694978149794489,0.999799029641296
GCH1,10.2000419172124,0.255616402623679,0.216198920254632,1.18232044046576,0.237078578031188,0.999799029641296
GCKR,10.7559658964814,0.112825962488714,0.216178566187923,0.521910957586031,0.601732328620488,0.999799029641296
GCLC,12.2242895553898,0.0675817049985949,0.204133531868372,0.331066162330316,0.740594510272737,0.999799029641296
GCLM,10.9126365067858,0.0910303568622775,0.214630880998887,0.424125160548308,0.671474536967204,0.999799029641296
GCN1,10.5510342020088,0.0290862866225615,0.223870215442377,0.129924771658819,0.896625945451868,0.999799029641296
GCSH,10.4794046769627,0.100966311079546,0.220603126894444,0.457683046024354,0.647180170145878,0.999799029641296
GDA,8.01475070855153,0.0930136552031584,0.458995050756813,0.202646314050212,0.839411487581913,0.999799029641296
GDE1,10.3674865212015,0.0487938704057694,0.223525954424087,0.218291743934106,0.827201806747405,0.999799029641296
GDF15,11.5571939923763,-0.0834095895414292,0.219792131842106,-0.379493063934376,0.704321753957225,0.999799029641296
GDI1,11.6246873718594,-0.094310478121748,0.218930993999921,-0.43077718873273,0.666630387480178,0.999799029641296
GDI2,12.0579220810348,0.0563801102764113,0.206810431914862,0.272617342144624,0.785147379627813,0.999799029641296
GEMIN5,8.59622731200284,-0.285265968863271,0.266594561471876,-1.07003671525897,0.284602782768883,0.999799029641296
GET4,11.2475072891328,0.121473942521373,0.213362038276966,0.569332499362832,0.569130515586799,0.999799029641296
GFER,9.51535239115915,0.016742987519152,0.23803774641156,0.0703375316375407,0.943925010540441,0.999799029641296
GFM1,10.8435563584309,-0.0234840006609164,0.220490827694657,-0.106507834844894,0.915179439462087,0.999799029641296
GFM2,10.5487811911287,-0.0589320848068538,0.226039223542189,-0.260716188470955,0.794311381110618,0.999799029641296
GFOD2,10.1858650434118,0.100810833250524,0.222550085105376,0.452980430013276,0.650562833497653,0.999799029641296
GFPT1,10.9840030100544,-0.110118666086786,0.225123053570912,-0.489148775925339,0.624736371614296,0.999799029641296
GGA1,10.326410984633,-0.0654026002109072,0.232463197167866,-0.281346041040977,0.778445000157936,0.999799029641296
GGA2,9.86419092385602,0.101904495940611,0.226727213652504,0.449458599605057,0.653100866994395,0.999799029641296
GGA3,10.619407590683,0.0187201852667953,0.224851120279796,0.0832559128168922,0.933648055011661,0.999799029641296
GGCT,9.81012760469711,-0.0849942630980604,0.236947844212324,-0.358704521581968,0.719816145474634,0.999799029641296
GGCX,12.8409900332405,0.0517019287123892,0.200847655079939,0.257418632504379,0.796855620755286,0.999799029641296
GGH,11.7365397317835,-0.110070562707317,0.217225408208877,-0.506711271093466,0.612357420990141,0.999799029641296
GGNBP2,9.62833608182006,0.191338405726014,0.230788735533916,0.829063018536692,0.407068748606269,0.999799029641296
GHDC,9.6972229825475,0.00987624464958845,0.235740043577678,0.0418946416557107,0.966582687988825,0.999799029641296
GHITM,12.7703370747789,0.0175429438512813,0.201969004260536,0.0868595847937696,0.930783124719458,0.999799029641296
GHR,9.97699013286632,0.25421194695547,0.213697092702226,1.18959010504508,0.23420753686176,0.999799029641296
GID8,10.8291401438805,0.0430281115595847,0.21925687844078,0.196245207290983,0.844418245626905,0.999799029641296
GIGYF2,9.82521657361384,0.00603524247445537,0.232239240661328,0.0259871779517936,0.979267565510662,0.999799029641296
GINM1,9.99032754742398,-0.00552501878804688,0.22921354589154,-0.0241042420357705,0.98076945965158,0.999799029641296
GIPC1,9.81049720860665,-0.228996375868537,0.250665120811084,-0.913555005688732,0.360950718057096,0.999799029641296
GIT1,10.3813220418102,-0.293487907440429,0.244565663240367,-1.20003725605577,0.230124871553868,0.999799029641296
GIT2,10.370472144555,0.0194012743821284,0.227151423076089,0.08541119452124,0.931934493744376,0.999799029641296
GJB1,13.0780714620054,0.0715142657345453,0.198338144105362,0.360567383833919,0.718422875251733,0.999799029641296
GJD3,9.62750118711304,0.0126625083645018,0.235875688486767,0.0536829736279169,0.957187748315656,0.999799029641296
GLB1,11.6523804054836,-0.0633731313914636,0.217312756167864,-0.2916217736547,0.770575825754191,0.999799029641296
GLDC,10.9130900588713,-0.202716397779598,0.233286036676457,-0.868960700210032,0.384868626716427,0.999799029641296
GLE1,9.8088380662142,0.0114331309020312,0.231486013252152,0.0493901585733278,0.960608370912443,0.999799029641296
GLG1,11.9762373448258,0.0271827074957805,0.209708883496271,0.129621154061716,0.896866165924579,0.999799029641296
GLMP,11.3871823304956,-0.117322648734881,0.222892065781639,-0.52636529848406,0.598634421495466,0.999799029641296
GLO1,11.6808475263182,0.0019562007521091,0.211326504686109,0.00925676954253663,0.992614271977026,0.999799029641296
GLOD4,10.5926068571677,0.0844495265688141,0.219960260013667,0.383930836249997,0.701029710578507,0.999799029641296
GLRX5,11.2476079486813,0.102229682491193,0.212644003580694,0.480755068423076,0.630690587595992,0.999799029641296
GLT8D1,10.7163599536001,-0.0250464355360504,0.224370714949806,-0.111629699721078,0.911117022222469,0.999799029641296
GLTP,10.159693541118,-0.0278462202911084,0.230711149566693,-0.120697332328357,0.903930772042686,0.999799029641296
GLTSCR2,12.3103753674264,0.065518444666883,0.20625694324574,0.317654492672387,0.750747034106185,0.999799029641296
GLUD1,13.3981757648758,0.116286656331338,0.192630503156279,0.603677270349007,0.546058228704687,0.999799029641296
GLUL,14.8218809753689,0.0123901350071208,0.193782197999415,0.0639384584086421,0.949019229531241,0.999799029641296
GLYAT,10.0710965473876,0.291463302116797,0.215026030808388,1.35547915301716,0.1752649461361,0.999799029641296
GLYCTK,11.3731034803012,0.165525209081151,0.209353026353755,0.790651140631014,0.429147595092768,0.999799029641296
GLYR1,11.4992710452057,-0.076381804376959,0.219123166166593,-0.348579320540157,0.727405154916267,0.999799029641296
GM2A,10.3543200759261,-0.124265215568857,0.2340688567671,-0.530891709752322,0.595493822968106,0.999799029641296
GMDS,9.43153824857198,-0.167607452256943,0.248771109283014,-0.67374162835872,0.500475591124167,0.999799029641296
GMEB2,9.80858534535727,0.036899487723937,0.231679945567247,0.159269235123446,0.873456758149651,0.999799029641296
GMPR2,10.3959540943439,-0.0370669286909696,0.228338631585854,-0.16233314719254,0.871043513165765,0.999799029641296
GMPS,6.44454592309204,-5.62039686838633,1.24831720251494,-4.50237876804318,6.71970864781494e-06,0.0145070508168306
GNA11,11.4439991509473,0.0303939430228396,0.214001888675638,0.142026517667363,0.887059059932102,0.999799029641296
GNA13,10.0634315348792,-0.00579077696763196,0.228455660911688,-0.0253474873177707,0.979777796681657,0.999799029641296
GNAI1,10.3400634910667,-0.10829211752157,0.230292892228609,-0.470236473534189,0.638186078284716,0.999799029641296
GNAI2,12.869480767023,0.0201086142669234,0.203144574151824,0.0989867159922016,0.921148817402958,0.999799029641296
GNAI3,10.6761128296193,0.0101639019654933,0.220854883885002,0.0460207254044044,0.963293730925033,0.999799029641296
GNAQ,10.8164549997046,0.0237503737316756,0.219216457901327,0.108342110620025,0.913724319744963,0.999799029641296
GNAS,12.8852207446036,0.0705343216979226,0.201234134857233,0.350508733262196,0.725956937162144,0.999799029641296
GNB1,11.7093919167619,0.110169451105244,0.207999040237299,0.529663266616785,0.596345420809364,0.999799029641296
GNB2,11.0493758470962,-0.447237438667645,0.240224321990783,-1.86174919742226,0.0626384504088278,0.999799029641296
GNB2L1,14.3511291326935,0.0294896969883406,0.192878817499084,0.152892356821301,0.87848316341738,0.999799029641296
GNB5,9.4316810988608,-0.203581436660484,0.243336396069166,-0.836625510811863,0.402803101327926,0.999799029641296
GNE,10.3532553410537,0.338242570740362,0.208880151705057,1.61931408024812,0.105379702687587,0.999799029641296
GNG12,10.6763845008414,0.0685161217197819,0.218192343480222,0.314017076066616,0.753508069454826,0.999799029641296
GNG5,9.43315537454279,0.00243147005690554,0.239195922852092,0.0101651818639444,0.991889498010855,0.999799029641296
GNL1,10.4943962058126,0.0415682025204853,0.223256366230518,0.186190446536092,0.852295415526728,0.999799029641296
GNL2,10.3265640963231,0.00469574756315701,0.228907422115659,0.0205137409689775,0.983633550675251,0.999799029641296
GNL3,10.1995927562777,0.0208826629865042,0.229495344990059,0.0909938412363385,0.927497484737075,0.999799029641296
GNL3L,9.0278432425637,-0.0229344781091883,0.242912841394224,-0.0944144326728609,0.924779951403233,0.999799029641296
GNMT,10.4094532957786,0.437877331947758,0.207812385795942,2.1070800485286,0.0351106414377771,0.999799029641296
GNPAT,10.1719477191307,-0.0885455347011563,0.232327444568365,-0.381123869655875,0.703111336279838,0.999799029641296
GNPNAT1,10.8302091587458,0.129924621582858,0.213521413015017,0.608485208805359,0.542865713088634,0.999799029641296
GNPTG,10.2123909300972,0.127546309434707,0.223023119837854,0.571897252300292,0.567391585645893,0.999799029641296
GNS,11.9051581606358,-0.103049044290507,0.215090490925533,-0.479096234552665,0.631870168384564,0.999799029641296
GOLGA2,10.1304028058326,-0.168729404826822,0.239746891177671,-0.703781408793244,0.48156891322308,0.999799029641296
GOLGA5,11.1368971014996,-0.0168512166573455,0.218399815012935,-0.0771576507807365,0.938498130950631,0.999799029641296
GOLGA7,10.0197482351901,0.0338520303894664,0.227660850722378,0.148695000840295,0.881794306135618,0.999799029641296
GOLIM4,11.1786577405897,0.0522095771303714,0.214019198140657,0.243948101777572,0.807271014472378,0.999799029641296
GOLM1,10.7205464412494,-0.158990555708883,0.238804785022171,-0.66577625609186,0.505554123662011,0.999799029641296
GOLPH3,11.947812563066,0.0149728273530423,0.20961830374918,0.0714290073206496,0.943056324061582,0.999799029641296
GOLPH3L,9.69765640786672,-0.181833160975896,0.241368608251126,-0.75334221087571,0.451244299649097,0.999799029641296
GOLT1A,9.47394910439751,0.031171939869904,0.234304466454265,0.133040314346669,0.894161497630059,0.999799029641296
GOPC,10.1322125997824,0.000429479188126173,0.22714918821585,0.00189073617871818,0.998491411693287,0.999799029641296
GORASP1,9.96132328513555,0.0633560440978663,0.230071065757051,0.275375975198762,0.783027399836168,0.999799029641296
GORASP2,11.8072481884977,-0.0250528781248419,0.214197252033771,-0.116961715834207,0.906890391534046,0.999799029641296
GOSR2,10.73108387895,-0.0603709783314804,0.225885740094069,-0.267263344318855,0.789266407509823,0.999799029641296
GOT1,12.8418197629709,0.128902232432858,0.198065612515673,0.650805714306709,0.51517191102526,0.999799029641296
GOT2,13.1887510467218,0.136104233280294,0.194101349961988,0.701201889151975,0.483177031051631,0.999799029641296
GPAA1,12.5201408005853,-0.127452253682178,0.212779550676637,-0.59898732409614,0.549181337513713,0.999799029641296
GPAT4,10.7156739685665,0.0591834557989309,0.226975130233572,0.260748636813325,0.794286356311171,0.999799029641296
GPATCH4,10.8015233330578,-0.0491031020839701,0.225635458632648,-0.217621389747583,0.827724117282757,0.999799029641296
GPATCH8,10.5806545209218,-0.10808881405375,0.233248493773306,-0.463406268161378,0.643073186557718,0.999799029641296
GPBP1L1,11.737604740552,-0.00141142964338262,0.212806603763766,-0.00663245227553854,0.994708107526997,0.999799029641296
GPC1,10.6905976748369,0.0957562352259927,0.219351615052402,0.436542193697169,0.662443392978103,0.999799029641296
GPC3,12.7306395432336,-0.426211936454253,0.230733093871967,-1.84720765149865,0.0647170508704073,0.999799029641296
GPC6,9.30868466550314,0.13299330452707,0.231915506483769,0.573455852708915,0.566336082459616,0.999799029641296
GPER1,9.97624878433506,-0.00670763760156769,0.229826723599404,-0.0291856294886722,0.976716542359221,0.999799029641296
GPHN,9.70922730588727,0.21750060125183,0.220665741852767,0.985656402419505,0.324301750312992,0.999799029641296
GPI,13.2595446796045,-0.166463915039343,0.209452500178986,-0.794757354995011,0.426754661880862,0.999799029641296
GPKOW,9.97579627251318,-0.028984722533081,0.231421377610435,-0.125246521442253,0.900328388393775,0.999799029641296
GPLD1,9.52475827487082,-0.220440871674137,0.33349588415821,-0.661000276601796,0.50861213617977,0.999799029641296
GPN1,9.58584862699009,-0.026585257951243,0.235454836887965,-0.112910222200671,0.91010173201567,0.999799029641296
GPNMB,10.7198090303564,-0.083672085603789,0.229861067484235,-0.364011559328235,0.715849377596062,0.999799029641296
GPR107,9.86433812946343,-0.706768361426516,0.275856707367901,-2.56208510632269,0.0104045818861543,0.999799029641296
GPR108,9.66670563004086,0.0265745440832083,0.237806507045203,0.111748599369306,0.91102274390245,0.999799029641296
GPR37,9.22111714408065,-0.118922196187264,0.24721867988245,-0.481040495175407,0.630487718130842,0.999799029641296
GPR89A,10.4942458176031,-0.108470088480762,0.229728604935724,-0.472166226365722,0.63680814452895,0.999799029641296
GPRC5C,9.34716144821375,-0.0179308446348438,0.239138631185844,-0.0749809620717828,0.94022985931197,0.999799029641296
GPS1,11.3170873406921,-0.0668087646463824,0.219542049584824,-0.304309651716947,0.760891992631082,0.999799029641296
GPT2,12.1113574202735,0.181295000184793,0.203332229998476,0.891619593146405,0.372596864605279,0.999799029641296
GPX1,13.3158438236778,-0.0437746599259061,0.202750347143503,-0.215904241559316,0.829062390790059,0.999799029641296
GPX2,11.7650741472024,-0.167047011494334,0.223049689608279,-0.748922860138041,0.453903701004571,0.999799029641296
GPX3,13.8602057587215,-0.0482775408426888,0.197715696538772,-0.244176571146549,0.807094071483846,0.999799029641296
GPX4,13.2597752924283,0.00137606574362876,0.201554017618964,0.00682728014993081,0.994552660894466,0.999799029641296
GRB10,9.47409353403139,0.0783680229573886,0.233801256921076,0.335190768387713,0.737481185406504,0.999799029641296
GRB14,9.2493311422921,0.0159358094991249,0.235067089074385,0.067792601515911,0.945950733349422,0.999799029641296
GRB2,12.3806464496807,-0.0686304424724247,0.210109070240794,-0.326641978824481,0.743938689074123,0.999799029641296
GRHPR,12.5865799594554,0.20789510515517,0.197708078615194,1.05152559577398,0.293017260068345,0.999799029641296
GRINA,13.6371810880208,-0.0028566716265318,0.198904276289836,-0.0143620422839435,0.988541142134507,0.999799029641296
GRIPAP1,10.7584849943248,-0.0587967114534746,0.227834713128012,-0.258067397396282,0.796354892630303,0.999799029641296
GRK5,9.80978765175917,0.0295943273793231,0.231621048621861,0.127770457630723,0.898330629798647,0.999799029641296
GRN,13.9452275173329,-0.109209557355714,0.202012096533594,-0.540608999310857,0.58877711365781,0.999799029641296
GRPEL1,10.5346122453887,0.0627165300315497,0.221504715548618,0.283138577326514,0.777070610565394,0.999799029641296
GRSF1,10.466087863883,0.0758239798126549,0.221793106557866,0.341868063392098,0.732450184831193,0.999799029641296
GRTP1,9.50011723236801,0.0424375943081073,0.234838909038244,0.180709382793105,0.856595693639257,0.999799029641296
GRWD1,10.8011479835928,-0.0442955466225171,0.223868282481656,-0.197864325091013,0.843151216759732,0.999799029641296
GSDMD,11.5852279496644,-0.0408606031496128,0.217555085896539,-0.187817273869867,0.851019894152287,0.999799029641296
GSK3A,10.8848144663251,-0.0117523301063573,0.222227905886374,-0.0528841328881815,0.957824226825062,0.999799029641296
GSK3B,9.33442435316065,-0.00256813848426944,0.234640968556131,-0.0109449705227205,0.991267351352621,0.999799029641296
GSN,11.9763008957767,-0.162538093355885,0.221757305942805,-0.732954851993946,0.463585966291686,0.999799029641296
GSPT1,11.9329216920236,-0.0139233538461491,0.210847264095655,-0.0660352597216178,0.94734975350873,0.999799029641296
GSR,11.6116849278412,-0.00411938164640681,0.214447047829636,-0.019209318515214,0.984674123875025,0.999799029641296
GSS,10.9685362774298,-0.0123945607668647,0.220310262398623,-0.0562595706251683,0.955135025763678,0.999799029641296
GSTA1,13.133909545233,0.0391587707110534,0.199273875009638,0.196507297854069,0.844213121163598,0.999799029641296
GSTK1,13.4274336652769,-0.0215384737481907,0.200280751362929,-0.10754140675836,0.914359477929417,0.999799029641296
GSTM4,9.59636624841189,-0.105159809726504,0.239653189141655,-0.438799959654805,0.660806489555573,0.999799029641296
GSTO1,10.7295532659542,0.0684995579694839,0.218338728296621,0.313730681239586,0.753725596156932,0.999799029641296
GSTZ1,9.82299446359158,0.270222291537454,0.219872427057311,1.22899580977027,0.219073377072568,0.999799029641296
GTF2A1,9.67122873841112,-0.00010001766708632,0.231535057585115,-0.000431976341421005,0.999655332757268,0.999799029641296
GTF2A2,9.4882232072635,-0.0280935751507485,0.237643459858331,-0.118217329302882,0.905895459441176,0.999799029641296
GTF2B,9.86571736456228,0.00199998893534165,0.231253318937186,0.00864847667714939,0.993099600005504,0.999799029641296
GTF2F1,10.9283694586286,0.033231048161003,0.220720877684184,0.150556886641921,0.88032527309247,0.999799029641296
GTF2H1,10.0757011143699,0.0312809041388128,0.22726735997197,0.137639228715777,0.890525550540827,0.999799029641296
GTF2I,9.89141539685171,0.00527835305590825,0.231758881830695,0.0227751921057516,0.981829596722836,0.999799029641296
GTF2IP1,12.3384564990555,-0.0740286784646943,0.210179598314268,-0.352216290536458,0.724676060689135,0.999799029641296
GTF2IP4,9.83735118541318,-0.121599000008715,0.237107285446588,-0.512843794654749,0.608060592198736,0.999799029641296
GTF3A,11.8911980072083,-0.00466012383345515,0.21108002356027,-0.0220775218557076,0.982386117066411,0.999799029641296
GTF3C1,11.3055973021212,0.00650161574525133,0.215059481373048,0.0302317094030997,0.975882259636473,0.999799029641296
GTF3C3,9.93619990151483,-0.048292379486494,0.232804402025989,-0.207437570192951,0.83566814387297,0.999799029641296
GTF3C5,10.465836493186,-0.0538408461227742,0.229974969262303,-0.23411611400789,0.814894836357566,0.999799029641296
GTPBP10,9.41925459171818,0.03327101663019,0.232236806246979,0.143263323190929,0.886082220840474,0.999799029641296
GTPBP4,10.3963175631459,-0.0246426233179045,0.226367801391665,-0.108860991565084,0.913312746931167,0.999799029641296
GTPBP6,10.3534526079281,0.0117696050123025,0.225161129459076,0.0522719220701089,0.958312025663457,0.999799029641296
GUCD1,11.6389273394162,-0.0220716472688763,0.214812555837795,-0.102748403987813,0.918162656083008,0.999799029641296
GUK1,11.8490042475741,-0.0362435765500696,0.214214100127527,-0.169193234845385,0.86564465089021,0.999799029641296
GUSB,11.5964311291162,-0.124094279619067,0.220964579449362,-0.561602587746445,0.574386816921303,0.999799029641296
GXYLT1,9.62922821159402,0.0143213640655404,0.231730138183709,0.0618019053446851,0.950720586144591,0.999799029641296
GYS1,9.93448713672778,0.0712559277484131,0.232259408987247,0.306794579643168,0.758999734258274,0.999799029641296
GYS2,8.9797349553666,0.0195599578378153,0.230152656075645,0.0849868872744468,0.932271815430437,0.999799029641296
H19,13.5468357534738,0.268314939180852,0.191136645391552,1.40378595967925,0.160382596132367,0.999799029641296
H1F0,14.099929705135,-0.0489443489301391,0.19752063143155,-0.247793603004457,0.804294104671314,0.999799029641296
H1FX,11.5994280053075,0.0667184147987731,0.211962650993719,0.31476495734501,0.752940120232555,0.999799029641296
H2AFJ,10.4531037594596,-0.0382126638161772,0.230777576691524,-0.165582221479235,0.868485739344489,0.999799029641296
H2AFV,10.0078835851944,-0.101115441927447,0.235090731784561,-0.430112413024048,0.667113870875983,0.999799029641296
H2AFY,10.9005189339962,-0.135772905438629,0.228991446412686,-0.592916930154414,0.553236747103753,0.999799029641296
H2AFZ,10.5091228810005,-0.0822314118698404,0.229869023595198,-0.357731592468286,0.720544188211499,0.999799029641296
H3F3A,10.5102134721875,-0.34286029311731,0.250887532023703,-1.36658960432086,0.171753977493711,0.999799029641296
H3F3AP4,12.4241650001205,0.0240119358503786,0.206368911438646,0.116354424137753,0.907371654250701,0.999799029641296
H3F3B,13.5828859797729,0.00605162727746093,0.197746070123857,0.0306030217119891,0.975586132302258,0.999799029641296
H6PD,11.4143471847625,-0.149513252429083,0.225672406736382,-0.662523409890052,0.507635836986017,0.999799029641296
HAAO,11.0793612004843,0.333736367510116,0.203241183588145,1.64207057653438,0.100575378585566,0.999799029641296
HABP2,13.5406274408969,0.05188738963035,0.198791012169919,0.261014766532798,0.794081119832136,0.999799029641296
HABP4,9.68152718515713,-0.123273303071753,0.241470479723496,-0.510510863327525,0.60969360588117,0.999799029641296
HACD3,12.4776275506448,-0.0239453999326024,0.207281176880899,-0.115521343003379,0.908031904454625,0.999799029641296
HADH,11.2187735449316,0.0532536966712285,0.214181384580606,0.248638306151144,0.803640574762366,0.999799029641296
HADHA,13.3716537743441,-0.023127512137789,0.200156886063245,-0.11554692218024,0.908011630983382,0.999799029641296
HADHB,11.6963112428722,0.140339163024274,0.206774141194476,0.678707512523445,0.497323205156972,0.999799029641296
HAGH,10.2820191669108,0.0223960225479106,0.226236580570728,0.0989938165234466,0.921143179688669,0.999799029641296
HAL,8.6401937184186,0.533696776589398,0.303360108765106,1.75928462961702,0.0785291759498667,0.999799029641296
HAO1,12.7132595194836,0.109475977896313,0.197991481676553,0.552932767456923,0.580309448766382,0.999799029641296
HARS,9.22455930800612,0.151535106855838,0.231574017743918,0.654370072826607,0.512873410503241,0.999799029641296
HAT1,9.86567227990579,-0.0760533826690821,0.234752258353318,-0.3239729543075,0.745958510216781,0.999799029641296
HAUS4,9.54373295678989,-0.0753172930877928,0.239742608151953,-0.31415897936697,0.753400296273665,0.999799029641296
HAX1,11.5285341118544,-0.0633530037796321,0.217467483271079,-0.291321731537496,0.770805268519123,0.999799029641296
HBP1,10.1578150384117,-0.026733136563098,0.22897602587268,-0.116750810313926,0.90705752475329,0.999799029641296
HBS1L,10.6197172697742,0.0207738690431132,0.221099287423675,0.0939571958154071,0.92514315904957,0.999799029641296
HCFC1,7.50828313489077,-0.0408239696053839,0.39362011053667,-0.103714135819239,0.917396208393692,0.999799029641296
HCFC1R1,9.45962708242488,-0.0371584743257142,0.242320612295092,-0.153344257319982,0.878126801067124,0.999799029641296
HCG18,9.60110965701773,-0.0878650703319386,0.239306996068695,-0.367164653668196,0.713496203119977,0.999799029641296
HCLS1,10.3707275315893,0.172013402012538,0.220951081896718,0.778513508673132,0.436266346037675,0.999799029641296
HCP5,9.90875984004489,-0.269127840646977,0.24802809402919,-1.08506998652864,0.277890659181321,0.999799029641296
HDAC1,10.1302008881925,-0.0787010192343345,0.232418555796049,-0.338617624418061,0.734897803837443,0.999799029641296
HDAC11,8.78769318864996,-1.04666121378633,0.334118031500878,-3.13260918330167,0.00173259973145165,0.999799029641296
HDAC2,10.1596334349231,-0.044467296570824,0.230567857657102,-0.192859911275904,0.847068681721248,0.999799029641296
HDAC3,10.4937279433217,0.0162169285912383,0.22481930739246,0.0721331667610243,0.942495931706265,0.999799029641296
HDAC5,10.8712729891485,-0.217538790031426,0.233352424042843,-0.932232827337106,0.351216213803508,0.999799029641296
HDAC6,8.12054062495917,-0.0877626997253163,0.484853065780552,-0.181008857980571,0.856360623202381,0.999799029641296
HDGF,12.8688515538705,-0.0112969861721159,0.204345266343238,-0.0552838163284899,0.95591235514632,0.999799029641296
HDGFRP2,10.9148351291228,-0.00470285998302556,0.229001375881511,-0.0205363830890644,0.983615488682173,0.999799029641296
HDHD2,9.67019087459888,0.0462125125881971,0.230003646788013,0.200920782055207,0.8407605173369,0.999799029641296
HDHD3,10.590853479925,-0.00564655863633475,0.224670762440031,-0.0251325921317507,0.979949203625527,0.999799029641296
HDLBP,14.5605781784553,0.0681297242890444,0.189940310154899,0.358690181317929,0.719826874449362,0.999799029641296
HEBP1,10.479650209004,0.143420261830663,0.219035539893959,0.654780780781496,0.512608906459738,0.999799029641296
HECTD3,10.9126177294683,0.0371027820267611,0.219134888218736,0.16931481029039,0.865549027237638,0.999799029641296
HELZ2,10.0058325153408,0.0836385386196332,0.232843282860456,0.359205288605032,0.719441520560882,0.999799029641296
HERC4,9.40642241965719,0.0049841742633337,0.237141071339378,0.0210177605894372,0.983231487903377,0.999799029641296
HERPUD1,11.8062143129051,0.0765968520325745,0.208710994925681,0.366999601817095,0.713619315017251,0.999799029641296
HES1,10.0336326627192,0.11027990254495,0.224480992456324,0.491266103816816,0.623238250543399,0.999799029641296
HEXA,11.3171856942518,-0.0151699954034136,0.218279146837742,-0.0694981431950082,0.944593110597427,0.999799029641296
HEXB,11.735248320132,-0.0428154621254037,0.214368318587877,-0.199728497230584,0.841692925233083,0.999799029641296
HEXIM1,11.668671818208,0.0183932006385179,0.213134779962389,0.0862984475915366,0.931229172516348,0.999799029641296
HFE2,11.8748008028301,-0.00285124733103851,0.207631648114069,-0.0137322385914506,0.989043603192986,0.999799029641296
HGD,10.069152777914,0.149653664175402,0.22443673659835,0.666796650332787,0.5049020326464,0.999799029641296
HGH1,10.4240513152165,-0.0951711379010574,0.231983647301389,-0.410249338727797,0.681623051149164,0.999799029641296
HGS,10.2297556616528,-0.156803768836602,0.238456072977446,-0.65757926346222,0.51080852291721,0.999799029641296
HGSNAT,10.3276224756358,-0.0772126238901322,0.238906762055196,-0.323191454381242,0.746550252352592,0.999799029641296
HHEX,10.3550120996254,-0.0261954756429575,0.228663962349416,-0.114558828482683,0.90879481489879,0.999799029641296
HIBADH,11.0500552143303,0.113539182688736,0.213722111503234,0.531246775965987,0.595247782589613,0.999799029641296
HIBCH,9.84903147637977,0.10789866060948,0.224969323072662,0.479614994328052,0.631501182403487,0.999799029641296
HIF1A,10.8446911432748,-0.123308517045955,0.225842013820099,-0.545994586924735,0.585069658123517,0.999799029641296
HIF1AN,9.76795825642137,-0.105360144231177,0.239124931812047,-0.440607106221741,0.659497457391492,0.999799029641296
HIGD1A,12.057362352661,0.0431198531923619,0.206939519633337,0.20836934998575,0.834940586251024,0.999799029641296
HIGD2A,10.060709848936,6.02675370482478e-05,0.231134998464537,0.000260746046460353,0.999791954757596,0.999799029641296
HINT1,10.8839765410016,0.0236296041872274,0.219174476272988,0.107811842825148,0.914144948434374,0.999799029641296
HINT3,10.116366543721,-0.00920291767007496,0.227158886549609,-0.0405131307423677,0.967684038817902,0.999799029641296
HIP1,10.747680147118,-0.0130001536453574,0.223908481344802,-0.0580601215607291,0.953700739164602,0.999799029641296
HIP1R,12.2420903119696,-0.04655136987195,0.212133575914588,-0.219443667374434,0.82630445722843,0.999799029641296
HIPK2,11.626154009018,-0.0833785300007503,0.216148372026197,-0.385746740626132,0.699684242849858,0.999799029641296
HIPK3,10.1323152271903,0.00745089271550832,0.227338163583795,0.0327744915242178,0.973854420096243,0.999799029641296
HIRA,8.56315815151765,0.288447227470748,0.246650649434689,1.16945659024963,0.242219721166167,0.999799029641296
HIRIP3,9.55727727937594,0.03016552172921,0.233976357244156,0.128925512323162,0.897416589222362,0.999799029641296
HIST1H1C,10.8576851989379,-0.128149857635523,0.231871929424558,-0.552675168372278,0.580485859849804,0.999799029641296
HIST1H2BK,11.4577505070768,-0.107768455587053,0.223071280153897,-0.483112194060585,0.629016076258861,0.999799029641296
HIST2H2BE,9.79668862251053,-0.162456392002499,0.24392931386321,-0.665997823015238,0.50541249188748,0.999799029641296
HIVEP1,10.2854633385426,0.126300651348835,0.219127412798125,0.576379968786433,0.56435838089181,0.999799029641296
HK1,9.75485607856379,0.0255858078984127,0.233717643668148,0.10947315528622,0.912827212758451,0.999799029641296
HKDC1,8.66465123057752,-0.757542949826039,0.391169604408371,-1.93660995457915,0.0527930402041994,0.999799029641296
HLA-A,11.5159150474837,-0.335863824756931,0.235237621589442,-1.42776407314265,0.153359776917226,0.999799029641296
HLA-C,10.6615801843936,0.0913233610903578,0.22835550087826,0.399917500297239,0.689217282136124,0.999799029641296
HLA-DPA1,10.6216275751186,0.11573566241991,0.220523878544505,0.524821453276557,0.599707316460146,0.999799029641296
HLA-DPB1,9.57530563144503,0.146048923240117,0.233634376941987,0.625117438416959,0.531893983516903,0.999799029641296
HLA-DRA,12.8432065302118,0.0119070998019104,0.20612586480061,0.0577661605613074,0.953934893109055,0.999799029641296
HLA-DRB1,10.9568288697036,0.0972685483617062,0.22133100685669,0.439470952322043,0.660320325141787,0.999799029641296
HLA-H,9.69806891185833,-0.246420696769606,0.246669254176603,-0.998992345406702,0.31779839937616,0.999799029641296
HLF,11.9309311952527,0.0787034286627912,0.205192004468211,0.383559919241319,0.701304651632698,0.999799029641296
HLX,9.62619848109631,0.0412953853109634,0.234371162290963,0.176196529075095,0.860139547527288,0.999799029641296
HM13,12.2823730153403,-0.105789027435156,0.214663870207499,-0.492812448284372,0.622145114155225,0.999799029641296
HMCES,10.1728065092309,-0.0402944170772126,0.230722263426385,-0.174644685254091,0.861358834380511,0.999799029641296
HMG20A,10.3827328849816,-0.0015427849346719,0.224852890417284,-0.00686130799479067,0.994525511238328,0.999799029641296
HMG20B,11.3463453992669,-0.0323391928719832,0.219716627420123,-0.147185915111226,0.882985277628934,0.999799029641296
HMGA1,11.4012722086686,-0.213260885158295,0.229608446109347,-0.928802440728739,0.352991479352136,0.999799029641296
HMGB1,9.93563342727589,0.134133881470578,0.233172310426256,0.575256475459593,0.565117852889325,0.999799029641296
HMGB2,10.4831257001943,-0.101544225969499,0.231912730079896,-0.437855334351489,0.661491155740832,0.999799029641296
HMGB3,10.4232768330241,-0.0560820328006681,0.231113671090652,-0.242659954021805,0.808268832352298,0.999799029641296
HMGCL,11.6519407431211,0.129839033657652,0.206677862018138,0.628219357360378,0.529860251174116,0.999799029641296
HMGCR,10.5771032876928,-0.0811132933046873,0.221682981295531,-0.36589770144129,0.714441411594695,0.999799029641296
HMGCS1,12.1986833870431,-0.00472540497447473,0.208085518939198,-0.0227089563875682,0.981882431514843,0.999799029641296
HMGCS2,14.8523520052138,0.145864873268142,0.183979949366054,0.792830271835349,0.427876716879733,0.999799029641296
HMGN1,11.4439987255429,-0.0356093855810753,0.219503480964438,-0.162226974372422,0.871127118672068,0.999799029641296
HMGN2,9.99472042097553,0.111882261341188,0.250998907554516,0.44574800118159,0.655779286797934,0.999799029641296
HMGN3,10.9708858160554,0.0425715625148792,0.217540864611428,0.195694554174548,0.84484924713807,0.999799029641296
HMGN4,9.6704331526702,-0.106062680812435,0.241351601054822,-0.439452982076318,0.660333343527083,0.999799029641296
HMGXB3,9.24966524797192,-0.0904016947689733,0.244921924841051,-0.36910413319527,0.712050108296314,0.999799029641296
HMHA1,10.0502640913622,0.100445104386217,0.231687376295397,0.43353723449374,0.664624521814336,0.999799029641296
HMOX1,11.3199141306938,0.222278202486043,0.207934246386418,1.0689831345673,0.28507726906572,0.999799029641296
HMOX2,11.0941129686136,0.0277470160694447,0.218822558034916,0.126801442769978,0.899097553791851,0.999799029641296
HN1,9.71280165527909,-0.179298470986707,0.24583301993099,-0.729350642306062,0.465787201686051,0.999799029641296
HN1L,10.9975740217824,-0.00654347884957333,0.220361799021631,-0.0296942522643456,0.976310895930636,0.999799029641296
HNF1A,9.27461855799108,0.314479454551555,0.228880125969871,1.37399196727528,0.169444176202258,0.999799029641296
HNF1B,10.1744764086883,0.05934411429904,0.226932349366838,0.261505750346372,0.793702515630066,0.999799029641296
HNF4A,13.4955634058784,0.0175568223631702,0.197886174203484,0.0887218242195975,0.929302987712204,0.999799029641296
HNMT,11.0231403170811,0.0906832596604947,0.214791800666266,0.422191440172311,0.67288528890181,0.999799029641296
HNRNPA0,10.633678443124,0.231002197340096,0.214799015610147,1.07543415263763,0.282180398098037,0.999799029641296
HNRNPA1,11.7641028719808,0.040714024127758,0.211274923882385,0.192706372245213,0.847188932668083,0.999799029641296
HNRNPA1P10,10.74711039484,0.0472883967850336,0.220918337044109,0.21405374229117,0.830505147990162,0.999799029641296
HNRNPA2B1,14.0445202948375,-0.00430500932799458,0.196292490728649,-0.0219316047802651,0.982502513864837,0.999799029641296
HNRNPA3,11.7975653793398,0.0615215867515725,0.210764436447181,0.291897379788692,0.770365086919845,0.999799029641296
HNRNPAB,11.6678460100954,-0.0524032014742697,0.217470107792075,-0.240967377109009,0.809580400890842,0.999799029641296
HNRNPC,13.4990998856896,-0.0654217842791698,0.202317572481547,-0.323361848784227,0.746421219051755,0.999799029641296
HNRNPD,10.75988975953,0.0754900706398471,0.218240997407432,0.345902335201096,0.729416113622006,0.999799029641296
HNRNPF,13.4002813040175,-0.00394740090963551,0.200064958806509,-0.0197305961682836,0.984258283314188,0.999799029641296
HNRNPH2,11.9337801024929,-0.00136633117014456,0.210943655389164,-0.0064772328308422,0.994831952064754,0.999799029641296
HNRNPH3,10.4677647191991,0.0311543756024061,0.225142963512406,0.13837596839081,0.889943288735536,0.999799029641296
HNRNPK,13.7090310104169,0.0179304347523396,0.196435515253313,0.0912789865377316,0.927270914589153,0.999799029641296
HNRNPL,10.1157711687551,0.0519625177894896,0.227752030429675,0.228153916746461,0.81952658572011,0.999799029641296
HNRNPM,8.7812701362047,0.126342328077205,0.23954413471352,0.527428184490104,0.597896275478584,0.999799029641296
HNRNPR,11.6261978004317,-0.0465757879632001,0.215782338852222,-0.215846154096501,0.829107670428593,0.999799029641296
HNRNPU,13.2481436527719,0.0237474073721428,0.200354165994503,0.118527145439014,0.905649987741973,0.999799029641296
HNRNPUL1,11.2769066265576,-0.081519474626472,0.22123415671243,-0.368475988689371,0.712518345879535,0.999799029641296
HNRNPUL2,11.4685419450373,0.0737401996504967,0.21477584600937,0.343335626517703,0.731345981791616,0.999799029641296
HOMER2,10.5756322255923,0.0814343014352851,0.219160364392512,0.371574037399562,0.710210022359752,0.999799029641296
HOOK2,9.75403387897072,0.0776321836179771,0.230505792436857,0.336790597742758,0.736274761356214,0.999799029641296
HOOK3,9.7837438487027,0.0238427393886992,0.231771609121477,0.102871699769762,0.918064798822325,0.999799029641296
HP,17.6048340856065,0.179732125350752,0.172454075575352,1.04220282849865,0.297317651967921,0.999799029641296
HPCAL1,9.97577587622984,-0.138228470296898,0.241298009381982,-0.572853753128474,0.56674371994809,0.999799029641296
HPD,14.8608901487698,0.161764374358945,0.184799275474254,0.875351777996998,0.381382529239062,0.999799029641296
HPGD,8.87509252068525,0.163596021805688,0.24467178829669,0.6686345938965,0.503728599445715,0.999799029641296
HPR,10.7559536953593,0.18142106464796,0.215318644886309,0.842570158026738,0.399468886765925,0.999799029641296
HPRT1,9.57175721736767,0.0501139562254866,0.231885337611684,0.216115243601162,0.828897917801807,0.999799029641296
HPS4,9.48874446444298,-0.127933235071523,0.244489806906501,-0.523266129947281,0.600789067519362,0.999799029641296
HPX,15.3001440943576,0.169793590569155,0.18166644988107,0.93464473313764,0.349971417553971,0.999799029641296
HRG,16.1396684716665,0.102170276119693,0.178704672645782,0.571726942597683,0.567506978527634,0.999799029641296
HRSP12,12.5337826415039,0.15518412683512,0.198526224531198,0.781680743698084,0.434402221183273,0.999799029641296
HS1BP3,10.9249409758867,-0.0897566322346583,0.225435079667781,-0.398148470801131,0.69052074695576,0.999799029641296
HS2ST1,9.87915444549893,-0.0514343110388451,0.232962119789513,-0.22078401023015,0.825260614360152,0.999799029641296
HS3ST3B1,10.3129791473384,0.182677406487464,0.217076963671988,0.841532898734925,0.400049462620314,0.999799029641296
HS6ST1,12.1687404464785,-0.0699810356876867,0.213108257822186,-0.328382562003194,0.742622426143467,0.999799029641296
HSBP1,10.2985163255102,0.02551066104079,0.226970706931063,0.11239627080396,0.910509212060432,0.999799029641296
HSD11B1,11.6770928369511,0.0942414714742448,0.208054817010956,0.452964621671231,0.650574216877358,0.999799029641296
HSD17B10,11.4427147169001,0.0400850978566176,0.21207753449734,0.18901152331682,0.850083785279851,0.999799029641296
HSD17B11,10.842156990975,0.0824568860401664,0.215134890111406,0.383279931941614,0.701512217239871,0.999799029641296
HSD17B12,11.1085044896012,0.0344700776095217,0.213930230065054,0.161127661102593,0.871992854474901,0.999799029641296
HSD17B13,10.1805093999126,0.241378522031832,0.214330531262819,1.12619756321999,0.260081904732597,0.999799029641296
HSD17B2,10.0498497905222,0.164260952932892,0.219213538577453,0.749319380540244,0.453664729357473,0.999799029641296
HSD17B4,13.2017267140182,0.0813509881993928,0.197736105666013,0.411411906416317,0.68077052484605,0.999799029641296
HSD17B6,13.327608926741,-0.0299838234397078,0.200992082680266,-0.149179127057485,0.881412289878602,0.999799029641296
HSD3B7,11.3025373744732,0.0479024369870058,0.215559247171052,0.222223994635656,0.824139516051339,0.999799029641296
HSDL2,9.84951935197502,-0.0524194327879292,0.236390589981258,-0.22174923626226,0.824509099145098,0.999799029641296
HSF1,11.1224603432487,-0.0836974570273671,0.225151365830825,-0.371738615568764,0.710087471014887,0.999799029641296
HSP90AA1,13.7075716077991,-0.0405422831151957,0.199178036978911,-0.203547960056903,0.838706763480579,0.999799029641296
HSP90AB1,15.0772385289937,-0.0670169422686852,0.192459651670402,-0.348212945866988,0.727680266071429,0.999799029641296
HSP90B1,14.7983572134997,-0.0138926815975247,0.191689730453069,-0.0724748350612659,0.94222403150487,0.999799029641296
HSPA14,9.50316302558112,-0.0335412515802214,0.237545734528977,-0.141199132229124,0.887712631588839,0.999799029641296
HSPA1A,14.6432496133485,-0.118398165349245,0.197409446860701,-0.599759369331456,0.548666615193941,0.999799029641296
HSPA1B,14.2522288628987,-0.0997547997810968,0.198870114578276,-0.50160779558375,0.615943434707991,0.999799029641296
HSPA4,10.6190655251528,-0.00159333261311846,0.224657636894157,-0.00709226997642252,0.994341234724399,0.999799029641296
HSPA5,14.3363320706211,-0.0823457653770229,0.198338673828187,-0.415177553563536,0.678011929487679,0.999799029641296
HSPA8,14.3071024090815,-0.0293016388123777,0.19611458042932,-0.149410812537409,0.881229480326312,0.999799029641296
HSPA9,13.3439799819503,0.0109864744450993,0.199017336345389,0.0552036051072084,0.955976256857152,0.999799029641296
HSPB1,10.399222358593,0.157856524575819,0.222346452352655,0.709957469100739,0.477730510863659,0.999799029641296
HSPD1,13.9588910121222,-0.0156455618118055,0.196111197331259,-0.0797790336539427,0.936412999883594,0.999799029641296
HSPE1,11.2511838445373,0.0502147320301868,0.215711212724049,0.232786842167655,0.815926930705394,0.999799029641296
HSPG2,12.9135617313805,-0.0311495776468404,0.205249070689305,-0.151764768250731,0.87937247105369,0.999799029641296
HSPH1,10.7732544875567,-0.100251052910129,0.227417718604914,-0.440823404284926,0.659340848578933,0.999799029641296
HTATIP2,11.7777482526296,-0.114970357222899,0.218570353144956,-0.526010758406242,0.598880732040257,0.999799029641296
HTATSF1,11.0953923417707,-0.0305146005536454,0.220033472426527,-0.138681629740833,0.889701735153737,0.999799029641296
HTRA1,11.8361302792513,-0.0766316495909065,0.215993126349455,-0.354787445721418,0.72274883421915,0.999799029641296
HTRA2,9.7540141555559,-0.0843587365744262,0.239162443775215,-0.352725684028022,0.724294102356707,0.999799029641296
HTT,10.0620945894339,0.102084315920742,0.225242674139133,0.453219250352551,0.650390872023608,0.999799029641296
HULC,11.2187426884432,-0.165580890463137,0.227681388987302,-0.727248244573789,0.467073896784605,0.999799029641296
HYAL1,12.420626072649,0.0994759805282064,0.202983255251332,0.490069884853487,0.624084447430175,0.999799029641296
HYAL2,10.5501794911754,-0.00682328957342799,0.226572497159568,-0.0301152596143324,0.975975130838572,0.999799029641296
HYOU1,12.7563782737135,-0.134037790146262,0.21113217536151,-0.634852503730219,0.525524616585739,0.999799029641296
IARS,10.410397850813,-0.137912653671455,0.231719975275818,-0.595169464813281,0.551730199093926,0.999799029641296
IARS2,11.9609796940133,-0.0365218811678538,0.210790015403288,-0.173261912325304,0.862445560424355,0.999799029641296
IBTK,9.79417311556299,-0.144462368184778,0.241089134032461,-0.599207296357564,0.549034657812461,0.999799029641296
ICAM1,10.9412715191818,0.0901797007303518,0.218152854333442,0.413378504745641,0.679329320774988,0.999799029641296
ICE1,9.72671340859407,-0.0149892814034838,0.233393717978298,-0.0642231570469158,0.948792538797919,0.999799029641296
ICE2,9.67100248866657,0.0238569605954473,0.231925169990851,0.10286490507429,0.918070191596456,0.999799029641296
ICMT,9.48532055390347,0.00600302857313434,0.230445135012567,0.0260497084167429,0.97921769030271,0.999799029641296
ICOSLG,9.45983557565949,-0.0311727764381124,0.238031549829175,-0.130960691809484,0.895806402920937,0.999799029641296
ICT1,9.90679376061792,0.0041621467727263,0.231198377261932,0.0180024912891619,0.985636865972529,0.999799029641296
ID1,9.62909529069826,0.313143926171943,0.222518561862508,1.40727103191253,0.159347035725913,0.999799029641296
ID2,12.9675743352901,0.138861212158681,0.195532740433947,0.7101685981105,0.477599591281521,0.999799029641296
IDE,9.40326820605588,-0.0758931246529971,0.237441389892313,-0.319628876361517,0.74924968162906,0.999799029641296
IDH1,13.4837407400295,0.0635275892272249,0.194616138064397,0.326425084060625,0.744102761647207,0.999799029641296
IDH2,13.1343385004643,0.0414434012286364,0.200884368921896,0.20630475855864,0.836552861696005,0.999799029641296
IDH3A,10.2979786341114,-0.0293127783164153,0.228687001517272,-0.128178593981877,0.898007639846937,0.999799029641296
IDH3B,11.8217541218194,0.0298628418167628,0.211176761056382,0.141411591253593,0.887544797791759,0.999799029641296
IDH3G,9.96336309146761,-0.00229935647555598,0.23332951057738,-0.0098545463446358,0.992137336878038,0.999799029641296
IDI1,11.1354579648528,-0.0485913026090123,0.22021788918521,-0.220651023351448,0.825364169166503,0.999799029641296
IDS,9.85051224111007,0.148189659555345,0.227398343971836,0.651674312868783,0.514611296854504,0.999799029641296
IER3IP1,10.3128436791871,-0.0404481218301727,0.228320713766528,-0.177154850135645,0.859386759022108,0.999799029641296
IER5,10.0625768035408,-0.105415319035768,0.236723938742,-0.445309078566227,0.65609640796259,0.999799029641296
IFFO2,9.75581095839399,0.0340906395757353,0.229803291834716,0.14834704630887,0.882068888483876,0.999799029641296
IFI27,10.7440746944245,-0.189335436987385,0.23841555622056,-0.79414044951089,0.427113671771396,0.999799029641296
IFI30,10.1735186092687,0.0889715413310537,0.229869909887283,0.387051708397506,0.698717927693496,0.999799029641296
IFI35,10.004574334698,-0.135764262195505,0.238995944775973,-0.568060944811287,0.569993585852597,0.999799029641296
IFI6,10.8559885580694,-0.113339019176963,0.228556110497287,-0.495891441844906,0.619971004550443,0.999799029641296
IFIH1,9.72661986989914,-0.049764249315461,0.241348530154615,-0.206192468972488,0.836640570346035,0.999799029641296
IFIT1,9.65337858554876,0.0660763542175164,0.230890639791244,0.286180307167317,0.774740025879565,0.999799029641296
IFIT2,10.0738848932162,-0.0610863391710463,0.233165910632841,-0.261986578592259,0.793331789631927,0.999799029641296
IFIT3,10.3537206813105,-0.120149606215516,0.234480075833041,-0.512408595010294,0.608365076859979,0.999799029641296
IFIT5,9.58613709200284,-0.0233083818418618,0.235738097997367,-0.0988740557418178,0.921238268465826,0.999799029641296
IFITM2,11.8785867809661,0.0706666838405522,0.210384193955416,0.335893502795784,0.736951176723608,0.999799029641296
IFITM3,14.3506491928109,0.00442532554321075,0.195165892585717,0.022674687080721,0.981909767426891,0.999799029641296
IFNAR1,9.52916414135323,0.136458942567942,0.233696365195252,0.583915554073471,0.559277127966831,0.999799029641296
IFNAR2,9.96385080875411,0.00328724593735333,0.231145738433887,0.0142215294974757,0.988653243668091,0.999799029641296
IFNGR1,11.0388512324192,0.0661505044251254,0.217467285106057,0.304186003852783,0.760986187244448,0.999799029641296
IFNGR2,10.3827077364568,-0.0407520393181568,0.230291013067002,-0.176958878140417,0.859540690237105,0.999799029641296
IFNLR1,9.29246269524099,0.061487490047448,0.232155480953906,0.264854785227562,0.791121330890601,0.999799029641296
IFRD1,9.30731229998687,-0.0498689442785588,0.23836911786476,-0.20920891399553,0.834285154035161,0.999799029641296
IGF2,12.3769808636431,0.147106692539108,0.211191726455293,0.696555187119269,0.486081208817627,0.999799029641296
IGFBP1,13.718838553264,0.108783106588036,0.191969875391557,0.566667589725488,0.570940044552508,0.999799029641296
IGFBP2,13.7044798835819,0.0696616946982973,0.194242975367922,0.358631732068296,0.71987060507431,0.999799029641296
IGFBP3,12.5360269794059,0.347510537625159,0.1909088181374,1.82029589316849,0.0687139564743621,0.999799029641296
IGFBP4,14.7691909593369,0.0741628732184068,0.188218014741062,0.394026434294482,0.693561522981274,0.999799029641296
IGFBP5,11.1799817738839,0.188994372059416,0.209541915109115,0.901940654503423,0.367088393641895,0.999799029641296
IGFBP7,12.3404742989218,0.0449752263046007,0.206668074663885,0.217620580139174,0.827724748140183,0.999799029641296
IGSF8,11.7634169126784,-0.000474311874380053,0.212907604882747,-0.00222778267897601,0.998222488065924,0.999799029641296
IK,11.9475377112545,-0.0605029595443848,0.21361523138229,-0.283233359123664,0.77699795798712,0.999799029641296
IKBKAP,9.46284375668669,0.039334414350555,0.235497384460842,0.167026969070628,0.867348828745686,0.999799029641296
IKBKB,9.55918808291335,-0.0293785931670956,0.23592228702571,-0.124526569903479,0.900898364364853,0.999799029641296
IKZF5,9.20966336977597,0.0914583543789321,0.237423082788387,0.385212563600854,0.700079935845944,0.999799029641296
IL10RB,10.0899280010295,0.0306309021088575,0.229277275036878,0.133597636765051,0.893720753025121,0.999799029641296
IL13RA1,12.1138220094872,0.0491976156642439,0.205565158377086,0.23932857130388,0.810850812343074,0.999799029641296
IL17RA,6.72573174351036,-0.878246329582339,0.810960402329808,-1.08297066917105,0.278821442162296,0.999799029641296
IL17RB,9.83738336051144,0.0683544776413407,0.230349865027598,0.296741991288561,0.766663495754725,0.999799029641296
IL1R1,10.3504664598165,0.213258429172053,0.224432998624427,0.950209775207458,0.342005672655514,0.999799029641296
IL1RAP,9.75609534742081,0.328343738643679,0.21274580022359,1.54336178809922,0.122743019614975,0.999799029641296
IL22RA1,8.78617246418041,-0.209536932720616,0.251188316726034,-0.83418263815651,0.404178073170778,0.999799029641296
IL32,13.1628314280902,-0.176129276384596,0.212655404810747,-0.828237949283923,0.407535756028881,0.999799029641296
IL4R,11.4454294417383,0.131079880033785,0.209850979790195,0.624633157132914,0.532211852716392,0.999799029641296
IL6R,12.6315479268774,-0.0112828903856707,0.203547956438147,-0.0554311160038556,0.955795006951243,0.999799029641296
IL6ST,12.2573119536165,0.0487554955527666,0.204156534955842,0.238814278285592,0.811249598067611,0.999799029641296
ILF2,11.9892102195727,-0.14438498270181,0.218034327416043,-0.662212159034486,0.507835262798661,0.999799029641296
ILF3,12.2550797082021,-0.0397918506555387,0.210308592667531,-0.189206965587204,0.849930608521743,0.999799029641296
ILK,11.6118570908038,0.00382072638394173,0.214456872032773,0.0178158263138234,0.985785779191201,0.999799029641296
ILVBL,10.7733329346298,0.0578259965361049,0.219458443080102,0.26349406167526,0.792169799984686,0.999799029641296
IMMT,7.98026139269368,-1.04829506028467,0.7534154039966,-1.39139053266476,0.164107033925654,0.999799029641296
IMP3,10.5776491203723,0.0680731558317702,0.221435787955341,0.307417136409311,0.758525886330146,0.999799029641296
IMP4,10.8153282948233,-0.039474968788422,0.224040706047386,-0.176195520380447,0.860140339952772,0.999799029641296
IMPA2,10.0724965821821,-0.0451407667391161,0.23308988287984,-0.193662488398892,0.846440165630433,0.999799029641296
IMPACT,9.58600219455529,0.0150728166482831,0.231896707889462,0.0649979759758723,0.948175611786006,0.999799029641296
IMPAD1,11.7659557562405,0.0105432069776536,0.211364973713399,0.0498815238514857,0.960216800803357,0.999799029641296
IMPDH2,9.97759636391657,-0.0718172189266254,0.236970614834205,-0.303063816485735,0.761841228416846,0.999799029641296
INADL,9.54338076525988,0.0846410005485847,0.228810259258944,0.369917856055557,0.711443696505853,0.999799029641296
INF2,11.3881749083102,0.0415520345893671,0.215519864688503,0.192799093714277,0.84711631328419,0.999799029641296
ING1,10.3820195936465,0.0123890202574182,0.226982340031788,0.0545814280339307,0.956471934981408,0.999799029641296
INHBB,10.7599866305061,-0.0451090223667311,0.224918419456415,-0.200557261943023,0.841044779007495,0.999799029641296
INHBC,11.5956768988076,0.106921341572511,0.206796484898695,0.517036552264851,0.605130643024269,0.999799029641296
INHBE,10.2567596994667,0.157153481693618,0.224681967438941,0.699448573843943,0.484271740872735,0.999799029641296
INO80D,10.0074602883872,0.0107694811327546,0.229261288863199,0.0469747037808061,0.962533388724553,0.999799029641296
INPP5A,9.69694546482457,-0.0205197087707003,0.235360665126961,-0.0871841042751613,0.930525174192197,0.999799029641296
INPP5E,10.5229447834941,-0.00318531533077354,0.22671810544615,-0.0140496733796592,0.988790351312226,0.999799029641296
INPP5K,9.40477532656511,0.0503519945641657,0.234500087579319,0.214720578929994,0.829985177115899,0.999799029641296
INSIG1,10.2283078828596,0.0873789126029934,0.235763874931832,0.370620446530486,0.710920250863299,0.999799029641296
INSR,11.7099848706776,-0.00956357654123367,0.211595824453987,-0.0451973783788599,0.963949983867328,0.999799029641296
INTS1,10.8887617223021,-0.0578669628251329,0.225569304717215,-0.256537399437737,0.797535905808049,0.999799029641296
INTS3,9.13778238017778,-0.0619846547017846,0.248315265596995,-0.249620797790108,0.802880613336505,0.999799029641296
INTS7,8.24369882360328,-0.0448599815980264,0.257453181016531,-0.174245202257361,0.861672762589078,0.999799029641296
IP6K1,10.0331342384393,-0.177027602338157,0.238639141998263,-0.741821315882227,0.458195603899754,0.999799029641296
IPO13,10.3256660708517,-0.0780310706544023,0.230153058298058,-0.339039903407883,0.734579669930847,0.999799029641296
IPO4,10.771649354489,-0.0178229084442771,0.224269385168687,-0.079470982768653,0.936658010992935,0.999799029641296
IPO7,9.19404614532844,-0.111534117874516,0.278452689830047,-0.400549615601094,0.688751747265834,0.999799029641296
IPO9,11.3748276944548,-0.0806182255572543,0.218717139224381,-0.368595830409744,0.712429003927627,0.999799029641296
IQCE,9.52975462521,-0.210826519711424,0.248826143083966,-0.847284441652425,0.396836596526317,0.999799029641296
IQGAP1,10.6367781577232,0.0451258480841757,0.221265129523251,0.203944689257662,0.838396721939293,0.999799029641296
IQGAP2,9.95824540162551,0.254244681863186,0.272261617353432,0.93382491566243,0.350394214915922,0.999799029641296
IRAK1,12.4353777898076,-0.152303039395037,0.216122123706168,-0.704708230621048,0.480991828210961,0.999799029641296
IRAK2,10.2286617006106,-0.116921286221621,0.234320384279053,-0.498980430496302,0.617793170489423,0.999799029641296
IREB2,10.3275897259809,0.0837034102186027,0.221912161361127,0.377191631613144,0.706031198808906,0.999799029641296
IRF1,10.7174801497738,-0.0658917045465382,0.231049793510294,-0.285184001013196,0.775503176987991,0.999799029641296
IRF2,10.4108688637465,0.0923655786625481,0.222070099556907,0.415929829575633,0.677461351019121,0.999799029641296
IRF2BP1,11.1790202862867,-0.0275978349278846,0.219885522644406,-0.125510013556077,0.900119798054665,0.999799029641296
IRF2BP2,13.1356249564372,-0.0288320722271619,0.202779185854607,-0.142184574346967,0.886934215882701,0.999799029641296
IRF2BPL,10.8717654096618,0.0715999656475587,0.217893076770299,0.328601379671364,0.742457005104383,0.999799029641296
IRF6,10.2844503694402,-0.242628505457844,0.231122788045351,-1.04978183895149,0.293818426897684,0.999799029641296
IRF9,10.8294038425475,-0.00856994733948268,0.225033881964779,-0.0380829200681167,0.969621569242368,0.999799029641296
IRGQ,10.3977729978821,-0.0975280071927275,0.230077007841345,-0.423892887463054,0.671643931513987,0.999799029641296
IRS1,12.2252506152245,-0.0453974978871213,0.209163387724416,-0.217043232953058,0.828174652870486,0.999799029641296
IRS2,12.2953386084903,0.0346103002786985,0.204146444053558,0.169536630623938,0.865374562289037,0.999799029641296
ISCA1,10.5211991996678,-0.00689559322808986,0.224559533506944,-0.0307071943034501,0.975503053645071,0.999799029641296
ISCU,10.6331880739222,0.0182956324995901,0.22297026492629,0.0820541362573093,0.934603664044877,0.999799029641296
ISG15,9.82292602551159,-0.0761980493666785,0.240137739519669,-0.317309763634372,0.751008569573203,0.999799029641296
ISOC1,11.2343125082722,0.0783678727847836,0.212495134228862,0.36879843422852,0.712277971842479,0.999799029641296
ISOC2,12.1415696345515,0.0789642727317689,0.205692023748934,0.383895647933106,0.701055792126207,0.999799029641296
IST1,10.4657199610391,-0.0297197325567363,0.228228148093198,-0.130219400214386,0.896392846115438,0.999799029641296
ISY1,9.94962093183414,0.00545447466155903,0.231091377798933,0.0236031076256979,0.981169193316115,0.999799029641296
ITCH,10.7755960199682,0.0249108783176632,0.217297011746947,0.11463976479655,0.90873065972466,0.999799029641296
ITFG1,10.6324920477928,0.0113745704484957,0.221219392675419,0.0514176009206611,0.958992759817239,0.999799029641296
ITGA5,12.1300610639504,-0.0631284331219734,0.212030878490407,-0.297732262260233,0.765907517758847,0.999799029641296
ITGA6,10.9841627907499,-0.528029063712485,0.245337425264118,-2.1522564816356,0.0313771593099517,0.999799029641296
ITGAV,9.79817784590587,-0.0842312111872034,0.235028799998638,-0.358386764463298,0.720053895181342,0.999799029641296
ITGB1,12.9664987316795,-0.0104761124940455,0.202357622280546,-0.0517702885415481,0.958711730101667,0.999799029641296
ITGB2,10.6919832147083,0.048942490107368,0.2217360041395,0.220724145802578,0.825307229479166,0.999799029641296
ITGB5,11.4712923943352,-0.0227231310674273,0.218027716358063,-0.10422129556276,0.916993734584768,0.999799029641296
ITIH1,16.2919810046415,0.0736507640146018,0.18105587592484,0.406784721227031,0.684166109383266,0.999799029641296
ITIH2,15.1202763807816,0.0346064771665697,0.18850737506924,0.18358155564926,0.854341733648536,0.999799029641296
ITIH3,14.2682318588888,0.0297206743726181,0.193410843256773,0.153666019299449,0.877873079161518,0.999799029641296
ITIH4,14.4904231412724,0.171657509838735,0.186361917836666,0.921097570959648,0.356999488314305,0.999799029641296
ITM2B,14.0148438663743,-0.0238288707882673,0.196254605951357,-0.12141814798565,0.903359843209801,0.999799029641296
ITM2C,10.2043396501156,0.0857751346241961,0.222868822234426,0.384868254627257,0.700335026762756,0.999799029641296
ITPK1,11.6530935314343,-0.074013721872778,0.217436522138022,-0.340392318387968,0.733561102734405,0.999799029641296
ITPR2,11.4725427295321,0.143712135358198,0.209788520265583,0.685033362055582,0.493322868796963,0.999799029641296
ITPRIP,9.89280368484698,0.0582510937269664,0.228130681197603,0.255340901193865,0.79845981205939,0.999799029641296
ITPRIPL2,9.93641811834997,0.0242898951844581,0.229781127951078,0.105708834320065,0.915813370854261,0.999799029641296
IVD,12.6165952540372,0.115229886118923,0.199087538609909,0.578790048455536,0.56273084675536,0.999799029641296
IVNS1ABP,10.1478073160326,0.0468097858652664,0.225798988027245,0.207307332394325,0.83576984811156,0.999799029641296
IWS1,9.51534763857001,-0.000249798083291942,0.241314562435638,-0.00103515544511976,0.999174065599813,0.999799029641296
JADE1,10.0776073375147,0.103590990740285,0.224822678149295,0.460767532853134,0.644965397620597,0.999799029641296
JAG1,10.2594295780483,-0.109149268989918,0.234484079306113,-0.465486907737672,0.641582810427618,0.999799029641296
JAGN1,10.0475167504234,0.0729313687934335,0.225804287746545,0.322984871196492,0.746706699592554,0.999799029641296
JAK1,11.767583762019,0.132471258771853,0.207959480403459,0.637005144054253,0.524121492915528,0.999799029641296
JARID2,9.7129445169848,-0.000495050292646411,0.23146282208027,-0.00213878966910172,0.998293494045265,0.999799029641296
JAZF1,8.94324295095975,-0.196816683806503,0.248158418646579,-0.793109034462395,0.427714299598871,0.999799029641296
JMJD1C,9.15192774326398,0.191893310404414,0.235427250665205,0.815085381417041,0.415023438806265,0.999799029641296
JMJD8,10.2412069514602,0.0655882350585453,0.226151592040061,0.290018896028496,0.7718017816294,0.999799029641296
JMY,9.67038068272477,-0.0487221414539375,0.23546211371316,-0.206921362785738,0.836071272468939,0.999799029641296
JOSD1,10.5654209949369,-0.0142977738063045,0.224675410910032,-0.0636374659264777,0.949258898693024,0.999799029641296
JRK,9.44785756922055,-0.113661738214088,0.244415241894826,-0.46503539359054,0.641906110651601,0.999799029641296
JTB,11.2756379543879,-0.0784225763927793,0.221227531007576,-0.354488322658601,0.722972953788165,0.999799029641296
JUN,13.512440634704,0.077782391310418,0.194977817290361,0.398929439211972,0.689945196625829,0.999799029641296
JUNB,12.6483694377137,0.193651941151304,0.198396855702093,0.976083721014643,0.329022977761739,0.999799029641296
JUND,12.4638127044199,0.11947843922745,0.20158280090929,0.592701553349357,0.553380901702107,0.999799029641296
JUP,12.9530411266161,-0.0039913864409739,0.20309541517124,-0.019652764872159,0.984320371664771,0.999799029641296
KANK1,8.40083729128371,0.236302446301918,0.273489055791477,0.864028893653748,0.387572018337422,0.999799029641296
KANSL3,8.69197174210891,0.167697807923539,0.246294815733915,0.680882410877506,0.495945898525105,0.999799029641296
KARS,11.5981313210671,0.0531505324888986,0.211710957996134,0.251052345102841,0.801773639228648,0.999799029641296
KAT2A,10.0751909997491,-0.117601867460655,0.238863962936047,-0.492338258208257,0.622480238501788,0.999799029641296
KAT2B,9.56680889061487,-0.103525574402529,0.227434829123474,-0.455187865471234,0.648974089611945,0.999799029641296
KAT5,10.2284612379034,-0.0157596387829551,0.230530949946363,-0.0683623556256627,0.945497187555335,0.999799029641296
KAT6B,9.71357832557993,0.172837972944558,0.225868149895169,0.765216224707983,0.444142799893392,0.999799029641296
KAT7,9.31934600676836,-0.0331195767319175,0.242114438052304,-0.136793067767246,0.89119436325393,0.999799029641296
KBTBD2,9.89459725539142,-0.0208926913370571,0.22951464764467,-0.0910298821947207,0.927468847063972,0.999799029641296
KCMF1,10.9693238378571,-0.0119214350642769,0.220206271982706,-0.0541375818088104,0.95682555018411,0.999799029641296
KCNJ8,10.1986436080991,0.0804369226276565,0.222758075690012,0.361095427757204,0.718028111119156,0.999799029641296
KCTD10,10.243840825885,-0.00935246695147598,0.228757447109603,-0.0408837704286628,0.967388555951212,0.999799029641296
KCTD12,9.43557971824391,0.0869450642972016,0.232549389666134,0.373877843420817,0.708495201379066,0.999799029641296
KCTD2,10.2847997716964,-0.0916709612603219,0.2321375765311,-0.394899277532695,0.69291722319711,0.999799029641296
KCTD20,11.0129439364755,-0.0133048715249734,0.219518575943735,-0.0606093195884416,0.951670351213367,0.999799029641296
KCTD5,10.2571815920291,-0.037599168494434,0.230449937311862,-0.163155472867636,0.870396023858406,0.999799029641296
KDELR1,12.2273667030989,-0.0367529821094433,0.210423082325784,-0.174662312248336,0.861344982954118,0.999799029641296
KDELR2,13.1761453296918,-0.016929625779536,0.201474700434881,-0.0840285442439852,0.933033736994131,0.999799029641296
KDM1A,9.12533203208553,-0.0893313226735065,0.241112575237811,-0.370496323492868,0.711012715401569,0.999799029641296
KDM2A,11.7966663429456,-0.0271916705772143,0.210454803634643,-0.129204323719881,0.897195975055719,0.999799029641296
KDM3A,9.86545638888445,-0.0511813087951257,0.232275630413855,-0.220347303347897,0.825600682583833,0.999799029641296
KDM3B,10.8171638865395,-0.00386826420485297,0.220929616837705,-0.0175090341449992,0.9860305257464,0.999799029641296
KDM4A,9.17711343154571,-0.543623838329768,0.293009653737132,-1.85531033328161,0.0635519234559047,0.999799029641296
KDM5B,9.71327453740317,-0.0858775778502524,0.238172360454285,-0.360569033646269,0.718421641739611,0.999799029641296
KDM5C,10.2558949602735,-0.0395688278318757,0.227398722016056,-0.174006377349306,0.861860450292745,0.999799029641296
KDM7A,9.2083565068587,-0.0487227068824258,0.241484454739398,-0.201763326484124,0.840101753105659,0.999799029641296
KDR,10.5093510039754,0.0704146865999877,0.220549639109202,0.319269108235189,0.749522455882757,0.999799029641296
KDSR,10.1437458602938,0.0762115823914335,0.222351576326437,0.342752606707615,0.731784582814101,0.999799029641296
KEAP1,11.5555996929718,-0.0103429381984684,0.216109564335417,-0.0478596966787433,0.96182805995112,0.999799029641296
KHDRBS1,11.8366244501272,-0.010240462952494,0.212519526903781,-0.0481859860206184,0.961568018749619,0.999799029641296
KHK,13.1747564603486,0.0738122348804662,0.19731316083836,0.37408672876582,0.708339792001072,0.999799029641296
KHNYN,7.46092546047431,0.547430470464061,0.474693537600539,1.15322924603353,0.248816302403373,0.999799029641296
KIAA0040,9.43445199089802,0.204580372840402,0.22507766388054,0.908932362782046,0.363385829614327,0.999799029641296
KIAA0141,11.0660677794939,0.0410534744453373,0.217313113432264,0.18891393067328,0.850160275072912,0.999799029641296
KIAA0196,9.4743738811962,-0.11472286184353,0.238069261814405,-0.481888593971304,0.629885089158705,0.999799029641296
KIAA0232,9.6987652448401,0.0563123748189146,0.232677936802648,0.242018541133436,0.808765796485521,0.999799029641296
KIAA0319L,9.47066022868683,-0.0930098812165515,0.238705545214605,-0.389642733824773,0.696800747719195,0.999799029641296
KIAA0355,9.57309215751091,-0.012069539184457,0.231998552980827,-0.0520242002778975,0.958509410487639,0.999799029641296
KIAA0930,11.1928744754367,-0.0185373276576235,0.220087218944197,-0.0842271884144424,0.932875801760888,0.999799029641296
KIAA1033,9.96360472376461,-0.00994433024542544,0.225847730872027,-0.0440311275523075,0.964879591722297,0.999799029641296
KIAA1109,9.44655613172733,0.0446613031817804,0.2346031840717,0.190369552563834,0.849019554901042,0.999799029641296
KIAA1143,9.5718233461945,0.0669644610245813,0.23277083484002,0.287684069486647,0.773588585455548,0.999799029641296
KIAA1161,11.9457699104255,-0.0432095433613655,0.212588521585764,-0.203254357474487,0.838936228298886,0.999799029641296
KIAA1191,11.9882438319287,0.0483818713541964,0.207190925840544,0.233513466663262,0.815362713687402,0.999799029641296
KIAA1279,9.61353198983318,-0.00875808078128383,0.233495221436168,-0.0375086082165416,0.970079476613834,0.999799029641296
KIAA1429,10.4958128365946,-0.0442096609526957,0.226429148941195,-0.195247216002994,0.845199417242956,0.999799029641296
KIAA1522,11.0946961081107,-0.189171090195376,0.2289511631125,-0.826250837181481,0.408661815486123,0.999799029641296
KIAA1715,9.76662734654993,-0.0427545456119802,0.233031081334727,-0.183471429506724,0.85442813420525,0.999799029641296
KIAA2013,11.6110411791436,0.0388781572673575,0.211784843024668,0.183573841792016,0.854347785574819,0.999799029641296
KIDINS220,9.16147018876214,0.47514441823029,0.307199103214634,1.54669858491844,0.121935944501056,0.999799029641296
KIF1C,12.798541491772,-0.0331049902864472,0.205929395324504,-0.16075893504315,0.872283269566885,0.999799029641296
KIF22,9.78271543810745,-0.286616538797341,0.25064592871363,-1.14351164716028,0.252826221712389,0.999799029641296
KIF3B,11.1227414838619,-0.0233175567375291,0.218355329245592,-0.10678721155142,0.914957793161491,0.999799029641296
KIF5B,10.9711933510218,-0.0450386766408506,0.220209578826447,-0.204526419245127,0.837942148740524,0.999799029641296
KIFAP3,9.40354560362396,-0.10526937036072,0.239829007020232,-0.438935104925984,0.660708559199475,0.999799029641296
KIFC2,10.5641550086093,-0.152422052281203,0.233923865586739,-0.651588293049497,0.514666801942724,0.999799029641296
KIFC3,9.64250251358886,-0.174279158003191,0.249593854922164,-0.698250996834595,0.485020239029435,0.999799029641296
KLB,11.0815136193264,-0.0565260640087527,0.220146575172513,-0.256765584313348,0.797359739265954,0.999799029641296
KLC4,12.1139287172189,-0.0365908343055912,0.210936216333425,-0.173468714579352,0.862283017206588,0.999799029641296
KLF10,11.2905279817792,0.121047484916074,0.20999294042412,0.57643597290269,0.564320535441651,0.999799029641296
KLF11,10.8853535630374,0.0800279111425905,0.214724748012318,0.372699988629162,0.709371744920809,0.999799029641296
KLF13,11.4446868871001,-0.0828809805210107,0.221472154260501,-0.374227544757271,0.708235032644461,0.999799029641296
KLF15,10.4217920782733,-0.239399923316408,0.238105474578915,-1.00543645096687,0.31468673531374,0.999799029641296
KLF16,9.73924067455877,0.00842194721313914,0.235712969657148,0.0357296725139441,0.971497910407282,0.999799029641296
KLF3,11.038636585963,-0.0442141825593946,0.218716739496171,-0.202152714333823,0.839797338377173,0.999799029641296
KLF6,12.1414501228488,0.122748200829201,0.203364153450504,0.603588187723932,0.546117468096453,0.999799029641296
KLF9,12.4769845068329,0.067808879145163,0.20027181595142,0.338584232749013,0.734922962186,0.999799029641296
KLHDC3,10.745488836526,-0.143171895899606,0.229276934958086,-0.624449624319078,0.532332343847039,0.999799029641296
KLHL12,10.1996573747498,-0.39839789732936,0.252882166907401,-1.57542899209356,0.115157456734188,0.999799029641296
KLHL2,9.1802435584976,0.153957576628536,0.234916751086012,0.655370789510734,0.512229053652222,0.999799029641296
KLHL21,10.6457924338271,-0.193036129052945,0.233466545833195,-0.826825652317929,0.408335888171492,0.999799029641296
KLHL22,9.30631831643721,-0.0283904324995391,0.242425034200666,-0.117110151569739,0.906772765304756,0.999799029641296
KLHL24,7.37989077609373,-0.180126717729852,0.599815805052031,-0.300303386827606,0.763945750077773,0.999799029641296
KLHL5,10.5929416390613,-0.0350689944675163,0.225336643765151,-0.155629345860257,0.876325192127277,0.999799029641296
KLKB1,11.2899060383976,0.287385323608542,0.202837487099871,1.41682549768053,0.15653395298868,0.999799029641296
KMO,9.30787917939833,0.329514477579366,0.220966100622376,1.49124447890989,0.135897319830905,0.999799029641296
KMT2B,9.28354651001465,0.358164197226182,0.235163890906464,1.52304078591998,0.127748501730398,0.999799029641296
KNG1,16.5722285352386,0.0194943666253605,0.180897334958775,0.107764808308553,0.9141822591741,0.999799029641296
KPNA1,10.8521964539697,0.118100410300265,0.215239780263005,0.548692301004751,0.583216630620688,0.999799029641296
KPNA2,9.69669873335143,-0.337524466623512,0.258307973737764,-1.30667459366225,0.19132325082286,0.999799029641296
KPNA3,9.41684660767906,0.00140858328555587,0.232789463090595,0.00605088936094885,0.99517211826054,0.999799029641296
KPNA4,11.1506676451914,0.0337733046674594,0.215356629861287,0.156825005523224,0.875382765134282,0.999799029641296
KPNA6,11.0674157717858,-0.126756146974421,0.222350243070208,-0.570074245137646,0.568627342495594,0.999799029641296
KPNB1,12.2837791040781,0.00943246162074036,0.209365488264141,0.0450526096681232,0.964065375043073,0.999799029641296
KRCC1,9.44688981022644,0.0721332791472559,0.232423593458438,0.310352654280577,0.756292794116732,0.999799029641296
KRI1,10.5233017419641,-0.0313382660344691,0.228223355744283,-0.137314018244402,0.890782590436514,0.999799029641296
KRR1,9.48928479777528,0.0329567234918341,0.231918863813568,0.142104540139205,0.886997432060727,0.999799029641296
KRT18,13.5825015548494,0.0551119528944801,0.196737022281851,0.28013005511248,0.779377726786481,0.999799029641296
KRT8,14.2246061929554,0.069701191314938,0.192286477769878,0.362486182717197,0.716988747085176,0.999799029641296
KRTCAP2,8.4117800689603,0.140610940401821,0.319616837657389,0.439935960296771,0.659983489995423,0.999799029641296
KTN1,9.04302919299407,0.248053082473404,0.236478870220569,1.04894395952602,0.294203911638586,0.999799029641296
KXD1,10.9411307839756,-0.0373197280616741,0.223779236715706,-0.166770289368204,0.86755079690989,0.999799029641296
L3MBTL2,9.69741271619797,-0.0648533285384344,0.237406481509712,-0.273174212119316,0.784719302083758,0.999799029641296
LACTB,10.0604302592967,-0.0346320642529677,0.230872072743922,-0.150005428726673,0.880760332220328,0.999799029641296
LACTB2,10.0734205490815,0.0444433709471956,0.227860600065621,0.195046317504634,0.845356687752382,0.999799029641296
LAD1,9.19952942842849,0.214216071883431,0.266965410003116,0.802411338161488,0.422315056601406,0.999799029641296
LAMB2,13.2609122261467,-0.0709943814086706,0.202673882736995,-0.350288751811196,0.726122005942117,0.999799029641296
LAMC1,11.69599319848,-0.220237957146238,0.223806091560891,-0.984057027269597,0.325087474300956,0.999799029641296
LAMP1,13.622362341956,0.00763391027479497,0.197791093877474,0.0385958241351553,0.969212631671248,0.999799029641296
LAMP2,12.8549542163424,-0.0384233912917399,0.204341046807444,-0.188035599758611,0.850848744330854,0.999799029641296
LAMTOR1,10.7032715365409,-0.0355665047508167,0.225914948381093,-0.157433162372328,0.874903479524645,0.999799029641296
LAMTOR2,11.1219105096573,-0.00776759387909611,0.220199278556494,-0.035275292135452,0.971860225085467,0.999799029641296
LAMTOR5,9.66974092506869,0.0272083326087504,0.231681732005695,0.117438402990191,0.906512653422352,0.999799029641296
LANCL1,10.397599397345,-0.117054056787849,0.229833731019942,-0.509298858215433,0.610542758134741,0.999799029641296
LANCL2,9.85175798797698,0.0102899087153875,0.231403768715838,0.0444673341860022,0.964531889752646,0.999799029641296
LAP3,12.5608439006122,0.082374156297716,0.202640181719537,0.406504552052394,0.684371912986201,0.999799029641296
LAPTM4A,12.0305825590583,0.00330718471821899,0.209449324918001,0.0157899039279012,0.987402002932552,0.999799029641296
LAPTM4B,10.314310131175,-0.0915981462351055,0.231051566395907,-0.396440273761884,0.691780260521026,0.999799029641296
LAPTM5,11.0561381795726,0.0907010735601292,0.216143702878884,0.419633199357898,0.674753431497498,0.999799029641296
LARGE,9.40234497649135,-0.0623960617806841,0.236140085373234,-0.264233248167347,0.791600192865582,0.999799029641296
LARP4,9.17980453904319,0.377675088286948,0.238672682612569,1.58239763408542,0.113558824495671,0.999799029641296
LARP4B,9.90765832005186,0.00325558320759934,0.228012957534071,0.0142780622768461,0.988608141615627,0.999799029641296
LARP7,9.67112625835897,0.0688231298371429,0.230063663563184,0.299148195639515,0.764826974176214,0.999799029641296
LARS,11.2774543571066,-0.0426967540585781,0.219611020864317,-0.194419906116449,0.845847104465238,0.999799029641296
LARS2,9.01480436857703,0.0431864427046836,0.243814825832101,0.17712804197733,0.859407815860199,0.999799029641296
LAS1L,10.5072313976225,-0.0873870601332162,0.229778669430799,-0.380309714342453,0.703715525324259,0.999799029641296
LASP1,12.9380564099468,-0.0209562051354347,0.205733124621192,-0.101861113391538,0.918866916380601,0.999799029641296
LATS2,10.0337760042728,0.0912567277303954,0.224345599661024,0.40676852083696,0.68417800904957,0.999799029641296
LBH,9.39303236674129,0.0558952966933111,0.234919026819808,0.237934310600499,0.811932043553772,0.999799029641296
LBP,9.86634857313089,-0.454064600887226,0.263702803455994,-1.72188006701643,0.0850912465220381,0.999799029641296
LBR,10.8591121173974,0.0130411842807132,0.219180081236251,0.0594998606039217,0.952553976504097,0.999799029641296
LCP1,10.5631406738517,0.1465301231021,0.222369244575128,0.658949592521525,0.509928138408557,0.999799029641296
LDB1,9.72732959608466,0.0317146828148954,0.233892170382442,0.135595316264919,0.892141208334171,0.999799029641296
LDHA,13.8752588993238,0.0473940746665479,0.194376099925795,0.243826657107747,0.807365073908961,0.999799029641296
LDHD,10.7841061379139,0.179582403187167,0.211650415266671,0.848485947740286,0.396167395099788,0.999799029641296
LDLR,12.4208421045323,0.177605893921036,0.198830547941303,0.89325254977151,0.371721942302967,0.999799029641296
LDLRAP1,10.8560612241176,0.00995216324049971,0.220828242741037,0.0450674384624367,0.964053555382482,0.999799029641296
LEAP2,11.3049812069115,0.161982832243477,0.209315317115318,0.773869941654754,0.439007706504605,0.999799029641296
LECT2,10.3261233396471,0.223800238735745,0.21750414567893,1.02894700253718,0.303504579636973,0.999799029641296
LEMD2,10.604844376086,-0.175749442063356,0.235464007053299,-0.746396208332484,0.455428109053009,0.999799029641296
LENG8,9.0400164619838,-0.453823855949619,0.294300922899825,-1.54204020659525,0.123063823495287,0.999799029641296
LEO1,10.3114088855962,-0.0610578002094884,0.230377254040926,-0.265033978565616,0.790983286375383,0.999799029641296
LEPR,9.3843202811325,-0.150899123120711,0.244516397644189,-0.617132939036234,0.537147043971678,0.999799029641296
LEPROT,11.4305566661074,0.0410546018723346,0.211916765427204,0.193729843835491,0.84638742251947,0.999799029641296
LEPROTL1,9.89460723298845,0.0345783874313152,0.231510815155819,0.149359706621231,0.88126980449209,0.999799029641296
LETM1,10.4220488401577,0.0137075188518153,0.224986098624246,0.0609260702578273,0.951418086945684,0.999799029641296
LETMD1,9.5156129655551,0.0406475042452416,0.233706459803144,0.173925463076544,0.861924040965808,0.999799029641296
LGALS1,10.4120640134657,0.0296137958945113,0.225231210866097,0.131481759480115,0.895394215129247,0.999799029641296
LGALS3BP,13.2205553540898,-0.0019749152206752,0.203840869272303,-0.00968851451490322,0.992269804787076,0.999799029641296
LGALS4,11.4853370237153,-0.443875917691699,0.237017871793389,-1.8727529461518,0.0611025083401452,0.999799029641296
LGALS8,11.613881854659,-0.018483292209362,0.214701055545071,-0.086088501812148,0.931396063914764,0.999799029641296
LGALS9,9.50358896674684,0.0324365794160171,0.238375187611456,0.136073639798819,0.891763066068893,0.999799029641296
LGMN,11.7795607027932,0.0433770104027035,0.211434172793496,0.205156100499748,0.837450166604489,0.999799029641296
LGR4,8.08894533586422,0.623693384914146,0.286301738916057,2.17844777078707,0.0293727166633257,0.999799029641296
LHPP,10.0168930891346,-0.0837339104567891,0.23529884525584,-0.355861969342626,0.721943937893822,0.999799029641296
LIG1,11.0267594920063,-0.0935352081017219,0.223542733808575,-0.418422046237559,0.675638570501578,0.999799029641296
LIG3,9.41762004648586,-0.0880040187066872,0.241930618596157,-0.363757259074297,0.716039281539675,0.999799029641296
LIMA1,10.1615518274349,0.0423122503322867,0.227308423328545,0.186144665088499,0.852331316284479,0.999799029641296
LIMD1,6.69745668919283,-0.303955533708238,0.545477913459679,-0.557227939405298,0.577371702811433,0.999799029641296
LIMK1,9.68462347699415,-0.161598371051603,0.246127216368283,-0.656564411835714,0.511461038240612,0.999799029641296
LIMS1,9.58502680755717,0.0902510216828795,0.231831281079429,0.389296134942023,0.697057095124572,0.999799029641296
LIMS2,9.92008135372462,-0.00272905578682046,0.233856082945074,-0.0116698088518888,0.99068905102443,0.999799029641296
LIN7C,10.3553058418915,0.0975329208729553,0.220353755306946,0.442619735420869,0.658040807460514,0.999799029641296
LINC00261,11.4299054316717,0.128884180448024,0.207186081440734,0.622069685143844,0.533896047486219,0.999799029641296
LINC00657,13.3174347516773,-0.026545058152292,0.200123721578578,-0.132643236608356,0.894475536650829,0.999799029641296
LINC01018,10.5735740332254,0.0521807784104858,0.216336646131822,0.241201753579419,0.809398751858459,0.999799029641296
LINC01314,9.2921585532433,0.223491730507766,0.225336367973869,0.991813849301428,0.321288340512096,0.999799029641296
LINC01485,9.21673855633582,0.14542891741344,0.234086211088666,0.621262212486129,0.534427112021293,0.999799029641296
LIPA,11.9197017883818,-0.00967089528923443,0.210919473285587,-0.0458511257333739,0.963428909188189,0.999799029641296
LITAF,11.8627614736254,0.0968690785939309,0.207481109118268,0.46688143805282,0.640584706218995,0.999799029641296
LIX1L,10.3695563491054,-0.0876848243032129,0.23011091301242,-0.38105461038469,0.703162726668235,0.999799029641296
LLGL2,9.60988276783781,0.0632526922357163,0.233955530958254,0.270362029812421,0.78688174851966,0.999799029641296
LMAN1,12.1582913579033,0.103754700473019,0.201864901352164,0.513980884136039,0.607265355596956,0.999799029641296
LMAN2,13.5813154319777,-0.0740224889545069,0.202352580343349,-0.365809464000442,0.714507257391574,0.999799029641296
LMBRD1,9.93603156401687,-0.0525006462048887,0.23012707642208,-0.228137631699611,0.819539245508678,0.999799029641296
LMNA,13.6807649603404,-0.101801275374853,0.202276831786887,-0.503276991613689,0.614769540655499,0.999799029641296
LMNB1,10.0783476022436,-0.121979279771927,0.236517511186125,-0.515730438563328,0.60604269228721,0.999799029641296
LMO4,9.57351082642102,0.0770375822144876,0.232360902326173,0.33154279159386,0.740234523865119,0.999799029641296
LNX2,9.54349366640317,0.171967703189332,0.224026970989682,0.767620534392048,0.442712659222879,0.999799029641296
LOC100129034,12.2974243827939,0.0137303475639102,0.206317083617291,0.0665497365665526,0.946940161387609,0.999799029641296
LOC613037,11.7819583005268,0.0355768857321936,0.21025747268134,0.169206284459211,0.865634386784674,0.999799029641296
LOC646471,9.8102023397524,0.124974905552536,0.223720667216513,0.558620296941936,0.576420884884534,0.999799029641296
LOC728554,9.69837672651417,0.0459591809672449,0.231730205237186,0.198330558246404,0.842786444510941,0.999799029641296
LOC730101,10.1733873344394,-0.0284046215950441,0.227782081468141,-0.124700860629448,0.900760376036985,0.999799029641296
LONP1,12.8126180447901,0.0273883472686673,0.203274960399849,0.134735469704647,0.892821028111989,0.999799029641296
LONP2,9.93392138601996,0.180369754315736,0.222085227296552,0.812164575336148,0.416697203434478,0.999799029641296
LOXL2,9.48846793903732,-0.327506230448372,0.259222558789653,-1.26341716545637,0.206439298421674,0.999799029641296
LPCAT1,9.82505659227281,-0.0543116650794328,0.237254540329377,-0.228917284381714,0.81893320625139,0.999799029641296
LPCAT3,11.17883251996,-0.0149907579413916,0.218541282933093,-0.0685946277069357,0.945312295264868,0.999799029641296
LRCH1,9.71109929316139,0.0167649789705337,0.231673966347251,0.072364535536138,0.942311807315947,0.999799029641296
LRCH4,10.4095989826479,-0.00200958147051897,0.227182978653439,-0.00884565156434773,0.992942283225842,0.999799029641296
LRFN3,9.5001376561183,-0.0998790224770835,0.241864948962604,-0.412953687193949,0.679640545523841,0.999799029641296
LRG1,11.5530892835148,-0.238925704453781,0.230989803109473,-1.03435606783277,0.300969734398681,0.999799029641296
LRIG1,10.9966039982409,0.0739751194851796,0.216520656313421,0.34165386686293,0.732611393937822,0.999799029641296
LRP10,10.648505357401,-0.108306318386816,0.23011644050653,-0.470658759315122,0.637884439431196,0.999799029641296
LRP11,9.6408725487027,-0.124021779870044,0.241484170751614,-0.513581405704686,0.607544682526048,0.999799029641296
LRP3,11.2078963873851,0.0860568680050352,0.214667052941779,0.400885309719025,0.688504566038127,0.999799029641296
LRP5,12.8949521201102,0.0170427230582974,0.202211833340786,0.0842815317814529,0.932832595655546,0.999799029641296
LRP6,10.4535916623802,0.0962677922237257,0.218924663506282,0.439730228115496,0.660132506534841,0.999799029641296
LRPAP1,12.1141922716115,-0.0319765484977468,0.210720298809462,-0.151748781101818,0.879385080910499,0.999799029641296
LRPPRC,11.5407371945601,-0.15164471746044,0.215658338319485,-0.703171130048251,0.481949108504995,0.999799029641296
LRRC20,10.3932217287816,-0.283328399702336,0.250540594562937,-1.13086823393469,0.258110555244026,0.999799029641296
LRRC32,9.54500800534855,0.0709069373189387,0.231156064726208,0.306749197356878,0.759034279713878,0.999799029641296
LRRC41,11.1365905901467,-0.0322716635427032,0.219918907693295,-0.146743469587027,0.883334506213075,0.999799029641296
LRRC45,10.3683065402146,-0.12267951083509,0.232697437655401,-0.527206109664019,0.598050466362157,0.999799029641296
LRRC47,11.1785069205412,0.0289741140788144,0.217010957756716,0.133514521010024,0.893786480978766,0.999799029641296
LRRC58,10.1450521004943,0.0113121196582039,0.225685158711842,0.0501234539425226,0.960024009682998,0.999799029641296
LRRC59,12.3801642282288,-0.0550175826812923,0.210135266621162,-0.261819843788905,0.793460339453613,0.999799029641296
LRRC61,9.83811486761634,-0.0392618429842441,0.237488653816255,-0.16532092103491,0.868691392781271,0.999799029641296
LRRC75A-AS1,12.0039823798559,0.074739413521184,0.207073535761026,0.360931749421796,0.718150468531745,0.999799029641296
LRRC8A,11.7927521567541,-0.0292688925226801,0.214193696620001,-0.136646843415779,0.891309948066621,0.999799029641296
LRRC8D,10.0729960876065,0.0159021164137447,0.22943170180149,0.0693108942176773,0.944742154261899,0.999799029641296
LRRFIP1,9.68345614319389,0.0486069370900886,0.229167965216973,0.212101796357393,0.832027618297232,0.999799029641296
LRRFIP2,10.5503905557206,0.0111062649720925,0.222949983941068,0.0498150516800583,0.960269772068879,0.999799029641296
LRSAM1,10.0469775917223,0.0780677419244249,0.22798461855017,0.342425477740049,0.732030717651891,0.999799029641296
LSM1,9.51611480230604,-0.0472749417235383,0.239771617018977,-0.197166546696795,0.843697208593798,0.999799029641296
LSM14A,10.5511664291358,-0.28963334389611,0.242144364576921,-1.19611845769016,0.231650335693803,0.999799029641296
LSM14B,9.89235468185795,-0.0915626628357359,0.236935401638256,-0.386445681829895,0.699166623507514,0.999799029641296
LSM3,9.55803626026611,-0.00144264568330198,0.23576554474141,-0.00611898437018983,0.99511778730986,0.999799029641296
LSM4,10.9825364729082,-0.159912634359288,0.228770927626574,-0.699007675574565,0.484547234039479,0.999799029641296
LSM8,9.76843492192167,-0.045216214899514,0.235214324107762,-0.192234104241026,0.847558832732146,0.999799029641296
LSP1,9.7859459179915,0.0803856050992148,0.233694705327982,0.343977006181618,0.730863578542197,0.999799029641296
LSR,12.7034385878816,0.0495641670531007,0.202554875477093,0.244695008877759,0.806692592922539,0.999799029641296
LSS,9.48409602335568,0.00762731100469452,0.236736053418473,0.0322186286987386,0.974297700337287,0.999799029641296
LTA4H,10.0755600696592,-0.113425842040038,0.236471070297056,-0.479660543243419,0.631468788531647,0.999799029641296
LTBP3,11.8501070314436,-0.0369176499294132,0.214308849153627,-0.172263768272811,0.863230167235405,0.999799029641296
LTBP4,8.89232883974911,0.327460497573374,0.25237961619816,1.29749185970813,0.19446200418511,0.999799029641296
LTBR,12.337766701229,0.0788978044494562,0.205557018368433,0.383824425337998,0.701108583325587,0.999799029641296
LTV1,9.92146589800328,0.0379284521104437,0.229445746210255,0.165304664553195,0.868704187547406,0.999799029641296
LUC7L2,10.9695970739727,-0.0159718846540331,0.222225256986585,-0.0718724994206993,0.942703375717273,0.999799029641296
LUC7L3,11.4189153652266,-0.0420206848778577,0.217891769568641,-0.192851180019538,0.847075519899028,0.999799029641296
LURAP1L,9.5281795846107,0.10344328232008,0.227833460474405,0.454030246938643,0.649807056666267,0.999799029641296
LY6E,10.5093234335356,0.40098572173955,0.211041217948249,1.9000351004318,0.0574285134987369,0.999799029641296
LYN,10.3408789200866,0.0271074079485145,0.227032754004065,0.119398665921258,0.904959518175909,0.999799029641296
LYNX1,10.9413480314818,0.00741294203370847,0.220933588355422,0.0335528069266819,0.973233755674643,0.999799029641296
LYPLA1,10.6889492089041,-0.032410300990137,0.222940500371558,-0.145376461146006,0.884413648500161,0.999799029641296
LYPLA2,10.9969614976135,0.000675266239072856,0.220346017340209,0.00306457201824647,0.997554829128518,0.999799029641296
LYPLAL1,9.40407468655211,0.0193630142710811,0.236220596245171,0.0819700507866995,0.934670529297814,0.999799029641296
LYRM1,9.96264500809837,0.0276025851346437,0.229635281754115,0.120201847572358,0.904323254237956,0.999799029641296
LYRM2,9.60037385314197,-0.00653068234079183,0.233549156075078,-0.027962774306461,0.977691841328681,0.999799029641296
LYRM5,10.0333065469866,0.104191657860573,0.224591246326423,0.463916824741868,0.642707338139793,0.999799029641296
LYZ,11.7553765370632,-0.13594794350544,0.220934728891511,-0.615330800130553,0.538336280995764,0.999799029641296
LZIC,9.47473450111769,0.00258862942975215,0.236103388696315,0.0109639655917084,0.991252196389672,0.999799029641296
LZTR1,10.8297149271944,-0.129564516517847,0.223902044514867,-0.578666071578654,0.562814513420704,0.999799029641296
LZTS2,8.72118412036989,-0.771492119890304,0.313295340730859,-2.46250747965341,0.0137969295099206,0.999799029641296
MAD1L1,10.5363430592064,-0.0836218389374275,0.22989441934021,-0.363740186375205,0.716052031558194,0.999799029641296
MAD2L2,9.82225663844375,-0.1429803010368,0.241332677313847,-0.592461421421426,0.553541646935153,0.999799029641296
MAEA,10.7175855690617,-0.0746081557464327,0.227551116023471,-0.327874268648883,0.743006729894918,0.999799029641296
MAF,11.7245121607531,0.0708221808044013,0.210391114672056,0.336621538959925,0.736402217156482,0.999799029641296
MAF1,11.8638621867936,-0.0234553094765667,0.214156854469315,-0.109523972672691,0.912786908697621,0.999799029641296
MAFB,11.0388000037756,0.0667161646352522,0.216504190736039,0.30815183950223,0.757966796899363,0.999799029641296
MAFF,9.7542547159,0.00721910902850685,0.233912377929713,0.03086244983015,0.97537923634252,0.999799029641296
MAFK,11.4432218274585,-0.0118669869096867,0.216637486059157,-0.054778086311647,0.95631525877448,0.999799029641296
MAGED1,12.1572068963422,-0.071287562414711,0.212196907363939,-0.335950053656747,0.736908530984982,0.999799029641296
MAGED2,11.2776686990538,-0.0509833586814965,0.219716198272702,-0.232041875302331,0.816505489485767,0.999799029641296
MAGEF1,10.0759268032642,-0.03889006757337,0.230971852305217,-0.168375787721436,0.866287654755255,0.999799029641296
MAGOH,9.76759297616445,0.0330747094777395,0.231597162526397,0.142811376084842,0.886439152362518,0.999799029641296
MAGT1,11.5141532773631,-0.0337218584194909,0.214448659901578,-0.157249098385449,0.875048534669904,0.999799029641296
MAL2,10.0918676043136,0.0295628868793446,0.226912098112702,0.130283431889389,0.896342187778589,0.999799029641296
MALAT1,15.1757107973466,0.0703656030771263,0.185832664310659,0.378650348355847,0.70494752868833,0.999799029641296
MALSU1,9.70981991020028,0.028876623547752,0.231735839167306,0.124610089019955,0.900832240775414,0.999799029641296
MAML1,9.81265580029941,0.0815966696472181,0.227834517633229,0.358140068040847,0.720238495090367,0.999799029641296
MAN1A1,11.8087294183059,0.0609844177349085,0.205432823829951,0.296858197234289,0.766574772013591,0.999799029641296
MAN1B1,11.1503028079467,-0.0275987615263855,0.22002075097159,-0.125437084477314,0.900177530786365,0.999799029641296
MAN2A2,9.54431587330587,0.385474735470355,0.223680127197257,1.72333027658919,0.0848288156011949,0.999799029641296
MAN2B1,12.1716169540128,-0.0973565528752681,0.214995692419818,-0.452830248734295,0.650670980357233,0.999799029641296
MAN2B2,11.806027716391,0.019725707495332,0.210065722998023,0.0939025520861281,0.925186566526309,0.999799029641296
MAN2C1,10.2709872592422,0.0637599486832723,0.225691786037377,0.282508946394323,0.777553287625699,0.999799029641296
MANBAL,9.93444338725232,-0.0500328304258232,0.234949439711986,-0.212951477931406,0.831364809543031,0.999799029641296
MANEAL,9.75267774363939,-0.148219808769302,0.241222555154962,-0.614452527766672,0.53891633400995,0.999799029641296
MANF,10.5905965281518,-0.239828871604389,0.239859630367094,-0.999871763486595,0.317372570806143,0.999799029641296
MAOA,12.1689881091359,0.0396932190206285,0.204228760339259,0.194356656499757,0.845896625836182,0.999799029641296
MAOB,13.2868687369069,0.056838649980586,0.196977556262822,0.288553940149138,0.772922747137902,0.999799029641296
MAP1LC3A,9.23583688248223,0.129096577194771,0.230067214188652,0.561125485219784,0.574711995745242,0.999799029641296
MAP1LC3B,9.60121640084036,0.0694677826154339,0.233806083673086,0.297117087477354,0.766377119201972,0.999799029641296
MAP1S,10.5362870758567,-0.103068583800797,0.231658379926905,-0.44491627642962,0.656380259688585,0.999799029641296
MAP2K1,10.3535819906851,0.160319650629167,0.21751018909261,0.737067313020941,0.461081415692309,0.999799029641296
MAP2K2,11.3592120693984,-0.0706795861058482,0.221231596410575,-0.319482330971733,0.74936078776932,0.999799029641296
MAP2K3,10.94053872775,0.107665069988329,0.214884157415738,0.501037727876925,0.616344571108026,0.999799029641296
MAP2K4,8.35350609214398,0.0269604582030859,0.246292622419042,0.109465147344996,0.912833564001834,0.999799029641296
MAP2K7,10.1460782509111,-0.0531154517495436,0.231295855777975,-0.229642902899782,0.818369265967978,0.999799029641296
MAP3K11,12.4363046663444,-0.0471549247163987,0.210271503291561,-0.224257324355616,0.822557080745701,0.999799029641296
MAP3K13,9.66977770406103,-0.091996966574038,0.237258721189245,-0.387749567699383,0.698201370243326,0.999799029641296
MAP3K14,9.23598321686937,-0.116147981640496,0.268627883243116,-0.432375002320138,0.665468883401793,0.999799029641296
MAP3K3,9.19404533285435,0.103339493343377,0.240728205591643,0.429278709112616,0.667720409132066,0.999799029641296
MAP3K7,10.202522145157,-0.0753631636691414,0.230462164511136,-0.327008833875201,0.743661203753786,0.999799029641296
MAP4,10.771972174614,0.0372026208526468,0.223611090927942,0.166371984047228,0.867864220161437,0.999799029641296
MAP4K4,8.76386135709196,-0.308087773494332,0.261444273287493,-1.17840704491373,0.238634370497621,0.999799029641296
MAP7,10.0590674021576,0.0555983452671987,0.224299974620311,0.247874951217957,0.804231161227534,0.999799029641296
MAPK1,11.444931326087,-0.0539137791719964,0.215954039896796,-0.249653950432053,0.802854972874568,0.999799029641296
MAPK14,11.0104427863638,-0.0361235400148365,0.22011546250172,-0.164111778446979,0.869643149669384,0.999799029641296
MAPK1IP1L,6.68217082072789,-5.26129243639804,1.31127829765957,-4.01233852934852,6.01202006105855e-05,0.0658536907903054
MAPK3,10.4799001447809,-0.0445317675144067,0.228251007914254,-0.195099981907356,0.845314676740546,0.999799029641296
MAPK6,11.1099440468206,-0.0980400727040121,0.220172013490359,-0.445288532133559,0.656111254259493,0.999799029641296
MAPK9,9.73941625879533,0.0213267329498208,0.23178282776521,0.0920117040397154,0.926688740562228,0.999799029641296
MAPKAP1,10.5061770265321,-0.0405227994180302,0.22825684610346,-0.177531583870491,0.85909085889244,0.999799029641296
MAPKAPK2,11.3874660164749,-0.110181363947489,0.223533063490623,-0.492908575702096,0.622077187570585,0.999799029641296
MAPKAPK3,10.6887094058654,-0.101710210384039,0.229401752976387,-0.443371548230967,0.657497011866847,0.999799029641296
MAPRE1,10.397465301713,-0.0285981858699119,0.228290330863957,-0.12527112191604,0.900308913435222,0.999799029641296
MAPRE2,10.8443718843706,0.0497668021053699,0.217783302140463,0.228515233336264,0.81924571489762,0.999799029641296
MARC2,10.2958025288568,-0.000860209208560139,0.227814974672659,-0.0037759116133439,0.996987265579773,0.999799029641296
MARCH2,9.61212397960259,-0.0901387187706611,0.242165296432303,-0.372219802335961,0.709729203535257,0.999799029641296
MARCH5,9.51476140660489,-0.00128640791630927,0.232109010633767,-0.00554225754871286,0.995577940908351,0.999799029641296
MARCH6,9.71044879265764,0.0546619774150495,0.234012049157533,0.233586166233056,0.815306268425326,0.999799029641296
MARCH8,8.89946392924167,0.119466987230803,0.240769745896478,0.496187703259732,0.61976198595141,0.999799029641296
MARCKS,11.6708268156739,-0.0900852514518699,0.218943219466434,-0.411454858804983,0.680739035092932,0.999799029641296
MARCKSL1,10.4406809838086,-0.0261106709895894,0.228426001960259,-0.114306912372139,0.908994503136972,0.999799029641296
MARK2,9.31948939725892,-0.0230269367104165,0.246921006881626,-0.0932562887266034,0.925699957236776,0.999799029641296
MARK3,10.7601481143847,0.0386061604743114,0.22122163669606,0.174513492671393,0.861461927851094,0.999799029641296
MARK4,11.2760057841019,-0.199257132649455,0.228046769810323,-0.873755558191798,0.382251387541933,0.999799029641296
MARS,11.3453647140653,-0.0728782559949334,0.219460573306636,-0.332079037691685,0.739829578325258,0.999799029641296
MASP1,10.9255338803556,0.183926999790374,0.206882103910801,0.88904258180628,0.373980195384881,0.999799029641296
MASP2,11.2296260583077,0.0639114279496458,0.211963044143689,0.301521561024196,0.763016811250022,0.999799029641296
MAST4,9.82646506148359,0.100259270047988,0.226922690046519,0.441821265328006,0.65861854902783,0.999799029641296
MAT1A,15.0757996507462,0.170298438353551,0.181270533784554,0.939471158373464,0.347488893493304,0.999799029641296
MAT2A,9.93311385133861,0.0817711685113406,0.227394060546678,0.35960116246992,0.719145414134021,0.999799029641296
MAT2B,10.9407062025864,-0.0233877723602514,0.22040395563508,-0.106113215132011,0.915492526186211,0.999799029641296
MATN2,10.4540097302851,0.10662251127454,0.219669470733859,0.485377011736503,0.627408936060179,0.999799029641296
MATR3,11.9897817459744,-0.0271585824036645,0.210754684196372,-0.128863481764227,0.897465673015476,0.999799029641296
MAU2,8.04769508421449,0.383220746652112,0.604652735431249,0.63378650950581,0.526220158439521,0.999799029641296
MAVS,11.5846069696664,0.0151865979138257,0.21478391632425,0.0707064019211715,0.943631425596322,0.999799029641296
MAX,9.50160159484597,0.0157276627907935,0.238037124653652,0.0660723104166102,0.947320255752341,0.999799029641296
MAZ,10.2701669017164,0.0991711819826529,0.226390479862913,0.438053676297274,0.661347373618887,0.999799029641296
MBD2,11.0689930519348,-0.0162459316628854,0.224536169211549,-0.0723532948831022,0.942320752610834,0.999799029641296
MBD3,11.6676564829105,0.00734518027722291,0.214483623298989,0.034245879308854,0.972681081580683,0.999799029641296
MBD6,10.7329120963824,0.0164138858007715,0.225018107755803,0.0729447330460374,0.941850096911037,0.999799029641296
MBNL1,9.18325575610216,0.187003500133636,0.232977482059742,0.802667701961354,0.42216682568043,0.999799029641296
MBNL2,9.5306748981376,0.125613571517128,0.224086446468399,0.560558541120169,0.575098521099469,0.999799029641296
MBOAT7,10.648294361155,-0.0804775676279314,0.227703627179829,-0.35343120627751,0.723765194230149,0.999799029641296
MBP,10.3962396909922,0.101405442374263,0.219073060105316,0.462884127904698,0.6434474250013,0.999799029641296
MBTPS1,11.0944162164109,-0.0481587915965528,0.221726376529406,-0.217199199979556,0.828053108127335,0.999799029641296
MCAM,10.0341142262553,-0.54227430553665,0.267819424734454,-2.0247758581153,0.0428903851250241,0.999799029641296
MCCC2,10.2950046923258,-0.391557909090231,0.274048709016449,-1.42878946773922,0.153064753652656,0.999799029641296
MCFD2,12.3657368545858,-0.0609947511229085,0.208825278218082,-0.292085094502832,0.770221562881318,0.999799029641296
MCL1,13.5975962353648,0.0909739617698446,0.193560642342638,0.470002375838388,0.638353320146778,0.999799029641296
MCM2,10.1882734228415,-0.329605219031474,0.247193336394562,-1.33339038923512,0.182403724678187,0.999799029641296
MCM3,11.2084077499339,-0.178749151814574,0.228202348201044,-0.78329234218527,0.433455459104288,0.999799029641296
MCM3AP,8.14686339177176,0.192578126663533,0.282539956346409,0.68159607990957,0.49549439440617,0.999799029641296
MCM4,11.0263694387352,-0.180269290034887,0.22864843123258,-0.788412538249683,0.43045543917167,0.999799029641296
MCM5,11.3065155606354,-0.16846288092137,0.226149569151925,-0.744917983054828,0.456321303109038,0.999799029641296
MCM6,9.55886970618419,-0.236387979816341,0.248212370421102,-0.952361799757598,0.340913525796484,0.999799029641296
MCM7,11.6839467903282,-0.197362460360148,0.223610407063731,-0.882617508512911,0.377442965502592,0.999799029641296
MCMBP,10.2991920533687,0.0567291331778283,0.223438373814561,0.253891631098737,0.799579280416034,0.999799029641296
MCRS1,9.61415920572923,-0.126704004669508,0.243717632683091,-0.519880335594195,0.603146981987658,0.999799029641296
MCTS1,10.0061892626143,-0.00108696573561469,0.231404507033771,-0.00469725395390012,0.996252147374243,0.999799029641296
MCUR1,9.96027777821009,-0.362776690883094,0.255138057201444,-1.42188388068137,0.155059963401601,0.999799029641296
MDC1,10.3849296469472,0.0156346100003592,0.223492372776755,0.0699558996403716,0.944228760586577,0.999799029641296
MDH1,11.6665596706212,-0.00202171468090495,0.212926915804997,-0.00949487608582314,0.992424298792841,0.999799029641296
MDH2,13.5524301112894,-0.0584250434117033,0.201147157581387,-0.290459204664941,0.771464956054566,0.999799029641296
MDK,10.956793267992,-0.491267705489295,0.25425369550257,-1.93219494614712,0.0533354487419461,0.999799029641296
MDM2,7.16030931721082,-0.0115799652581407,0.427199056778363,-0.0271067200978128,0.978374614868487,0.999799029641296
MDM4,9.71462421826464,0.103590531333553,0.228571704263932,0.453208027945299,0.650398952249048,0.999799029641296
ME2,9.88018086231089,-0.0745738237500054,0.233248973970211,-0.319717692561124,0.749182346491486,0.999799029641296
MEAF6,10.717615974983,-0.0407469363107592,0.224057659849933,-0.181859153300317,0.855693260824766,0.999799029641296
MECP2,9.29182845204758,0.0906363504129644,0.237122676803034,0.382234004925018,0.702287801033896,0.999799029641296
MED13,9.97814813774768,-0.0196598112892651,0.232322493094998,-0.0846229352455604,0.93256116477869,0.999799029641296
MED13L,10.6352824258182,0.0171510385234417,0.221129043477711,0.0775612206054266,0.938177090888412,0.999799029641296
MED15,11.2204915378526,-0.0355384277630871,0.221784307963881,-0.160238693572833,0.872693050116457,0.999799029641296
MED16,9.17987360587879,0.0276929305758669,0.241494191740212,0.114673277962965,0.908704095271431,0.999799029641296
MED24,10.4227872891622,-0.0411939460483254,0.228400583885782,-0.18035832197752,0.856871271961291,0.999799029641296
MED25,9.80906848993033,-0.0619755779162067,0.239026550119946,-0.259283238138637,0.795416711328941,0.999799029641296
MED29,11.527145061409,-0.0692978990691037,0.217458230128189,-0.318672229734664,0.74997507504306,0.999799029641296
MED4,10.0897657897782,-0.0506013705461746,0.230714203125048,-0.219324904408891,0.826396963230978,0.999799029641296
MED8,10.0462864613857,-0.0311282336445314,0.23077218689791,-0.134887284568231,0.892700993111806,0.999799029641296
MEGF9,9.88048794952974,-0.00824686325940377,0.253273944525038,-0.03256104087165,0.974024638224919,0.999799029641296
MEPCE,11.3455105669273,-0.0579735968950744,0.219544694385851,-0.264062846324974,0.791731492366101,0.999799029641296
MERTK,9.76480284944749,-0.850825610157247,0.290600390284817,-2.92781991560078,0.00341347690907444,0.999799029641296
MESDC1,9.66982814412984,-0.0768975355836401,0.239588017572166,-0.320957351552349,0.748242710892382,0.999799029641296
MESDC2,11.0957069497008,-0.0197381259662945,0.219974129485759,-0.0897293059526454,0.92850232708784,0.999799029641296
MEST,9.54624995718421,0.195226113407474,0.227538722356577,0.857990725207354,0.390897584842462,0.999799029641296
MET,8.32008889613944,-0.391705619619179,0.400554394515613,-0.977908681024123,0.328119491227608,0.999799029641296
METAP1,10.0753313698131,-0.0138734482016302,0.228970484949395,-0.0605905525539521,0.951685297670898,0.999799029641296
METAP2,10.4537137933098,0.052914047696455,0.221897198443536,0.238461990812018,0.81152279204737,0.999799029641296
METTL7A,14.2648755734124,0.136314927742796,0.18752043532884,0.726933720603578,0.467266558963548,0.999799029641296
METTL7B,11.8629015952259,0.124186552510362,0.206360334152172,0.601794686079478,0.547310812767814,0.999799029641296
MEX3C,9.48954668309362,-0.04626508103621,0.237564005625256,-0.194747857169872,0.845590344523527,0.999799029641296
MEX3D,9.80830222081366,-0.108868190549265,0.241590300666737,-0.450631462640728,0.652255186675683,0.999799029641296
MFAP1,10.0469473011456,-0.0415586829601261,0.232671210649543,-0.178615492841197,0.858239628596036,0.999799029641296
MFF,9.54485416540406,0.0626148487416698,0.232209942399959,0.269647578801004,0.787431393050675,0.999799029641296
MFN2,12.2822911332067,-0.00804744560132475,0.209347659630457,-0.0384405806854025,0.969336406169646,0.999799029641296
MFSD1,9.3339499952802,0.0768000185483814,0.232697107026014,0.330042859277127,0.74136757781993,0.999799029641296
MFSD14A,8.56474053117526,0.0409166201556282,0.259782475145805,0.157503388681871,0.874848137445784,0.999799029641296
MFSD14B,9.99140769070589,0.0445596559334682,0.231724548938047,0.19229579316338,0.847510513478072,0.999799029641296
MGA,9.23832128741342,0.121338068014219,0.233543218402975,0.519552949745054,0.603375198636461,0.999799029641296
MGAT1,12.8138960380714,-0.0108976990594993,0.204385903552147,-0.0533192302898663,0.957477558439038,0.999799029641296
MGAT2,10.843210200618,0.00369870366445898,0.220625963817095,0.0167645892644136,0.986624419598376,0.999799029641296
MGAT4B,13.329162755776,-0.0348946087967889,0.202896666935848,-0.171982168676146,0.863451547455908,0.999799029641296
MGEA5,9.83395149281159,0.0329330187107936,0.221752984198174,0.148512178223326,0.881938575697789,0.999799029641296
MGLL,11.934010472272,0.0962994952092531,0.205084021763721,0.469561179759779,0.638668565293902,0.999799029641296
MGMT,10.4516552856742,0.177600133938084,0.21770443715295,0.815785549714403,0.414622799365663,0.999799029641296
MGRN1,11.5983030551102,-0.0063117914288346,0.216378530665135,-0.0291701372101591,0.976728898148395,0.999799029641296
MGST1,14.1393391867887,0.0595803317205127,0.191276816049797,0.311487471147583,0.755430066064425,0.999799029641296
MGST2,10.899898739379,0.0597681440354343,0.217878179613344,0.274319090335257,0.783839415047791,0.999799029641296
MGST3,10.6893961694617,0.0297729378771093,0.221188488940768,0.134604373038066,0.892924683893521,0.999799029641296
MIA3,12.6451259432768,0.00906511778371847,0.203313824573694,0.0445868243476611,0.964436644863516,0.999799029641296
MICALL1,9.58575113382935,-0.661015377256327,0.28232006777511,-2.34136872545269,0.019213181358236,0.999799029641296
MICU1,11.1075814783596,0.00900879686033463,0.216904817877472,0.041533410592215,0.966870658024119,0.999799029641296
MICU2,9.65572353691731,-0.0170716911613174,0.23359664527972,-0.0730819192239467,0.941740929548607,0.999799029641296
MIDN,11.3750194478591,0.0742861685840961,0.213917340773841,0.347265763099745,0.728391669270068,0.999799029641296
MIEF1,10.1719967402098,0.0949542449355995,0.225774464778399,0.420571232574058,0.674068203900617,0.999799029641296
MIEN1,9.54387062617381,-0.0679758853764784,0.239751768322666,-0.283526106405999,0.776773572313895,0.999799029641296
MIER1,9.65693643910114,0.0890689166655011,0.228375649996983,0.390010566654885,0.696528733374456,0.999799029641296
MIF,12.5471575525919,0.0822700380607862,0.204973424727193,0.401369290532577,0.688148255607074,0.999799029641296
MINA,10.424731383549,-0.0403964758084723,0.226479143961087,-0.178367310569723,0.858434519999177,0.999799029641296
MINK1,10.7606602320076,0.0814847623191309,0.222129425664043,0.366834614889661,0.713742385941273,0.999799029641296
MINPP1,10.1163877366666,0.0289518330492648,0.227237627049725,0.127407742393514,0.898617688637637,0.999799029641296
MKI67,10.2734307644683,-0.409611619982133,0.252194262588951,-1.62419087483269,0.104335077791234,0.999799029641296
MKKS,10.2841695156355,-0.064364779929689,0.230380905408703,-0.279384178196122,0.779950011832208,0.999799029641296
MKL1,9.46012632957842,-0.113371238999452,0.244303515575609,-0.464058974887593,0.642605493335876,0.999799029641296
MKLN1,10.7174411981569,0.0240486817083488,0.219380289043611,0.109620977404985,0.912709973356209,0.999799029641296
MKNK2,12.8561056073352,-0.0118368357265019,0.204494068489691,-0.0578835162013446,0.95384141327134,0.999799029641296
MKRN1,11.1224141711542,-0.0629955480267239,0.221529939660578,-0.284365842934116,0.776130032337999,0.999799029641296
MKRN2,9.78238887372356,0.0118608010421036,0.23148068843786,0.0512388360434982,0.959135205785828,0.999799029641296
MLEC,12.702095749785,-0.114334796249884,0.209736573959832,-0.545135233646856,0.585660511678008,0.999799029641296
MLF2,12.5203320357387,0.0642609856499089,0.203809718101046,0.315298928081777,0.752534698795422,0.999799029641296
MLLT1,9.99313576501433,-0.165100449664541,0.249838850547101,-0.660827766790478,0.508722773679259,0.999799029641296
MLLT6,11.1668076540964,0.000463797073059699,0.218706914491332,0.00212063287591248,0.99830798103737,0.999799029641296
MLST8,10.4657632602251,-0.0266141838723175,0.228233700887829,-0.116609351593513,0.907169626787005,0.999799029641296
MLX,11.5270660788943,-0.0104265781240682,0.214619695194191,-0.0485816463145849,0.961252696811215,0.999799029641296
MLXIP,10.1007437684616,0.107715419539828,0.234012023143684,0.460298655140853,0.645301866367513,0.999799029641296
MLXIPL,13.5408170231345,0.0570463058354221,0.196087484893883,0.290922726997563,0.771110419099277,0.999799029641296
MLYCD,10.1290161526172,0.139750370908725,0.221361884216809,0.631320840998306,0.527830762642399,0.999799029641296
MMAB,10.2393143411735,0.0358148415017462,0.227727547294886,0.157270571466566,0.875031612181213,0.999799029641296
MMACHC,9.87861603268568,0.0584930808127458,0.228033779898428,0.256510596100279,0.797556599579903,0.999799029641296
MMADHC,10.2563562118825,0.100476516728371,0.220699038178008,0.45526486004588,0.648918703543684,0.999799029641296
MMP14,11.3491965174909,-0.132024267487871,0.224591092218581,-0.587842848902394,0.55663778012746,0.999799029641296
MMP15,11.7650248317354,0.0145301532427233,0.213058608279155,0.0681979168083438,0.945628085258668,0.999799029641296
MMP2,9.86767743072402,0.135408984658727,0.229149073472374,0.590920934598725,0.554573398434785,0.999799029641296
MMRN2,9.98965958623574,-0.455458130653103,0.25792239293467,-1.76587277076197,0.0774171963427879,0.999799029641296
MNT,10.0479355515957,0.0597943446942535,0.229622938731709,0.260402314440009,0.794553457857524,0.999799029641296
MOAP1,9.75435211844378,-0.0145025372630103,0.23349951736117,-0.0621094956722255,0.950475635146873,0.999799029641296
MOB1A,11.0828024892599,0.00922746477278462,0.217389809857745,0.0424466297607182,0.9661426566493,0.999799029641296
MOB3A,9.93663841288243,-0.17585679878724,0.242119447962602,-0.726322483662707,0.46764109915464,0.999799029641296
MOCS2,10.7872745298075,0.0143372395541677,0.221005224799288,0.0648728534232095,0.948275234881579,0.999799029641296
MOGS,11.1504893827586,-0.0463788501390291,0.221917376749449,-0.208991521161464,0.834454857604822,0.999799029641296
MON2,9.99205409931387,0.0199786497307393,0.227626849746999,0.0877693020526579,0.930060036991335,0.999799029641296
MORC2,10.4688435254573,0.0977388296732878,0.224589275999924,0.435189210340216,0.663425093660408,0.999799029641296
MORC3,5.88688177456171,0.0496803613600186,0.722870083357035,0.0687265422983078,0.945207290451913,0.999799029641296
MORF4L1,10.2283550099914,0.00996858829419785,0.229118756956172,0.0435083902628921,0.965296276398368,0.999799029641296
MORF4L2,12.8137509916552,0.00795836285534699,0.203107925076629,0.0391829262809142,0.968744546036612,0.999799029641296
MOSPD3,10.1434641710881,-0.0483968499171427,0.230867197752867,-0.20963068980007,0.833955924817776,0.999799029641296
MOV10,10.9706227576573,-0.0372475795000523,0.218833780480658,-0.170209459518726,0.864845412652784,0.999799029641296
MPC2,12.9811234323567,-0.0210926459650975,0.202893350266718,-0.103959276818928,0.917201665792561,0.999799029641296
MPG,10.3117885988841,0.0176201155217313,0.227237117444982,0.0775406576172462,0.938193448516574,0.999799029641296
MPHOSPH10,9.62646383724818,0.141550727197735,0.23256464687273,0.60865109594752,0.542755728666452,0.999799029641296
MPHOSPH8,9.65812930021786,0.262042075604707,0.227239021704366,1.15315615090801,0.248846297791173,0.999799029641296
MPI,9.49783091896262,0.0297423212358661,0.234638841214936,0.126757876410672,0.899132036479239,0.999799029641296
MPLKIP,10.8709086640768,-0.069255576689737,0.223849563086433,-0.309384462202394,0.757029088374679,0.999799029641296
MPND,9.16819082407896,-0.351422918546152,0.268131226709772,-1.31063779052686,0.189980165311006,0.999799029641296
MPP1,10.06030108882,0.0234398673751661,0.229638358585301,0.102072961675778,0.918698762353857,0.999799029641296
MPRIP,9.07027574001123,0.392681406301946,0.294715669552712,1.33240762833519,0.18272627677068,0.999799029641296
MPST,10.5606421800923,0.198385896924542,0.217344246990153,0.912772708143178,0.361362094900998,0.999799029641296
MPZL1,10.9420276246038,-0.158618224842402,0.228683161763559,-0.693615671653172,0.487923262985535,0.999799029641296
MPZL2,9.51630358599369,0.00189058673128965,0.2341290197373,0.00807497820394473,0.993557169580082,0.999799029641296
MRFAP1,13.0783323572229,-0.013643909526758,0.20286011668065,-0.0672577229571289,0.946376532833123,0.999799029641296
MRFAP1L1,10.9550891152603,-0.00429187317772836,0.220487104099152,-0.0194654158811861,0.984469825941731,0.999799029641296
MRPL10,10.479777505429,-0.0729416939774888,0.229812576857536,-0.317396440938506,0.750942807437587,0.999799029641296
MRPL11,10.1023990989564,-0.00403738047962286,0.230768703153164,-0.017495355411965,0.986041438124794,0.999799029641296
MRPL13,9.76832905904566,0.00947423851451798,0.231455819483956,0.0409332482356301,0.967349111392103,0.999799029641296
MRPL14,10.0599353082466,-0.00836839731866726,0.231015290993458,-0.0362244303512542,0.971103406167144,0.999799029641296
MRPL15,10.8850297417263,0.00731173378120556,0.220620841957571,0.0331416275829992,0.973561646958082,0.999799029641296
MRPL16,10.5082553857192,0.0709431871163759,0.221684369838725,0.320018895188628,0.74895400689009,0.999799029641296
MRPL17,9.81013769351455,-0.0076153302183029,0.235287677168597,-0.0323660393520996,0.97418014496203,0.999799029641296
MRPL18,10.0190099014755,-0.0102953671523115,0.23101159821706,-0.0445664513460399,0.96445288402472,0.999799029641296
MRPL19,10.6755329183482,-0.0104816794496056,0.222618727410008,-0.0470835476042451,0.962446639904259,0.999799029641296
MRPL20,9.76754240941365,0.145779654019747,0.226813527310239,0.642729098870489,0.520399896044817,0.999799029641296
MRPL22,9.48844525956556,-0.0277026080248775,0.23774588058949,-0.116521926504842,0.907238909621023,0.999799029641296
MRPL23,9.82263487948574,0.109343614888566,0.230338021682509,0.474709360138909,0.634994145428552,0.999799029641296
MRPL24,10.2838405232147,-0.0861623420074844,0.234421499486764,-0.367553070840881,0.713206512848038,0.999799029641296
MRPL3,10.9550088925434,-0.012957125203276,0.220272127042718,-0.0588232627397437,0.953092879553128,0.999799029641296
MRPL30,10.2704499412126,-0.0503531366471549,0.22851799294409,-0.220346485624326,0.825601319384458,0.999799029641296
MRPL32,9.68315387108743,0.0650511515145754,0.230064699195882,0.282751555288321,0.777367292703608,0.999799029641296
MRPL34,10.0748829050522,0.169818648118957,0.227015048485314,0.748050181043145,0.454429890022055,0.999799029641296
MRPL35,10.0747789443124,-0.0359183729524236,0.230705597928163,-0.155689212897244,0.876278000343991,0.999799029641296
MRPL37,11.56888010473,0.0229199002277027,0.211593317576533,0.108320529637769,0.913741438134302,0.999799029641296
MRPL38,10.4091947268049,-0.0255577010351391,0.226645555999262,-0.112765065798256,0.910216815092871,0.999799029641296
MRPL4,11.2752944800768,-0.043797725859195,0.219723260822594,-0.19933131201142,0.842003587159792,0.999799029641296
MRPL40,9.71183771551742,0.0867142238706174,0.230223722664995,0.376651992535095,0.706432244014396,0.999799029641296
MRPL41,10.73117103127,0.0160873914969626,0.222848645566583,0.0721897656414342,0.942450889759186,0.999799029641296
MRPL42,9.68404156612752,0.0229102014309615,0.23152121021912,0.0989550867036263,0.921173930627275,0.999799029641296
MRPL43,9.58499065598304,0.00636250864927031,0.238128720050119,0.0267187790197301,0.978684034987068,0.999799029641296
MRPL44,10.3117194207474,0.0664922439585775,0.223624180023741,0.297339241004789,0.766207525589125,0.999799029641296
MRPL45,10.4095188600224,0.00791247945386414,0.224838201065205,0.0351918820573087,0.971926735403057,0.999799029641296
MRPL46,9.63977445855448,0.0927085313106889,0.230249048043174,0.402644580286408,0.687209709022404,0.999799029641296
MRPL49,11.0942065106043,-0.00735114999007271,0.220071193878919,-0.0334035084760672,0.973352811866213,0.999799029641296
MRPL51,10.7738159184803,0.0268557104496226,0.220870473456615,0.121590315035467,0.903223484057264,0.999799029641296
MRPL54,9.71190619978264,0.108207543429856,0.230332162518527,0.469789117797006,0.638505689957889,0.999799029641296
MRPL57,10.8157275594213,0.0332734224231543,0.220820971392248,0.15068053642446,0.880227727597535,0.999799029641296
MRPL9,10.0623216986677,-0.00457553429922008,0.231201355447766,-0.019790257242907,0.984210689956775,0.999799029641296
MRPS10,10.1163246686124,-0.0353278218814918,0.230780699183118,-0.15307962063786,0.878335486825031,0.999799029641296
MRPS11,9.18081658417601,0.0632425697810149,0.239333859231971,0.264244139897138,0.791591800676767,0.999799029641296
MRPS12,9.90633494585298,-0.142763631544208,0.241075480338697,-0.592194740600052,0.553720190902293,0.999799029641296
MRPS15,10.689357282935,0.0306732491543425,0.221114619252377,0.138721036438267,0.889670594149814,0.999799029641296
MRPS16,10.6469234128074,-0.0137493490233653,0.224309720233124,-0.0612962693238423,0.951123261865678,0.999799029641296
MRPS18A,10.5907950216797,0.00572359166352008,0.224528735971692,0.0254915774533274,0.979662866524442,0.999799029641296
MRPS2,10.7305121702476,0.0617341696282274,0.22125897172138,0.27901318146758,0.780234708968424,0.999799029641296
MRPS21,10.0056262549564,-0.0627504802445921,0.234778554610721,-0.267275179151847,0.789257295991621,0.999799029641296
MRPS22,9.7514749644636,0.0360056232462626,0.233068621912393,0.154485073755645,0.877227279356906,0.999799029641296
MRPS24,11.010657374515,-0.00467205624366267,0.220328168661762,-0.0212049883228276,0.983082135072019,0.999799029641296
MRPS25,9.41909121353486,-0.00583196724713143,0.238291848010487,-0.0244740527039547,0.980474480456889,0.999799029641296
MRPS26,10.5775847976294,-0.0100638821293218,0.2263032739251,-0.0444707756753563,0.964529146555098,0.999799029641296
MRPS27,11.1090077049105,-0.0201312248374467,0.21993056030081,-0.0915344589215442,0.927067926892995,0.999799029641296
MRPS34,10.6187292385042,-0.00365902579409187,0.224672627772888,-0.0162860328397041,0.987006200244466,0.999799029641296
MRPS35,10.6042386658337,-0.0204391237990688,0.224377679379143,-0.0910925001792701,0.927419091857696,0.999799029641296
MRPS5,11.2209526115971,-0.043783933313359,0.219687028818667,-0.199301404132963,0.842026980867416,0.999799029641296
MRPS7,10.9404390190452,-0.03414542842949,0.222013599506528,-0.153798814601382,0.87776836852763,0.999799029641296
MRPS9,9.80946547947136,0.0136651029208179,0.231364151823116,0.0590631816257571,0.952901784228663,0.999799029641296
MRS2,9.5161667965174,-0.0139142243669801,0.23600379052434,-0.0589576308756152,0.952985855038175,0.999799029641296
MSH6,9.37494990106697,-0.12838345295914,0.249479622615814,-0.514604966982993,0.606829093520355,0.999799029641296
MSL2,10.0907408809934,0.00227141772822595,0.22728755037235,0.00999358620612891,0.99202640458214,0.999799029641296
MSMO1,12.1976793475561,0.124752929129548,0.200848612827222,0.621129154807086,0.534514647949699,0.999799029641296
MSN,13.2059305286464,-0.0683017687085282,0.203971108142602,-0.334860016845016,0.737730684455535,0.999799029641296
MSRB1,11.9600538747431,0.0751166114905602,0.207293976777577,0.362367554804349,0.717077381821709,0.999799029641296
MST1,14.1550656057402,0.0704072020664903,0.192396744751836,0.365947990218365,0.714403885339927,0.999799029641296
MT1E,10.5393119046423,0.407764006500643,0.208811025827277,1.9527896330433,0.050844527462472,0.999799029641296
MT1G,10.1047287315417,0.445170391090797,0.213370100956204,2.08637662491509,0.0369445206674434,0.999799029641296
MT1X,11.0816303588846,0.361621735009463,0.203483748731137,1.77715290417258,0.0755430857615212,0.999799029641296
MT2A,12.9411960566393,0.289773495802551,0.192799206270624,1.50298075084297,0.132844007864219,0.999799029641296
MTA1,9.69689787706478,0.0923620117239844,0.234440381471236,0.393968014999653,0.69360465380749,0.999799029641296
MTCH1,11.7221925645969,-0.0860598344289215,0.217042112910787,-0.396512148148389,0.691727247799277,0.999799029641296
MTCH2,11.6532645373096,0.0352441613047034,0.211560906150044,0.166591086917105,0.867691807303133,0.999799029641296
MTDH,12.5763661327764,-0.0490790127013666,0.207095063958186,-0.236987843955934,0.812666220785607,0.999799029641296
MTFR1,9.81011987829389,0.0131079070362534,0.231430063720716,0.0566387392610827,0.954832974592623,0.999799029641296
MTFR1L,9.17964133107926,0.236118066783866,0.22618431720152,1.04391882560759,0.2965229474985,0.999799029641296
MTG2,9.72475100514008,0.0793503462023806,0.235699489259713,0.336658965412292,0.736374000201026,0.999799029641296
MTHFD1,12.9797296321451,0.214085778888084,0.19376096404277,1.10489633423184,0.269204511026603,0.999799029641296
MTHFS,10.8287157325073,0.109524587538346,0.215269804838875,0.508778217271682,0.610907689450269,0.999799029641296
MTIF2,10.2414170248892,0.0410614074548529,0.225401952974299,0.182169705776839,0.855449546458187,0.999799029641296
MTM1,9.82302308067235,0.00540874224897379,0.229509588647013,0.0235665197295633,0.981198378115496,0.999799029641296
MTMR10,10.6193274612119,0.0179448775841276,0.221384100315836,0.0810576620386318,0.935396095643673,0.999799029641296
MTMR12,9.27907800022783,-0.287873353784357,0.256103457437677,-1.12405102478716,0.260991380316807,0.999799029641296
MTMR14,10.521979704719,0.0220391355817697,0.224808393016551,0.0980351991580098,0.921904343092472,0.999799029641296
MTMR3,7.84100817805094,0.0983468079233285,0.309321549247709,0.317943603226205,0.750527716775211,0.999799029641296
MTO1,9.58461070638005,0.0660049450178849,0.228724565750268,0.288578294165185,0.772904107875993,0.999799029641296
MTPN,10.6476156661175,-0.027466829149998,0.222558767961028,-0.12341382638678,0.90177940889798,0.999799029641296
MTR,9.54676465005101,-0.198610077271703,0.249661534166305,-0.795517330833206,0.42631263372443,0.999799029641296
MTRR,9.64024442225556,0.0800542640080671,0.232547579531923,0.34424896689616,0.730659059846067,0.999799029641296
MTSS1,10.7439449300786,0.0652846245151916,0.22212617080446,0.293907846512432,0.768828322132904,0.999799029641296
MTSS1L,9.63802977711981,-0.015243682528309,0.234859022900833,-0.0649056712406809,0.948249105120848,0.999799029641296
MTTP,8.23987409807998,0.452531023393427,0.493500140701917,0.916982562051111,0.35915177793389,0.999799029641296
MTUS1,8.93317354874121,-0.171244113733507,0.256074907589691,-0.668726644657786,0.50366986760918,0.999799029641296
MTX2,9.87940445050153,0.0067577590396064,0.231330855298822,0.0292125277921835,0.97669508976518,0.999799029641296
MUL1,10.0872422613426,-0.0339785635992651,0.230789981883548,-0.147227203373195,0.882952689371975,0.999799029641296
MUS81,10.4106167487366,-0.0473600318745867,0.230186928330272,-0.205745965759769,0.836989351122015,0.999799029641296
MUT,11.7790131698123,0.141562189204102,0.202710472160946,0.698346699580994,0.484960400784586,0.999799029641296
MVD,10.1139980282622,-0.0882001614557125,0.237569667163104,-0.371260197098978,0.71044374089861,0.999799029641296
MVK,9.82069283650787,0.159368280184199,0.224183150011478,0.710884293382621,0.477155939845324,0.999799029641296
MVP,11.1646106034769,-0.166936684108036,0.228938236207529,-0.729177820504874,0.465892896571034,0.999799029641296
MX1,9.51568925387492,0.145716123875766,0.238097581276595,0.612001697348154,0.54053663456342,0.999799029641296
MXD1,9.55966458478773,0.0426367725194913,0.232112522841246,0.183690099946278,0.854256575853697,0.999799029641296
MXD4,10.997300071095,-0.0683982161053418,0.225418436088483,-0.303427782093624,0.761563875985086,0.999799029641296
MXI1,10.9952302278806,0.100853428119802,0.213275773248196,0.472878032904541,0.636300197987432,0.999799029641296
MXRA7,9.11021951821897,0.138952334788546,0.237710728232802,0.584543810123971,0.558854499153946,0.999799029641296
MYADM,11.3049180019997,0.0315007060156198,0.215413662213952,0.146233556831381,0.88373701576909,0.999799029641296
MYBBP1A,10.5217059419946,0.0705971852901912,0.224901186004923,0.313903125831652,0.753594616227473,0.999799029641296
MYC,11.6395939702795,0.125454918051913,0.209929593154012,0.597604731029391,0.550103706713277,0.999799029641296
MYCBP2,9.50374470195716,0.0793875638910846,0.232640103694454,0.341246253893314,0.732918205173103,0.999799029641296
MYCL,10.0444515629178,-0.0331687287562453,0.231878631195658,-0.14304349040364,0.886255833964054,0.999799029641296
MYD88,10.9271770369498,0.0828877474368411,0.217752364341341,0.380651423407321,0.703461918381487,0.999799029641296
MYDGF,12.0030964147306,-0.0683178111637766,0.215186276441152,-0.317482194002552,0.750877748303945,0.999799029641296
MYH14,12.1551633974012,-0.176111630311534,0.235901171548351,-0.746548349699219,0.455336235946474,0.999799029641296
MYH9,15.4688312334671,-0.0278270698023609,0.18852404281237,-0.147604885760147,0.882654599062448,0.999799029641296
MYL12A,12.1432340239484,-0.0318796036220277,0.212065801285675,-0.150328829206565,0.880505189011485,0.999799029641296
MYL12B,12.4219054974852,-0.035111364452008,0.208787000689427,-0.168168345424132,0.866450842952177,0.999799029641296
MYL6,12.072358995016,-0.0373792493478561,0.212236363764743,-0.176120852641868,0.86019899894672,0.999799029641296
MYL9,10.4407673898623,0.162251726068343,0.219530608171798,0.739084756424349,0.459855532544087,0.999799029641296
MYO1B,11.0793024388889,0.00964801589940362,0.221389677994956,0.0435793393205234,0.965239720882671,0.999799029641296
MYO1C,12.730646364136,0.00485889717690454,0.204565729684181,0.0237522540281109,0.981050225057855,0.999799029641296
MYO1D,10.5509343789508,-0.0712184777002159,0.226837254709026,-0.313962879649426,0.753549231993897,0.999799029641296
MYO1E,9.91865216631922,0.0889205633057962,0.229471074185263,0.387502275053658,0.698384400990037,0.999799029641296
MYRIP,10.2371178501687,-0.0827572467900622,0.225361735659666,-0.367219601623229,0.713455219188157,0.999799029641296
MYSM1,9.55925764421914,0.131784686291462,0.231590279573446,0.569042390441382,0.569327372653358,0.999799029641296
MZT2B,10.0061201755133,0.00106765622059913,0.231284517504454,0.00461620272778774,0.996316816194995,0.999799029641296
N4BP1,10.6196450003527,0.0236987193539293,0.22288376237572,0.106327706878799,0.91532234928125,0.999799029641296
NAA20,10.926640877523,-0.0961683928031592,0.225298076364271,-0.426849595678173,0.669488880140558,0.999799029641296
NAA50,11.6815944478782,-0.00468934811935098,0.211198588852483,-0.0222035011920765,0.982285624732811,0.999799029641296
NAA60,11.7786066579121,-0.0540130028662701,0.215591902283552,-0.250533541817497,0.802174768950789,0.999799029641296
NACA,13.1490200258968,0.0012740070169048,0.20145768988454,0.00632394334331424,0.994954256874778,0.999799029641296
NACC1,10.1439296308062,-0.523032460027092,0.273460365646369,-1.91264448429599,0.0557935807294661,0.999799029641296
NACC2,10.6328620204969,-0.0245658977330029,0.22440115941191,-0.109473131945409,0.912827231270463,0.999799029641296
NADK,10.898057902451,0.00105751392999288,0.221109000597679,0.00478277196827952,0.996183914637441,0.999799029641296
NADK2,12.171197752939,0.0568633432997109,0.204273526948957,0.278368637135833,0.780729392349958,0.999799029641296
NAE1,9.53116050059158,-0.0792608004131275,0.239595231455314,-0.330811260022553,0.740787055061317,0.999799029641296
NAGA,11.0937570110641,-0.00359257618546645,0.217088958549016,-0.0165488664622954,0.986796517615606,0.999799029641296
NAGK,10.0203917460674,0.0454781926085045,0.22926899059666,0.198361725631321,0.84276206092389,0.999799029641296
NAGLU,10.2678128543216,0.0997679584072227,0.224340114153466,0.444717427303142,0.656523973515471,0.999799029641296
NAGPA,9.52864596289719,-0.100882881919223,0.244022937231739,-0.413415570944539,0.679302168371593,0.999799029641296
NAGS,9.25937961198464,-0.45315003933429,0.26541834045775,-1.70730492306135,0.0877653915522047,0.999799029641296
NAMPT,12.0574099280409,0.0637166860853328,0.201517002648669,0.316185161787159,0.751861969650037,0.999799029641296
NANS,9.75275023466612,-0.049359307659076,0.239856956266749,-0.20578643382843,0.836957738640798,0.999799029641296
NAP1L1,11.9488123399538,-0.0204294008528972,0.212199978335023,-0.0962742834056425,0.923302735064499,0.999799029641296
NAPA,12.9247570104688,-0.012762705313167,0.203055290228473,-0.0628533504288743,0.949883282315378,0.999799029641296
NAPG,9.47406281095245,-0.0262533171527699,0.235650740969378,-0.111407742851873,0.911293020377616,0.999799029641296
NAPRT,11.3864588538644,-0.0131638278413791,0.216771618212566,-0.0607267129798825,0.951576857054949,0.999799029641296
NARS,11.6256566280402,-0.0541419396643394,0.215758075752934,-0.250938183775506,0.801861902311772,0.999799029641296
NAT10,9.93395614059604,-0.444337303662966,0.255053532876546,-1.74213349900171,0.0814850870825802,0.999799029641296
NATD1,9.27748829490886,-0.00815742041516189,0.242941805039973,-0.0335776727015742,0.97321392682975,0.999799029641296
NBAS,9.66993665321022,-0.101391694821463,0.239244258503155,-0.423799908327272,0.671711744986451,0.999799029641296
NBN,10.2854476595567,0.004844692383331,0.226806334533333,0.0213604809288031,0.982958098017287,0.999799029641296
NBPF15,9.49005838375063,0.0404277564419535,0.23466695647404,0.172277158443591,0.863219640786797,0.999799029641296
NBPF20,9.68674061108408,0.0110854375487606,0.231972361492081,0.0477877514263226,0.961885398350159,0.999799029641296
NBPF25P,9.55981942929415,0.0368209176038423,0.232490478668563,0.15837602389014,0.874160505488098,0.999799029641296
NBR1,11.2603788693647,0.0603583316526744,0.211617500105617,0.285223724987536,0.775472745041786,0.999799029641296
NCAPD2,7.07688850065098,-0.719345967859404,0.510153647760421,-1.41005748173582,0.158522710559625,0.999799029641296
NCAPH2,10.5094645456354,-0.077407366364962,0.22984097717858,-0.336786622277623,0.736277758432134,0.999799029641296
NCBP1,9.59998223561288,0.0221618067626282,0.22860963585353,0.0969417001163819,0.92277269283509,0.999799029641296
NCBP2,9.93554401890331,-0.0459676301910373,0.234837423466574,-0.195742354487125,0.844811831529106,0.999799029641296
NCBP3,9.74101481240557,-0.00103588265360797,0.233643291290383,-0.00443360752147823,0.996462504599308,0.999799029641296
NCK1,9.99142084445493,-0.0378484891881506,0.230855398995109,-0.163948902009229,0.869771369668639,0.999799029641296
NCKAP1,10.8157129665705,-0.0582301406303421,0.220399436743302,-0.264202765173862,0.791623680451135,0.999799029641296
NCL,14.0160254579023,-0.00997438360881186,0.196171965081178,-0.0508451021769821,0.959448950993188,0.999799029641296
NCLN,11.0666748453189,-0.0333680771101774,0.221901414373619,-0.150373431392353,0.880470001586198,0.999799029641296
NCOA3,9.95190144307944,-0.0119052792004096,0.230152767723201,-0.0517277255371863,0.958745645023892,0.999799029641296
NCOA4,13.1906540424147,0.00593434766141919,0.200301496377386,0.0296270760266231,0.9763644712418,0.999799029641296
NCOA6,9.1502938939686,-0.288183065949034,0.259851620022282,-1.10902932190426,0.267417532876081,0.999799029641296
NCOA7,9.6280466473547,0.0244701073077056,0.230594435026467,0.106117510185782,0.915489118469479,0.999799029641296
NCSTN,12.1411796601238,0.0123192365728302,0.211060566842188,0.0583682530429356,0.953455302045659,0.999799029641296
NDEL1,9.68295375192159,0.115242531121411,0.230493178891543,0.49998239286568,0.617087475229541,0.999799029641296
NDFIP1,12.4213537080818,0.0240617678567867,0.20498642826539,0.117382248475663,0.906557150482998,0.999799029641296
NDFIP2,9.61285814531419,0.172128195799234,0.223799868959993,0.769116606721534,0.44182409050594,0.999799029641296
NDRG1,12.7715547808949,-0.0784249487403635,0.2071694023662,-0.378554689276637,0.705018574814179,0.999799029641296
NDRG2,13.091448624039,0.172061373959145,0.19341128316962,0.889613941541607,0.373673217629593,0.999799029641296
NDRG3,9.64068579866598,-0.119151666696277,0.241455492051591,-0.493472588607837,0.621678703590884,0.999799029641296
NDUFA1,10.843349278859,-0.0142179462834045,0.222369736798912,-0.0639383150246822,0.949019343701479,0.999799029641296
NDUFA10,11.904689335797,0.0365043357632605,0.209809525381311,0.173987981226863,0.861874907759965,0.999799029641296
NDUFA11,11.8215327348322,0.0442419414559899,0.211424087119463,0.209256864053486,0.834247723775605,0.999799029641296
NDUFA12,9.87979667016099,0.00280603935986225,0.231336437482583,0.0121296903782116,0.990322144636645,0.999799029641296
NDUFA13,9.2331552585036,-0.036277645883872,0.249710489245346,-0.145278822661824,0.884490734394118,0.999799029641296
NDUFA2,10.0610740000006,0.0142322911234054,0.229239407936324,0.0620848363356385,0.950495272552804,0.999799029641296
NDUFA4,11.17785910296,0.00106261588633456,0.21692799138087,0.00489847289679128,0.996091599734513,0.999799029641296
NDUFA5,11.2341652711356,0.0335701133910455,0.213944055185458,0.156910709025989,0.875315219827663,0.999799029641296
NDUFA6,10.9133905270936,-0.0241782614514971,0.22205288207077,-0.108885150357073,0.913293584908275,0.999799029641296
NDUFA8,9.73936834743209,-0.0633283381751314,0.237272447747926,-0.266901356546928,0.789545112149907,0.999799029641296
NDUFA9,9.89275232318474,0.00540862338299559,0.231258110177106,0.023387821421067,0.981340919448493,0.999799029641296
NDUFAB1,10.4788410304402,0.0490837326880056,0.223408418383553,0.219704042681764,0.826101655988515,0.999799029641296
NDUFB10,11.0243575810502,0.0335716412049471,0.219037103206853,0.153269198293053,0.878185989847334,0.999799029641296
NDUFB11,11.1924546915773,0.0104200884063769,0.21838591276895,0.04771410515568,0.961944092618392,0.999799029641296
NDUFB3,9.50191643317502,-0.073224716372999,0.239649882460028,-0.305548726422648,0.759948264753676,0.999799029641296
NDUFB4,10.9830616167341,0.0207093056824757,0.218828722047566,0.0946370544446822,0.924603116715562,0.999799029641296
NDUFB5,10.2559420289043,-0.0147421181736403,0.228701601578116,-0.0644600565624152,0.948603911181154,0.999799029641296
NDUFB7,11.3316579904154,0.0646759567490117,0.213810846430181,0.302491467710135,0.762277436784998,0.999799029641296
NDUFB8,10.618487343415,0.0969613281811875,0.218382172753578,0.443998367442742,0.657043764235414,0.999799029641296
NDUFB9,12.5205247201501,-0.0636407541167078,0.2100561358177,-0.302970222074061,0.761912555040956,0.999799029641296
NDUFC1,10.0474541684094,0.0573126623971466,0.22776341132826,0.251632437637429,0.801325183588899,0.999799029641296
NDUFC2,10.9689709929114,-0.152006239085648,0.229216325567794,-0.663156250799816,0.507230487598343,0.999799029641296
NDUFS1,10.1286706407007,0.109690215276221,0.221422106287539,0.495389629858263,0.620325113413985,0.999799029641296
NDUFS2,12.6310398094743,-0.0346044549622051,0.205783746774015,-0.168159320182884,0.86645794294906,0.999799029641296
NDUFS3,9.4035489992961,0.0921659033321966,0.232566025241482,0.396299946376507,0.691883766789332,0.999799029641296
NDUFS4,9.85068861348103,0.0107182361125429,0.231420590338345,0.0463149631451222,0.963059213242267,0.999799029641296
NDUFS5,9.22182984745709,0.0117281659268356,0.242291084695069,0.0484052722847638,0.96139325755673,0.999799029641296
NDUFS6,10.9267581556451,-0.0646475956463108,0.223803079412728,-0.288859276717505,0.772689068328762,0.999799029641296
NDUFS7,11.1639656438326,0.0117053537036428,0.218639174752196,0.0535373119520306,0.957303802625164,0.999799029641296
NDUFS8,10.9830721290198,-0.0764067764404631,0.225368694117904,-0.339030124567745,0.734587036537393,0.999799029641296
NDUFV1,11.2163906496091,0.072148305179019,0.215828859211997,0.334284791396463,0.738164665708269,0.999799029641296
NDUFV2,11.7944333529591,0.133522080038013,0.206316474033494,0.647171199796371,0.517521148654431,0.999799029641296
NEAT1,16.365254456087,0.107101056419947,0.180006543021455,0.594984241251621,0.551854004862222,0.999799029641296
NECAB3,10.8000682300396,-0.144734879443792,0.231142293655624,-0.626172203947369,0.531201996860234,0.999799029641296
NECAP2,10.2143347457055,0.00138121021826042,0.228833770926235,0.00603586705174584,0.995184104110243,0.999799029641296
NEDD4,9.08409512563606,-0.104542686623333,0.244473720688456,-0.427623412156255,0.668925317861692,0.999799029641296
NEDD4L,10.090301034957,-0.593736504078289,0.262074956433536,-2.26552171240698,0.0234806831663829,0.999799029641296
NEDD8,10.7733912285918,-0.0350551719392039,0.224016177429948,-0.156485001848431,0.875650740397101,0.999799029641296
NEDD9,10.646696839547,-0.0818429483238365,0.228144915995039,-0.358732290688504,0.719795369581576,0.999799029641296
NEK6,10.9394796254937,0.0632742282768384,0.217607490326074,0.290772289970464,0.771225479484786,0.999799029641296
NEK7,9.36144269391995,-0.119847675442212,0.244181619886967,-0.490813663606992,0.623558245161945,0.999799029641296
NEK9,7.78426168277391,0.236746120865145,0.263988995980638,0.896802989782606,0.369824052325048,0.999799029641296
NELFA,10.1870308284206,0.00570015657242563,0.230785248688766,0.0246989641010928,0.980295081357192,0.999799029641296
NELFB,10.3411411089992,-0.0963720900402229,0.232020229180484,-0.415360722556898,0.677877855257198,0.999799029641296
NELFCD,11.0662428438728,-0.121898878059861,0.227083515598746,-0.53680196793877,0.591404412172804,0.999799029641296
NENF,9.8793123132318,-0.0964478520682325,0.236989145217381,-0.406971601926175,0.684028845645591,0.999799029641296
NES,10.341891086004,-0.0216819943155132,0.230863146009502,-0.0939170876352036,0.925175019863862,0.999799029641296
NET1,11.2337434156141,0.0343205633724812,0.21537441446308,0.159353019986339,0.873390750477048,0.999799029641296
NEURL1B,9.60120533992106,-0.00722749729904027,0.234188774779247,-0.0308618434246182,0.975379719953763,0.999799029641296
NF2,10.3829351378809,-0.104646210662861,0.23194007233426,-0.451177796099203,0.651861411288209,0.999799029641296
NFAT5,10.5665629518344,0.0599177808399768,0.221494661693724,0.270515688196717,0.786763549251573,0.999799029641296
NFATC2IP,9.62766582946834,-0.0312880228240738,0.237614072571764,-0.131675798850778,0.895240728533624,0.999799029641296
NFATC3,10.5931479819974,0.128760600794102,0.218987375688869,0.587981843195572,0.556544480038669,0.999799029641296
NFE2L2,12.0307333363431,0.0404474545210885,0.206811521081589,0.195576408459041,0.844941726986487,0.999799029641296
NFIA,11.3324552788126,0.128344428951183,0.207184978104595,0.619467830753589,0.535608207888725,0.999799029641296
NFIB,9.99079813463126,0.0866003493490878,0.224856519464272,0.385136039441577,0.700136627982973,0.999799029641296
NFIC,13.2870497049094,0.0494302261991216,0.198378588632537,0.249171175880693,0.803228374693449,0.999799029641296
NFIL3,10.7178647128863,0.206555390161159,0.211589105935108,0.976209948278281,0.328960434325957,0.999799029641296
NFIX,11.5679455340148,-0.158488907454788,0.220883249857479,-0.717523431754331,0.47305118360202,0.999799029641296
NFKB1,9.90779967677654,-0.00505580971350562,0.23003625759391,-0.0219783166635878,0.982465252155864,0.999799029641296
NFKB2,10.4376411210411,-0.140007298103314,0.235883671654509,-0.593543830826821,0.552817258816224,0.999799029641296
NFKBIA,13.204848357966,-0.00818369765715175,0.201641488807349,-0.0405853860014422,0.967626434839186,0.999799029641296
NFKBIB,9.65452447628598,-0.0837270093588212,0.237637968146058,-0.352330101170367,0.724590716155068,0.999799029641296
NFKBIZ,9.72723936832239,0.220031474134713,0.220783331365207,0.996594592418528,0.318961331823321,0.999799029641296
NFS1,10.7018405291474,0.0450648062365721,0.221212707176458,0.203717077611752,0.838574596039892,0.999799029641296
NFX1,9.37359601213099,0.147082945375265,0.241576818301195,0.608845444730893,0.542626888087846,0.999799029641296
NFYA,9.11067690037023,-0.256655326846894,0.265621404879529,-0.966244896428053,0.333921652035657,0.999799029641296
NFYC,9.50119893995702,0.0193797512818146,0.235983259429035,0.0821234155706816,0.934548573080496,0.999799029641296
NGEF,9.97740465640736,0.0528088568451509,0.226412807795978,0.23324147321532,0.81557390282111,0.999799029641296
NGFRAP1,10.2304865279793,-0.0858632532931231,0.229692902869282,-0.373817615697023,0.708540012679939,0.999799029641296
NGRN,11.3873024175456,-0.023439926651689,0.217856127328082,-0.107593607483849,0.914318068042945,0.999799029641296
NHLRC3,9.51693729177619,0.0227665022538103,0.232010064232289,0.0981272184426292,0.921831274629121,0.999799029641296
NHP2,10.1989599598509,-0.0379787636302487,0.230653186849472,-0.164657441542459,0.869213616387038,0.999799029641296
NHSL1,8.41245959478933,0.0919245020635539,0.250782341427878,0.366550936322565,0.713954011533686,0.999799029641296
NID1,12.326532959118,-0.0230970427478212,0.206697699688498,-0.111743104943255,0.911027100534149,0.999799029641296
NINJ1,11.7235125870649,0.0335984635747614,0.213024291587986,0.157721278283816,0.874676432711073,0.999799029641296
NIPA2,9.47496175223115,-0.122006376517046,0.243879953097702,-0.500272264970333,0.616883380391243,0.999799029641296
NIPBL,10.284209989378,0.0315750306185759,0.227659083186893,0.138694359023904,0.889691675863991,0.999799029641296
NIPSNAP1,12.7710748896754,0.0701628735318833,0.201044636605873,0.348991521069176,0.727095675074587,0.999799029641296
NISCH,10.4087167786808,-0.101932331098139,0.232351850629873,-0.43869816754984,0.660880255032021,0.999799029641296
NIT1,10.6060077173423,0.000607282711415198,0.224757792910069,0.00270194284946634,0.997844164139351,0.999799029641296
NKIRAS2,10.9966157259605,-0.0313337023813133,0.221843397017286,-0.141242438596772,0.88767842094992,0.999799029641296
NLN,10.6055295259321,0.115653195204193,0.216804238446458,0.533445268565426,0.59372538827459,0.999799029641296
NMD3,9.8927655918799,0.105229250050248,0.22317402694305,0.471512081811832,0.637275093927388,0.999799029641296
NME2,11.135439684694,-0.119390414055114,0.227207609851848,-0.525468377282626,0.599257630768615,0.999799029641296
NME4,10.2715515316311,0.0724857259499162,0.227687345860595,0.318356409645605,0.750214599534115,0.999799029641296
NMI,9.55841462990522,-0.117971276584359,0.241662665114736,-0.488165089664757,0.625432909943606,0.999799029641296
NMRAL1,9.2921477594159,0.0195546957871591,0.241866971871862,0.0808489709687144,0.935562062307838,0.999799029641296
NMT1,11.9331681982428,-0.0382680624218039,0.212251824927221,-0.180295563700927,0.856920538258035,0.999799029641296
NNMT,10.552443276631,0.357327433839341,0.2153723558552,1.65911466409171,0.0970926888990112,0.999799029641296
NNT,11.4982115468294,0.00338216501847815,0.209528171111408,0.0161418152057454,0.987121254143567,0.999799029641296
NOA1,9.61346176277526,0.0447458994394152,0.233878433186412,0.191321186950789,0.848273962891031,0.999799029641296
NOB1,10.4802675665598,0.0995297970719538,0.221800279085049,0.448736121895453,0.653622023805788,0.999799029641296
NOC2L,10.4940554334076,-0.0270095591940677,0.226554036936661,-0.119219059431808,0.905101807094954,0.999799029641296
NOC4L,9.66815671484642,-0.0193913940912882,0.23806369248562,-0.0814546472367245,0.93508039123662,0.999799029641296
NOL10,9.97737882112284,-0.0107165107318945,0.230976655608744,-0.0463965100873546,0.962994218066208,0.999799029641296
NOL11,9.92182628418671,0.0636136192016739,0.228097520477504,0.278887815476924,0.7803309195494,0.999799029641296
NOL6,10.1438253262094,-0.00981896199852154,0.229087949244339,-0.0428611021701927,0.965812256209407,0.999799029641296
NOL7,10.2839622059316,-0.159067295720272,0.238027262072565,-0.668273433619459,0.50395906815474,0.999799029641296
NOL8,9.40595396578015,-0.0117783774455698,0.237902264773344,-0.0495093119722563,0.960513416421111,0.999799029641296
NOL9,7.88637832612794,0.2287387804241,0.267153692349537,0.8562066966487,0.391883459114425,0.999799029641296
NOLC1,11.8916840659971,0.0484359413735068,0.208283223801877,0.232548452484008,0.816112058837075,0.999799029641296
NOMO1,10.592293668146,-0.0416448000811408,0.226516623977325,-0.183848758426267,0.854132104324039,0.999799029641296
NOMO2,8.35898944241235,-1.56089093370357,0.576988961011147,-2.70523534968187,0.00682560119362834,0.999799029641296
NOMO3,9.93658146902948,-0.0382422713811903,0.235725420972439,-0.162232275260892,0.871122944467306,0.999799029641296
NONO,12.3672309393698,0.0309236217358732,0.206767270495962,0.14955762419119,0.881113643054251,0.999799029641296
NOP10,10.2703653272361,-0.0358457952345541,0.230398222775836,-0.155581908587159,0.876362586131012,0.999799029641296
NOP14,10.3664894778213,-0.0790428407047181,0.228440266356032,-0.346010981188085,0.729334462103822,0.999799029641296
NOP16,9.80840723546431,-0.027443353299299,0.235348201732051,-0.116607448441624,0.907171134993644,0.999799029641296
NOP56,10.9417880831797,-0.0358355293392508,0.223601411253507,-0.160265219876553,0.872672155215906,0.999799029641296
NOP58,9.44425094051754,0.000299975661003841,0.241598306641479,0.00124162981592827,0.999009322994184,0.999799029641296
NOTCH1,9.85448902792409,-0.0674460463946996,0.234812437593911,-0.287233704848897,0.773933380406217,0.999799029641296
NOTCH2,10.4382340856771,0.0194803189909771,0.225854637382977,0.0862515785228035,0.931266429704656,0.999799029641296
NOTCH3,11.0129525622409,-0.310739227964043,0.237005385080515,-1.31110619220099,0.189821889021934,0.999799029641296
NOTCH4,10.1182322818897,0.00194045094984912,0.229348955924035,0.00846069231940098,0.993249424762834,0.999799029641296
NPC2,11.304256129929,-0.0496531495251402,0.219639781130824,-0.226066285758887,0.821149865893345,0.999799029641296
NPEPPS,7.11751257052173,0.523196999526256,0.742952231136023,0.704213511447772,0.48129981791614,0.999799029641296
NPLOC4,12.3099119196368,-0.198078323724024,0.217599825257159,-0.91028714517549,0.362671096070644,0.999799029641296
NPM1,12.1836852240922,0.0194862923332321,0.20965360422516,0.0929451816735983,0.925947111291302,0.999799029641296
NPR2,8.36852767005313,-0.0861977925943244,0.267593432347517,-0.322122227881816,0.747360099606467,0.999799029641296
NPRL3,9.09616819316079,-0.0910210229595131,0.250447791461017,-0.363433122841816,0.716281362401509,0.999799029641296
NPTN,10.9395198785698,0.0162915658035102,0.220672141018986,0.0738270165335848,0.941148029595432,0.999799029641296
NR0B2,10.3954699985631,0.174297103631384,0.2174735393837,0.801463498158564,0.422863367542834,0.999799029641296
NR1D1,11.1073938662979,-0.0693295887697964,0.223866072159011,-0.309692255289815,0.756794992814425,0.999799029641296
NR1D2,10.0739446646089,0.00244547177455286,0.227686045080088,0.0107405430740943,0.991430451269667,0.999799029641296
NR1H2,11.234482099811,-0.0272738301669036,0.21986072688123,-0.124050486659389,0.901275301167216,0.999799029641296
NR1H3,11.0684933501393,0.10101089686889,0.215999684766207,0.467643723546271,0.64003939175983,0.999799029641296
NR1H4,10.6464942698436,0.0745442523616788,0.218215015973114,0.341609178585873,0.732645028824006,0.999799029641296
NR1I2,8.84283895460933,0.0477876305375113,0.242830462160423,0.196794216476601,0.843988577200602,0.999799029641296
NR1I3,11.0915977644951,0.161859595245308,0.209040082274625,0.774299328071766,0.43875380094488,0.999799029641296
NR2C2,9.39067446789852,0.00344448997006337,0.234759716886929,0.0146724063895613,0.988293533500511,0.999799029641296
NR2F1,9.5875973105625,0.202371755881605,0.228356348459829,0.88621033418392,0.375504195939632,0.999799029641296
NR2F2,10.2425516574636,0.0834284550206033,0.225859379019778,0.369382291683789,0.711842795359563,0.999799029641296
NR2F6,11.9609285229229,0.0140810314159621,0.211039799594702,0.0667221606682933,0.946802891959781,0.999799029641296
NR3C1,10.5662611423617,-0.110444314904038,0.226483418729794,-0.48764856837402,0.625798787455659,0.999799029641296
NR5A2,9.18323764295257,0.231187490261135,0.231817398078629,0.997282741404595,0.318627288512245,0.999799029641296
NRBF2,10.1445445614252,0.0615560723526213,0.225595671310489,0.272860166132804,0.784960707773901,0.999799029641296
NRBP1,10.8975516659883,-0.0155961722793073,0.2229051713129,-0.0699677454203804,0.944219332124398,0.999799029641296
NRBP2,11.2479571440098,0.00352615380561592,0.2177367232384,0.0161945755092269,0.987079163013893,0.999799029641296
NRDC,10.703498333949,-0.011153705036906,0.223277251301255,-0.0499545071067583,0.960158641097367,0.999799029641296
NREP,9.96655486143091,0.223247288833027,0.219074634822194,1.0190467235708,0.308180785149279,0.999799029641296
NRP1,10.9306860524513,-0.0358825688458193,0.223551938547986,-0.160511105736249,0.872478473938743,0.999799029641296
NSA2,11.2064175950273,-0.0250364269090254,0.219800107675064,-0.113905435142176,0.909312756992022,0.999799029641296
NSD1,8.56850402150145,-0.124247576382034,0.384296433422484,-0.323311812382707,0.746459109007809,0.999799029641296
NSDHL,10.1009218399337,0.0508634515178375,0.227980043077872,0.223104842121921,0.823453909864218,0.999799029641296
NSF,9.64130131992705,-0.104718055598898,0.23743512811375,-0.44103859622966,0.6591850554597,0.999799029641296
NSFL1C,11.4995247355958,-0.0762780313902145,0.219059977903338,-0.348206149385594,0.727685369888673,0.999799029641296
NSL1,9.92198441060767,-0.037468302578189,0.232985685346715,-0.160818045634138,0.872236711872136,0.999799029641296
NSMCE1,9.61419393778226,-0.00157481011227,0.235708763986651,-0.00668116910731069,0.994669237980304,0.999799029641296
NSMCE3,9.82382271702011,0.0114982141793199,0.231407737845876,0.0496881145218144,0.960370927998474,0.999799029641296
NSMF,9.90507990717489,-0.188388482477307,0.249396060958619,-0.755378740759522,0.450021765309956,0.999799029641296
NSRP1,10.3002786047717,0.120723236517778,0.222951754197566,0.541476952950102,0.588178878943153,0.999799029641296
NSUN2,10.8985119004532,-0.0335290558785221,0.222060283406617,-0.150990782161287,0.879982987302447,0.999799029641296
NT5C3B,9.64140158184147,-0.193674836160939,0.245983089021369,-0.787350207412489,0.431076886263026,0.999799029641296
NT5E,10.9146684340741,0.0977493570077098,0.213776679040029,0.457249862083443,0.647491462746063,0.999799029641296
NTAN1,10.3553020519817,0.0379421281037307,0.225583107344507,0.168195786246468,0.86642925581115,0.999799029641296
NUAK1,10.1741374950561,-0.0439184822084491,0.230822755147284,-0.190269292039364,0.849098115473321,0.999799029641296
NUB1,10.1855460926828,0.055600761182345,0.228577056635595,0.243247340746825,0.80781379531541,0.999799029641296
NUBP1,9.46044070709325,0.100872248679999,0.232355586284292,0.434128786370469,0.664194922701411,0.999799029641296
NUCB1,13.5815170516308,-0.0249850563606161,0.200452119255095,-0.124643513141511,0.900805778488895,0.999799029641296
NUCKS1,12.8571875860911,-0.015491399608491,0.203057971491972,-0.0762905267627154,0.939187962428344,0.999799029641296
NUDC,11.9749981258453,-0.0183591532294993,0.213019319327856,-0.0861853905431123,0.931319044149794,0.999799029641296
NUDCD3,11.7652276244727,-0.0440637631606345,0.214005875386929,-0.205899782335256,0.836869195477145,0.999799029641296
NUDT16,12.11456854306,0.00946243591241795,0.208047779365871,0.0454820327391113,0.963723095874339,0.999799029641296
NUDT21,10.3975206367681,0.0685874693949061,0.22164629860172,0.309445588884622,0.756982596001256,0.999799029641296
NUDT4P1,10.3683902747241,0.0464292341576383,0.223608829859005,0.207635960471301,0.835513223837329,0.999799029641296
NUDT9,10.7034457407037,0.0186832496928366,0.221185925755865,0.0844685285873851,0.93268392394218,0.999799029641296
NUFIP2,11.4042527005679,-0.00193560223859287,0.214806294160964,-0.00901091956431424,0.992810423696073,0.999799029641296
NUMA1,8.59181833471048,-0.022659322794642,0.258590169686721,-0.0876263889771738,0.930173627479535,0.999799029641296
NUMB,9.50052973098172,-0.0211572351910141,0.240732294168067,-0.0878869836061266,0.929966502147105,0.999799029641296
NUP107,9.11215193077265,0.151164724420223,0.230032382582787,0.657145410237273,0.511087422641893,0.999799029641296
NUP133,9.82407789178336,-0.0488313523851588,0.23315305059035,-0.209439045560487,0.834105514628025,0.999799029641296
NUP153,8.39851975271138,0.192420313958718,0.28263979751813,0.680796956579958,0.495999976068816,0.999799029641296
NUP160,9.40551897653833,-0.157058523946867,0.244485543215423,-0.642404135153621,0.52061081548317,0.999799029641296
NUP210,8.53023350373698,-0.353048574737862,0.318100994983015,-1.10986315763242,0.267057998573925,0.999799029641296
NUP50,7.94140776192752,-1.27622452378086,0.499813603718353,-2.55340093644193,0.0106676619664133,0.999799029641296
NUP58,9.36418403599976,-0.289571632750879,0.25834202640682,-1.12088473090662,0.262336931147296,0.999799029641296
NUP62,10.9980539914085,-0.40747421134649,0.246239241453188,-1.65478990652249,0.0979671221244986,0.999799029641296
NUP98,10.1587662754709,0.0433923599987229,0.225801578721862,0.192170312733609,0.847608799486513,0.999799029641296
NUPR1,12.407449917883,-0.0666845460025171,0.21073623957098,-0.316436063100843,0.751671547750852,0.999799029641296
NUS1,10.4802353709914,0.0479077858775613,0.221491930604955,0.216295852163607,0.828757142040717,0.999799029641296
NUTF2,10.2431062116588,-0.0268794253879231,0.230472373259087,-0.116627537642902,0.907155214753761,0.999799029641296
NXF1,12.2424947916354,0.0701121112226813,0.205465560696734,0.341235343699114,0.732926417888454,0.999799029641296
OAF,11.7913787183259,0.156044363361431,0.206941461542128,0.75405074555185,0.450818751351834,0.999799029641296
OAS2,9.66980137572579,0.0126469889773378,0.233749983764318,0.0541047694364306,0.956851692354847,0.999799029641296
OAS3,6.1929746205098,-0.287940739054809,0.596924930540255,-0.482373451539718,0.629540677145767,0.999799029641296
OAT,9.50482898921319,0.369086012301126,0.245018035490947,1.50636262984307,0.131974108481366,0.999799029641296
OAZ1,12.5345714226719,0.0181987504567245,0.206386680897334,0.0881779307540556,0.929735257687986,0.999799029641296
OAZ2,11.3469427455206,0.0139107639654407,0.21668147937134,0.0641991369350077,0.948811664605155,0.999799029641296
OBSL1,9.36792332950596,0.0307120084946185,0.249519752432688,0.123084478063129,0.902040202524444,0.999799029641296
OCIAD1,10.1599042505369,0.0450579226430938,0.233068144394765,0.193325101377972,0.846704369072403,0.999799029641296
OCIAD2,9.90498106163274,0.0729083218214823,0.225119401403662,0.323865119429446,0.746040152558903,0.999799029641296
ODC1,11.4027699381119,-0.0118445897105168,0.216312853162557,-0.0547567541056645,0.956332253904964,0.999799029641296
OGDH,12.5893218879272,0.0354550290347342,0.203809884274865,0.173961283383677,0.861895889611336,0.999799029641296
OGDHL,8.77497421321129,0.130035900859675,0.271577869097224,0.478816264712358,0.632069344808515,0.999799029641296
OGFOD1,9.90691582358054,0.039635955055539,0.229448676824587,0.172744317396263,0.862852407160041,0.999799029641296
OGFOD3,9.47235797353748,0.00555309949594822,0.24085278673238,0.023055990222436,0.981605611059447,0.999799029641296
OGFR,11.9187377353544,0.0221195957555284,0.211141910420973,0.104761748680906,0.916564863105636,0.999799029641296
OGT,9.29213859586942,0.221226767104037,0.231923860772866,0.953876700598283,0.340146058590508,0.999799029641296
OLA1,11.0396217884038,-0.0871228095991376,0.223254232601021,-0.39024034879032,0.696358828055959,0.999799029641296
OLFM2,10.5089001093559,0.0291788615705925,0.227273902536251,0.128386327004432,0.897843251078695,0.999799029641296
ONECUT2,9.37505050886421,-0.0268814741503577,0.357685268530665,-0.0751539873609669,0.940092193534213,0.999799029641296
OPA1,10.2274565536501,-0.0124333051298816,0.225659016603221,-0.0550977546434282,0.95606058496427,0.999799029641296
OPA3,10.8159022924584,-0.118395429233973,0.22733757259777,-0.520791296753442,0.602512166616584,0.999799029641296
OPLAH,11.8201845694923,-0.000394949972615337,0.213262823168355,-0.00185194009320394,0.998522366436736,0.999799029641296
OPTN,12.254318037786,-0.0454554066867697,0.210487976135352,-0.215952509598649,0.829024765902084,0.999799029641296
ORC3,9.37699749573645,0.00767627414981445,0.234188756690558,0.032778149806557,0.973851502776686,0.999799029641296
ORMDL3,12.8122672245442,0.0031043969261081,0.203338121538544,0.0152671663464721,0.987819036889521,0.999799029641296
OS9,13.6938320304646,-0.0157457289788539,0.197635529441328,-0.0796705381029597,0.936499292133806,0.999799029641296
OSBP,11.5823289115206,0.0451106140265832,0.211744900327648,0.213042269054793,0.831293993446021,0.999799029641296
OSBPL2,10.1148898312846,0.0598215929673806,0.226045660799508,0.264643845653997,0.791283840032311,0.999799029641296
OSBPL9,10.088542112263,0.0332531466182515,0.228550978925499,0.145495533532985,0.884319641952649,0.999799029641296
OSER1,9.66933693289612,0.0124045475843494,0.233730920984876,0.0530719150554839,0.957674608445377,0.999799029641296
OSGIN1,10.1839356606527,0.0701094463117819,0.238687093323183,0.29372952402103,0.768964592049095,0.999799029641296
OSGIN2,9.65559760611094,-0.0443042181165669,0.235450864017229,-0.188167575011851,0.850745289823601,0.999799029641296
OST4,11.1375230992486,-0.00905538884323494,0.21837983732112,-0.0414662312891061,0.966924213215686,0.999799029641296
OSTC,10.2572798696691,0.072075220473942,0.223817158069366,0.322027234621593,0.747432062349328,0.999799029641296
OSTF1,10.0473673217024,0.0328416746282266,0.229280836482401,0.143237765231842,0.886102404978839,0.999799029641296
OTC,8.78550205040808,0.203059470451008,0.235151647236317,0.863525613524375,0.387848542997933,0.999799029641296
OTUB1,11.1376425390847,0.000806552458160972,0.220044736717952,0.00366540218226074,0.997075438738307,0.999799029641296
OTUD5,9.70957080593268,0.0457442642095057,0.234449264414639,0.195113703272721,0.845303935082677,0.999799029641296
OTUD6B-AS1,9.82340086356813,-0.0710830171741584,0.234920374689872,-0.30258344883026,0.762207329442611,0.999799029641296
OTULIN,9.55819860501289,-0.0456057074238958,0.235615913900299,-0.193559537931695,0.846520782990058,0.999799029641296
OXA1L,11.3317864805042,0.0400770953015375,0.213767202019721,0.187480094808184,0.851284229025366,0.999799029641296
OXLD1,9.64266109172793,-0.168392514419611,0.246000294518099,-0.684521596811428,0.493645856598307,0.999799029641296
OXSR1,8.6370770864529,0.0293368240719641,0.270640545396444,0.108397742211871,0.913680192037808,0.999799029641296
P2RX4,9.81073851890172,-0.029947522955195,0.235163618587996,-0.127347602214196,0.89866528585357,0.999799029641296
P2RX7,9.46250824105846,-0.0409118933367872,0.234339548563773,-0.174583819024698,0.861406663855165,0.999799029641296
P3H1,9.93505544077875,-0.0244712564164042,0.232984082047687,-0.105034027223351,0.916348808224171,0.999799029641296
P4HA2,9.43127085094138,-0.134030882021229,0.246753100703347,-0.543178106533155,0.587007179059164,0.999799029641296
P4HB,14.6860463658869,0.0112300089331119,0.191988130130412,0.0584932460433033,0.953355742161982,0.999799029641296
PA2G4,9.88052871755143,-0.00241349589288293,0.235690204263839,-0.0102401196537689,0.991829709417247,0.999799029641296
PABPC1,14.6316817054264,0.0101129858431879,0.191782837960003,0.0527314432863748,0.957945885749664,0.999799029641296
PABPC4,11.164918585123,0.0938519162678463,0.21444475309755,0.437650793093331,0.66163944494957,0.999799029641296
PABPN1,9.60035713389195,0.107555328118447,0.231435226120883,0.464731881663807,0.642123474170252,0.999799029641296
PACS1,10.173244069642,-0.80717802913321,0.290101170045368,-2.7824018393548,0.00539581851568031,0.999799029641296
PACS2,9.61393769979779,-0.220633710650542,0.251649785969322,-0.876749049480373,0.380622958741888,0.999799029641296
PACSIN2,11.4284243988941,-0.0715623988844844,0.219239360432693,-0.326412185947123,0.744112518941571,0.999799029641296
PAF1,11.4706326177008,0.00448887874330807,0.214859015110278,0.0208922057145432,0.983331644207225,0.999799029641296
PAFAH1B1,10.3555910572825,0.0726001206682336,0.222095760934251,0.326886566239893,0.743753682016716,0.999799029641296
PAFAH1B2,10.5220155181611,-0.0308550842332354,0.22624115300975,-0.13638139579277,0.891519780260909,0.999799029641296
PAH,13.9727010808309,0.100728446521586,0.190052646248126,0.530002862417806,0.596109946175542,0.999799029641296
PAICS,11.9891673757129,0.04633657798434,0.208273169660021,0.222479823301189,0.823940378379422,0.999799029641296
PAIP1,11.1791611579817,-0.047691747518213,0.219748964211122,-0.217028315420835,0.828186278284492,0.999799029641296
PAIP2,11.248646178706,-0.0387805141048518,0.218010671845149,-0.177883558527801,0.858814423307309,0.999799029641296
PAK1,9.02881696349044,-0.1347236235219,0.245494846364522,-0.548783917532251,0.583153748392853,0.999799029641296
PAK2,11.2212227152077,0.0222099064383118,0.215144739368356,0.103232393706293,0.917778530787308,0.999799029641296
PAK4,10.1019597004842,-0.0993360940114992,0.234572149353206,-0.423477784065168,0.671946703999426,0.999799029641296
PALLD,9.76670293113907,0.0416015026972053,0.235967633514448,0.176301732901254,0.860056900699786,0.999799029641296
PALMD,10.6470368995434,-0.0271200771802678,0.224705984261693,-0.120691388212802,0.903935480342319,0.999799029641296
PANK1,11.0789245658755,0.129331091722761,0.21036805181846,0.614784852570527,0.538696813999339,0.999799029641296
PANX2,9.58374396750074,-0.0872385201513317,0.246847845844822,-0.353410092977572,0.723781020302682,0.999799029641296
PAPD7,10.5367339222137,0.037412624797463,0.223554323680685,0.167353617597222,0.867091818205472,0.999799029641296
PAPOLA,12.0601446612793,0.0181779008047442,0.207997695196361,0.087394722271241,0.930357764346418,0.999799029641296
PAPSS1,9.44665796212648,-0.0812636540081541,0.241773478166595,-0.336114840322391,0.736784267841059,0.999799029641296
PAPSS2,10.0583189726558,0.125629975264205,0.221771298358499,0.566484374642208,0.571064551965443,0.999799029641296
PARD3,10.5360594781806,-0.0592219928339252,0.226112560983717,-0.261913767975898,0.79338792474253,0.999799029641296
PARK7,11.9614820165841,0.00568815870065034,0.21098996718587,0.0269593799957294,0.978492132313135,0.999799029641296
PARL,9.87960768865427,0.0145993637445611,0.231186964916972,0.0631495973391245,0.949647380115056,0.999799029641296
PARN,9.3194997609631,0.0402946179943818,0.236555650027088,0.170338852569227,0.864743657783593,0.999799029641296
PARP1,12.6182271732137,-0.126812295677817,0.211135990868639,-0.600619037787431,0.548093754891778,0.999799029641296
PARP10,10.9117647637267,0.0298721449424096,0.223184119141194,0.133845298031763,0.893524906781134,0.999799029641296
PARP12,10.8436652684058,-0.0810969696917524,0.225661783068395,-0.359373964829361,0.719315348672173,0.999799029641296
PARP4,10.5911312028164,-0.101755760441958,0.227822508462686,-0.446644895311666,0.655131474614656,0.999799029641296
PARP9,11.1226387287045,-0.0024241547556885,0.218766582630007,-0.0110810103012324,0.991158813896009,0.999799029641296
PARVA,10.1181190691523,0.128042586324074,0.222926203553715,0.574372075973659,0.565716044886227,0.999799029641296
PATL1,9.88987900397112,-0.00139809476362545,0.230379288918504,-0.00606866515730943,0.995157935487473,0.999799029641296
PATZ1,9.95116970448436,0.0408730595499607,0.231935757146873,0.176225779296626,0.860116568760435,0.999799029641296
PBLD,9.02467976708097,0.324022769668841,0.483472234850932,0.670199333719229,0.502730728557882,0.999799029641296
PBXIP1,12.5198024903827,-0.0729173611515483,0.210122654350731,-0.347022844237616,0.728574156746483,0.999799029641296
PC,13.2160768070003,-0.00877167133576803,0.201771657050373,-0.0434732581572553,0.965324281265586,0.999799029641296
PCBD1,12.239164390993,0.0348672376406788,0.206632799889496,0.168740091889212,0.866001082158205,0.999799029641296
PCBP1,12.7991298584362,0.121594616541361,0.202268515363601,0.601154442265918,0.547737124938642,0.999799029641296
PCBP2,11.9047583563719,0.0463466012778757,0.209929195740117,0.220772537685757,0.82526954773156,0.999799029641296
PCCA,10.5202137911578,0.0610097232806848,0.220150003390872,0.277127968843877,0.781681846516576,0.999799029641296
PCCB,12.056906678332,0.0107980197963449,0.208145032287016,0.0518773841378795,0.958626394848712,0.999799029641296
PCDH1,10.3522239543368,0.0827898262566606,0.224501145607494,0.368772399947598,0.712297378602731,0.999799029641296
PCED1A,9.72503253859487,-0.0802408808893373,0.242008122024231,-0.331562760035398,0.740219443431301,0.999799029641296
PCGF3,9.81055497204273,0.0379345461273942,0.231761593304954,0.163679173871918,0.86998371326023,0.999799029641296
PCGF5,9.97753918438162,0.0148768008038881,0.231223027566455,0.0643396159995888,0.948699809778348,0.999799029641296
PCIF1,10.6344586228553,-0.0718043458612027,0.227842404659814,-0.315149175011614,0.752648393097276,0.999799029641296
PCK1,14.136485676934,0.246671448345138,0.18505389610756,1.33297084543285,0.182541371523028,0.999799029641296
PCK2,11.8597530260022,0.0941276924466789,0.206971703280063,0.454785320674055,0.649263691919938,0.999799029641296
PCMT1,10.1723615601545,0.0699333755138393,0.223876310754158,0.312375057808748,0.754755503637802,0.999799029641296
PCMTD1,10.5100768524106,-0.0124335326956317,0.22298456194709,-0.0557596121770166,0.955533309673039,0.999799029641296
PCMTD2,10.2979007539098,-0.0255768817530547,0.227011231866852,-0.11266791313681,0.91029384083768,0.999799029641296
PCNA,11.0682700407413,-0.154246213394973,0.228503698272694,-0.675027207703643,0.499658479113048,0.999799029641296
PCNP,9.72582051080294,-0.00437645348066454,0.231565839206385,-0.0188993916186575,0.984921364872999,0.999799029641296
PCNT,9.76892408088488,0.133076300839428,0.228741755800901,0.581775287915768,0.560718051604476,0.999799029641296
PCNX,10.1467589422614,0.123688617294318,0.222683837711916,0.555444968818673,0.578590341337051,0.999799029641296
PCNXL3,7.47817527809634,0.0377478404296325,0.355901474651379,0.106062613161713,0.915532674154605,0.999799029641296
PCOLCE,10.0613908351649,0.28228548532051,0.216522493992792,1.30372359986722,0.192327839875288,0.999799029641296
PCSK6,10.981553972731,-0.0235705764226339,0.219191027661685,-0.107534403547824,0.914365033466699,0.999799029641296
PCSK7,9.40341327283401,-0.147708483785664,0.249253457855639,-0.592603549240281,0.553446503265702,0.999799029641296
PCTP,11.4284781916987,0.0154383658518584,0.213441685843938,0.0723306030441798,0.942338810764502,0.999799029641296
PCYOX1,12.1976258427946,0.0489436862180501,0.20408732358043,0.239817375030457,0.810471836651388,0.999799029641296
PCYT2,12.8397212298372,-0.0490211979898001,0.204353899712872,-0.239883839058993,0.810420309681004,0.999799029641296
PDAP1,11.7513773118923,-0.0708189485692624,0.215478136894776,-0.328659554931299,0.7424130279697,0.999799029641296
PDCD11,9.7967056169017,-0.105444892827386,0.232303120070371,-0.453910790330511,0.649893036882377,0.999799029641296
PDCD4,11.2082086247982,0.0567505850417839,0.215901944017851,0.26285351574737,0.792663485761256,0.999799029641296
PDCD5,9.7127015381679,-0.0633214796441351,0.237293831507298,-0.266848401586822,0.78958588593243,0.999799029641296
PDCD6,10.7449271789509,-0.0506998090343251,0.22576332812898,-0.224570613192591,0.822313328238534,0.999799029641296
PDCD6IP,11.9610926051862,-0.0160836826798235,0.210869096877422,-0.0762733037604504,0.93920166447227,0.999799029641296
PDCD7,9.44736797065548,-0.0437669765323924,0.239708075502509,-0.182584489240265,0.855124055544357,0.999799029641296
PDDC1,9.44723125305985,-0.0286871767821749,0.246922326280173,-0.116178950742691,0.907510718647353,0.999799029641296
PDE3B,10.1584204655328,0.102697596656796,0.221105793645524,0.464472662446108,0.642309141238403,0.999799029641296
PDE4DIP,10.2818795152202,0.0499807464353753,0.226078214574052,0.221077234396701,0.825032296024523,0.999799029641296
PDE8A,9.23333750033265,-0.0194144884319166,0.23986610148104,-0.0809388584382825,0.935490576761211,0.999799029641296
PDGFRB,9.4238543006448,-0.0275708607907408,0.247893929318368,-0.111220395217229,0.911441578924366,0.999799029641296
PDHA1,11.5122448047343,0.0100913267015065,0.21477204259196,0.046986221203282,0.962524209286833,0.999799029641296
PDHB,10.4225553401869,-0.0253553975993138,0.226637438484005,-0.111876474464758,0.910921350137898,0.999799029641296
PDHX,9.65453752827123,0.0495468986305791,0.232088568058385,0.213482719313064,0.830950466445792,0.999799029641296
PDIA3,14.2820916618441,-0.0412566141784772,0.196054753501703,-0.210434143735866,0.8333288463582,0.999799029641296
PDIA3P1,10.0651534327033,0.128229234944085,0.227601934524429,0.56339255293246,0.573167607091663,0.999799029641296
PDIA4,14.3085741739061,-0.0676385152846895,0.197162483328666,-0.343059765441976,0.731553498883225,0.999799029641296
PDIA5,11.0951773017082,0.104319880030708,0.213311902034788,0.489048567077588,0.624807313169893,0.999799029641296
PDIA6,13.5400675107899,-0.088812070394527,0.202226724188502,-0.439170790858197,0.660537787935587,0.999799029641296
PDK2,12.1695313428608,0.0305945777565473,0.206667487316436,0.14803769162637,0.882313022327119,0.999799029641296
PDK4,12.5445921618237,0.11847226868076,0.197841359640253,0.598824577915283,0.549289870732719,0.999799029641296
PDLIM1,12.2686979429367,0.0298303010788009,0.207984786269746,0.14342539958722,0.88595422437508,0.999799029641296
PDLIM2,9.47265354530828,0.143029457992634,0.229320667264211,0.623709409618295,0.532818442353707,0.999799029641296
PDLIM5,11.1382967413639,0.208516002659757,0.206826476221409,1.00816881121419,0.313373427927532,0.999799029641296
PDS5A,10.5224158737056,-0.0704886974485594,0.225136984768813,-0.313092482432162,0.754210400342069,0.999799029641296
PDSS2,9.57158406900328,0.0769239036513959,0.228720956820767,0.336322061260332,0.73662801542058,0.999799029641296
PDXDC1,10.4794551505037,0.107729557955035,0.223674993390721,0.481634340620505,0.630065726756786,0.999799029641296
PDXK,11.4295442951648,-0.0751070916322447,0.21942049819368,-0.3422975166429,0.732127004259396,0.999799029641296
PDXP,11.0930265817531,-0.0285749894773531,0.220091042374779,-0.129832587319453,0.896698880162964,0.999799029641296
PDZD11,9.46002181615711,-0.0340611542213578,0.240814774561721,-0.141441297708367,0.887521331329066,0.999799029641296
PDZK1,9.35756081849266,-0.442346091112955,0.25979841016716,-1.7026512626784,0.0886333506468509,0.999799029641296
PEA15,12.4367329984304,-0.132329122073375,0.214340177207546,-0.617378989778669,0.536984776835204,0.999799029641296
PEAK1,9.41957803874002,0.0277383526792392,0.239093743524375,0.11601454839579,0.907641011701578,0.999799029641296
PEBP1,15.4392188924389,0.0350895289536365,0.185863503394538,0.188791926939797,0.850255899430967,0.999799029641296
PECAM1,11.7251479711694,-0.115403636882557,0.21880296540709,-0.52743177711438,0.597893781197895,0.999799029641296
PECR,11.4564755295817,0.123003665651991,0.208400127979141,0.590228359477317,0.55503756159937,0.999799029641296
PEF1,10.2972136689601,-0.123247768845274,0.226024736973322,-0.545284425482246,0.585557914058452,0.999799029641296
PEG10,10.6503526171111,-0.336470964502168,0.238740402882585,-1.40935912162152,0.158729005070513,0.999799029641296
PELP1,10.7888919777513,0.0104014955119741,0.222502038812314,0.0467478660757263,0.962714180410372,0.999799029641296
PEMT,10.7012821901292,0.161863722634816,0.214451710297593,0.754779350606246,0.450381385765601,0.999799029641296
PEPD,12.3491546389696,0.0145770049705824,0.206639413269136,0.0705431976406008,0.943761319421358,0.999799029641296
PER1,10.9139541400665,0.0990805536153691,0.211978263632155,0.467409025423961,0.640207266531141,0.999799029641296
PERP,11.7667032851765,0.0485734703326603,0.207422684973908,0.234176268322679,0.81484813797164,0.999799029641296
PES1,10.8571636663696,-0.107199191379364,0.229295518014016,-0.467515424234377,0.640131159353595,0.999799029641296
PEX13,10.019550989385,0.141061430386477,0.223464690463543,0.631247066791031,0.527878991527022,0.999799029641296
PEX14,10.0463893430914,0.115446424902592,0.224520244360306,0.514191605445278,0.607118036234553,0.999799029641296
PEX16,9.79535708100679,0.0185386039156724,0.233501386223289,0.0793939779781203,0.936719258400452,0.999799029641296
PEX19,11.9601889430628,-0.0312926200914485,0.210796131688,-0.148449688525427,0.881987888664501,0.999799029641296
PEX2,9.73911777358573,-0.0107856908186825,0.233531220868247,-0.0461852200257522,0.963162622614851,0.999799029641296
PEX5,10.5497082572824,0.0175189416575283,0.222929038337431,0.0785852834075891,0.937362493473682,0.999799029641296
PEX6,11.1636950759066,-0.155355787395341,0.226594847356757,-0.685610415274558,0.492958811927349,0.999799029641296
PFDN2,10.3546531979925,-0.0544624717550561,0.230241828247918,-0.236544645990269,0.813010067533421,0.999799029641296
PFDN5,11.5850884801494,0.0568493402759391,0.211747904180207,0.268476519264898,0.788332546547333,0.999799029641296
PFDN6,9.79569275547014,-0.0608187959083001,0.237175454626398,-0.256429553404262,0.797619170230296,0.999799029641296
PFKFB3,10.0926642802606,0.155959343542982,0.221958897314279,0.70264965914907,0.482274107016048,0.999799029641296
PFKL,12.7430800076615,0.00853517119070116,0.2046687087039,0.0417023747535791,0.966735960830193,0.999799029641296
PFN1,12.4371505220867,-0.0168662992886142,0.209013854415281,-0.0806946474232433,0.935684793673378,0.999799029641296
PGAM1,11.2054314865299,-0.033094838738716,0.219745065529743,-0.150605605904887,0.880286838965553,0.999799029641296
PGAM5,9.71173693434772,-0.154929968566712,0.243461541615189,-0.636363211778195,0.524539713110084,0.999799029641296
PGAP3,10.116189891694,0.0689880434633495,0.224132353926319,0.307800468137806,0.758234165349317,0.999799029641296
PGD,11.9604548689344,0.0147318113135459,0.211217085075408,0.0697472522560683,0.94439483146819,0.999799029641296
PGK1,11.8884153507174,-0.0483186103064591,0.213971741010556,-0.225817718163425,0.82134319589333,0.999799029641296
PGLS,10.4936747895607,-0.0233579514234941,0.228318054132122,-0.102304443300736,0.918515028571258,0.999799029641296
PGLYRP2,11.2908283128033,0.369969878097874,0.201807330992753,1.83328264775059,0.0667605485288974,0.999799029641296
PGM1,12.4473448960151,0.126524772194628,0.199302195654636,0.634838827435092,0.525533537140961,0.999799029641296
PGM2,9.47373295183342,0.134245911468828,0.227892590597434,0.589075367114372,0.555810716832814,0.999799029641296
PGM3,10.5783010634365,0.000618663552533737,0.222820541554579,0.00277651040706315,0.997784668059632,0.999799029641296
PGPEP1,10.4650015698405,-0.236106502210351,0.236335847273461,-0.99902957987222,0.317780362253207,0.999799029641296
PGRMC1,13.8044159360804,0.073258696274168,0.192407025542425,0.380748551502422,0.703389838636011,0.999799029641296
PGRMC2,11.079608810534,0.0594463564297555,0.215824830443135,0.275437985090499,0.782979764346661,0.999799029641296
PHACTR2,9.47566655744978,0.0386175818633336,0.232209932771131,0.166304608086665,0.867917239817765,0.999799029641296
PHACTR4,9.04338903421857,-0.420493182908188,0.260455181891013,-1.61445504694985,0.106428759931337,0.999799029641296
PHAX,10.3263369428122,-0.088556818683147,0.230080546996583,-0.384894854602645,0.700315318222993,0.999799029641296
PHB,12.3519102514817,-0.0624506373362717,0.210172470834593,-0.297139949339135,0.766359665774137,0.999799029641296
PHB2,12.1144278397235,0.110701733107276,0.204374108983589,0.541662217674378,0.588051222121472,0.999799029641296
PHC2,10.9971620416208,-0.114509272657372,0.227177296023173,-0.504052450055096,0.614224519863216,0.999799029641296
PHC3,10.3278710805697,0.0614245026421774,0.221859751925023,0.276861855785973,0.781886182742234,0.999799029641296
PHF1,10.5648465725293,0.0634388342599821,0.22332504315359,0.284065026313922,0.776360548339557,0.999799029641296
PHF12,11.038965419731,-0.00959223700475427,0.220358251008181,-0.0435301921342539,0.965278897486816,0.999799029641296
PHF14,9.45912258246964,-0.0677305717022635,0.239793294202533,-0.28245398574431,0.777595424710739,0.999799029641296
PHF20,9.78257549475508,0.00221545265268675,0.231346008055108,0.00957635997833609,0.992359287008832,0.999799029641296
PHF23,9.50285750035592,0.0296908994189109,0.235982457041908,0.125818248488014,0.899875796361422,0.999799029641296
PHF5A,9.68413512300435,0.0155431106673054,0.233383281322382,0.0665990750461473,0.946900882118848,0.999799029641296
PHF8,10.0162818430101,0.0313003815099777,0.232218948189286,0.134788232200863,0.892779310269764,0.999799029641296
PHGDH,10.90100311754,0.195019477493555,0.210546296999166,0.926254606578656,0.354313680222033,0.999799029641296
PHIP,9.51957142112974,0.0414738085829931,0.232089425185506,0.178697536735436,0.858175203453332,0.999799029641296
PHLDA1,11.2081131118329,0.1269446479504,0.213467473473147,0.594679113801238,0.552057985656147,0.999799029641296
PHLDB2,7.47948845601381,0.294123780027268,0.368298566549654,0.798601479182281,0.424521529683047,0.999799029641296
PHLPP1,9.52831711564591,-0.272656412268788,0.24268437937694,-1.12350210989598,0.261224305003523,0.999799029641296
PHYH,11.9596458457649,0.189972112198977,0.200232014299242,0.948759931641444,0.342742724945446,0.999799029641296
PI4K2A,10.7593046760341,-0.115850421385795,0.229188694986243,-0.505480522906021,0.613221375068928,0.999799029641296
PI4K2B,10.0171645658493,-0.0309243646827903,0.222775644721906,-0.138813938666382,0.889597179164914,0.999799029641296
PI4KA,6.3858053390589,-0.152572073425,0.835480726409578,-0.182615910340228,0.855099399628364,0.999799029641296
PI4KB,9.85123458169975,-0.121584284595006,0.237192677333842,-0.512597125516988,0.608233164351485,0.999799029641296
PIAS4,10.1570964097612,-0.043467074554965,0.23275251658255,-0.18675232901101,0.851854825167073,0.999799029641296
PICALM,11.0958694805357,0.075554582900527,0.21423921850545,0.35266457480382,0.724339920242931,0.999799029641296
PID1,11.093613753846,0.0855566037308691,0.21315309643306,0.401385694895301,0.688136179800182,0.999799029641296
PIEZO1,9.29061292368612,0.0713268324520185,0.26238221905874,0.271843239636793,0.785742556283907,0.999799029641296
PIGC,9.50292084138392,-0.133551151552185,0.243798008807177,-0.547794267088588,0.583833175496211,0.999799029641296
PIGK,9.61362458278736,0.0157605643486412,0.231735862797785,0.0680108989534953,0.945776958264622,0.999799029641296
PIGQ,10.0179538063466,-0.0461173790625177,0.231917854157239,-0.198852215281582,0.842378349622026,0.999799029641296
PIGR,10.1562208721525,0.206027438411817,0.353364332253482,0.583045371608208,0.559862757164687,0.999799029641296
PIGT,12.7427748316049,-0.117108995579857,0.209646292940374,-0.558602749122611,0.576432863403,0.999799029641296
PIGU,9.55813470487756,-0.117573934659446,0.24145985579321,-0.486929532336582,0.626308269596491,0.999799029641296
PIGY,10.8559511801489,0.00944040133986932,0.220722977024419,0.0427703606898384,0.965884591103498,0.999799029641296
PIH1D1,9.88029276065054,-0.399571078507492,0.257605790595231,-1.55109509605445,0.12087889623861,0.999799029641296
PIK3AP1,10.9976947445799,0.0701859980744885,0.221838496416024,0.316383311320617,0.751711582532694,0.999799029641296
PIK3R1,11.0266082786133,0.0382754858780086,0.216116662739634,0.177105667803694,0.859425390040353,0.999799029641296
PIK3R2,11.427898509878,-0.038550903747745,0.218595894352032,-0.17635694330865,0.860013528698348,0.999799029641296
PIK3R4,9.54481114224062,0.109596052350386,0.225818339661056,0.485328395004965,0.62744341651946,0.999799029641296
PIKFYVE,9.41890904528563,0.0145054421753453,0.234180074422188,0.0619414021928884,0.950609496597874,0.999799029641296
PIM1,10.2975426397537,0.12133057597372,0.221642183908577,0.547416443179276,0.584092661059796,0.999799029641296
PIM3,11.1479103051264,0.132101554704141,0.212598970876303,0.621364977260412,0.534359510128188,0.999799029641296
PIN1,9.99053138069099,0.00668195768010101,0.231066397437862,0.0289179117093299,0.97693006011729,0.999799029641296
PINK1,12.2802609337011,0.0571992386543162,0.204263836300509,0.280026262554698,0.77945735600003,0.999799029641296
PIP4K2A,9.72723604928068,0.050430845290012,0.231837770319781,0.21752644196177,0.827798102592762,0.999799029641296
PIP4K2B,10.3671595151005,-0.0198479653481429,0.228761540302426,-0.0867626845050249,0.930860149181414,0.999799029641296
PIP4K2C,10.2567768815221,-0.0792180808950239,0.230327096196888,-0.343937305697229,0.730893435525936,0.999799029641296
PIP5K1A,10.5229709570623,-0.119677370539987,0.231729362821285,-0.51645319817448,0.605537918729706,0.999799029641296
PIP5K1C,10.453112026609,-0.0239725179520286,0.228351619359604,-0.104980722358168,0.916391105512534,0.999799029641296
PIPOX,13.4946633566594,0.112064764616552,0.194031748921968,0.577558905896479,0.563561958012456,0.999799029641296
PIR,9.45808732948654,-0.0781101033853227,0.242011836620729,-0.322753235858185,0.746882131460363,0.999799029641296
PITHD1,10.2971200193092,-0.00381626757167663,0.226905552520379,-0.0168187491636366,0.986581212342768,0.999799029641296
PITPNM1,10.0458759008406,-0.448574833642892,0.261839184793536,-1.71316922635777,0.0866814113223129,0.999799029641296
PITRM1,10.5612985073664,0.00213587391630605,0.221813399862073,0.00962914737177362,0.992317170704485,0.999799029641296
PJA2,11.5429682708835,0.0491311840555131,0.210399806411636,0.233513447057981,0.815362728909426,0.999799029641296
PKD1P1,8.57109411722003,-0.0258722062747814,0.24674517783736,-0.104853948926349,0.916491700890792,0.999799029641296
PKIG,10.0180901531898,0.00126773869706121,0.231180640836408,0.00548375803646251,0.995624616056673,0.999799029641296
PKLR,11.4816491454409,0.171857877079495,0.207107979244828,0.829798435126136,0.406652755744033,0.999799029641296
PKM,11.6684435311185,-0.0502652497779673,0.219089046949673,-0.229428401272446,0.818535963779719,0.999799029641296
PKN1,12.0178097576814,-0.109955082457947,0.216624681705095,-0.507583353810234,0.611745566982993,0.999799029641296
PKN2,9.37715027101699,0.0726254659337636,0.236227397815583,0.307438792474277,0.758509404835368,0.999799029641296
PKP2,9.8353653421398,0.0728932243385249,0.225631140071511,0.323063670712395,0.746647022802959,0.999799029641296
PKP4,9.39010395157606,-0.269828169992467,0.263080899382574,-1.02564713221571,0.305057942564461,0.999799029641296
PLA1A,9.32209187320724,-0.0755159354007251,0.241445197531633,-0.312766359292905,0.754458175390055,0.999799029641296
PLA2G12A,10.1730119375738,0.077004174507157,0.22234457941273,0.346328094485348,0.729096157171023,0.999799029641296
PLA2G16,10.0589564326212,0.166387155685461,0.221959028132448,0.749630042469703,0.45347755178506,0.999799029641296
PLAA,10.4093841038602,-0.00736334742054638,0.22489354105261,-0.0327414801958401,0.973880745197152,0.999799029641296
PLAGL2,9.46174542763155,0.0366093516093193,0.233967110932792,0.156472212967726,0.875660820283257,0.999799029641296
PLBD2,10.7441977877293,-0.00577040955928899,0.222702812569587,-0.025910806840331,0.979328480329419,0.999799029641296
PLCB3,10.1750087273842,-0.0447241277759296,0.232958531381509,-0.191983214826704,0.847755353484947,0.999799029641296
PLCD1,9.44694020270433,-0.0451945927485441,0.239959522506094,-0.188342568265431,0.850608117759198,0.999799029641296
PLCG1,10.1881039163365,0.00558356663137979,0.238214350521154,0.0234392538449691,0.981299893558151,0.999799029641296
PLCXD1,9.28057066389284,-0.128104798981375,0.244657983115521,-0.523607680199372,0.600551438582957,0.999799029641296
PLD2,8.93091896938722,0.174544950440911,0.246406199745574,0.708362657356578,0.478720075986288,0.999799029641296
PLD3,10.0065550024138,-0.0334445393598181,0.233568656162368,-0.143189329892658,0.886140656498259,0.999799029641296
PLEC,11.7832483650801,-0.0821678739782108,0.213614480390205,-0.384654981385703,0.700493053155568,0.999799029641296
PLEKHA5,9.90917762273418,0.00830779705095689,0.229895729875189,0.0361372395018698,0.971172928880342,0.999799029641296
PLEKHB2,9.68498891977523,-0.0481719120835426,0.237562026263388,-0.202776145839629,0.839310003454067,0.999799029641296
PLEKHG3,9.65555649666215,-0.0394923238495927,0.240636926187051,-0.164115809137682,0.869639976662347,0.999799029641296
PLEKHJ1,10.2147602285196,-0.0207408903544151,0.230741395216481,-0.0898880338959381,0.928376190224308,0.999799029641296
PLEKHM1,10.508631713107,-0.0298715297870634,0.226396000748801,-0.131943716709941,0.895028809946871,0.999799029641296
PLEKHM2,10.5203141004299,-0.00307597519568618,0.2270003115187,-0.0135505329270563,0.989188569848155,0.999799029641296
PLEKHO2,10.3705078817665,0.0166711238781308,0.226887526325046,0.0734774808829609,0.941426163279637,0.999799029641296
PLG,16.1650126170984,0.0901006349670583,0.17954868340056,0.501817296905768,0.61579604488172,0.999799029641296
PLGLB1,11.0827217679127,0.277817720709515,0.205711484726612,1.35052119758278,0.17684885887983,0.999799029641296
PLGLB2,9.08537756202836,0.346474872989416,0.223905279810956,1.54741716355213,0.12176268511981,0.999799029641296
PLIN2,12.0726413994351,-0.000382324422053386,0.21330509605134,-0.00179238297223506,0.998569886065147,0.999799029641296
PLIN3,10.3534989632241,-0.0429388283085079,0.230585691677364,-0.18621636059096,0.852275094456823,0.999799029641296
PLK2,10.1317650178466,0.101506170617143,0.224406788091667,0.452331105847293,0.65103047037358,0.999799029641296
PLOD1,13.1887985313182,-0.0304147647591481,0.203028254240527,-0.14980557692781,0.880918009262149,0.999799029641296
PLOD2,10.9972557771627,0.0202254880167842,0.21458041258714,0.0942559843786801,0.92490581357092,0.999799029641296
PLOD3,12.1972745200967,-0.190292826420493,0.219682877947647,-0.866216011908956,0.386371714190824,0.999799029641296
PLPP1,11.2074821378211,-0.0727478497710678,0.22157271110337,-0.32832495215139,0.742665979821,0.999799029641296
PLPP3,12.1558350090885,0.149730887652236,0.1997070905433,0.749752486228181,0.453403789912859,0.999799029641296
PLPP6,9.93515660633004,0.0638129105082985,0.227755167938007,0.280182052886141,0.779337835183769,0.999799029641296
PLPPR1,9.41664861190123,0.0272530118865395,0.235034257123805,0.115953360246476,0.907689505505737,0.999799029641296
PLRG1,10.1737791650278,0.0391498169811809,0.225569219932207,0.173560102716793,0.862211189470011,0.999799029641296
PLS1,8.85497322460033,0.0284614478282468,0.238677308550217,0.119246559302719,0.905080020786358,0.999799029641296
PLS3,12.2819022644933,0.0282812984392312,0.205122591298582,0.137875103177027,0.890339127249795,0.999799029641296
PLVAP,12.3253140866301,-0.490502171606165,0.236286565941944,-2.07587837103986,0.0379052015998604,0.999799029641296
PLXNB1,9.40724081596369,0.0568783938323949,0.244190519075906,0.232926298890066,0.81581863647537,0.999799029641296
PLXNB2,11.5560988815834,0.264578345650426,0.212461300283624,1.24530135745771,0.213020996883722,0.999799029641296
PLXND1,10.9753878061686,-0.0231364574653911,0.219208184444715,-0.105545591392944,0.915942895287108,0.999799029641296
PML,11.0819347303287,-0.0512340371336563,0.223542907686486,-0.229191065213802,0.818720416703263,0.999799029641296
PMM1,9.74006712935331,0.137403220627424,0.227294490253625,0.604516284024764,0.545500446162531,0.999799029641296
PMPCA,11.2344840110603,0.115236189905252,0.212881467670197,0.541316213038233,0.588289647297291,0.999799029641296
PMPCB,10.8712015832296,0.0417206059257623,0.219240816361903,0.190295797188119,0.849077346838014,0.999799029641296
PMVK,10.8423307223769,-0.00148148369318103,0.222520979438046,-0.00665772592284273,0.994687942519239,0.999799029641296
PNKD,12.4913675153473,-0.0581138821714746,0.2101700372861,-0.276508882626144,0.782157238152351,0.999799029641296
PNN,12.9977028522085,-0.00802083971739732,0.203061053466023,-0.0394996459463331,0.968492035791854,0.999799029641296
PNPLA2,7.49961432917576,-0.447132308378745,0.939275177148424,-0.476039737083449,0.634046068442807,0.999799029641296
PNPLA6,9.9896328820823,-0.149474647578065,0.244148627643925,-0.612228088359623,0.540386860192389,0.999799029641296
PNPLA8,9.61353818597948,0.0106536093175926,0.23196287877079,0.0459280785531195,0.9633675743366,0.999799029641296
PNPO,12.8117167510823,0.0309611590215234,0.202177284075875,0.153138663243216,0.878288926594694,0.999799029641296
PNPT1,10.2570535255991,-0.108388438230472,0.231973491234262,-0.467244932400546,0.640324649857937,0.999799029641296
PNRC1,12.0728578629564,0.175879783366659,0.202466429150072,0.868686152588255,0.385018817489257,0.999799029641296
PNRC2,10.550992910757,0.0510796840286445,0.221484522007502,0.230624169877272,0.817606788881186,0.999799029641296
PODXL,9.0314961068964,-0.487848092171839,0.291422373227403,-1.67402415528049,0.094125852159804,0.999799029641296
POFUT1,12.1840310861038,-0.0482615573964869,0.21059671679327,-0.229165763509326,0.818740081283079,0.999799029641296
POGZ,9.70443810109803,0.167015889518191,0.229873644505532,0.726555190254408,0.467498486770243,0.999799029641296
POLD1,9.8248504577877,-0.404864573053542,0.258176047349297,-1.56817248234413,0.116840884510041,0.999799029641296
POLD2,12.1420811003779,-0.0168392890412775,0.209263838446041,-0.0804691778872229,0.93586410920087,0.999799029641296
POLD4,10.3665728622451,0.0273603781734002,0.225300988843242,0.121439228091612,0.903343147263816,0.999799029641296
POLDIP2,13.1899402604587,-0.0467458990434815,0.202693536870711,-0.230623530306734,0.817607285792657,0.999799029641296
POLDIP3,10.9560512931392,0.0294578622706955,0.220812940284358,0.133406412834141,0.893871974034498,0.999799029641296
POLE3,10.3673826052761,-0.0599334815909164,0.230154896576487,-0.260404981525122,0.794551400772846,0.999799029641296
POLG,9.69494919441491,0.0563780721045759,0.23494159057034,0.239966333622385,0.810356356004514,0.999799029641296
POLH,9.78331195564646,-0.025145500386783,0.233280115504685,-0.107791014816597,0.914161470498694,0.999799029641296
POLR1B,7.90354828207583,0.116739598382816,0.263314563075558,0.443346532069013,0.657515103455632,0.999799029641296
POLR2A,11.2916710119185,0.016442907202628,0.21231604184383,0.077445430217292,0.938269201192998,0.999799029641296
POLR2B,9.35402419056092,0.177232782294805,0.237354114615457,0.74670195872502,0.455243487155397,0.999799029641296
POLR2C,9.99171293188959,0.0634575759157653,0.227857326869266,0.278496973468728,0.780630888005661,0.999799029641296
POLR2E,12.6024174721896,0.0239220410762261,0.204741911665413,0.116839981035829,0.906986860430265,0.999799029641296
POLR2F,10.0323656737401,0.00504053927984911,0.231118690528457,0.0218093104816569,0.982600067264,0.999799029641296
POLR2J,10.5496942306686,-0.00689946692293792,0.224641487140405,-0.0307132356127327,0.97549823565017,0.999799029641296
POLR2K,10.4668879535417,-0.0834544544045541,0.229856090724802,-0.363072625752046,0.716550632834377,0.999799029641296
POLR2L,10.4936809889016,-0.0206259155534334,0.2283402183165,-0.0903297531442493,0.928025177200238,0.999799029641296
POLR2M,9.44659000492275,0.0161355221424402,0.232053754998514,0.0695335533033867,0.944564925602332,0.999799029641296
POLR3A,9.72585985804571,-0.0121940264370841,0.231431771169814,-0.0526895092037153,0.957979297858525,0.999799029641296
POLR3E,9.91933973731363,-0.0406975080805726,0.235303409549307,-0.17295757914653,0.862684771957317,0.999799029641296
POLR3GL,10.2991416831608,-0.0580362850826565,0.230407106410794,-0.251885829333681,0.801129313072123,0.999799029641296
POLR3H,10.4950005887108,0.0155731925617465,0.224801554771529,0.0692752884986666,0.9447704953932,0.999799029641296
POLRMT,11.261356503266,0.0468291365115948,0.225775007903778,0.207415058674487,0.835685723187839,0.999799029641296
POM121,11.1126600481815,0.0292372216685787,0.21804093927996,0.134090514217785,0.893331000460646,0.999799029641296
POM121C,8.89940294408585,-0.41841957889931,0.318088999681559,-1.31541668941143,0.188369899555391,0.999799029641296
POMGNT1,10.926794283056,-0.187907437259178,0.230620482814471,-0.814790754775866,0.415192093863959,0.999799029641296
POMGNT2,9.36036905265658,-0.0219634902875479,0.244150946641421,-0.0899586529959483,0.928320071687093,0.999799029641296
POMP,9.7956851475973,0.0149529125086308,0.231517474084665,0.0645865396024603,0.948503202173402,0.999799029641296
POMT1,9.41747322954055,0.0245348123801292,0.232324504792667,0.105605787913009,0.915895132344552,0.999799029641296
PON1,10.9118675224572,0.0920059607013804,0.209211755951505,0.439774334300351,0.660100558277641,0.999799029641296
PON2,11.036723406453,-0.162095903013614,0.228916092326733,-0.708101826158443,0.478882025661391,0.999799029641296
PON3,9.59471603701725,0.24760249425283,0.216437601740329,1.14399019515052,0.252627703258117,0.999799029641296
POP4,9.68315107043801,-0.0970796161208974,0.23918414877962,-0.405878134551235,0.684832144665606,0.999799029641296
POP7,9.76702569788508,0.0178164992818104,0.233505120408639,0.0763002509351022,0.939180226210338,0.999799029641296
POR,8.03428993488503,-0.135525618642213,1.18664164053306,-0.114209390613776,0.90907180798728,0.999799029641296
POU2F1,9.99333569147886,-0.0158188812362773,0.23097039346784,-0.0684887833404496,0.94539654870819,0.999799029641296
PPA1,11.3039681176498,-0.0797782609331632,0.221032348127798,-0.360934775424981,0.718148206383516,0.999799029641296
PPAN,9.61241881453382,-0.0547806480884533,0.237972090425186,-0.230197784919133,0.817938083023007,0.999799029641296
PPARD,10.5631607410403,-0.078549712610923,0.233030772837294,-0.337078711341561,0.736057565174955,0.999799029641296
PPARGC1A,7.0401843366979,-0.173529381752136,0.737468448126798,-0.235304143781213,0.813972679136473,0.999799029641296
PPCS,10.8151330944654,-0.0012530490642546,0.220702277148416,-0.00567755385419949,0.995469991773801,0.999799029641296
PPDPF,11.1784327284349,-0.105530350974933,0.224259060018249,-0.470573411688899,0.637945398432823,0.999799029641296
PPFIA1,9.58168550224254,0.0412221339227314,0.231543102032036,0.178032226228998,0.858697667135014,0.999799029641296
PPFIBP2,10.4918107564601,0.0676460687927632,0.220550427520946,0.306714747974536,0.75906050325344,0.999799029641296
PPIA,12.4509459776379,-0.0271537921552179,0.209055905435022,-0.129887706825186,0.896655270424797,0.999799029641296
PPIB,13.6948962651376,-0.0523536622981248,0.201112621671126,-0.260320122442326,0.794616852072484,0.999799029641296
PPIC,9.29238094869598,-0.258247163328044,0.253987964625514,-1.01676929341439,0.309263192924529,0.999799029641296
PPIE,9.54427372324358,0.0539933376402734,0.230361767152986,0.23438497762702,0.814686119988525,0.999799029641296
PPIF,11.7786509343827,0.0694115939855001,0.210376018034737,0.329940620769991,0.741444829584796,0.999799029641296
PPIG,8.98652940586661,-0.0341204070436011,0.246649120175545,-0.138335814939526,0.889975021377542,0.999799029641296
PPIL1,9.45978885777053,-0.110505558321124,0.243909838867735,-0.45305904359622,0.650506226098617,0.999799029641296
PPIL2,11.0118122705519,0.0306875691166906,0.219077620203407,0.140076239134778,0.888599753903885,0.999799029641296
PPIL4,9.72678712251594,0.118824480123252,0.226577101774919,0.524432871602763,0.599977498293523,0.999799029641296
PPL,6.99465224723745,0.340987698204759,0.62588846908385,0.544805848083259,0.585887056131743,0.999799029641296
PPM1A,10.4107128806161,0.127979315410707,0.219010088646729,0.58435351632199,0.558982493709775,0.999799029641296
PPM1B,10.7457419277581,0.00761282347015995,0.22092261433877,0.0344592313147544,0.97251095172406,0.999799029641296
PPM1D,9.57250670476962,-0.0187419087668508,0.235670196657917,-0.0795260030017937,0.936614249703011,0.999799029641296
PPM1F,10.7187001580621,-0.132634133569931,0.231239494989521,-0.573579066049863,0.566252681080868,0.999799029641296
PPM1G,12.26888824756,-0.0253986618096412,0.210382956562218,-0.120725852629273,0.903908181323881,0.999799029641296
PPME1,10.1585789535528,-0.0308836994770477,0.230616262041069,-0.133918133975946,0.893467310611716,0.999799029641296
PPP1CA,11.989510359237,0.010404342695518,0.210885904093382,0.0493363591096676,0.960651244406445,0.999799029641296
PPP1CB,11.4733359388872,-0.00115965623073011,0.213184920324362,-0.00543967288570736,0.995659790393183,0.999799029641296
PPP1CC,11.5006338006245,-0.0387553206576689,0.215936451059496,-0.179475583985544,0.857564287202958,0.999799029641296
PPP1R10,10.1035058546394,0.041491444920131,0.227837478103398,0.182109832260789,0.855496532730039,0.999799029641296
PPP1R12C,11.4443933963568,-0.0682828020275988,0.221242579046859,-0.308633185898346,0.757600573753109,0.999799029641296
PPP1R13B,8.47254530787227,0.363611218004121,0.373328809776337,0.973970420932588,0.330071226065836,0.999799029641296
PPP1R14B,9.92182219618244,-0.0566894738612686,0.237039462319671,-0.239156270886311,0.810984409602177,0.999799029641296
PPP1R15A,10.8996667370015,0.133557615900806,0.215205920320196,0.620603818436273,0.534860326675974,0.999799029641296
PPP1R15B,10.9551964006148,0.025871435092102,0.217394591108126,0.119006802148239,0.905269966747507,0.999799029641296
PPP1R18,10.5245709176407,0.0409425284255301,0.225161390952725,0.181836363029603,0.855711146642002,0.999799029641296
PPP1R1A,10.2314837327521,0.369987943760678,0.21385325666896,1.7301019845277,0.0836120557437014,0.999799029641296
PPP1R2,9.88022713280203,-0.0173986454069424,0.233102477757514,-0.0746394700490546,0.940501569137121,0.999799029641296
PPP1R37,10.1285319047728,-0.0332912767855603,0.232088617323183,-0.143442091945433,0.885941042101054,0.999799029641296
PPP1R3C,9.76779568422337,0.240301795099673,0.218452476047224,1.10001863768176,0.271324001456916,0.999799029641296
PPP1R7,10.4942283755557,0.0533428049481508,0.221692748188309,0.240615921738859,0.809852808924718,0.999799029641296
PPP1R8,10.0888962092153,-0.0342223253964094,0.230665141261863,-0.14836366348723,0.88205577500015,0.999799029641296
PPP2CA,9.93431458637101,-0.0983765095413197,0.23907950201054,-0.411480318111851,0.680720370333426,0.999799029641296
PPP2CB,10.54925116221,0.0506623241700643,0.2215488988437,0.228673328707475,0.819122826151879,0.999799029641296
PPP2R1A,12.1018851726838,-0.0260764588069524,0.210586758636224,-0.123827627984901,0.901451756191543,0.999799029641296
PPP2R1B,10.0031532752473,0.0939905246880181,0.228294058392705,0.411708151100184,0.680553349828009,0.999799029641296
PPP2R2A,9.67042592766881,0.205201747970283,0.223904084387228,0.916471660317728,0.359419564861098,0.999799029641296
PPP2R4,11.1636465324833,-0.0261989708939959,0.219940821154988,-0.119118273526559,0.905181653637821,0.999799029641296
PPP2R5A,10.8290946024645,-0.0709630408685604,0.224032783932819,-0.316752930632868,0.751431082302733,0.999799029641296
PPP2R5C,10.4676481710332,0.0424567429683341,0.222956246232515,0.190426344566535,0.848975055377771,0.999799029641296
PPP2R5D,11.0527635838567,-0.0239461610059699,0.220081098893478,-0.108806077061439,0.913356303641495,0.999799029641296
PPP3CA,9.57283105466382,0.0865915802547949,0.22833181209923,0.379235724793194,0.704512824903129,0.999799029641296
PPP3R1,10.0599678469751,0.0131142690599402,0.227222371654077,0.0577155715983164,0.953975190030425,0.999799029641296
PPP4C,10.6337095291423,0.0519606247102961,0.221230422488156,0.234871063960826,0.814308809006404,0.999799029641296
PPP4R1,10.0624956289474,-0.0156677073765742,0.231372930937766,-0.0677162506135539,0.946011512886207,0.999799029641296
PPP4R2,10.9002842079183,0.00620016008686974,0.218830850469626,0.0283331169876814,0.977396467659287,0.999799029641296
PPP4R3B,9.85142791458128,-0.0709798384024285,0.230130054644772,-0.308433587746688,0.757752427569538,0.999799029641296
PPP4R4,10.0332874298934,0.141976401659665,0.221726663545064,0.640321733929892,0.521963453803257,0.999799029641296
PPP5C,10.7454608838494,0.0197257520131084,0.220990286022731,0.0892607198629506,0.928874710425184,0.999799029641296
PPP6C,10.1727570349784,0.0371132129256057,0.225334569631448,0.164702704011671,0.869177988556861,0.999799029641296
PPP6R1,11.5416947694979,-0.0763929516191727,0.224170970439412,-0.340779858647308,0.733269314317947,0.999799029641296
PPP6R2,11.1057411499416,-0.0079447917038887,0.220764259445207,-0.0359876717538174,0.971292189102975,0.999799029641296
PPP6R3,9.74459800553587,-0.0184878320973612,0.243177646985594,-0.0760260341628212,0.939398385867146,0.999799029641296
PPRC1,10.3690328878614,0.049124135445202,0.225151238728149,0.218182834448072,0.827286659041093,0.999799029641296
PPT1,10.8167554694081,-0.0829414231158845,0.225485076458289,-0.367835532260723,0.712995872731359,0.999799029641296
PPWD1,9.47509666048479,0.0302700050284585,0.233825183660565,0.129455709408958,0.896997068750103,0.999799029641296
PQBP1,10.4808646863117,-0.0159156646206812,0.2283141964904,-0.0697094830953732,0.944424893727445,0.999799029641296
PQLC1,11.8896434448171,0.0663643245756849,0.207461016465729,0.319888168419572,0.749053107235628,0.999799029641296
PRADC1,9.85025130133098,0.00841753712873835,0.231496065709118,0.0363614694830937,0.970994136747061,0.999799029641296
PRAP1,12.628276050957,-0.0321376686293757,0.206307527047649,-0.155775550651398,0.876209943088881,0.999799029641296
PRCC,11.3885021206355,-0.0620927074091448,0.219354795371607,-0.283069751467955,0.777123368500452,0.999799029641296
PRCP,10.870793089037,0.0811784654802874,0.21638918656068,0.375150287177235,0.70754869969967,0.999799029641296
PRDX1,13.2043013167825,-0.0448389014999317,0.202662366496715,-0.221249274224075,0.824898344489156,0.999799029641296
PRDX2,12.4775810559447,-0.0105674049633027,0.207574874789713,-0.0509088827537926,0.959398127276056,0.999799029641296
PRDX3,12.0165425580736,0.107472279471917,0.204484697952957,0.525576146028497,0.599182734092439,0.999799029641296
PRDX4,8.99975451068108,0.0662623823713675,0.248887573607158,0.266234193258501,0.790058850591277,0.999799029641296
PRDX5,12.4226310344303,-0.0283900269750075,0.208813847601866,-0.135958545379315,0.891854052582076,0.999799029641296
PRDX6,13.5953655274022,0.0698176626866852,0.194534577599621,0.358895901942839,0.719672965455154,0.999799029641296
PREB,11.3165129983086,-0.156028672463871,0.226321358752227,-0.689412052508437,0.490564000943964,0.999799029641296
PRELID1,11.4862878033724,-0.0614554120389612,0.219218747147981,-0.280338305179148,0.779217965195279,0.999799029641296
PRELID3B,10.7458094139573,-0.0677597777238386,0.225728583411844,-0.300182532046508,0.764037928437978,0.999799029641296
PREP,9.57198809044353,0.0221212811928432,0.232459864797669,0.0951617227003781,0.924186372826601,0.999799029641296
PREPL,9.50294821699944,-0.020520131428249,0.235910832670926,-0.0869825738645617,0.930685363643079,0.999799029641296
PREX1,8.76493006085083,-0.100178642162624,0.350305009199591,-0.285975477174937,0.77489690392066,0.999799029641296
PRG4,12.5880822975743,0.170115776880193,0.196356265709244,0.86636286479441,0.38629120178694,0.999799029641296
PRKAA1,11.013199549884,0.0459654384914669,0.214646164239988,0.214145166088664,0.830433855202329,0.999799029641296
PRKAB1,9.58520695036598,-0.205692439788794,0.246286720877452,-0.83517470635838,0.40361934881523,0.999799029641296
PRKAB2,10.1849897072846,-0.339666512968672,0.248161055764937,-1.36873415500944,0.171082389770013,0.999799029641296
PRKACA,12.2272315416329,0.0415215634880952,0.206754639569552,0.200825304692267,0.840835175721711,0.999799029641296
PRKAG2,9.83576765116796,0.0400317527194605,0.22477224262883,0.178099182760594,0.858645083835146,0.999799029641296
PRKAR1A,12.8549781688816,-0.0425008471042536,0.203032113649382,-0.209330663707953,0.834190115815356,0.999799029641296
PRKCA,10.8008707248867,-0.393726654318506,0.243878986877639,-1.61443451672222,0.106433209873012,0.999799029641296
PRKCD,9.33471998536084,-0.318777008225692,0.265409343501135,-1.2010768122198,0.229721406770173,0.999799029641296
PRKCSH,13.6236406928775,-0.0539779948439618,0.201099905387574,-0.268413825157857,0.788380798905407,0.999799029641296
PRKCZ,8.97239140193248,-0.238816664283022,0.265303110156728,-0.900165339720068,0.368032268318759,0.999799029641296
PRKD2,10.9278711759897,-0.046033044374011,0.223900188311345,-0.205596273594909,0.837106288585624,0.999799029641296
PRKDC,9.91844383937937,0.0234937646246621,0.236643369237009,0.0992792010205536,0.920916592002819,0.999799029641296
PRKRA,9.48895931836059,0.0665767913476148,0.232122445332767,0.286817551194463,0.774252023401438,0.999799029641296
PRKRIR,9.76838386987134,0.00796311740658761,0.231448451737813,0.0344055764763045,0.972553736721006,0.999799029641296
PRMT1,9.71169833642112,0.0637497981792576,0.232358458331526,0.27435970541817,0.783808205717665,0.999799029641296
PRMT5,10.7720847293922,-0.0762089283458506,0.225630937404965,-0.33775921521378,0.73554464698217,0.999799029641296
PRNP,10.4951153687269,0.162421715322203,0.217800937553665,0.745734693094162,0.455827697378236,0.999799029641296
PROC,12.7863133147351,0.152204604518529,0.198014075492057,0.768655481385892,0.442097859770959,0.999799029641296
PROS1,12.5476956263071,0.107583654765979,0.19912106250749,0.540292691346664,0.588995197894618,0.999799029641296
PROSC,11.0522282496171,0.115050514377185,0.213084157846461,0.539929929751444,0.589245356311724,0.999799029641296
PROSER1,9.47596847891904,0.0693762360012844,0.241453850365461,0.287327105764838,0.773861869871094,0.999799029641296
PROSER2,9.93410421463213,0.045276989988875,0.229815121347571,0.197014842728292,0.843815922603607,0.999799029641296
PROX1,9.50483523645171,0.522954451791939,0.400314608598523,1.30635865031948,0.19143062059712,0.999799029641296
PRPF19,12.0171744483829,0.00502675732584712,0.210721223060083,0.0238550121001046,0.980968259203497,0.999799029641296
PRPF3,9.71264428559586,-0.165969981736231,0.241314380466524,-0.687774932498292,0.491594524207817,0.999799029641296
PRPF31,10.0057948118498,-0.0322536651475214,0.230963950817822,-0.139648049114653,0.888938074853325,0.999799029641296
PRPF38A,9.55897799874031,0.0280828393453317,0.23401775926031,0.120003026411742,0.90448075055566,0.999799029641296
PRPF4,9.59962605029379,0.0648056393893622,0.231959946760084,0.279382886116932,0.779951003302558,0.999799029641296
PRPF4B,10.6222541940158,0.00961988988191365,0.221024256595801,0.0435241363553415,0.965283724724272,0.999799029641296
PRPF6,11.9041512113051,0.0237447621492924,0.212462829882629,0.11175960596218,0.911014016580113,0.999799029641296
PRPF8,9.94737435931342,-0.157111713343655,0.231551105887462,-0.67851851858576,0.497442986240517,0.999799029641296
PRPS1,10.6185998730468,0.0280778320575274,0.221197822239452,0.12693539101453,0.898991535214194,0.999799029641296
PRPS2,9.57235168946697,0.026042012809722,0.231910691387084,0.112293282616518,0.910590867812852,0.999799029641296
PRPSAP1,9.90531481031782,0.18472895378281,0.229219374201218,0.805904624888505,0.420297844345893,0.999799029641296
PRR12,10.2720166264858,-0.402859902950774,0.252204531930818,-1.59735394073443,0.110186833274658,0.999799029641296
PRR13,10.7596869559381,0.0479279693631199,0.22092446297488,0.216942789937072,0.828252930058915,0.999799029641296
PRR14,9.7134569139031,-0.106182981020777,0.241910686912261,-0.438934643095321,0.660708893846069,0.999799029641296
PRR14L,9.0831882946711,0.184466062449267,0.236337209397768,0.780520608326221,0.43508450209675,0.999799029641296
PRR3,9.48923488300353,-0.0367011591564232,0.239763248407548,-0.153072497141175,0.87834110435028,0.999799029641296
PRRC1,10.6202221245522,-0.0591661376366012,0.225973386771833,-0.261827901426028,0.793454127017363,0.999799029641296
PRRC2A,11.304576917137,-0.0603766880674835,0.217848617037925,-0.2771497422771,0.781665128345072,0.999799029641296
PRSS23,9.60114512841558,0.055253503618515,0.234321667473242,0.235801939335484,0.813586363216962,0.999799029641296
PSAP,15.4397696415293,0.009445850599362,0.18756972418712,0.050359143194873,0.959836194058462,0.999799029641296
PSAT1,10.9837001362779,0.239986264587904,0.207746745228574,1.15518663998253,0.248014004521911,0.999799029641296
PSD3,10.6333473178369,0.068156845800551,0.218573625382755,0.311825572189683,0.755173088562161,0.999799029641296
PSEN1,10.8025734646792,-0.019710383309028,0.222275826801256,-0.088675334572714,0.929339935455404,0.999799029641296
PSKH1,10.2694091532891,-0.0608188913531636,0.230452869301904,-0.263910323778559,0.791849020367899,0.999799029641296
PSMA1,11.4167022940603,-0.0568361611341513,0.219369122539213,-0.259089157472432,0.795566450329332,0.999799029641296
PSMA2,10.3399502419242,0.0482069609896019,0.221878838454694,0.217267051357154,0.828000232990705,0.999799029641296
PSMA3,10.2297460444091,0.00914530910737632,0.227169680406851,0.0402576131242403,0.967887746190963,0.999799029641296
PSMA3-AS1,9.6855797129616,0.173251691615351,0.229855530628881,0.753741670436805,0.451004354955699,0.999799029641296
PSMA4,11.2635051991238,-0.0529848828874812,0.219568229070756,-0.241313978400795,0.809311777776921,0.999799029641296
PSMA5,10.0748997479336,-0.0484148637834981,0.231060984912199,-0.209532837410415,0.834032303719631,0.999799029641296
PSMA6,11.3465095683348,-0.0713710820227686,0.221139642132351,-0.322742143084655,0.74689053303777,0.999799029641296
PSMA7,10.8408901790808,-0.0126582310082734,0.22274989101885,-0.0568271030363927,0.95468292371782,0.999799029641296
PSMB1,11.1223002370363,-0.012199227029183,0.218492847840199,-0.0558335302494899,0.955474423319828,0.999799029641296
PSMB2,12.0448038403194,-0.0218054356875072,0.210785318682587,-0.103448550514769,0.917606981068821,0.999799029641296
PSMB3,11.1653361464398,-0.0258000716555604,0.220003885177885,-0.117270981986067,0.906645319358095,0.999799029641296
PSMB4,12.6603302301186,-0.0805213614677813,0.209792657333557,-0.383814011849602,0.701116302072069,0.999799029641296
PSMB5,10.6471308882081,-0.0772124249469021,0.22768746550153,-0.33911583484328,0.734522470010048,0.999799029641296
PSMB6,11.0250454883845,-0.00179662352372421,0.22034883827358,-0.0081535420735623,0.993494486745084,0.999799029641296
PSMB7,10.8435617579759,-0.00106318833811563,0.222253962286138,-0.00478366426937684,0.996183202692317,0.999799029641296
PSMC2,11.8898749312882,-0.0405998120234967,0.212384525954249,-0.191161817656351,0.848398817022283,0.999799029641296
PSMC3,11.8920743668112,-0.00517246041807581,0.212495819595601,-0.0243414690600477,0.980580235393449,0.999799029641296
PSMC4,11.6542126581846,-0.0808905097208826,0.21719897789538,-0.372425830474422,0.709575824952846,0.999799029641296
PSMC5,11.9750121390373,0.0102329311586151,0.211004431531973,0.0484962855250012,0.961320724682187,0.999799029641296
PSMC6,10.2278302639244,-0.010287369500525,0.228719157077486,-0.0449781716231133,0.964124707863864,0.999799029641296
PSMD1,10.9398835756651,-0.122381727079933,0.227223175450501,-0.538597028394197,0.590164938443069,0.999799029641296
PSMD11,12.0727168375069,-0.0902656345102107,0.213380378378288,-0.423026874336986,0.672275653594821,0.999799029641296
PSMD12,10.9412644047615,-0.0179384575248292,0.220424980806268,-0.0813812366421182,0.935138770600688,0.999799029641296
PSMD13,10.7029079820043,-0.0352930258763168,0.22422989030078,-0.157396615718694,0.874932280479745,0.999799029641296
PSMD14,10.2408426672634,-0.0360448823399753,0.234282842480539,-0.153851993421027,0.877726437011888,0.999799029641296
PSMD2,12.3658361495112,-0.0699808223215805,0.210147769573095,-0.333007685324204,0.739128481893292,0.999799029641296
PSMD3,12.1127696760901,-0.0603673313148912,0.212072054680393,-0.284654814166198,0.775908612034567,0.999799029641296
PSMD4,12.4783930246638,-0.0945747154841975,0.211366334435379,-0.447444555145615,0.654554111973938,0.999799029641296
PSMD5,9.78016962773012,0.0921925877904983,0.226488655645334,0.407051680040283,0.683970031523728,0.999799029641296
PSMD6,10.2694552565052,-0.0232085942599153,0.228578692383775,-0.101534373208107,0.919126272666194,0.999799029641296
PSMD7,10.9120244351964,-0.00570313952039205,0.222401996891762,-0.0256433827038327,0.979541783041297,0.999799029641296
PSMD8,11.9465094599708,-0.018218886927941,0.210835006829263,-0.0864130070330062,0.931138107490714,0.999799029641296
PSMD9,9.59966548970053,-0.087752364631176,0.241595847495903,-0.363219672609084,0.716440793096495,0.999799029641296
PSME1,12.1569418740275,-0.113689998848132,0.214904372218898,-0.52902599269748,0.596787418803738,0.999799029641296
PSME2,11.9346639000577,-0.0488226378635287,0.213867729307437,-0.228284267203986,0.819425254625476,0.999799029641296
PSME3,9.72547480983585,0.143976854696601,0.229818121371382,0.626481731890659,0.530999015473703,0.999799029641296
PSME4,10.9557189791267,-0.00922547675787333,0.218739102407925,-0.0421757091270715,0.966358626634362,0.999799029641296
PSMF1,12.7001177625959,-0.0166632647104145,0.205838997400651,-0.0809529045556933,0.935479406236956,0.999799029641296
PTBP1,13.2606370442861,0.000118476145014776,0.201438314797046,0.000588150993688282,0.999530723429771,0.999799029641296
PTBP3,10.3409041783035,0.0199170882674347,0.225325194746411,0.0883926375381592,0.929564612785764,0.999799029641296
PTCD1,10.3389238244668,-0.0754506954188433,0.23035471367314,-0.327541356613625,0.743258468365813,0.999799029641296
PTCD3,10.0449518837258,0.15597190673362,0.227134638098961,0.68669361942789,0.49227581861872,0.999799029641296
PTDSS1,11.4857807301851,-0.0194935679433302,0.214511922726227,-0.0908740535052171,0.927592667172646,0.999799029641296
PTEN,11.7096294365932,0.0328494084493194,0.208604252248088,0.15747238177222,0.874872572469515,0.999799029641296
PTGES2,10.2284068357193,-0.0511286352341567,0.232758088883151,-0.219664268079741,0.826132634898556,0.999799029641296
PTGES3,11.7928084996852,-0.0390578681383955,0.215790596614241,-0.18099893485265,0.856368412071108,0.999799029641296
PTGFRN,9.46183164481045,-0.0663004729286017,0.25696814738551,-0.258010471738103,0.796398825499793,0.999799029641296
PTGR1,10.1266346586456,0.0284860114194308,0.228855898414971,0.12447138840083,0.90094205293213,0.999799029641296
PTK2,10.1581083068761,0.0470434159764308,0.224127538989343,0.209895741454011,0.833749046027246,0.999799029641296
PTMA,14.4498857231245,-0.0456214222416995,0.195939793126809,-0.232833879803956,0.815890403535337,0.999799029641296
PTMS,13.456742538943,0.114882839775957,0.193914451320655,0.592440836634646,0.553555427534717,0.999799029641296
PTOV1,10.7442806068734,0.0065535799744265,0.222933978042964,0.0293969543447679,0.976548001837232,0.999799029641296
PTP4A1,13.3014222250603,0.230631657112731,0.19096405489575,1.20772287349384,0.227153876697828,0.999799029641296
PTP4A2,11.1926015078143,0.0273255927283282,0.215605765581494,0.126738692050421,0.899147220922899,0.999799029641296
PTPN1,10.1997007508583,-0.0821738788614476,0.232455699875721,-0.353503394003161,0.723711084766052,0.999799029641296
PTPN11,7.95417032795197,-0.0447629817810156,0.365559209002668,-0.122450702043971,0.902542086164556,0.999799029641296
PTPN12,11.0820917952463,-0.0285798320432926,0.220019804799734,-0.129896633938506,0.896648207454072,0.999799029641296
PTPN18,11.5126280719594,0.0286708907064352,0.213946996157667,0.134009316425767,0.893395207446076,0.999799029641296
PTPN23,10.5206606799547,-0.120215896131246,0.233769082728497,-0.514250621716587,0.607076779673284,0.999799029641296
PTPN3,10.1295842681987,0.0888705683365307,0.226735910325504,0.391956299330563,0.695090503513166,0.999799029641296
PTPN6,9.55706537991888,0.0497717186806286,0.236837169283435,0.210151636380454,0.833549325188259,0.999799029641296
PTPN9,8.71854357653025,0.253953811947668,0.236157127772143,1.07535950467985,0.282213804669941,0.999799029641296
PTPRA,10.8853783267124,-0.0184133145204105,0.220351713506236,-0.0835632917367326,0.933403653768062,0.999799029641296
PTPRF,11.4160887297546,-0.312412606861886,0.224499438806424,-1.39159638225762,0.164044655005623,0.999799029641296
PTPRK,11.0257666030335,0.0344091351709335,0.215613741703628,0.159586930309064,0.873206475125588,0.999799029641296
PTPRU,9.52840523579341,0.0224682891855935,0.237867380709477,0.0944572102260439,0.924745971709884,0.999799029641296
PTRF,11.6410852077809,0.00298734068000003,0.214694409041603,0.0139143850710204,0.988898285213963,0.999799029641296
PTRH2,9.60022240599593,-0.0299897205304512,0.23759668601503,-0.126221123002339,0.899556891348052,0.999799029641296
PTTG1IP,11.7916618292773,0.0517393931798994,0.211922073911232,0.244143482672652,0.807119696948985,0.999799029641296
PUF60,9.15400177832182,-0.445529449322165,0.273374469598874,-1.62974051664698,0.103156350297943,0.999799029641296
PUM1,8.91239745338465,-0.162779988642205,0.252763350446935,-0.644001546720986,0.519574431011575,0.999799029641296
PUM2,8.67867274465385,0.0110810697558891,0.281458918881196,0.0393701141180267,0.968595306907534,0.999799029641296
PUM3,9.01361641070537,0.0931554753841225,0.242077378306652,0.384816937607932,0.700373049304714,0.999799029641296
PURB,10.1465667196806,-0.0602897081564469,0.230574730005436,-0.261475783382791,0.793725622165521,0.999799029641296
PVR,10.4227607247553,0.100709347328328,0.223391736140512,0.450819484499561,0.652119657064877,0.999799029641296
PVRL1,9.55662526021793,-0.15757154721748,0.246622361942007,-0.638918328316605,0.52287606400696,0.999799029641296
PVRL2,12.0021799056335,-0.0354351436812955,0.212409161484688,-0.166824930872155,0.867507801572996,0.999799029641296
PWP1,10.3680724132598,0.0148403843808842,0.224946126372391,0.0659730603954319,0.947399273405278,0.999799029641296
PWP2,9.93612731959705,0.0779718969534145,0.227815816826448,0.34225848775379,0.73215637308183,0.999799029641296
PXDC1,11.834924122639,0.197598376220348,0.203053603904893,0.973134051404968,0.330486682269197,0.999799029641296
PXMP4,9.94816329130925,-0.111111359710999,0.236851907193363,-0.469117437252844,0.638985695807057,0.999799029641296
PXN,11.0941971725563,-0.0724364355561791,0.225604288748863,-0.321077387127217,0.748151746264425,0.999799029641296
PYCR2,10.395762733936,-0.16401860038439,0.235767914828469,-0.695678207544571,0.486630376103265,0.999799029641296
PYCRL,9.68322486653893,-0.0830388569373992,0.239422320178266,-0.346830056928574,0.728718994941148,0.999799029641296
PYGB,11.3882133440892,-0.209133066199524,0.22627992874032,-0.924222786191196,0.355370334350942,0.999799029641296
PYGL,12.6031650654365,0.0211960863398316,0.203749055287853,0.104030353956175,0.917145260278897,0.999799029641296
PYM1,9.8653203811339,-0.00825852638854951,0.233157678194761,-0.0354203492352974,0.971744558548587,0.999799029641296
PYROXD1,9.53129109725739,0.015171006429702,0.234025142541505,0.0648263954246341,0.948312225138752,0.999799029641296
QARS,10.1274939603685,0.14115154742262,0.231144663853634,0.610663231715355,0.541422552298269,0.999799029641296
QDPR,11.7072455502493,0.110970338063839,0.206617269213496,0.537081621910192,0.59121123487242,0.999799029641296
QKI,11.2633666737968,0.0235913564888922,0.213588173632845,0.110452540923195,0.912050486356029,0.999799029641296
QPRT,10.6028242450855,-0.0262432992338395,0.231212244538546,-0.11350306851705,0.909631730479524,0.999799029641296
QRICH1,10.2569854968138,-0.000351103617998147,0.22720480890078,-0.00154531772323302,0.998767015337827,0.999799029641296
QRSL1,9.51590394068646,-0.0914120080162305,0.239411363658638,-0.381819837702313,0.702595003235767,0.999799029641296
QSOX1,9.56148016715961,0.313145352818206,0.228293450402835,1.37167909226325,0.170163359868755,0.999799029641296
QTRT1,10.6759813081776,0.0421742153968114,0.223002348689652,0.189120050280297,0.849998727195839,0.999799029641296
R3HCC1,9.83687315162568,0.070686448753479,0.229951707694199,0.30739692895641,0.758541265447871,0.999799029641296
R3HDM4,10.0888813317947,-0.0294753901021518,0.232783439639337,-0.126621507731905,0.899239973249895,0.999799029641296
RAB10,11.4573073557182,-0.0732296352815927,0.217469428431297,-0.336735309463175,0.736316443171416,0.999799029641296
RAB11A,10.9281286825055,0.00451572854794641,0.220484219282076,0.0204809603274564,0.983659700349155,0.999799029641296
RAB11B,12.1433262521679,-0.00441062096186683,0.209435604782814,-0.0210595565469428,0.983198146933774,0.999799029641296
RAB11FIP1,9.92194919957582,-0.0140593339001275,0.231339946153702,-0.0607734813372287,0.951539610099474,0.999799029641296
RAB11FIP4,10.8309558157313,-0.192032233211207,0.230955370549922,-0.831469009592475,0.40570872827996,0.999799029641296
RAB12,10.5491572761633,0.0603915878778005,0.221646279031805,0.27246831366447,0.78526195195243,0.999799029641296
RAB13,11.5430058572898,-0.00562868966534342,0.214584227073062,-0.0262306775391602,0.979073347158108,0.999799029641296
RAB14,11.1375948632368,0.0951760801300258,0.212711685972551,0.447441708220525,0.654556167117006,0.999799029641296
RAB15,9.72610096224673,-0.192843172497332,0.246151290795366,-0.783433521206475,0.433372577872174,0.999799029641296
RAB17,9.20528325516079,0.0490783154324071,0.246646888912889,0.198982098046007,0.842276748268158,0.999799029641296
RAB18,11.3322405173023,0.044382389839265,0.21201421102058,0.209336862966025,0.834185276719221,0.999799029641296
RAB1A,12.1293125888798,-0.0362230053909639,0.210546999769812,-0.172042372632078,0.863404217065151,0.999799029641296
RAB1B,12.7716241961751,0.0329506824304181,0.203275917180999,0.162098308975177,0.871228437828598,0.999799029641296
RAB20,9.9487236592339,0.163192559933584,0.223505553985926,0.730149909133173,0.465298556935582,0.999799029641296
RAB21,10.7738419104488,-0.00888568579283997,0.222526013214395,-0.039930998019,0.968148137958639,0.999799029641296
RAB22A,10.7172932491086,-0.0734048627351396,0.225779778094302,-0.325117082471755,0.745092460720981,0.999799029641296
RAB24,10.5222756910071,-0.0776675291950152,0.232011339539475,-0.334757470687336,0.737808044715806,0.999799029641296
RAB27A,9.50437927731209,0.125940858151914,0.229360389562899,0.549095937585059,0.582939612981112,0.999799029641296
RAB2A,12.1151378198139,-0.0323079793126025,0.210597422001498,-0.153411086448972,0.878074102654175,0.999799029641296
RAB2B,9.58652562347502,0.0206638724639694,0.233867202902636,0.088357290836425,0.929592705455112,0.999799029641296
RAB35,9.98934109738826,0.00436958779266118,0.231011370749007,0.0189150333963808,0.984908886770602,0.999799029641296
RAB37,9.40463150401271,0.0638619795030634,0.234628581726656,0.272183290855259,0.785481088969372,0.999799029641296
RAB3IP,9.47534647795322,-0.0788581475329246,0.239938887592934,-0.328659302891788,0.742413218495193,0.999799029641296
RAB43,11.428357712667,-0.137391183410237,0.226961467362855,-0.60535026058226,0.544946292625804,0.999799029641296
RAB4A,10.8429065946427,-0.0339961698334906,0.222153295542805,-0.153030229645818,0.878374436241959,0.999799029641296
RAB5A,11.1650945007522,0.00388563457238845,0.216810280378679,0.017921818862103,0.985701222873683,0.999799029641296
RAB5B,8.58833106222418,-0.397140175299299,0.301681670199595,-1.31642129611835,0.188032678492635,0.999799029641296
RAB5C,12.2125846353125,-0.0505812598271544,0.211883039418346,-0.238722551677606,0.811320728549937,0.999799029641296
RAB6A,11.7944097370592,0.0158826905928325,0.211207432142514,0.0751994872136675,0.940055992345164,0.999799029641296
RAB7A,13.1344967119089,-0.0375789651267044,0.202635282035326,-0.185451243975139,0.852875118534554,0.999799029641296
RAB8A,11.9876497210072,-0.0180764750226512,0.211010975430437,-0.0856660417107565,0.931731897647632,0.999799029641296
RABAC1,9.51701483329593,0.000197604561864647,0.234318019883297,0.000843317820639936,0.999327129810817,0.999799029641296
RABEP1,9.85234350195559,0.00816287429906348,0.22958147556256,0.0355554570727512,0.97163682595123,0.999799029641296
RABEPK,10.0593719523641,0.0108617091774564,0.229559978755888,0.0473153431897059,0.962261899681415,0.999799029641296
RABGGTA,10.3412053400733,-0.0395537806855609,0.230480285437335,-0.171614594326399,0.8637405330705,0.999799029641296
RAC1,12.5348162499378,-0.0550787300547165,0.208607364968073,-0.264030611110716,0.791756331186683,0.999799029641296
RAD21,11.7533488114127,-0.0565502248091645,0.213956893785229,-0.264306626483042,0.79154365459226,0.999799029641296
RAD23A,12.5757971915232,0.00501872407880138,0.206044661735171,0.0243574574392611,0.980567482293716,0.999799029641296
RAD23B,13.2315303375987,-0.0265657906762873,0.201411745734984,-0.131897921739094,0.895065032479527,0.999799029641296
RAD50,8.84587634078663,0.0828751369584137,0.254869945225391,0.325166378033016,0.745055153603836,0.999799029641296
RAF1,11.8778201974398,-0.00129972327968479,0.211045363164875,-0.00615850194571394,0.995086257440565,0.999799029641296
RAI1,10.4385044647015,-0.00424575413794359,0.226635309355399,-0.0187338599180307,0.985053416681544,0.999799029641296
RAI14,10.1323759587741,0.0177385124556609,0.226170118305656,0.0784299561257174,0.937486045373591,0.999799029641296
RALA,9.94962919991603,-0.0133141893737583,0.230995094224665,-0.0576384075101134,0.954036655742963,0.999799029641296
RALBP1,11.415397115819,-0.073687653966662,0.219192365489882,-0.336178013326215,0.736736631854665,0.999799029641296
RALGAPB,9.87734513286474,0.0835157133226187,0.229417857907806,0.364033184182987,0.715833229601925,0.999799029641296
RALGDS,9.5581657067644,0.189500388898308,0.226343803611087,0.837223665393179,0.402466857532819,0.999799029641296
RALY,12.2127974435675,-0.0711162701721549,0.213256660538746,-0.333477369440633,0.738773969351488,0.999799029641296
RAMP1,10.4494362012721,-0.0713888489407498,0.228640878886655,-0.312231344142705,0.754864712792243,0.999799029641296
RAN,11.4167234421042,-0.0179908896921229,0.218301225333667,-0.0824131411293014,0.934318186488102,0.999799029641296
RANBP1,10.899137005639,0.0064814243180571,0.220429557647775,0.0294036080606476,0.976542695234007,0.999799029641296
RANBP10,9.29059279197223,0.0736268206321355,0.241487921142208,0.304888212561066,0.760451293633723,0.999799029641296
RANBP2,9.44354522073962,0.118694760330661,0.23251557524936,0.510480900917571,0.609714591748334,0.999799029641296
RANBP3,11.3606788147988,0.0179940893342654,0.218304907318214,0.0824264078866362,0.934307637039477,0.999799029641296
RANBP9,9.54328348219811,0.0257804031406735,0.230612171985393,0.111791164008058,0.910988993706393,0.999799029641296
RANGAP1,11.4578397885818,-0.00176318164235544,0.217902935085257,-0.00809159198184079,0.993543914136261,0.999799029641296
RAP1A,7.7301312667511,-0.610073206577642,0.483794136135428,-1.26101819143766,0.207302293068809,0.999799029641296
RAP1B,11.7941998213171,0.0603578256721898,0.208481179953444,0.289512106971327,0.772189516379015,0.999799029641296
RAP1GDS1,9.44518989349908,0.00378180055595018,0.235909977989009,0.0160306935221128,0.987209904948543,0.999799029641296
RAP2A,9.74176087921722,-0.105009364690631,0.241013869093472,-0.435698431321001,0.663055544030667,0.999799029641296
RAP2B,9.96422823141331,0.0110990359458628,0.231338481008077,0.0479774739485528,0.961734195113655,0.999799029641296
RAPGEF5,10.0625664020493,0.0888295820892779,0.224460195135854,0.395747593623512,0.692291241190257,0.999799029641296
RARA,11.6672523613329,-0.0911377729057662,0.218900530993258,-0.416343315807549,0.677158800570655,0.999799029641296
RARRES2,13.8745808924216,0.0320127102911768,0.195590520475147,0.163672095219178,0.869989286058941,0.999799029641296
RARRES3,9.82519828417767,0.052862513812698,0.232355353176706,0.227507191420273,0.820029377898264,0.999799029641296
RARS,10.7597454015442,-0.00436221270389883,0.222466599621315,-0.019608393850242,0.984355767797325,0.999799029641296
RASD1,10.5504485289896,0.129513676190353,0.222353422890978,0.582467652201853,0.560251724106203,0.999799029641296
RASSF3,9.83950308621717,-0.12862497680582,0.239192975477655,-0.537745627976587,0.590752673921786,0.999799029641296
RASSF4,10.7738546151667,-0.213180164694267,0.235142174086197,-0.906601146828391,0.36461775508281,0.999799029641296
RASSF7,9.71284949008081,-0.0577895889210984,0.240011059212082,-0.240778858735979,0.809726515920853,0.999799029641296
RAVER1,9.02681230704438,0.203023418961657,0.242627906574084,0.83676862166581,0.402722638349031,0.999799029641296
RBAK,9.30778637011271,0.0836476467886039,0.232888362838665,0.359174867172524,0.719464276980077,0.999799029641296
RBBP4,11.4177999784945,-0.0535366204164417,0.21769767231394,-0.245921878021906,0.805742707599958,0.999799029641296
RBBP9,10.1161384956784,-0.0691318906255341,0.229006517207598,-0.301877394008246,0.762745529260931,0.999799029641296
RBCK1,9.8100495620711,0.0135333812144869,0.233687218415922,0.0579123723848683,0.953818427925743,0.999799029641296
RBFA,9.15298407081271,-0.0667420214473262,0.247363504781627,-0.269813534159965,0.787303710106812,0.999799029641296
RBL2,9.12789447668807,0.151236437450897,0.237084560226106,0.637900828745083,0.523538238246499,0.999799029641296
RBM10,11.7644950632105,-0.00861021171767826,0.214260026396128,-0.0401858053623102,0.967944994169321,0.999799029641296
RBM12,10.3418134897147,-0.0480560043270742,0.228260945895863,-0.210530996173994,0.833253262272482,0.999799029641296
RBM14,10.381729811335,-0.0300429806726014,0.230417661060346,-0.130384886880408,0.896261923039302,0.999799029641296
RBM17,10.9974059876858,-0.0427810077145315,0.221768772090803,-0.192908168770555,0.847030887445115,0.999799029641296
RBM19,10.2706602980549,-0.0895590448382337,0.23236881275044,-0.385417663317919,0.699927998070779,0.999799029641296
RBM22,6.96952069956716,-0.112687765760404,0.549146768467994,-0.20520518781305,0.837411816405543,0.999799029641296
RBM23,10.4507535655377,-0.0143782505101058,0.225024656017016,-0.0638963336933998,0.949052771604176,0.999799029641296
RBM25,10.2568824134484,0.212130812750851,0.224992929552618,0.942833240016284,0.345766206665442,0.999799029641296
RBM28,9.76752761752639,-0.0821443397560038,0.239464454514425,-0.34303354091768,0.731573227360896,0.999799029641296
RBM3,11.4449770639196,-0.10872316060861,0.220827408687822,-0.49234450222757,0.622475825157581,0.999799029641296
RBM33,7.8530000122491,-0.255141488313325,0.339031817390496,-0.752559126388583,0.451714887130029,0.999799029641296
RBM34,9.8932742206991,-0.05987624980991,0.234774594370509,-0.255037177129211,0.798694385220772,0.999799029641296
RBM38,9.64189511486282,-0.0043446497146043,0.238086768172763,-0.018248177956079,0.985440868572631,0.999799029641296
RBM39,11.7099342165919,0.027049598058873,0.211465146323756,0.127915160153436,0.898216113538585,0.999799029641296
RBM4,9.83606633304672,0.0143651553520399,0.237478095661098,0.060490443600913,0.95176502681522,0.999799029641296
RBM42,10.9827599735208,-0.0657580122974167,0.223489257408252,-0.294233436810322,0.768579531998285,0.999799029641296
RBM5,11.8094918707809,-0.00850363433635947,0.212670796990621,-0.0399849648221071,0.968105113041021,0.999799029641296
RBM6,10.3433416041468,0.0479851675294109,0.223946162517295,0.214270997055844,0.83033573379408,0.999799029641296
RBM8A,11.2906089205037,-0.00437351071474532,0.216954898365389,-0.0201586170568022,0.983916839975816,0.999799029641296
RBMX,10.5660401187073,0.0283253474215809,0.223117798536968,0.126952433231757,0.898978046613971,0.999799029641296
RBP4,17.3667479074868,0.04509748303825,0.177266285368129,0.254405302985822,0.799182454524126,0.999799029641296
RBP5,9.72307480117256,0.34098645534235,0.221104185766583,1.54219810068329,0.123025461495292,0.999799029641296
RBPJ,9.64468558801502,0.0303826643754944,0.233195555135094,0.13028835115615,0.896338295942971,0.999799029641296
RBPMS2,9.36242685993873,-0.124936563044891,0.245472123604186,-0.508964363083225,0.610777203709986,0.999799029641296
RC3H1,9.90878028086011,0.0230862557746302,0.229491643027833,0.100597370213739,0.919870084382902,0.999799029641296
RCAN1,11.0515589343351,0.259271226149467,0.205855706878758,1.2594803908068,0.207856868637599,0.999799029641296
RCC1,10.0480194445697,-0.103115628266838,0.236663546203559,-0.43570558254944,0.663050354855903,0.999799029641296
RCC2,10.7055012839953,-0.288095821527583,0.239346918062348,-1.20367466546002,0.228715347998474,0.999799029641296
RCL1,9.49989015362587,0.187342016511369,0.230246509872495,0.813658442054624,0.415840647856028,0.999799029641296
RCN1,12.0459431989419,0.0237418290085664,0.209796839207282,0.11316580887622,0.909899102059567,0.999799029641296
RCOR1,9.93665053424709,-0.016645368450442,0.23124817207182,-0.0719805406516784,0.94261739398508,0.999799029641296
RDH10,10.8017805772829,0.0196961926148527,0.219316680138517,0.0898070890112548,0.928440514740833,0.999799029641296
RDH11,12.0733100663906,-0.0260699512463613,0.210837348441042,-0.12364958788908,0.901592728264531,0.999799029641296
RDH14,9.7255018834762,-0.0343464536430639,0.23529342655433,-0.145972856726336,0.883942816071933,0.999799029641296
RDH16,10.9229451460622,0.247880833310539,0.209173090446643,1.18505125483036,0.235997182305061,0.999799029641296
RDX,11.1933524521007,0.0695738717436398,0.212586877555523,0.327272654566689,0.743461673118478,0.999799029641296
REEP3,9.94901563584302,-0.0245817297674248,0.230924482939817,-0.106449214282018,0.915225947508859,0.999799029641296
REEP5,11.5140485819485,0.0506930810430409,0.211931844770266,0.239195204939551,0.8109542206691,0.999799029641296
REEP6,13.3294637736747,0.0856034815717517,0.197725245231532,0.432941587562639,0.665057206189184,0.999799029641296
RELA,11.2335439933678,-0.0107042710068732,0.218278437627635,-0.0490395254941937,0.960887797027278,0.999799029641296
REPIN1,12.2263825397043,-0.096605681405806,0.214956813560072,-0.449419024248834,0.653129410163063,0.999799029641296
REPS1,9.85046153651351,0.0738292992898184,0.228289849884161,0.323401584990664,0.746391129332727,0.999799029641296
RER1,11.3320297309115,0.0109051285747784,0.216738561221959,0.050314667188413,0.959871635847611,0.999799029641296
RETSAT,12.560998922002,0.0583207339147176,0.203656528674444,0.286368103661172,0.774596201771285,0.999799029641296
REXO1,9.16879680771259,-0.295523899893748,0.268814975771465,-1.09935802142582,0.271611933520094,0.999799029641296
REXO2,9.7386581679603,0.0083745131477087,0.233633006173019,0.0358447348038953,0.971406162753174,0.999799029641296
REXO4,10.5075291910196,-0.0574226667848915,0.230017831636836,-0.249644413984188,0.802862348401626,0.999799029641296
RFC1,10.4659626568849,0.0252468290562882,0.22662149154376,0.111405272661058,0.91129497911161,0.999799029641296
RFC2,9.58575158975204,-0.0326150553432296,0.23770598949155,-0.137207545392495,0.890866746958908,0.999799029641296
RFK,9.76668375571723,-0.0373435283275783,0.233262971547584,-0.160091968647327,0.872808627669386,0.999799029641296
RFNG,10.7578684547196,0.0654524360066821,0.219725810700576,0.29788232797045,0.765792976245384,0.999799029641296
RFT1,9.57243747542485,-0.040014007470786,0.237447066946524,-0.168517589984793,0.86617610674554,0.999799029641296
RFTN1,10.4666675730546,-0.0310871349818775,0.228997251466182,-0.135753310499748,0.892016302087331,0.999799029641296
RFWD2,9.54302258278559,-0.104808209908592,0.239390281580255,-0.437813136008426,0.661521747791555,0.999799029641296
RFX5,9.7240751407525,-0.471037112402837,0.264660215657168,-1.77978058104888,0.0751118768396572,0.999799029641296
RGN,11.931567407921,0.0977232462556038,0.204759487458658,0.477258697355036,0.633177918105492,0.999799029641296
RGPD6,10.146638051093,0.0630904653506735,0.224312829287723,0.281261065410344,0.778510170684457,0.999799029641296
RGS3,9.85211838679818,0.087021744154976,0.230527108409714,0.377490286306428,0.705809281777731,0.999799029641296
RGS5,11.8658236108209,-0.0960510405870767,0.217314959229929,-0.441990008085226,0.658496436404716,0.999799029641296
RHBDD2,11.2749736176301,-0.0829771600328422,0.221367276403258,-0.374839323051911,0.70777996733742,0.999799029641296
RHEB,10.5069426278071,-0.166728547742254,0.23346075335712,-0.714160925743321,0.475127675615236,0.999799029641296
RHOA,12.9394215838943,-0.0034518112611482,0.202898467200078,-0.0170125053618289,0.986426639380128,0.999799029641296
RHOB,14.7829479699237,0.106881132137092,0.186518474501582,0.573032416347504,0.566622745502111,0.999799029641296
RHOBTB3,9.42358694172288,0.0495498847199218,0.277528755455791,0.178539642274348,0.858299191255125,0.999799029641296
RHOC,11.9327262095726,-0.0539367950182381,0.213800201183507,-0.252276633603088,0.8008272478345,0.999799029641296
RHOD,10.2128113636687,0.00956249289265276,0.229231023839632,0.0417155266877952,0.966725476228602,0.999799029641296
RHOG,10.0470668248203,-0.0741376792111271,0.236660773584509,-0.313265599905822,0.754078883030105,0.999799029641296
RHOQ,10.0031954301485,-0.0171054386527878,0.232156401006461,-0.0736806677680698,0.941264481856153,0.999799029641296
RHOT1,9.67007065575111,0.0317376581855142,0.232028479896399,0.136783459511889,0.891201958145009,0.999799029641296
RHOT2,10.9821358556117,0.030538873363192,0.221108629258002,0.138117057962299,0.890147904676117,0.999799029641296
RHOU,11.5415418124901,-0.04499829438765,0.21453119368817,-0.209751755043403,0.833861429239396,0.999799029641296
RHPN2,10.2569452188044,0.0195843057630013,0.22359737653239,0.0875873682720261,0.93020464225042,0.999799029641296
RIC8A,11.401596260364,-0.0575359246899619,0.219390225780111,-0.262253819582777,0.793125762888521,0.999799029641296
RICTOR,10.0630812888693,0.022676830366516,0.227385398194369,0.0997286129478369,0.920559783930333,0.999799029641296
RIN3,9.51635494405033,0.213071466508464,0.233594544843764,0.912142304739923,0.361693810917583,0.999799029641296
RIOK3,10.5624463409912,-0.0247813106585352,0.224469148638312,-0.110399628674431,0.912092447604832,0.999799029641296
RIPK4,10.2261509484384,0.0519272496141376,0.224315634364918,0.231491887585785,0.81693268707147,0.999799029641296
RITA1,10.3950089959686,0.023662966349531,0.226873652499262,0.104300195676569,0.916931122634054,0.999799029641296
RLIM,10.0761495306619,-0.0257572685100798,0.230868168855519,-0.111566997900863,0.911166740470495,0.999799029641296
RMDN1,9.53049908557187,-0.125818219304787,0.242405412373636,-0.519040470560346,0.603732519515086,0.999799029641296
RMDN3,10.7732674683843,0.0182151701009886,0.220801044303716,0.0824958512240246,0.934252417334772,0.999799029641296
RMND1,9.68275123033042,0.061139720558353,0.232025622245238,0.263504176679814,0.792162004749486,0.999799029641296
RMND5A,11.6955789900012,0.0216859015821635,0.210013865285643,0.103259380292193,0.917757113065209,0.999799029641296
RN7SL1,11.5437475069193,0.0709701696851491,0.209599396464358,0.338599112794762,0.734911751049767,0.999799029641296
RN7SL2,11.3206266614064,0.0987882784675917,0.210209479543465,0.469951586779725,0.638389606815338,0.999799029641296
RNA18S5,15.6958798783648,0.136225532528923,0.18078299669601,0.753530669468818,0.451131088604335,0.999799029641296
RNA28S5,16.2528038141616,0.105844378026466,0.180329925886115,0.586948491806681,0.557238300712096,0.999799029641296
RNA45S5,13.514615777245,0.0419291246736737,0.198525783402709,0.211202413888077,0.83272932722903,0.999799029641296
RNASE1,10.1733269124478,-0.130885565543388,0.239052082091024,-0.547519036013042,0.584022196050254,0.999799029641296
RNASE4,12.1990775306718,0.0360240154741028,0.205477374883734,0.17531864758583,0.860829260036723,0.999799029641296
RNASEK,9.80962144243999,0.0747051518969098,0.232917441738583,0.32073661525424,0.74840999707598,0.999799029641296
RNASET2,10.3413764847351,0.043083291299923,0.227067677914959,0.189737666300786,0.849514703470825,0.999799029641296
RND1,9.79522824744797,0.0379455377355738,0.230317106975281,0.164753448989989,0.869138045548735,0.999799029641296
RND3,9.99232464212724,0.293207505150382,0.215604140749136,1.35993448053274,0.173850658425878,0.999799029641296
RNF10,11.960127319159,-0.0823158003816102,0.215356236064994,-0.38223086494123,0.702290129885954,0.999799029641296
RNF103,11.5837158712587,0.0363265351685948,0.211763162143322,0.171543222158767,0.863796647723379,0.999799029641296
RNF11,10.9962779734585,-0.00190575163331177,0.217199983514544,-0.00877417945652913,0.992999307504185,0.999799029641296
RNF114,10.9412623486679,-0.0128692838715245,0.220304238991246,-0.0584159611746547,0.953417301303584,0.999799029641296
RNF123,10.0152051104835,-0.0916138428902684,0.237578216330626,-0.385615500887396,0.699781451470829,0.999799029641296
RNF126,9.8225765585049,-0.0456487715459405,0.237809034009949,-0.191955582074442,0.847776998696783,0.999799029641296
RNF128,11.8479330096215,0.0510298247049501,0.207202187798564,0.246280337322306,0.805465229810819,0.999799029641296
RNF13,10.380986221074,0.0295451401246847,0.228726112942065,0.129172571267227,0.897221099312652,0.999799029641296
RNF130,11.8912904198171,0.0834586475863024,0.206009061151491,0.405121246219991,0.68538838994983,0.999799029641296
RNF14,10.1304793927104,0.0429095978159607,0.225599225377853,0.19020277106046,0.849150239767728,0.999799029641296
RNF141,9.50181645191841,0.0403040456728376,0.232008902292081,0.173717668911247,0.862087350874671,0.999799029641296
RNF144B,9.68447006364844,0.137579284682685,0.225750667980082,0.609430244055019,0.542239296206299,0.999799029641296
RNF167,10.2985416691223,0.14719074845789,0.221333660187443,0.66501745976295,0.506039325781212,0.999799029641296
RNF168,9.19552866412096,0.0015963013564648,0.237202384833406,0.00672970196984289,0.994630515229155,0.999799029641296
RNF181,9.65613170974321,0.109552937698145,0.230326154202829,0.475642629806042,0.634328999340679,0.999799029641296
RNF185,11.2345859655239,0.0764898085054437,0.21258120569747,0.359814538893425,0.718985829942537,0.999799029641296
RNF187,12.2260632467327,-0.0610357112499622,0.211941036694889,-0.287984395102442,0.77335868379761,0.999799029641296
RNF19A,9.97721505468971,0.0365379916221864,0.234348992587448,0.155912731771408,0.876101809538047,0.999799029641296
RNF20,10.6757754223314,-0.0698161651242712,0.225811737126107,-0.309178637093083,0.757185643460098,0.999799029641296
RNF214,9.5022245282914,-0.0865541668865089,0.238921990719217,-0.362269570188825,0.717150595462891,0.999799029641296
RNF216,10.5362350047416,-0.0490613634825515,0.226506767643864,-0.21659998945237,0.828520093958359,0.999799029641296
RNF26,10.8426030152406,-0.104948395921883,0.227176046206704,-0.461969462336675,0.644103219744529,0.999799029641296
RNF40,11.7919955040897,0.0112618157486451,0.211420249750343,0.0532674413257183,0.957518821415189,0.999799029641296
RNF41,9.36269072859727,0.0975631520996978,0.232566497780012,0.419506476775447,0.674846022273857,0.999799029641296
RNF5P1,10.576840653976,0.0481852431860387,0.221365268951139,0.217673004506747,0.827683898619101,0.999799029641296
RNF6,9.76753701884051,-0.0372668818848377,0.233438748248575,-0.159643084811072,0.873162237440567,0.999799029641296
RNF7,9.48843915557839,0.0600552494120312,0.232132455683692,0.25871112781344,0.795858133054926,0.999799029641296
RNH1,11.722582046878,-0.00336307796508928,0.214372508377393,-0.0156880095798886,0.987483292790657,0.999799029641296
RNMT,9.2352112990271,-0.159960960054673,0.250972114458375,-0.637365471458397,0.52388681378948,0.999799029641296
RNPEP,11.3448150439678,-0.0458497317473813,0.219721480192502,-0.208672050211984,0.834704260497236,0.999799029641296
RNPEPL1,11.513345843217,-0.068903323619087,0.221062134669708,-0.311692111912501,0.755274523313036,0.999799029641296
RNPS1,11.6550495457705,-0.0800394532996191,0.218850504322064,-0.365726611174867,0.714569086939158,0.999799029641296
ROCK1,9.60247689467317,0.0792563094373961,0.233814598256703,0.338970748739911,0.734631766125275,0.999799029641296
RORA,10.1721157161085,0.137131781121858,0.219704545219157,0.62416451596424,0.532519547726381,0.999799029641296
RORC,11.0372660251834,0.0152067230224814,0.218140736326244,0.0697106064579276,0.944423999588977,0.999799029641296
RPA1,10.6487404731931,0.00139946493560384,0.222646905328026,0.00628558000185097,0.994984865784272,0.999799029641296
RPA2,10.0195215844466,-0.0360003122302554,0.230785871334075,-0.155990104689481,0.876040821054725,0.999799029641296
RPAP1,10.3257936458074,-0.0282111929618457,0.23409748217335,-0.120510450176287,0.904078801932561,0.999799029641296
RPF1,9.93530400621377,-0.0030272063434978,0.231049917756467,-0.0131019581088471,0.989546448987891,0.999799029641296
RPF2,10.0333695961546,-0.0330742068275019,0.230807421108806,-0.14329784834739,0.886054955066494,0.999799029641296
RPL10,13.3600224025707,0.0555267782377493,0.197935649958703,0.280529446056505,0.779071337336997,0.999799029641296
RPL10A,12.6465690692829,0.0504665122891354,0.203379636890078,0.248139455162915,0.804026509217611,0.999799029641296
RPL11,13.7509723955389,0.0380077419986853,0.196485556570569,0.19343784175319,0.846616081614238,0.999799029641296
RPL12,12.9687902692325,0.0256714277435427,0.203052036682075,0.126427826891179,0.899393276203652,0.999799029641296
RPL13,14.1702555851173,0.0702380628362307,0.193212214417439,0.3635280670428,0.716210450453638,0.999799029641296
RPL13A,14.9525034086297,0.0112621671207461,0.190595743477021,0.059089289798877,0.952880989239373,0.999799029641296
RPL13AP5,11.5292288148397,0.0785312504523016,0.211927518092316,0.370557118580955,0.710967426019239,0.999799029641296
RPL14,11.7391563758839,0.0063148780369422,0.211584259074312,0.0298456892047169,0.97619012026474,0.999799029641296
RPL15,12.5360626484474,0.039628345927543,0.204875308305066,0.193426656708358,0.846624840583492,0.999799029641296
RPL17,10.8860086960163,0.0733943995359554,0.219608396446845,0.334205798700963,0.738224268598975,0.999799029641296
RPL18,12.647619688153,0.0548636099029029,0.203428271644525,0.269695109039577,0.787394823591605,0.999799029641296
RPL18A,11.4449697411751,-0.00715939503072354,0.217828615981387,-0.0328671005802805,0.973780568547576,0.999799029641296
RPL19,13.9467393699565,0.0251116196273078,0.196372592399982,0.127877415684156,0.898245983963957,0.999799029641296
RPL21,11.2080196875073,0.070455939969299,0.215387434203343,0.327112583098896,0.743582734963476,0.999799029641296
RPL22,12.0453740600797,0.100308955635587,0.205641440791981,0.487785707244948,0.62570163623773,0.999799029641296
RPL23,12.9124076128177,0.0275553880733547,0.203070054810576,0.135694000275217,0.892063190937149,0.999799029641296
RPL23A,11.5862875581399,-0.0233043626123028,0.220284887668084,-0.105791926350467,0.915747442680758,0.999799029641296
RPL24,12.7867323668262,0.03313344850033,0.203199817570582,0.163058455939908,0.870472409304509,0.999799029641296
RPL26,12.7453615103549,0.0531476127070518,0.203396189184051,0.261300926631222,0.793860452038877,0.999799029641296
RPL27,12.4792454234049,-0.0195820575156567,0.208732238671703,-0.0938142456587917,0.925256715195976,0.999799029641296
RPL27A,13.1085043005427,0.0514864849562742,0.200672897038023,0.256569201502676,0.797511352905628,0.999799029641296
RPL28,13.9195947074988,0.000210162589316713,0.197480979786741,0.00106421686556177,0.999150877953902,0.999799029641296
RPL29,13.094208999938,0.0238407640237123,0.201574745737202,0.118272573960203,0.905851687659815,0.999799029641296
RPL3,14.2825980147699,0.0920833183432189,0.191087196821463,0.481891617413041,0.629882941248352,0.999799029641296
RPL30,13.9604012174844,0.0156112219988863,0.196358483870384,0.0795036796535421,0.936632004939394,0.999799029641296
RPL31,11.5158734596831,0.0619965078304008,0.211772189667651,0.292750941130165,0.769712529377799,0.999799029641296
RPL32,13.1362535420547,0.0214755807221653,0.20154137566237,0.106556684212289,0.91514068385228,0.999799029641296
RPL35,12.6194623545587,0.0527647850863942,0.204785845620132,0.257658359769016,0.796670585294538,0.999799029641296
RPL35A,11.2208985223902,0.0135220675007501,0.218257406137813,0.0619546788355576,0.950598923676254,0.999799029641296
RPL36,12.0737101979109,0.0294522865339531,0.210886336495627,0.139659529504719,0.888929003718043,0.999799029641296
RPL36A,9.60248588718884,0.000861319265624667,0.236008809436533,0.00364952167540293,0.997088109464798,0.999799029641296
RPL36AL,11.6544555613979,0.0464185625355408,0.211640294417985,0.219327622195918,0.826394846284735,0.999799029641296
RPL37,11.5005550282843,0.0244184024508186,0.215250293610539,0.113441900780864,0.90968022207573,0.999799029641296
RPL37A,12.5776105639521,0.0302705923239014,0.20468428833681,0.14788918372714,0.882430224475434,0.999799029641296
RPL38,12.2839806501024,-0.00167332426313398,0.208979227421669,-0.00800713201871313,0.99361130125371,0.999799029641296
RPL4,14.6875749452147,0.0432153355841356,0.190718986134288,0.226591680566648,0.820741261993443,0.999799029641296
RPL5,12.9682271815701,0.0444202208704264,0.201811003718677,0.220108022119288,0.825787027264801,0.999799029641296
RPL6,13.3045357465546,0.0862806578178608,0.197024833801549,0.437917678462636,0.661445959877189,0.999799029641296
RPL7A,10.0195376182029,-0.654300650507316,0.569854906551951,-1.14818814927176,0.250890900417969,0.999799029641296
RPL8,13.8765326962213,0.0887963741777839,0.194211671106829,0.457214407721873,0.647516943522803,0.999799029641296
RPLP0,14.2540321983301,-0.0331390995944263,0.195962390366999,-0.169109488470534,0.86571052170287,0.999799029641296
RPLP1,13.5413640843918,-0.0303065150674486,0.201131618276694,-0.150680014048097,0.880228139688744,0.999799029641296
RPLP2,12.3399133379547,0.00624546337278063,0.209061289031866,0.0298738393975398,0.976167669671272,0.999799029641296
RPN1,13.7213673097,-0.0314701455038075,0.198622430455911,-0.158442052247433,0.874108479350355,0.999799029641296
RPN2,13.0927235623274,-0.110292367495571,0.206440983185424,-0.534256162675349,0.593164317075103,0.999799029641296
RPRD1A,10.0900500409401,-0.0426703753418075,0.230652594785927,-0.184998462217218,0.853230241728616,0.999799029641296
RPRD1B,10.8823843204021,0.0443957804907071,0.218432923488399,0.203246744042525,0.838942178751611,0.999799029641296
RPRD2,10.2712312707868,-0.057490033139563,0.227363453190009,-0.252855207523252,0.800380104062862,0.999799029641296
RPS10,11.4597427867831,0.0176510693952985,0.217539303852642,0.0811396795093869,0.935330870017417,0.999799029641296
RPS11,14.0587072755625,-0.00485921237003056,0.196198811302121,-0.0247667778300043,0.980240990376553,0.999799029641296
RPS12,11.7110522422318,0.0071710924583188,0.214351525918866,0.0334548234615,0.973311891302544,0.999799029641296
RPS13,11.3620604177937,0.068463401883327,0.213602096710002,0.320518398170392,0.748575385701604,0.999799029641296
RPS14,12.270259318891,0.0562251111049753,0.206516813362007,0.272254399967025,0.785426415827551,0.999799029641296
RPS15,12.0321817666356,0.0287327954718292,0.210926229561943,0.136222012461429,0.891645773942384,0.999799029641296
RPS15A,11.9349612983239,0.052859225475743,0.209850074365847,0.251890430039065,0.801125756865332,0.999799029641296
RPS16,12.114308192837,0.065579460956226,0.206839142493056,0.317055370496073,0.751201588280559,0.999799029641296
RPS17,13.2478024761747,0.0151402899103937,0.201448547956388,0.0751571061890772,0.940089712087369,0.999799029641296
RPS18,10.8176710092313,0.0718882008982851,0.2203434162957,0.326255270553722,0.744231227162814,0.999799029641296
RPS19,12.787952789554,-0.00436075423497432,0.205809639298352,-0.0211882895759452,0.983095455751531,0.999799029641296
RPS19BP1,9.83689707458212,-0.0542776798156641,0.237169770213124,-0.228855809772424,0.818980987742727,0.999799029641296
RPS2,9.07195712165714,-0.155039176774006,0.530407909592706,-0.29230178127068,0.770055897001538,0.999799029641296
RPS20,12.7463237559375,-0.023613714008164,0.207155628001811,-0.113990212266681,0.909245552348713,0.999799029641296
RPS21,10.3412431275926,0.0284771957275303,0.226854328390038,0.125530757687676,0.900103376506976,0.999799029641296
RPS23,12.1586579287302,-0.00533231015358443,0.210850556148417,-0.0252895237792545,0.979824030073328,0.999799029641296
RPS24,12.6333379389997,0.00685353398658863,0.205971686431315,0.0332741558091484,0.973455963020937,0.999799029641296
RPS27A,11.1374424777438,-0.0165053109379429,0.21987612467718,-0.0750664082431678,0.940161874727968,0.999799029641296
RPS28,8.95589451461621,0.0176540933996637,0.248861120659766,0.0709395399042654,0.943445874336175,0.999799029641296
RPS29,11.1935189269257,0.0226674561082011,0.218365937287443,0.103804908356028,0.917324171211188,0.999799029641296
RPS3,13.639763733505,0.0278237420474678,0.197648189001159,0.140774080390408,0.888048419976636,0.999799029641296
RPS3A,11.1799054788883,0.0438078665788152,0.217015308203984,0.201865328954757,0.840022007537346,0.999799029641296
RPS4X,13.4432827385577,0.0547023805829134,0.197979780263999,0.276302865423781,0.782315455263985,0.999799029641296
RPS4Y1,6.54140366661984,-2.25777210876662,1.15965391848195,-1.94693612704915,0.0515423927581604,0.999799029641296
RPS5,12.3395584010049,-0.00255654143144164,0.207514113209791,-0.0123198436573663,0.990170435607746,0.999799029641296
RPS6,14.0587774935949,0.00287382851026113,0.196160251679394,0.0146504120261741,0.988311080577448,0.999799029641296
RPS6KA1,9.83743815889896,-0.105299564330976,0.237755103042357,-0.442890869569333,0.657844671866324,0.999799029641296
RPS6KA4,9.81055717792828,-0.0816345915066754,0.239291371930954,-0.341151420746714,0.732989592425786,0.999799029641296
RPS6KB2,10.0304247222812,-0.0694498698901354,0.235482916972602,-0.294925299817888,0.768050944634355,0.999799029641296
RPS7,11.4168472838851,0.0474478712895721,0.215487875904022,0.220188124693871,0.825724644810445,0.999799029641296
RPS8,13.1502522267822,0.0186445117525705,0.201504869882154,0.0925263581146915,0.926279850294795,0.999799029641296
RPSA,12.6056786490575,0.0269910361927964,0.20652461596017,0.130691617884436,0.896019263428935,0.999799029641296
RPSAP58,10.4533158714453,0.158968108442004,0.223199354650728,0.712224767364422,0.476325602354406,0.999799029641296
RPTOR,11.081013650086,-0.113935039191032,0.224955434293166,-0.506478270013918,0.61252094054777,0.999799029641296
RPUSD3,9.78164778215815,-0.0183131677917028,0.235212004191982,-0.0778581342164641,0.937940902327886,0.999799029641296
RPUSD4,9.68352864289366,0.0411323654409447,0.231691604253827,0.177530668724114,0.859091577657126,0.999799029641296
RQCD1,10.2010333999795,-0.105436521052431,0.234176800700634,-0.450243238172933,0.652535062336663,0.999799029641296
RRAGA,10.6334213289946,0.0148302960797908,0.222801335821597,0.0665628687777072,0.946929706580788,0.999799029641296
RRAGD,9.76590581679585,-0.210946459152846,0.240902953297317,-0.875649120384591,0.38122081312378,0.999799029641296
RREB1,7.86396214694131,-0.700176954060484,0.535938163708159,-1.30645100773559,0.191399229388713,0.999799029641296
RRM2,9.4486513215179,-1.17759532680199,0.323059027853915,-3.64513982049896,0.000267246464482115,0.203336381404535
RRM2B,9.78297601726639,-0.0456563013238861,0.233170062615473,-0.195806875084041,0.84476132870275,0.999799029641296
RRN3,10.2431674033923,0.116268518029892,0.220802439215957,0.526572615967231,0.598490412578934,0.999799029641296
RRP1,9.38997845104425,0.0581475107738162,0.236633623264866,0.245728016042468,0.805892783347953,0.999799029641296
RRP12,9.85077067981062,-0.27488034106152,0.255921511410317,-1.07408064115723,0.282786540241741,0.999799029641296
RRP1B,10.74679998385,0.0070071320091675,0.220873563661979,0.031724629661389,0.974691653140437,0.999799029641296
RRP7A,10.2572499321943,0.039145718909217,0.227184614052088,0.172307966684055,0.863195421519506,0.999799029641296
RRS1,10.3542036290495,-0.105731629490039,0.234064540403677,-0.451719979915327,0.651470722745559,0.999799029641296
RSL1D1,11.5845148152157,0.0513826818450018,0.211620857608363,0.24280537573519,0.808156170940746,0.999799029641296
RSL24D1,10.1593521710112,0.0607087365281389,0.225475596306535,0.26924748186764,0.787739243621791,0.999799029641296
RSPRY1,9.64137667977451,0.0759592517833199,0.230225151602888,0.329934636830388,0.741449351150712,0.999799029641296
RSRC2,10.0903299642197,-0.0398630770805425,0.232784001772676,-0.171244917077551,0.864031190363484,0.999799029641296
RSU1,10.8996654770313,0.000763003275127016,0.220384445568224,0.00346214667355375,0.997237612140479,0.999799029641296
RTCA,9.4305757780782,-0.0782315958859803,0.241768628243396,-0.323580426684732,0.746255708602198,0.999799029641296
RTCB,11.206767155456,-0.0479382643343554,0.21962719013574,-0.21827108157568,0.827217904809069,0.999799029641296
RTF1,10.8448874115998,-0.00792103327582986,0.220596401646483,-0.0359073548648527,0.971356231316831,0.999799029641296
RTFDC1,11.3591173783142,-0.0281619976433305,0.217938977356018,-0.12921964664139,0.897183850768804,0.999799029641296
RTN3,11.9474390418431,-0.0262450217490217,0.21079922407214,-0.124502458984574,0.900917453541746,0.999799029641296
RTN4,13.1758617532587,0.0455009990831896,0.198198567768203,0.229572794574399,0.818423749054608,0.999799029641296
RTN4RL2,10.8557474508241,-0.118987643410038,0.229850143811591,-0.517674870404137,0.604685134233593,0.999799029641296
RTP3,9.24589356838816,-0.0389244044606246,0.239254376050305,-0.16269045984948,0.870762158849428,0.999799029641296
RUFY1,10.2555258691709,-0.068643072404865,0.230406247352104,-0.297921923531724,0.765762754768342,0.999799029641296
RUSC2,9.47431731594021,-0.0305997670926075,0.240657343389283,-0.127150772387236,0.898821066982252,0.999799029641296
RUVBL1,9.6411646210948,-0.152339849001851,0.243630654714673,-0.625290151521627,0.531780642557293,0.999799029641296
RUVBL2,11.1226432943272,-0.113755568632125,0.224880540896025,-0.505848875046596,0.612962744767695,0.999799029641296
RWDD1,9.58593413254306,0.078961556580201,0.232143493167177,0.340141157966194,0.733750228039258,0.999799029641296
RXRA,13.3150121987788,0.0317037340877666,0.199765782973503,0.158704526950803,0.873901671395203,0.999799029641296
RYBP,10.3133415483494,0.0840370647311289,0.220270596566759,0.38151739742376,0.702819364380982,0.999799029641296
S100A10,11.1795198948804,-0.165798232985498,0.226506653324978,-0.731979527098573,0.464181063744643,0.999799029641296
S100A16,10.580273206741,0.0467111899693269,0.222314539847961,0.210113067733996,0.833579426553365,0.999799029641296
SAA4,9.98936422404516,0.312729175146186,0.217785682835031,1.4359491913115,0.151016799504037,0.999799029641296
SACM1L,9.72525282915244,0.0160014207094105,0.229685555751248,0.0696666390582272,0.944458995416425,0.999799029641296
SAE1,10.8015974728821,-0.215546830970964,0.232664776750368,-0.926426569511335,0.354224341576897,0.999799029641296
SAFB,10.7302569652882,-0.121044661909986,0.231767413647013,-0.522267820161896,0.601483871383885,0.999799029641296
SAFB2,10.8999904518552,-0.0484117105435058,0.226538895776079,-0.213701538438495,0.830779811556834,0.999799029641296
SAMM50,9.83456028194545,-0.158256687614671,0.246192891553168,-0.642815828744158,0.520343611002865,0.999799029641296
SAP18,11.6962038930099,0.0347954368294092,0.211566030694704,0.16446608519881,0.869364243257516,0.999799029641296
SAP30L,9.48633848756507,-0.137032739341715,0.241829604220242,-0.566649975645311,0.570952013985527,0.999799029641296
SAR1B,11.9324401963546,0.0459447398099216,0.207082748642754,0.221866573198633,0.8244177527456,0.999799029641296
SARAF,12.0288634738313,0.10835986969722,0.204830045706034,0.529023314542117,0.596789276623009,0.999799029641296
SARDH,11.0224332569176,0.189561199916258,0.211218545989572,0.897464751630365,0.369470974041972,0.999799029641296
SARNP,9.57275628113086,-0.0230810951998432,0.237591822208612,-0.0971460001665265,0.922610450739248,0.999799029641296
SARS,11.9194741529038,-0.0349763367467462,0.212274328203232,-0.164769508601435,0.869125404580468,0.999799029641296
SART1,11.1666689432974,0.0192553325584741,0.22046865214724,0.0873381878599884,0.930402700456275,0.999799029641296
SART3,10.1428350735963,-0.133073745323945,0.228190301578575,-0.583170031343873,0.559778843433445,0.999799029641296
SAT1,11.9319208765763,0.110365571883389,0.206175372645988,0.535299490268855,0.592442778785284,0.999799029641296
SAT2,9.55701189010585,0.157389855466199,0.227722836682292,0.69114656114082,0.489473442405834,0.999799029641296
SBDS,11.4995869615343,0.0441799770649875,0.211913662205901,0.20848102290857,0.834853398627871,0.999799029641296
SBNO2,11.0959153496125,0.0511091307867792,0.218947565710039,0.233430915849803,0.815426808795193,0.999799029641296
SC5D,11.8756821905227,0.171879165146188,0.200214755234256,0.858474016788051,0.390630772012358,0.999799029641296
SCAF1,10.1263729156264,-0.138211196868325,0.300964788822921,-0.459227132213279,0.646071068558996,0.999799029641296
SCAF11,11.1106237058232,0.0540546092174595,0.21563273677746,0.250679048206143,0.802062260663599,0.999799029641296
SCAF4,11.1934756715461,0.0314399823144796,0.215465382358243,0.14591662925326,0.88398720385145,0.999799029641296
SCAF8,9.70000179818635,0.100126786899745,0.225133187901895,0.444744676841588,0.656504278760086,0.999799029641296
SCAMP4,10.5497121372917,-0.0926621896743102,0.231670217308816,-0.399974544638129,0.689175265774177,0.999799029641296
SCAND1,9.69676626213931,-0.070955847270699,0.239375404972203,-0.296420792599552,0.766908748252484,0.999799029641296
SCAP,10.4672470794976,-0.0392682013907239,0.226764490956866,-0.173167329792358,0.862519902702724,0.999799029641296
SCARB1,13.6079730010192,-0.0931366724270842,0.202378896804531,-0.460209408676838,0.645365918259116,0.999799029641296
SCARB2,13.0234450635074,0.0399302116268363,0.199469594706969,0.200181945952695,0.84133828644059,0.999799029641296
SCCPDH,12.4216397791309,0.0224316034669138,0.205120500803769,0.109358174239119,0.912918406845495,0.999799029641296
SCD,15.2306407375577,-0.135107864211786,0.193924145526643,-0.696704702990293,0.485987614979008,0.999799029641296
SCFD1,10.2432392257334,-0.0713512860932545,0.230466808542739,-0.30959462902452,0.756869241174076,0.999799029641296
SCLY,9.90508444748592,-0.0101352186235843,0.235846474714999,-0.0429737974071136,0.965722421191845,0.999799029641296
SCML1,9.47139348384265,0.0380428228366497,0.233291554024278,0.163069867641632,0.870463424336292,0.999799029641296
SCP2,13.3152838478593,0.112792005529634,0.193998189553419,0.581407516169508,0.560965832991918,0.999799029641296
SCPEP1,10.4509799778905,-0.146072486760622,0.230309716594055,-0.634243699835255,0.525921792461942,0.999799029641296
SCRIB,9.44754255382371,-1.29443069289015,0.4083770773014,-3.16969478660233,0.00152599137738701,0.999799029641296
SCRN2,10.759831685605,-0.0536261954775645,0.226053211707157,-0.237228195399564,0.812479763768868,0.999799029641296
SCRN3,9.02486606790317,-0.214469560720031,0.266480271371686,-0.804823410063588,0.420921590546456,0.999799029641296
SCYL1,11.7931541240462,0.028598656760097,0.211275729985658,0.135361769958331,0.892325849038866,0.999799029641296
SCYL2,9.37753372089559,-0.0357276548287616,0.231303871593547,-0.154461983634858,0.8772454841054,0.999799029641296
SDAD1,10.2154549058887,-0.0216330414214984,0.228735588044494,-0.0945766315003431,0.924651111978911,0.999799029641296
SDC1,14.9627602875995,-0.0428738065374273,0.191763337949084,-0.223576659626206,0.823086726864578,0.999799029641296
SDC2,13.7353295808987,-0.0135418313218439,0.196348499223665,-0.0689683464624706,0.945014815347203,0.999799029641296
SDC3,8.92695966562137,-0.0821342723923283,0.385834064203565,-0.212874600799878,0.831424773946995,0.999799029641296
SDC4,13.651663685702,0.0726195141127117,0.193506040875803,0.375282930620863,0.707450059434394,0.999799029641296
SDCBP,11.9745998014523,-0.0446064876748441,0.210717361291413,-0.21168871611464,0.83234989184342,0.999799029641296
SDCCAG3,9.78011417890702,0.0212101958745702,0.233498931745625,0.0908363722095171,0.927622608662782,0.999799029641296
SDE2,9.96346309148159,-0.0335210558015034,0.230881515799489,-0.145187264928627,0.884563020509264,0.999799029641296
SDF2,9.473111110779,-0.0249249075909746,0.237635009379069,-0.104887355007591,0.916465192861559,0.999799029641296
SDF2L1,9.85134505676957,-0.119818841710944,0.241356448764505,-0.496439363125753,0.619584458807345,0.999799029641296
SDF4,13.0234478037359,0.00293305296142299,0.203117273920737,0.0144401945969773,0.988478792076356,0.999799029641296
SDHA,12.8414487685871,0.0620251050729669,0.202797371787193,0.305847677050043,0.759720625675854,0.999799029641296
SDHAF2,9.80885032677516,0.0317748562819219,0.231350352050914,0.137345182318673,0.890757958473639,0.999799029641296
SDHB,11.7500540129078,0.142676037636965,0.205190942689309,0.695333018928609,0.486846626200693,0.999799029641296
SDHC,11.0518340288902,0.0097094863895237,0.217108844305083,0.0447217450795319,0.964329100969712,0.999799029641296
SDHD,11.3299384094128,0.0802591034872864,0.209928588554407,0.382316215432877,0.702226828430178,0.999799029641296
SDPR,10.0473982419743,0.133026270921549,0.223582454567925,0.594976341853941,0.551859285222803,0.999799029641296
SDS,11.7901849388591,0.31765852715396,0.198368394274932,1.60135654833046,0.109297970899493,0.999799029641296
SDSL,9.96172140441213,0.0556213400981781,0.229146492406136,0.242732670765021,0.808212496589004,0.999799029641296
SEC11A,10.8997784390354,0.0122646232194969,0.22048059677335,0.0556267689718963,0.955639138960982,0.999799029641296
SEC11C,11.5701838122981,-0.0901251819341358,0.219147671349014,-0.411253203738601,0.680886879619001,0.999799029641296
SEC13,11.8071185647062,-0.0924139740507916,0.218610131405384,-0.422734177307739,0.672489216775906,0.999799029641296
SEC14L1,10.6348608011816,-0.0265276314143805,0.226330678268319,-0.117207404746658,0.906695699226976,0.999799029641296
SEC14L2,12.5581163668359,0.117672863614111,0.199828576707957,0.588869047424014,0.555949122830277,0.999799029641296
SEC22C,9.76719193735044,-0.0131726537632938,0.233381492903562,-0.0564425807694058,0.954989236452056,0.999799029641296
SEC23A,10.1133057591181,-0.0112922989823257,0.228226252600136,-0.0494785277928142,0.960537948576621,0.999799029641296
SEC23B,11.2063059106379,-0.102039339781432,0.222967420019738,-0.457642375609848,0.647209393903062,0.999799029641296
SEC23IP,10.4250103362485,0.0340083677798295,0.223187668055139,0.152375658010942,0.87889065496861,0.999799029641296
SEC24A,8.76018488706203,-0.00592936592307564,0.23690337781203,-0.0250286255005628,0.980032130909089,0.999799029641296
SEC24B,9.79580534238807,0.168228114829005,0.221873833269451,0.75821520884215,0.448322157849248,0.999799029641296
SEC24C,12.3384688134383,-0.0570001128664539,0.21022467849114,-0.271139017909622,0.786284113201369,0.999799029641296
SEC24D,10.0452078240128,0.0137174491479416,0.227506615542115,0.0602947264423712,0.951920901995714,0.999799029641296
SEC31A,9.86728585232116,0.0376762135802565,0.229685218322781,0.164034123986635,0.869704280581818,0.999799029641296
SEC61A1,10.9112563477531,-0.073799186868312,0.224282663004059,-0.329045437038424,0.742121344688372,0.999799029641296
SEC61B,10.3961434129656,-0.0615298299724652,0.230189634736561,-0.267300610832814,0.789237716495215,0.999799029641296
SEC62,12.3258940412656,0.150943246353687,0.19940579791775,0.756965183208705,0.449070721699053,0.999799029641296
SEC63,12.5071263690468,0.0240081431345247,0.203512447336137,0.11796891762041,0.906092286020247,0.999799029641296
SECISBP2,9.80762437539032,0.180376924539504,0.225858894123712,0.798626617027105,0.424506949097001,0.999799029641296
SECISBP2L,10.2023214344466,0.0944591943470313,0.223116359442999,0.423362924094157,0.672030491177695,0.999799029641296
SEH1L,9.85129239623089,0.0198210330621009,0.229379008276455,0.0864117131338016,0.93113913602565,0.999799029641296
SEL1L,10.9960259413896,-0.088005362279958,0.220201007208359,-0.399659217710505,0.689407533765664,0.999799029641296
SELENBP1,12.657240395846,0.116149411663256,0.199306916458225,0.582766587970373,0.56005044027251,0.999799029641296
SELK,9.60018963340343,-0.0325404307901284,0.23754865079237,-0.136984279563728,0.891043221058217,0.999799029641296
SELT,10.9140418668025,-0.0124167568292236,0.220424051682251,-0.0563312249024566,0.955077944444082,0.999799029641296
SEMA4B,10.8293610302241,0.12954781786076,0.215366245741683,0.60152331399296,0.547491488296147,0.999799029641296
SEMA4G,11.4305950310962,-0.0443400831659552,0.216496972982375,-0.204806942818387,0.837722962412576,0.999799029641296
SENP2,9.10977320245255,0.164780012828796,0.237057865988538,0.695104598793457,0.486989752962162,0.999799029641296
SENP5,9.22516789953007,0.09242142480455,0.233251992075137,0.39622994848755,0.691935399777652,0.999799029641296
SENP6,8.28596196866673,0.195612477769022,0.266741564388016,0.733340820797146,0.463350583682366,0.999799029641296
SEP15,10.7322346839292,0.0287504523070273,0.220923604969932,0.130137530169944,0.896457617803606,0.999799029641296
SEPHS1,10.6064525889805,-0.0501406983600656,0.226103003984532,-0.221760425454125,0.824500388295359,0.999799029641296
SEPHS2,13.6635773020683,-0.0228880744990984,0.197775297933195,-0.115727670433492,0.907868375755325,0.999799029641296
SEPN1,9.71198854913889,-0.202892885732639,0.248987103165421,-0.814873072352837,0.41514496819786,0.999799029641296
SEPP1,15.6900519305044,0.0734857750986638,0.182670820130252,0.402285242088831,0.687474114451138,0.999799029641296
SEPSECS,10.0058668138331,0.101836997921666,0.222941243876543,0.456788506921849,0.64782306742549,0.999799029641296
SEPT11,10.7886381956299,-0.0900093843431892,0.225545518802603,-0.399074141756571,0.689838574862357,0.999799029641296
SEPT2,11.9351839007538,-0.0221144952218329,0.212473316466901,-0.104081282250225,0.917104844774443,0.999799029641296
SEPT4,10.0171925778392,0.171489158619097,0.222640316643855,0.7702520424161,0.441150398276438,0.999799029641296
SEPT6,9.58522620806488,0.0413311875412268,0.234381255230219,0.176341693795562,0.860025508316041,0.999799029641296
SEPT8,10.0049096935841,-0.0319249191332058,0.230945857518909,-0.138235513189891,0.890054289045174,0.999799029641296
SEPT9,12.9533676345797,-0.0464629718846568,0.205531353659514,-0.226062695824152,0.821152657982435,0.999799029641296
SERBP1,11.7516937314349,0.0684670669809379,0.208919838531403,0.32771931790789,0.743123895755645,0.999799029641296
SERF2,12.8564103255209,0.0147500172462562,0.203200480569573,0.0725884958781185,0.942133581528715,0.999799029641296
SERINC1,12.5484748929713,0.096520727082575,0.200088222120244,0.482390847696025,0.629528321517886,0.999799029641296
SERINC2,11.7782796407821,0.112156514820388,0.211519062519199,0.530243059346991,0.595943419985607,0.999799029641296
SERINC5,11.2195685322333,0.0465496125225229,0.214873560112795,0.216637228415108,0.828491070557377,0.999799029641296
SERP1,12.0450070078544,-0.0155287924994482,0.210725740720961,-0.0736919583071305,0.941255497732915,0.999799029641296
SERPINA1,18.5294807050047,0.0553959039562266,0.17466215289153,0.317160318014796,0.751121958324216,0.999799029641296
SERPINA10,12.2954753926962,0.134816987287652,0.20097083175479,0.67082862776896,0.50232970796725,0.999799029641296
SERPINA11,12.170763066723,0.252289041205065,0.197823367511888,1.27532477269099,0.202194312982755,0.999799029641296
SERPINA3,15.9722774634069,0.103957131052408,0.181967146190628,0.571296155535149,0.567798907296528,0.999799029641296
SERPINA4,12.2814344120002,0.191793818049994,0.198126343424135,0.968037943543004,0.333025420198805,0.999799029641296
SERPINA5,13.260616486041,0.131457262092086,0.195563731042027,0.672196533537375,0.501458587527688,0.999799029641296
SERPINA6,13.6929778511934,0.06240673267218,0.19500497316358,0.320026364762657,0.748948344537947,0.999799029641296
SERPINA7,10.0780460394281,0.0942663779380067,0.222659254654575,0.423366089517581,0.672028182034084,0.999799029641296
SERPINB1,10.0049375639744,0.0196604009951615,0.231189750502191,0.0850401064599753,0.932229505832517,0.999799029641296
SERPINB6,11.0250721597355,-0.0223650467601917,0.221887661032982,-0.100794459034238,0.919713625490872,0.999799029641296
SERPINC1,15.7867922557217,0.0628852578009768,0.182805342701356,0.344001202982949,0.730845381394836,0.999799029641296
SERPIND1,15.1044609326137,0.0811510836290434,0.185338466981197,0.437853430811404,0.661492535716369,0.999799029641296
SERPINE1,11.27534952522,0.142819425077456,0.211072661570401,0.676636301522261,0.498636740720088,0.999799029641296
SERPINF1,14.3926112889719,0.0804737370938457,0.190461905245978,0.422518807579475,0.672646375816063,0.999799029641296
SERPINF2,14.8391086616508,0.171313217001825,0.184037506081758,0.930860348247273,0.351925807858179,0.999799029641296
SERPING1,16.3056624925493,0.0744181175655575,0.181903585022713,0.409107481615964,0.682460786017064,0.999799029641296
SERPINH1,11.292441303537,-0.0773172322129375,0.223057971475789,-0.346623936824107,0.728873860576287,0.999799029641296
SERTAD2,9.33964735671324,0.0498287025571571,0.233349137175676,0.213537119357951,0.830908039639625,0.999799029641296
SESN2,10.381306431994,0.0338712275823464,0.223618000985725,0.151469145744258,0.879605648122616,0.999799029641296
SESTD1,9.72607627864702,-0.200598302961508,0.241082799851907,-0.832072230307316,0.405368175330589,0.999799029641296
SET,12.3677034196927,-0.0512888953165476,0.210097972253352,-0.244118944921085,0.807138700415952,0.999799029641296
SETD3,10.787897442554,0.0698399757987036,0.217788709106023,0.320677670047184,0.748454671020275,0.999799029641296
SF1,11.0085061011344,-0.00809672228853626,0.222402395397814,-0.0364057332838234,0.970958842712121,0.999799029641296
SF3A1,12.0728903247421,-0.0246448760341803,0.210606111333752,-0.117018807659978,0.90684514951696,0.999799029641296
SF3A3,10.6051062110211,0.0455119133002639,0.223756218092514,0.203399546561189,0.838822754193908,0.999799029641296
SF3B1,12.2423015002294,0.00912276183808669,0.207780439509872,0.043905777943324,0.964979509611376,0.999799029641296
SF3B2,12.2559172236159,0.0613134195433901,0.207483158310326,0.295510344274235,0.767604051411421,0.999799029641296
SF3B3,11.4866089124665,-0.288762509459868,0.23256379163573,-1.24164861360776,0.21436623704555,0.999799029641296
SF3B4,9.6558282435018,0.0969689349395681,0.23567834333582,0.411446098810175,0.680745457276705,0.999799029641296
SF3B5,10.5780287664316,-0.0239313539093415,0.226170723969959,-0.105811015189217,0.91573229699872,0.999799029641296
SF3B6,10.5223413154022,-0.0173783081391994,0.226434030369823,-0.0767477755477669,0.938824197201395,0.999799029641296
SFPQ,10.0891990493478,0.0817875358745196,0.224137521372419,0.364898903912766,0.715186872532482,0.999799029641296
SFSWAP,10.3274224924297,-0.051369097907315,0.230514341666376,-0.22284556152112,0.823655706522938,0.999799029641296
SFXN1,11.4988546206443,0.0759948874763285,0.209402969182697,0.362912177286396,0.716670489875589,0.999799029641296
SFXN5,10.8683364767162,0.0809497048684982,0.218569260644634,0.370361800327047,0.711112932239981,0.999799029641296
SGK1,10.9979010262892,0.160095547835641,0.213012236639034,0.751579112832543,0.452304208146052,0.999799029641296
SGK2,10.4939933146662,-0.0803459916762368,0.228618986098514,-0.35144059138472,0.725257834512996,0.999799029641296
SGMS1,9.72474002922731,0.0283015633138905,0.229671918082655,0.123226050229202,0.901928097670232,0.999799029641296
SGPL1,10.3929312356903,-0.319502060485044,0.248694377181133,-1.2847176687567,0.198890961686487,0.999799029641296
SGPP1,9.58607807646465,0.0624157152671098,0.229087494392151,0.272453611807665,0.785273254916047,0.999799029641296
SGSM2,8.94428067748667,-0.0826760007537555,0.245418539699754,-0.336877567827197,0.736209196209812,0.999799029641296
SGTA,12.2264543257083,-0.0149242710194582,0.210540052149189,-0.070885662215391,0.943488754562953,0.999799029641296
SH2B1,9.81062341422622,-0.0117134549402761,0.23629371846877,-0.0495715883442927,0.960463788003177,0.999799029641296
SH2B3,9.00279671937319,0.14792585466,0.251282930854039,0.588682463059635,0.556074304206344,0.999799029641296
SH2D4A,9.55735557269074,0.149416549129649,0.229039742974091,0.65236079638175,0.514168448498852,0.999799029641296
SH3BGRL,9.60238259929391,0.0783931101186734,0.232421046543706,0.337289205450385,0.735898896249588,0.999799029641296
SH3BGRL2,11.6388223214651,0.0207006712588481,0.210249209859406,0.0984577838494167,0.921568792637271,0.999799029641296
SH3BGRL3,9.72823484463404,0.0300386560043901,0.238369643384471,0.126017120208299,0.899718372643655,0.999799029641296
SH3BP2,10.2583479269087,0.0982478420366828,0.224441141550789,0.437744351850261,0.661571614668419,0.999799029641296
SH3BP4,11.3166975501445,0.0268083997568987,0.213823081659984,0.12537654751197,0.900225453970013,0.999799029641296
SH3BP5,9.62530210171094,0.00676548982783684,0.23418761077644,0.028889187627843,0.976952969047198,0.999799029641296
SH3BP5L,9.93387421315159,-0.0553895304866221,0.235020760944837,-0.235679308772312,0.81368152687352,0.999799029641296
SH3D19,10.1718052027466,0.0588657699739195,0.223203593913634,0.263731282018233,0.791986989090912,0.999799029641296
SH3GL1,11.374937976874,-0.0179663119556917,0.219608143264815,-0.0818107729913593,0.934797189185554,0.999799029641296
SH3GLB1,10.8577005976789,0.00766079582087334,0.220555064630029,0.034734164158615,0.972291718296342,0.999799029641296
SH3KBP1,10.6068230424012,-0.0171731501689082,0.226321058464462,-0.0758795946140591,0.939514891187277,0.999799029641296
SH3PXD2B,9.53050702179556,-0.186703320773708,0.245968225374198,-0.759054631913012,0.447819876711066,0.999799029641296
SHARPIN,10.9269016335243,-0.107448082271158,0.229028061533706,-0.469148110286671,0.638963772512295,0.999799029641296
SHB,11.1901505405662,0.061728187512643,0.215844600545518,0.285984395053818,0.774890073580268,0.999799029641296
SHC1,11.5281163369868,-0.0740636814295184,0.219851928748138,-0.33687983476536,0.736207487232529,0.999799029641296
SHC2,10.1579297192634,0.0308685498222505,0.229478553920134,0.134516055182192,0.892994516268481,0.999799029641296
SHFM1,11.2068448028625,-0.0341841538838142,0.219953647619564,-0.155415262505397,0.876493952618802,0.999799029641296
SHISA5,12.4921202123422,0.00616545690673738,0.207635491061949,0.0296936562974097,0.976311371233862,0.999799029641296
SHKBP1,9.97702488733089,-0.058162189509959,0.234804474278586,-0.247704775169454,0.804362836945605,0.999799029641296
SHMT1,12.501891881787,0.19903134015909,0.196754259515717,1.01157322158605,0.311742154944388,0.999799029641296
SHMT2,12.770663189318,0.0518516977497304,0.200961461789989,0.258018115950594,0.796392925975119,0.999799029641296
SHOC2,9.18145416190224,0.00528354096403035,0.233227089505303,0.0226540620784543,0.981926219571705,0.999799029641296
SHTN1,10.5061047111186,0.100868954510822,0.224829969783775,0.448645501344107,0.653687404560731,0.999799029641296
SIAE,10.2547892151677,0.0104329129559625,0.227948874848623,0.0457686530055955,0.963494643894502,0.999799029641296
SIAH2,11.0944203153551,0.0671517267402739,0.216199132665193,0.310601277222815,0.756103756101719,0.999799029641296
SIGIRR,9.27950993950749,0.304660628827533,0.226509971289802,1.34502082664495,0.178618509007854,0.999799029641296
SIGMAR1,13.1333128166208,-0.00656885434404192,0.202918012155956,-0.0323719628151754,0.974175421197611,0.999799029641296
SIK1,12.2566506066465,0.145098247476406,0.208527324279389,0.695823667127673,0.486539265678289,0.999799029641296
SIK2,11.0245754141441,0.0244476574662664,0.212085767567727,0.115272503886709,0.908229131778089,0.999799029641296
SIK3,8.76069489647306,-0.0298233520928979,0.257710720112664,-0.115724142479831,0.907871171868799,0.999799029641296
SIKE1,9.78255884272053,-0.00623456784108535,0.231330939156057,-0.0269508603727211,0.978498927519723,0.999799029641296
SIL1,11.0656524806916,0.061029820495372,0.217745938849144,0.280279948356024,0.779262733407112,0.999799029641296
SIMC1,9.64054697296627,0.0854732137874464,0.23081465235303,0.370311039252029,0.711150749436609,0.999799029641296
SIN3B,10.0028368688758,-0.319059527550757,0.252980059516921,-1.26120425522873,0.207235265938526,0.999799029641296
SIPA1,9.15326570378775,-0.244360489417668,0.267479768043159,-0.913566252899694,0.360944805772512,0.999799029641296
SIPA1L3,6.72172232457716,-0.996467137759173,0.726605069261319,-1.37140130163447,0.170249891938207,0.999799029641296
SIRPA,11.302649225775,0.103218570820073,0.213193793112278,0.484153733151666,0.628276769463287,0.999799029641296
SIRT2,10.4511645116993,0.0558599199038582,0.223644583814931,0.2497709488466,0.802764487260555,0.999799029641296
SIRT3,9.47118482796437,0.0696275494312758,0.232412996224588,0.299585438690323,0.764493392542112,0.999799029641296
SKI,11.1400934955063,0.0098013692991814,0.224472796268413,0.0436639515438719,0.965172274296862,0.999799029641296
SKIV2L,10.1184012493982,0.0546548791256891,0.226010997504026,0.241823980820737,0.808916556294841,0.999799029641296
SKIV2L2,9.6693046312449,0.229223630523674,0.232735013783402,0.984912526900675,0.324667039603343,0.999799029641296
SKP1,11.9466994009929,-0.00933790809354327,0.210946264667495,-0.0442667620034049,0.964691765769969,0.999799029641296
SLAIN2,9.61291310213537,-0.0120906980768787,0.233629710679052,-0.0517515432507992,0.958726666657382,0.999799029641296
SLC10A1,10.3101403176005,0.141035597500348,0.216860118161665,0.650352857389893,0.515464321385069,0.999799029641296
SLC11A2,10.6901176815958,0.0722209182530074,0.217945432611301,0.331371561164172,0.740363843471334,0.999799029641296
SLC12A7,8.32926258525025,-0.787102579784441,0.754544914329222,-1.04314874414621,0.296879408047848,0.999799029641296
SLC13A5,12.5032196373181,0.148752448417598,0.200979811786078,0.740136270880425,0.459217312249138,0.999799029641296
SLC15A1,7.91196458350519,0.114394761778007,0.290926211072061,0.393208853050618,0.694165231488686,0.999799029641296
SLC16A1,11.5539265494858,0.00400743889868506,0.21167331056146,0.0189321879459219,0.984895201870898,0.999799029641296
SLC16A13,10.003611234477,-0.0270950110770352,0.23141312142697,-0.1170850248679,0.906792676533353,0.999799029641296
SLC16A2,11.9457831808492,0.0792246793498902,0.205191412244249,0.38610134061354,0.699421617020147,0.999799029641296
SLC17A5,10.1158446229527,-0.0814604533826048,0.23264510166564,-0.350149015815861,0.726226867072614,0.999799029641296
SLC19A2,9.26480431669619,0.0255079599707506,0.231283686606117,0.110288625821636,0.912180477514161,0.999799029641296
SLC1A1,8.31191477039373,-0.0754967927697004,0.258586659112113,-0.291959349445665,0.770317704919181,0.999799029641296
SLC1A4,10.3264035566673,-0.217565098682928,0.240132516838277,-0.906020981862494,0.364924746950992,0.999799029641296
SLC20A1,9.8908888826065,0.146076863873049,0.229659577300646,0.636058228400468,0.524738470290495,0.999799029641296
SLC20A2,9.16253249022397,-0.063921916440954,0.242318383746168,-0.263793095070794,0.791939355512098,0.999799029641296
SLC22A1,10.7156193616227,0.3148425725468,0.206848732713512,1.52209089423265,0.127986307273278,0.999799029641296
SLC22A23,10.3386451514235,-0.0351082426721422,0.228102392147016,-0.153914399326046,0.877677230374003,0.999799029641296
SLC22A9,9.53086643249565,0.0557408693568207,0.230355812403485,0.241977264542327,0.808797780067016,0.999799029641296
SLC23A1,8.86989551672406,-0.0192333109122842,0.238174851032722,-0.0807529041327783,0.935638462744231,0.999799029641296
SLC23A2,7.90441393872035,0.000231351610837656,0.466467038072043,0.0004959656137631,0.999604276710313,0.999799029641296
SLC25A1,11.9314830296559,0.117747148729815,0.206276686414015,0.570821408743624,0.568120709205312,0.999799029641296
SLC25A11,9.89265848652705,-0.08477677354385,0.239620736370968,-0.353795647354172,0.723492035706919,0.999799029641296
SLC25A13,11.2335691448066,0.134564652286381,0.211538468379632,0.636123790236053,0.524695740492883,0.999799029641296
SLC25A15,10.3502141519007,0.0878365675133543,0.217964284038074,0.40298605755983,0.686958481327175,0.999799029641296
SLC25A20,11.3874405004092,0.107035685055408,0.211132371791575,0.506960084553359,0.61218282565914,0.999799029641296
SLC25A22,9.87774861665343,0.133479785920092,0.227042903187179,0.587905563425818,0.556595681983196,0.999799029641296
SLC25A23,11.401581005404,-0.0316223427285044,0.218020935450904,-0.145042688965186,0.884677167217595,0.999799029641296
SLC25A25,11.988462664489,0.0154264109316362,0.209996728007108,0.0734602442525391,0.941439879054296,0.999799029641296
SLC25A3,12.7705559314061,0.0183025016448826,0.203277115106933,0.0900371969331355,0.928257655976784,0.999799029641296
SLC25A30,9.47381644045054,-0.0896215310704919,0.236120495015955,-0.379558458338977,0.704273202440062,0.999799029641296
SLC25A39,11.9042273001374,-0.0725410933661769,0.215365785655782,-0.336827380195474,0.73624703150753,0.999799029641296
SLC25A4,10.576147566656,0.0446165852829862,0.221662111925945,0.201281964226219,0.840478104426612,0.999799029641296
SLC25A42,11.107049225706,0.217053536200905,0.215848787765563,1.00558144638111,0.314616952577985,0.999799029641296
SLC25A43,9.37548747843648,-0.138965607805765,0.244198258261924,-0.569068791869563,0.569309456286927,0.999799029641296
SLC25A46,10.088890062691,0.0443537661161319,0.225611381444822,0.196593655125416,0.844145536194275,0.999799029641296
SLC25A47,10.6165609055095,0.406152963269948,0.209239626518982,1.94109007947929,0.0522473521598566,0.999799029641296
SLC25A5,12.8540342606679,0.00942537374032703,0.203252358365536,0.0463727644595204,0.963013143965225,0.999799029641296
SLC25A6,11.2619613314256,0.135416347639034,0.218132541947254,0.620798466978754,0.534732232047179,0.999799029641296
SLC26A1,8.96730764882205,0.0517267753696703,0.238302908503029,0.217063130679384,0.828159146389329,0.999799029641296
SLC27A2,12.2378395962163,0.0224126875408491,0.207166687249406,0.108186735224794,0.913847566951454,0.999799029641296
SLC27A4,10.2159730985531,0.0818605512068689,0.227146864131885,0.360386006294762,0.718558489932233,0.999799029641296
SLC27A5,11.676704410741,0.108936217272338,0.209794941340132,0.519250924624175,0.60358577106111,0.999799029641296
SLC29A1,10.9824158756146,-0.0735366027366687,0.224219800619678,-0.327966586953673,0.742936926322878,0.999799029641296
SLC2A10,8.76165654027599,-0.172980451731434,0.274924160067123,-0.629193344408875,0.529222485590548,0.999799029641296
SLC2A2,10.5772937564591,0.0872491914079314,0.217524602304376,0.401100337541801,0.688346252347028,0.999799029641296
SLC30A1,9.48807163417903,0.080496318311346,0.22851993193916,0.352250753920131,0.724650216860425,0.999799029641296
SLC30A5,9.20702843157976,0.0736018818622515,0.243297059976259,0.302518583123995,0.762256769410505,0.999799029641296
SLC30A7,9.68461403732574,0.00288513500819668,0.235209686463644,0.0122662253054898,0.990213213630477,0.999799029641296
SLC30A9,9.90703073659135,0.0223616660178203,0.229419857453986,0.0974704904186652,0.922352767856632,0.999799029641296
SLC31A1,11.6105978342182,0.0786579354192505,0.207748699729818,0.378620590750012,0.704969629426196,0.999799029641296
SLC35A2,9.64029414607033,-0.0130794515794791,0.235558813347686,-0.0555252057590125,0.955720049629915,0.999799029641296
SLC35A4,11.1217297941145,-0.0784336118339602,0.223167797546654,-0.35145577765342,0.725246443298743,0.999799029641296
SLC35A5,9.4046970545662,0.0520756980978012,0.232181628338902,0.224288624687347,0.822532726939251,0.999799029641296
SLC35B1,10.1444591625169,-0.0256617461288502,0.23070968647465,-0.111229599939966,0.911434279906206,0.999799029641296
SLC35B4,9.4047420027533,-0.126707054988804,0.242068785908693,-0.523434091318973,0.600672205373467,0.999799029641296
SLC35C1,11.1224938467343,0.0587245418842664,0.217765987495704,0.26966810822753,0.787415597784781,0.999799029641296
SLC35C2,10.8009738951125,-0.0434453093935226,0.225791972280459,-0.19241299393744,0.847418714880348,0.999799029641296
SLC35D1,9.01470000684531,-0.477575620043255,0.372037355273865,-1.28367652676087,0.199255160914034,0.999799029641296
SLC35D2,10.7877779006324,0.00246653575447116,0.222434014083295,0.01108884252544,0.991152565069163,0.999799029641296
SLC35E1,10.3961194651924,0.0163874424716527,0.225172358929704,0.0727773273306989,0.941983313272,0.999799029641296
SLC35F6,11.2055562972597,-0.187178134751406,0.226342187092837,-0.826969718529019,0.408254225112186,0.999799029641296
SLC37A4,9.87510282605092,0.240065562786287,0.22477367890346,1.06803236018304,0.285505914911413,0.999799029641296
SLC38A10,12.1842552031192,0.159239165399345,0.204196927771832,0.77983134779225,0.43549015208678,0.999799029641296
SLC38A2,12.3536324179789,0.16739410570851,0.198632252028467,0.842733765534309,0.399377358504227,0.999799029641296
SLC38A3,12.9543067795395,0.10683766632982,0.199292604406023,0.536084450540662,0.591900186168617,0.999799029641296
SLC38A4,11.7386673309392,0.231836924453667,0.202600297958759,1.14430692743038,0.252496371377732,0.999799029641296
SLC38A7,9.44390200067597,-0.524514688316606,0.26864158375677,-1.95247020577241,0.0508824049323114,0.999799029641296
SLC39A1,11.2053918965195,-0.136951932724485,0.224998266209497,-0.608679946879983,0.542736601414874,0.999799029641296
SLC39A11,10.0461537499199,0.0983247680019058,0.224554392378699,0.437866153319711,0.661483312528063,0.999799029641296
SLC39A14,12.1139360519695,-0.0585903005444696,0.218222440478008,-0.268488888750991,0.788323026500129,0.999799029641296
SLC39A3,10.2426766083989,-0.049828081527133,0.232475525329414,-0.214336891836366,0.830284350926966,0.999799029641296
SLC39A5,9.74190994011401,0.181174598921801,0.381725696649633,0.474619865814515,0.635057943987837,0.999799029641296
SLC39A6,9.34861732779462,-0.0798199791659462,0.239992895456131,-0.332593092033996,0.739441458549744,0.999799029641296
SLC39A8,9.97474058648558,0.0404631538747882,0.221660838198878,0.18254534361403,0.855154773039634,0.999799029641296
SLC39A9,11.0682072912586,0.0559290255053373,0.215937321317867,0.259005831710804,0.795630740940817,0.999799029641296
SLC3A2,11.2626312740352,0.0708995709863273,0.213912978574631,0.331441184442166,0.740311260489896,0.999799029641296
SLC40A1,12.7999456952592,0.0361088239103905,0.200905282293134,0.179730584971407,0.857364081085723,0.999799029641296
SLC43A1,11.1360794112853,0.18723452442513,0.212516970139784,0.881033285492333,0.378299804443195,0.999799029641296
SLC43A3,11.7086971148324,0.0183335573567613,0.213932741092515,0.0856977630592456,0.931706680408296,0.999799029641296
SLC44A1,10.7190610923137,-0.0132828527182187,0.220932314004256,-0.0601218195630847,0.952058611896957,0.999799029641296
SLC44A2,10.2720657908789,-0.00271351471592407,0.22890892920663,-0.011854123495002,0.990541999388765,0.999799029641296
SLC46A1,10.2514566528333,-0.23399980817991,0.232681307616444,-1.00566655128842,0.314575998412232,0.999799029641296
SLC46A3,9.93376142564704,0.166913467125596,0.221669796470252,0.75298245310563,0.451460458344733,0.999799029641296
SLC47A1,11.4820835304782,0.073486864418904,0.209649934487545,0.350521761900526,0.725947161185035,0.999799029641296
SLC4A1AP,9.92161632051401,-0.0118073838496547,0.231254769388118,-0.0510579041500252,0.959279379835706,0.999799029641296
SLC4A2,12.6307775205829,-0.0781361333312688,0.209887714533636,-0.37227587858053,0.70968745615526,0.999799029641296
SLC50A1,9.69645446488651,-0.177878719113476,0.246175854797137,-0.722567691539281,0.469945523605862,0.999799029641296
SLC5A6,10.5071559049373,0.0202226550495419,0.223908680921906,0.0903165297847254,0.928035684964515,0.999799029641296
SLC9A3R1,13.7895482483311,-0.0856214981641924,0.200950119699307,-0.426083339946811,0.670047119466648,0.999799029641296
SLC9A3R2,12.4916054761922,0.0565463274838036,0.204072888202156,0.27708887732205,0.781711862190778,0.999799029641296
SLC9A8,10.2719880853751,-0.0103936834117819,0.229085599350757,-0.0453703045553204,0.963812150136355,0.999799029641296
SLCO1B1,10.8971538696333,0.0636745144428691,0.219851711892781,0.2896248289116,0.772103270025346,0.999799029641296
SLCO2B1,12.3792101153143,0.189481030132425,0.198079709141811,0.956589803939838,0.338774337171127,0.999799029641296
SLK,10.314054034133,0.066722238977589,0.221887611213318,0.30070285859017,0.763641088780533,0.999799029641296
SLPI,9.47385883625393,0.0767790919134846,0.234770188315407,0.327039359061782,0.743638116321794,0.999799029641296
SLTM,10.2266731525365,-0.0792541710897326,0.248327170152645,-0.319152233889734,0.749611076125756,0.999799029641296
SLU7,10.3272165574763,0.0459683075149643,0.223492163430804,0.205681965798307,0.837039346572477,0.999799029641296
SLX1A-SULT1A3,9.61566447729484,-0.0661089191452441,0.239890845798818,-0.275579165703912,0.782871313594166,0.999799029641296
SMAD1,9.80920909527492,0.0937551795394851,0.226542415161101,0.413852653035472,0.678982020470474,0.999799029641296
SMAD3,10.8842582751537,-0.0831745836444974,0.225462724637239,-0.368906140819162,0.712197685990275,0.999799029641296
SMAD4,10.5492182727393,0.137103174425192,0.220999785826081,0.620376956080346,0.535009640151379,0.999799029641296
SMAD5,9.9656704826172,-0.0441077754385574,0.231141309821933,-0.190826016658542,0.848661904875937,0.999799029641296
SMAP1,9.92156029173891,-0.0199396344697673,0.231037742160542,-0.0863046629667622,0.931224231797851,0.999799029641296
SMAP2,11.9326372834232,-0.0113056010943859,0.210947067982716,-0.053594492696681,0.957258244398989,0.999799029641296
SMARCA1,10.4527818280657,-0.0925186116220289,0.219894715152476,-0.420740496459299,0.673944586425873,0.999799029641296
SMARCA2,7.88460698791869,0.183703867192014,0.316483507641481,0.580453207691687,0.5616090328844,0.999799029641296
SMARCA5,10.7471489511404,0.0248925498157525,0.22098051240788,0.112645905037121,0.910311289681872,0.999799029641296
SMARCB1,10.7190559041755,-0.0115716237538062,0.224315604467354,-0.0515863521010207,0.958858294306042,0.999799029641296
SMARCC1,9.33685862334326,-0.0233869854158027,0.243973153273416,-0.0958588480003506,0.923632678551183,0.999799029641296
SMARCC2,11.1101288868068,-0.321798423397052,0.234572334154904,-1.37185156363984,0.170109651443673,0.999799029641296
SMARCD2,11.8068733529944,-0.00661624471980326,0.212642928968887,-0.0311143415484619,0.975178352305703,0.999799029641296
SMARCE1,11.1933233306249,-0.0364504376067225,0.219797100697033,-0.165836753492784,0.868285421476332,0.999799029641296
SMC1A,11.1644247083918,-0.0609035312849258,0.218267512295114,-0.279031591300585,0.780220580852831,0.999799029641296
SMC3,10.1581940708695,-0.219199991851041,0.238887818548875,-0.917585472472276,0.358835926394478,0.999799029641296
SMC4,8.12221811076791,-0.855846555658008,0.341591279494955,-2.50546956855392,0.01222889211006,0.999799029641296
SMCR8,9.58655988203579,-0.0790099160470838,0.237373079389168,-0.332851207265794,0.73924660217439,0.999799029641296
SMG1,10.7186682003375,0.0687851277539676,0.218357964658457,0.315010848638186,0.752753416883235,0.999799029641296
SMG5,12.2268834023346,-0.211864585885346,0.219300791087055,-0.966091297870615,0.333998498593646,0.999799029641296
SMG7,8.39703359176463,0.0878823400884058,0.239171338753243,0.367445115064877,0.713287024548169,0.999799029641296
SMIM10L1,9.95001705158004,-0.0122388783098548,0.231200350802171,-0.0529362445488981,0.957782705894912,0.999799029641296
SMIM12,9.72445819997093,0.0352328813190296,0.22989301695477,0.153257727380043,0.87819503544624,0.999799029641296
SMIM14,11.362478101484,0.143198993624311,0.207863322640829,0.68890938432533,0.490880293523747,0.999799029641296
SMIM15,10.2422755122436,0.00346938576857671,0.226944528066089,0.0152873735187234,0.987802915780167,0.999799029641296
SMIM7,10.0195912426996,-0.00436815117962386,0.231128899491398,-0.0188991994910028,0.984921518141314,0.999799029641296
SMLR1,9.838063349781,0.0897255650085977,0.226623680615093,0.395923165509747,0.692161710947376,0.999799029641296
SMN1,10.5780915177777,0.062021574781687,0.221384812771688,0.280152798221299,0.779360278678313,0.999799029641296
SMO,11.6808993519439,-0.0726889012715861,0.216077484495265,-0.336402015422291,0.736567729871075,0.999799029641296
SMOC1,12.240026055578,0.0950484648650413,0.204405217058436,0.465000190469056,0.641931320195048,0.999799029641296
SMPD1,11.6943250062489,0.0497741820657482,0.211670164570617,0.235149730084623,0.814092521606744,0.999799029641296
SMPD4,11.1357716376182,-0.00770353748213005,0.222138305766908,-0.0346790142993774,0.97233569502355,0.999799029641296
SMS,10.7321104674149,0.00481168318171094,0.222475483887198,0.0216279254578479,0.982744757444774,0.999799029641296
SMTN,9.36236954260876,0.0878931070408359,0.235174914808567,0.37373504360523,0.708601450525746,0.999799029641296
SMU1,10.6193416669606,0.0556722303531577,0.221420183174618,0.251432500664373,0.801479742687194,0.999799029641296
SMURF1,10.0876924806536,-0.137043987630136,0.234726269453824,-0.583845974926534,0.559323943506083,0.999799029641296
SMYD2,9.55592918486753,-0.180658402747253,0.24622627092124,-0.733708885210872,0.463126182094447,0.999799029641296
SMYD5,9.48722980124317,-0.0705449149254473,0.241797700671294,-0.291751802145331,0.770476398959589,0.999799029641296
SNAP23,10.7601443620824,0.0195847392050306,0.220781972367155,0.0887062426114286,0.92931537121061,0.999799029641296
SNAP29,11.2768698684662,-0.0277807445239083,0.218085834418038,-0.12738445208072,0.898636121430123,0.999799029641296
SNAPC4,9.7692261558326,0.0899742368083909,0.234448337183521,0.383769993377948,0.701148930040659,0.999799029641296
SNAPIN,9.41788896378124,-0.113205832596383,0.244005549767422,-0.463947777844754,0.642685160927106,0.999799029641296
SND1,13.245923599316,-0.0626295836708513,0.20390303096732,-0.307153765070265,0.758726335649299,0.999799029641296
SNF8,9.58423195267102,-0.0972373591137322,0.241512191088038,-0.402618843693429,0.687228645050011,0.999799029641296
SNHG16,10.3529666533483,-0.0504345978784946,0.230025634168604,-0.219256423575501,0.826450304928942,0.999799029641296
SNIP1,9.41808454207478,-0.0186044828352191,0.235806314319375,-0.0788973055658775,0.937114306409462,0.999799029641296
SNN,9.58602162726574,-0.0465443309066302,0.237540006820483,-0.195943123558994,0.844654683722169,0.999799029641296
SNORD141A,10.7316820611534,0.0673090560300974,0.221213162714827,0.30427238236663,0.760920383949738,0.999799029641296
SNORD141B,10.5654157199637,0.09784450313832,0.219872120739796,0.445006410131061,0.6563151217282,0.999799029641296
SNRK,9.10005587722338,-0.143260406510969,0.259903229997038,-0.551206718410547,0.581491975050816,0.999799029641296
SNRNP200,9.09384617494301,0.352471465200484,0.492648977664233,0.715461679980817,0.474323811236789,0.999799029641296
SNRNP27,9.90758806882929,-0.00657841858663521,0.231082659000599,-0.0284678158676466,0.977289036837549,0.999799029641296
SNRNP70,11.4869441985394,-0.111389373130319,0.222369088924893,-0.500921120236914,0.616426637883448,0.999799029641296
SNRPA,10.8172314479538,-0.0989860579517301,0.229159307967384,-0.431953032280141,0.665775549672023,0.999799029641296
SNRPB,10.4939304949017,-0.116947520196339,0.233619490316993,-0.500589741196914,0.61665988383885,0.999799029641296
SNRPB2,10.1039050739601,-0.0402824565998089,0.230657328215301,-0.174641997769992,0.861360946229741,0.999799029641296
SNRPC,11.2343448064132,-0.122299811830052,0.224507508213194,-0.544747090212746,0.585927472831376,0.999799029641296
SNRPD2,10.3833163588752,-0.0662185700125383,0.230051982437561,-0.287841770850686,0.773467861323673,0.999799029641296
SNRPD3,12.0876019291866,-0.0202554500535142,0.210624455379729,-0.0961685575257451,0.923386702501745,0.999799029641296
SNRPF,9.71333995977811,-0.00155677260441949,0.235523730889653,-0.00660983332141958,0.994726154445681,0.999799029641296
SNRPN,10.2156018493669,0.0266291363013864,0.226633995996951,0.1174984193534,0.906465096541864,0.999799029641296
SNTA1,9.65234844013191,-0.0148402098574914,0.235728820285816,-0.0629545841679352,0.949802669125391,0.999799029641296
SNTB1,11.3160553941165,-0.0337248523001232,0.218797949537402,-0.154136966874812,0.877501741203353,0.999799029641296
SNU13,10.5783865555322,-0.0417399191637409,0.227936848635095,-0.183120541560889,0.854703438458931,0.999799029641296
SNW1,9.97752995693649,0.0755000720070638,0.228265668318289,0.3307552667175,0.74082935273101,0.999799029641296
SNX1,11.4163202536606,0.0557198362343848,0.213988485753222,0.260387076614219,0.79456521060245,0.999799029641296
SNX10,9.96337854275826,0.0761090018880691,0.227024760753836,0.335245378677414,0.737439993351836,0.999799029641296
SNX12,9.85007772472469,-0.0512741606056331,0.234974394399316,-0.218211693817573,0.827264174267958,0.999799029641296
SNX15,9.31754812734842,-0.10076897434097,0.243181480582963,-0.414377666010599,0.678597542715833,0.999799029641296
SNX17,10.8427660310094,-0.0282619476557833,0.222265788092121,-0.127153836397303,0.898818641939072,0.999799029641296
SNX18,10.6621186349282,-0.0145649676557687,0.222650270221854,-0.0654163484340521,0.947842507791465,0.999799029641296
SNX19,7.90069917410524,-0.712370429202832,0.37382770456961,-1.90561165075496,0.0567006094150443,0.999799029641296
SNX2,10.8297095167419,0.00674665528013691,0.220613046902168,0.0305813974960816,0.975603377858468,0.999799029641296
SNX3,12.226298015759,-0.0460446645707108,0.21037936433085,-0.218864928683307,0.826755266972024,0.999799029641296
SNX4,10.5769972845459,0.024614039157731,0.221238691683438,0.111255580886142,0.911413677979097,0.999799029641296
SNX5,10.4099482810559,0.0871264085698749,0.221686882889027,0.393015623813381,0.694307941870108,0.999799029641296
SNX6,10.0615810897805,-0.0673441801662529,0.23250372771847,-0.289647743832294,0.772085737595235,0.999799029641296
SNX8,10.1309650692014,-0.0747440754721235,0.232777084837735,-0.321097222796765,0.748136714855685,0.999799029641296
SNX9,11.5421208879231,0.0593029405056265,0.210407741165986,0.28184771233699,0.778060284175679,0.999799029641296
SOCS2,9.65697794011579,0.364767654784107,0.215705441766797,1.69104521330743,0.090828167671749,0.999799029641296
SOCS3,10.0363497954913,0.192965714519179,0.222612107114328,0.866824886662954,0.386037964131624,0.999799029641296
SOD1,14.1395651610368,0.0761789284743553,0.191211300785452,0.398401810779121,0.690334023350935,0.999799029641296
SOD2,9.85081790846136,0.0281482237706195,0.232364631256415,0.121138159531507,0.903581604784293,0.999799029641296
SORBS3,11.2765355383452,0.0995704339439155,0.214296632200545,0.464638351622505,0.642190462954112,0.999799029641296
SORD,13.3282294771481,0.0936591513939019,0.194204160311737,0.482271601409361,0.629613018327326,0.999799029641296
SORT1,9.37734260991055,-0.277970890880805,0.253731841429773,-1.09553018381314,0.273284429391849,0.999799029641296
SOWAHB,9.94702477955657,0.0687965694894912,0.226396645661684,0.303876275588894,0.761222152960082,0.999799029641296
SOWAHC,10.9256968071513,0.136831280303319,0.212068486376293,0.645222129140521,0.518783247597455,0.999799029641296
SOX12,10.366887358373,-0.222162271770312,0.240160077265879,-0.92505912847604,0.354935151559054,0.999799029641296
SOX9,9.5891070358975,-0.147418998622479,0.252389538077004,-0.584093143264528,0.559157647718186,0.999799029641296
SP1,7.80395234766815,-0.0748626567764546,0.696260124245057,-0.10752110334859,0.914375584318052,0.999799029641296
SP100,9.94949246622987,-0.049519752981716,0.235448461947614,-0.210320987328148,0.833417156087627,0.999799029641296
SP3,10.9708095200053,-0.0395398359473203,0.220170281048028,-0.179587525433076,0.857476398717342,0.999799029641296
SPAG5,9.37770978005298,-0.436140925481939,0.263608660545547,-1.65450150453832,0.098025657877693,0.999799029641296
SPAG9,9.16509008687708,-0.0432566259463104,0.233588276536378,-0.185183206056892,0.853085340902196,0.999799029641296
SPARC,13.7226003162099,-0.0429332110177687,0.199934639738922,-0.214736231169505,0.829972973058015,0.999799029641296
SPARCL1,11.876480878113,-0.220675112830527,0.22368294964343,-0.986553124332017,0.32386175981168,0.999799029641296
SPATA20,11.4450357000357,-0.0649418509346394,0.219412806704063,-0.295980220617801,0.767245186665853,0.999799029641296
SPATS2L,12.226677455952,0.00295270331660496,0.207779930524196,0.014210724342605,0.988661864063212,0.999799029641296
SPCS1,11.7926801948379,-0.116645838130677,0.218489050876299,-0.533874982123101,0.5934280320234,0.999799029641296
SPCS2,10.9279981127284,-0.0150935776904286,0.222120452574306,-0.0679522192373499,0.945823669840758,0.999799029641296
SPCS3,9.76953617199379,0.15916232445733,0.23162612304135,0.687151873750078,0.491987028113024,0.999799029641296
SPECC1L,9.75625544489244,0.0636908798000629,0.232408626597836,0.274046969479644,0.78404852637313,0.999799029641296
SPEN,10.9447791046878,-0.28645980773275,0.254361311250025,-1.12619252639083,0.260084036236431,0.999799029641296
SPG21,11.177752941851,0.0311842946766539,0.215352968334611,0.144805501952499,0.884864438085706,0.999799029641296
SPG7,10.3240837441765,0.131872757130798,0.22114690837435,0.596312912987089,0.550966206175424,0.999799029641296
SPIDR,11.4742331888048,-0.037453606362673,0.216176838053739,-0.173254483227118,0.862451399683455,0.999799029641296
SPON2,11.7073411799936,-0.257639972620079,0.22949093438116,-1.12265860660171,0.261582514398293,0.999799029641296
SPOP,10.7598193769784,-0.0378041451422913,0.224034055246948,-0.16874285072696,0.865998912040755,0.999799029641296
SPP1,12.0578207081441,-0.255819671868415,0.227308367087671,-1.12543007169528,0.260406834063334,0.999799029641296
SPPL3,10.2713970397398,-0.0168244529476414,0.22852390324276,-0.0736222894362559,0.941310934861667,0.999799029641296
SPR,10.8976541321309,-0.0146503474028883,0.22233301723199,-0.0658937101888091,0.947462448243493,0.999799029641296
SPRED2,9.85199891691391,0.0240663138171183,0.231916244751553,0.103771574271996,0.917350625097177,0.999799029641296
SPRY4,10.1186296569652,0.0905353337703905,0.224555752266021,0.403175304381147,0.686819265739175,0.999799029641296
SPRYD3,10.6754237885976,-0.134462654521796,0.231238631831664,-0.581488713441626,0.56091112283676,0.999799029641296
SPRYD4,10.6467406409525,0.182196262605751,0.214293338314703,0.850218975720956,0.395203353693999,0.999799029641296
SPSB1,11.1493920901052,-0.00860832566539314,0.219228353079993,-0.0392664796521648,0.968677931357341,0.999799029641296
SPTBN1,12.4092556233224,0.0364315912866775,0.203598694320975,0.178938236358445,0.857986199013623,0.999799029641296
SPTLC1,9.86498064131846,-0.0239055072022147,0.233063943944563,-0.102570594136607,0.918303782192941,0.999799029641296
SPTSSA,11.1506255410216,-0.0685642927019582,0.220023086404002,-0.311623174742953,0.755326919766516,0.999799029641296
SPTY2D1,9.64278253658787,0.0245067278935989,0.231686467003021,0.105775396425201,0.915760558065469,0.999799029641296
SQLE,11.4159058847439,-0.199272649224501,0.22442117336602,-0.887940501494024,0.374572757019693,0.999799029641296
SQRDL,10.802155744866,0.0561123475142108,0.219242331462044,0.25593756068921,0.797999051038182,0.999799029641296
SQSTM1,12.0559382692475,0.0349905720267502,0.212523537136211,0.164643279037483,0.869224764293894,0.999799029641296
SRC,8.58319545212679,-0.0284025038897574,0.323641254467928,-0.0877592194989223,0.930068050782411,0.999799029641296
SREBF1,11.8053018668316,0.0466682800373815,0.210673784292726,0.221519161456449,0.824688218484615,0.999799029641296
SREBF2,9.86674001104847,0.0519726498049584,0.241488397099022,0.215217999826497,0.829597357904207,0.999799029641296
SREK1,10.0336844842249,0.0208940381383101,0.227453925843538,0.0918605298230059,0.926808851457873,0.999799029641296
SRF,10.9552235893268,-0.0399350987129048,0.22241878186258,-0.179549129702448,0.857506544122948,0.999799029641296
SRGN,10.4126038969673,0.169372305933359,0.219402432265446,0.771970958500783,0.44013162826019,0.999799029641296
SRM,10.6483029179743,-0.109554916376957,0.231533970725392,-0.473169945791212,0.636091937795273,0.999799029641296
SRP14,12.64681786676,-0.0723824731735894,0.209835025884546,-0.34494943286263,0.730132386718383,0.999799029641296
SRP19,10.2988732122252,-0.0937312184850384,0.23212588582173,-0.403794769175476,0.686363643329835,0.999799029641296
SRP54,10.9685941246908,0.0146127634573981,0.218867227357603,0.066765425019629,0.946768448804866,0.999799029641296
SRP68,11.6257447245939,-0.114820479828209,0.218702511566282,-0.525007595961744,0.599577910489564,0.999799029641296
SRP72,10.1731815363744,-0.0731822730470042,0.233727928994991,-0.313108807157456,0.754197998146881,0.999799029641296
SRP9,11.709964853346,0.0166669692088084,0.211449005057161,0.07882264191455,0.937173694432742,0.999799029641296
SRPK1,9.8367287991547,-0.201081472535299,0.240922628940323,-0.834630907938113,0.403925554155072,0.999799029641296
SRPRA,12.8119341893282,0.0294003786245305,0.202086646732611,0.14548402430286,0.884328728312236,0.999799029641296
SRPRB,11.0814694066662,-0.050788236196136,0.221600783033344,-0.229187981652997,0.818722813252208,0.999799029641296
SRRM1,10.298656423606,-0.0430132493302525,0.22540535525228,-0.190826208552636,0.848661754529086,0.999799029641296
SRRM2,8.66424582295827,0.27267558148789,0.272065687336325,1.00224171654109,0.316226864284468,0.999799029641296
SRRT,10.7596003734212,0.0339589595945139,0.220976497243967,0.153676793767899,0.877864583288658,0.999799029641296
SRSF1,12.5640917885957,0.0229456229944493,0.204795764698355,0.11204149181623,0.910790507957376,0.999799029641296
SRSF10,10.7327565373953,0.0280532285395278,0.220922475752724,0.126982229598619,0.898954463409956,0.999799029641296
SRSF2,12.9128180377896,-0.00190851350421931,0.202967563052617,-0.00940304684904035,0.992497564652308,0.999799029641296
SRSF3,11.3613750534561,0.0282651025773859,0.214984582737839,0.131475021219794,0.89539954521402,0.999799029641296
SRSF4,10.6055763238588,0.0676563541620479,0.223807949479038,0.302296474810359,0.76242606540859,0.999799029641296
SRSF5,12.4235814637479,0.0698261590791981,0.203888696716447,0.342471947703443,0.731995751544146,0.999799029641296
SRSF6,10.7447566378164,0.159229063525331,0.21564415819015,0.738388022479729,0.460278690926074,0.999799029641296
SRSF7,10.9425675060036,0.0324263237129837,0.219011306581288,0.148057761122704,0.882297183716807,0.999799029641296
SRSF8,9.79612194194564,0.192261447686447,0.223613882939022,0.859792089648011,0.389903660523064,0.999799029641296
SRSF9,10.9970237696107,0.00250751020314024,0.220321108695293,0.0113811618777217,0.990919342691728,0.999799029641296
SRXN1,11.7212026950488,-0.136881522672444,0.220544034178187,-0.62065393508605,0.534827344350386,0.999799029641296
SS18,10.6480813214233,0.0635867428440419,0.219766383230243,0.289337895584439,0.772322815370252,0.999799029641296
SSB,11.0671770802294,-0.0434840025545922,0.22162251737272,-0.196207511177493,0.844447749255351,0.999799029641296
SSBP3,10.3820364127233,0.197950780170183,0.218008258823518,0.907996702686518,0.363879963746074,0.999799029641296
SSFA2,10.6630091334597,0.143542705181508,0.214442271671068,0.669376909985768,0.503255076943156,0.999799029641296
SSNA1,9.48833068966472,-0.0403259759239221,0.239817157667024,-0.168153005882561,0.866462910303305,0.999799029641296
SSR1,11.8506131478472,-0.0307237094650293,0.212482438394767,-0.144594111857604,0.885031346433476,0.999799029641296
SSR2,12.1995479880458,-0.100533602862704,0.21477720755087,-0.468083201234899,0.639725091905027,0.999799029641296
SSR3,11.1798849823644,-0.0469608457066908,0.221664035749256,-0.211855953754322,0.832219414359045,0.999799029641296
SSR4,10.5641192155692,0.0561571678564583,0.223193598060568,0.251607431146922,0.801344514158559,0.999799029641296
SSRP1,11.9337489433189,0.00760099416667747,0.210928231981291,0.0360359260364524,0.971253712713009,0.999799029641296
SSU72,11.890985593161,0.00723955649337608,0.21115002453425,0.0342863161363345,0.972648836596382,0.999799029641296
ST13,13.3725124683294,0.0510658497221606,0.196762653251809,0.259530194771304,0.795226187843966,0.999799029641296
ST14,8.4556895798256,-0.247114721123273,0.335563452783622,-0.736417267951461,0.461476799016833,0.999799029641296
ST3GAL1,10.6344846852573,0.0195362524759774,0.224201572434734,0.0871370002619604,0.930562615267417,0.999799029641296
ST3GAL2,9.906266543239,-0.075209890698223,0.237075392693254,-0.317240392787349,0.751061202589921,0.999799029641296
ST3GAL4,9.45930590043581,0.0106667697293124,0.236040675665745,0.0451903880516656,0.963955555648419,0.999799029641296
ST3GAL6,9.22178415099356,0.111338387182117,0.229579354924357,0.484966896168873,0.627699827960556,0.999799029641296
ST6GAL1,13.2345909639043,0.139296612581931,0.19473895895871,0.715299153937996,0.47442421124899,0.999799029641296
STAM,8.89750942451359,-0.121332960202631,0.244623616027685,-0.495998555547879,0.619895430056769,0.999799029641296
STAMBP,10.0046821161211,-0.028629708396421,0.230900396774947,-0.123991594628248,0.901321930221285,0.999799029641296
STARD13,9.36335034426654,0.0838567171219795,0.230835753213055,0.3632743886281,0.716399923314502,0.999799029641296
STARD7,11.793394146169,0.000800093179464693,0.211160044962076,0.00378903679248784,0.996976793276891,0.999799029641296
STAT1,11.8918893953161,0.0158473243743577,0.211327666429986,0.07498935015027,0.940223185383046,0.999799029641296
STAT2,10.6895725613145,0.00923884293216777,0.22298023606557,0.041433461077918,0.966950337609578,0.999799029641296
STAT3,12.7027554718307,0.0723657536189788,0.201164693991607,0.35973386871753,0.719046161713561,0.999799029641296
STAT5A,9.4731238995866,-0.0421288364667513,0.237871933185377,-0.177107218588583,0.859424171947398,0.999799029641296
STAT5B,11.2771048726587,0.0139053691120095,0.215201452284277,0.0646155914117195,0.948480070501402,0.999799029641296
STAT6,13.2897487359802,0.005170999127585,0.200385346551475,0.0258052757677901,0.979412653797339,0.999799029641296
STAU1,11.6664508774049,-0.098587131445696,0.221042172451698,-0.446010507190609,0.655589656104168,0.999799029641296
STAU2,9.73996123672108,-0.0351794323767577,0.233306096625918,-0.150786597030785,0.880144059392989,0.999799029641296
STBD1,11.2185409458724,0.0375953654674446,0.214086247938706,0.175608502785328,0.860601521911089,0.999799029641296
STC1,9.92278311120768,-0.361459677767221,0.253437655468278,-1.42622720013468,0.15380277063669,0.999799029641296
STEAP3,11.1348573761375,0.180852127046685,0.214150193596831,0.844510686677996,0.398384094165944,0.999799029641296
STIM1,11.4140080954952,-0.0526693245132945,0.217815714053224,-0.241806817025261,0.808929856421454,0.999799029641296
STIP1,12.2826741172599,-0.162321979685471,0.217641899668855,-0.745821369563705,0.4557753292243,0.999799029641296
STK10,10.5374884540317,-0.0392103927920161,0.228260987272537,-0.171778775079072,0.863611452505818,0.999799029641296
STK11,10.9266247803286,-0.0104570975593265,0.222370665645441,-0.0470255261815864,0.962492883079052,0.999799029641296
STK16,9.86542086454136,0.0071289103653185,0.231397268363102,0.0308081007859264,0.975422579995016,0.999799029641296
STK24,11.4445022275735,-0.0326170383517803,0.217703837008535,-0.149822983370301,0.880904275916234,0.999799029641296
STK25,10.2830058393368,-0.0669386863005525,0.232805978946957,-0.28752992772494,0.773706589920599,0.999799029641296
STK3,9.66961329692127,0.00080002330817893,0.233590495028122,0.00342489666834524,0.997267333168309,0.999799029641296
STK35,9.25139109584485,-0.0179316585960897,0.237032033938803,-0.0756507814497317,0.939696934430244,0.999799029641296
STK38,10.3681699123781,-0.215982166581195,0.237807789479015,-0.908221581195318,0.363761164170343,0.999799029641296
STK40,10.9415235390276,0.125954682683072,0.214880395935407,0.586161814039722,0.557766780138632,0.999799029641296
STMN1,10.6356267530393,-0.279336859816377,0.239384161527963,-1.16689783498374,0.243251630349741,0.999799029641296
STOM,13.0102332224088,0.098013743467134,0.197499038804227,0.496274534096803,0.619700730808614,0.999799029641296
STOML2,10.3226673914438,0.117335106648555,0.223281976346096,0.525501917211091,0.599234320873559,0.999799029641296
STRADB,9.20524674152478,0.116932186056835,0.238651498460656,0.489970466605356,0.62415479754673,0.999799029641296
STRAP,10.9558525429548,-0.010732991196947,0.22041136129189,-0.0486952720315238,0.96116214378002,0.999799029641296
STRIP1,9.96295698653839,-0.0490150323811821,0.23107698044447,-0.212115600121237,0.832016849477522,0.999799029641296
STRN,9.61549030241637,0.0115578478829674,0.231636529847056,0.049896481744908,0.960204880974073,0.999799029641296
STRN4,11.9336423779681,-0.111440581858715,0.216581988228958,-0.514542242270425,0.606872934595198,0.999799029641296
STT3A,12.0029045351207,-0.0597239927092041,0.213744233169975,-0.279418030715757,0.77992403540215,0.999799029641296
STT3B,11.5820505403134,-0.0922719723179074,0.22100847022278,-0.417504235131332,0.67630962719726,0.999799029641296
STUB1,11.863285526774,0.0215960142761329,0.211280009419746,0.102215133061778,0.918585916223017,0.999799029641296
STX10,9.69846634883228,-0.069976135841702,0.23963209903151,-0.292014868310696,0.770275255922175,0.999799029641296
STX12,10.1728862250483,0.0191011770411201,0.225345009961563,0.0847641447413375,0.932448899265186,0.999799029641296
STX16,11.7253251587894,-0.019371655182078,0.212786046745968,-0.0910381835572359,0.927462250923444,0.999799029641296
STX17,9.91725194692079,-0.0106974476487022,0.235306408679574,-0.0454617777251844,0.963739240337692,0.999799029641296
STX18,9.68275392135692,-0.0852341195834752,0.239340131907612,-0.356121302784176,0.721749724353847,0.999799029641296
STX4,10.0205351331163,0.0446796280353933,0.228042181060077,0.195927033444846,0.844667277695912,0.999799029641296
STX6,9.71323930151563,-0.143983067710603,0.241196716941034,-0.596952850505851,0.550538860263598,0.999799029641296
STX7,9.76916071151822,0.0143628506821891,0.231485781398674,0.0620463623960247,0.950525911246099,0.999799029641296
STXBP2,10.9560849415767,-0.0378290231181665,0.222256451614226,-0.170204387064664,0.86484940168315,0.999799029641296
STXBP3,9.43243155761492,-0.0163710914151994,0.233889495769734,-0.0699949835768464,0.944197652372056,0.999799029641296
STYX,10.4114036334009,0.0915938919605091,0.218670479906138,0.418867201461418,0.675313188455279,0.999799029641296
SUB1,11.5707415041406,-0.0969621355827752,0.218889373472743,-0.442973242804999,0.657785088597025,0.999799029641296
SUCLG1,11.4285492312854,0.0732071130841166,0.212243290026345,0.344920742017473,0.730153956571006,0.999799029641296
SUCLG2,11.9877474964681,0.0599675463005412,0.205730265473451,0.291486263154022,0.770679448401254,0.999799029641296
SUDS3,9.99181996166539,0.0886410053908865,0.233287702542012,0.379964329130994,0.703971894093952,0.999799029641296
SUGP1,10.4108454681219,-0.0443495621544921,0.230152550144419,-0.192696375194032,0.847196762428452,0.999799029641296
SULF2,10.3149057419367,0.248836736199045,0.22009051893476,1.13061088411903,0.258218904404834,0.999799029641296
SULT1A1,11.5974980057164,0.250288223285256,0.203395571471457,1.23054903051505,0.218491578350172,0.999799029641296
SULT2A1,12.43209685484,0.0742531439703139,0.20510436880463,0.362026145045418,0.717332492825412,0.999799029641296
SUMF1,9.97628427101662,-0.0263611718481035,0.233059653694009,-0.113109117902981,0.909944046344062,0.999799029641296
SUMF2,12.002960111492,-0.0749465278742784,0.213707998482501,-0.350695942156865,0.725816470142774,0.999799029641296
SUMO1,11.5696844029157,-0.0156466387727144,0.214414690780279,-0.0729737254279292,0.9418270258232,0.999799029641296
SUMO2,6.55518517285423,-1.95303467794717,1.09501549395318,-1.78356807618896,0.0744938768708157,0.999799029641296
SUMO3,11.2618909506983,-0.0469038238308243,0.2197763588147,-0.213416147595612,0.831002386657051,0.999799029641296
SUN2,11.8347880188487,0.111813974346688,0.206239499350921,0.542155962842181,0.587711069147943,0.999799029641296
SUPT16H,11.4736256109501,-0.0598467755990869,0.217541442216229,-0.275105170717776,0.783235439144903,0.999799029641296
SUPT4H1,9.34830483292741,0.0850883472223499,0.237704427190592,0.357958613678346,0.720374285576769,0.999799029641296
SUPT5H,10.719646360278,0.00550611077406147,0.245782883866439,0.0224023361083742,0.98212701687549,0.999799029641296
SUPT6H,12.1703972588954,0.0046065765715337,0.212368040544121,0.021691477492239,0.982694062150792,0.999799029641296
SUPT7L,10.6622859508329,-0.0655163158272021,0.225920407964571,-0.289997333208943,0.771818277775907,0.999799029641296
SUPV3L1,9.64097901916841,0.0360611881274965,0.231679359863247,0.155651276612566,0.876307904577767,0.999799029641296
SURF1,10.1719107691751,0.023184816248956,0.2272543981956,0.102021419312645,0.918739673636626,0.999799029641296
SURF4,13.7218131777675,0.0271594266137995,0.196455929080615,0.13824691746847,0.890045276279961,0.999799029641296
SURF6,9.99040260190445,-0.0629278691104683,0.236796195129585,-0.265746960486554,0.790434094082319,0.999799029641296
SUSD6,9.99095159533635,-0.21029018825392,0.234209408706417,-0.897872503992869,0.369253525072732,0.999799029641296
SWAP70,9.66978965331029,-0.0343088024794228,0.237008603935202,-0.14475762444811,0.884902240522042,0.999799029641296
SYAP1,10.6183946641232,0.00419355639956831,0.225309458256792,0.0186124294648509,0.98515028727509,0.999799029641296
SYBU,10.8287963017176,0.0668343226604229,0.21473330508005,0.311243393918367,0.755615596532552,0.999799029641296
SYF2,10.1169767347437,0.154217321788906,0.223203922942338,0.690925677989748,0.48961224837054,0.999799029641296
SYMPK,12.2694938451502,-0.00768336244120615,0.209360085554607,-0.0366992706410703,0.970724790196907,0.999799029641296
SYNCRIP,11.4165639185388,-0.017432636669258,0.214680292998901,-0.0812027803099151,0.935280688452876,0.999799029641296
SYNE2,9.58561279244406,-0.006717638867987,0.240924575886327,-0.0278827464706486,0.977755669415684,0.999799029641296
SYNGR2,10.4818237870554,0.0307573455156516,0.225451763253133,0.136425393493675,0.891485000240886,0.999799029641296
SYNJ2,9.33689290821353,-0.0118479965570366,0.242434583343217,-0.0488709011464064,0.961022178663891,0.999799029641296
SYNJ2BP,10.4382916287444,0.100683287390301,0.223746610783866,0.44998798881275,0.652719101312956,0.999799029641296
SYNPO,11.527650910781,0.0209520232952777,0.212566894752263,0.0985667279925988,0.921482288554058,0.999799029641296
SYNRG,9.58791022215133,-0.0202814204797421,0.235787923755564,-0.086015518338282,0.931454081096473,0.999799029641296
SYPL1,10.7451755407814,-0.1201984311876,0.22741361337492,-0.528545452507446,0.597120808590824,0.999799029641296
SYVN1,12.4077187549478,-0.108052065681921,0.213264294688505,-0.506658021867852,0.612394789458014,0.999799029641296
SZRD1,12.0592040399365,-0.0152484903717463,0.210681289555037,-0.0723770506813936,0.942301847790617,0.999799029641296
TAB1,10.3685731125698,-0.0704882845995451,0.230308703004235,-0.30606001284393,0.759558953007885,0.999799029641296
TAB2,8.38410782096663,0.0185235714532581,0.256669974991469,0.0721688286831124,0.942467551575611,0.999799029641296
TACO1,10.7024023619062,-0.0203071732460164,0.224642169142682,-0.0903978684123115,0.927971050520153,0.999799029641296
TADA1,9.41774188646629,-0.0111580952417042,0.235859422200868,-0.0473082446212452,0.962267557184156,0.999799029641296
TADA2B,10.242025615127,-0.0516645145979279,0.230526072635178,-0.224115710675773,0.82266726804458,0.999799029641296
TADA3,11.3755569594123,0.0320111548745389,0.215190596072098,0.148757220152007,0.881745208329668,0.999799029641296
TAF12,9.5862791724251,-0.0702256423406159,0.239538793413109,-0.293170226584153,0.769392040474969,0.999799029641296
TAF15,11.9614391317346,0.0761860711315125,0.209323634664085,0.363963062526471,0.715885592223814,0.999799029641296
TAF1C,9.74008525604762,0.134588622659168,0.228668956009024,0.588574089846534,0.556147019226657,0.999799029641296
TAF5L,9.9493322340623,-0.0651115915991233,0.232779752550273,-0.279713295017191,0.779697477385478,0.999799029641296
TAF6,10.829644332804,-0.131554864650525,0.229174991804998,-0.574036737666661,0.565942941209548,0.999799029641296
TAF7,11.2772402479943,-0.00342091232132619,0.216696946383424,-0.0157866198782202,0.987404622898531,0.999799029641296
TAF9,9.9768202583588,-0.0610739926074094,0.234657679647904,-0.260268458714195,0.794656700703059,0.999799029641296
TAF9B,9.41790368138549,0.0102909141615978,0.233803900188939,0.0440151518143264,0.964892326171083,0.999799029641296
TAGLN2,13.149083069893,-0.067808145817891,0.205363812802704,-0.33018546399426,0.741259829562808,0.999799029641296
TALDO1,12.6864810955083,-0.0622599911588273,0.208524712533826,-0.298573681758356,0.765265348849705,0.999799029641296
TANK,10.2722914913442,0.10387873148823,0.222254113653652,0.46738721628392,0.6402228670987,0.999799029641296
TAOK2,9.69765128886697,-0.000116702285116887,0.235987225966013,-0.000494527975568029,0.999605423779492,0.999799029641296
TAOK3,8.21288237662677,-0.344593934026101,0.285300307389544,-1.20782882142359,0.227113112868858,0.999799029641296
TAP2,11.206926494296,-0.175499953085419,0.228360370713733,-0.768521931090318,0.442177166461901,0.999799029641296
TAPBP,13.1477956601768,-0.114955485867317,0.208296595231814,-0.551883652919929,0.58102806896992,0.999799029641296
TAPT1,9.3486183101442,0.0714648197968445,0.227186887378226,0.314564016530885,0.753092703762552,0.999799029641296
TARDBP,10.397382919799,-0.0243081795337754,0.228721382806796,-0.106278561433449,0.915361340741064,0.999799029641296
TARS,11.5703845726582,-0.01459253137209,0.214470019219621,-0.0680399592688382,0.945753825073593,0.999799029641296
TARS2,9.79363596482797,-0.268936283368941,0.248209545146237,-1.08350500062555,0.278584332464571,0.999799029641296
TAT,13.2985338384269,0.127009532687817,0.191695952383409,0.662557195958872,0.507614191923411,0.999799029641296
TATDN2,9.30661645123686,-0.203769036045481,0.254856822575569,-0.799543186586895,0.423975515499325,0.999799029641296
TAX1BP1,11.4580527899402,-0.0591090551270477,0.217617998810194,-0.271618411391618,0.785915441274741,0.999799029641296
TBC1D13,9.64054639499123,-0.0685707807613533,0.242199006774089,-0.283117514289861,0.777086756165754,0.999799029641296
TBC1D14,10.4509123721128,-0.0640021881616446,0.223795041699133,-0.285985729065831,0.774889051841478,0.999799029641296
TBC1D15,9.93522559265159,0.116222157653852,0.224577681636224,0.517514281949493,0.604797201746551,0.999799029641296
TBC1D16,9.65412162524969,-0.243392507579628,0.241878520723943,-1.00625928607118,0.314290859919115,0.999799029641296
TBC1D20,9.66937229865518,-0.0422510399412749,0.237844443292115,-0.177641484309907,0.859004542889214,0.999799029641296
TBC1D22A,9.88092311857379,-0.0894997639975721,0.239620783719076,-0.373505847900484,0.70877199374862,0.999799029641296
TBC1D23,9.59935890440492,0.0486722788188769,0.228434428271583,0.213068928300996,0.831273199781643,0.999799029641296
TBC1D24,9.14007243022641,-0.0368243507809563,0.253953165780993,-0.145004495879028,0.884707322111684,0.999799029641296
TBC1D2B,8.0931585250784,0.0782624716398444,0.25984218808614,0.301192320678502,0.763267845317877,0.999799029641296
TBC1D4,9.25334589809456,0.0725603495577504,0.235123264529691,0.308605572072549,0.757621581731076,0.999799029641296
TBC1D5,7.72560455817258,0.509853659665347,0.353741600950746,1.4413166511799,0.149495245225163,0.999799029641296
TBC1D8,9.76667849047301,0.110581551088369,0.227222827875081,0.486665675814769,0.62649527325276,0.999799029641296
TBC1D9B,12.8131142201168,-0.0506596758230673,0.20564022698964,-0.246351001283516,0.805410532822859,0.999799029641296
TBCA,11.5412319751464,0.0125151782331663,0.214668059785378,0.0583001413702569,0.953509554911161,0.999799029641296
TBCB,9.9068158505547,-0.0665112600066284,0.234865219021097,-0.283189057468121,0.777031916052784,0.999799029641296
TBCD,7.8357033267046,-0.743769857547578,0.566864635127518,-1.31207666073623,0.189494269932272,0.999799029641296
TBCE,9.71175318722667,-0.100172899837835,0.241819280187053,-0.414246952353629,0.678693259188147,0.999799029641296
TBK1,9.40410772297239,0.121954925789896,0.236898193484461,0.514798884685861,0.606693564814797,0.999799029641296
TBL1X,8.23792539608182,0.267725340345556,0.325493241874245,0.822521963294684,0.410779891793016,0.999799029641296
TBL2,9.87942425967679,-0.013924960548934,0.233125913844821,-0.0597315001120085,0.952369483056366,0.999799029641296
TBL3,10.8153039828152,0.0272833148256285,0.220850849006375,0.123537287487814,0.901681649271442,0.999799029641296
TBRG4,10.2838298377026,0.0303816126787432,0.225253919588306,0.134877176540463,0.892708985119275,0.999799029641296
TBX3,11.2052001952519,-0.11024029833536,0.228685667189858,-0.482060374355848,0.629763058078064,0.999799029641296
TCAF1,9.12474560138582,0.0210262474663067,0.23356098850701,0.090024655233362,0.928267622331957,0.999799029641296
TCAIM,10.8287220309783,0.0452515948113793,0.217721186250953,0.207841944969107,0.835352380340633,0.999799029641296
TCEA1,11.4848928969368,-0.00853526453216298,0.214719079250999,-0.0397508435763435,0.968291766370939,0.999799029641296
TCEA3,10.6068823985254,0.15169914912699,0.220432885883653,0.68818746585325,0.491334736018788,0.999799029641296
TCEAL4,11.2908637116327,-0.0102737531641383,0.218193429291889,-0.0470855295573293,0.962445060286434,0.999799029641296
TCEAL8,9.3376966382907,0.0573702957523339,0.233349191449877,0.245855986883319,0.805793715571668,0.999799029641296
TCEB1,9.59967834015903,-0.0817019261975682,0.239425398224142,-0.341241684481116,0.732921644822335,0.999799029641296
TCEB2,10.2575234067863,0.0324636848820801,0.227207200409145,0.142881408791714,0.886383841546623,0.999799029641296
TCEB3,10.3258577437986,0.0362218984690542,0.22526107206767,0.160799636335624,0.872251211671272,0.999799029641296
TCERG1,8.62536398532733,-0.187681915958645,0.270870047163796,-0.692885455308954,0.488381438035433,0.999799029641296
TCF20,10.2149793164441,-0.0739411665780632,0.232318036297703,-0.318275618012334,0.750275877450072,0.999799029641296
TCF25,9.50009804740434,0.165158870797929,0.234243667741109,0.705072937042919,0.480764847285924,0.999799029641296
TCF3,9.5303568673388,-0.107402621219306,0.24707737967962,-0.434692246447539,0.663785827100796,0.999799029641296
TCF4,9.39339721901631,0.00340476797715622,0.238353167842655,0.0142845509794265,0.988602964907955,0.999799029641296
TCF7L2,9.69721059445982,-0.124848067616571,0.244238120836548,-0.511173551405283,0.609229536921137,0.999799029641296
TCOF1,10.2299644377599,-0.0517686575777208,0.23029010055613,-0.224797581193043,0.822136747853156,0.999799029641296
TCP1,11.7926058001451,-0.028439426645004,0.212568019862599,-0.13378977074438,0.893568816234936,0.999799029641296
TCTA,10.5756630553492,-0.0108435761191229,0.224708119732306,-0.0482562718785634,0.961512003911621,0.999799029641296
TDO2,11.4584269347234,0.394874813448604,0.201450086274653,1.96016204684191,0.049976852963108,0.999799029641296
TDP2,10.7143293217439,0.0336022862702135,0.221225738441729,0.151891396122808,0.879272594455336,0.999799029641296
TECPR2,9.51566632444561,0.058601228514575,0.235122600469762,0.249236901929006,0.803177536259559,0.999799029641296
TECR,12.1286919237321,-0.0201655882238805,0.210711178396241,-0.0957025079417439,0.923756848995767,0.999799029641296
TEF,10.5773489676011,-0.142330344149103,0.2298569438675,-0.619212723158578,0.535776231221233,0.999799029641296
TELO2,10.0061168047499,0.00581031426480682,0.231308176588788,0.0251193639174123,0.979959754882407,0.999799029641296
TEN1-CDK3,10.005889381209,0.0575190080828768,0.227891810085383,0.25239611753194,0.80073490079033,0.999799029641296
TERF1,9.89418466996863,-0.0119866842796987,0.23110139836084,-0.0518676406318531,0.958634158589537,0.999799029641296
TERF2IP,10.8436462659605,0.0263145096177273,0.220790726801188,0.119183038160032,0.905130344447617,0.999799029641296
TES,9.43249080581817,-0.0751508144708295,0.242313764678803,-0.310138446201952,0.756455676826129,0.999799029641296
TESK1,10.2833961216327,-0.0638139100397298,0.232377549505671,-0.274613060407423,0.783613531227504,0.999799029641296
TEX2,11.2070966335984,0.0369234570435837,0.213869289132021,0.172644970175175,0.862930501526719,0.999799029641296
TEX261,11.4294953826764,-0.0225333883646686,0.21615167360412,-0.104248040225394,0.916972511040586,0.999799029641296
TEX264,11.0521414458995,-0.0104176415726954,0.220298360174055,-0.047288784013029,0.962283067144239,0.999799029641296
TF,17.8286491117642,0.0835320223717378,0.174310000094448,0.479215319410688,0.631785457013033,0.999799029641296
TFAM,9.97847014610459,0.0477760812098918,0.227521026398042,0.20998534494262,0.833679111086932,0.999799029641296
TFB2M,9.55709715263066,0.0401253220757865,0.231974722214186,0.172972820886657,0.862672791366691,0.999799029641296
TFCP2,9.79672224298937,0.0210182836150613,0.231586791171592,0.0907576961049043,0.927685124885056,0.999799029641296
TFDP2,10.1450397302187,0.0366424939460632,0.225560421780583,0.162450901877226,0.870950789236201,0.999799029641296
TFE3,10.981763560579,-0.0814346074428443,0.225288484747421,-0.361468130668745,0.717749524787644,0.999799029641296
TFG,11.6674517472491,0.0016534351161648,0.213378068339585,0.00774885220880998,0.993817372331057,0.999799029641296
TFIP11,10.1040714204793,-0.0698851002502869,0.232751378609579,-0.300256439587039,0.763981557280412,0.999799029641296
TFPI,12.0305186663451,0.10304527408836,0.20468175915778,0.503441413208329,0.614653961314239,0.999799029641296
TFR2,13.2051125351063,0.074028438646828,0.19653714500984,0.376663854779826,0.706423427437423,0.999799029641296
TFRC,10.7605272244717,-0.0210103056892362,0.222484950493778,-0.0944347275741857,0.924763830442488,0.999799029641296
TGFB1,10.6077899827988,0.000141850788937653,0.228536807260777,0.000620691216604735,0.999504760093044,0.999799029641296
TGFBI,11.3168528230954,-0.0534866803821494,0.219643689908548,-0.243515670331432,0.807605947244569,0.999799029641296
TGFBR2,11.6690890076771,0.0255582358047495,0.21156536982648,0.120805384291918,0.903845185294769,0.999799029641296
TGIF1,9.59974218664727,0.0458935925327157,0.234805151574234,0.195453942236895,0.845037591014178,0.999799029641296
TGIF2,9.44735875709259,-0.0284212521739408,0.235905151398473,-0.120477454627236,0.904104938148232,0.999799029641296
TGM2,12.7982937366129,0.109867496530596,0.200800737015957,0.547146878857648,0.584277827865095,0.999799029641296
TGOLN2,11.5243194804401,0.155628204111905,0.211415843032989,0.736123659794128,0.461655445272983,0.999799029641296
THAP4,10.632846615118,0.0486172891931401,0.223069085025109,0.217947230059547,0.827470227293236,0.999799029641296
THBS1,10.7648116915837,0.312964584439447,0.21063023980029,1.48584830334042,0.137319250277689,0.999799029641296
THEM6,11.3866653373222,-0.0702484433078342,0.22115155554181,-0.317648425016632,0.750751637205088,0.999799029641296
THOC3,9.31703919694701,-0.909952384940225,0.295453115219036,-3.07985375028327,0.00207102263673203,0.999799029641296
THOC7,10.1737927903668,-0.0409467628889032,0.230526328787778,-0.177622934023292,0.859019112199577,0.999799029641296
THOP1,10.2951032383453,0.0611135142621269,0.226365268576088,0.269977433581357,0.787177614574111,0.999799029641296
THRA,9.41764993295653,-0.0459705219990085,0.240174139299693,-0.191404961970722,0.848208332845287,0.999799029641296
THRAP3,10.9970492013399,0.14936927276432,0.213935651586299,0.698197199282917,0.485053877762069,0.999799029641296
THRSP,9.59433164385242,0.444461851745181,0.219880429331425,2.02137977034439,0.0432404671922931,0.999799029641296
THUMPD1,8.67611114181288,0.141509656897524,0.250614826105259,0.564649981394514,0.572311861933954,0.999799029641296
THUMPD3,9.65512572046349,0.0617889410406664,0.235815674988191,0.26202219612314,0.793304329822647,0.999799029641296
THY1,10.3565317639306,-0.372395325671662,0.252114983610437,-1.47708525823709,0.139652784653766,0.999799029641296
TIA1,9.68333907179881,0.00369211861786702,0.230024007419626,0.0160510142366644,0.987193693449955,0.999799029641296
TIAL1,10.1722992009496,0.0803452820532822,0.224128267332354,0.358479021899278,0.719984864265213,0.999799029641296
TICAM1,10.5489220290832,-0.0838163910640066,0.231939287934636,-0.361372115135695,0.717821290468221,0.999799029641296
TIE1,7.12744705865799,-0.595092316379955,0.727132099476855,-0.818410185450625,0.41312300770043,0.999799029641296
TIMELESS,9.47465707939278,-0.214251300760419,0.239517752455445,-0.894511152363432,0.371048465479814,0.999799029641296
TIMM10B,10.1166707020509,0.0122940936093934,0.229040703814297,0.0536764575232936,0.957192939929692,0.999799029641296
TIMM17A,10.3953423701216,-0.0645348374005208,0.230229401563748,-0.280306672224276,0.77924223220374,0.999799029641296
TIMM23,10.6471701284134,-0.0725932454519234,0.227762684303385,-0.318723173086718,0.74993644080784,0.999799029641296
TIMM44,9.62504927024259,0.0182122897775244,0.234083148233167,0.07780265224126,0.937985036663245,0.999799029641296
TIMM8B,9.64193954335828,-0.000735745047333709,0.235522025836432,-0.00312389062008442,0.997507499958522,0.999799029641296
TIMMDC1,10.1157558219939,-0.0317873290161636,0.230693917854965,-0.137790061011266,0.890406339594927,0.999799029641296
TIMP1,11.0434473129777,0.139633853830479,0.217231864987801,0.642787161258874,0.520362214979026,0.999799029641296
TIMP2,11.2087079690732,0.122694812510392,0.213158241409338,0.575604357115964,0.564882635319229,0.999799029641296
TIMP3,12.7015108121165,0.00492237487302386,0.203451311328933,0.0241943629700451,0.980697574513902,0.999799029641296
TINAGL1,10.020338623044,0.025831473436602,0.231678229036937,0.111497198264942,0.911222087209218,0.999799029641296
TINF2,9.89328608114955,0.0377202852092279,0.229530067692394,0.164337010782304,0.86946584735078,0.999799029641296
TIPARP,9.6136369620115,0.11177261688041,0.225159808669468,0.496414602325812,0.619601924709428,0.999799029641296
TIPRL,10.3116669698637,-0.0731613405513172,0.231091365905072,-0.316590540995679,0.751554314057487,0.999799029641296
TJP1,9.22283794956112,-0.0847627196089018,0.243431616400144,-0.348199304849424,0.727690509804855,0.999799029641296
TJP2,11.4306135113953,0.08713810644756,0.212101263923966,0.410832565706903,0.681195312173778,0.999799029641296
TK2,10.5634622102252,-0.028433112885386,0.226362478081384,-0.125608771941273,0.900041618952198,0.999799029641296
TKFC,11.3304882669671,0.118185380915912,0.21154256354592,0.558683694358546,0.576377609424381,0.999799029641296
TKT,13.315625384091,-0.137760155623177,0.207773804058307,-0.663029472110535,0.50731167869043,0.999799029641296
TLE1,9.97704027551296,-0.0830308061271177,0.235309565717526,-0.352857759411238,0.724195079520548,0.999799029641296
TLE3,10.495704371481,0.0326046426534998,0.226047070672088,0.14423828876242,0.88531230699427,0.999799029641296
TLK1,10.5219990058434,-0.35250143546276,0.245007381209338,-1.43873802382132,0.150224761796138,0.999799029641296
TLN1,9.59636665550627,-0.0890142741470265,0.240567365813703,-0.3700180772481,0.711369021147157,0.999799029641296
TM2D2,9.41786631389148,0.0871097203548959,0.2325125275414,0.374645277293223,0.707924295086846,0.999799029641296
TM2D3,9.54333702799354,0.0638714345945311,0.232108732879962,0.275178937914254,0.783178767657718,0.999799029641296
TM4SF1,10.7480453425647,-0.044769644902339,0.226075182404802,-0.198029896188145,0.843021673120165,0.999799029641296
TM4SF4,12.8545066831299,-0.0205890652452988,0.203293223837688,-0.101277675943284,0.919330037078813,0.999799029641296
TM4SF5,10.3968481298203,0.0715654034371062,0.225827703832255,0.316902675015751,0.751317452201762,0.999799029641296
TM7SF3,10.1031253753678,0.0306715560122869,0.229987731851897,0.133361704841013,0.893907329935052,0.999799029641296
TM9SF1,9.87499195122134,0.0207920742846393,0.232131396082928,0.0895702806061247,0.928628702091359,0.999799029641296
TM9SF2,12.5058613933159,0.0105297884685887,0.204772359555315,0.0514219228193455,0.958989315996732,0.999799029641296
TM9SF3,11.8356506944595,0.00894827868827531,0.211135547374177,0.0423816775505693,0.966194434420925,0.999799029641296
TM9SF4,11.9186639198089,-0.0116307388767723,0.212600904746145,-0.0547069114812088,0.956371963045095,0.999799029641296
TMBIM1,9.58841384772991,0.270310202329978,0.55870578487165,0.483814933815436,0.628517215631034,0.999799029641296
TMBIM4,9.47396609230224,0.111303497505632,0.230949231186171,0.481939242377945,0.629849107982915,0.999799029641296
TMBIM6,15.3835309853458,0.0805884572186515,0.184145522598702,0.437634627664955,0.661651165198075,0.999799029641296
TMCO1,12.0171140897276,-0.0379846119416254,0.210717423403094,-0.180263270726134,0.856945889000574,0.999799029641296
TMCO3,9.06914602931289,-0.81777304534475,0.298573946731863,-2.73892968323575,0.0061639555276519,0.999799029641296
TMED10,12.7722771377193,0.00753136279085244,0.203197899257258,0.0370641764426776,0.970433835447857,0.999799029641296
TMED2,13.232616991378,-0.0251511531187233,0.201299865552756,-0.12494371543498,0.900568109600557,0.999799029641296
TMED4,10.1868247289836,-0.000494378543688947,0.229231867853539,-0.00215667458594725,0.998279223979156,0.999799029641296
TMED5,11.7374847293993,-0.0182406132738006,0.212671930919624,-0.0857687857298592,0.93165022039375,0.999799029641296
TMED7,10.675807323228,0.0290559855584658,0.219613975891683,0.132304810932418,0.894743202255737,0.999799029641296
TMED9,12.6743315121535,-0.0829461460490726,0.209806158206281,-0.395346574944287,0.692587131231076,0.999799029641296
TMEM101,10.033543029428,-0.043540247197505,0.234865985412136,-0.185383367119346,0.852928353422921,0.999799029641296
TMEM104,10.9962230796835,-0.201269159250863,0.230490163154168,-0.87322233841381,0.382541901276363,0.999799029641296
TMEM106B,9.97854374301873,0.0508536190599263,0.224282175575584,0.226739458583451,0.820626342564191,0.999799029641296
TMEM106C,10.5219635749693,-0.146791852245922,0.231582478613026,-0.633864241911024,0.526169423563214,0.999799029641296
TMEM109,11.6816821183246,-0.088819425486527,0.218717768195846,-0.406091495076868,0.684675374604273,0.999799029641296
TMEM11,9.47444359312803,0.0339965014872725,0.236132333719155,0.143972241970497,0.885522388942342,0.999799029641296
TMEM115,10.9692525236902,0.0052910094760967,0.220338832636053,0.0240130593994577,0.980842191816868,0.999799029641296
TMEM120A,10.5905093725208,0.151298507729214,0.21578581597514,0.701151310828721,0.483208591585929,0.999799029641296
TMEM123,13.247138269734,-0.00202672325318404,0.199141073581936,-0.010177324128717,0.991879810386386,0.999799029641296
TMEM127,11.5264965229809,-0.0392542374631073,0.216043430596003,-0.181696047664194,0.85582126785211,0.999799029641296
TMEM129,10.352601456151,0.0466964673682458,0.226136807191497,0.206496536093314,0.836403070236178,0.999799029641296
TMEM135,9.68348468457317,-0.0226097473391038,0.233565087927926,-0.0968027693680007,0.922883024628271,0.999799029641296
TMEM140,10.9395934027751,0.0161046229613591,0.219237238375824,0.0734575160710244,0.941442049962961,0.999799029641296
TMEM147,10.2010188788217,-0.0604592379107933,0.230378769845789,-0.262434068691588,0.792986809810833,0.999799029641296
TMEM14B,10.1450496430069,-0.0434575874414816,0.230538128681644,-0.188504989131291,0.850480804865044,0.999799029641296
TMEM14C,10.800992572604,0.0153682662048847,0.220671515666225,0.0696431805368567,0.944477667257379,0.999799029641296
TMEM161A,9.46037111070117,0.053949964007932,0.234864665091302,0.229706601403661,0.818319764888518,0.999799029641296
TMEM165,9.64160088266145,-0.195250722017191,0.245967401320296,-0.793807313364011,0.427307614449043,0.999799029641296
TMEM167A,10.7183881836972,-0.0493167739275417,0.224086104950036,-0.220079571370736,0.825809184464334,0.999799029641296
TMEM167B,10.0471068083411,0.00948922157696355,0.227333208516341,0.04174146680502,0.966704797021419,0.999799029641296
TMEM175,9.87866609820606,0.117208130070882,0.228499293278323,0.512947451124571,0.607988079627451,0.999799029641296
TMEM176A,12.2682087422909,0.0275250514203831,0.207177734063401,0.132857189238106,0.894306324717916,0.999799029641296
TMEM176B,14.4329667392968,0.0354758902033142,0.19095868776516,0.185777827751636,0.852618992724193,0.999799029641296
TMEM179B,9.37556100946983,0.0130385046825396,0.238005313924279,0.0547824099704251,0.956311814166194,0.999799029641296
TMEM183A,10.4231074556438,-0.135720978027665,0.228511803295171,-0.593934212896445,0.552556114926909,0.999799029641296
TMEM184B,10.1850224576198,-0.120253441136471,0.236548931827493,-0.50836602899635,0.611196671930379,0.999799029641296
TMEM184C,7.75562486521884,0.168225617576719,0.287497646969289,0.585137371905829,0.558455351788617,0.999799029641296
TMEM185B,10.0899855971474,-0.0844566832630252,0.232479133185516,-0.363287156596673,0.716390386478574,0.999799029641296
TMEM189,10.4226553215415,-0.142770514818901,0.235848324594643,-0.605348861664728,0.544947221932321,0.999799029641296
TMEM192,9.61228112663552,0.17528723519346,0.224055888169806,0.782337106269726,0.434016485260308,0.999799029641296
TMEM199,9.57182355685766,-0.110721877903149,0.241660196776252,-0.458171760927862,0.646829046234125,0.999799029641296
TMEM2,10.7340704070815,-0.209620499626336,0.227990356574447,-0.919427044090296,0.357872249199769,0.999799029641296
TMEM205,11.7510089196713,-0.00900143984699852,0.212851457354707,-0.0422897731538574,0.96626769783517,0.999799029641296
TMEM208,10.0607006718091,0.0234213714971152,0.229305669952275,0.102140394094877,0.91864523880845,0.999799029641296
TMEM209,9.76597360597257,0.0280923812638632,0.233463144790364,0.120328976503287,0.90422255094119,0.999799029641296
TMEM214,11.0084707774612,0.0910563781464268,0.220224528844067,0.413470645728571,0.679261824761641,0.999799029641296
TMEM219,10.0883683393806,0.0959166656037898,0.224272111203026,0.427679862151741,0.668884213226379,0.999799029641296
TMEM220,9.84972298184666,0.27335655496816,0.217348454900595,1.25768805254761,0.208504594749662,0.999799029641296
TMEM222,10.3814580564895,-0.0265234531603161,0.228488122680475,-0.116082415353412,0.90758722510482,0.999799029641296
TMEM230,12.3236602440463,-0.0385820332778537,0.208787432400257,-0.184790975368143,0.853392986568828,0.999799029641296
TMEM248,11.499386049251,-0.0361603535233634,0.216176062789032,-0.167272699191736,0.867155484360803,0.999799029641296
TMEM254,10.3398538937988,0.0728084708751172,0.22192192107262,0.328081473534523,0.742850061412911,0.999799029641296
TMEM256,9.58579663981346,0.139527515946719,0.228717564726575,0.610042854004327,0.541833420186382,0.999799029641296
TMEM259,12.7989312263974,0.0269249379070004,0.203336581315348,0.13241561224659,0.894655566624104,0.999799029641296
TMEM30A,11.2780907538388,0.041785100729942,0.212182139279146,0.196930339527634,0.843882051046647,0.999799029641296
TMEM30B,9.51806703355544,0.073823724309891,0.22976296989791,0.321303839094232,0.747980147360999,0.999799029641296
TMEM33,11.2350799349953,-0.0632949306508123,0.219720204874602,-0.288070597271361,0.773292699020432,0.999799029641296
TMEM38B,9.73908757509509,-0.197488055826623,0.243242920189741,-0.811896418907373,0.416851069478812,0.999799029641296
TMEM41B,9.90810065223516,-0.0116818752664374,0.231878423171739,-0.0503793113073971,0.959820122632873,0.999799029641296
TMEM43,9.9487834662578,-0.0491106069309922,0.235644618551466,-0.208409626465823,0.83490914052,0.999799029641296
TMEM45B,8.97300211448629,-0.0992510624862897,0.27293419224828,-0.363644663457937,0.716123370243211,0.999799029641296
TMEM50A,10.78724892,-0.0540170065120194,0.225721887605055,-0.239307791925491,0.810866923840173,0.999799029641296
TMEM56,9.18958137536118,0.280744182580253,0.242412127107532,1.15812763136111,0.246811955483686,0.999799029641296
TMEM57,11.2760863888449,0.0689201381300061,0.212398789515161,0.32448460882159,0.745571172832865,0.999799029641296
TMEM59,12.0717793983806,0.0296366027121864,0.206833947419687,0.143286936607417,0.886063572450542,0.999799029641296
TMEM63A,10.2834856274439,0.0131287320126003,0.227465750466245,0.0577174013480703,0.953973732530975,0.999799029641296
TMEM63B,9.19581443573571,-1.19027074501382,0.493620645929434,-2.41130664778551,0.0158954775733552,0.999799029641296
TMEM64,9.87812720001743,-0.118052124433518,0.23507351148502,-0.502192372452992,0.615532207830885,0.999799029641296
TMEM70,9.82278616310875,-0.0252677952377911,0.235511894646092,-0.107288828344579,0.914559847074584,0.999799029641296
TMEM9,10.7183545645266,-0.116025589520155,0.227602769095364,-0.509772310685469,0.610210986491053,0.999799029641296
TMEM94,9.44704218859009,0.106462504311028,0.237230344548065,0.448772708709944,0.653595627968997,0.999799029641296
TMEM97,10.3968219324265,0.0333762634268466,0.22223346105621,0.150185589821708,0.880618194601047,0.999799029641296
TMEM9B,9.44637691089268,-0.00213174917077689,0.237950616148653,-0.00895878819429128,0.992852016832452,0.999799029641296
TMF1,9.51761703363683,0.0219156388329753,0.231799554065495,0.0945456470843041,0.924675723683165,0.999799029641296
TMOD1,9.10716783243634,0.0687215986826811,0.236463982780329,0.290621843862463,0.771340551849383,0.999799029641296
TMOD3,10.8999946738113,-0.0378695392516623,0.220316864130426,-0.17188670236902,0.863526600964137,0.999799029641296
TMPO,11.7396205375703,-0.0486417873616496,0.21410158160507,-0.227190229035178,0.820275825162695,0.999799029641296
TMPRSS2,9.68106128523812,0.0117157860606332,0.235063557436439,0.049840928931747,0.960249150624933,0.999799029641296
TMPRSS6,11.2316508135046,0.0945921460261441,0.213169404618979,0.443741662623766,0.657229370061521,0.999799029641296
TMSB10,11.8664709811537,-0.0178677422370138,0.215740387784984,-0.0828205716160184,0.933994211536999,0.999799029641296
TMSB4X,12.3001078945304,0.0636574036412383,0.206661503304826,0.308027390797325,0.758061490144019,0.999799029641296
TMUB1,11.3595566328801,-0.0237351253159668,0.218038073639214,-0.108857709664236,0.913315350039516,0.999799029641296
TMX1,9.59992111024789,-0.00123713904090862,0.233513957688101,-0.00529792331540642,0.99577288855675,0.999799029641296
TMX2,10.1157471942925,-0.157114579675346,0.236352522546036,-0.664746785787929,0.506212463887713,0.999799029641296
TMX4,10.9548971061266,-0.0156857708983548,0.218772115873317,-0.0716991323859475,0.942841346642982,0.999799029641296
TNFAIP1,10.4375439397277,-0.109326969306191,0.230734904801536,-0.473820679191244,0.635627786873045,0.999799029641296
TNFAIP2,11.3208816776544,-0.0109249286454496,0.22032241685761,-0.0495860966000119,0.960452226308349,0.999799029641296
TNFAIP3,10.885870817377,-0.0612905252290458,0.225694847552727,-0.27156368828813,0.785957523009194,0.999799029641296
TNFAIP8L1,11.7793805361443,-0.0185000218207732,0.212711304622456,-0.0869724430189977,0.930693416370869,0.999799029641296
TNFRSF10B,11.4597088877043,0.136599679760564,0.20971234109347,0.651366910732646,0.514809665247252,0.999799029641296
TNFRSF12A,9.91957153566197,-0.200709580253071,0.246233949729162,-0.81511741363787,0.415005104833018,0.999799029641296
TNFRSF1A,11.2043517584264,-0.0643641044134084,0.23105347130444,-0.278568004410551,0.780576369834827,0.999799029641296
TNFRSF1B,11.0955463227021,0.113162109756854,0.214800542603687,0.526824133613299,0.598315722014283,0.999799029641296
TNFSF10,10.9683838636477,0.0605673519600217,0.21625003001608,0.280080201401674,0.779415974054711,0.999799029641296
TNIP1,13.0213542082347,-0.0829075970737075,0.206748307242685,-0.401007380323501,0.688414690189024,0.999799029641296
TNIP2,10.1721415122554,-0.101923590180131,0.236451075129123,-0.431055727382385,0.666427850806348,0.999799029641296
TNKS1BP1,11.6539008282818,-0.00764604458348646,0.21293764479781,-0.0359074347363359,0.971356167629678,0.999799029641296
TNKS2,10.0352485944767,0.0270175449154909,0.230280062508611,0.117324724603462,0.90660273293223,0.999799029641296
TNPO1,9.41713873706536,-0.00578298912723339,0.240066865810326,-0.0240890766316851,0.980781556380871,0.999799029641296
TNPO2,10.2853048490785,0.0933153963948842,0.22258080936872,0.419242775958735,0.675038712970797,0.999799029641296
TNPO3,10.9403537684525,-0.0529134679647089,0.22193816816943,-0.238415358661131,0.811558956345146,0.999799029641296
TNRC6B,7.37981413134149,0.126934836764934,0.393116452212756,0.322893727928324,0.746775726500265,0.999799029641296
TNS2,12.7730258391961,0.097869990292143,0.20022301199772,0.488804904669287,0.624979825319015,0.999799029641296
TOB1,13.3722219956761,0.0079564447198858,0.199344930389977,0.0399129524102804,0.96816252480204,0.999799029641296
TOB2,11.3885621273345,-0.00823288984048205,0.21655331521348,-0.0380178425454535,0.969673456017693,0.999799029641296
TOLLIP,12.3509578721917,0.00117144404625333,0.20780053081154,0.00563734867123966,0.995502070355177,0.999799029641296
TOM1,11.4430265304797,0.0270961616949512,0.214939468562893,0.126064151345115,0.899681144113978,0.999799029641296
TOM1L1,10.7449783347152,-0.00671131210285919,0.221048987238785,-0.030361198152016,0.975778989968193,0.999799029641296
TOM1L2,9.84905176543224,-0.052427807468129,0.233513169110931,-0.224517562190349,0.8223546030483,0.999799029641296
TOMM20,12.0876277451882,-0.0349586050535142,0.210566685372588,-0.166021538457789,0.868140000153629,0.999799029641296
TOMM22,10.8155426184865,0.0286757120905253,0.220696644945037,0.129932705128647,0.896619668663735,0.999799029641296
TOMM34,9.64030478141622,-0.0677186270045443,0.239450892913295,-0.282807995328985,0.777324025051383,0.999799029641296
TOMM40,10.6748290947703,-0.124305088209787,0.23137683914504,-0.537240843418495,0.591101261978299,0.999799029641296
TOMM40L,9.01266563971707,-0.692202844987525,0.373850487271111,-1.85154993387918,0.0640904780681314,0.999799029641296
TOMM7,10.2701151730008,0.00159866582332299,0.226846357698094,0.0070473506365512,0.994377074276479,0.999799029641296
TOMM70A,11.9607462327244,0.0199387577751006,0.208167239694541,0.0957823997875851,0.923693396017532,0.999799029641296
TOP1,11.780374266683,-0.0210750970823602,0.212586449186081,-0.0991365967259406,0.921029815211331,0.999799029641296
TOP2A,9.85526590549725,-0.547615042518333,0.264222057164555,-2.07255612341737,0.0382136080015765,0.999799029641296
TOR1A,9.57045411009895,0.0855326785596355,0.232585503473701,0.367747246849832,0.713061707511078,0.999799029641296
TOR1AIP1,10.6890575521844,0.0329493480890478,0.219816759787642,0.14989461277147,0.880847762083349,0.999799029641296
TOR1AIP2,11.3023206893824,0.0254193356331031,0.215901289894581,0.117735913692385,0.906276909657762,0.999799029641296
TOR1B,9.97796591760709,-0.115867522633065,0.234905515917867,-0.493251604502882,0.621834819125916,0.999799029641296
TOR3A,9.93623559284268,-0.139490758737992,0.241103848967723,-0.578550526402694,0.562892495297624,0.999799029641296
TOX4,11.7101765509663,-0.036469782937617,0.214205911618448,-0.170255725727021,0.86480902858678,0.999799029641296
TP53,9.96342961124682,0.0840563677406272,0.228453905583094,0.367935787860952,0.712921114326554,0.999799029641296
TP53BP2,10.9516767383003,-0.113257895805308,0.224684481135668,-0.504075293642204,0.61420846777609,0.999799029641296
TP53I11,9.8667385362549,0.0209325664005295,0.236465995538941,0.0885225224574939,0.929461384273404,0.999799029641296
TP53I13,9.12619803652463,0.0373591789021091,0.241644461540336,0.154603911316515,0.87713358629201,0.999799029641296
TP53I3,9.44682118876305,-0.516545893517051,0.272389819518024,-1.89634801488193,0.0579140410955553,0.999799029641296
TP53INP1,11.9941364784604,-0.00526687005597984,0.205880886472383,-0.025582122489483,0.979590645590645,0.999799029641296
TP53INP2,7.98603834800523,-0.273983355617956,0.617083782701406,-0.443997011910668,0.657044744273079,0.999799029641296
TPCN1,10.3119415350002,0.084686593478328,0.224203761663598,0.377721554937131,0.70563745352142,0.999799029641296
TPD52,10.4529533685219,-0.0934824300006783,0.229927006259784,-0.406574379936287,0.684320617390681,0.999799029641296
TPD52L1,9.38751981117049,0.22261345890552,0.227355394765592,0.979143068652668,0.327509293847028,0.999799029641296
TPD52L2,10.633533882531,-0.114161595780057,0.231504574767548,-0.493128897753689,0.621921513387176,0.999799029641296
TPGS2,9.2646811669894,-0.299165910640744,0.253820188861281,-1.17865293530392,0.238536403756197,0.999799029641296
TPI1,12.282104618002,0.0626263394109487,0.20533897545231,0.304990025751316,0.760373748946484,0.999799029641296
TPM1,11.4858524606998,-0.0918174452371738,0.221084259105776,-0.415305212630467,0.677918485787814,0.999799029641296
TPM3,13.3034235538927,-0.05654749912261,0.202461772512637,-0.279299634794418,0.780014886532964,0.999799029641296
TPM4,11.9907275608279,-0.0794776276738759,0.216921275313279,-0.366389269835768,0.714074625365317,0.999799029641296
TPMT,11.0942492456419,0.0862768579787336,0.212804380550057,0.40542801682806,0.685162920393666,0.999799029641296
TPP1,12.6301012291587,0.0312563806485179,0.203697442959774,0.153445130161454,0.878047257537901,0.999799029641296
TPP2,9.50272018679029,-0.016119993684001,0.232219688398837,-0.0694169981673341,0.944657698975514,0.999799029641296
TPR,12.1301243975384,-0.0358571734456744,0.210669923608949,-0.17020547039374,0.864848549741665,0.999799029641296
TPRG1L,11.1214719765193,0.0718302837117191,0.214302775082082,0.335181304508104,0.737488324003183,0.999799029641296
TPT1,15.6650371729238,0.116112638241708,0.182595947283646,0.635899317422075,0.524842047602323,0.999799029641296
TPX2,9.62870794787714,-0.316524127223438,0.253089732661257,-1.25063993665473,0.211065873133164,0.999799029641296
TRA2B,10.8995604038775,0.00599724731964172,0.220463444221095,0.0272029104000902,0.978297894402868,0.999799029641296
TRAF2,8.63479597563454,-0.347348676264213,0.392964856015021,-0.883917915170858,0.376740525483974,0.999799029641296
TRAF3,9.45952035754653,-0.0809465518086606,0.244461457625802,-0.331121938790719,0.740552380742067,0.999799029641296
TRAF3IP1,9.54352093159977,-0.0959416335064294,0.2396265783838,-0.400379766524745,0.688876824687451,0.999799029641296
TRAF4,10.6335255000683,0.0253999453298134,0.222992707926022,0.113904824808172,0.90931324081922,0.999799029641296
TRAF7,12.2124088001604,-0.0129826230668142,0.210598382338102,-0.061646357026482,0.950844459550437,0.999799029641296
TRAFD1,9.76906450211922,-0.00587785379947515,0.233520951437161,-0.0251705629122397,0.979918916907248,0.999799029641296
TRAK2,10.3433244346576,-0.0307036243998367,0.223902984488084,-0.137129143097558,0.890928717198848,0.999799029641296
TRAM1,12.7854991402314,-0.0764946068846202,0.206773297737368,-0.369944319318152,0.711423978315133,0.999799029641296
TRANK1,9.79535882002195,-0.0436428624176707,0.236527205904321,-0.184515190338506,0.853609311577785,0.999799029641296
TRAP1,12.7843298029929,0.0347898239642092,0.203460668535702,0.170990414091284,0.864231303039257,0.999799029641296
TRAPPC1,9.67058617901225,0.000533162433463424,0.235656495633097,0.00226245591928655,0.998194822892533,0.999799029641296
TRAPPC10,6.44189956316146,-0.755556613992886,0.850244192629442,-0.888634842251932,0.374199359348342,0.999799029641296
TRAPPC3,9.57112559726432,-0.0267126891355673,0.235546705087379,-0.113407186594514,0.909707742392284,0.999799029641296
TRAPPC5,9.8802176849454,0.0427617144748756,0.231589529983376,0.184644420142591,0.853507942707896,0.999799029641296
TRAPPC6B,9.54481839219404,0.0210298750537054,0.231899608326645,0.0906852547335202,0.92774268736803,0.999799029641296
TRAPPC9,8.54854607825519,-0.0667698773493166,0.276334071773179,-0.241627378487452,0.809068905619038,0.999799029641296
TRIB1,12.3243560767374,0.0769413974695822,0.202994186328428,0.379032517439182,0.704663716882293,0.999799029641296
TRIB2,9.64292183680723,-0.0542907231693724,0.238088201350333,-0.228027776519201,0.819624646759181,0.999799029641296
TRIB3,10.2140560566076,-0.0237303462258899,0.229312972753701,-0.103484534437474,0.917578423322279,0.999799029641296
TRIM11,9.76743397861684,-0.228772726403875,0.247950969603468,-0.922653082461169,0.3561880232919,0.999799029641296
TRIM14,10.2418436296103,0.000362089362414069,0.229096117563068,0.00158051287060501,0.998738933707422,0.999799029641296
TRIM24,10.3392300245692,-0.0449158865425353,0.232599059813853,-0.193104334035061,0.846877258472078,0.999799029641296
TRIM25,10.2125459172854,-0.155539291662946,0.237261997664032,-0.655559226485115,0.512107767207981,0.999799029641296
TRIM26,11.6254534558266,-0.0389424997639962,0.215895756859213,-0.180376401697375,0.856857079182281,0.999799029641296
TRIM28,12.3953232917581,-0.0790507906298043,0.211533236284123,-0.37370387754871,0.708624640153526,0.999799029641296
TRIM33,9.40604300284442,-0.0706302811472913,0.238887972750524,-0.295662775878014,0.767487627384033,0.999799029641296
TRIM35,9.56047494142432,0.116086871415019,0.230812463297424,0.502948886540106,0.615000209067325,0.999799029641296
TRIM39,9.75405229047123,-0.0619458847301093,0.237324101581107,-0.26101809431664,0.794078553569974,0.999799029641296
TRIM44,10.9283820864764,0.0493019958094011,0.217684057680754,0.22648418232678,0.82082486031174,0.999799029641296
TRIM47,9.8230780334994,-0.0671633291597367,0.242341951962398,-0.277142808398926,0.7816704523344,0.999799029641296
TRIM55,8.59113940166976,0.244073058905862,0.374187258360131,0.652275173600265,0.514223672665384,0.999799029641296
TRIM8,10.0051135874895,0.0973697448287788,0.230256326627132,0.422875437366182,0.672386144621434,0.999799029641296
TRIO,9.54430700264207,-0.110712238364298,0.239709022276246,-0.461860956725736,0.644181034237743,0.999799029641296
TRIOBP,10.7882655274844,-0.0715636036298534,0.227722306569779,-0.314258206443754,0.753324937824159,0.999799029641296
TRIQK,9.62998035214152,-0.00460932448768208,0.232571814060591,-0.0198189299348253,0.984187816944666,0.999799029641296
TRMT1,9.96397141732972,-0.0679210515357963,0.23685367646276,-0.286763762970238,0.774293211064423,0.999799029641296
TRMT112,10.5645205434367,-0.00318873868201299,0.226376655940072,-0.014085987217945,0.988761379928232,0.999799029641296
TRMT1L,9.54388371594214,0.0370034965594428,0.232058954665133,0.15945730951361,0.873308589982007,0.999799029641296
TRMT2A,10.577657441854,-0.0136563545641265,0.226322119667316,-0.0603403440379614,0.95188457057123,0.999799029641296
TRMT61A,9.66878693270815,-0.0484120644936812,0.239569193067447,-0.202079674242804,0.839854437665421,0.999799029641296
TRPC4AP,10.8991124450369,-0.0256036568186555,0.222242259038369,-0.115206068051329,0.908281789094969,0.999799029641296
TRUB2,10.2280548047738,0.036399772351314,0.227444364736709,0.160038136770065,0.872851032574515,0.999799029641296
TSC22D1,11.5548741031535,0.0157275938743036,0.213318914677223,0.0737280793787147,0.941226755474476,0.999799029641296
TSC22D2,10.7875744165105,0.0771406421412286,0.216482027954999,0.356337396087514,0.721587906839563,0.999799029641296
TSC22D3,11.4726817886579,0.130319817163178,0.209453157905435,0.62219074883567,0.533816448414626,0.999799029641296
TSC22D4,9.61318795882309,-0.0806376115980839,0.241897900806382,-0.33335391224675,0.738867148143266,0.999799029641296
TSFM,9.38939536125393,0.0708747851312476,0.234214773174595,0.302605955083858,0.762190175636514,0.999799029641296
TSG101,10.7602006560167,-0.0174531601304146,0.222323266231208,-0.0785035251877957,0.937427526184587,0.999799029641296
TSHZ1,9.89488223741444,0.126297448217086,0.225437258541486,0.560233250857439,0.575320349644554,0.999799029641296
TSKU,11.4259692833102,0.0517121692848735,0.2167807077323,0.238545993441133,0.811457647105177,0.999799029641296
TSN,10.9420286876489,-0.0234706123997616,0.220285424988961,-0.106546370014892,0.915148866807568,0.999799029641296
TSNAX,10.2146971819909,-0.0423238009460861,0.228532519621363,-0.185198154801815,0.853073616313928,0.999799029641296
TSPAN14,10.3397651934419,-0.0227949199357453,0.233440543820516,-0.0976476475023617,0.922212088029669,0.999799029641296
TSPAN17,9.48739581458842,-0.135484902958304,0.243965022560227,-0.555345604613698,0.578658291098011,0.999799029641296
TSPAN3,11.0250971917214,-0.053358021953083,0.223643949156401,-0.238584688538871,0.811427639079907,0.999799029641296
TSPAN31,9.71129090471619,0.00121061701012047,0.233569402806773,0.00518311472124622,0.995864491303574,0.999799029641296
TSPAN33,10.6591597194793,-0.113634089528701,0.224167428913162,-0.506916147808075,0.612213654989241,0.999799029641296
TSPAN4,9.9637905377877,0.0581915619396057,0.231869916806014,0.250966415743746,0.80184007471491,0.999799029641296
TSPAN6,10.1158540626296,0.0388738978252372,0.225634762101168,0.172286829667706,0.863212037938182,0.999799029641296
TSPAN9,11.2454818319651,0.0655966024343633,0.214117734413054,0.306357633636367,0.759332361949055,0.999799029641296
TSPYL1,11.6805383628745,0.0416455041994328,0.210225943272883,0.198098786244355,0.842967774452925,0.999799029641296
TSPYL2,9.96360909419297,0.0357425682542447,0.229935436915956,0.155446105801034,0.876469638706629,0.999799029641296
TSPYL4,9.51660083126021,0.0409219975483402,0.232170662005382,0.176258262757555,0.860091050122422,0.999799029641296
TSR1,10.1311913590299,0.0872219107787851,0.224000994862041,0.389381800882196,0.696993732666197,0.999799029641296
TSR2,10.6481151492504,-0.0156123170617514,0.224388958544611,-0.0695770289367761,0.944530320874779,0.999799029641296
TSR3,10.4094130267339,-0.0122113474036116,0.22848333909762,-0.0534452422300877,0.95737715861233,0.999799029641296
TST,12.1145469688594,0.093689880148669,0.204592110649816,0.457934960693722,0.646999168790405,0.999799029641296
TSTA3,10.5225363113356,-0.0170405891563798,0.228874106534244,-0.0744539843952606,0.94064915462396,0.999799029641296
TTC1,10.7595901762131,-0.0619910291552478,0.225722714324055,-0.274633544704994,0.783597791966548,0.999799029641296
TTC19,9.45821248577455,0.0340998163629152,0.234185637959314,0.145610194801269,0.884229119481727,0.999799029641296
TTC3,10.2981539561607,0.250066935374333,0.219858785105812,1.13739796776363,0.25537195647376,0.999799029641296
TTC31,9.94905875726761,8.15702301852663e-05,0.231332009669509,0.000352611081803167,0.999718657067691,0.999799029641296
TTC37,10.2283255975707,0.0153629348840782,0.225797592825098,0.068038523758658,0.945754967796912,0.999799029641296
TTC38,11.3161917734326,0.0953595024017582,0.211124268087337,0.451674756605007,0.65150330624669,0.999799029641296
TTC39C,11.8913068187001,0.0383670659269556,0.208643390582802,0.183888240215926,0.854101130440619,0.999799029641296
TTC4,9.82370146441169,-0.029507659660003,0.233072028735174,-0.126603178511527,0.89925448109918,0.999799029641296
TTC7A,10.4666519406641,-0.198050792470223,0.235655454717039,-0.840425241622479,0.400670001392609,0.999799029641296
TTC9,9.63783433345915,-0.491440683274495,0.265840563870561,-1.84862940447937,0.0645113437749221,0.999799029641296
TTL,8.98155146931152,-0.0819205973180574,0.254798035543405,-0.321511887418387,0.747822505222359,0.999799029641296
TTLL12,11.1767287563923,0.043389063134492,0.215558287653563,0.201286916902148,0.840474232009237,0.999799029641296
TTPAL,9.44618685441342,-0.158700075509296,0.246834612830259,-0.642940929919053,0.520262429684546,0.999799029641296
TTR,15.033068691437,0.211990666835597,0.180467272423009,1.17467651607599,0.240124158147148,0.999799029641296
TTYH3,12.0317368504883,-0.182570169521211,0.221666405396493,-0.823625795684508,0.410152214154677,0.999799029641296
TUBA1A,10.5377494613049,0.0140749921880673,0.226618638559568,0.0621087139060171,0.950476257704132,0.999799029641296
TUBA1B,13.7647108739699,-0.138062082562372,0.204538366735571,-0.674993570965883,0.499679849538754,0.999799029641296
TUBA1C,12.2270933140588,-0.0989977805077444,0.214692525703953,-0.461114238528526,0.644716646814739,0.999799029641296
TUBA4A,10.8298255145283,-0.0119432158038185,0.224800144851379,-0.0531281499472094,0.957629802705478,0.999799029641296
TUBB,11.2072739211515,-0.103191075957197,0.222979830520747,-0.462782107763758,0.643520557412746,0.999799029641296
TUBB2A,11.4428382818222,-0.0684403743704656,0.219556260840531,-0.311721351549959,0.755252299745201,0.999799029641296
TUBB2B,9.85136996146614,-0.397680289033627,0.261021739669534,-1.52355236593362,0.127620570042239,0.999799029641296
TUBB4B,12.7294414564244,-0.059688688108394,0.208397321149433,-0.286417732143465,0.774558195046798,0.999799029641296
TUBB6,9.434914962058,0.128417249629179,0.232734974681959,0.551774608885777,0.581102785603257,0.999799029641296
TUBG1,11.0245275514041,-0.217635489453575,0.232453112408331,-0.936255433187198,0.349141688354654,0.999799029641296
TUBGCP2,10.4641690348567,-0.105757582871855,0.234186357347855,-0.451595831924426,0.651560173258457,0.999799029641296
TUBGCP3,10.1321237784896,0.00310357771397508,0.22726566288982,0.0136561664200003,0.989104294313072,0.999799029641296
TUFM,13.4273911862677,-0.0367454010054723,0.201226095591674,-0.182607533567792,0.855105972808907,0.999799029641296
TUG1,9.04055962357841,-0.0178877186149543,0.25031892630396,-0.0714597129313081,0.943031886975628,0.999799029641296
TULP3,9.55914447782077,-0.473737652080901,0.265075492815256,-1.78718012385653,0.073908380719614,0.999799029641296
TUSC2,9.89289593618957,-0.145989546866863,0.24096265795013,-0.605859630321131,0.544607968590397,0.999799029641296
TWF1,10.8430730693037,-0.0117370406921821,0.220484756785925,-0.0532328894898525,0.957546350733097,0.999799029641296
TWF2,10.3964983798182,-0.0252785748847378,0.228497849078181,-0.110629377855057,0.911910250314581,0.999799029641296
TXLNA,10.5212941235596,-0.0339999575091969,0.221690273636335,-0.153366933747265,0.878108919406934,0.999799029641296
TXLNG,9.69767221920014,0.0293048040557743,0.23190804214698,0.126363897450358,0.89944387868827,0.999799029641296
TXN,12.4225040381132,-0.0204814858389012,0.208918459166767,-0.0980357883194615,0.9219038752632,0.999799029641296
TXN2,11.5000980974,0.0775488348171689,0.211976869000551,0.365836306493268,0.714487226380213,0.999799029641296
TXNDC11,11.3177796934015,0.0885732519684832,0.212508759758142,0.416798121965838,0.676826076223533,0.999799029641296
TXNDC12,10.7600068996449,0.0229880709630102,0.220766371054358,0.104128499522919,0.917067374441226,0.999799029641296
TXNDC15,10.8296205057577,0.00889606508735122,0.220646032681777,0.0403182644130358,0.967839392721669,0.999799029641296
TXNDC17,9.50179853733987,0.00857766811342587,0.23587403043631,0.0363654620966931,0.970990953207808,0.999799029641296
TXNDC5,12.742851030131,-0.0270481926471407,0.20576223555056,-0.131453629354131,0.895416466594736,0.999799029641296
TXNIP,12.5202295049027,0.104988539365729,0.201872640722449,0.520073146068742,0.603012594348946,0.999799029641296
TXNL1,11.2347236187771,-0.0498012689804193,0.219745983704528,-0.226631077123041,0.82071062492386,0.999799029641296
TXNRD1,11.959266492718,-0.132128587633828,0.216733681060101,-0.609635692004825,0.542103162689824,0.999799029641296
TXNRD2,9.72634587708928,0.11232125802251,0.227911432120854,0.492828538600684,0.622133744019467,0.999799029641296
TYK2,10.7166330429268,0.0407259699834075,0.223270245199736,0.182406616461474,0.855263633728147,0.999799029641296
TYMP,10.578503874498,-0.201305543521165,0.238323986241781,-0.844671770960308,0.398294124803437,0.999799029641296
TYW1,9.76524374489704,-0.0787019950708412,0.235977367489873,-0.333515014206685,0.738745557887621,0.999799029641296
U2AF1,9.76835456664823,-0.0180713130360607,0.235432565219785,-0.0767579158779097,0.938816130184956,0.999799029641296
U2AF2,12.1024859690073,-0.0441728642190577,0.212253500771489,-0.208113713359263,0.835140179868212,0.999799029641296
UACA,9.89521805955355,0.0558398205547475,0.229930606121848,0.242855100921867,0.808117648653479,0.999799029641296
UAP1,9.36423162482536,0.131523550671328,0.241285969358764,0.545094068340823,0.585688822084878,0.999799029641296
UBA1,13.2315775588073,-0.0276796867138981,0.202663297992275,-0.136579671741813,0.891363045505572,0.999799029641296
UBA2,11.0687117167917,-0.0491950274681676,0.219944476451176,-0.22367021105478,0.823013926843124,0.999799029641296
UBA3,10.0898230516671,-0.0251431390105789,0.230760600423851,-0.108957677196181,0.913236059116611,0.999799029641296
UBA5,9.37557492485478,-0.128101659601228,0.244124942125627,-0.524738105356342,0.599765263842339,0.999799029641296
UBA52,11.8893939646828,0.0628712334252419,0.209026030949809,0.30078183630793,0.763580859933366,0.999799029641296
UBAC1,9.25084666684147,0.0559898550566442,0.236833092787638,0.236410606294995,0.81311406679535,0.999799029641296
UBAC2,10.8997881091272,0.00552746114313793,0.220496826862019,0.0250682117371097,0.980000555569236,0.999799029641296
UBALD2,10.2429137527902,-0.0984812703592942,0.236644625587577,-0.41615680100391,0.677295268167761,0.999799029641296
UBAP1,11.3739212735466,0.0211066770277775,0.215110618811709,0.0981201074329695,0.92183692114536,0.999799029641296
UBAP2L,11.1652554065561,-0.107168753433028,0.225793576951439,-0.474631541250955,0.635049620669172,0.999799029641296
UBB,14.4337631737777,0.0428935706686543,0.190860017926485,0.224738377029682,0.822182807636539,0.999799029641296
UBC,12.8548888325359,-0.00376121766572502,0.206055645315904,-0.0182534075198895,0.985436696679275,0.999799029641296
UBD,11.069088882994,-0.431370759106419,0.248558054848266,-1.73549297917443,0.0826535239825153,0.999799029641296
UBE2A,10.0603490581682,-0.0721655709437577,0.234723385108998,-0.307449429933223,0.758501309165447,0.999799029641296
UBE2D2,10.0045939961091,-0.0115032561048241,0.231125897819493,-0.0497705199345857,0.96030525924172,0.999799029641296
UBE2D3,12.7160154779795,0.0358518161138018,0.202126357062598,0.177373285873344,0.859215189384366,0.999799029641296
UBE2E3,9.97686602926722,-0.00936355740377043,0.231098953886515,-0.0405175239710024,0.967680536404374,0.999799029641296
UBE2F,9.7679383874112,0.0343916333240724,0.231612028027391,0.148488114442853,0.881957565276233,0.999799029641296
UBE2G1,10.1727571589883,0.0837537268668732,0.223847105858275,0.374155951428295,0.708288293455804,0.999799029641296
UBE2G2,11.1621798824682,0.0507314435774371,0.217523536633063,0.233222778383817,0.815588418902997,0.999799029641296
UBE2H,12.0024715888408,-0.0402060615159518,0.2107087849501,-0.190813408778725,0.848671783019215,0.999799029641296
UBE2I,11.025896172201,0.00669273590923623,0.220246225954062,0.030387516881366,0.975758000345149,0.999799029641296
UBE2J1,10.2422428727709,0.026064411378861,0.227250715240317,0.114694518568612,0.908687258804923,0.999799029641296
UBE2J2,10.2143923028736,-0.00727393759160734,0.230865387315875,-0.0315072678333327,0.974864996131085,0.999799029641296
UBE2K,11.2492495667318,-0.0577894704590098,0.219595791709559,-0.263162923155846,0.792425006854677,0.999799029641296
UBE2L3,11.3464109970272,-0.0431483251856956,0.219490870832349,-0.196583689435781,0.844153335488545,0.999799029641296
UBE2L6,11.3607825308468,-0.0157675951789871,0.218430784977955,-0.0721857735418494,0.942454066705366,0.999799029641296
UBE2M,10.5500718896025,-0.0946906979801035,0.229688401495197,-0.412257203079031,0.68015091350124,0.999799029641296
UBE2N,9.9910674000782,-0.0253124256859588,0.232883325307805,-0.108691447326695,0.913447225708793,0.999799029641296
UBE2Q1,11.9885535097349,-0.0876871501322381,0.215090230438905,-0.407676117847413,0.683511473104644,0.999799029641296
UBE2R2,11.7236340535776,0.0303808629859205,0.211428486992147,0.143693328264932,0.885742639796749,0.999799029641296
UBE2S,9.62878461447145,-0.331199894609487,0.25584296765026,-1.29454367126573,0.195477694773383,0.999799029641296
UBE2V1,12.0586960395435,-0.0235868217157597,0.210598510995668,-0.111998995644584,0.910824202920795,0.999799029641296
UBE2V2,9.85136760367497,0.00814884763439697,0.2312566940067,0.0352372400262752,0.971890567412201,0.999799029641296
UBE2W,9.67072954734692,0.0237925183233781,0.23164737335777,0.102710071685689,0.918193079875113,0.999799029641296
UBE2Z,10.592468295864,-0.0306157135105414,0.228444767530562,-0.134018011624826,0.893388331702066,0.999799029641296
UBE3A,8.91650080939922,-0.104394604363153,0.240706296875095,-0.433701177403452,0.664505451512039,0.999799029641296
UBE3B,9.65202880932878,0.180130134383532,0.22706629416655,0.793293143945923,0.427607050381269,0.999799029641296
UBE3C,7.49832808061562,-1.15511468980219,0.714649534566639,-1.61633728692294,0.106021409299234,0.999799029641296
UBE4B,9.86475073487575,-0.282449460407032,0.25230061645567,-1.11949572052139,0.262928715569239,0.999799029641296
UBFD1,9.54223608988325,0.0540058268034186,0.239070461208005,0.225899203651221,0.821279817210911,0.999799029641296
UBIAD1,10.2133962874358,-0.0523755112976736,0.230552689135648,-0.227173716750091,0.820288664420298,0.999799029641296
UBL3,10.284352595143,0.113647614341324,0.219178205572068,0.518516948547402,0.604097638046057,0.999799029641296
UBL4A,10.5914912936396,-0.0873156294481548,0.229696722365509,-0.380134416150754,0.703845639548571,0.999799029641296
UBL5,9.89309453809169,-0.0095284599132313,0.233151941361866,-0.0408680273369139,0.967401106631593,0.999799029641296
UBL7,9.83746586453148,-0.0951538259623247,0.239136487685038,-0.397905927629287,0.690699530449643,0.999799029641296
UBN1,8.47004655779329,-0.879246913820834,0.311746976555951,-2.82038633873657,0.0047965862499332,0.999799029641296
UBN2,9.78275131599669,-0.0368976250596912,0.233274953116436,-0.158172253672147,0.874321066863507,0.999799029641296
UBP1,10.9268576735334,-0.0183568067661649,0.222203276960369,-0.0826126734820338,0.934159523743235,0.999799029641296
UBQLN1,11.9886310553565,-0.0321709074808111,0.210727872474197,-0.152665649318651,0.878661951031021,0.999799029641296
UBQLN2,10.7740332865004,0.00243409597656144,0.220721440567062,0.0110279090708538,0.991201179959214,0.999799029641296
UBQLN4,9.52411645252669,-0.473410965862359,0.310239805023623,-1.52595172571847,0.127021887313865,0.999799029641296
UBR7,9.95001414063231,-0.0218631128934045,0.231008581518868,-0.0946419944646896,0.924599192761994,0.999799029641296
UBTF,11.7230708161608,0.00352399468262567,0.212879907439805,0.0165539093144435,0.986792494552828,0.999799029641296
UBXN1,11.5148912625586,-0.0616530847506134,0.219078924581892,-0.281419515219354,0.778388651718661,0.999799029641296
UBXN2B,9.43245947591725,-0.259807516610227,0.248380256499739,-1.04600711937223,0.295557745419114,0.999799029641296
UBXN4,12.2280112974472,0.0296492279645767,0.205206358863434,0.1444849376442,0.885117549668323,0.999799029641296
UBXN6,12.4351247351181,0.0258290657001449,0.206423379967254,0.125126648465122,0.900423286662706,0.999799029641296
UCHL5,9.90743434306006,-0.0427029217888599,0.232892278093297,-0.18335911408687,0.85451625417932,0.999799029641296
UCK1,10.1999270488819,0.0563400397962777,0.225639897876922,0.249690060695778,0.802827045210792,0.999799029641296
UCK2,9.85133584480404,-0.188748291418274,0.243189532636407,-0.776136576982002,0.4376683489889,0.999799029641296
UCKL1,9.94905305093116,0.0131211313604918,0.231561051259786,0.0566638097776269,0.954813003287891,0.999799029641296
UFC1,10.2567245375664,-0.164903780966521,0.238277927702102,-0.692064861218223,0.488896597395165,0.999799029641296
UFL1,9.78202670239516,-0.327120925945859,0.247880472207506,-1.31967202996136,0.186944542387009,0.999799029641296
UFM1,10.8292765385122,-0.00791788797494223,0.220661755921338,-0.0358824660933307,0.971376076894282,0.999799029641296
UGCG,10.1060157032455,-0.0289381389006303,0.225790291378579,-0.128163787397352,0.89801935715069,0.999799029641296
UGDH,12.4775217766841,-0.016985002238274,0.206223136698501,-0.0823622533833635,0.934358651468872,0.999799029641296
UGGT1,10.9010748845779,-0.0339459272696457,0.225623426439496,-0.150453912545065,0.880406509228977,0.999799029641296
UGP2,13.1055296457709,0.114759955403555,0.194326654607697,0.590551798646619,0.55482076935867,0.999799029641296
UGT1A1,11.258875719873,0.186937020096295,0.233478772361475,0.800659598324756,0.423328737879837,0.999799029641296
UGT1A4,12.3069313515971,0.0782028492190023,0.200929182007612,0.389206029893853,0.697123743231034,0.999799029641296
UGT1A6,12.0290063262497,0.0243497538575864,0.207436599453758,0.117384077456469,0.906555701186712,0.999799029641296
UGT1A9,11.3036105906145,0.0783778800385999,0.270240101366466,0.290030530784599,0.771792880765723,0.999799029641296
UGT2B10,10.7730905342167,0.149239967265375,0.213487270423855,0.699057920264172,0.484515834598708,0.999799029641296
UGT2B15,11.9886916701474,0.032226101241184,0.204396603315938,0.157664563492632,0.87472112541042,0.999799029641296
UGT2B4,14.4621181983907,0.00602716144758608,0.191316145048513,0.0315036739113562,0.974867862243146,0.999799029641296
UGT2B7,12.1817643004755,0.251960517674166,0.195949104994523,1.28584673903567,0.198496554706133,0.999799029641296
UHMK1,11.1102346123879,-0.0417227045553024,0.218535564246289,-0.190919517833176,0.848588648415617,0.999799029641296
UMPS,10.2987680261872,-0.0166126745978041,0.226803344698653,-0.0732470441292516,0.941609531097954,0.999799029641296
UNC119,9.33445488487786,-0.120584694485564,0.246760932385561,-0.488670120183986,0.625075261099574,0.999799029641296
UNC45A,9.87907511810265,-0.0798436517805521,0.237159453306517,-0.3366665366586,0.736368292048418,0.999799029641296
UNC93B1,10.1309698436293,-0.0219391076790243,0.232899280684822,-0.0941999804143409,0.924950300333326,0.999799029641296
UNG,10.5363152239299,0.0308733787173202,0.222983205888289,0.138456071587684,0.889879984963696,0.999799029641296
UNK,11.1932416414941,-0.0370069890907934,0.219868752178004,-0.168313999712123,0.866336260803233,0.999799029641296
UPB1,10.4043969716124,0.205550773580102,0.213630053084667,0.962180978809369,0.335958702159266,0.999799029641296
UPF1,12.6180871907705,-0.00702731930032771,0.205954638692779,-0.0341207138859848,0.972780890808604,0.999799029641296
UPF2,10.53780117304,-0.0761056126862679,0.228147977336163,-0.333580045612811,0.738696477869247,0.999799029641296
UQCR10,10.8706592256784,0.0268344865959704,0.220759370961902,0.121555368087189,0.903251162387843,0.999799029641296
UQCR11,10.6047348979596,0.0292567529958648,0.223092806031743,0.131141624493719,0.895663273896139,0.999799029641296
UQCRB,12.5765709015363,-0.0620686145708572,0.208511865918383,-0.297674256078801,0.765951793840479,0.999799029641296
UQCRC1,13.17540359082,-0.0325647420521334,0.20276813853627,-0.160600882797513,0.87240775955261,0.999799029641296
UQCRC2,11.7506942248889,0.0728876712525188,0.208973067128216,0.348789785469332,0.727247132449289,0.999799029641296
UQCRFS1,11.4852912962596,0.0402168538898063,0.211911243955506,0.189781595063688,0.849480278796454,0.999799029641296
UQCRH,11.2064170937849,-0.0380029477295059,0.219711231550012,-0.172967706117725,0.862676811767154,0.999799029641296
URGCP,10.6057241745257,0.055432875039544,0.221748244926341,0.249981121870693,0.802601947810018,0.999799029641296
URI1,10.6476370809962,-0.00604881928080373,0.222622692113673,-0.0271707220111918,0.978323567531853,0.999799029641296
URM1,10.5356934575277,-0.0623124977260164,0.229814369856015,-0.271142739094412,0.786281251283256,0.999799029641296
UROD,11.5425454992111,0.024560381200263,0.213206134333073,0.115195471636358,0.908290187894414,0.999799029641296
UROS,9.48746998583543,0.0877613790050756,0.234464161187858,0.374306156473779,0.708176552249879,0.999799029641296
USB1,9.55701803298098,-0.125162114989648,0.243948605417176,-0.513067556896291,0.607904064818287,0.999799029641296
USF1,10.9288013856453,-0.0663849172021683,0.223674187335594,-0.296792929005109,0.766624604211593,0.999799029641296
USF2,11.4303198115882,-0.195675415829248,0.226409152462228,-0.864255767495502,0.387447402991177,0.999799029641296
USF3,9.26388275334124,0.0332082279291741,0.239941487805241,0.13840135873513,0.889923223236124,0.999799029641296
USMG5,11.2482564442643,0.0182132966315799,0.216734293855514,0.084035139559971,0.933028493240047,0.999799029641296
USO1,10.5654347898534,-0.154585200670187,0.233698163253494,-0.661473751090234,0.508308542726889,0.999799029641296
USP1,9.23786473509127,-0.141198279392123,0.248220262467546,-0.568842680240839,0.569462907416291,0.999799029641296
USP10,11.108551421944,0.05810753869513,0.215656755723683,0.269444555539832,0.787587603114454,0.999799029641296
USP11,10.523571554691,0.0587573756376519,0.223214468644216,0.263232827130512,0.792371130343581,0.999799029641296
USP12,10.3547388782361,0.0690660733053487,0.220326765849335,0.313471098434667,0.753922775095008,0.999799029641296
USP14,9.62706048931444,0.00821946374252243,0.232274033536012,0.0353869247345209,0.971771210733315,0.999799029641296
USP15,10.1609475025964,0.058198699993608,0.225679789796938,0.257881753815767,0.796498167049516,0.999799029641296
USP16,10.0195374037589,0.00134608864347819,0.22921789676499,0.00587252855242056,0.995314427066738,0.999799029641296
USP20,9.57105644604339,-0.0226518091810815,0.23783058192409,-0.0952434670000152,0.924121445216523,0.999799029641296
USP22,12.1293535678645,-0.0235619261354968,0.209262269132406,-0.112595195651771,0.910351494142965,0.999799029641296
USP25,8.81934960052776,0.149734418188494,0.231660865756807,0.646351802663477,0.518051546447203,0.999799029641296
USP3,10.3278072534804,-0.030833833732849,0.228441998866409,-0.134974452534363,0.892632073389671,0.999799029641296
USP30,9.47275903432823,0.100949337634605,0.231518088847435,0.436032182786065,0.662813379842389,0.999799029641296
USP36,9.78268941928754,0.0447793044445007,0.230177844498813,0.194542200801309,0.845751355407364,0.999799029641296
USP38,9.65516327820133,0.12782932198732,0.225137819582102,0.567782535269264,0.570182640156521,0.999799029641296
USP4,9.54552447430839,-0.0728529759287311,0.237128004427076,-0.307230586723617,0.75866786577363,0.999799029641296
USP47,8.98303423305643,0.153330561354094,0.247518025948053,0.619472302135576,0.535605263107298,0.999799029641296
USP48,9.50130073836009,0.0275623232964389,0.23445265160746,0.117560296748471,0.90641606533351,0.999799029641296
USP5,11.7511750499384,-0.0894829556118125,0.217073661878412,-0.412223919002822,0.680175306998668,0.999799029641296
USP7,11.5014561233914,0.0908597878326144,0.213778193632172,0.425018970779351,0.670822845406421,0.999799029641296
USP8,9.66893048573018,0.0819324083156056,0.23029928741525,0.355764923266454,0.722016619832732,0.999799029641296
USP9X,11.1778555181923,0.0619382692776288,0.216383584084818,0.286242921521026,0.774692071763068,0.999799029641296
UTP11L,9.67012511129223,0.00127415971158335,0.233455524451404,0.00545782634434328,0.995645306243824,0.999799029641296
UTP14A,9.27899501233356,-0.0643933529760275,0.242975010912539,-0.265020475703184,0.790993688297696,0.999799029641296
UTP3,10.3828611578004,0.0418120578774643,0.225221585010271,0.185648537530527,0.852720387706625,0.999799029641296
UTP4,9.50271950272685,0.0519941399971095,0.233909572823909,0.222283078753051,0.824093523820978,0.999799029641296
UTP6,9.79565258441458,-0.129120933995353,0.241134413520548,-0.535472859763961,0.592322919959908,0.999799029641296
UTRN,10.4256929927749,-0.243774961212159,0.239925905748419,-1.01604268389332,0.309609060960886,0.999799029641296
UVRAG,9.30716885690319,-0.0898433879211456,0.236741930457935,-0.379499262117866,0.70431715211714,0.999799029641296
UXS1,10.4805001431942,-0.136240220730835,0.233527259495301,-0.583401787976607,0.559622854472133,0.999799029641296
VAC14,10.2838055968009,-0.0211243241235632,0.230950707878403,-0.0914668082969689,0.92712167879493,0.999799029641296
VAMP1,9.65744474090358,-0.125054862501191,0.242026687976389,-0.516698648181272,0.605366539881676,0.999799029641296
VAMP3,10.283939395302,0.0300131946959531,0.225350746691368,0.133184358767881,0.894047580536757,0.999799029641296
VAMP7,10.7020278165738,-0.0595388829192183,0.224128795782753,-0.265645843102325,0.79051197597012,0.999799029641296
VAMP8,10.3559607605096,0.0386192297517238,0.223729637182083,0.172615618735811,0.862953574215736,0.999799029641296
VAPA,11.6266861259445,0.0314455157768089,0.211467381167736,0.148701495252671,0.881789181316473,0.999799029641296
VAPB,10.773317840584,-0.00536067271610023,0.222805060538698,-0.0240599235185197,0.98080481045997,0.999799029641296
VARS,10.354349257178,-0.0940169535524337,0.231922608300586,-0.405380718341103,0.685197681898912,0.999799029641296
VARS2,9.58669673963306,-0.0390487071775559,0.237787612158289,-0.164216742929241,0.869560521081294,0.999799029641296
VASN,9.87820894267286,0.0313953228195745,0.233833959007201,0.134263316384288,0.893194359833779,0.999799029641296
VAT1,12.073092067329,-0.0913289528196229,0.213394113446604,-0.427982531216707,0.668663838611838,0.999799029641296
VAV2,12.0734978482901,-0.00915210851183088,0.210955429281616,-0.0433840861218757,0.965395363192213,0.999799029641296
VCAM1,9.78523653795583,0.0247217159391403,0.233133427596961,0.10604106066625,0.915549774125473,0.999799029641296
VCL,10.7884135745888,0.0874324551560824,0.21639027070822,0.404049844153927,0.686176066304047,0.999799029641296
VCP,12.882220338088,-0.0588104200091933,0.205635728763399,-0.28599319954199,0.77488333010465,0.999799029641296
VCPIP1,9.5592290519212,0.00483670906208164,0.233595430466785,0.0207054951906235,0.983480585432495,0.999799029641296
VDAC1,12.1143201251708,-0.0340303838496531,0.210605237929635,-0.161583748743338,0.871633655747762,0.999799029641296
VDAC2,10.2562558815284,-0.0153433087190228,0.229239899253954,-0.0669312312950606,0.946636449799412,0.999799029641296
VDAC3,9.87912645845179,-0.0574552718365507,0.235129488950056,-0.244355874259373,0.806955213266458,0.999799029641296
VEGFA,12.6172745217799,0.0406623953052509,0.202434807373325,0.200866618902461,0.840802869959518,0.999799029641296
VEZF1,9.57112002160751,-0.0481253194081341,0.237051267096924,-0.203016503550082,0.839122132848108,0.999799029641296
VGLL4,10.6765006287265,-0.100178768353384,0.229489111534224,-0.436529505402895,0.662452596688724,0.999799029641296
VHL,10.6486793200774,-0.0114569708345946,0.22430996382455,-0.0510765132286139,0.959264551287208,0.999799029641296
VIL1,8.60925026013208,0.295757358530505,0.247323746809632,1.1958308182924,0.231762586822971,0.999799029641296
VIMP,10.3408170211442,-0.0463004822390021,0.230269198144132,-0.201071105524158,0.84064297502222,0.999799029641296
VIPAS39,9.75396889288261,-0.0544455950684123,0.235171982778586,-0.231513951726438,0.816915547917667,0.999799029641296
VKORC1,10.6876581018943,0.0464225145758593,0.221363047419412,0.209712122764119,0.833892363329761,0.999799029641296
VKORC1L1,10.5916197781736,0.0375647556924676,0.219661593696766,0.171011941870567,0.864214375664717,0.999799029641296
VMA21,10.1171267317604,-0.0431229513681762,0.23060974797882,-0.186995353605507,0.851664275976619,0.999799029641296
VMP1,10.1864217348732,0.0225880807837322,0.229461656695824,0.0984394565479633,0.921583345015214,0.999799029641296
VNN1,9.21980258461561,0.332984249037302,0.245549224843109,1.35607941442315,0.175073901869435,0.999799029641296
VOPP1,10.1470079206538,-0.124379601799888,0.233417905559687,-0.532862299066782,0.594128904631987,0.999799029641296
VPS11,10.4382998813158,-0.019350687973319,0.226850224691972,-0.0853016037325697,0.932021616587741,0.999799029641296
VPS13A,9.78426536233447,6.82174216763537e-05,0.231641068793035,0.000294496230879094,0.999765026007563,0.999799029641296
VPS13B,9.8801158000158,-0.0439005411349008,0.233130875201278,-0.188308567438776,0.850634769653405,0.999799029641296
VPS13D,10.0056398851181,-0.010175476912306,0.232053386281838,-0.0438497238732274,0.965024191255937,0.999799029641296
VPS16,10.9691761003639,-0.043054517709431,0.221852498179096,-0.194068212270813,0.846122471341914,0.999799029641296
VPS18,10.605245557675,-0.0349982638603727,0.22611074008191,-0.154783730519366,0.876991817787916,0.999799029641296
VPS25,9.70798643040214,0.0735797023638428,0.233522675416838,0.315085900041626,0.752696433815522,0.999799029641296
VPS26A,9.73817682772945,-0.0160297924973315,0.233173169653099,-0.0687462992469491,0.945191563883165,0.999799029641296
VPS26B,10.9112173939478,0.0641907339348496,0.217860766167044,0.294641091483317,0.768268068417408,0.999799029641296
VPS28,10.6891585140382,0.0926694129131638,0.221545713677298,0.418285740558923,0.675738213985737,0.999799029641296
VPS29,10.4659119863808,-0.00968598473100926,0.226531164420741,-0.0427578463907036,0.965894566943644,0.999799029641296
VPS35,10.4659351192415,-0.0232340395642236,0.223144826018015,-0.104120897530234,0.917073407161783,0.999799029641296
VPS36,10.5644972732657,0.0293341351152914,0.221415639747951,0.13248447647458,0.894601100768871,0.999799029641296
VPS37A,9.64148920929225,0.0551959401301981,0.230231964128161,0.239740560522138,0.810531388968365,0.999799029641296
VPS39,8.87349231454228,-0.222300421941087,0.286029618984941,-0.777193714168428,0.437044490213903,0.999799029641296
VPS45,9.71160178106306,-0.174405787084869,0.243544144080283,-0.71611570766151,0.473919905475206,0.999799029641296
VPS4B,10.591892505282,0.0310312504003665,0.22120869173387,0.140280430018994,0.888438426006079,0.999799029641296
VPS52,9.73959151248416,-0.073092998453795,0.237248619889624,-0.308086084917165,0.7580168292297,0.999799029641296
VPS53,9.12723243375699,-0.0928784266402963,0.241333385168051,-0.384855276345712,0.700344642746316,0.999799029641296
VPS72,9.90690411817383,-0.156686739766764,0.240820445443468,-0.650637197677412,0.515280712389699,0.999799029641296
VSNL1,9.82293698380633,0.0849923183940131,0.225793905968488,0.376415466260965,0.706608049663444,0.999799029641296
VTA1,10.0892504348926,0.0310844980502905,0.225513569531425,0.137838703519608,0.890367895309895,0.999799029641296
VTN,17.0351593035069,0.0311170836287038,0.180726550527347,0.172177710125637,0.863297820922339,0.999799029641296
VWA1,11.6124086095182,0.0107176043708569,0.216766604279587,0.0494430606895207,0.960566212637424,0.999799029641296
VWA9,10.0053749007124,0.0051166942633498,0.230993878375122,0.022150778623841,0.982327680912584,0.999799029641296
VWF,9.75395043461097,-0.484172345100226,0.269892010096237,-1.79394842006468,0.0728214019904386,0.999799029641296
WARS,11.5577048143476,-0.0536375352543244,0.219167697308399,-0.244732850292482,0.806663290496162,0.999799029641296
WASF2,11.7523062869902,-0.0572206356837291,0.213954813314564,-0.267442619295512,0.789128388607763,0.999799029641296
WASL,10.7300296669919,-0.0408821153448656,0.217923334730041,-0.187598613042103,0.851191313573156,0.999799029641296
WBP11,11.0259400980152,-0.00750954954950356,0.220170350765896,-0.0341079056438819,0.972791104362303,0.999799029641296
WBP1L,10.548621325495,0.103635600811334,0.217192914135337,0.477159216836863,0.633248749779978,0.999799029641296
WBP2,11.8323643429106,-0.0683025139267443,0.21574522496025,-0.316588763154915,0.751555663233058,0.999799029641296
WBSCR16,10.9821620336158,-0.0212691406929252,0.220236163685903,-0.0965742425629012,0.923064512317602,0.999799029641296
WBSCR22,9.8501426647387,-0.0350546930433324,0.235494844115034,-0.148855458704688,0.881667688349214,0.999799029641296
WDFY1,10.4115008303126,-0.0272215210217086,0.224665011728068,-0.12116493268056,0.903560399099783,0.999799029641296
WDR13,11.5844796796845,-0.0380731762942609,0.217737580228311,-0.174858084921946,0.861191146163401,0.999799029641296
WDR18,9.61223238548596,0.197161624579765,0.224680293397551,0.877520772286452,0.380203841270577,0.999799029641296
WDR26,10.6073458899053,0.0681717073788019,0.220767976740069,0.308793459927691,0.757478644409991,0.999799029641296
WDR33,11.152085780922,0.0404563469771883,0.215554391835077,0.187685097170936,0.851123513394529,0.999799029641296
WDR34,9.90724580327528,0.0195635587320264,0.231445171916547,0.0845278325316743,0.932636774862312,0.999799029641296
WDR43,10.7601363356417,0.0646172822446699,0.217767472090924,0.296726051986727,0.766675665719107,0.999799029641296
WDR45,9.28892306620304,0.00542452193666494,0.239184799943285,0.0226792084528415,0.98190616082134,0.999799029641296
WDR45B,11.5130246797117,-0.0947657483349646,0.218971985575214,-0.432775672586729,0.665177748499402,0.999799029641296
WDR48,10.5215176097746,-0.0156121905471684,0.22456041978137,-0.0695233405885522,0.944573054497684,0.999799029641296
WDR5,10.3955125107102,-0.0541017486461929,0.230213356345462,-0.235006993099944,0.814203305500137,0.999799029641296
WDR59,10.0741521044564,0.0134263958798537,0.231285645235903,0.058051142197603,0.953707891596165,0.999799029641296
WDR6,10.1883160874669,0.0604394571004713,0.228221545242969,0.264828007522805,0.791141960095677,0.999799029641296
WDR81,9.30472785932789,0.068516885427173,0.237546910144105,0.288435178490042,0.773013642839362,0.999799029641296
WDR82,11.3336792213832,0.0225449655783635,0.213427251452174,0.105633022142046,0.915873523439069,0.999799029641296
WDR91,9.93556749038818,-0.0517841206732619,0.235287758540862,-0.220088461016423,0.825802261269434,0.999799029641296
WDTC1,11.4578677349251,-0.0588260307419073,0.217708514248746,-0.270205466905602,0.787002187096093,0.999799029641296
WEE1,9.5153541231377,-0.0102276338874003,0.232061444141688,-0.0440729563035715,0.964846249574761,0.999799029641296
WFS1,10.6743942784586,-0.137320556765506,0.231292867176266,-0.593708567159816,0.552707051991133,0.999799029641296
WHSC1,9.32330549275377,-0.60753957417982,0.277588206524774,-2.18863611601453,0.0286232986257103,0.999799029641296
WHSC1L1,9.13795463993346,-0.118741696363599,0.236290438177121,-0.502524339451228,0.61529873580975,0.999799029641296
WIPF2,10.7883201705423,-0.0302910322694473,0.222315670018671,-0.136252349044506,0.891621792442159,0.999799029641296
WIPI2,11.3181764308234,-0.0659972969425666,0.219514854525988,-0.300650710336112,0.76368085811341,0.999799029641296
WNK1,8.93127683014366,0.173444658264662,0.269880480088046,0.642672112514686,0.520436880159231,0.999799029641296
WRNIP1,11.1779493482438,-0.024102466998672,0.219822396553395,-0.10964518345981,0.912690775439999,0.999799029641296
WSB1,9.67052209396392,0.114663401893333,0.22854939305838,0.501700749929552,0.615878036908586,0.999799029641296
WTAP,10.7327787651739,0.0533780165575111,0.219422892511684,0.24326548586843,0.807799739678084,0.999799029641296
WWC1,10.3691881225354,-0.0390293085046525,0.229772066943115,-0.169860980161331,0.865119468429456,0.999799029641296
WWP1,11.4587112990805,0.0408676017150117,0.213504192644229,0.1914135793254,0.848201581997813,0.999799029641296
WWP2,11.0658756306465,-0.0350458731210544,0.221842254658863,-0.15797654587917,0.87447528029821,0.999799029641296
WWTR1,10.45324920315,0.0478740757483425,0.221696498788321,0.215944212064681,0.829031233793531,0.999799029641296
XAB2,11.0553060766287,-0.011693585533358,0.223963619247562,-0.0522119868068051,0.95835978187156,0.999799029641296
XAF1,9.75112349390364,0.0579563757483168,0.231732611607248,0.250100213976548,0.802509850505908,0.999799029641296
XBP1,13.5964072322,0.11238257665924,0.192601709745403,0.583497295054113,0.559558577443263,0.999799029641296
XDH,9.48921599268168,0.105675629542685,0.223894355025856,0.471988807089315,0.63693477786337,0.999799029641296
XIAP,8.37210032275478,0.03211155244383,0.261589388302298,0.122755562265857,0.902300664207375,0.999799029641296
XIST,9.51242628485153,0.483295755121119,0.239942315336437,2.01421643549393,0.0439868148606964,0.999799029641296
XPC,10.4505940669305,0.0487023773752622,0.223321795379437,0.218081613093402,0.827365523255019,0.999799029641296
XPNPEP1,9.59862197718406,-0.0385743016967582,0.237663235610835,-0.162306557838513,0.871064450747036,0.999799029641296
XPNPEP2,6.91142770223443,0.599167822312552,0.928899915073834,0.645029472593855,0.51890808649041,0.999799029641296
XPNPEP3,9.99157412559331,0.00465906789299411,0.229481987024533,0.0203025429289839,0.983802027242074,0.999799029641296
XPO1,10.1334046081157,0.00795908888364747,0.227078741833927,0.0350499074434203,0.972039944913197,0.999799029641296
XPO5,8.5777889938452,-0.219610321427611,0.266018370886535,-0.825545697072485,0.409061850143253,0.999799029641296
XPO6,8.67802821757286,-0.0191857007537117,0.267556929505783,-0.0717069850859426,0.942835097180832,0.999799029641296
XPO7,10.0350177791466,0.0130278706951349,0.228071191936662,0.0571219476888291,0.954448053238307,0.999799029641296
XPR1,9.80973484023887,-0.181182280216414,0.241003679898836,-0.751782214663556,0.452182039281869,0.999799029641296
XRCC1,10.271828293475,-0.0838595534490028,0.23225780150048,-0.361062375116081,0.718052818972365,0.999799029641296
XRCC5,12.3257597051793,-0.0907243297584627,0.211510084229479,-0.428936190390009,0.667969662111509,0.999799029641296
XRCC6,12.7864522231975,0.0185347705161213,0.203063268924826,0.0912758403538894,0.927273414445087,0.999799029641296
XRN2,11.5552795053869,-0.0739338101804348,0.217293879765167,-0.340248010023735,0.733669765823291,0.999799029641296
XYLT2,11.0811428166496,-0.12841807465862,0.226850122618966,-0.566092154485279,0.571331136327924,0.999799029641296
YAP1,10.9834026470799,-0.00724045169503027,0.2188475080383,-0.0330844603163731,0.973607234837693,0.999799029641296
YARS,11.3601340347127,0.0245119136324133,0.215056673326891,0.113978856146234,0.909254554551084,0.999799029641296
YBX1,13.6649553452224,0.0426104182337312,0.196889379314546,0.216418063696863,0.828661887098202,0.999799029641296
YBX3,9.57475810902239,0.00440965822415469,0.238573379230349,0.018483446218436,0.985253183314956,0.999799029641296
YES1,10.6316694356852,0.0507300263100714,0.219534453374746,0.231080021974843,0.817252635286073,0.999799029641296
YIF1A,11.6665447982457,0.0177579586474097,0.212905203853344,0.0834078187193677,0.933527271737985,0.999799029641296
YIF1B,9.48813339467468,-0.0221132428294126,0.238240756254012,-0.092818891180128,0.926047442807752,0.999799029641296
YIPF3,10.8962570297148,-0.0466419290713481,0.224528837455554,-0.207732465904657,0.835437866477787,0.999799029641296
YIPF5,9.57178350495103,-0.00138558235303157,0.235857282349739,-0.00587466428523064,0.995312723027897,0.999799029641296
YIPF6,9.93251894580566,-0.0220783848580079,0.228425297638186,-0.0966547273278768,0.92300059378277,0.999799029641296
YKT6,10.5220956754961,-0.152983811253964,0.233498935615233,-0.65517990842603,0.512351928506925,0.999799029641296
YLPM1,7.92485101139117,0.0272209464761722,0.431762481172589,0.0630461136925213,0.949729783916808,0.999799029641296
YME1L1,11.7787516167121,-0.0264407758221442,0.212444155253624,-0.124459888249588,0.900951157925514,0.999799029641296
YPEL2,10.3286203864128,0.114572988203322,0.216318527853408,0.529649444919317,0.596355005627068,0.999799029641296
YPEL3,10.3409574340651,-0.0619856337693265,0.23247485797686,-0.266633709592358,0.789751198439913,0.999799029641296
YPEL5,10.8853264393236,0.00126068604559835,0.220515052738436,0.00571700675279392,0.995438513426018,0.999799029641296
YTHDC1,9.72678124201832,-0.023019347291368,0.233363095021563,-0.0986417637683497,0.921422709012167,0.999799029641296
YTHDF1,9.83600805166408,-0.0268645079595938,0.239165932388148,-0.112325813678157,0.910565074963267,0.999799029641296
YTHDF2,10.0882427766122,0.00629770669004895,0.229183263662792,0.0274789118079541,0.978077759435092,0.999799029641296
YTHDF3,11.1241156769909,0.0065191328983801,0.216975015720351,0.0300455463811663,0.976030728791931,0.999799029641296
YWHAB,11.975699116591,-0.0136332967723082,0.210777041721006,-0.0646811277973709,0.948427889188703,0.999799029641296
YWHAE,12.5481699515486,0.0468852600317473,0.203592118742312,0.230290152297547,0.817866312318804,0.999799029641296
YWHAG,12.4212014679263,-0.0718842223045882,0.20862222449931,-0.34456646446518,0.730420320950392,0.999799029641296
YWHAH,11.7660621088042,-0.0520532542869243,0.215461653877523,-0.241589412084034,0.80909832703923,0.999799029641296
YWHAQ,12.0871755129684,-0.0388587584258506,0.210505813042714,-0.184597080071921,0.853545076349239,0.999799029641296
YWHAZ,12.2708602002191,-0.0780206973288287,0.211755077212059,-0.3684478235707,0.712539343536218,0.999799029641296
YY1,10.6056450857756,0.0221285772895441,0.222964973326403,0.0992468770291985,0.920942256068547,0.999799029641296
YY1AP1,11.9753088999119,-0.00354564412057743,0.210913697227536,-0.0168108765205152,0.986587492915227,0.999799029641296
ZADH2,10.1603333524655,0.100362072812158,0.222575516230886,0.450912456642575,0.652052645280098,0.999799029641296
ZAK,9.55379449649865,0.0927852487368227,0.22890600088271,0.40534214209773,0.685226033580199,0.999799029641296
ZBED1,11.5276338305982,0.0416565159009752,0.21195100609766,0.19653842021293,0.844188764035894,0.999799029641296
ZBTB10,10.2443668847586,0.0599858576177044,0.223760660499885,0.268080445792817,0.788637397110222,0.999799029641296
ZBTB17,10.0885045023047,-0.0146534497031693,0.23085977472312,-0.063473377814493,0.949389557912038,0.999799029641296
ZBTB18,10.9688748492145,-0.0247760362755869,0.220520533567999,-0.112352513730641,0.910543905406787,0.999799029641296
ZBTB33,10.0477241263623,-0.0755769203248727,0.232512593774465,-0.325044416295925,0.745147455921592,0.999799029641296
ZBTB4,9.39532698745096,0.0276037555708995,0.237035222577368,0.116454235242991,0.907292554231698,0.999799029641296
ZBTB43,9.74104764193948,0.0401337438014155,0.229821574917892,0.174630009457355,0.861370366765944,0.999799029641296
ZBTB45,9.93572012833179,-0.129153153304215,0.23895155661993,-0.540499317648901,0.588852731437437,0.999799029641296
ZBTB7A,11.3883385961502,-0.000860259804973249,0.216487351632283,-0.00397371854977678,0.996829439664249,0.999799029641296
ZBTB7B,11.7235846413235,-0.100595614098963,0.218831682176123,-0.459694012761828,0.645735867652948,0.999799029641296
ZC3H14,9.99238777222059,0.118390757016385,0.224581868563217,0.527160797858705,0.59808192945024,0.999799029641296
ZC3H15,10.4511154872697,0.0809065258213576,0.222771240332877,0.363182095231246,0.716468861750065,0.999799029641296
ZC3H18,11.3468853252242,0.0196014563014445,0.216597296365973,0.0904972344083415,0.927892091559661,0.999799029641296
ZC3H3,10.7453555523229,-0.249719659788862,0.239764252679103,-1.04152164886349,0.297633511071565,0.999799029641296
ZC3H7A,9.51878523547266,0.0947863304729533,0.238515860991541,0.397400533779659,0.6910721219395,0.999799029641296
ZC3H7B,12.1279840514591,0.0588324312385129,0.208745110867522,0.281838606873289,0.778067266385808,0.999799029641296
ZC3HAV1,10.2289972339286,0.0171560877138727,0.227241076964418,0.0754972997974264,0.939819045856699,0.999799029641296
ZCCHC14,8.84857272528714,0.130822479438528,0.302280476300062,0.432785077752312,0.665170915127174,0.999799029641296
ZCCHC2,10.7184501588875,0.117826099451093,0.213782796663705,0.551148648487564,0.581531778679496,0.999799029641296
ZCCHC24,10.6891342460254,0.0922636144280129,0.216764690259583,0.42563950022268,0.670370552854412,0.999799029641296
ZCCHC3,10.1873972238403,-0.0205754410907462,0.230597707698162,-0.0892265638549982,0.928901854666899,0.999799029641296
ZCRB1,10.5359963410988,0.0465246159810645,0.221326958009691,0.210207633084748,0.833505622319575,0.999799029641296
ZDHHC12,10.0331437554426,-0.0243487895115152,0.231003526846694,-0.105404405914869,0.916054920127077,0.999799029641296
ZDHHC16,9.86414186251838,-0.0120637388066891,0.233194558596099,-0.0517325055923963,0.958741836191278,0.999799029641296
ZDHHC18,9.82298764583203,0.0103994718534912,0.231376528805658,0.0449460967677758,0.964150274040453,0.999799029641296
ZDHHC3,10.6480634384353,0.0312213538903262,0.221290790362076,0.141087452574243,0.887800855892884,0.999799029641296
ZDHHC5,11.2211417029095,-0.016571493311311,0.22030097701891,-0.0752220599997089,0.940038032735296,0.999799029641296
ZDHHC7,10.3835502190718,0.0232867102191931,0.226919992477522,0.102620795836223,0.918263937285975,0.999799029641296
ZDHHC8,9.6562504810681,-0.0110211807952647,0.236435283365105,-0.046613942887051,0.962820919293775,0.999799029641296
ZDHHC9,11.5401205863117,-0.0109553418157359,0.2162187211631,-0.050667868891297,0.959590180658692,0.999799029641296
ZEB1,8.65388872519293,-0.200397153267731,0.275887118342964,-0.726373722960891,0.467609695488441,0.999799029641296
ZEB2,9.5748436777328,0.207861882526838,0.225671051550392,0.921083502287058,0.357006832840368,0.999799029641296
ZER1,10.1760913179694,0.0869128353489743,0.227340654332145,0.382302213408758,0.702237213097047,0.999799029641296
ZFAND1,9.75340536859105,0.0273657365756642,0.231653360499282,0.118132266748399,0.905962857278251,0.999799029641296
ZFAND2B,9.9209490884558,0.0206334853125565,0.231373678388811,0.0891781876669788,0.92894030001969,0.999799029641296
ZFAND3,12.0445382592241,-0.0714472558679912,0.213701845219457,-0.334331487847566,0.738129432260596,0.999799029641296
ZFAND5,12.0990371740555,0.0276578679674106,0.208637427036864,0.13256426883813,0.894537992292212,0.999799029641296
ZFAND6,10.9417383405919,-0.00834194607567767,0.220312572501902,-0.0378641399396562,0.969796004716364,0.999799029641296
ZFP36,12.3401055637823,0.169215969961649,0.200033228346679,0.845939303985937,0.397586604948066,0.999799029641296
ZFP36L1,13.6365350836959,0.0923744766840985,0.194876370042325,0.474015790955239,0.635488646689111,0.999799029641296
ZFP36L2,12.8837440901228,0.030489380238294,0.202003996811844,0.150934539511578,0.880027354000557,0.999799029641296
ZFP64,9.80901186112719,-0.110361072947119,0.239019027445349,-0.461725052296739,0.644278503217202,0.999799029641296
ZFP91,11.1518816591582,0.0128323438611891,0.215308958668977,0.0595996745352244,0.952474477592949,0.999799029641296
ZFPL1,10.3262568008744,-0.0448278941696891,0.230261229411121,-0.194682770887369,0.845641300672215,0.999799029641296
ZFR,10.9279256783828,-0.00630511709866762,0.218642414607763,-0.0288375753166593,0.976994132563308,0.999799029641296
ZFYVE1,9.94948076716088,-0.0275617916594126,0.231166829540834,-0.119229007527414,0.905093925875864,0.999799029641296
ZFYVE19,9.94864718637678,-0.0103982351776646,0.231265008755256,-0.0449624231250173,0.96413726064801,0.999799029641296
ZFYVE26,9.86700345827699,-0.0607130594535131,0.233347676164874,-0.260182832978443,0.794722745671033,0.999799029641296
ZHX1,9.86442867338852,0.0119496435576246,0.234714137166504,0.0509114776889117,0.959396059498806,0.999799029641296
ZHX2,10.116230605353,-0.231939928763476,0.248279405936343,-0.934189156320699,0.350206328262577,0.999799029641296
ZKSCAN1,9.31653174453368,-0.558279349733074,0.325826346491205,-1.71342604962777,0.0866341873128901,0.999799029641296
ZKSCAN8,10.1184048009955,-0.0332957541677491,0.229420556748919,-0.14512977668426,0.884608408776025,0.999799029641296
ZMPSTE24,10.7170916938059,-0.0477874448032843,0.222291677865283,-0.214976310684223,0.829785788098511,0.999799029641296
ZNF146,10.829650532544,0.0062441024156524,0.220620258559882,0.0283024888847983,0.9774208955534,0.999799029641296
ZNF148,10.0069806267057,-0.0337776338227828,0.23094530700184,-0.146258152033,0.883717600378321,0.999799029641296
ZNF207,10.9966188436533,0.00775257853832601,0.220392425404567,0.0351762476595776,0.97193920212884,0.999799029641296
ZNF22,10.1734356561977,-0.0178702216909818,0.228740360198159,-0.0781244799802744,0.937729034494876,0.999799029641296
ZNF276,9.53174953315826,0.122333925602992,0.234786470085458,0.521043335923339,0.602336582937753,0.999799029641296
ZNF281,9.68814132274059,-0.269222850293171,0.251155804982435,-1.07193560711049,0.28374895563865,0.999799029641296
ZNF282,10.4517239595919,-0.0571827051760875,0.230186348117451,-0.248419185775998,0.803810090643037,0.999799029641296
ZNF3,9.73905099928748,-0.048830364218802,0.235312943123181,-0.207512445217433,0.835609674323834,0.999799029641296
ZNF316,11.5288106530805,-0.00727839676658667,0.21638357343953,-0.0336365494426991,0.973166976508247,0.999799029641296
ZNF317,10.0191562818836,-0.187559205424657,0.240978486543883,-0.778323443368883,0.436378358339674,0.999799029641296
ZNF318,8.92802230079067,-0.162386218015791,0.256600451473014,-0.632836836738259,0.526840198603926,0.999799029641296
ZNF330,9.79555561921355,0.172086738185482,0.223523611414792,0.769881701070683,0.441370069565213,0.999799029641296
ZNF331,9.70103976120444,0.145395541954945,0.238557701674135,0.609477459476669,0.542208008907761,0.999799029641296
ZNF337,10.4541354750566,-0.0383693187056568,0.228377142989648,-0.168008576529903,0.866576531894252,0.999799029641296
ZNF33A,10.7614376397968,0.0142017333893015,0.22095640484441,0.0642739159306192,0.948752122570991,0.999799029641296
ZNF33B,9.92317325921216,0.00262421910531985,0.229323738098236,0.0114432946500973,0.990869771140116,0.999799029641296
ZNF358,11.2754006759075,0.0316911581364347,0.216918684712129,0.14609694954813,0.88384485448824,0.999799029641296
ZNF408,9.61439394657172,-0.0621553134366765,0.239459927706736,-0.259564571124391,0.795199667950636,0.999799029641296
ZNF503,10.3529959435023,-0.032481074798707,0.230837332129209,-0.140709799836562,0.88809920297686,0.999799029641296
ZNF511,9.58521622964159,0.106247879810594,0.230460782912307,0.461023686841432,0.644781611067994,0.999799029641296
ZNF513,9.48938851830078,0.0715241143095428,0.23694915853087,0.301854265923567,0.762763160897551,0.999799029641296
ZNF574,9.86569217273025,-0.0296793851009384,0.233065476875747,-0.127343549541493,0.898668493305369,0.999799029641296
ZNF592,9.5314191046139,-0.127130773002297,0.255669682894993,-0.497246179377909,0.619015460074519,0.999799029641296
ZNF598,8.98335017609543,0.084243079174071,0.250140668419919,0.336782817868902,0.736280626553552,0.999799029641296
ZNF621,9.37719741471149,0.0439151788173578,0.235148608476328,0.186755001876945,0.851852729396161,0.999799029641296
ZNF622,10.1716382696731,0.00613704233464825,0.228942171536035,0.0268060807385253,0.97861440323409,0.999799029641296
ZNF629,9.08467870613044,-0.0697199745897165,0.240319876830123,-0.290113225378358,0.771729618310545,0.999799029641296
ZNF638,9.48994921267254,-0.0758960030698774,0.235626009701969,-0.322103672535448,0.747374156152997,0.999799029641296
ZNF652,6.97654513246906,-2.04216211960823,0.833651340477848,-2.44965973237405,0.0142991271179982,0.999799029641296
ZNF664,9.87861020470152,0.0458188254153995,0.232071327489397,0.197434236754184,0.843487739808689,0.999799029641296
ZNF672,10.4801090355146,-0.118808484552596,0.233824417369813,-0.508109828259257,0.611376323098503,0.999799029641296
ZNF687,10.8572454286645,-0.185496602146997,0.229130660467305,-0.809566915962632,0.418189129163306,0.999799029641296
ZNF706,10.2836160473493,-0.0252009295058155,0.230496160258806,-0.109333402680198,0.912938053883198,0.999799029641296
ZNF740,9.2796751208919,-0.242386656521256,0.25136788304519,-0.964270588528925,0.334910282451179,0.999799029641296
ZNF746,9.48701805608532,-0.0630833288664438,0.238312796087893,-0.264708105909587,0.791234332575928,0.999799029641296
ZNF768,10.7596408715938,-0.15346775615212,0.231298458296863,-0.663505313793099,0.507006977368622,0.999799029641296
ZNF770,9.6117104292125,0.0171648283771876,0.226332996215626,0.075838824493954,0.939547327572719,0.999799029641296
ZNF787,10.8707484523076,0.00797556159749624,0.2226079396055,0.0358278397959674,0.971419634365988,0.999799029641296
ZNF84,9.35106950264148,0.0603624694588341,0.235524306088272,0.256289766696992,0.797727098436675,0.999799029641296
ZNFX1,9.15425892110523,-0.478707013196339,0.321362994937906,-1.48961461256246,0.136325597593085,0.999799029641296
ZNHIT1,10.7588185100471,0.0449534019074151,0.219666680170017,0.204643698683033,0.837850511241215,0.999799029641296
ZNRF1,9.48820337053011,0.00299628585312787,0.238084751063925,0.0125849548941645,0.989958923845009,0.999799029641296
ZNRF2,10.3131325921122,0.0202153743687516,0.225316140780129,0.0897200453494294,0.928509686297746,0.999799029641296
ZRANB2,9.85143292242447,-0.0562037304209093,0.23498951871926,-0.23917547781378,0.810969516777833,0.999799029641296
ZSWIM8,12.0460400785914,-0.0036985158803283,0.208088802689599,-0.0177737380989466,0.985819355411593,0.999799029641296
ZXDB,9.54445544075235,-0.0390109667923139,0.235946953377532,-0.165337870372471,0.868678052735202,0.999799029641296
ZXDC,10.423620086115,-0.00925250546078112,0.226649458172635,-0.0408229763061408,0.967437022181049,0.999799029641296
ZYX,11.5840963857666,-0.406777569731787,0.248124725990534,-1.6394076330277,0.101128393025814,0.999799029641296
