Symbol,n_studies,method_used,pooled_log2FC,pooled_se,rem_pvalue,I2,tau2,Q,Q_pval,vote_up,vote_down,fisher_pvalue,rem_padj,fisher_padj
LGI1,3,REML,5.35618444101456,0.260586869846587,7.04180114145186e-94,0,0,0.00844149348037088,0.995788148092658,3,0,2.15004841058181e-91,5.70843609531795e-90,1.22097144941376e-90
LY6G6D,7,REML,-4.35949822936479,0.215152663698741,2.76457107774211e-91,3.86425074938034,0.0151071537980703,7.91807622056444,0.244166921371171,0,7,1.5428765231131e-97,1.49406636278109e-87,9.54757903405831e-97
CCR8,3,REML,-2.4338012718763,0.131058974683733,5.59152878950153e-77,0,0,0.170179415640493,0.918429890362304,0,3,1.70446806979297e-74,2.26638640660471e-73,7.39089083058397e-74
RORB,2,REML,2.66384453805265,0.145754312778149,1.27888387307069e-74,0,0,0.22516486785229,0.635132416559969,2,0,2.21395263400923e-73,4.14690884681904e-71,9.42121103810804e-73
VEGFD,3,REML,3.34546864575067,0.183650874130994,3.82094185375719e-74,15.3292033228935,0.0214535123706336,1.64333630663701,0.439697559441751,3,0,2.15120621491804e-117,8.8498471821379e-71,1.75616849760655e-116
GSDMC,2,REML,-2.55374334648642,0.145687216404779,8.61516845899748e-69,0,0,0.0705549428821619,0.790530491321682,0,2,1.81970493596631e-67,1.74597157782158e-65,7.11255451466292e-67
REG1B,5,REML,-5.95558898704846,0.35217540228207,3.74205833366221e-64,0.00120600495018121,8.94220979695347e-06,5.08821062368805,0.278365699477792,0,4,7.38232988994074e-61,6.06699917636654e-61,2.59180845616304e-60
MYOT,9,REML,2.46199717835841,0.149914604157482,1.31657127544056e-60,44.4773849870631,0.0845452921197495,15.9574171607747,0.042993674397587,9,0,5.62033837608371e-113,1.94050637170161e-57,4.32270142748791e-112
SUGCT,13,REML,1.54091332961745,0.09880958975805,7.90011429879697e-55,44.2658903126809,0.0480398597337341,25.6532673849851,0.0120132068857915,11,0,6.8060729130949e-124,9.85265793279964e-52,6.1269772426434e-123
ACSL6,11,REML,-2.82804697311095,0.182132151937892,2.26214815833591e-54,57.1475952642025,0.18792331324386,23.3905843638905,0.00939315110107886,0,10,1.01072607179437e-146,2.61972914936429e-51,1.28423995313497e-145
MET,13,REML,-1.55183760041735,0.104126206295089,3.13086761380745e-50,77.0255491029285,0.0914575195907502,51.0539604243038,9.11293662418275e-07,0,12,6.89422197585397e-308,3.17254728891626e-47,9.55350605936072e-306
MCEMP1,2,REML,-3.40372449886766,0.231403488011399,5.63970565166668e-49,0,0,0.418068885256006,0.517902209115084,0,2,9.6022353763888e-48,5.37862045473364e-46,2.70326518766091e-47
UBD,13,REML,-2.2154619968242,0.153254372515509,2.29403004750282e-47,49.2879363013918,0.136322544317098,23.169407194617,0.0263216764942006,0,13,3.12556215988771e-101,2.06628384223129e-44,2.03922492145913e-100
NANOS3,2,REML,-2.79918601250889,0.194397914899229,5.23009124407586e-47,0,0,0.402923163703104,0.525583461752209,0,2,5.98091340020035e-46,4.46291943895799e-44,1.63466872821052e-45
SLC2A12,13,REML,-1.12631317438358,0.0782527732982925,5.70354933279514e-47,0.00230516111128784,2.00696881411964e-06,14.1020285909658,0.294240437124993,0,9,1.77281827383221e-40,4.62358226663038e-44,4.40974266241818e-40
FNDC11,2,REML,-1.93184558103042,0.136752413887077,2.60446102919073e-45,0,0,0.0460482607859497,0.830088094518879,0,2,3.48122672817341e-44,1.83591855070736e-42,9.22090000716804e-44
IQCN,11,REML,2.08149905317326,0.149451826308878,4.30832833516742e-44,68.1625764185318,0.153389335481235,30.470385752819,0.000717268138620799,10,0,1.5830477027844e-172,2.79403709192277e-41,2.9983589258462e-171
SLC22A4,12,REML,1.03270294208704,0.074910867508434,3.1049666848882e-43,39.0284521260136,0.0221097496785674,21.3187002543132,0.0302156147522541,8,0,3.92594499574616e-90,1.79788660221758e-40,2.17165971395539e-89
SH2D7,8,REML,2.75430266402588,0.199935580634401,3.55670797349914e-43,56.8703752265266,0.168728619850238,15.6570551049322,0.0284410501979679,8,0,7.49059795098998e-117,1.98844504739109e-40,6.06315849123318e-116
PSPH,13,REML,-1.11436964469958,0.0810146979585733,4.74269908093856e-43,60.1118567909362,0.0429143362491355,33.6655541556029,0.000761477680357785,0,9,3.52194894152523e-155,2.56311267330856e-40,5.10745600974495e-154
PCSK2,5,REML,4.1171599395405,0.302299139837338,3.06704411137882e-42,56.432839476968,0.25454813096518,9.13072340203294,0.0579137917833303,5,0,6.07006359595824e-98,1.50684806599348e-39,3.78952410786565e-97
MAT1A,4,REML,-2.85515132224238,0.209730787084793,3.33318380033685e-42,0,0,1.72983988370562,0.630320210584275,0,4,1.43098269575135e-39,1.58943849867239e-39,3.50672951121775e-39
LVRN,2,REML,3.14965429440202,0.231907543889217,5.15535577418127e-42,23.971070944335,0.0358829532001704,1.31528881495601,0.251439314572182,2,0,9.43241072506179e-73,2.32177175463336e-39,3.97938264599081e-72
SLC9A1,13,REML,1.09805912659618,0.0812724973589408,1.34985678408135e-41,69.6268422841951,0.0514251813817542,50.553908449933,1.1163754802402e-06,8,0,1.6654620858265e-204,5.75927053692391e-39,5.06606694137055e-203
CXCL10,13,REML,-1.91154254687061,0.142532199750276,5.1918404763626e-41,34.9741612167474,0.0820564721012015,17.4349669444107,0.133954780113242,0,10,3.6708209207149e-69,2.15834127290428e-38,1.46878133236798e-68
MMP7,11,REML,-5.56509610477307,0.419612299724986,3.82093125176136e-40,81.2907962292833,1.41728984031056,33.6672199616676,0.000210260413964931,0,10,1.8146068326021e-259,1.5109453264587e-37,1.26811295590421e-257
C4BPB,13,REML,-1.27662111536057,0.0974935930591643,3.54415929462975e-39,22.312816518858,0.0255793482585128,19.3506842979904,0.0804095860972767,0,9,2.90707090411354e-52,1.30594215099618e-36,8.87781890532922e-52
ABO,13,REML,1.02687470888936,0.0786401408921569,5.72900096564235e-39,31.3468006453006,0.0220960841348324,17.9683109096738,0.116656103969358,8,0,7.97970387430971e-67,2.01922375339042e-36,3.07815700485804e-66
MROH7,13,REML,1.43124919524317,0.110187619064205,1.40889171536646e-38,46.2863093963105,0.0635095443810594,22.1419827390709,0.0359589963789623,11,0,9.12233453786719e-92,4.66170640433395e-36,5.19860843101725e-91
MATCAP2,11,REML,-1.48455234671988,0.114495187536898,1.90558511793307e-38,67.5494391272235,0.0841620431761401,31.8608052584815,0.00042239239892595,0,10,3.32793496696094e-156,6.05789245432332e-36,4.89617147180922e-155
CFAP45,7,REML,-1.1966852606247,0.0923918144206747,2.28058304961257e-38,0,0,4.91015631993206,0.555386929271043,0,6,5.33817546828681e-34,7.11059480449398e-36,1.16909143411231e-33
TSPAN7,13,REML,2.05454241075648,0.159478039005318,5.61713642557693e-38,77.6884787099126,0.242300959318941,43.3335656881153,1.98235858177888e-05,12,0,3.46213994478422e-200,1.71831382769582e-35,9.89976630066784e-199
CLCN4,12,REML,-1.29480575098845,0.101174264593548,1.6871030933705e-37,30.5902966522141,0.0340912962942106,15.6650533752175,0.154028170252894,0,8,5.03833671648215e-63,4.97327317323925e-35,1.8262140215588e-62
CADPS,11,REML,-1.77651291377744,0.139552557064014,4.02511674790003e-37,43.8115106038232,0.0848028704750475,21.4806747230656,0.0179802437349767,0,9,2.60903131220177e-75,1.11704874190276e-34,1.1432493152629e-74
ASB9,13,REML,-1.53221616306791,0.120369300148197,4.0650018979993e-37,49.8617206798821,0.0804043162542797,24.4509950618134,0.0176497425293295,0,11,3.5457092329897e-95,1.11704874190276e-34,2.10959940530136e-94
TRPV3,12,REML,2.33185632584709,0.183891822924336,7.57619979332176e-37,57.4081054438705,0.211311533845797,27.5085085143412,0.00384785153361229,11,0,1.6289129836175e-107,2.04721545415209e-34,1.16392975775189e-106
HPSE2,11,REML,2.3725367372429,0.18753064210856,1.0981254831016e-36,70.6749899057401,0.245113006957286,37.5831262190474,4.4844081663381e-05,11,0,3.1319939990303e-149,2.91867351762726e-34,4.13846933221502e-148
GRIN2A,5,REML,2.48280288010058,0.197269621346087,2.52657326187692e-36,34.4462032843749,0.0662965941722542,6.32177437768809,0.176372177678519,5,0,5.56493701430491e-55,6.50211623727151e-34,1.78027473979727e-54
GRIK2,6,REML,1.55693579462883,0.124394964672695,6.09823346363604e-36,0,0,5.02594353483088,0.412722219731785,4,0,3.46398834921008e-32,1.47568147979002e-33,7.33276447391866e-32
PDE6A,10,REML,2.98828908416182,0.240393409259735,1.77783635383351e-35,77.9432212941535,0.419118147942609,52.3380798280255,3.90129381631094e-08,10,0,1.80217333179334e-195,4.23883247127982e-33,4.82155713339364e-194
DNASE2B,4,REML,1.48860069890309,0.120002043294698,2.46143130200083e-35,0.00979995571109747,6.7794518088884e-06,4.41277715994373,0.220203568003328,4,0,1.39618438841761e-33,5.78365010135353e-33,3.0372115241399e-33
CMBL,13,REML,1.39916573021972,0.113180873845233,4.18490884563503e-35,63.1407296453755,0.0961552471076188,32.1448441260275,0.00131431401618,10,0,5.88769004959084e-99,9.69284673061153e-33,3.72879370211001e-98
PLEKHH2,13,REML,1.1173852346718,0.0904986993961661,5.05772590897205e-35,53.0213101018106,0.0468131249018291,25.7761241752955,0.0115442930000204,7,0,2.23875406570275e-96,1.1549423966502e-32,1.35486822199473e-95
SYT9,2,REML,1.5295150811528,0.124292167367828,8.42925848101147e-35,0,0,0.181079528473766,0.670447147609451,2,0,8.85820372554314e-34,1.89810510767554e-32,1.93216812864565e-33
MPZ,12,REML,1.67914284780487,0.136796840346347,1.23820137622249e-34,74.5612504462153,0.142614963692327,36.506857666181,0.000139330796591218,11,0,1.69809838843939e-166,2.71283228549936e-32,2.8980283338703e-165
USP2,11,REML,2.76819619247423,0.225552713445195,1.26563609824113e-34,85.5352165014772,0.456042133583482,48.342762715015,5.37326302181233e-07,10,0,2.84741445322436e-279,2.73596774143779e-32,2.69971523567992e-277
ATP6V1G2,6,REML,1.45727869717897,0.118984027805094,1.72863553701375e-34,55.9339538021072,0.0435556340335684,12.018885877289,0.0345299147276815,5,0,1.34685692312265e-126,3.63978804696154e-32,1.26369162584419e-125
CACNG8,3,REML,-3.26452737061374,0.267643242617089,3.21265933185564e-34,41.432687924905,0.090732134198836,3.28513974841207,0.193482177982048,0,3,2.07812038605834e-65,6.67780073684301e-32,7.85740807349902e-65
HS6ST2,10,REML,-2.72436942635411,0.22409672457701,5.25837298686485e-34,49.5259118787728,0.230404181566862,18.5949698745729,0.0288657017573864,0,9,3.65318163453248e-74,1.0791645726081e-31,1.57565932004988e-73
LPAR4,2,REML,1.44309713749571,0.119263930120601,1.05572531916987e-33,0,0,0.215253549130389,0.642680521466246,2,0,1.34098687104927e-32,2.08737495118307e-31,2.85958439304509e-32
TG,13,REML,-3.00946497651014,0.24880268511814,1.11167978053365e-33,78.7096138896467,0.573241273365868,44.7892371877043,1.11978624501804e-05,0,12,7.76234143610821e-179,2.17152581708338e-31,1.60319543571493e-177
TP53INP2,13,REML,1.74557730641116,0.144468598357245,1.30295237311433e-33,82.539876719347,0.200269665785448,63.5514844446591,5.0447263645135e-09,12,0,7.43401982247539e-250,2.5148531934884e-31,4.44751894397762e-248
SLC36A1,13,REML,1.23818785384912,0.102600289575671,1.55737216891503e-33,75.7335543679255,0.0877237795928774,49.710051520429,1.57083738514631e-06,10,0,1.44269276755807e-198,2.97054999701405e-31,4.03600499449277e-197
EFNA3,13,REML,-1.36563037907183,0.113361810151854,2.01986546325962e-33,50.6411215020837,0.074036463364668,27.4135554290842,0.0067341485198991,0,11,1.574468438145e-78,3.80791613439864e-31,7.28714153229944e-78
ABCB11,10,REML,3.17402138741483,0.265098450586257,4.92215948044817e-33,75.9631336678845,0.484009508699613,44.8876861389866,9.67859766139168e-07,10,0,1.25172352110773e-172,9.17275536281681e-31,2.37915515213594e-171
ROBO2,12,REML,-1.48211954787392,0.124142707315769,7.42541613061307e-33,35.6333905593689,0.0585094392591191,21.4278854765759,0.0291995346227731,0,9,4.95970970552593e-58,1.35267721040033e-30,1.67454755218017e-57
CXCL8,13,REML,-3.55030961669138,0.297611630398401,8.32331379133503e-33,76.8923502943046,0.807267441294288,41.9386741518667,3.4105917915116e-05,0,11,7.38014870523797e-178,1.49939873887683e-30,1.50888210539752e-176
SCNN1G,7,REML,3.43250973416615,0.287895730395522,9.00816473432567e-33,34.9987263265103,0.198600436473158,9.4403661967477,0.150284596017701,7,0,1.64517192871533e-50,1.60493818502881e-30,4.87359263297309e-50
TTLL7,13,REML,1.18904848778007,0.0998070456296062,1.00694722359291e-32,51.5784939344442,0.0602204368458847,26.8802351904109,0.00803981585664497,8,0,2.52779495562638e-68,1.77452558001216e-30,9.99345028421617e-68
PMAIP1,13,REML,-1.52483381520517,0.128791181791665,2.43663032797205e-32,70.3863641298895,0.125935968716253,41.0349630473969,4.834735575031e-05,0,10,1.29749313815229e-163,4.24785887176461e-30,2.12487436857203e-162
SERPINB5,13,REML,-2.76984248802813,0.236168927594726,9.13535192523119e-32,72.060548594674,0.440466751999032,32.7634848426847,0.00105376304199917,0,11,7.87934955505468e-149,1.55906800803972e-29,1.03523415183227e-147
PDX1,13,REML,-3.18543273611315,0.272204660400976,1.23979909597792e-31,86.3111278082186,0.743278867539476,60.2046919774671,2.07145328880172e-08,0,12,1.11253692925361e-308,2.09383986907188e-29,1.11253692925505e-308
NRXN1,10,REML,3.75888719612683,0.322410319410957,2.07166291961117e-31,84.1327990401929,0.813517349195541,53.5144010099615,2.33461492272879e-08,10,0,2.94546121855307e-208,3.46266710470679e-29,9.62797635814533e-207
CELSR1,13,REML,-1.36940673516987,0.117721041464628,2.81255379377208e-31,62.5167282681103,0.100569568617172,29.7345806882181,0.00306101608171211,0,11,6.15964027505991e-93,4.60605400590169e-29,3.5526946915527e-92
SLITRK4,2,REML,2.64967720780267,0.228213675628942,3.64434587617694e-31,0,0,0.314911953834134,0.574681539799533,2,0,3.06144850368925e-30,5.85007719707492e-29,6.22151724621631e-30
BLACAT1,9,REML,-3.97447174216274,0.342799370935779,4.41157917488572e-31,85.4858511010273,0.82701144336727,29.6254134401809,0.000246142884103647,0,8,2.74737218759839e-284,7.01224834925707e-29,2.7495768689835e-282
CELF4,3,REML,1.73133542803834,0.149732589062232,6.35637124526977e-31,0.00371689198105465,3.44826046645647e-06,1.55476170351894,0.459608218295088,3,0,2.99691806061365e-29,1.00054220387921e-28,5.96111305566545e-29
CNTFR,12,REML,3.15865785055502,0.275049777397914,1.58853940830383e-30,73.1496414400161,0.617230806920754,40.1701348865785,3.34555469811184e-05,11,0,1.22581145022788e-114,2.42971598366321e-28,9.66168256808196e-114
PHLPP2,13,REML,1.68119263168066,0.147323961257581,3.66206458605801e-30,87.2019636823841,0.221391648611177,51.6553565942675,7.13494555148289e-07,11,0,0,5.49750491979246e-28,0
PNMA3,3,REML,1.56791968044811,0.137607294451501,4.47115745738463e-30,0,0,1.29804179169235,0.522557164259488,3,0,1.86087106107758e-28,6.59007962332518e-28,3.64331632813075e-28
ARX,4,REML,1.95326557378674,0.171624176872507,5.19624433588901e-30,0,0,0.428307928879036,0.934334614939868,4,0,1.59554778480784e-27,7.58979364124041e-28,3.05739466198908e-27
PAQR5,13,REML,1.30712254317187,0.115598146682719,1.20514909262935e-29,69.3337627515223,0.107721728872842,41.4569159386055,4.10893142282215e-05,11,0,9.79178655397446e-126,1.74456091417854e-27,9.06648974298047e-125
SLC38A5,13,REML,-1.47370822348408,0.130510244465096,1.43897162438871e-29,60.1585800911132,0.116382484045631,32.2806587274341,0.00125224822106167,0,11,9.09127620334299e-91,2.04649534615914e-27,5.11262091865418e-90
SH3TC2,12,REML,-2.51517983730039,0.222927911083605,1.60164865384516e-29,85.87365287839,0.466972661976769,48.4188737936477,1.20192196593905e-06,0,11,9.57497789248641e-269,2.25804605432971e-27,7.60976061621971e-267
PDE4C,13,REML,1.71317676252917,0.152262005882239,2.27672963996904e-29,55.3913319861879,0.148567896926636,26.934165779933,0.00789758395866305,11,0,1.39434729089622e-76,3.1281879366795e-27,6.21742371487911e-76
PSAT1,13,REML,-2.32738923883481,0.207074731956706,2.61244135246438e-29,83.9587948353025,0.43125273981262,59.2194632768417,3.13116660408335e-08,0,12,1.45701381910146e-231,3.55928669306764e-27,6.33312735900587e-230
CHP2,13,REML,3.03217897163502,0.269894415717377,2.75471977367323e-29,85.4426036703094,0.730467954617087,77.6314550020635,1.16549744618328e-11,12,0,5.70017305629496e-294,3.72185597421368e-27,6.64869825623814e-292
EFNA5,12,REML,1.77134989820092,0.15773650220443,2.91125812557893e-29,65.2832654969635,0.172001501222703,30.0142344344262,0.00157646010987142,10,0,3.87200095616835e-99,3.90084528843068e-27,2.45605444062432e-98
LRRC43,3,REML,-1.48826994465642,0.13341120440637,6.73062224831879e-29,0.00463809933030114,4.08695289840491e-06,1.76314951805163,0.414130242580813,0,2,3.88090224409237e-27,8.8718356513815e-27,7.3781740247971e-27
AURKA,13,REML,-1.34624820434769,0.120801889148803,7.63726764532072e-29,79.3510099677348,0.129602275020606,54.2457971879899,2.46983569291433e-07,0,10,4.95893451109237e-194,9.98572744625684e-27,1.29676137465066e-192
CCNJL,13,REML,1.23792215331371,0.111336808279721,1.01727464065366e-28,61.6476036608626,0.0869134732211006,34.5959464355481,0.000542941186306075,8,0,2.75675618728848e-101,1.30897410705697e-26,1.80005187533258e-100
DSG1,2,REML,-2.0359537832571,0.183146892695989,1.04274575152726e-28,0,0,0.105333963773982,0.745520203602354,0,1,2.30100517971813e-27,1.33118400547334e-26,4.39361641488283e-27
IGSF9,13,REML,1.30175209585756,0.117366093442895,1.38138034427827e-28,67.0307352698356,0.101254242292122,40.4163178997142,6.1316869197405e-05,10,0,1.32071731246818e-120,1.73614880013826e-26,1.13776778889727e-119
TLCD2,13,REML,1.3776796372387,0.124344465489461,1.57678340622284e-28,77.2845789897026,0.132083388447297,56.4227061291918,1.00455524203761e-07,11,0,4.0008545287124e-188,1.96104677941852e-26,9.63831418633196e-187
C9orf43,8,REML,-1.16084793768233,0.10478458857467,1.59660873917994e-28,23.817349579901,0.0198497688378543,12.623972583367,0.081817755348601,0,5,1.17178246177866e-48,1.96104677941852e-26,3.35063651725175e-48
CEACAM1,13,REML,1.43375634750856,0.130664002682586,5.16198956243812e-28,62.8951874647819,0.116868863307857,28.374041501914,0.00487542353203526,9,0,1.19636463377198e-111,6.02095948027405e-26,9.06385972305845e-111
EPB41L3,13,REML,1.72114424727694,0.156883217589811,5.27664835042996e-28,82.9488580600979,0.242681143503327,47.0570813717242,4.55674471163028e-06,11,0,7.89657173882108e-197,6.11073569325149e-26,2.14810600002527e-195
SNTB1,13,REML,-1.59136593110898,0.145417464889634,7.14442958634677e-28,87.3839473059777,0.218586590502894,71.6485482705633,1.5724598420023e-10,0,11,6.71044062728868e-264,8.21508063003122e-26,4.96787095389185e-262
PPM1H,13,REML,-1.67722365742969,0.153835723787268,1.1189572044394e-27,88.1105862351856,0.245768300381921,84.8838145796455,4.79162898147914e-13,0,12,0,1.25983702469278e-25,0
TNFSF11,12,REML,-1.02213780659337,0.0938536086030108,1.27561039849232e-27,2.91558398043291,0.0032330253810827,16.1879282773893,0.134296265343648,0,7,1.35239062790521e-24,1.42630837177628e-25,2.4381529245221e-24
LINGO3,7,REML,1.14237123612252,0.105437187955212,2.35958337097606e-27,27.9623641049504,0.0205742036756172,7.9467330984222,0.242031816228206,3,0,5.61312845323714e-40,2.56751175796207e-25,1.38538059997464e-39
MYOC,2,REML,4.19598125250208,0.387441658685952,2.48238650261339e-27,0,0,0.932038162974202,0.33433386915466,2,0,1.43846817635598e-26,2.66535975939543e-25,2.70524121833424e-26
NIM1K,3,REML,1.05381007018988,0.0974181206724437,2.84763161561623e-27,0,0,0.227895756899164,0.892304462962442,2,0,2.32007371518427e-25,3.01755891398601e-25,4.25080293188863e-25
LYPD5,11,REML,-1.15764196801075,0.107213136738734,3.53411371533148e-27,25.882814763017,0.0296275761020144,12.9318797386067,0.227505481379377,0,5,3.57367521201958e-46,3.72068738095255e-25,9.81478262342383e-46
SLC23A1,13,DL_fallback,1.39050041310194,0.12933541530266,5.85471215640308e-27,60.1533094535165,0.104151666527717,30.1154244817428,0.0026828338770223,11,0,2.27902489153623e-85,5.96996529507944e-25,1.18088304782604e-84
CNR1,9,REML,2.61346965261148,0.243128659917436,5.96950868828425e-27,82.0437292178273,0.404144249805898,45.6150970847214,2.812917129588e-07,9,0,3.85250023323046e-164,6.04897777269704e-25,6.35407795334339e-163
HMGA1,13,REML,-1.17455741339144,0.109529281097353,7.88006611740564e-27,81.2909315070867,0.113342722519414,52.1401305790358,5.85511222281552e-07,0,9,1.84511100504474e-195,7.88638962725295e-25,4.92830061363928e-194
DSG3,7,REML,-4.10368560565455,0.383149975778011,9.09778983680789e-27,64.4381654327415,0.626016500730658,16.1791314732696,0.0128241170493871,0,7,2.09985816351109e-84,8.93954343176766e-25,1.07397477618313e-83
ENC1,13,REML,-1.46065339290196,0.137181954928049,1.78991116934229e-26,86.9472821470375,0.194592526174607,57.1443303604908,7.4438338135344e-08,0,12,2.76816637248761e-265,1.72737082074682e-24,2.10705546465453e-263
PHLDA1,13,REML,-1.76124298620517,0.165599645973218,2.03628095595759e-26,82.8353051207481,0.264619717922622,62.29816790531,8.57522819168372e-09,0,11,1.08707127866273e-192,1.95164346973783e-24,2.7975693080887e-191
GFRA3,9,REML,2.52758906473439,0.237665106783148,2.04637876923106e-26,72.9237279228599,0.335372721096208,29.6310324389229,0.000245582071537007,9,0,4.83176061112512e-101,1.95164346973783e-24,3.14481472453519e-100
HSD17B2,13,REML,2.39370747288426,0.225110129638762,2.0816191815639e-26,83.1163964060195,0.492713256179972,51.2453750417325,8.43071615527178e-07,12,0,1.45926354730045e-190,1.97364279477751e-24,3.64546069220064e-189
CXCL11,10,REML,-2.51627291959698,0.23691311602004,2.3779640213414e-26,59.5450126413038,0.295136250632053,21.064765779134,0.0123659359584194,0,9,8.9713251798341e-82,2.23071196621761e-24,4.38637198856002e-81
DCHS2,8,REML,2.11228031205839,0.198877939408047,2.38026996950378e-26,72.812370559646,0.211492767668344,22.625013105057,0.00198064680845374,8,0,1.13957793404858e-104,2.23071196621761e-24,7.83876836857432e-104
LYPD8,13,REML,2.71574893751243,0.25645296795466,3.32809496095287e-26,76.5973111517781,0.596748476808737,48.6410951893333,2.4165806043285e-06,12,0,1.08616780187202e-132,3.10105767827178e-24,1.10894449444276e-131
KLHL35,12,REML,-1.94050947264593,0.183475815469766,3.83500265688406e-26,77.603062817091,0.275541813146338,51.1121383043548,3.94605901103892e-07,0,11,1.79690624561507e-179,3.55296560434635e-24,3.77373587566802e-178
ATP11A,13,REML,-1.61522078680425,0.152867096997986,4.27571457409722e-26,88.2769355687134,0.245047459991136,67.8529623503374,8.05880395325201e-10,0,11,1.96788686999943e-308,3.93875911305899e-24,2.43294536654597e-306
CASP12,2,REML,1.29968668215162,0.123276656336905,5.48150815525708e-26,0,0,0.327065823870505,0.567391966708682,2,0,8.17004191602888e-25,4.93731620673239e-24,1.4803407418929e-24
ASAP3,13,REML,1.22910177479053,0.116710002028527,6.20080095672147e-26,78.4644115104932,0.124348454202539,53.136366279918,3.89551407404164e-07,8,0,2.36308560147276e-167,5.55434176305664e-24,4.08016047461958e-166
THRB,13,REML,1.80698992342726,0.171868047231722,7.46079148256127e-26,68.8246174971378,0.23370634051743,40.1245339055223,6.85651052558954e-05,11,0,7.69916557869905e-100,6.57401153841119e-24,4.93190721167316e-99
RACGAP1,13,REML,-1.03928827204139,0.098950349603796,8.35635148585946e-26,78.6052291741107,0.0885857479345581,54.643519589238,2.09662008368545e-07,0,7,1.81840567727589e-180,7.32332576433726e-24,3.87918569022026e-179
RILP,13,REML,1.27964605555843,0.121875048832862,8.66957237941495e-26,84.6747564087367,0.150225937711313,68.9089617300903,5.12189522489853e-10,9,0,2.79162103142577e-221,7.55697725739003e-24,1.0932500430557e-219
LANCL3,12,REML,1.22981128127365,0.117388987966172,1.10911696168497e-25,55.0218769907082,0.0800268047276509,22.5128916244393,0.0206876451769538,8,0,2.32961417180859e-69,9.56495388287152e-24,9.36060336246164e-69
TUBA3FP,3,REML,1.3228166828457,0.12729065063167,2.69366997769568e-25,0,0,1.4137820084837,0.493175095730384,2,0,1.40154909480224e-23,2.28651682452252e-23,2.47342064591583e-23
ARRDC4,13,REML,1.16271408637023,0.111916530349863,2.77909893604453e-25,72.4658235215654,0.104387425031134,38.9768976709878,0.000106160127348171,9,0,8.91542108588064e-111,2.33458710104093e-23,6.67956201780882e-110
FGFR2,13,REML,1.54393099960427,0.148796291822273,3.18392786845056e-25,66.7584211762897,0.169857541616312,36.8800070388344,0.000233636703979822,11,0,1.85378873963323e-88,2.66087745006129e-23,1.00620946888763e-87
NT5DC4,12,REML,-1.36865831489132,0.132052045769882,3.59495186698886e-25,63.6685429957486,0.109740157974148,32.6612932741186,0.00059691487270553,0,9,1.20805576240351e-101,2.98897203176874e-23,7.92963889710451e-101
LRRN2,11,REML,2.63625479191618,0.2547679071757,4.28784240831025e-25,82.0434937756803,0.552785374281744,49.9766799659001,2.69556930652867e-07,10,0,1.05541122108488e-163,3.47593944829671e-23,1.73192126796044e-162
TMEM236,13,REML,2.44385333756779,0.237251479416197,6.9959541059291e-25,88.1611483350578,0.603149231469274,83.0003316447842,1.101527166133e-12,12,0,1.37192467701829e-274,5.53294653265505e-23,1.22214366969766e-272
ECI2,13,REML,1.02593627019052,0.0996785915329671,7.62172532881542e-25,76.049304645758,0.0854848561516364,44.423707395524,1.29306137595336e-05,7,0,1.98072452481484e-127,5.9985938231109e-23,1.89460098647923e-126
KPNA2,13,REML,-1.21109345237951,0.117837498811019,8.88610765295645e-25,83.7755891808279,0.135172709810711,70.7141047974318,2.35425361365974e-10,0,10,7.99306815097703e-232,6.95992576702333e-23,3.49303541595123e-230
PLCD1,13,REML,1.60483363408002,0.156332888833576,1.00808375810033e-24,88.7530394010241,0.263631489588718,112.099080247014,2.29855206246562e-18,11,0,1.11253692925511e-308,7.74991690037459e-23,1.11253692950543e-308
CREG2,2,REML,-1.7795741479606,0.17335584420992,1.00859339170976e-24,0,0,0.788077092351611,0.374682204562706,0,2,6.34826988648756e-24,7.74991690037459e-23,1.12905330923237e-23
AQP8,13,REML,5.00247709801887,0.487525397557052,1.05654503864795e-24,87.9233624158499,2.58001095673542,79.201045253077,5.86072571869588e-12,12,0,2.08300159929216e-258,8.08007769415057e-23,1.42496645271408e-256
NBPF1,13,REML,1.21893888601441,0.118819086558901,1.08063177571382e-24,83.7834453819269,0.137470708366822,65.7904433633829,1.94669462563949e-09,9,0,1.05784987697402e-206,8.22548496697096e-23,3.37616536523226e-205
MCM10,13,REML,-1.62002525012436,0.158117225736625,1.23696950660925e-24,85.33233258276,0.247876599002193,58.1330576578048,4.93083285790193e-08,0,12,1.17161155373145e-250,9.32790074914221e-23,7.1411045566346e-249
IL1RN,13,REML,-1.71142200511884,0.167353961817291,1.51090702162851e-24,61.4048083201577,0.195363145401875,30.0826102382145,0.0027135627232086,0,12,2.04466669841822e-76,1.13408960841033e-22,9.10719263226775e-76
CLDN23,13,REML,1.8313353781403,0.179303229727522,1.72310311666258e-24,84.1929826881655,0.326635640589078,71.9980084494843,1.35189159948732e-10,11,0,4.63235057281283e-214,1.28740418573505e-22,1.66898444082254e-212
TNFSF15,13,REML,-1.2580127727495,0.123311177929156,1.94358558416269e-24,66.8198640428492,0.110692495561667,30.2586537245119,0.00255258311464998,0,9,3.18186513998829e-100,1.43233423072862e-22,2.04712617121548e-99
AMPD1,11,REML,2.95711356582794,0.290218893524204,2.21460598940828e-24,86.0184334750252,0.741453218257034,72.4762908162819,1.4711550502052e-11,11,0,1.88193654999065e-217,1.62467904553287e-22,6.96617289611837e-216
TMT1A,13,REML,1.6846109456909,0.165410634125153,2.32749763643998e-24,86.8490596375162,0.286552227088106,67.7045747549177,8.5879847934009e-10,12,0,1.33411929896409e-234,1.69980717025231e-22,6.14490800968885e-233
PNPLA7,13,REML,1.34954080287323,0.132895958676741,3.15239276927809e-24,73.9467249495336,0.151084959704188,44.8299184780992,1.10197820961227e-05,10,0,4.24478789384445e-124,2.28168499858508e-22,3.83402485364346e-123
SHCBP1,13,REML,-1.28434816121885,0.126491693163677,3.19306220552617e-24,80.0250225868961,0.142511777103999,46.2250349228724,6.34551055757618e-06,0,10,6.41980141155062e-189,2.30084966836426e-22,1.56517654564617e-187
ZZEF1,13,REML,1.19304089418471,0.117516969165147,3.24397079465537e-24,87.3815439164198,0.143051073166438,88.4755240065006,9.73472063473302e-14,9,0,1.18205017611395e-298,2.32719019883838e-22,1.46294500040728e-296
HOXD1,11,REML,1.70000588817813,0.168521804370084,6.25874271841656e-24,68.082017618295,0.191693205645924,30.1415195280536,0.000812147621304351,9,0,4.73522513068366e-91,4.37383602127964e-22,2.67685512704931e-90
SLC25A41,4,REML,1.0218750087019,0.101538764082349,7.9781750214383e-24,0,0,1.01987354690223,0.796443297073025,2,0,1.58780891951167e-21,5.50426177117358e-22,2.67572456210816e-21
DISP2,13,REML,1.91661677221652,0.190603742857552,8.68754100973416e-24,86.9106252265364,0.377494310695417,90.0398640883596,4.85042177237627e-14,12,0,5.69014102337208e-250,5.96826705045847e-22,3.41682431155302e-248
NPY,4,REML,3.17083484639702,0.315465160400488,9.06637480940245e-24,46.2260323103864,0.181606432408677,5.45258885193309,0.141501989708023,4,0,8.36544461062735e-47,6.20224197404396e-22,2.32042691996751e-46
ANPEP,13,REML,2.9216948133184,0.290728837924106,9.22852355663184e-24,80.9032212659598,0.797342814212915,44.4144172639639,1.29779322603642e-05,11,0,5.3017185896563e-152,6.28664085813748e-22,7.26599860474197e-151
CD177,13,REML,3.93654878577718,0.391815849301373,9.47681618325863e-24,82.8834683523039,1.52053375106762,73.8689399052126,6.00796650691146e-11,12,0,9.88899302819558e-183,6.42877074389842e-22,2.18731574305778e-181
CLDN1,13,REML,-3.8043759755817,0.378879656897283,1.00526526758854e-23,93.9007215987432,1.6666998540477,123.457326995877,1.26144893596776e-20,0,12,0,6.79098574308875e-22,0
ETV4,13,REML,-3.84342628611677,0.383031179584266,1.07787654934245e-23,95.9908038355168,1.76261828350357,181.333965660896,2.2711257575748e-32,0,12,0,7.25129149148927e-22,0
TESC,13,REML,-2.7689440110111,0.276198815925499,1.18139085495617e-23,88.1920265623433,0.83053570202554,85.4889961351756,3.6652918973191e-13,0,12,1.82964393847239e-265,7.9148305501671e-22,1.4058775912063e-263
CLIC6,13,REML,1.17334124826485,0.117070695031353,1.21390618502233e-23,33.0370730359834,0.0542811705804418,19.4648159598245,0.0779115874128156,8,0,1.5251860646976e-35,8.0992020484638e-22,3.44590881646353e-35
GDPD2,11,REML,2.40107602790574,0.239628887588311,1.24531471668981e-23,83.1992958328487,0.492409568014154,60.7566508668758,2.60569131949604e-09,10,0,8.02342233535243e-172,8.2747079924967e-22,1.50385833899502e-170
KIAA1549,13,REML,-1.71487248405257,0.171171996685812,1.26512645202607e-23,91.3512140731592,0.322721894079418,142.708473720441,1.69918104403798e-24,0,12,0,8.37203884355045e-22,0
GPT,13,REML,2.04449890336315,0.204130862358655,1.30131998948324e-23,86.6797809255237,0.439705415706828,86.4074932761729,2.43942570834601e-13,12,0,2.03390861325022e-226,8.57654511767959e-22,8.39077871415415e-225
TINCR,11,REML,2.37920737255853,0.237659387219122,1.36371451698028e-23,82.3411890689148,0.464178298787533,53.8565312788485,5.1601231293577e-08,10,0,1.04888069751205e-184,8.95137792056734e-22,2.40190716790436e-183
FEN1,13,REML,-1.03188865779946,0.103120530990287,1.42529737470301e-23,76.648659766814,0.0894476782943503,53.5596182614056,3.27466207266476e-07,0,7,3.33980947499889e-168,9.31788158712096e-22,5.85387362358455e-167
PLS3,13,REML,-1.09133529450133,0.109139013189263,1.53172243474232e-23,80.7309192415235,0.115322902103958,48.2531555415671,2.82396678666795e-06,0,9,4.03377904008143e-147,9.97342001384629e-22,5.16584988758612e-146
CYP4F12,13,REML,1.23318485761438,0.12340570028437,1.63666510008818e-23,73.875523543219,0.133240241965362,39.8490772844904,7.61760710438604e-05,8,0,1.3220436122832e-109,1.06141005070919e-21,9.70756027443272e-109
PTPRH,13,REML,1.39282546531931,0.139645468167952,1.98064361885115e-23,84.0842499197265,0.192769148060109,65.6909727960464,2.0310521558964e-09,11,0,1.47470628811847e-220,1.26925592855469e-21,5.70630383037343e-219
C11orf86,12,REML,3.09297287064087,0.310151454342936,2.01183717568424e-23,79.0264527138482,0.822103273290223,44.1419641323571,6.86285040913338e-06,10,0,5.1465586012851e-130,1.28416992635309e-21,5.06932895520263e-129
CDC45,13,REML,-1.30576338967208,0.131005163528777,2.11982495913628e-23,78.3146015590044,0.153907882032242,54.0342788083011,2.6944063148753e-07,0,9,4.57947515583681e-145,1.34252820556549e-21,5.65045895750245e-144
CYP27B1,13,REML,-1.41732356156764,0.142291195119409,2.26404029672094e-23,76.062977702121,0.172037462422067,43.3826461294751,1.94470450426115e-05,0,11,2.53947001773391e-118,1.42828347590415e-21,2.11140653320615e-117
AJUBA,13,REML,-2.22968363524932,0.224031966365652,2.45865598936536e-23,93.1982057488645,0.567791801876997,92.0134103838123,2.01005504753722e-14,0,12,0,1.54504610680545e-21,0
GTF3A,13,REML,-1.08898776815172,0.109496410601585,2.64058347902385e-23,80.7058656801507,0.107121806744745,56.5694649288235,9.4520383686821e-08,0,6,9.51022922540229e-163,1.64660692097745e-21,1.52814020249204e-161
LTK,13,REML,1.79353594019005,0.180414582608343,2.75511356411678e-23,72.7388749182103,0.281353883749185,37.895849185317,0.000159698040868842,9,0,2.43491613834494e-97,1.71144276685921e-21,1.49989723977912e-96
LOC102724250,13,REML,1.23511174121232,0.124639536434335,3.78649621687837e-23,82.8240061246848,0.152567287129046,66.1445139617783,1.67371663582007e-09,9,0,6.34719105907475e-183,2.3166212514811e-21,1.41355781099971e-181
SQLE,13,REML,-1.46930821234369,0.148450347712875,4.26210604547601e-23,76.2152666138729,0.19189383870594,39.1078928251352,0.000101011756691216,0,11,1.64320722019356e-116,2.57841512370532e-21,1.32477964500239e-115
MATN2,13,REML,1.51973980484591,0.153657983904483,4.58167186466833e-23,82.5451176781679,0.229139574958803,48.7306398625618,2.33113024543033e-06,12,0,1.27698647394116e-146,2.76143665211404e-21,1.61495957113947e-145
DNAH2,11,REML,-1.50099257919801,0.152037382329999,5.47692776394711e-23,62.4265786194095,0.143507145010689,24.0491243407524,0.00747106207221173,0,8,8.52857737099654e-74,3.24078211083484e-21,3.65417084873063e-73
C4BPA,12,REML,-1.24532637440727,0.126154806544043,5.5378154870286e-23,7.38975160880214,0.0142803831374357,14.7250883888719,0.195431601606864,0,8,3.28907664238379e-21,3.26489463604344e-21,5.50147525048678e-21
SDCBP2,13,REML,1.69196928923018,0.171887610784791,7.31489083189753e-23,83.3708591207654,0.292847236527114,62.5204017230574,7.80636804241719e-09,11,0,4.21989913294026e-188,4.25076433898045e-21,1.01509235374422e-186
ZNF575,12,REML,1.67096612379711,0.169995127135142,8.40397551488618e-23,85.9169103674451,0.265954756151382,54.0535714107777,1.15409998997495e-07,11,0,3.34599245106152e-229,4.8146167852597e-21,1.41641189579792e-227
AQP7,13,REML,1.79162297620278,0.182519571262136,9.60238820574581e-23,82.8838575505243,0.329556064820711,57.7166836017594,5.86570888796001e-08,10,0,2.50821389013682e-148,5.46257964841252e-21,3.27948966135389e-147
INA,4,REML,1.86871339290694,0.190545918962824,1.0488375473094e-22,26.4744604959651,0.0384803375144187,3.89176083527114,0.273391704589758,4,0,7.51094709862137e-29,5.92501852074123e-21,1.48451768023831e-28
CBFA2T3,13,REML,1.07062182103621,0.109300667368911,1.1806434742368e-22,61.2160580083464,0.0814408239316488,30.954514429458,0.00200171737806692,6,0,4.80139381154301e-73,6.64644883604211e-21,2.03356838731836e-72
ABCG2,13,REML,3.42139191876139,0.349661224550877,1.30754742170284e-22,91.6287101210879,1.36297750961205,83.7158871412632,8.03110101252729e-13,12,0,0,7.31009184416142e-21,0
PIWIL1,7,REML,-2.54459178952189,0.260477703270471,1.53040615666714e-22,25.9537944120759,0.119962017359227,8.34135902391878,0.214145812328187,0,6,3.98378156239662e-33,8.43698812359082e-21,8.59239729561479e-33
KCNA6,11,REML,1.24971109027629,0.127978757670273,1.59130142303514e-22,54.3071364631417,0.0875875611163691,22.3043394677401,0.0136270685133564,7,0,1.37448804356416e-59,8.71613850394212e-21,4.74543753200719e-59
MTHFD2,13,REML,-1.00593966279446,0.103084774507323,1.69858562014082e-22,81.5650547979312,0.100270409375215,65.2264050733914,2.47573120894405e-09,0,9,4.55679805720642e-174,9.2724473600482e-21,8.83724484467557e-173
KIT,13,REML,1.2333515710738,0.126590695211623,1.97963809250094e-22,68.8130963269261,0.125570556990963,36.376874435866,0.000281746834362865,10,0,1.35020219238934e-86,1.07344054828487e-20,7.11434128866048e-86
USP44,3,REML,1.18378982516948,0.121665340251007,2.24845992220747e-22,0.00500109014451556,5.30066725722474e-06,2.01106378158305,0.36584999080274,2,0,1.64470709842626e-20,1.20709538803807e-20,2.70882122986438e-20
APOBR,13,REML,1.33912391920389,0.137734670653622,2.41795705979723e-22,78.7993035544802,0.177186611791806,58.3399040970958,4.52298053234872e-08,10,0,1.29476017180737e-144,1.28532255116369e-20,1.58549446114146e-143
LARGE2,13,REML,-2.88717463755553,0.297000879896511,2.45123992397078e-22,89.3993665187844,0.977053617648754,70.0365251156481,3.15301049718771e-10,0,12,1.0527978995826e-237,1.29477732762612e-20,5.08006319819425e-236
PPIL1,12,REML,-1.01497498737011,0.104433844797187,2.50640044395152e-22,84.7233833244333,0.0985092573926072,74.4293050776071,1.74381887455593e-11,0,6,4.24587724276203e-232,1.31935942849954e-20,1.87060890589404e-230
STRIP2,13,REML,-2.15391504705522,0.22192582046822,2.85495560586692e-22,88.5523304913659,0.515469596261408,63.0768741238871,6.16855150897272e-09,0,11,1.38168687211048e-292,1.48357036018975e-20,1.55564508732827e-290
SSC4D,11,REML,-1.3499239007264,0.1391538716864,2.98722189572217e-22,72.4745957729557,0.128453096238277,42.4422674131634,6.25469720967069e-06,0,8,1.23963202737689e-115,1.5473427666244e-20,9.9201155280659e-115
TRPM4,13,REML,1.02654585468559,0.105838046223441,3.03830273085422e-22,76.2467809436768,0.0981209117154699,52.6686693753815,4.71774297088527e-07,6,0,9.51682289452251e-124,1.56878987819553e-20,8.54353541466742e-123
BMAL2,13,REML,-1.6818914595807,0.173415098153079,3.05529334122449e-22,91.4530782953196,0.326101798939825,138.227085170716,1.36491829778338e-23,0,12,0,1.57255463305628e-20,0
DHRS9,13,REML,2.24497977724597,0.231853994255876,3.57049667170067e-22,76.2874461246512,0.477683855359917,40.0550288618674,7.04120340924164e-05,11,0,5.13546187479328e-107,1.82039190371959e-20,3.64222411968606e-106
NDRG2,13,REML,1.05852382079636,0.10976421168999,5.23124632903898e-22,80.178806358908,0.110322943435862,74.5141039802294,4.53904731820459e-11,8,0,3.88297503989765e-134,2.63684853146236e-20,4.04073647765472e-133
PADI2,13,REML,2.44697935877445,0.253743812409231,5.23694089391773e-22,89.6906443846834,0.69176367255856,97.9102916501645,1.42751149858116e-15,11,0,3.46203503399354e-283,2.63684853146236e-20,3.44355668749309e-281
SLC26A2,13,REML,2.96372862702358,0.30803760547504,6.49911885316152e-22,90.3782914562405,1.06536591524981,117.976317810329,1.5637284523678e-19,12,0,0,3.23221515234073e-20,0
SCUBE2,13,REML,1.8415856256437,0.191735371165936,7.62837831648721e-22,79.8822061494741,0.341418297036319,54.7289615595282,2.0240502796989e-07,11,0,1.69239524926021e-124,3.75923701049262e-20,1.53977576746665e-123
CHP1,13,REML,1.02364711999959,0.106595019461673,7.75437276576338e-22,85.9489677679834,0.116095443974681,52.6429320413968,4.76767434814961e-07,7,0,5.88229883656294e-197,3.80974683791884e-20,1.60825819624275e-195
MT1E,13,REML,2.07557471946526,0.216330301174855,8.43489777565429e-22,80.4508224769315,0.444293023988907,66.2389270678573,1.60759116034705e-09,11,0,3.22836963936282e-141,4.09446100708632e-20,3.74939519792188e-140
IL13RA2,3,REML,-1.50791229735807,0.157223874950691,8.73531558429277e-22,0,0,0.803693681280754,0.669083214199762,0,3,4.101644244405e-20,4.22763198710861e-20,6.6948513172796e-20
IL6R,13,REML,1.55405002498946,0.162206398478242,9.63941099797048e-22,88.2689112707054,0.274016806269839,77.009325463355,1.5297486782184e-11,11,0,6.53197215053362e-239,4.65130269375284e-20,3.22874586818907e-237
AZGP1,13,REML,-2.46908679640106,0.258122479500957,1.11592614569788e-21,86.8341386060971,0.711932073813543,81.692354805716,1.96076549348954e-12,0,12,2.20574635713063e-205,5.35281378704136e-20,6.83781370710494e-204
RNFT2,11,REML,-1.00825428419543,0.105444135701975,1.15529598387016e-21,51.9765495107277,0.0564535697969233,23.7479275294752,0.00829832726001579,0,5,1.95710261570988e-56,5.52531380132359e-20,6.41798234395312e-56
PPARGC1B,13,REML,1.07024367727862,0.111943343902279,1.17094732007612e-21,85.7472930350967,0.118866199970421,47.9152238220435,3.23365143097859e-06,7,0,1.62412920267315e-198,5.58369673541002e-20,4.53218705041993e-197
DCAF13,13,REML,-1.09709498963773,0.114798184102377,1.21538784549574e-21,87.9819206316087,0.133357417758831,91.9500461811698,2.06778835691396e-14,0,7,3.87620773291073e-272,5.77861675631154e-20,3.32512994569745e-270
FABP1,13,REML,2.10495341853898,0.220287347923086,1.2300117817961e-21,79.254721280822,0.449317599884468,61.2199399521401,1.35149716982038e-08,12,0,2.11723508728036e-135,5.8310470813626e-20,2.25537007030726e-134
SULT1A2,13,REML,2.64435428830396,0.277222349739173,1.44566232778835e-21,91.9223271619212,0.889607821968641,144.050705053202,9.09516325017678e-25,11,0,4.62033905443156e-300,6.79377487548767e-20,5.80694241003867e-298
ITGA2,13,REML,-1.36255237605658,0.142900533746833,1.49928164891867e-21,86.7713880254923,0.201045805008722,79.1560994251576,5.97739725581185e-12,0,10,1.33194564492615e-204,7.02539114853131e-20,4.05917946262927e-203
CKB,13,REML,1.9523019237877,0.204788063963432,1.52390899212452e-21,76.748501129804,0.383916938179193,58.5134989656756,4.2066593133701e-08,10,0,9.1919736982189e-118,7.12021224475931e-20,7.55344498576903e-117
DHRS11,13,REML,1.96479209379774,0.206166258750245,1.5708018134311e-21,93.6822821591053,0.49521034664708,123.554071729831,1.20651825803609e-20,12,0,0,7.29725209202247e-20,0
CDKN2B,13,REML,2.11995222965899,0.22266472343774,1.71806900914178e-21,90.4528320544001,0.538739770588971,94.8820912647129,5.5645303045173e-15,12,0,7.70375457618269e-294,7.95858652720446e-20,8.92149806740357e-292
GRIK4,4,REML,1.13939997798795,0.119681410226979,1.72720821475279e-21,2.21336121110585,0.00141061943958218,3.89197509439008,0.273367615519465,3,0,2.15551432848316e-20,7.97812728939798e-20,3.53933095074919e-20
OCA2,6,REML,-1.52429608319322,0.160153090253128,1.76979614182348e-21,0,0,1.74734098583558,0.882882451084183,0,6,3.58939669701021e-18,8.15162069527958e-20,5.60806482110693e-18
MOCS1,13,REML,1.15533445912845,0.121415180535784,1.80722129454517e-21,72.5872582771752,0.123844130094327,39.3659805260051,9.15743559912393e-05,9,0,1.51028294828296e-91,8.30041893724105e-20,8.59467091629049e-91
ORC1,13,REML,-1.05567391335138,0.110987301287543,1.87636792527677e-21,68.2701244484287,0.0923428715604359,35.1076395890412,0.000450175811639404,0,8,9.03840068324094e-100,8.59365908828032e-20,5.77837501093791e-99
CCND1,13,REML,-1.03186819436792,0.108671414297872,2.19568226352487e-21,76.7389727730048,0.104372390622279,48.3364075572259,2.73118228351378e-06,0,7,2.17881487782737e-134,9.94374204986836e-20,2.27463783736092e-133
TCF21,13,REML,1.5022406776911,0.158341641917064,2.37009311799609e-21,84.4007423069862,0.23788198052011,86.6066845407144,2.23311024280019e-13,12,0,1.38624026643679e-167,1.06150054480858e-19,2.40632906207064e-166
ZNF670-ZNF695,9,REML,-1.42749762389691,0.150692950008763,2.72208247874362e-21,68.6179434337418,0.119182125038373,29.4118265050957,0.000268418661666988,0,8,1.38605138833699e-102,1.20912666377727e-19,9.24775767864512e-102
MB,12,REML,1.72004275552638,0.18158359348877,2.73337646094812e-21,64.5678626202215,0.2256245875164,29.246871267945,0.00207805273599013,10,0,3.16013614706321e-69,1.21082602626644e-19,1.26600660618571e-68
ZNF439,13,REML,1.0025613349293,0.105988644427646,3.10488793140086e-21,55.6136159698759,0.0696835157865611,25.9947472771186,0.010752272805441,5,0,1.93714891590187e-58,1.36421539381578e-19,6.5787589806278e-58
GPAT3,13,REML,1.70972981101455,0.180768312119377,3.13505744431232e-21,86.2196901930412,0.333695252084185,60.6897689448492,1.68940569335237e-08,11,0,1.31040029974865e-196,1.37374827958475e-19,3.55871357786012e-195
WSCD1,12,REML,2.17166638332033,0.229883864724807,3.49354835853113e-21,86.5768640481623,0.515347482904372,58.6936302265956,1.61958569259396e-08,11,0,4.12950499220844e-166,1.52670888239529e-19,7.01799417596178e-165
MYZAP,13,REML,1.01928489494474,0.107981869885997,3.74892492435699e-21,71.9612776588176,0.0933194686869421,36.8669601199621,0.00023477627858082,7,0,4.46254591654436e-98,1.62516897857219e-19,2.79025287099629e-97
ADRB1,12,REML,1.60336379865807,0.169911986940288,3.85670169173092e-21,69.2526300715512,0.205782975055158,34.8034791509675,0.000266986894244933,10,0,7.23263673716113e-65,1.66743212074756e-19,2.70439897185409e-64
SLC22A5,13,REML,1.27763376595168,0.13542871192896,3.94761013914043e-21,88.2822310906319,0.190720544209129,67.2043761906545,1.06396084077479e-09,10,0,1.37166192365697e-242,1.70219689324159e-19,7.17379186072593e-241
S100A11,13,REML,-1.43432660955286,0.152441609595227,5.00769893475869e-21,91.1650230730661,0.247778757586977,71.9560754508716,1.37664041781658e-10,0,12,0,2.14221168414888e-19,0
ADGRB1,11,REML,1.25366170487603,0.133266703572425,5.09704868832747e-21,54.2050472926994,0.0871366540070503,19.7695986278849,0.0315087730167398,7,0,9.64994171112163e-63,2.17469606273298e-19,3.48528636583682e-62
RSPH14,2,REML,-1.36509704622111,0.145699303377596,7.30314704020676e-21,0,0,0.486254274626829,0.485602961672881,0,2,6.93939201238644e-20,3.07547851851616e-19,1.1275642683586e-19
LRP8,13,REML,-2.15188581717636,0.230110138086187,8.63748276033062e-21,92.6095739055968,0.604193401097944,107.228279725104,2.11119391713337e-17,0,12,0,3.59075661521129e-19,0
VAMP2,13,REML,1.00009909240715,0.106965709667212,8.78827206146707e-21,87.5315074742295,0.111017501741873,61.5943083885741,1.15421624268856e-08,7,0,2.04754062406099e-259,3.64409859162572e-19,1.42475434068244e-257
GDPD3,13,REML,1.24716073923556,0.133410481952437,8.90706933108891e-21,74.8876294221441,0.155109038537057,46.8958099647148,4.85934071542583e-06,10,0,1.12579697613242e-125,3.6839366087996e-19,1.0418120076504e-124
MEX3A,12,REML,-2.03655045013398,0.218228084973844,1.03685399025263e-20,87.7935153439303,0.467876668824555,68.1223464019811,2.7745576320221e-10,0,11,3.76283289203256e-213,4.26662785379845e-19,1.33494113082109e-211
RNF112,11,REML,1.71705692688511,0.184100700978417,1.09190941774962e-20,83.6824271670039,0.282887929535465,74.9869423761866,4.78571552703283e-12,9,0,2.37116822318725e-181,4.48180440252519e-19,5.1395388238683e-180
CAMK2A,8,REML,1.57440556177872,0.169101794605507,1.27350312959699e-20,71.6673026919311,0.151179199293818,25.3839920134135,0.000648559304465072,8,0,3.20422585919751e-78,5.17476346871077e-19,1.4720916365874e-77
CDC6,13,REML,-1.4713872499018,0.158090900017165,1.31218268072136e-20,88.1181673239566,0.255477711603536,90.3334737655782,4.25525065676743e-14,0,9,1.22457206335209e-260,5.31860445063387e-19,8.74624971943937e-259
CDH3,13,REML,-4.17665723921597,0.448881115280089,1.34503228116335e-20,95.4723498104488,2.40301435501296,131.090326875392,3.7282796768294e-22,0,11,0,5.43815670187069e-19,0
SLC26A3,13,REML,3.33286910637894,0.358598584082158,1.48386769149121e-20,85.5740580785294,1.35980425614261,72.4604684490149,1.10663963100637e-10,12,0,2.76060302965014e-169,5.9697138665377e-19,4.91842383733161e-168
CCDC13,10,REML,1.49954051763882,0.161350932596194,1.49073705066655e-20,75.8218486347815,0.174938201533215,42.5052029811707,2.65641734423615e-06,7,0,1.7205667902703e-120,5.9825049015982e-19,1.47986999313806e-119
MADCAM1,12,REML,1.47135374809648,0.158404394032473,1.56343106826126e-20,53.0028578443328,0.131459490907715,28.3312522143281,0.0028796557733682,10,0,1.56788047162614e-53,6.25874269375796e-19,4.88189861464848e-53
OSBPL3,13,REML,-1.02958694444496,0.110930627369614,1.67330940482453e-20,84.0696378155608,0.119458669757704,45.3457174435699,8.99005867767268e-06,0,6,8.26899908260116e-135,6.66569173966095e-19,8.67736453891344e-134
MUSK,11,REML,2.83061310699744,0.305519782915025,1.95243022640912e-20,91.1883307805927,0.871554469828462,131.482024050566,2.32807848970291e-23,11,0,1.11253874653602e-308,7.68319205358521e-19,1.11280723750945e-308
SEMA6A,13,REML,1.62987914518548,0.175939720404432,1.97191100337036e-20,85.0146520478563,0.312658629862579,79.811078725851,4.48430176154384e-12,12,0,3.45714415078146e-178,7.74106370402996e-19,7.09502254640757e-177
LAPTM4B,13,REML,-1.1330358083304,0.12234283350779,2.02234700782857e-20,75.4986942234182,0.131653235947246,42.3744610332638,2.88026093250318e-05,0,7,1.08476909081107e-106,7.91988213476438e-19,7.66667884451605e-106
PRRT1,13,REML,1.05815417547912,0.114284811620216,2.06506200829239e-20,73.1493621941605,0.103010633619719,40.3351212622616,6.32547122858397e-05,8,0,7.2324484077158e-102,8.06767478083002e-19,4.76278172357011e-101
TPSG1,11,REML,1.62720103764197,0.17589770924809,2.22741508550842e-20,71.4154057716719,0.220662080858067,37.7064383239454,4.26861140398435e-05,9,0,1.23367727560068e-97,8.66021121854869e-19,7.65172519866632e-97
GNA11,13,REML,1.15349443987582,0.12469967418571,2.2411480443499e-20,90.7592501395417,0.166317677066509,88.7931647391175,8.45168164825903e-14,9,0,1.11253692943537e-308,8.68324056027436e-19,1.11253695814655e-308
APCDD1,13,REML,-1.23298130883657,0.133375125834473,2.36426650744737e-20,52.4631908910583,0.108492484997752,24.7797456363543,0.0159017739452372,0,8,1.23753424364624e-48,9.12663163934387e-19,3.53677819359007e-48
PCSK5,13,REML,2.0767515026612,0.224658425574484,2.37361503763744e-20,92.1949830631961,0.582326651787727,113.819024929307,1.04814299409175e-18,12,0,0,9.14095501311538e-19,0
DHCR7,13,REML,-1.14259892347882,0.123804287213017,2.72981659111052e-20,77.8685213318249,0.131948117765377,41.3916072980675,4.21382045139631e-05,0,9,1.41737321743518e-112,1.04383293376592e-18,1.08600529179001e-111
LRRTM1,5,REML,2.00539537899523,0.217473988670187,2.93488407583847e-20,30.9847855982497,0.0730165493460667,5.44367403655701,0.24472512188998,5,0,4.05093624872535e-28,1.11697829862838e-18,7.87787326383401e-28
MXI1,13,REML,1.14743376049622,0.124469494655728,3.01020741150186e-20,84.3210816640224,0.155438425527938,48.8121687626029,2.25592995234965e-06,10,0,1.69019539650246e-159,1.1402918869785e-18,2.60486102314585e-158
PEX26,13,REML,1.22957186519954,0.133433750086673,3.11716585635272e-20,89.5684129691406,0.18675793125987,77.3365176894828,1.32592966006227e-11,10,0,5.07888297613978e-239,1.17805617783325e-18,2.51816298752765e-237
APPL2,13,REML,1.13558426981721,0.123421025133243,3.54970515313247e-20,88.6148629302617,0.163778809537365,77.9611547193221,1.00894097800946e-11,11,0,3.99256613840207e-250,1.32913093874681e-18,2.40637452795215e-248
ITGA8,13,REML,1.30455174756553,0.141965762109927,3.95774600187748e-20,79.1350101800676,0.186503794002003,56.1055062431863,1.14575642438622e-07,10,0,3.70583256486473e-136,1.47510197536643e-18,3.98955268088658e-135
DPF1,2,REML,-1.50914651753082,0.164320001876762,4.14626678987545e-20,0,0,0.322870088668492,0.56988791052356,0,2,2.98245111182312e-19,1.54182163908832e-18,4.77575109886303e-19
EPHX4,11,REML,-3.83932800915287,0.418053411636,4.16057078925895e-20,92.4149754087816,1.68423864927257,72.2014115083161,1.66317866073648e-11,0,10,0,1.54360032508594e-18,0
KIFC1,13,REML,-1.12294570552399,0.122305229564623,4.25119841585891e-20,78.5826772025368,0.133606133908177,42.9240924856884,2.32578654535445e-05,0,7,3.0851298344766e-119,1.57003826688657e-18,2.60110296444978e-118
RIPK2,13,REML,-1.29549426285362,0.141119399915529,4.30576234969419e-20,90.5050713359385,0.209841408421295,98.4865709063781,1.10131126380442e-15,0,11,1.1125369324609e-308,1.58657556762709e-18,1.11253742925278e-308
FEV,4,REML,4.51195447168685,0.491660205025913,4.43362295300845e-20,77.089998566601,0.724500229395165,13.0674063559721,0.00449307982065263,4,0,2.0488471907626e-96,1.62998478315478e-18,1.24132883048707e-95
TRANK1,13,REML,1.18427537960979,0.129308583164095,5.26134141920772e-20,83.7791995548798,0.165992981636992,63.2216911423747,5.80154418982064e-09,9,0,2.54527711251434e-158,1.92555594649243e-18,3.87116114682879e-157
E2F7,13,REML,-1.53156371311903,0.167333089955426,5.54845860499674e-20,82.4946569122815,0.261176134384155,63.8634413449628,4.41941574533672e-09,0,8,1.5237384110485e-152,2.02606214781108e-18,2.11510024471998e-151
KRT24,4,REML,7.13692044628079,0.779801668246479,5.57726957901004e-20,78.1611367741825,1.8492563039461,15.583116648048,0.00138043328442754,4,0,7.4772195229073e-98,2.03200610526943e-18,4.65545929819109e-97
TMIGD2,7,REML,1.65933579886838,0.181713208780143,6.74824063621803e-20,71.8383830903634,0.157168582701171,20.4939206122243,0.00226079836063593,7,0,9.36560683244257e-78,2.44763367863541e-18,4.26409951065407e-77
SLC6A7,13,REML,1.2632082773825,0.138428885948404,7.15227510401707e-20,69.797190567259,0.152320884426265,43.9924763942277,1.53167069764399e-05,8,0,6.82022602761975e-86,2.58262441562202e-18,3.55779680134488e-85
PLCL2,13,REML,1.5283950567978,0.167529174633239,7.29667747211475e-20,90.6068936894559,0.310144876267809,92.4966680955063,1.61950392259115e-14,12,0,8.19573984345974e-270,2.62308274623939e-18,6.6772628181916e-268
TPX2,13,REML,-1.71295825797342,0.188043296728538,8.2852420590695e-20,90.6174123767857,0.389921318384463,87.6537753107334,1.40279102706339e-13,0,12,5.97635436452639e-287,2.95878038554392e-18,6.17163269503607e-285
SORCS1,9,REML,2.66916592078968,0.293134308262046,8.57850751027528e-20,85.2039268953285,0.607558331322584,60.4769283558546,3.75734551023539e-10,9,0,1.20031716635535e-151,3.05677675305699e-18,1.63810961431981e-150
SGK2,13,REML,1.2994638356907,0.142748837616665,8.77505001936494e-20,80.0628827480725,0.195765471426735,59.8979479098051,2.35612387613705e-08,11,0,1.48611534177866e-146,3.11995363956061e-18,1.87650997167114e-145
FAM47E-STBD1,13,REML,1.1424901576343,0.12555508558833,9.07376158018194e-20,82.924475432195,0.151902659084315,56.037001320066,1.17874458055935e-07,9,0,4.60184910920765e-157,3.21207197597139e-18,6.84493390895263e-156
EVA1A,13,REML,-2.78098779200998,0.305710367462214,9.30276377626176e-20,90.1565779094829,0.991520254887833,58.9573540668136,3.49421148362412e-08,0,12,1.01700803519676e-238,3.28596316131878e-18,5.01177850293161e-237
ULBP3,13,REML,-1.49250934076888,0.164211084741465,9.99832811350118e-20,84.7420696006069,0.267584024846481,66.3558215713392,1.52930826313763e-09,0,11,8.56170762182616e-158,3.50872064294793e-18,1.29006473673483e-156
PDE5A,13,REML,1.17902558547139,0.129730340812266,1.00618680231337e-19,85.9662966030961,0.167346460766275,63.693544200471,4.7497583420182e-09,8,0,6.91616570241542e-160,3.52339235980707e-18,1.06995987150058e-158
GRIA4,8,REML,1.97618704886391,0.217480171996825,1.02047577211049e-19,78.8494820258681,0.288709428515045,34.9279359134207,1.1538654004901e-05,8,0,2.63385333242614e-102,3.56572708905764e-18,1.74939221952581e-101
TOMM34,13,REML,-1.38274705183382,0.152254864229256,1.06801437058204e-19,92.0635143381501,0.261632956464073,127.323447170073,2.12417609208318e-21,0,9,0,3.72381010542938e-18,0
GFRA1,13,REML,2.03623447943923,0.224433685606498,1.16032493296493e-19,86.3948901806767,0.522117147265761,85.5418593525396,3.58045488535677e-13,11,0,7.9827488429323e-155,4.0369845790044e-18,1.15146180596496e-153
CD160,10,REML,1.86116147689334,0.205357287814828,1.26863562534287e-19,86.9339019129042,0.325421572243627,81.1030026937547,9.75532801963774e-14,9,0,3.17176954548253e-178,4.38558409246992e-18,6.51760451722539e-177
SPINK2,5,REML,2.94259770433496,0.32485984298834,1.3279961806665e-19,76.833310470811,0.393775484755385,15.7826281769853,0.0033251541886864,5,0,1.13959894206151e-99,4.57129555778047e-18,7.27987298961518e-99
DEFB1,13,REML,1.4326409135231,0.158316708186161,1.44008268221269e-19,48.5871529174362,0.14310507074559,23.2697205074968,0.0255214434463017,8,0,1.41503198911057e-38,4.92575116597349e-18,3.41042272029875e-38
SYT12,2,REML,-1.72030458552366,0.190280007979667,1.55371730905572e-19,0,0,0.286969061746491,0.592169405781359,0,2,1.17056499463394e-18,5.30324604878325e-18,1.8490228232658e-18
SELENBP1,13,REML,1.74073189314684,0.192656137878798,1.63352345472382e-19,85.402661661148,0.37290006915093,61.9806094916125,9.80611821426653e-09,10,0,2.08257580157457e-183,5.55226745732439e-18,4.67656530068262e-182
ASF1B,13,REML,-1.03922046504671,0.115042394320971,1.66465333275969e-19,77.3318066002704,0.115080873036335,59.7291839644837,2.52896805181272e-08,0,7,1.20980057544988e-128,5.64623943180604e-18,1.17734074008217e-127
NHERF4,13,REML,1.57411985271794,0.174431010071697,1.80828073589484e-19,82.5992882450464,0.301714015588184,72.675567778049,1.00819001538547e-10,10,0,3.17094467300013e-145,6.08250115582221e-18,3.92147414060649e-144
RAB36,11,REML,-1.35478241620604,0.150200791614153,1.88417928513066e-19,78.0815254285134,0.168603507826779,55.566273182315,2.47492787411352e-08,0,8,9.0636883631639e-139,6.32467883019117e-18,1.01624882041477e-137
SLC10A4,2,REML,1.12387255075705,0.12471424991632,2.03107209557516e-19,0,0,0.363220692380753,0.546722963535758,2,0,1.53978547462961e-18,6.80367187718182e-18,2.42751282576525e-18
SLC6A20,13,REML,-3.06180133289968,0.340247397450319,2.28301736423502e-19,85.8884858086035,1.18331672358894,72.3632871456815,1.15420190912437e-10,0,11,2.19502593360973e-192,7.61616471735439e-18,5.62210986755365e-191
AHCY,13,REML,-1.27296100006401,0.141468033227885,2.29399157065691e-19,92.5912145004718,0.222576630724514,211.670585044526,1.26210805919144e-38,0,9,0,7.63706064374959e-18,0
PKIB,13,REML,2.63749767908686,0.293151271348381,2.31856528726774e-19,91.6026108211911,0.965415519791299,129.307537222983,8.49924165804513e-22,12,0,1.11253703721871e-308,7.70305307427702e-18,1.11255344282278e-308
AKR1B10,13,REML,2.34500745460398,0.260755423349068,2.4028748310328e-19,82.7154833158273,0.676131575507292,59.2114558360104,3.14168221655891e-08,12,0,1.1843063123896e-126,7.96683223630567e-18,1.11375627858309e-125
GUCA2A,13,REML,4.01274114678007,0.446839032872071,2.70070233313341e-19,92.9853951825558,2.24853497726167,108.099858072576,1.42069683947881e-17,12,0,0,8.79246725443613e-18,0
ZNF491,12,REML,1.02598409867356,0.114259486961761,2.72194008804588e-19,73.1774700613334,0.0986632619168327,41.5309468739664,1.95216136761381e-05,7,0,1.63839532974421e-106,8.84385063075909e-18,1.15442431469547e-105
ZNF793,13,REML,1.12407447264345,0.125405415029408,3.14463530464106e-19,53.6637976539211,0.0995925463860525,25.8412543838596,0.0113027625179466,9,0,1.35135343187018e-42,1.01357520528439e-17,3.48599732552287e-42
HJURP,13,REML,-1.43577966728044,0.160184131540557,3.1508166499928e-19,86.5763342846078,0.262737436006707,51.1307361422653,8.83297624846532e-07,0,11,1.96453803984273e-170,1.01357520528439e-17,3.59087432243181e-169
ITM2A,13,REML,1.54990334789731,0.173018445210443,3.30549193222551e-19,87.4055817905647,0.313329879962181,94.437318840136,6.79259765151183e-15,11,0,1.36655991219998e-206,1.06122654845886e-17,4.34432075617612e-205
IQGAP3,13,REML,-1.55761122873351,0.173928636981116,3.38317137959674e-19,88.7827183495594,0.326348044221828,58.4318298656304,4.35264281560186e-08,0,11,2.56076263939042e-205,1.08401892445458e-17,7.90812279474987e-204
NME1,12,REML,-1.26270747666512,0.141046072694669,3.47688136043635e-19,89.051075865227,0.187910531911644,98.2379376932198,3.98530677191719e-16,0,10,7.58091589189785e-271,1.1076479459702e-17,6.30304560796614e-269
CBX4,13,REML,-1.01342600098237,0.113201219550445,3.47741198111905e-19,84.8459465597868,0.13168254662104,64.4159234127455,3.49511649368647e-09,0,4,2.47174827689042e-135,1.1076479459702e-17,2.62267374432097e-134
EDNRA,13,REML,-1.34198406043598,0.149953830665022,3.57695194789811e-19,74.5745673179416,0.199861664391703,43.1838236245004,2.10173054273817e-05,0,11,8.62094816820581e-88,1.13546416722972e-17,4.63740652458928e-87
ANK3,11,REML,1.16861500813451,0.13062857263797,3.68295766105167e-19,86.1149890435473,0.151280812681085,40.1509474118798,1.59383556581842e-05,8,0,1.20105702588012e-177,1.16624594841076e-17,2.43713861834723e-176
SHMT2,13,REML,-1.15824106169861,0.129505708520988,3.76857275564078e-19,89.5432925076455,0.181675808075444,84.2969374808694,6.21209364689371e-13,0,8,7.4894224613561e-228,1.19103060598838e-17,3.10552445948763e-226
MCM4,13,REML,-1.12577347160964,0.125921629370282,3.88217699083918e-19,84.8326424501313,0.157492363972856,72.3819435396826,1.14491598262521e-10,0,8,6.51143773853661e-163,1.22216962237817e-17,1.04940298265302e-161
CCDC92B,9,REML,1.26230669622368,0.141206630270738,3.91185127667804e-19,31.9396295614654,0.0544519898574583,10.9573417520794,0.204128010487885,7,0,1.31755292826176e-28,1.22674748063406e-17,2.5908411917414e-28
PIGZ,13,REML,1.39476754403957,0.156094470559382,4.0568400333482e-19,82.861223496204,0.232995594562905,60.6978382421529,1.68368162933427e-08,9,0,3.33752273922895e-137,1.26731305319218e-17,3.64140351084246e-136
CHI3L1,13,REML,-3.2362857154438,0.362787756129203,4.63754239915343e-19,89.7421333731987,1.4460311995969,83.0262788411392,1.08898536529878e-12,0,11,2.3777816019628e-216,1.44039223979836e-17,8.72193961824045e-215
PLCD3,13,REML,1.22144074614964,0.136930053111156,4.65530192925994e-19,81.6724462840643,0.176122447674767,67.514517761545,9.31652618952117e-10,9,0,2.70875779094171e-145,1.44314359807058e-17,3.35244962324717e-144
BRINP3,9,REML,3.15856807534407,0.354237207594326,4.81109471608209e-19,74.2522807112373,0.803498634818664,34.5278113345544,3.25867044042138e-05,9,0,1.67729889416259e-78,1.48859310366105e-17,7.75200882869386e-78
SCN9A,12,REML,2.5473950224906,0.285993803372318,5.23524148928467e-19,90.3505984158073,0.806961055275681,96.6790928357911,8.0979430467506e-16,11,0,1.06523301539516e-271,1.61060664640934e-17,8.99793895458094e-270
PIERCE1,9,REML,-1.51633437641986,0.170327721318682,5.46262642259405e-19,70.5674707253918,0.163209709033032,23.5138457739796,0.00276352559925815,0,7,6.18521920107776e-95,1.67737807177116e-17,3.66926304087354e-94
ANKRD33B,11,REML,1.1854954192457,0.133169731279399,5.47807516511776e-19,82.9360672774515,0.130628822907973,92.1056818686401,2.04572331377081e-15,6,0,5.18287213611722e-206,1.67894201610689e-17,1.6284865492804e-204
PBLD,13,REML,1.35043998257383,0.151708737923245,5.50817395241821e-19,80.8054348070825,0.2241838010849,48.9860450669431,2.10346744102859e-06,11,0,1.41157230915818e-114,1.68498159038786e-17,1.10988466771976e-113
POP1,13,REML,-1.02841965794337,0.115628432774421,5.88542368176535e-19,80.9290669900829,0.122239295925218,57.0786946445165,7.64980339762244e-08,0,6,2.81109647664125e-122,1.7936160554974e-17,2.48236967188369e-121
RRM2,13,REML,-1.37608400867188,0.154964512174649,6.68636960249465e-19,84.2884263951784,0.237127215554014,63.5016313687771,5.15249652030428e-09,0,10,9.16801409880383e-186,2.02250205905309e-17,2.13258267695705e-184
KIF19,13,REML,1.24131259826638,0.139826510992558,6.83677660948211e-19,59.0822920029722,0.129739884267214,31.5682290657591,0.00161260259790632,9,0,3.71908643248722e-63,2.05648718310823e-17,1.35075153068807e-62
ASXL3,10,REML,2.00991722478507,0.226572142846732,7.25041802947152e-19,79.8609055038795,0.362242546864468,64.5498036407154,1.76488986093728e-10,9,0,8.15917096410392e-142,2.16484396891016e-17,9.5719709725772e-141
LGI4,13,REML,1.98526301317989,0.223829201621014,7.34458549028659e-19,87.9319503049382,0.532248256769171,114.692654705363,7.03091767521303e-19,11,0,1.95201746266708e-168,2.18892949547825e-17,3.42882547369679e-167
TCEA3,13,REML,1.20109213262251,0.135428107501485,7.39023987345785e-19,82.4774214203576,0.17996692218145,60.9323561131951,1.52547905757352e-08,9,0,1.67308815083326e-125,2.19849466180499e-17,1.5456283868638e-124
CENPW,13,REML,-1.25701275361235,0.142026747646648,8.71004529455182e-19,79.2577863769838,0.178682138486004,50.089810866719,1.3472607527024e-06,0,10,2.8581750612352e-124,2.56756298837398e-17,2.59025110496402e-123
CDHR5,13,REML,1.75808347502249,0.198988309713793,1.00000394987792e-18,89.4946797888277,0.435246151088118,99.7438230186882,6.24966373506941e-16,11,0,3.06938262610408e-258,2.9107834900127e-17,2.09092018979099e-256
MALL,13,REML,1.55288061426652,0.175784871560473,1.01012766642096e-18,87.1576078887469,0.319805904189349,74.8970653122381,3.84251270445348e-11,11,0,2.0150169084184e-212,2.92973163786816e-17,7.08665274103852e-211
FRMD1,12,REML,1.66538525125066,0.188630864505325,1.05799331783089e-18,73.9976232857809,0.290107170330176,41.9209488019396,1.671543978888e-05,10,0,5.3668526421721e-82,3.06307958249862e-17,2.63276193305707e-81
JADE3,13,REML,-1.06963161386132,0.121171924118232,1.07148384232352e-18,88.5444462653312,0.147482810570879,93.7079117774549,9.4182134443279e-15,0,8,9.78553340138931e-265,3.0966074038487e-17,7.41368472134228e-263
MMP28,13,REML,2.20680637706148,0.250382235351828,1.21028000542408e-18,88.5330358090826,0.681877398096238,94.0153152368334,8.20667434100766e-15,11,0,7.34501599758824e-204,3.47296809344082e-17,2.19713550496122e-202
SORD,13,REML,-1.38035201072943,0.156689994261475,1.25766086669996e-18,90.0801980196212,0.264282009209456,77.9794355595367,1.00090113623906e-11,0,11,4.65186044250494e-241,3.58986894926171e-17,2.38672827070673e-239
DBNDD1,13,REML,-1.79521223445048,0.203877628592587,1.30454250080987e-18,86.7397330114389,0.433227993992898,71.8139849541846,1.46390288188755e-10,0,12,8.57252810857756e-196,3.71062237993515e-17,2.30109930835046e-194
IL1B,13,REML,-1.83398072143188,0.20837898547525,1.35386376354719e-18,70.8503685042516,0.355218429304259,34.7883896327408,0.000506054294284588,0,10,5.12794282486576e-71,3.82407547010289e-17,2.10746101443723e-70
UGT1A5,12,REML,2.12538747229748,0.241671682716576,1.43655354866171e-18,84.6213419411047,0.542033306815457,62.4232514277385,3.27812314318168e-09,10,0,6.40712296830315e-135,4.03654119314598e-17,6.74536913539604e-134
GRAMD2B,13,REML,1.02311001103496,0.116359828002616,1.46086730728863e-18,86.9107396631215,0.138005222579132,64.0116215672949,4.15000184496969e-09,9,0,5.03606574001781e-197,4.09775807146549e-17,1.38155218008306e-195
BFSP1,11,REML,-1.47787491701473,0.168169772161156,1.52254356035644e-18,69.2718082447357,0.179857770698248,25.64113960361,0.0042540231615665,0,7,9.47519408861956e-87,4.25603426621706e-17,5.00721387740511e-86
PDE3A,13,REML,1.5084284856523,0.17169540383744,1.55682525297447e-18,81.6604394970212,0.287606401382319,46.7249499797751,5.20157662450746e-06,11,0,1.12083983619915e-114,4.34437311987523e-17,8.84290815780869e-114
TMEM132D,2,REML,1.84119125581192,0.209863907873093,1.73562037552837e-18,0,0,0.387719891735678,0.533500364875985,2,0,1.17138508380285e-17,4.81842690897971e-17,1.80529147943875e-17
VWC2,4,REML,2.32075318926584,0.264694230391842,1.82392168882538e-18,64.8742285153943,0.176420211826993,8.60601774639808,0.0350147154033817,4,0,6.45689427634277e-61,5.03351335492876e-17,2.26837761435201e-60
TMEM74,2,REML,1.15196497772316,0.131389198419289,1.82551400277438e-18,0,0,0.560284933298983,0.454145461399684,2,0,1.26964328641066e-17,5.03351335492876e-17,1.95282483659767e-17
CEACAM6,13,REML,-1.08294151067337,0.123594499141002,1.91726657098116e-18,55.1633517703945,0.0923520526616962,24.899904960561,0.015304380286821,0,8,6.83296218598869e-47,5.26858354496908e-17,1.89761589450899e-46
ZNF726,10,REML,1.14738171576694,0.130963595577216,1.93399262031577e-18,27.4351276065722,0.0455696561194181,12.4495500681748,0.18913538882622,6,0,1.71712501704012e-23,5.30555369766152e-17,3.02605955448603e-23
UBE2C,13,REML,-1.92217463925242,0.219442447118535,1.96368043022363e-18,91.2864637997258,0.527704289756518,77.916312396462,1.02893589156883e-11,0,12,3.33600802486663e-270,5.37789709716483e-17,2.74551767041435e-268
VILL,13,REML,1.09814211732094,0.125393018220802,1.99448387539664e-18,81.1589055470731,0.147422506690056,60.3443539726342,1.95342109736121e-08,9,0,1.01020654105122e-147,5.45304672374464e-17,1.30714115323731e-146
CDC25A,13,REML,-1.00934316759027,0.11526512192558,2.01033215681401e-18,74.3833942267372,0.107420396984307,54.6697457860431,2.07407491318086e-07,0,7,8.71116147543723e-127,5.48712378087972e-17,8.24002689622309e-126
TMEM37,11,REML,1.73638838214453,0.198313027530489,2.02668280013077e-18,85.7956351354032,0.349760428995663,64.5767031818147,4.88367795310634e-10,9,0,5.90367569256042e-143,5.52245516613783e-17,7.0431415749435e-142
GDF15,13,REML,-1.68644468700234,0.192656283768149,2.06570452839071e-18,75.1950281358504,0.331929548390282,53.1001528586519,3.95375762949878e-07,0,10,6.52127829869438e-104,5.61934018771789e-17,4.43196356277626e-103
TMCC3,13,REML,1.49900586139668,0.171425572492706,2.24295539431412e-18,86.1727519895334,0.307939825097639,59.2914396848664,3.0381996148638e-08,11,0,8.01104414460892e-160,6.08110966689211e-17,1.23816071226448e-158
HBD,6,REML,1.774592216601,0.202947651622305,2.24823285364531e-18,0,0,3.35400453999917,0.645584301083847,6,0,1.73086812601645e-15,6.08524194593514e-17,2.53592670586523e-15
CRYBA2,5,REML,3.05366109864798,0.349255472415967,2.26308223967841e-18,77.185760601953,0.431696738386263,15.6829374870339,0.00347550414353536,5,0,1.24609564048001e-90,6.11522539198436e-17,6.98339046633333e-90
ATAD2,13,REML,-1.30675987422004,0.14946505067304,2.27176432886127e-18,89.4544833463603,0.238646028050684,103.29730831491,1.25503394916292e-16,0,9,1.18384223001434e-249,6.12847172443057e-17,7.0564831158906e-248
MMP1,12,REML,-3.90297763630939,0.446656807908077,2.36848671052907e-18,91.2587433410849,2.04553718302904,75.9749614177474,8.80840614223328e-12,0,10,4.11241039657203e-236,6.35766143010063e-17,1.93821249301228e-234
GCNT2,13,REML,2.56814852514294,0.294118995687034,2.50950701759833e-18,92.8575930306726,0.996160111978507,107.643047581487,1.74856129781612e-17,12,0,1.11253747392406e-308,6.7139665472478e-17,1.11261869538422e-308
TRIB3,13,REML,-2.73702335109836,0.313630183292043,2.61718056784663e-18,93.6347316591364,1.13825768523661,121.716966303576,2.80855620779564e-20,0,12,0,6.96754491732306e-17,0
RIOK3,13,REML,1.07291278508018,0.122965980515043,2.65519494003437e-18,89.059934405096,0.160361888591775,75.6917611055054,2.71838498312046e-11,10,0,4.64771293715966e-248,7.05715992832415e-17,2.66266324558903e-246
INHBA,12,REML,-3.88045817088684,0.444827069360611,2.69682638652922e-18,94.0985080081883,2.16924120715881,149.879936249621,1.57707151617643e-26,0,11,0,7.15607957525339e-17,0
MUC5AC,11,REML,-2.76326812982055,0.316783855811747,2.71209347125161e-18,62.6047255995625,0.640157618608343,25.0543722186188,0.00524339146953303,0,9,7.64454786203078e-50,7.18483193617687e-17,2.23881962585089e-49
CCDC74A,13,REML,-1.06169587024581,0.121718961712507,2.72081704199497e-18,67.1028523507281,0.112383285625413,29.4639447845182,0.00336035840480689,0,8,2.79051048899664e-66,7.19618380128293e-17,1.06754475125301e-65
ARHGAP44,13,REML,1.65666298428952,0.189937579898582,2.72982069931072e-18,88.0163028597909,0.364727294165084,61.6003420298215,1.1512830646224e-08,10,0,2.00342485172822e-210,7.20823827327764e-17,6.76698481688952e-209
TMPRSS5,8,REML,-1.04389864143858,0.119760045009983,2.86718106415066e-18,0,0,5.36461791133958,0.615559677115185,0,4,9.15136687563346e-15,7.53964321231391e-17,1.31546334918561e-14
MCM2,13,REML,-1.23492428715788,0.141713508985176,2.92738307964641e-18,86.4062231014979,0.199283815318505,66.8960963926236,1.21397107552214e-09,0,9,4.47531138624944e-212,7.6798805615384e-17,1.56713225713309e-210
MYC,13,REML,-1.60867034075625,0.184892795626214,3.3025858888354e-18,89.7155483667864,0.367836198666773,116.18524251705,3.55194066062477e-19,0,11,2.2988900628653e-265,8.62235507499008e-17,1.75810870703939e-263
TEX30,13,REML,-1.00365816914703,0.115444271305618,3.502802482847e-18,78.1365673868919,0.114286341314658,51.2498828703817,8.41527449868462e-07,0,8,2.65576176472675e-135,9.11572016924534e-17,2.81423957460881e-134
ISX,13,REML,1.52894174536305,0.176161077890427,3.98472437056177e-18,71.8048906232403,0.26160578716207,38.3137431573384,0.000136434782276377,11,0,1.68904128891674e-75,1.03201815047792e-16,7.41924313660448e-75
OTOP2,8,REML,6.62064603139534,0.762954802319942,4.040706972486e-18,92.9088994156221,4.22261997404112,89.3847773555717,1.65488692800498e-16,8,0,2.67340363492826e-253,1.0448482000784e-16,1.7064524855548e-251
CD1D,13,REML,1.0780799651946,0.124344858042049,4.31813884639703e-18,72.3841619341402,0.126344058043058,53.2242859767531,3.75762125233512e-07,7,0,3.57126174139804e-87,1.11480868020119e-16,1.90213096627091e-86
NCAPH,13,REML,-1.18345741480437,0.136653562542196,4.70628003494639e-18,81.0623848988957,0.16596753874186,45.4665827993089,8.57055735140592e-06,0,8,5.13654564895256e-138,1.20923800644352e-16,5.68456072399098e-137
SLC51B,12,REML,2.59849535777737,0.300194275645636,4.88413037548215e-18,91.5331646709541,0.938373510689966,92.6325643161819,5.07417814138985e-15,11,0,9.60570602322952e-262,1.25294945850779e-16,6.92165830020534e-260
RSPO2,9,REML,2.70500690731092,0.312539952593586,4.93276601717505e-18,84.8699151742118,0.672806689176355,46.9968236773329,1.53552243763639e-07,8,0,1.3291011664062e-161,1.26342710010204e-16,2.10026483537464e-160
DNER,5,REML,2.11859885679082,0.2449227549061,5.14680679258987e-18,71.025361763855,0.207144162842843,14.0131452960399,0.00725321933367584,5,0,7.77983097558238e-68,1.31409729965763e-16,3.06300144747735e-67
GLT1D1,7,REML,-1.16797873435723,0.135039404393369,5.18754403383673e-18,15.9263887008607,0.020420984320847,17.7271420655441,0.00695151554091548,1,5,1.21064803024557e-22,1.32241590283954e-16,2.09501937393227e-22
FGFRL1,12,REML,-1.3228176746021,0.152970395891927,5.26212872601923e-18,84.2052208708145,0.20766115647032,62.2128438247885,3.58876181901429e-09,0,10,3.11639698088407e-155,1.33914243767603e-16,4.52337907350703e-154
GREM2,13,REML,2.71989957786609,0.314534646053271,5.26967788341028e-18,90.8750455528304,1.05732849846239,116.42604408724,3.18119914272027e-19,12,0,3.68063431874009e-239,1.33914243767603e-16,1.83049460766052e-237
STBD1,13,REML,1.22598109905524,0.141947096434745,5.77652311597902e-18,87.3029377257273,0.207901080507765,67.6473504710085,8.80116824549971e-10,10,0,8.57896188738187e-180,1.46107284367188e-16,1.81343818878908e-178
MT1M,13,REML,3.19970213092918,0.370547643886551,5.86948451789217e-18,87.8618077804312,1.41980598492422,97.9414704742013,1.40762059119607e-15,11,0,4.2360992168891e-206,1.47996815689869e-16,1.33358983695967e-204
CDK4,13,REML,-1.04496440011809,0.121164039603198,6.44422969131433e-18,91.4339968744621,0.158926872423716,123.861909695194,1.04712775785128e-20,0,7,0,1.61984955015937e-16,0
AMN,13,REML,1.27021500770224,0.147351066904644,6.67606981759429e-18,83.6142366709964,0.213658744934562,73.304974185607,7.67429080346573e-11,10,0,1.68298295914503e-118,1.67552817264174e-16,1.40216869047371e-117
SMPD1,13,REML,1.08743927798605,0.126227010886923,6.99726548326052e-18,83.7477196772504,0.159074572807126,70.2058864531736,2.93110481611247e-10,8,0,5.40133638484075e-146,1.74533331200158e-16,6.75708848822709e-145
ZNRF3,13,REML,-1.11365753631546,0.129391676945908,7.50815335241963e-18,87.2796943307922,0.167406072958001,105.147066359401,5.42930285066693e-17,0,8,4.12815879289782e-190,1.86416064782204e-16,1.02182959556111e-188
SLC22A23,13,REML,1.0828735704355,0.12582756623514,7.56462161944897e-18,89.9120469750955,0.169900660460359,94.1151566029091,7.84764949468808e-15,7,0,2.05048798164834e-292,1.87530902624046e-16,2.29272838941135e-290
BIRC5,13,REML,-1.30622101590654,0.151809742309774,7.67642913020041e-18,84.6835866244427,0.231890517704567,66.0581007859002,1.73660591998372e-09,0,10,3.13165094965015e-148,1.89722477877956e-16,4.08475115419773e-147
TRIP13,13,REML,-1.8756344096622,0.217992374548336,7.6898770713619e-18,93.3752897718316,0.550312853202717,129.696711135597,7.10055489216317e-22,0,11,0,1.89765566146104e-16,0
ABCB5,2,REML,3.04949161441131,0.354532316680502,7.87159310325239e-18,0,0,0.0679175890208825,0.794393252188926,2,0,8.79264349921067e-17,1.93954618515245e-16,1.32560097687096e-16
GINS1,13,REML,-1.45868434859482,0.169650845707783,8.10075044667457e-18,85.9194280765581,0.293392338040565,80.4026642145064,3.45811587551795e-12,0,10,7.59805331349864e-169,1.98996162108992e-16,1.34337228322523e-167
PPAT,13,REML,-1.1424117947478,0.132915900503401,8.32668165487224e-18,89.5749969338856,0.181838322058864,135.338848503165,5.21345842761708e-23,0,11,1.37163158534467e-267,2.03928232130579e-16,1.07431221706247e-265
FAM89A,12,REML,-1.23878885546011,0.144412170174538,9.64135041523164e-18,79.6133062269697,0.168765287138705,49.048975361507,9.27213233359031e-07,0,8,1.37337440633407e-152,2.34355643601425e-16,1.90801364609205e-151
KCNH8,13,REML,-1.4188403362537,0.165419086093826,9.71709276555225e-18,77.2877907114173,0.239812250924063,44.1039929581748,1.46610131362565e-05,0,11,6.85231638416488e-84,2.35843151209429e-16,3.4750267606026e-83
MYBL2,13,REML,-1.83756083234707,0.214312041765819,9.97515234766705e-18,90.5385092936354,0.503076289679727,90.8286510285205,3.41185076511106e-14,0,11,1.89647674344011e-235,2.41383798526457e-16,8.81019410928211e-234
CD44,13,REML,-1.05802144837809,0.123478547619296,1.04874773362748e-17,88.6085562870318,0.153240748058904,87.3912658949738,1.57631225625646e-13,0,8,1.10451915803273e-197,2.52650029796468e-16,3.0506932042904e-196
IFITM1,13,REML,-1.47990682745471,0.172840893175266,1.10686475668723e-17,87.0407061001256,0.317761190733786,63.6144500029651,4.91180568906834e-09,0,11,1.7714762778097e-178,2.65860715558074e-16,3.64942120611546e-177
PRRT2,13,REML,1.2702567529296,0.148374802843826,1.1176151396787e-17,77.8076205243487,0.191067877854221,61.5301510617194,1.18586825888909e-08,9,0,1.50095803187603e-128,2.68045773071165e-16,1.45806066931133e-127
ARHGAP20,13,REML,1.53914896816955,0.179836689703259,1.14253654367869e-17,83.0331035321394,0.303527061452591,47.74380557979,3.46337762998193e-06,10,0,3.38515639062724e-141,2.7361809427862e-16,3.92867147897205e-140
NCAPG2,13,REML,-1.11830450026995,0.130784390469272,1.22292270742319e-17,86.7193737154824,0.172056652930202,80.2436621495695,3.70836905165773e-12,0,7,1.32897060940255e-194,2.9114898466156e-16,3.49782475490966e-193
CDCA3,13,REML,-1.34253934206041,0.157103248860966,1.27885560405404e-17,87.5573640907393,0.253725804830742,57.8179118849486,5.62339795497674e-08,0,9,9.12997518598769e-172,3.04018854963756e-16,1.70731589031625e-170
TMEM97,13,REML,-1.08398325015718,0.127118656953709,1.4975895784146e-17,85.6203192847258,0.161806917008598,89.8637068383128,5.24662386294885e-14,0,9,2.42015394327039e-179,3.54976898170114e-16,5.04992997197462e-178
TH,2,REML,-2.91697257498064,0.342153066787603,1.52356423602421e-17,65.1990205390168,0.153580595379806,2.87348234299308,0.0900498322127316,0,2,1.45958351391317e-50,3.59556724289091e-16,4.32855816921059e-50
CXCL5,11,REML,-3.62626920079179,0.425960499136316,1.69258608689651e-17,81.3017853947361,1.49049210513759,41.6617129614386,8.61243401966793e-06,0,10,4.01986022052764e-114,3.97133114715675e-16,3.14091536170673e-113
ADAMTSL1,13,REML,1.88131760326591,0.22100868017445,1.70347637698247e-17,89.8947908652155,0.534045495608159,92.3833033378451,1.70371601225333e-14,11,0,1.56271264105843e-229,3.98534812410054e-16,6.64993702086096e-228
TUBAL3,12,REML,2.0294988894891,0.238463388269322,1.72833080169223e-17,86.1579350069142,0.548334318368881,59.559480596123,1.11933040074039e-08,11,0,1.19358862214262e-152,4.03766963801673e-16,1.6610860369784e-151
CCDC153,12,REML,1.26981327038431,0.149461586470032,1.96375874345053e-17,82.5394853748482,0.19857155872799,59.3923944145791,1.20212637346438e-08,8,0,3.37228490998816e-162,4.55485271925085e-16,5.37609196122301e-161
KIF20A,13,REML,-1.38090439284155,0.162579962491898,2.00171531870663e-17,86.3125499507105,0.267520740925272,52.6178007733019,4.81693477255023e-07,0,11,7.79419304097488e-167,4.6362586374558e-16,1.33439547807102e-165
HSPD1,13,REML,-1.15318001798948,0.135829901595049,2.06844638725352e-17,90.1880895055463,0.202278659243071,102.588766724977,1.72931732202157e-16,0,10,4.28442699996582e-275,4.77716827301158e-16,3.83775773206883e-273
CFAP54,6,REML,1.47182468240107,0.173402100201719,2.1035235259678e-17,65.0578711963973,0.102789884789385,12.9910532282782,0.0234627534357602,5,0,2.19465854344217e-64,4.8443788247892e-16,8.14979362455976e-64
FAM227A,11,REML,-1.49887796959733,0.176627755038662,2.13716947843384e-17,82.9864224102988,0.253975590891149,49.430634717432,3.39597420690597e-07,0,10,2.18089043771528e-148,4.90098002176067e-16,2.85612089391582e-147
GRIK3,12,REML,2.37514246955048,0.280225313449167,2.33406875883171e-17,89.080371708103,0.762239638322804,82.3824398028175,5.09939616669673e-13,11,0,8.85445147836696e-184,5.32239898550471e-16,1.99940420360395e-182
SLCO4A1,13,REML,-2.20446320634428,0.260251336233988,2.44307558110096e-17,93.7054050195118,0.789821382023379,139.686671258808,6.92832327702717e-24,0,12,0,5.56314387589745e-16,0
ZNF483,13,REML,1.12810803492722,0.133247699087432,2.53424779156093e-17,81.5990525427239,0.157691485485121,56.0733575678434,1.16112185769792e-07,7,0,3.12918425109514e-111,5.74653978245838e-16,2.36189312211385e-110
CLDN2,11,REML,-4.51663266326605,0.533715977304761,2.61448437768863e-17,89.1892836351819,2.60080539253288,57.7415043734303,9.66963328769354e-09,0,10,6.97871257371259e-209,5.9202004490874e-16,2.30909932566535e-207
SHE,13,REML,1.25982879372246,0.1489330972871,2.69622233879786e-17,90.1665291624996,0.233388058474257,100.376875641634,4.69719105597382e-16,9,0,4.75023521331151e-274,6.08046219605964e-16,4.18562845181628e-272
TDO2,12,REML,-1.4813297573005,0.175162143419715,2.74565394946136e-17,64.3941457138288,0.204879280764073,29.9076751355226,0.0016383550970428,0,9,1.39571799819235e-48,6.16555228291095e-16,3.98534270952669e-48
KIAA0513,13,REML,1.11197301030775,0.131497300587678,2.76131989966069e-17,85.0576373921622,0.177199257381394,77.0491400124581,1.50336845377859e-11,8,0,1.56753251600993e-146,6.19215484553234e-16,1.97777468342949e-145
EDIL3,13,REML,1.54446721947975,0.182948632573061,3.11736554357741e-17,91.4674853184328,0.373899213561053,93.9291371196422,8.52971000204503e-15,12,0,1.83471975320108e-275,6.93303807380255e-16,1.65257285325828e-273
WDR17,9,REML,1.70863519829474,0.202470655762016,3.2026247401624e-17,64.9247031492207,0.214959233356558,21.6053088404872,0.00570197194971338,8,0,1.01015116249889e-48,7.10316756665567e-16,2.89356551194249e-48
RNASEH2A,13,REML,-1.13411189796664,0.134477678870562,3.35597280592119e-17,88.3427230459814,0.186265088497568,93.0144563589709,1.28466296625863e-14,0,7,4.62267396718249e-249,7.42297231956346e-16,2.73530704488795e-247
NELFCD,13,REML,-1.02920774025831,0.122125149942823,3.53176723039713e-17,91.9112246808439,0.16578026311584,121.214329627455,3.53833375478515e-20,0,7,1.11438072588313e-276,7.8011637747178e-16,1.03242598335675e-274
CAPN5,13,REML,1.02208767751621,0.121296702378329,3.56634304659662e-17,87.5097700902199,0.149313782641362,68.8405949520923,5.27459283398682e-10,8,0,1.86132767407918e-193,7.86681902237701e-16,4.83617076600091e-192
BCL2A1,13,REML,-1.08380311628788,0.128664482340133,3.65453248053512e-17,56.2268188393759,0.102459951247076,25.5790728953801,0.0123050229887808,0,8,1.90130828474819e-45,8.05039879170052e-16,5.1522499115197e-45
LDLRAD3,13,REML,-1.39076310346427,0.165148856355737,3.72424986863737e-17,84.5212472969614,0.272552767951696,62.3659179675163,8.33318734287124e-09,0,10,2.08681183744814e-162,8.19284438537554e-16,3.33334781483219e-161
SLC7A11,13,REML,-1.72088805114225,0.204417179692051,3.81302951380401e-17,86.491645421168,0.431311338984372,78.2768822920217,8.78700131851298e-12,0,11,1.12890258282623e-167,8.37678150505479e-16,1.96383021194867e-166
RELL1,13,REML,1.21340118059549,0.144192518792076,3.9240394594514e-17,91.9322826351739,0.225379011714654,84.6694627224032,5.26838363280427e-13,9,0,7.04914646981365e-258,8.60166667033937e-16,4.72263684773094e-256
SH2D6,10,REML,2.26821409811196,0.269541345192094,3.92600588173141e-17,77.629482895439,0.521349838475712,37.0294444906743,2.60017746138113e-05,8,0,6.95708037599627e-108,8.60166667033937e-16,4.99756952308496e-107
CSE1L,13,REML,-1.1954156751196,0.142064916158376,3.94327052974708e-17,91.9540528881692,0.224286676627536,175.494342062975,3.58131855198607e-31,0,10,0,8.62783334666524e-16,0
TRIM29,13,REML,-2.93477878652334,0.348918838042231,4.06306858050132e-17,91.6097971605354,1.37335496653159,83.787889193526,7.77963264090407e-13,0,12,1.40864559204854e-247,8.86602030897279e-16,7.9576205518756e-246
UGDH,13,REML,1.23627112771277,0.147026491306699,4.15314486733401e-17,90.1204199490102,0.235974023788546,66.7170154203808,1.31058252315883e-09,9,0,2.49953482144988e-212,9.03824667571628e-16,8.77163594375908e-211
MYPN,6,REML,2.03616788048663,0.242400947217583,4.46479833764626e-17,54.6467595100544,0.181946472412941,10.4641670923128,0.0631021560557768,6,0,7.3142200004271e-40,9.70345515392209e-16,1.80029526137733e-39
CENPA,13,REML,-1.36436106563659,0.162441758064627,4.49996211310296e-17,83.5702336260362,0.249976955212471,53.8553184355931,2.90012536026825e-07,0,10,3.08821299452522e-151,9.76678523959013e-16,4.19691511150355e-150
CCNB1,13,REML,-1.34438970042282,0.16011958051372,4.6131489224225e-17,86.2263191020727,0.258555709807375,63.6448875507879,4.84880537818201e-09,0,10,1.3314187033521e-178,9.9857120800048e-16,2.74634751112564e-177
HPGDS,13,REML,1.86300380808413,0.221930798842379,4.67778450984093e-17,84.7835151626258,0.483081564113857,63.3056768138733,5.59872716805528e-09,12,0,1.03442017630724e-141,1.01121227010735e-15,1.21090644898696e-140
TPD52L1,13,REML,-1.10075604750454,0.131191847584133,4.84366206577939e-17,72.1869516189975,0.136199260662566,41.1556581870766,4.61515519528055e-05,0,7,4.11929740001849e-91,1.04567633918084e-15,2.32947920287756e-90
C1orf115,13,REML,1.59643941822292,0.190419925901781,5.12530582095845e-17,88.5869651453812,0.390579604324704,68.9607568983108,5.00914515754554e-10,11,0,1.98195272281582e-180,1.10500775631914e-15,4.22252292969947e-179
ABCA9,13,REML,2.09549376445056,0.250096972377858,5.35041039484463e-17,90.1406689261057,0.672948015240983,115.760742538121,4.31360684626382e-19,10,0,1.10810695191384e-215,1.15200801768414e-15,4.01918076317206e-214
RNF43,13,REML,-1.60141433791061,0.191746823186779,6.72802737809125e-17,92.8960078545938,0.412988126559348,110.035632205062,5.88774149061257e-18,0,10,1.87758522605398e-302,1.41848514799731e-15,2.49518764508304e-300
ATP6V1E2,10,REML,-1.05635581292689,0.126503719367461,6.80360205110687e-17,80.2397272271197,0.116685218494128,36.0733047231535,3.84765117619038e-05,0,7,5.74627275922911e-109,1.43255584486488e-15,4.17964648924996e-108
SEMA3G,13,REML,1.17971234905481,0.141284315923858,6.83107988674677e-17,78.0550091997377,0.171737813789726,55.8398805348707,1.27901256875651e-07,7,0,3.06977598816904e-113,1.43647598189138e-15,2.36550751407721e-112
IRAG2,13,REML,1.40588460524436,0.168538923062107,7.32908157306695e-17,82.8304778786894,0.271965707045488,69.6645345492854,3.70081591745861e-10,9,0,5.19639919256635e-147,1.53721086085556e-15,6.64426026096832e-146
L1CAM,12,REML,1.39637376637965,0.167666802566255,8.20348812864438e-17,52.0298996809272,0.152804059715727,25.067426422644,0.00891171683944686,7,0,1.15935842585563e-37,1.71395815759937e-15,2.744842020794e-37
TGFBI,13,REML,-2.20430865698777,0.264705000161434,8.26259823126677e-17,95.1394081859291,0.831283667515662,296.234516727393,2.89833278349111e-56,0,12,0,1.7240862950261e-15,0
LIF,13,REML,-1.04571218579593,0.125591739811944,8.34212664570584e-17,75.4119919935871,0.134095381001926,42.9893103653788,2.26740951432395e-05,0,8,8.03459526810991e-82,1.73621180111462e-15,3.93074511411786e-81
PTPN21,13,REML,1.11315739673625,0.133870894945209,9.16315340713632e-17,91.0100925397201,0.193351897702664,87.3625401714261,1.59655374706765e-13,8,0,1.63730308434962e-242,1.89302370011583e-15,8.53556106320272e-241
PPP2R3A,13,REML,1.32467354127129,0.159308931982393,9.16563007827622e-17,91.0154422322955,0.284292589363107,93.4889762703012,1.03883362729468e-14,11,0,1.36327423428142e-216,1.89302370011583e-15,5.02335571827379e-215
CHRNA1,9,REML,1.66634841549599,0.200489184985905,9.45691804263229e-17,65.2553435041435,0.207239936271305,22.6671950912409,0.00381886736873581,8,0,4.89848782416541e-67,1.95024875146258e-15,1.89861781241199e-66
SLC25A23,13,REML,1.27892498392024,0.15392374795698,9.66569907928308e-17,90.8805136175677,0.258800196575894,60.0150856565757,2.24310052799836e-08,11,0,2.07981762434553e-213,1.98618478038551e-15,7.44372696324813e-212
PLCE1,13,REML,1.53545402919588,0.185048026636558,1.06237969874632e-16,93.1445091913738,0.391955103230399,125.902868300061,4.0898241086803e-21,11,0,0,2.16931512037456e-15,0
STMN2,13,REML,2.21566794851138,0.267165371810584,1.10199809588878e-16,88.4454494157875,0.759614424680787,85.892525361866,3.06516362454613e-13,12,0,1.01574676332673e-177,2.24455968952825e-15,2.06628635806981e-176
MACC1,13,REML,-1.59489080379366,0.192357051932326,1.12013544436606e-16,90.8540046535158,0.399059042253049,101.013593622843,3.52385799073103e-16,0,10,2.38002033062142e-251,2.27863939266085e-15,1.47843944905614e-249
LCN10,6,REML,2.31635748947241,0.279633402791117,1.19555969973049e-16,83.6049327266243,0.375925846780315,32.2481205419597,5.30552909086978e-06,6,0,1.1185757207181e-126,2.41992626863052e-15,1.05316307549376e-125
KRT7,11,REML,-2.49753712426778,0.301531269747145,1.20265727566497e-16,85.0827046828274,0.804505693803013,49.3980876271666,3.4430041910031e-07,0,10,7.53085065726693e-136,2.43125715839853e-15,8.06457607042726e-135
INSL5,6,REML,5.06762704916975,0.611872681965861,1.20961589526971e-16,80.7816465123506,1.63283321873124,32.5633252700044,4.59453129894066e-06,6,0,2.20939799886616e-102,2.44227926650159e-15,1.46987976018125e-101
KCNH1,11,REML,1.05195012838506,0.127038683650581,1.2260802808797e-16,63.3479668741212,0.0907249013834823,29.8519059174339,0.000905741246754609,3,0,9.65980418386591e-65,2.46937137812455e-15,3.60696465299443e-64
FUT1,13,REML,-2.14597137331179,0.259191539249415,1.23713475723885e-16,90.6606922643223,0.736277873099376,91.5278227268812,2.49705903848853e-14,0,12,2.33591542973686e-257,2.488544146292e-15,1.55852661984872e-255
CDHR2,13,REML,1.44257895866322,0.17431380169045,1.27640263449266e-16,73.2490536610529,0.247185681611251,37.7215104123674,0.000170512686285136,9,0,7.13791395338862e-67,2.56435141425396e-15,2.75737428940409e-66
NEURL1,11,REML,1.70027840438934,0.20561961521476,1.35033249826997e-16,85.2059354678488,0.3662123100232,50.1004777627117,2.55788618199481e-07,9,0,2.75828519847763e-142,2.70283219684581e-15,3.25473638449184e-141
GCNT3,13,REML,1.60857750845215,0.194760099264773,1.46558092221285e-16,81.127668424985,0.351433666015073,45.392163940365,8.8265087038018e-06,11,0,1.64913805635711e-101,2.92628860736908e-15,1.08205080160736e-100
SETBP1,13,REML,1.44748282077607,0.175269981051648,1.47403949985939e-16,91.2365868126505,0.334031843562797,77.0566852022204,1.49842048375748e-11,10,0,5.87064345656461e-174,2.93955749215502e-15,1.13445461694019e-172
ENTREP2,13,REML,1.75628389807847,0.212814673371565,1.54927065037918e-16,71.1072753848811,0.385341450852823,40.6442438208047,5.61832649732481e-05,9,0,5.43449672356552e-64,3.08200307418375e-15,2.00705000863708e-63
CD163L1,13,REML,1.67931618425623,0.203619602820226,1.61985152717878e-16,89.9965805087373,0.463821388999059,109.20842683399,8.58032035063799e-18,11,0,4.70600172640609e-222,3.21452298777841e-15,1.85640890487158e-220
UGT1A7,13,REML,2.06865764822927,0.251100122274297,1.74561371212074e-16,87.4363601532234,0.671442204642301,82.5131366366405,1.36563929359285e-12,11,0,6.30696501745374e-148,3.4519862921196e-15,8.18693545460188e-147
TRHDE,11,REML,1.70938618516794,0.207629647273753,1.82793085429511e-16,77.4277536346007,0.340960652540682,39.0601289302077,2.4780321343798e-05,9,0,2.67206448495497e-78,3.60538235288158e-15,1.22969575630358e-77
CWH43,12,REML,2.8886474736999,0.35114810242153,1.93094974827181e-16,83.4052990968058,1.12794221026803,61.82245877259,4.24464878052909e-09,10,0,3.15478885648206e-127,3.80033497385177e-15,3.00697188301844e-126
CBX2,13,REML,-2.54777731338828,0.309712632070262,1.93145995093681e-16,91.6959250124056,1.10057801235286,126.443328146892,3.18780880669183e-21,0,11,5.2552267436214e-280,3.80033497385177e-15,5.07160661871034e-278
IFITM3,13,REML,-1.33485952808404,0.162299210623545,1.95708078273185e-16,89.4951911583287,0.288396339229274,71.727298145619,1.51982121178702e-10,0,10,6.29924341339665e-226,3.84607887641594e-15,2.5725348478942e-224
ENTPD3,12,REML,1.42854231983998,0.173739418377809,1.99592006429819e-16,71.7991593645512,0.225977103374965,40.1528555029131,3.36842089073747e-05,8,0,2.31972163766842e-64,3.91292043560659e-15,8.61026715007281e-64
ACACB,13,REML,1.32179066398267,0.160812346659336,2.04421388102055e-16,92.1110313939276,0.289343612571126,146.743889505158,2.5920292550405e-25,9,0,3.02441412706256e-224,3.99792999432885e-15,1.21073645042136e-222
C2CD4A,13,REML,-2.82385491394418,0.343573626685747,2.05091168369756e-16,88.5982963205368,1.25549010060418,71.5833232293645,1.61742879867394e-10,0,11,7.86373316656177e-199,4.00619652142031e-15,2.20579075829526e-197
DSCC1,13,REML,-1.55723519302057,0.189520593265108,2.09167204334894e-16,89.8016066654447,0.378978009915237,109.782274487929,6.60777340621245e-18,0,10,4.25810899621515e-262,4.07110190141853e-15,3.08199648016233e-260
RNF152,13,REML,2.22141853278536,0.270395007673446,2.11357946019274e-16,94.3963166108847,0.846310015172841,129.675930885304,7.16906194271407e-22,12,0,0,4.10880860768643e-15,0
HSD11B2,13,REML,1.6976104242524,0.206663541064938,2.13284172822241e-16,91.1752593528336,0.477512041005431,100.796135635856,3.88738350915662e-16,11,0,6.71990703013772e-261,4.14128897481077e-15,4.82078994157623e-259
KRT20,13,REML,1.85907876139655,0.226411794072082,2.19260938262111e-16,84.9385171233308,0.517954655855655,62.3445802947832,8.40867606213241e-09,11,0,9.00671440930733e-144,4.25224592349714e-15,1.09055907929873e-142
ZNF677,9,REML,1.12595539502353,0.137169529095153,2.23978116834678e-16,63.6702820089457,0.0952499193400399,23.4598980245304,0.00282134521706352,7,0,2.6402703552157e-48,4.31790393369873e-15,7.50073651114634e-48
CEP55,13,REML,-1.5366238798039,0.18724277587696,2.27567202660335e-16,88.9959103752417,0.368114554320786,77.5208095402055,1.22328199883218e-11,0,11,1.45582018787841e-219,4.38188486547744e-15,5.54066025964148e-218
GJB4,10,REML,-2.61131121701389,0.318670839377346,2.51879814459287e-16,82.303783168908,0.772186476756914,33.7913582690939,9.71636566782765e-05,0,9,4.01039451287689e-109,4.82710098324873e-15,2.92753382428064e-108
BCL2,13,REML,1.17176316272726,0.143199464056588,2.77474584308695e-16,88.9202044432941,0.207717189714942,94.3487441849064,7.06769718449191e-15,7,0,5.05612394669175e-203,5.30506537193028e-15,1.49316826134268e-201
AGT,13,REML,-1.57394270714362,0.192698169397403,3.13758931995202e-16,80.9157385496806,0.345642950584133,49.4144251469716,1.76994225077056e-06,0,12,4.26794753596001e-102,5.97764226138451e-15,2.82433605716407e-101
EPHX2,13,REML,1.17673926690613,0.144091352113691,3.17150843546288e-16,86.0849760074133,0.219181794777525,61.0364614534241,1.46006911419235e-08,8,0,8.95996068264467e-126,6.02103820423415e-15,8.30576572599875e-125
PKD1L2,5,REML,2.82082758907753,0.345531043189415,3.24792145317663e-16,84.4375009469427,0.495987759132738,27.4083034459079,1.64362410855237e-05,5,0,7.37445505851754e-122,6.15889479770207e-15,6.45932144050485e-121
SPTBN2,13,REML,-1.97197900184558,0.241620345448148,3.30951170870719e-16,94.1657660356448,0.689438628266957,144.117726544603,8.8156112806631e-25,0,11,0,6.26835436136329e-15,0
PLEKHB1,13,REML,-1.0645506773382,0.130499367813903,3.41984854482219e-16,67.9871263821882,0.129206343124433,35.8385193095391,0.000343931732647101,0,6,2.17810959800784e-64,6.46223828172519e-15,8.09204649690678e-64
ACADS,13,REML,1.53632493821602,0.18836531562515,3.46037465979885e-16,93.2420184372574,0.409460935100631,111.707733104528,2.74778828299709e-18,10,0,0,6.53120539689392e-15,0
GALNT13,2,REML,3.22501402476704,0.395756538348772,3.66992000484837e-16,0,0,0.0143102629201378,0.904779809856274,2,0,3.15905466624812e-15,6.89460174259637e-15,4.59681864152582e-15
CDH19,10,REML,3.05856442578092,0.375520841669144,3.79723137299616e-16,90.7604783288145,1.18969281431495,101.621217822195,7.39222446569982e-18,10,0,1.25033253331057e-205,7.10906607972134e-15,3.89839256972388e-204
NPM3,13,REML,-1.08167976868951,0.132833238818208,3.85153885084e-16,82.9343275575226,0.172279768195952,63.2705577301701,5.68266480034322e-09,0,7,5.23435338770019e-144,7.20242207481763e-15,6.36166202959395e-143
CPNE7,13,REML,-3.76283511225231,0.462515665434655,4.09956791959312e-16,94.7943157486628,2.53181396553219,153.546137541494,1.08039157551962e-26,0,12,0,7.63103268431265e-15,0
ADRA2A,13,REML,1.13124394161359,0.139103265686889,4.20859781263427e-16,50.1175132462507,0.11628383865485,23.099211115624,0.0268953823155648,6,0,1.07408637766926e-31,7.80709340231573e-15,2.25018250951696e-31
MIER3,13,REML,1.34321150024585,0.165194662702674,4.25472168348327e-16,90.0541818380045,0.298437731948791,87.6398365514239,1.41150631961515e-13,11,0,9.892965195346e-232,7.87463500620026e-15,4.3116839976383e-230
GSTM5,12,REML,2.10430840587925,0.259020604017856,4.50706740981861e-16,89.582898123153,0.668800075794986,142.837784694896,4.30836815715397e-25,11,0,5.1559388065454e-244,8.31320636125019e-15,2.76798794273247e-242
CRIPTO,13,REML,-2.08856065678228,0.257289527996632,4.75688104931995e-16,88.5518991249632,0.711620906547326,73.3709920803161,7.45761061698091e-11,0,12,1.11843012111931e-145,8.76401277870731e-15,1.3916429434925e-144
SHH,12,REML,-1.46522183125407,0.180644750690144,5.0176822081636e-16,84.3589622719154,0.301473718897948,47.2538495005324,1.93843729863445e-06,0,11,8.80524473143127e-100,9.23401607729359e-15,5.63153581186174e-99
EXOSC5,13,REML,-1.00444276879969,0.123868045587658,5.10489414029448e-16,88.9171220782088,0.160032355473118,126.916434221804,2.56291491209372e-21,0,6,3.35437000105326e-209,9.38386039643928e-15,1.11215543613653e-207
CDC25B,13,REML,-1.52032826172792,0.187570163351593,5.25790468572084e-16,91.0215127120976,0.390835996564817,91.1410575694945,2.96778937190529e-14,0,11,3.19029817009369e-225,9.65417991728108e-15,1.29634847698569e-223
CTHRC1,13,REML,-2.56550908050992,0.316621879104406,5.37289745652958e-16,94.2456043507816,1.12511202103176,92.2288917137301,1.82548643791419e-14,0,11,0,9.85416136456042e-15,0
AIFM3,13,REML,1.12598265924041,0.139068812167354,5.6522817167016e-16,75.3651195693166,0.163302442342932,49.3845837401235,1.79137646022928e-06,8,0,2.18198087791454e-90,1.0296679041897e-14,1.21526815436717e-89
KIF2C,13,REML,-1.34540993334959,0.166263044933757,5.86657419822918e-16,88.940037055172,0.296161448308481,67.4206250512855,9.69880288005419e-10,0,9,1.23426469333699e-184,1.06630905242029e-14,2.8224447775843e-183
LTBP4,13,REML,1.08988356364673,0.134873050855718,6.43377283904505e-16,83.5505282203057,0.175869461092265,55.7030445343398,1.35354351120695e-07,8,0,1.3086732464786e-119,1.16548334122276e-14,1.11202931578394e-118
NAALADL1,13,REML,2.05810881065769,0.254846840945272,6.69997002298274e-16,89.2439742618662,0.694387684370036,77.5434480144842,1.2112314069481e-11,11,0,6.8327000863199e-190,1.20681644951646e-14,1.683564840418e-188
MAOA,13,REML,1.46468657315544,0.181368606400134,6.70660347261042e-16,87.6731352334305,0.34294069236609,56.9163227806223,8.18394637108622e-08,10,0,2.7263276255315e-164,1.20681644951646e-14,4.50580527958636e-163
MMP12,13,REML,-2.03261808648203,0.251907046941005,7.09220762487166e-16,86.1697593872395,0.640473643943656,60.926985151839,1.52893148994816e-08,0,11,1.22375761659131e-140,1.27196860865093e-14,1.4051545494189e-139
ADGRL3,13,REML,1.77229178407994,0.219816997291072,7.47017786430145e-16,88.6842695381201,0.511537486605183,112.441807885786,1.9657868263099e-18,11,0,2.70149356037568e-180,1.3338545563207e-14,5.74040826924913e-179
SAPCD2,13,REML,-1.71199131812008,0.21239478039126,7.60322243194752e-16,91.3950896895767,0.492216921923171,93.4975715200158,1.03484344341152e-14,0,11,8.98770051899682e-238,1.35611710989181e-14,4.34977876162673e-236
HECW2,12,REML,-1.07663300215231,0.133642206224049,7.87767224361584e-16,80.3942763507641,0.144804210706451,35.108018165081,0.000237837087891405,0,7,1.54750998160459e-120,1.40198353551859e-14,1.33172926389359e-119
IL11RA,13,REML,1.00705684493014,0.125355719117507,9.46587361757697e-16,85.5769657347689,0.152779742072894,60.7828538673944,1.62453255913867e-08,9,0,2.54957277768453e-143,1.67361187526473e-14,3.05741297667154e-142
TMEM132A,13,REML,-1.78888524842344,0.222732207677433,9.62474737136439e-16,93.4186362920335,0.559486785172574,125.041579359119,6.08239010272069e-21,0,12,0,1.69615249056447e-14,0
MMP10,9,REML,-3.93062540742923,0.48943508294486,9.67260395887307e-16,88.9258658208961,1.79023544540578,36.7027023902177,1.30519780088829e-05,0,8,3.77649622157609e-156,1.70273537443224e-14,5.55107282324688e-155
GFRA2,13,REML,2.05982159605884,0.256594167881877,9.94413410159306e-16,90.144391597362,0.725116472156311,130.065394089069,5.98823006779849e-22,10,0,5.06481944013608e-196,1.74674156217907e-14,1.36632142400876e-194
PTGDR,13,REML,2.3504207466563,0.292806405083517,9.97080920257421e-16,89.7359349767786,0.921667466059298,125.48036057767,4.96905029331133e-21,11,0,1.17693917082147e-259,1.74953170564216e-14,8.26048258724176e-258
UGT1A3,12,REML,2.06948840031465,0.258032990841889,1.05532473428612e-15,87.1827617602017,0.642172479510031,78.6096408556312,2.7388838435569e-12,10,0,3.96857841772173e-139,1.84573677637334e-14,4.47756171792084e-138
DKC1,13,REML,-1.20807820588406,0.150646336036905,1.06349227303602e-15,94.2447585422818,0.260618014582467,169.444031140767,6.20271056640773e-30,0,8,0,1.85801726538072e-14,0
GLP2R,13,REML,2.62355414363737,0.327246900959606,1.08316718474681e-15,94.1967479624257,1.24055489583678,177.138523384981,1.64825910583076e-31,12,0,0,1.89035409755651e-14,0
CBX8,13,REML,-1.22077363811458,0.152637170911956,1.26580573208139e-15,90.7182953672383,0.252461177244966,111.158724442801,3.52941677851781e-18,0,9,9.02468270664167e-229,2.19727069959695e-14,3.78080570343104e-227
BMP5,12,REML,2.19519462340164,0.274488258521965,1.27065541098255e-15,87.2375097674477,0.696368315339771,94.6277722361805,2.05504959545738e-15,10,0,6.15745565264272e-162,2.20333007254118e-14,9.77775009758046e-161
F2R,13,REML,-1.01351834765166,0.126753700246446,1.28561281672558e-15,85.8095312922827,0.154193594188182,115.112675989494,5.80226920124256e-19,0,5,9.70213542784184e-155,2.22213652426138e-14,1.39822863725867e-153
FXYD5,13,REML,-1.33967219827706,0.167577046728335,1.30242617092678e-15,89.0920831346088,0.30286920456239,63.4292542659982,5.31304176433255e-09,0,10,1.81740390396315e-156,2.24880037372053e-14,2.68356734926727e-155
SLC6A8,13,REML,1.00980550232862,0.126349327468495,1.32582354523629e-15,63.9494120308471,0.121946813242955,30.1875956034757,0.00261642282462151,6,0,2.85109518718549e-45,2.28433338351923e-14,7.70028423618831e-45
DUSP26,7,REML,2.40002226741329,0.300460213239101,1.37345170231239e-15,83.4900731187626,0.497367830675186,30.9941818683804,2.54142036342616e-05,6,0,1.63422387186765e-105,2.35887420016851e-14,1.13471827128866e-104
RAD54L,13,REML,-1.06204274387163,0.13303924226592,1.42901818830269e-15,85.9088554542423,0.18120453206811,59.7900235223272,2.46525303278141e-08,0,8,8.15902952375541e-156,2.44395273069108e-14,1.19388398617912e-154
RHOU,13,REML,1.03281911481869,0.129434339042021,1.46947419243329e-15,85.9939128712351,0.172600714664157,61.236666651512,1.34200743875609e-08,7,0,3.98993952155755e-127,2.51049368618767e-14,3.79852551162727e-126
LIPG,13,REML,-1.08979758492126,0.136779936735541,1.61883532015315e-15,78.3805751148069,0.167940892364436,48.3929814039422,2.66985612605816e-06,0,9,7.60820184417691e-83,2.75117159807579e-14,3.78960910905193e-82
LDHD,12,REML,2.19218966926371,0.275309006670115,1.6839126823884e-15,92.2500750995898,0.800352004659515,130.032119322046,1.71496324668887e-22,11,0,1.73778194115204e-251,2.85578204179531e-14,1.08364071584223e-249
ZNF662,13,REML,1.06884644240021,0.134250875573207,1.69883225573555e-15,66.9460127653167,0.139299032884251,36.1668053090841,0.000304582868137184,7,0,3.08092457614678e-52,2.87683575250483e-14,9.40343188122509e-52
PAICS,13,REML,-1.01758125303019,0.127821361136048,1.70704067573788e-15,89.5821955438013,0.169107587309764,106.857121748374,2.49886796884119e-17,0,8,3.07553104881362e-251,2.88294275788941e-14,1.90319026314562e-249
CA4,13,REML,3.41329804001545,0.428977320434703,1.76508184480663e-15,94.5604026351401,2.1760292463028,141.0704832189,3.64103683757299e-24,12,0,0,2.97476839395529e-14,0
GJB3,12,REML,-1.21242343797858,0.152384131205174,1.77170345755195e-15,70.5133212931096,0.175574338899759,32.2631567321934,0.000691973655167761,0,8,8.83888854247881e-53,2.98282743066353e-14,2.71822647836132e-52
PCDH17,13,REML,-1.12721339740468,0.141734873985808,1.82090411377357e-15,81.157001105853,0.184811926110413,49.2757761493457,1.87172585439089e-06,0,10,1.94047109225348e-112,3.05930760586642e-14,1.48400272729743e-111
NEU4,12,REML,1.6886097382042,0.212432101210332,1.88116189136553e-15,81.8774378673635,0.40322900795036,56.5030703730097,4.10718213712033e-08,10,0,4.0690430363672e-108,3.14750028325174e-14,2.92945802613772e-107
UBE2S,13,REML,-1.30759050124549,0.16451714686899,1.89470259419241e-15,90.4367630151886,0.301151167626047,119.191728492765,8.95571456002734e-20,0,10,3.24767424891908e-241,3.16688795460222e-14,1.67157278088016e-239
HPGD,13,REML,2.01858780813777,0.254205097683886,2.00907050314098e-15,90.3645457706769,0.716211381057541,83.2279793737815,9.96222343509329e-13,12,0,5.69556073985137e-204,3.34425668043376e-14,1.70687848937542e-202
CPB1,2,REML,4.37551840292922,0.551050258463115,2.01651411067451e-15,0,0,0.710544222942629,0.39926320226042,2,0,1.00517642242375e-14,3.35320443860162e-14,1.44361106712342e-14
CMSS1,13,REML,-1.24102325467903,0.15629968392781,2.02142000372205e-15,91.0964624334576,0.266799643352535,114.780993577766,6.75259453192923e-19,0,10,3.76893587627149e-283,3.35791829101902e-14,3.72596081475547e-281
MEP1B,11,REML,2.83146985554104,0.356813994363314,2.09779686722654e-15,84.6636661056285,1.10576276884625,37.6019616870708,4.45076430477385e-05,10,0,5.37412622287819e-110,3.47766672886952e-14,3.98038869125281e-109
CDC14A,13,REML,1.26627688202662,0.159581447091278,2.10515525447458e-15,91.6476209359135,0.274483240587699,98.4401131098625,1.12459405581677e-15,10,0,6.58497596782402e-259,3.48630052510689e-14,4.52382268501402e-257
ATP2A3,13,REML,1.23898324328655,0.156168467927594,2.12827150561214e-15,88.2454522579138,0.253439019362107,102.012495839762,2.24404391895681e-16,11,0,2.26110534065194e-158,3.52098631841731e-14,3.44542301578852e-157
C15orf48,13,REML,1.43423421219238,0.180841193461191,2.17555695876534e-15,85.7574583881554,0.336163953869969,70.916196798331,2.15762816310542e-10,10,0,3.57442578258399e-141,3.59554586875255e-14,4.14536231852892e-140
PAG1,13,REML,1.04419975715484,0.131692410315011,2.2077394165207e-15,86.2173419104177,0.177864208131788,78.5842862067621,7.68008588662222e-12,9,0,5.16556967480368e-164,3.6450182444043e-14,8.51111596926748e-163
VSIG2,13,REML,2.39060484014771,0.301908328750926,2.40753429434174e-15,86.5827620391855,0.942660451744101,103.101493207183,1.37132514849871e-16,11,0,4.14542124240814e-149,3.95074428280998e-14,5.46420443928156e-148
ORC6,13,REML,-1.53488426460479,0.193880689463957,2.44008442447438e-15,91.9953422082161,0.419606265003286,83.2039557343226,1.00684407143925e-12,0,10,8.15088744364078e-231,3.99606957313163e-14,3.50531400858748e-229
LYAR,13,REML,-1.01807089811718,0.128628999512563,2.47680386782322e-15,87.5892760429607,0.169424519129987,108.474180163829,1.19833523439044e-17,0,8,2.3668907005231e-206,4.05211111089989e-14,7.49499979054318e-205
ANLN,13,REML,-1.75593726687145,0.221862494492655,2.48189787108112e-15,92.6727479191686,0.55336124088945,130.115539614981,5.85104019258884e-22,0,11,1.11540253142693e-308,4.05635183304821e-14,1.52368744284781e-308
RFC3,13,REML,-1.39672743090388,0.176480084451849,2.48522435936113e-15,92.7823520725529,0.341935994438546,147.022893801299,2.27573204559306e-25,0,9,8.84022524427376e-282,4.05769814081792e-14,8.63413083647052e-280
PDGFD,12,REML,1.28626409345477,0.162676250113669,2.63887174963654e-15,83.3959722294916,0.234824804086623,60.9982390152973,6.04659537932127e-09,7,0,3.51433800380564e-135,4.29122762684517e-14,3.71433911706003e-134
NR1H4,10,REML,2.47059565312021,0.31246577785077,2.64148841768426e-15,75.489565339306,0.683481782666733,33.4395539221715,0.000111946192889518,9,0,3.97816895045721e-65,4.29122762684517e-14,1.49612742272704e-64
PAQR4,13,REML,-1.45488286635727,0.184036149323311,2.67033922955913e-15,92.414334733243,0.381258860826427,126.957757764705,2.51452604007775e-21,0,10,2.28029622184407e-269,4.32509589698724e-14,1.83932550471432e-267
SCIN,13,REML,1.83434746953874,0.232391014711252,2.94141990113551e-15,87.2934424170652,0.58701092809761,78.96873165973,6.48921969615193e-12,11,0,3.00198641831244e-148,4.74048119851987e-14,3.92193439162768e-147
GLTP,13,REML,1.12114148575814,0.142043415933899,2.95127442666075e-15,92.41762326171,0.22417475654956,107.42114931622,1.93407143534314e-17,11,0,9.75242743415587e-290,4.75163974969719e-14,1.06118191939577e-287
DTL,13,REML,-1.17784388341191,0.14923855067644,2.96532603584283e-15,87.2816404505373,0.22858487791446,85.7084016126455,3.32576824887876e-13,0,9,3.58002770795064e-182,4.76952688681744e-14,7.87557520067894e-181
LPAR1,13,REML,1.40640891276711,0.178496298604535,3.29470801944743e-15,92.7407452651656,0.355405086030258,94.7400545978599,5.93049946051667e-15,10,0,1.1125369292536e-308,5.26276858318238e-14,1.11253692925369e-308
PACC1,13,REML,-1.14373067237368,0.145252961373971,3.43311534412964e-15,91.2640217839089,0.228522582467497,92.2889153758959,1.77715282336594e-14,0,9,7.05560236216355e-240,5.46769146113693e-14,3.54156288228352e-238
GINS4,13,REML,-1.12371897429733,0.142732280104445,3.4647467667197e-15,80.8945867692048,0.187500269979521,58.9809020546751,3.45995566346707e-08,0,9,1.60640905454948e-109,5.51265351607719e-14,1.17742811941278e-108
DSCAML1,10,REML,2.33387904498088,0.29648529121374,3.49516918151948e-15,87.7858965513103,0.720607912003376,78.1339138397424,3.7910193778291e-13,8,0,1.93260336328319e-152,5.55560568038974e-14,2.67805968623166e-151
FOXP2,13,REML,1.64809913293754,0.209467928041855,3.60280317771992e-15,80.6522861818046,0.404606965303931,48.8445854794419,2.22670021907442e-06,10,0,9.1455367029439e-86,5.7154841409367e-14,4.76161164305811e-85
SLC30A10,12,REML,4.20738179178831,0.534951417227024,3.691586590081e-15,91.6617135187282,2.99819461192588,130.480619874197,1.3915091445021e-22,11,0,6.57573372422881e-234,5.83060893846854e-14,2.98634092075411e-232
CTNND2,7,REML,2.04056407341858,0.259451367867004,3.69335433282378e-15,71.6977133976936,0.304740457435063,19.9503218202811,0.00282634419098594,6,0,7.47642682423217e-51,5.83060893846854e-14,2.23068288739927e-50
GRIN2D,13,REML,-3.36503123562921,0.42814070358821,3.85243083880905e-15,95.5509125231215,2.16979001599082,135.461911711258,4.92431977305908e-23,0,12,0,6.06991848295541e-14,0
ABCA8,13,REML,3.0382582959645,0.38665614206682,3.91006133830468e-15,94.8938418384831,1.72631539520345,158.62425666511,1.00137042952679e-27,12,0,0,6.14877056042035e-14,0
OLR1,9,REML,-3.22549721034096,0.41074754870534,4.07017244112401e-15,90.7709015373037,1.30903855866697,67.6807725722551,1.42068277014478e-11,0,8,9.75942542840655e-207,6.37581698434238e-14,3.12089870750997e-205
KCNQ5,3,REML,2.08592991106838,0.265809277442608,4.24519255441938e-15,63.1440872258345,0.132449856939135,5.70253882658639,0.0577709391107315,3,0,1.56039700888242e-49,6.62598908091716e-14,4.54032963119359e-49
KLF4,13,REML,1.83582632635425,0.234084132011432,4.41340377221462e-15,93.7427169427015,0.627385589569369,153.485598253364,1.11143072203623e-26,12,0,0,6.87363259931947e-14,0
GRHL1,13,REML,-1.86394556067038,0.237741926040556,4.49809617851419e-15,88.4225422591872,0.586669888798562,58.8427333825529,3.66581986647145e-08,0,11,4.41314799562599e-171,6.99210290913236e-14,8.15853688176559e-170
PRSS22,13,REML,-2.54575029647752,0.324869625904513,4.64307105374034e-15,88.9628694299545,1.14399850866624,59.2112779906477,3.1419161658871e-08,0,12,5.71479979539877e-153,7.19676013329753e-14,7.98741802437933e-152
LRRC2,13,REML,-1.03488776014526,0.132162753533073,4.86304561954828e-15,65.1953958056561,0.125297804752075,30.1397581008099,0.00266026316021721,0,9,2.09995559601398e-47,7.52333574711224e-14,5.88532067038456e-47
MS4A12,13,REML,3.98586783125521,0.509081309838449,4.89693744011377e-15,89.1497983606463,2.84855041961495,93.0266643532875,1.27766421823843e-14,12,0,1.11735085742938e-172,7.56133778252995e-14,2.12624524078668e-171
ACSF2,13,REML,1.15244896833522,0.147202622585034,4.91775311578923e-15,88.2290852116812,0.232352748896418,95.9068669389715,3.51324678970315e-15,8,0,1.2587398596201e-170,7.57904289603525e-14,2.31382645623817e-169
C2orf88,12,REML,2.51300610421887,0.321046034208799,4.97441483170822e-15,94.1617670107683,1.09792684304339,155.053695048597,1.37977784780423e-27,11,0,0,7.65182046171587e-14,0
CENPI,13,REML,-1.18383520997389,0.151322862500953,5.14804456523761e-15,85.1312793893063,0.225143902864706,74.8602462458916,3.90457285458658e-11,0,9,3.83212184653102e-171,7.88151525365415e-14,7.10059331403513e-170
FRZB,13,REML,1.12498806641676,0.143819420202113,5.18971599365497e-15,74.5132636574346,0.177296120972563,45.4174332681423,8.73876494747928e-06,8,0,1.14064807609794e-89,7.93033604195363e-14,6.27530616144414e-89
ANXA3,13,REML,-1.21335732605574,0.155281585126543,5.54378683367715e-15,87.7946175968378,0.251365143893618,67.8685074196225,8.00527932310475e-10,0,7,6.26518748742907e-150,8.44750149759469e-14,8.38098058858808e-149
ESPL1,13,REML,-1.037165990345,0.132770584104401,5.64149227525371e-15,82.7241398508373,0.161689175768431,46.3297119130943,6.08707066223811e-06,0,6,7.40848110202412e-121,8.5802546208901e-14,6.40264947266083e-120
BMX,12,REML,1.50089816875207,0.192202241216265,5.76652337167015e-15,77.6772403722384,0.301294704362197,38.3984453513359,6.69994362311175e-05,10,0,1.15733110767578e-76,8.75399283004571e-14,5.1676698564438e-76
URB2,13,REML,-1.04052928979963,0.133654875861204,6.96056900246756e-15,90.9334558992209,0.189614193637156,130.508037605127,4.88021179625194e-22,0,7,2.46478637325335e-266,1.04497143381485e-13,1.92122987834407e-264
HILPDA,12,REML,-1.85173240259819,0.237858233808361,6.96991782611958e-15,93.604617650474,0.58248804389362,109.563135310158,2.23949665528816e-18,0,10,0,1.04535872076667e-13,0
HAMP,2,REML,-3.23480854980907,0.415776646962692,7.2433277713236e-15,0,0,0.69066735652812,0.405937480755419,0,2,5.26844954325178e-14,1.08536111974556e-13,7.44832337327704e-14
NEFL,5,REML,2.68832059112819,0.345770356466329,7.55231668180432e-15,71.9903942380237,0.390552800552167,16.164342664177,0.00280638518565177,5,0,4.04405133112956e-65,1.12853189273819e-13,1.51949488369881e-64
UGT1A10,13,REML,2.28018271673174,0.293281292565814,7.56087970052913e-15,90.5797946618681,0.965129753002845,110.30961096151,5.19698746773684e-18,12,0,2.40711911451466e-181,1.12877111035616e-13,5.21049695642538e-180
FAM135B,8,REML,3.36021332711477,0.432262363186825,7.63161840650932e-15,90.5909706855438,1.28989045877068,53.6462396818894,2.76292044297154e-09,8,0,5.64810041168988e-165,1.13723740096264e-13,9.38244384986968e-164
LGALS9C,13,REML,2.2323913620177,0.287259248601495,7.76557067887636e-15,89.144965195639,0.876968709358021,113.6080077848,1.15421673317892e-18,10,0,1.53711888774894e-172,1.15507520565709e-13,2.9147729271431e-171
SCN4B,13,REML,1.36854094460681,0.176167781302999,7.94867385396715e-15,85.8351143316166,0.31223173485342,80.1890260199866,3.79846090858157e-12,9,0,2.93277249919098e-129,1.18122684871099e-13,2.8695860307413e-128
DMRTA1,8,REML,2.57095533363548,0.331425247200596,8.67766315161772e-15,81.0810582117038,0.676072606775903,40.8314979001653,8.72184900731492e-07,8,0,1.56698989796574e-72,1.2848488828966e-13,6.58688286640355e-72
TMEM220,13,REML,1.76302266473008,0.227277142512925,8.68598415794211e-15,92.1022514485531,0.582348744262717,106.75386967741,2.6188251838467e-17,11,0,7.41571907725675e-229,1.2849074922693e-13,3.13101701561364e-227
ARL9,3,REML,-1.4400960111911,0.185704535772411,8.8503551269454e-15,0.00172869676107173,2.47321250213939e-06,2.2794645773498,0.319904652452061,0,2,2.21555998303697e-13,1.30802924041172e-13,3.07884409059556e-13
PCK1,13,REML,1.97009266633848,0.25418617859337,9.14670963142778e-15,80.399332747675,0.611016013336726,73.677063811156,6.52996224596012e-11,9,0,2.13320306521713e-99,1.35059747954771e-13,1.35842974455481e-98
BMP3,13,REML,3.8524279856373,0.49761806504015,9.80679959241954e-15,93.2619541830163,2.88787462826427,103.934909880139,9.40353948810927e-17,12,0,2.78847717272989e-235,1.44197886240843e-13,1.29170229718485e-233
LGR5,13,REML,-2.24957927284027,0.290579699829467,9.81004555132609e-15,88.2463227845441,0.881521317067767,83.3081193071221,9.61590552791509e-13,0,12,9.46294223378262e-130,1.44197886240843e-13,9.29271244314461e-129
SGSM1,13,REML,1.16499573584551,0.150518925291774,9.95246451560905e-15,71.2648207720017,0.18283365692124,40.3503728728095,6.28861879364599e-05,8,0,1.27760010088855e-63,1.46158792745987e-13,4.68954730262758e-63
CTNNA2,7,REML,1.87802181391096,0.243109440215091,1.11848329204634e-14,60.7013012616482,0.233161960472298,14.7493655647582,0.0222982718070852,6,0,7.65892181702109e-42,1.63075266312475e-13,1.95088922889808e-41
EXO1,13,REML,-1.40232216904266,0.181624941293915,1.15440514032923e-14,87.6729916301276,0.33517949545416,83.948239563252,7.24744723417096e-13,0,11,1.27853334049068e-208,1.68010507541812e-13,4.20463712969075e-207
EREG,13,REML,-1.94661577353793,0.252297260552817,1.20447979012411e-14,77.1835226861121,0.563817783859377,54.5992542343753,2.13522465532864e-07,0,9,4.67064221490449e-84,1.74359203904305e-13,2.37382828307983e-83
NAAA,13,REML,1.4882813929096,0.192927780623151,1.21753789114472e-14,93.0775085882136,0.430771180813558,139.554479880267,7.36729274863103e-24,10,0,3.41996865701347e-276,1.75935310420047e-13,3.1326526461107e-274
CLEC3B,13,REML,2.73936386071943,0.355408802234874,1.28163527781511e-14,96.1427367692275,1.54765756105804,318.246308214655,6.8699434239514e-61,12,0,0,1.84703580081924e-13,0
MKI67,13,REML,-1.08308463195551,0.140563973948093,1.30557768672352e-14,80.8856141615278,0.18457268601045,49.5497545510184,1.67587815195544e-06,0,8,1.60741660431791e-103,1.87986954128316e-13,1.08814385828001e-102
SQOR,13,REML,1.01160048937811,0.131298028203727,1.31240446900294e-14,87.423792200892,0.174728106929184,63.510995079848,5.13208145047282e-09,7,0,5.39697609952603e-160,1.88802250718231e-13,8.36531295426534e-159
DIAPH3,13,REML,-1.49359792111073,0.194368826475577,1.53776784885131e-14,91.0346557297345,0.406210346247908,109.765240477035,6.6592228716725e-18,0,11,4.92552332987163e-243,2.20245849235215e-13,2.60122181586999e-241
VWA2,13,REML,-2.44751274773327,0.318518764342243,1.5414161468879e-14,92.9149681871806,1.1546565547475,134.123949462984,9.15505205517904e-23,0,11,1.90826960706255e-303,2.20573521531276e-13,2.57823126160876e-301
RDH5,13,REML,1.45489955061428,0.189344953857143,1.54368962372711e-14,91.7069952310036,0.398080618348986,100.617141649144,4.21451043271091e-16,9,0,2.88114658026225e-232,2.20704055286488e-13,1.27280734348207e-230
PLAAT2,12,REML,2.12284861946715,0.276802982531863,1.73115360167424e-14,82.1766893417277,0.676156264069465,39.3223335669374,4.66906101319064e-05,11,0,1.40290858426839e-93,2.46636145377368e-13,8.16709403114665e-93
UNC5C,13,REML,1.56281359963001,0.203842432511011,1.763779178696e-14,91.497747216567,0.448269918588491,144.305788435857,8.07618294249541e-25,10,0,5.75791793731362e-259,2.50483998198716e-13,3.98944972297717e-257
SEMA6D,12,REML,1.85259112860984,0.241640268433881,1.76434173775942e-14,91.157236312158,0.595778295595595,95.8248121262453,1.19374817383214e-15,10,0,2.5490018596252e-246,2.50483998198716e-13,1.42506783276218e-244
ENPP6,5,REML,2.72046468997791,0.354959121799098,1.80000692176442e-14,89.9641746456178,0.565388537023531,39.1837449998258,6.38342446364019e-08,5,0,3.76177961524368e-143,2.55100631316141e-13,4.49776791312284e-142
P2RX1,13,REML,1.61448260278544,0.21095888503197,1.96240720151983e-14,89.7569060265423,0.48932407536978,101.48920022737,2.84268230852437e-16,11,0,3.41069138912565e-175,2.77630959495995e-13,6.68652230857246e-174
CPM,13,REML,1.67584334939086,0.219214590560702,2.09332324464359e-14,93.4725104866186,0.555831460323393,177.270911043053,1.54839307587705e-31,11,0,0,2.94609806991376e-13,0
TNS4,13,REML,-2.24651984632414,0.294231392395951,2.25444449182797e-14,90.4060666361992,0.958069554771723,89.1070943387973,7.34943495853551e-14,0,11,1.16100902867052e-177,3.16187790190371e-13,2.35882699020491e-176
CEMIP,13,REML,-3.33103328792968,0.436352910416364,2.27923532239347e-14,96.9564355505387,2.32990908107006,278.547533999828,1.47943683185264e-52,0,12,0,3.18837293200736e-13,0
SMIM2,9,REML,1.14554640274251,0.150097124711759,2.31077949483072e-14,66.2182267538755,0.118746726744524,21.1708847122312,0.00670707908023254,5,0,4.97099666058241e-50,3.22693091728599e-13,1.46084409748093e-49
MT1F,13,REML,2.02667995376536,0.265709961158664,2.39508946509969e-14,86.9945780765344,0.73543940953124,84.8160166824694,4.93757865493269e-13,12,0,5.428258998563e-158,3.3417887691619e-13,8.20973536788263e-157
CCDC86,13,REML,-1.09067433185505,0.143198518591119,2.60606915673737e-14,91.2365107469282,0.224981675116483,126.443107631718,3.18813296641674e-21,0,6,3.56320884005812e-251,3.62058262537986e-13,2.19658954083127e-249
UGT1A6,12,REML,1.62155530634063,0.212954884908174,2.64614742272299e-14,81.5608166541364,0.399189221830421,54.281058312568,1.04887209171162e-07,8,0,6.36257501128552e-93,3.66997332460289e-13,3.66843629651395e-92
SLC39A10,11,REML,-1.15160612063823,0.15131829348585,2.7306202910505e-14,91.4859195086401,0.219634308814532,101.21425201204,3.11340023651837e-17,0,8,6.7117902345691e-199,3.77743573197967e-13,1.88593163038248e-197
PIANP,10,REML,1.26513325555971,0.166338295733822,2.83180498346211e-14,85.5709390851062,0.212272755118675,48.1007676012409,2.44566585235652e-07,6,0,6.80981684822345e-139,3.91050114194044e-13,7.65655759779798e-138
XRCC2,13,REML,-1.55996960799701,0.205105806013767,2.83404603822859e-14,90.0679677432929,0.44741839136921,101.942982673859,2.31566910620504e-16,0,9,1.98002942720862e-211,3.91050114194044e-13,6.80131718290962e-210
KIF23,13,REML,-1.04836365592141,0.13793899690724,2.95678542824366e-14,83.8659146741458,0.182215655052763,60.6041488639437,1.75134448175365e-08,0,7,9.6155648945134e-129,4.05656596304665e-13,9.37445301471712e-128
EIF4E3,13,REML,1.20463071292097,0.158500493584297,2.95741748493255e-14,91.8687726527261,0.281210242500255,82.5427875594721,1.34789877182595e-12,10,0,7.26288405539157e-197,4.05656596304665e-13,1.97904435613552e-195
TTC22,13,REML,1.10610402536369,0.14554827845245,2.97121146687051e-14,87.9035784610929,0.223330250461712,80.0492976438363,4.03890705111589e-12,9,0,6.36470809371383e-164,4.0720415479604e-13,1.0455016446138e-162
MAD2L1,13,REML,-1.39328434946398,0.183398754695141,3.03023352995989e-14,91.1769454439285,0.372485183557446,114.146110621459,9.02632481224763e-19,0,10,3.01318257518654e-219,4.14592204398648e-13,1.14141890400699e-217
MRGBP,13,REML,-1.0676431040373,0.140546730492218,3.04584132682072e-14,92.0475051151449,0.216957451995838,111.976508997841,2.43074505370284e-18,0,7,1.66177094539732e-256,4.16376268395821e-13,1.09968540153987e-254
PCSK9,13,REML,-2.29319512010844,0.302298027746882,3.30250114301693e-14,87.8586814043025,0.976676809727137,67.9980250340419,7.57285150326322e-10,0,11,5.27851152188458e-134,4.49190025434006e-13,5.48241558643912e-133
ADHFE1,13,REML,1.84888731207541,0.243760056477862,3.32831414291387e-14,92.3854146654811,0.671655783538622,151.736713489539,2.51826884368849e-26,11,0,1.04369870220812e-300,4.5232151885216e-13,1.33240055581892e-298
LRRC36,10,REML,-1.55660280944434,0.205459037563661,3.5576912479191e-14,76.7508406260489,0.287172171414722,27.4098928494929,0.00119619335856765,0,8,2.19601743976944e-77,4.81476195346514e-13,9.93693294752496e-77
COX6B2,12,REML,1.43097747866095,0.188933986987917,3.62030406336034e-14,73.3892467435789,0.272522289066547,39.6674189351234,4.07756788254159e-05,7,0,1.3768868371116e-77,4.8954119915981e-13,6.2548238414375e-77
TMPRSS3,13,REML,-1.70336595449842,0.224979850157678,3.69811032001821e-14,81.736881250576,0.487753684112981,52.1054805684163,5.938511283423e-07,0,11,8.09342361970522e-80,4.99229497239427e-13,3.81782592802679e-79
PDCD2L,13,REML,-1.22707039908787,0.162075284290955,3.70389820698012e-14,91.4026265770845,0.286859506801549,119.450359576498,7.95358752895176e-20,0,8,2.68598107775039e-282,4.99594855488924e-13,2.63926128567073e-280
TMEM82,12,REML,2.28119227604999,0.301554052224237,3.88499659945851e-14,89.4381437206812,0.878207883647832,84.7149969991204,1.79552821460132e-13,11,0,1.67916430686802e-186,5.22717426282331e-13,3.93983949453709e-185
GINS2,13,REML,-1.02528491348674,0.135611320492383,4.01624770893733e-14,79.9707066918365,0.163421613962483,81.9647113667079,1.73908994416874e-12,0,7,5.70419875961001e-114,5.39917278327228e-13,4.44839704134474e-113
CACNG4,4,REML,-2.62327150311774,0.34697697086247,4.01949148794772e-14,49.9648637774957,0.234733433874037,6.05533655581527,0.10894880028134,0,4,6.20034257983643e-30,5.39917278327228e-13,1.25063640516158e-29
BEST4,12,REML,4.62144080164954,0.611593375593948,4.14395815283663e-14,96.9527349646008,4.26074813873365,241.197483451547,1.94173739088405e-45,11,0,0,5.56175443145201e-13,0
MXD1,13,REML,1.0356822600359,0.137198586067905,4.39346492355658e-14,82.3763193588119,0.179080241832525,56.1725532523558,1.11435705761186e-07,8,0,4.44710601160332e-115,5.88687990129114e-13,3.53089763791012e-114
TICRR,13,REML,-1.22265417469679,0.161995247641341,4.43796764569022e-14,85.2523127409314,0.256660739593195,80.7346677326433,2.98851407527815e-12,0,9,1.09080157128442e-138,5.93669714847983e-13,1.22050834197615e-137
CFD,13,REML,2.40268765544776,0.318399253611465,4.48323101022862e-14,94.3508472489071,1.191811196113,185.063901266206,3.89054253329578e-33,12,0,0,5.98736609298489e-13,0
IFT56,13,REML,-1.30277422871599,0.172708535350608,4.58593229002396e-14,91.2894431623184,0.311697667264017,132.108336829959,2.32799134372549e-22,0,9,6.35027357167787e-274,6.1044105269424e-13,5.56524245500613e-272
PLAC8,13,REML,2.04120665412724,0.270643773490611,4.62669364568926e-14,89.6393977677187,0.781487856141751,102.15204802957,2.10685631039646e-16,10,0,1.36179193898905e-153,6.15361641325349e-13,1.92995915269488e-152
GSTM2,13,REML,1.34092172299948,0.17787432025504,4.75076960169967e-14,89.7380959495324,0.342845676101292,113.24803198988,1.36047846372404e-18,9,0,2.79536594546414e-199,6.30829054482857e-13,7.8956913020575e-198
TRIM58,12,REML,1.22362721077835,0.162523694909502,5.11633697857258e-14,36.644959675111,0.106975019323811,16.768115342855,0.114924255447515,7,0,8.0014639604546e-21,6.76257712568143e-13,1.32822499427511e-20
ALDH4A1,13,REML,-1.39547087209017,0.185423107188432,5.23689736195734e-14,86.5580186018416,0.35319233108652,64.0874724204174,4.01847465074459e-09,0,9,5.21724195955671e-134,6.90291194548084e-13,5.42225281348031e-133
VIPR1,13,REML,1.34724129917033,0.17910729736695,5.39533220334391e-14,89.4276099719998,0.349249124422403,98.5049313554315,1.09224287388237e-15,11,0,6.58210740460435e-183,7.10020462766354e-13,1.46386429836557e-181
MOGAT2,13,REML,1.72704457826544,0.229625765576168,5.43060055407134e-14,88.4181480403292,0.557937631434389,93.2110093941246,1.17648727073758e-14,10,0,2.71834295075173e-174,7.13973969216611e-13,5.27814302521411e-173
SLAMF9,10,REML,1.36933471772872,0.182067179749404,5.4341816937846e-14,85.8409610096718,0.270052626580058,59.6063705945831,1.59641312408424e-09,7,0,1.92753258311903e-130,7.13973969216611e-13,1.90904616799688e-129
PLP1,9,REML,4.35243488745488,0.578979288282375,5.58644714063467e-14,95.826597778057,2.72758732408425,95.4170223134623,3.67854857483766e-17,8,0,0,7.3219941383274e-13,0
PMEPA1,13,REML,-1.40591426296272,0.18727242436374,6.03494747783748e-14,89.8602906870521,0.383639718570158,115.578039713054,4.6897151648559e-19,0,12,1.6719422210985e-180,7.87798739598865e-13,3.5761476557612e-179
SOX4,13,REML,-1.13122831550636,0.150699590830282,6.07234855911807e-14,91.9886343083038,0.250428876567993,129.28600829055,8.58419178149844e-22,0,8,2.71011608945365e-244,7.92043340217066e-13,1.46953552368936e-242
NEGR1,13,REML,1.84171728346993,0.245365230147334,6.09502913443072e-14,92.6310943986054,0.679818517853664,117.531848641016,1.91701966039817e-19,12,0,1.44383081280812e-198,7.94362599328981e-13,4.03600499449277e-197
AHCYL2,13,REML,1.80835625349055,0.241045708947581,6.27890350180743e-14,94.2650319164291,0.678109803828192,127.07849057344,2.37831471176431e-21,11,0,0,8.17013342494414e-13,0
AOC1,13,REML,1.29938661040588,0.173269942620556,6.42066391875702e-14,86.0084248470854,0.308991007127293,77.1650451394064,1.42912357841777e-11,11,0,2.48373120104295e-138,8.33452554962431e-13,2.76381152796907e-137
MMP3,11,REML,-4.02475208227198,0.537010680056798,6.6433063058942e-14,93.8777482828031,2.87264672595212,92.7386914587682,1.53115951413413e-15,0,10,1.51615087635437e-273,8.59600360235137e-13,1.32157818055556e-271
OSBPL1A,13,REML,1.05156165728001,0.140348158360968,6.7562625210181e-14,84.2468854008122,0.195424184584334,55.9655049605383,1.21417769135139e-07,6,0,1.36521805207776e-108,8.72128059341293e-13,9.89905200283398e-108
RETSAT,13,REML,1.18965640641436,0.158805233918211,6.81988065246025e-14,91.6269173851028,0.282102250955754,83.5859926598225,8.50542135899612e-13,9,0,6.40614523569575e-197,8.7894058043194e-13,1.74853253714369e-195
ACKR2,12,REML,1.80599132007121,0.241208851052856,7.0330880653319e-14,91.1100425856953,0.582235481084475,115.495795231936,1.45557342311564e-19,9,0,2.76879533024701e-184,9.04262147527566e-13,6.29478006533439e-183
LRRC8E,13,REML,-1.94205035591631,0.259683271059479,7.51558530734265e-14,92.6104049501746,0.755664340733752,102.677300894191,1.66143851102576e-16,0,12,3.56117842444261e-221,9.60963600851312e-13,1.39126230832501e-219
ETFDH,13,REML,1.0947143539849,0.146428393334837,7.65565609188002e-14,93.5804967840613,0.242438799335465,93.6461481807283,9.6823582370282e-15,7,0,3.30986853644619e-247,9.76230323653415e-13,1.85684770177862e-245
KRT80,13,REML,-4.76892401398554,0.637893669499271,7.65906970756272e-14,97.3474373435405,5.00922850717944,335.146336664695,1.90026127933466e-64,0,11,0,9.76230323653415e-13,0
PHGDH,13,REML,-1.24307773262948,0.166299626460828,7.72461413924046e-14,67.7157358500513,0.213945483391865,32.9379627354477,0.000989830209321371,0,8,3.25897287683435e-59,9.83811225762023e-13,1.1201553371235e-58
SLC51A,12,REML,2.5217884845291,0.337441996355508,7.82378543258216e-14,81.0648209403128,0.985747378411392,40.01797457897,3.5522773164003e-05,10,0,2.17308244058008e-79,9.94099006414221e-13,1.02063110107546e-78
NEBL,13,REML,-1.70183626404038,0.227768495397786,7.9116741047446e-14,94.9150892957131,0.591383676440131,193.023899124905,8.95296514709732e-35,0,11,0,1.00369305367937e-12,0
PYCR1,13,REML,-1.37236392138437,0.183809237055472,8.25186336804271e-14,92.9779374156926,0.381692545130316,135.569822332068,4.68399296652903e-23,0,9,1.40236368971563e-255,1.04521453739122e-12,9.13113353468251e-254
PDK4,13,REML,2.15072827724155,0.28819305398013,8.47002952740077e-14,93.7046891778594,0.975124016854205,152.377430253785,1.86636664647864e-26,11,0,1.11485263044437e-240,1.071174639062e-12,5.70192608750616e-239
MT1G,13,REML,2.37452358910609,0.318381435155751,8.77727493198245e-14,87.4808743614945,1.05664354859082,95.1350876694253,4.96756985229803e-15,12,0,8.18453101496521e-141,1.10586591399962e-12,9.44454102104135e-140
FAM107A,13,REML,2.35131113324454,0.315269800318366,8.77844588489186e-14,94.1520651735613,1.1629792257645,120.799199731486,4.28176493694569e-20,11,0,3.99867564382557e-281,1.10586591399962e-12,3.88206755768526e-279
UGT1A1,12,REML,2.15060895013423,0.288378975625573,8.81268239543691e-14,89.4445485051382,0.828408391200226,91.4316689507354,8.73411967451293e-15,10,0,1.84050693409266e-140,1.10845632022668e-12,2.11033514303001e-139
PDE1C,12,REML,1.00206688246185,0.134388443899122,8.88538520497317e-14,77.0937043596267,0.148613329413364,42.3564631399249,1.40500287789027e-05,6,0,1.0546737955846e-79,1.11673449866845e-12,4.96643225321321e-79
RGS9,12,REML,1.43419062879144,0.192468498901363,9.22427018154167e-14,86.3880015411571,0.320548241784764,76.4603466215497,7.10551472525737e-12,9,0,3.75918974786712e-140,1.15395904670783e-12,4.30421916540746e-139
MELK,13,REML,-1.38635881630342,0.186056904446154,9.24512733621363e-14,91.0629952652965,0.376518551146091,90.0739419217717,4.77729238807344e-14,0,10,1.0206110913582e-204,1.15567655745591e-12,3.11622742451799e-203
UGT1A8,13,REML,2.24386972911489,0.301360855693213,9.63657908622278e-14,90.5806154413697,1.02084978199023,104.000392616837,9.12876022207768e-17,11,0,1.29739218859719e-165,1.20090589335073e-12,2.18428032748975e-164
EPHA10,13,REML,1.27131398752262,0.170792849092517,9.797641168589e-14,87.3095633034802,0.303181858262698,90.8307296542406,3.40868748532613e-14,9,0,3.06560763268411e-138,1.21816837627556e-12,3.40662759072703e-137
PKMYT1,13,REML,-1.46719064137969,0.197123002913191,9.84084697591662e-14,91.770972693986,0.431973030703683,102.694699590701,1.64841490776089e-16,0,10,2.10973342751579e-229,1.22260269747537e-12,8.95421676971558e-228
TGIF2,13,REML,-1.2798767623776,0.172173087685498,1.05630646563682e-13,90.804946453059,0.327959146695255,100.359407314979,4.73436217291655e-16,0,10,9.79921262140744e-208,1.30632316761021e-12,3.17749268461758e-206
MYO15B,13,REML,1.08507599275537,0.145979493759728,1.06104628870874e-13,85.5849020452398,0.21964951833868,86.7105502924679,2.1325263797432e-13,8,0,4.25234121373945e-107,1.31118471637461e-12,3.02249925902489e-106
CDK15,7,REML,1.35188108567119,0.182000150681775,1.10325393539225e-13,72.8980082728934,0.159413467594522,25.7039325964602,0.000252762321223573,4,0,7.02838453168893e-64,1.36023239958286e-12,2.58862331695303e-63
FAP,13,REML,-2.57698000136123,0.347036172166083,1.12200894509622e-13,95.0617894530596,1.40442028715983,131.515420820519,3.06280028453667e-22,0,10,0,1.38125520325323e-12,0
PDCD4,13,REML,1.55003805834858,0.208916895905851,1.17651917159137e-13,95.8329201438802,0.530877242210789,257.726901975987,3.34063667862147e-48,11,0,0,1.44288240007646e-12,0
SLC6A6,13,REML,-1.99535117864448,0.269223370816063,1.24871222023562e-13,95.8140278871425,0.869297159274284,173.593631677196,8.77830393098919e-31,0,12,0,1.52450084538254e-12,0
TMEM253,12,REML,1.70370565109983,0.229898089556263,1.25634995553956e-13,91.0399132311548,0.539235897263066,89.1376142301486,2.45961350326345e-14,10,0,1.43334879827132e-192,1.53267131897388e-12,3.67703861809698e-191
ZC3HAV1L,13,REML,-1.23422980214327,0.166672439041844,1.31029614982497e-13,92.3749953844259,0.297991502221766,97.0273550035095,2.12356062394914e-15,0,9,4.01359567405232e-233,1.59129823798593e-12,1.78280620995644e-231
SLC6A19,11,REML,4.33581794377817,0.585601238338134,1.32097588428915e-13,90.4853840992373,3.28019958125958,115.10711546989,4.96119552415113e-20,11,0,1.90053096000876e-163,1.60306751586677e-12,3.09993042803039e-162
HOXD4,13,REML,1.30695406452153,0.176533879819961,1.32723351865407e-13,77.8373712984543,0.282716262680359,41.3960753508172,4.20656144232122e-05,10,0,1.96797535322858e-70,1.60945677172315e-12,8.02081055854573e-70
LY6G6F-LY6G6D,8,REML,-4.03168973233481,0.544929667211602,1.37678900011339e-13,87.3779261732681,1.93034051412667,37.7166775902615,3.43006379050027e-06,0,7,3.06698251121667e-141,1.66705601634342e-12,3.56451522970293e-140
BHLHE40,13,REML,-1.13017402898867,0.152874792881713,1.43759730147074e-13,85.5143973775606,0.24216609230899,58.2502003715185,4.69557336471229e-08,0,8,7.985571139509e-115,1.73550000362957e-12,6.31869521155976e-114
BMP2,13,REML,1.30150729414825,0.176059384792874,1.44165606704345e-13,85.7281056932963,0.31793427675339,64.743547665551,3.04062139917511e-09,9,0,8.69130644382796e-123,1.73910489694758e-12,7.72544689549248e-122
ZNF471,13,REML,1.0736475152237,0.145337344577917,1.49863914351646e-13,76.1185639278565,0.178423051928804,56.4354992951058,9.9923772281896e-08,8,0,3.25618892295545e-70,1.80515872465322e-12,1.32445035142691e-69
UGT1A4,12,REML,2.05466964792163,0.278265967867891,1.53795455635615e-13,88.7763901671101,0.765897836818654,89.9976844411738,1.66889608651387e-14,10,0,2.39926569745782e-134,1.84976685624646e-12,2.50317212052018e-133
PHGR1,11,REML,1.94461262473908,0.263402186085465,1.55140895423581e-13,91.6083221321741,0.656968767666409,79.7926271428656,5.51294663213521e-13,9,0,5.35530713921617e-224,1.86456585433841e-12,2.13856144453477e-222
TMEM132B,10,REML,1.18585380362766,0.160747824325029,1.61766728087248e-13,64.0268406211626,0.148265799587018,29.1110976217853,0.000620661627111984,4,0,2.09158699632174e-46,1.93701917465181e-12,5.76912214551962e-46
CD36,13,REML,1.73364294529196,0.235067557806634,1.64241669478485e-13,91.706117335499,0.5974711427323,100.331480717719,4.79439815781635e-16,9,0,1.39669771451692e-218,1.95941882800197e-12,5.27847553507292e-217
P2RX4,13,REML,1.02111606719786,0.138496838164515,1.67021508563075e-13,90.5964999554921,0.212291404177087,120.591468946665,4.71040931470318e-20,9,0,1.32154254663993e-180,1.98965445873118e-12,2.8379032196918e-179
NKD1,13,REML,-2.48873828020705,0.337715814531852,1.71491509753804e-13,91.770729862978,1.29711161888589,108.141811354694,1.3938546913659e-17,0,10,4.93543433001183e-190,2.03841044548272e-12,1.21978958525125e-188
NCAM1,13,REML,1.81367027123061,0.246160084845957,1.73403367942583e-13,93.5753308219866,0.678368606604522,108.940048181234,9.69486172998038e-18,11,0,4.00897370951932e-205,2.05962549776784e-12,1.23569374054062e-203
ASPA,12,REML,2.70607697170838,0.367306433563923,1.74046281671574e-13,94.9446826092938,1.44555851633835,146.048134551124,9.55014737041646e-26,11,0,0,2.06574843685303e-12,0
CELSR3,13,REML,-1.43928627877962,0.195465326592254,1.79305473702649e-13,86.1763214890643,0.40401195118851,62.0807827987283,9.39999178971103e-09,0,11,1.32194028045626e-134,2.12661276162476e-12,1.38364220574805e-133
HSPH1,13,REML,-1.27822199916307,0.173727168546652,1.87189765801711e-13,92.1480057892454,0.347399353135167,142.728832400449,1.68315479219972e-24,0,9,9.52147117061685e-246,2.21849976092335e-12,5.2329360030241e-244
DUSP4,13,REML,-1.67570002004406,0.227766508558301,1.87954486732172e-13,86.7569100018632,0.547538342210755,66.0801816844342,1.7203160102154e-09,0,9,1.17264197249246e-146,2.22431101707205e-12,1.48531596093909e-145
KIF4A,13,REML,-1.37210705727875,0.186572627977067,1.9196120378428e-13,90.7291803328094,0.387524267485325,100.143053272972,5.21981325531909e-16,0,10,7.37479952478362e-195,2.2700707490551e-12,1.9569169344569e-193
CDCA5,13,REML,-1.41159017305054,0.191965085192653,1.93271918065981e-13,91.7917166618805,0.408840390262752,94.7203683824811,5.98308191874594e-15,0,10,1.43776015136149e-234,2.28390496181031e-12,6.58486026384853e-233
KIF18B,11,REML,-1.22973721902678,0.16731218561687,1.98271965747709e-13,86.6368583212278,0.243203968162075,50.0791774078248,2.58106852582277e-07,0,6,1.53189320572158e-132,2.33617978246192e-12,1.55910762990358e-131
GTSE1,13,REML,-1.0324609215585,0.140556265968931,2.04938231712803e-13,83.4935843457214,0.199107149157591,55.2895041264916,1.60596587483658e-07,0,7,2.82080793320379e-91,2.41122173494896e-12,1.5990824832529e-90
ITM2C,13,REML,1.49872408427474,0.204064491799479,2.0673844432619e-13,92.0937150047405,0.465567133228308,116.58651319724,2.95584938649074e-19,10,0,3.50681925973674e-225,2.43063843209609e-12,1.42140151645279e-223
SLC5A6,13,REML,-1.26233331715343,0.1719575964643,2.12071982049832e-13,94.348445271811,0.345414712979936,151.941122007185,2.28875125331975e-26,0,11,1.93914141848853e-307,2.48973428310929e-12,2.66434744219954e-305
GIPR,13,REML,1.08388340933403,0.147706093468492,2.16632765380168e-13,73.4067629692627,0.188450841362192,51.6258224384113,7.22130508763678e-07,8,0,1.40745997341109e-72,2.53960016276837e-12,5.9270515711465e-72
SLCO2A1,13,REML,1.18662171191478,0.161744996502124,2.19458982347359e-13,82.3988518459526,0.252485469163825,69.8109423708581,3.47473931773284e-10,8,0,6.50269686012317e-89,2.56901695364458e-12,3.54499745101469e-88
IER5L,13,REML,-1.27684873627848,0.174067974077923,2.21150170860338e-13,89.1583530266395,0.326906476178667,71.4627107495178,1.70398193057744e-10,0,9,4.13605653232049e-159,2.58694640704088e-12,6.35619758848456e-158
UGT1A9,13,REML,2.04509152593922,0.279196476233286,2.3904335663633e-13,89.5034085367447,0.848318937136943,98.3177081806061,1.18831662534739e-15,10,0,7.38433556790281e-147,2.7862041273507e-12,9.41212520144719e-146
GNG7,12,REML,1.72057459272807,0.234940064232906,2.41654352706864e-13,92.6296381772484,0.581455578640757,136.407271428492,8.74967321198785e-24,11,0,1.69561967622154e-238,2.81461352042844e-12,8.30546278265252e-237
PRKAR2B,13,REML,1.37189731209487,0.18745333742639,2.5055815002831e-13,89.6252399445862,0.3785271283027,77.7770127433697,1.09360058148234e-11,9,0,1.67560924092995e-152,2.90995650888896e-12,2.32392238008531e-151
PLA2G10,13,REML,1.38798944794076,0.189726912653837,2.56000170030769e-13,86.198127232731,0.364358876451738,77.9860354802548,9.98014220452907e-12,10,0,1.38373818448701e-143,2.96890612067873e-12,1.66799607324073e-142
UHRF1,13,REML,-1.47243991525676,0.201282376702724,2.56817029928845e-13,92.287545048083,0.448066018367613,122.317339279129,2.1311525930231e-20,0,11,1.02463179226969e-247,2.97625054055494e-12,5.82889657826965e-246
KCNG3,5,REML,1.90112908407611,0.260138279860079,2.70849115630433e-13,65.1425904168326,0.207548787792238,11.1988655080698,0.0244176498161836,4,0,1.52014919791349e-38,3.13438737452978e-12,3.66050481891748e-38
HOMER1,12,REML,-1.3756792097729,0.188329929693254,2.78044410206683e-13,85.9881801895906,0.331316776474714,57.7695481115152,2.3999742735018e-08,0,8,1.48596399065998e-156,3.2153595026255e-12,2.19616537653329e-155
PAQR8,12,REML,1.13810083689949,0.155874463940484,2.84801933061947e-13,86.9440671698068,0.231337712279118,67.3015583758382,3.96721745767477e-10,8,0,1.574899016921e-134,3.29115733480637e-12,1.64734437169937e-133
ABI3BP,13,REML,2.19224950280165,0.300373995033799,2.91210267588194e-13,94.8787797987648,1.05906957861873,200.960802544496,2.06574077227994e-36,12,0,0,3.36042140100171e-12,0
AREG,13,REML,-1.31232302920611,0.179824852721788,2.92544612296151e-13,73.1535076031319,0.270545602509106,37.9167413771294,0.000158447974420795,0,9,2.22143178368995e-61,3.37341806483463e-12,7.85177098516789e-61
TEF,13,REML,1.15857189868577,0.158769264676598,2.93806610295354e-13,91.7976611076346,0.281797900436763,125.28585281545,5.43497944382694e-21,8,0,8.75240111230972e-216,3.38556259610417e-12,3.18167442228425e-214
DGAT2,13,REML,-1.73506048052497,0.237824914509542,2.97470050324706e-13,91.6975412922941,0.620015808732808,81.8209928306778,1.85276008394643e-12,0,10,5.51536938256156e-258,3.42534227692788e-12,3.71040181740542e-256
COL11A1,10,REML,-4.13075247790853,0.566324014598454,3.00944170167493e-13,96.9017658687951,3.00533726102468,162.789207636351,1.95459754829663e-30,0,9,0,3.45797861865738e-12,0
CEACAM7,13,REML,2.94139469409947,0.403297249260481,3.02303998524141e-13,89.5606717606508,1.73308673502863,89.4162757875882,6.40409323721011e-14,11,0,5.73577513844209e-183,3.46868699792774e-12,1.27914886271749e-181
SMIM5,12,REML,1.63347741569019,0.224032292205545,3.07072313524145e-13,89.0832996400594,0.505639045268909,118.489282281723,3.64857641457192e-20,10,0,1.00956527625939e-141,3.52090765146178e-12,1.18266487167583e-140
LGALS9B,13,REML,1.96988336011924,0.270210398517549,3.0953338648491e-13,88.0790381790438,0.775604256658167,102.077908229214,2.17866415015253e-16,11,0,4.16237367413422e-133,3.54661822973841e-12,4.28201550626511e-132
GZMB,13,REML,-1.7629638244515,0.242047925659796,3.2519161889042e-13,80.8380530910019,0.559794021679991,48.7826405743248,2.28288498571514e-06,0,11,1.4897228817455e-78,3.7076875647471e-12,6.89885092309047e-78
FOXQ1,13,REML,-3.9963275233575,0.549202261197316,3.42327523008467e-13,96.5388231315224,3.66167923534029,146.9322572955,2.37400965013759e-25,0,11,0,3.89484640739388e-12,0
HRCT1,13,REML,1.85122187895041,0.254420373870269,3.43270917694279e-13,88.198572583694,0.683171198336575,89.5869240626925,5.93530921154805e-14,10,0,3.86668332921701e-148,3.90284108595887e-12,5.0313432437075e-147
SLC52A1,11,REML,1.29849514407298,0.178692651935393,3.68539672197119e-13,56.3969149123641,0.181811797926155,23.7404637001829,0.00831989694792088,7,0,2.46843562888803e-29,4.16966762409762e-12,4.92260108870378e-29
RCAN2,12,REML,1.44012209650352,0.198370146796198,3.87742485764293e-13,90.4165314255871,0.393011354011724,79.3245482227971,1.9931978960226e-12,9,0,8.33159360111943e-187,4.38081457957943e-12,1.96337393975217e-185
MYADML2,4,REML,-3.60726080038142,0.49704807622794,3.94694852040989e-13,82.5541403851839,0.792232451267143,13.1369474776708,0.00434961668152408,0,4,2.86236787381884e-84,4.45315771478118e-12,1.46073561026833e-83
DPY19L2,12,REML,1.10215218417022,0.151937404884519,4.04674564408125e-13,75.5599744940294,0.186251784809439,41.5533159311806,1.93488041919764e-05,6,0,1.00733820118004e-61,4.5562421616312e-12,3.57921855264782e-61
CNTNAP3B,10,REML,1.0290539600785,0.141880369491746,4.07732614423118e-13,52.9145775508398,0.0939533473056811,23.3570677725074,0.00544229622344589,6,0,9.22201744011231e-35,4.58430574038974e-12,2.04985698871046e-34
CKS2,13,REML,-1.41083439800647,0.194574210909558,4.14070168313125e-13,92.0752448111986,0.419740334779006,127.799333250751,1.70537998453015e-21,0,11,5.35708417424388e-246,4.65233516206562e-12,2.96431418829406e-244
CES2,13,REML,1.40798495979408,0.194395448516843,4.39221315128739e-13,90.6295138599872,0.420442724247602,91.7124902902266,2.29934277026424e-14,10,0,2.91953959909594e-166,4.91448942869721e-12,4.96689354880824e-165
TNXB,13,REML,2.5531110348113,0.35263699519697,4.48504748685568e-13,95.3393777992062,1.49861747981571,216.393859014944,1.32712647867255e-39,12,0,0,5.00454748137585e-12,0
SLC4A10,9,REML,2.65946736212293,0.367630215491776,4.68686306191472e-13,90.6396006396016,1.07389245669661,71.8076001638458,2.14393999435403e-12,8,0,2.98578612389646e-152,5.22614242247754e-12,4.1198766320624e-151
DDIAS,13,REML,-1.48653656079377,0.205527055613684,4.73127920498501e-13,90.8358951268582,0.445400400448305,116.025373727227,3.82159779353791e-19,0,10,9.10841663213657e-249,5.27204328181594e-12,5.36999123115746e-247
ACAA2,13,REML,1.00605259227513,0.139285127845446,5.0863452970654e-13,85.3817620882689,0.198901864481976,48.9853049161584,2.10409434395695e-06,8,0,5.27002813630865e-108,5.64055515056918e-12,3.78736552189593e-107
CCNF,13,REML,-1.17888153999643,0.163237243378226,5.12696518574993e-13,89.277924420947,0.287503026048349,90.6129108398401,3.75659946064153e-14,0,8,2.12607924622854e-181,5.68171473387311e-12,4.61447427297233e-180
SCGN,9,REML,3.53185381122443,0.489298032143752,5.26780197863511e-13,93.761184133963,1.80862662911903,76.1300830370066,2.92848891679509e-13,8,0,1.1125369292536e-308,5.82584402998712e-12,1.11253692925369e-308
MAPK10,13,REML,1.14235422648894,0.158264997120092,5.2763899192984e-13,87.6064876381801,0.254590090950149,80.1902797255502,3.79636937842006e-12,8,0,5.0103518619748e-132,5.83136399192808e-12,5.05808435480681e-131
CDKN3,13,REML,-1.18810430083738,0.16461507525272,5.29638315144558e-13,85.4434569850053,0.270681261811701,74.4854032195378,4.59604972633792e-11,0,8,1.37214445242894e-119,5.84947275438605e-12,1.16474230404348e-118
ENTPD5,13,REML,1.59722803335315,0.22143272161653,5.46710478182356e-13,95.4126652098861,0.582346734543696,227.541505087159,6.46100832115672e-42,10,0,0,6.03391217343127e-12,0
CCL23,9,REML,2.19459487571231,0.304639141687827,5.85072926661253e-13,87.0042124492512,0.688406464146681,62.914370177225,1.24554589161567e-10,8,0,3.0947420872118e-124,6.43104227793823e-12,2.80151052261111e-123
SCTR,8,REML,1.49066258160995,0.207134479840109,6.17356119881652e-13,76.4254380098351,0.246227593244045,30.1760781913607,8.81509282951215e-05,7,0,2.60831353762174e-61,6.77670600652757e-12,9.2111930702377e-61
GTF2IRD1,13,REML,-1.66415486604416,0.231254959856509,6.19178691821032e-13,96.6484068077531,0.647785577264744,222.393993769757,7.56543492438623e-41,0,10,0,6.79211375540892e-12,0
RPL22L1,13,REML,-1.26457102836407,0.175766774556973,6.26457284607668e-13,83.9175122125594,0.310736222831481,77.0420977571463,1.50800128935831e-11,0,9,4.20786312268033e-96,6.85340887675042e-12,2.53708013417688e-95
CDCA7,13,REML,-1.35664831762959,0.188695580598142,6.49749272949559e-13,92.0101941610651,0.387587598768621,91.6484003398136,2.36612658795354e-14,0,10,9.7829681345689e-212,7.08908813077469e-12,3.38912953773003e-210
IMPDH1,13,REML,-1.10130915558456,0.153184084840823,6.50533444955257e-13,91.4113814042704,0.263275193353603,96.4750674477431,2.72188042747149e-15,0,6,1.60562156997251e-195,7.09287070817726e-12,4.30280041553129e-194
CTSG,11,REML,2.42539858592484,0.337384380842162,6.53494065196114e-13,86.4696585303798,1.00999555405636,94.104411589308,8.19007260384553e-16,10,0,4.59772554996986e-111,7.12036241869933e-12,3.46389053632255e-110
C9orf50,6,REML,-1.76126052641071,0.245158835788908,6.76211835820546e-13,83.0442413922543,0.286871336289546,26.2074143657529,8.133859186188e-05,0,5,6.25209021693183e-95,7.3629432465806e-12,3.70757639674893e-94
SLC30A4,13,REML,1.21720083211836,0.169581144385848,7.08992509780389e-13,92.7629883553425,0.322239513690723,114.073141878724,9.33239185323269e-19,10,0,1.88745967197422e-236,7.69403986684702e-12,8.97401280402287e-235
FRRS1L,3,REML,2.06209563506561,0.287331657835257,7.14095634028231e-13,0,0,0.296285229857054,0.862308128160313,2,0,2.70637194515754e-11,7.73905916744632e-12,3.54831055691728e-11
PDE9A,13,REML,2.01234894899557,0.280585511816807,7.39298488014242e-13,90.6723363704275,0.895586844049582,90.1506691807866,4.61663843058413e-14,11,0,6.62599634173911e-174,8.00149959023692e-12,1.27889617486448e-172
SMIM32,12,REML,1.59172034467076,0.221950512047171,7.41749495535224e-13,84.0119504569768,0.467372300905141,59.4126570004165,1.19177013626564e-08,9,0,1.17639085472733e-90,8.01732304740839e-12,6.59731059415227e-90
PTPRR,11,REML,1.35509093923063,0.188958316276859,7.4248230546427e-13,68.5610046390507,0.238499820633743,31.8711751421504,0.000420717028864558,8,0,3.49760005227602e-45,8.0198971475631e-12,9.42596237492538e-45
DACH1,13,REML,-1.11114661523352,0.154951022053776,7.44770550993971e-13,80.3862137849424,0.219706827713404,80.6129406909561,3.15281717887162e-12,0,9,5.98070326933072e-62,8.03925761868525e-12,2.13391597943792e-61
FGL2,13,REML,1.36045651753911,0.189794594505172,7.60753523317131e-13,92.2488523974225,0.410250095881227,90.7057760562756,3.60413830989626e-14,10,0,9.47549392601529e-204,8.20631861180349e-12,2.82401071732511e-202
SCNN1B,13,REML,3.16035353989344,0.441102264558529,7.79723751552737e-13,93.1371359198595,2.28810352763349,137.917969189055,1.57558683819585e-23,12,0,1.74122092958888e-219,8.40535982973705e-12,6.6113383914343e-218
SLC25A34,10,REML,2.29871741950129,0.32089639702711,7.86856577548498e-13,94.7212576357643,0.93958079985705,66.9272267363929,6.07714653204931e-11,9,0,0,8.47661507760385e-12,0
ABCC8,8,REML,2.56320783630523,0.358179000293599,8.29318270575725e-13,85.2247983155665,0.825010698452494,38.5577064028197,2.37323048913559e-06,7,0,2.37937186108394e-108,8.89856857765998e-12,1.71910677289456e-107
SBK1,10,REML,-1.0945716478766,0.153081019028828,8.66031357600883e-13,50.2178263450407,0.108349759123398,18.8402393700847,0.0265860956244036,0,5,1.66719260443554e-27,9.26796462097895e-12,3.19317113948179e-27
ANKRD40CL,10,REML,1.1632327363538,0.16272321223642,8.7708267182577e-13,84.3008913598253,0.210371168238533,46.9783545315178,3.96126026641449e-07,7,0,5.94946972959108e-100,9.38004047382006e-12,3.81712515733519e-99
TIMP1,13,REML,-1.58952802779894,0.222382486302738,8.82302300759146e-13,94.7650158597898,0.572239789719995,200.078580485887,3.14189929932981e-36,0,11,1.11253692925779e-308,9.42964218998551e-12,1.11253692994674e-308
CITED2,11,REML,1.21247451230606,0.169677933418068,8.95118998359512e-13,92.8301830962839,0.280206782498344,96.1881393774102,3.14793360658707e-16,8,0,5.73214849222243e-260,9.54773968447551e-12,4.04066623932184e-258
SMPD3,13,REML,1.08208073518413,0.151473414349847,9.0851113144944e-13,87.0197533564986,0.226385781058888,54.2900122006749,2.42529019165542e-07,8,0,1.69836164081467e-153,9.67785215124163e-12,2.40275194437419e-152
CAPN13,12,REML,1.6007933732937,0.224091255410137,9.09913390982292e-13,79.5339193253934,0.430996344060963,48.7168132959365,1.06322522642407e-06,8,0,8.12766592806535e-83,9.68642534996447e-12,4.04338286872425e-82
VSNL1,13,REML,-2.15953114212969,0.302351574676599,9.16815678808481e-13,92.1184294646932,1.04862727913569,89.6342741932179,5.81140944594198e-14,0,11,3.23613120935507e-169,9.75349908170728e-12,5.75931891298285e-168
VAT1L,12,REML,1.08508311050247,0.151969786787057,9.32468131303384e-13,76.3145366500223,0.17817268604363,48.6240232453811,1.10463006156317e-06,5,0,1.76475428369399e-70,9.90701560473248e-12,7.20522820486795e-70
CXCL9,13,REML,-1.35888624069903,0.190541032542884,9.91187768390316e-13,69.4299548079955,0.287038929483288,31.415212453425,0.0017021527323146,0,9,2.22224558110652e-46,1.04843968021221e-11,6.12638456155075e-46
MAP3K20,13,REML,-1.13310554994779,0.158884862890776,9.91985733328521e-13,87.7215134205213,0.261969175008799,70.7901052925962,2.27830028885206e-10,0,9,8.21740933871649e-147,1.04843968021221e-11,1.04493221653812e-145
ASIC1,13,REML,-1.44615061684492,0.202889842187944,1.02013568782649e-12,87.1284892847013,0.416189801067301,60.7261793061328,1.66372968332329e-08,0,8,2.96237995832522e-162,1.07515377029412e-11,4.72727030160697e-161
HOXD3,9,REML,1.13499727335873,0.159317383752042,1.04742440920682e-12,57.5378028010968,0.11643957125365,19.081343486623,0.0144306231757963,6,0,1.93869002832489e-34,1.10057627650488e-11,4.28228629826041e-34
PUS7,13,REML,-1.23063963133894,0.17279637386189,1.0644420238614e-12,93.8159842091036,0.341474313351415,187.613890564338,1.16325292542679e-33,0,8,1.45957864140583e-293,1.11773306560005e-11,1.6783084051853e-291
SCARA5,13,REML,2.83330539062556,0.398044546854694,1.094558801841e-12,94.5588151506286,1.86759085136208,150.451528182178,4.59156156830954e-26,12,0,5.60142340898354e-296,1.14596711561986e-11,6.72710205406297e-294
FOSB,13,REML,1.28860316586499,0.181071332923453,1.10662169329494e-12,32.620531838165,0.126865839282364,22.4963447233781,0.032319168009382,8,0,7.88491528372447e-18,1.15677998152101e-11,1.22087796289776e-17
DPF3,13,REML,1.70172968156174,0.239654040502759,1.24058229438351e-12,90.2669143125074,0.644199823822371,102.975429919756,1.4518194387876e-16,11,0,3.57196326474027e-165,1.28850485194362e-11,5.97649539847615e-164
MPP2,11,REML,1.51511458468084,0.21359397538067,1.30825169439203e-12,88.6791565352989,0.409153632137705,78.2997297145398,1.08049629017207e-12,9,0,1.79235948380419e-132,1.35358549592712e-11,1.82077219993216e-131
HMGCS2,13,REML,1.70106138964267,0.239828753307738,1.31409451847658e-12,78.4871997536804,0.521769431808532,54.3857679474324,2.33152926099745e-07,9,0,1.07453948110755e-71,1.35789766909246e-11,4.46019165570833e-71
PCDH9,11,REML,1.66225596155971,0.23476133351289,1.43510188498145e-12,87.1296513100466,0.488186295713904,73.0306720755611,1.14849788381126e-11,8,0,1.49942133180617e-116,1.4772893245209e-11,1.20945860958077e-115
FUCA1,13,REML,1.16266105964994,0.164216350285212,1.44095564773861e-12,93.5257161752754,0.313782302977965,123.069806398511,1.50767632654193e-20,11,0,5.35118045222971e-231,1.4823739794915e-11,2.31356503125334e-229
CLSPN,13,REML,-1.0048212855859,0.141934884513382,1.44725001934404e-12,81.4432077103549,0.184844857887812,51.4411809241589,7.78514746049642e-07,0,7,6.13815042306016e-120,1.48696226638941e-11,5.24329993725366e-119
COL19A1,10,REML,2.53259238891909,0.357760754122015,1.45186642260233e-12,93.0624186924189,1.12667481663635,127.883908291172,3.22859751136362e-23,9,0,3.84735842683377e-276,1.49076062759035e-11,3.5043383243964e-274
NPAS3,7,REML,1.68269391966318,0.237771645185098,1.47380111201351e-12,83.2201635053576,0.297059525232271,22.8874482339618,0.000835064804848691,6,0,6.71044388309699e-69,1.51136859133934e-11,2.67576061674008e-68
TNFRSF13B,9,REML,2.52978242106808,0.357615162688455,1.50491563179257e-12,90.9970831399214,0.980868809611793,91.9033349692564,1.90917258613511e-16,7,0,6.74145054285361e-182,1.54132641429267e-11,1.47502210055716e-180
CIMAP2,7,REML,1.68947335113502,0.239087555545605,1.59076294730621e-12,80.9398683976559,0.305897216348374,32.5875307266476,1.25865425659169e-05,6,0,3.35936145608366e-98,1.62412088568486e-11,2.109423984798e-97
OTUB2,12,REML,-1.28467786901731,0.181804933671276,1.59184382934097e-12,86.0349411871089,0.309519847266129,70.9500061944894,8.05766983359779e-11,0,9,4.66974282803717e-118,1.62420163657049e-11,3.86278267709014e-117
MMP9,13,REML,-1.31329004306468,0.185949696916544,1.6340479008651e-12,73.4895614979693,0.290865776913304,33.763145056208,0.000735043576200435,0,10,6.3638966802579e-44,1.66412177240741e-11,1.67741597914195e-43
UTP14A,13,REML,-1.01260913401084,0.143382538490816,1.63780179498187e-12,93.1627404525907,0.231289929567443,148.750807100401,1.01607145056387e-25,0,6,3.72665930655843e-300,1.6668977088538e-11,4.72033807322123e-298
CA12,13,REML,1.67611573057147,0.237342123686651,1.64094850130628e-12,89.8627951293359,0.616945642382626,90.9098681077655,3.2904040834867e-14,9,0,1.81451651396364e-155,1.66905257538762e-11,2.6384534745195e-154
PRELID3A,13,REML,-1.11685860341435,0.158181107008243,1.65746878705481e-12,84.8328905407285,0.23592483564759,68.6314073126155,5.77050734492007e-10,0,6,2.09771273469523e-117,1.684798836647e-11,1.71336103615183e-116
TOP1MT,13,REML,-1.21921068997447,0.172760444885147,1.69850856810468e-12,93.4746399165007,0.338356211252395,128.596670977135,1.18022979212602e-21,0,10,4.25787178324192e-273,1.72327405598756e-11,3.67196144796283e-271
CHAD,13,REML,1.93271505256816,0.273929612955198,1.71960104883414e-12,93.1597556810052,0.837607961785364,74.5608957569676,4.44761970758318e-11,12,0,1.84759051413594e-211,1.74249323779675e-11,6.3598694279588e-210
LUZP2,11,REML,2.21888639694956,0.314539897042728,1.7336233041187e-12,88.0018588570284,0.907487930103532,59.9325836039113,3.73232827700871e-09,9,0,3.20372778502001e-120,1.75560491128523e-11,2.748256009446e-119
TTYH3,13,REML,-1.20465172025112,0.170889837208023,1.79835280887255e-12,92.3806931289966,0.325954694306867,130.143471742302,5.77598831312344e-22,0,10,2.22693434273237e-233,1.81661645422123e-11,9.94635991700272e-232
EIF5A2,13,REML,-1.07212962168388,0.152169975802511,1.84656710251826e-12,86.713673643129,0.231736454235852,90.2897478891044,4.33903925949592e-14,0,8,2.1538123687022e-152,1.86180217573451e-11,2.98204610877616e-151
LAMC2,13,REML,-1.03878557044759,0.147515282108243,1.89657090817256e-12,83.0744607742861,0.202976278233535,72.8971653329728,9.15877684357921e-11,0,7,3.34400385413829e-92,1.90768242205724e-11,1.91644872701111e-91
TENT5C,13,REML,1.22144791451964,0.173454999772068,1.89673969305882e-12,88.332702476565,0.314133397592744,79.210335195972,5.83689501121355e-12,9,0,1.36181575249023e-152,1.90768242205724e-11,1.89357794126278e-151
CCDC141,7,REML,1.13618904288117,0.161451321254464,1.9593386560276e-12,66.6593760622352,0.102235689708602,17.9591012783959,0.00633521995608218,4,0,8.76996163823466e-52,1.96698189660529e-11,2.65522666742668e-51
CRACD,13,REML,1.24137299629018,0.176449075975984,1.98826167617322e-12,88.3461518192194,0.325446271366493,80.5514723576806,3.2391737197369e-12,9,0,7.31664006348597e-156,1.99354895212099e-11,1.07255592540052e-154
ZNF536,11,REML,2.19999942934256,0.312975370634936,2.07564376769542e-12,92.259775507663,0.904132905986557,118.054294740676,1.25531898898467e-20,9,0,3.63810257997829e-165,2.07474799048371e-11,6.08088217826681e-164
SLC45A2,3,REML,1.27138628688437,0.180879544886025,2.0815116090661e-12,0.000723577250835337,1.50648030326566e-06,3.55697767900813,0.16889317922343,2,0,3.27921076344484e-11,2.07933134428766e-11,4.28895160598025e-11
KLF9,13,REML,1.34240524887613,0.191092044923776,2.14197600424361e-12,93.4655090829056,0.422313669453512,96.8851407144223,2.26376213626493e-15,8,0,1.57177569460224e-205,2.13841483724148e-11,4.89120908571709e-204
ZNF239,12,REML,-1.25271895366437,0.17836096278303,2.16371794647784e-12,86.6762922548444,0.291342802797928,59.2478371858352,1.27864991969287e-08,0,7,1.40627306441475e-132,2.15879132715355e-11,1.43215484882892e-131
GFI1B,7,REML,1.98123667608233,0.282109199436265,2.17243690668183e-12,74.6277966827325,0.383809130092431,24.0440594179576,0.000512601395869668,6,0,4.78384980364843e-56,2.16615741500815e-11,1.55712822458446e-55
UBE2T,13,REML,-1.18017175168372,0.168116847371174,2.21948706138904e-12,89.3653989156477,0.294208124186753,92.5940465650642,1.55048948895828e-14,0,10,9.84655582727228e-187,2.20899593163293e-11,2.3136552119937e-185
CCL15-CCL14,13,REML,1.11264791999546,0.15853944379503,2.2488272942987e-12,90.0828409101903,0.275945272370419,89.8666561281337,5.23973198901579e-14,9,0,1.52732943273325e-144,2.23682435107146e-11,1.86887487493616e-143
SCD,13,REML,-1.79887217424355,0.256502859231249,2.3314688993762e-12,89.4363081134501,0.715546585495914,81.6669793505994,1.9828003537953e-12,0,11,3.01098233380614e-177,2.3133479354704e-11,6.05670677146389e-176
SCUBE1,13,REML,1.6230940504686,0.231613838090355,2.42164773175141e-12,90.0170916899204,0.577954612188136,100.094812216574,5.33465377339856e-16,9,0,3.02452521186301e-140,2.39988842756024e-11,3.4654860254371e-139
ZNF695,11,REML,-1.52631097118724,0.217833358074031,2.43860825171594e-12,86.468957238419,0.412189144388795,58.6355149729508,6.56131540631591e-09,0,8,3.34022185472745e-147,2.41227306803359e-11,4.28441589641584e-146
GPR84,7,REML,-1.82496517181659,0.260539246337386,2.47747007439008e-12,72.1108996815539,0.300204987076661,17.7621562700981,0.00685489695105519,0,6,2.05349283499335e-49,2.44772835564207e-11,5.96012877439083e-49
NEK2,13,REML,-1.49860061743059,0.213978011130006,2.49599123396399e-12,91.8948152049589,0.513005347941949,90.7364452831738,3.55515502778717e-14,0,10,1.24421930831772e-185,2.46452532742133e-11,2.88591239567313e-184
ACVRL1,13,REML,1.03646125296163,0.14805640055257,2.5514384591483e-12,88.8234100625101,0.23202350791052,113.689097467872,1.11224286600957e-18,10,0,3.84587181274112e-170,2.51620874319778e-11,6.96682901675663e-169
C22orf15,11,REML,1.06400846862218,0.152068727978243,2.61702829667395e-12,87.7099514960491,0.202126054942925,55.2275168579087,2.8635810565198e-08,6,0,1.8417770057987e-111,2.57775697290248e-11,1.3947095093421e-110
NXT1,12,REML,-1.1081259205944,0.158389591377591,2.62990202783636e-12,89.3467060641241,0.242739865995826,79.5464812866797,1.80581145703777e-12,0,8,5.51547358011454e-147,2.58886469807596e-11,7.03559190829245e-146
DNMT3B,11,REML,-1.21880266757084,0.174285418435109,2.68797330965387e-12,84.9405120366143,0.251215521323956,44.6729939032741,2.49089848371543e-06,0,7,2.88111374428484e-100,2.64121886481322e-11,1.85510314281533e-99
RUBCNL,13,REML,-1.11525787585236,0.159595066932317,2.78738433982798e-12,80.6894534533702,0.239122244650596,46.4012681654872,5.91640881789138e-06,0,7,8.94249219931068e-69,2.73062612094447e-11,3.5570320418897e-68
RPGRIP1L,13,REML,-1.09029028949315,0.156085193136347,2.84398570740048e-12,92.5213068687617,0.264686573041735,177.064465217372,1.70690587435031e-31,0,8,9.91314419690357e-265,2.78439252862826e-11,7.47543287741384e-263
KLK11,12,REML,-1.83327719143779,0.262557926094108,2.90236741355227e-12,75.0261515237329,0.543520590414414,40.3532344657886,3.11244767703452e-05,0,9,1.84930750347726e-52,2.836412469917e-11,5.66354789457438e-52
TLX2,6,REML,1.54744250906741,0.221625669421209,2.90520595116864e-12,66.4547118916433,0.179947193495076,14.3577680674377,0.0134896375467135,5,0,2.75982758017681e-44,2.83747614977693e-11,7.32325442838078e-44
CFAP251,10,REML,-1.77827712790017,0.254780283355451,2.95916970431431e-12,88.4508495941256,0.532100691239559,39.8037786913707,8.24637715690082e-06,0,8,1.86480774367243e-122,2.88323427981057e-11,1.65033449498696e-121
GUCA2B,13,REML,4.81193959372458,0.689471674214765,2.96930329428298e-12,95.4832758656574,5.78463550293222,174.015723598135,7.19391410190544e-31,12,1,4.57230450847195e-308,2.89137022884144e-11,6.39058387895307e-306
BGN,13,REML,-1.88019214836869,0.269628895694462,3.09681528019828e-12,94.4407206375132,0.805688468978545,124.188738652471,9.00855504497939e-21,0,10,1.11253692982774e-308,3.01011187876827e-11,1.11253701962748e-308
SLC17A4,13,REML,2.81717453381464,0.404220054457424,3.18277132215376e-12,93.0423817932575,1.81047255774268,109.967638922561,6.07290955542425e-18,11,0,2.00194814812226e-236,3.0899563740167e-11,9.4905220250018e-235
IRAK2,13,REML,-1.22265222336156,0.175436543602684,3.18750057168013e-12,84.5044577733478,0.306383324466269,67.1900542988013,1.07050277730223e-09,0,7,5.60310323869773e-96,3.09236540699692e-11,3.36955166205513e-95
SKA3,13,REML,-1.50441751433147,0.215903838827237,3.21482825964072e-12,91.0426320362493,0.502657250250798,108.943503736328,9.67963092609098e-18,0,9,6.40441134969491e-220,3.11548180355977e-11,2.45472154166911e-218
SYP,12,REML,1.33567366830512,0.19179283030016,3.30396975126961e-12,85.9352995980949,0.337095446234044,51.7554537101333,3.01906966604005e-07,8,0,5.3937615138512e-103,3.19995588872964e-11,3.61658624582587e-102
GLIPR2,13,REML,1.17660806641108,0.168984555567572,3.33541555644711e-12,92.8993168278225,0.313511258362608,82.4217180632531,1.42181392326202e-12,9,0,7.63810441183183e-211,3.22848312935385e-11,2.60160896699642e-209
SMOX,13,REML,-1.65727053725496,0.238064537602714,3.36826644656566e-12,93.408397974502,0.663763233181427,125.253895917701,5.51559761004937e-21,0,11,1.35622324606595e-234,3.25833555478336e-11,6.22902195140717e-233
ZBTB7C,13,REML,1.82702875664111,0.262489277857067,3.39322742639384e-12,90.6721893301029,0.762678115373871,87.1771929519947,1.73353372563732e-13,11,0,1.91919214213745e-158,3.28052452379984e-11,2.93269200758478e-157
STOX2,13,REML,1.86523818777929,0.268040537428328,3.43204233772604e-12,93.6742048046445,0.829448301856202,111.899313507769,2.51786757389917e-18,12,0,2.12733425019437e-195,3.31607284991372e-11,5.67277470368443e-194
TNFRSF12A,13,REML,-2.04081916998753,0.293412115388108,3.51388522671421e-12,94.8535658098982,1.03165859970804,201.021737275927,2.00676072790928e-36,0,12,5.14014956432325e-295,3.38909108749063e-11,6.03893078886759e-293
NUSAP1,13,REML,-1.05649069469463,0.152031572230024,3.67485174139468e-12,86.7412594907056,0.237528694388144,65.6013928433652,2.110126470416e-09,0,6,1.86955449162554e-101,3.53802679829169e-11,1.22469038273636e-100
KIR2DL4,5,REML,2.08217981773193,0.299868963661627,3.82144421757523e-12,81.2460044952075,0.355891022193999,22.2434410680328,0.000179251339591584,5,0,3.26429994387458e-73,3.6704428376509e-11,1.38544751282823e-72
NUDCD1,13,REML,-1.11508276345169,0.160605560245087,3.83887202837937e-12,94.2542521087068,0.295552249281954,220.630394987567,1.75657333989315e-40,0,8,1.11253692925958e-308,3.68499894589193e-11,1.11253693023223e-308
CLEC9A,7,REML,1.60566327725775,0.231365474410387,3.92257306815844e-12,80.8723202336445,0.275140614247956,26.2941305386027,0.000196231794446673,6,0,8.2319784599293e-100,3.76296224896174e-11,5.26905119505857e-99
CHL1,11,REML,1.42584405576257,0.205552870580895,4.01565838500507e-12,85.7761697310511,0.357464459377288,51.9881326294918,1.14690186573138e-07,8,0,1.64899237289301e-91,3.83878946910891e-11,9.37745118965777e-91
SSTR5,4,REML,-1.99687031300643,0.287906941255532,4.03875626963607e-12,49.4780360854364,0.161853147449014,5.96612287461758,0.113270103887619,0,4,4.1822654837977e-27,3.85859489685384e-11,7.94738282803704e-27
P2RY12,7,REML,1.93180871789089,0.278546802175373,4.0532829185974e-12,84.8488196601862,0.428724578441803,42.740997276941,1.31249802970197e-07,7,0,8.63309713349499e-95,3.87019293046053e-11,5.10647223003846e-94
SSTR1,12,REML,1.16571777580285,0.168093675524796,4.06424020972857e-12,78.1153862322274,0.238937547183495,53.3517183184735,1.54933273449304e-07,7,0,2.1813851186274e-86,3.87608979531349e-11,1.14381620078609e-85
TNFRSF13C,8,REML,1.39556955955495,0.20132869934635,4.15529632862218e-12,76.510606753609,0.231032550848879,24.1614409151169,0.00106723775915118,6,0,5.97631488541942e-65,3.95594946423672e-11,2.23825348203523e-64
EEF1AKMT4,11,REML,-1.18142309555995,0.170494581511839,4.22665300429513e-12,90.5026929525902,0.265946798282034,88.7464906153885,9.48930547839207e-15,0,8,8.45250832222043e-184,4.01210334652441e-11,1.91130428770097e-182
MSX2,13,REML,-3.31133176055854,0.47807789493522,4.31856875357385e-12,93.1273724953327,2.6943923157589,146.712540662891,2.63020655763221e-25,1,12,1.32052024614742e-235,4.09695466364499e-11,6.16991203192739e-234
CHAF1B,13,REML,-1.02421774915347,0.147874874282839,4.3215487570166e-12,88.9710050890633,0.233128664860312,131.769185280378,2.72354047371277e-22,0,7,7.43584842068403e-181,4.09738421038071e-11,1.59890464780571e-179
PHLDA2,13,REML,-1.05117316778079,0.151836125979336,4.41937877375274e-12,80.7479355027042,0.21452084533011,51.2790434090156,8.31605840515637e-07,0,5,2.7109504966782e-77,4.18524462960591e-11,1.22498997777714e-76
NTRK3,11,REML,2.35760665771567,0.340817009691509,4.59635865111334e-12,92.7346192320215,1.10215244270679,95.1226100181094,5.13419521346583e-16,9,0,2.22357105240868e-226,4.34017255739666e-11,9.14993844484821e-225
PTCHD1,8,REML,2.23077265401725,0.322617275892434,4.69152128859623e-12,84.9047593681504,0.656822187163315,47.1153492245912,5.300170286525e-08,7,0,9.68199959701018e-87,4.42487694310708e-11,5.11150307607705e-86
SPP1,13,REML,-2.87952866404611,0.416698421496074,4.83486170406455e-12,93.2192132285727,1.99420259258692,110.060897245125,5.82038179889431e-18,0,9,7.28958943452141e-246,4.54420943814484e-11,4.01993583339781e-244
STC2,13,REML,-3.24148411627088,0.469605242570339,5.10692324991522e-12,93.8312432585415,2.59899716706337,122.202008963058,2.24721676212673e-20,1,11,1.0416214770831e-248,4.78051655028149e-11,6.0966819523279e-247
CFAP157,13,REML,-1.04801454156633,0.151904641720588,5.23106526033719e-12,90.6853771293985,0.247920019579514,135.682985321301,4.44454305969961e-23,0,7,8.48527767681378e-229,4.88950768745354e-11,3.56403645010834e-227
ADH1B,13,REML,2.83642307009552,0.41112797848245,5.23240352663412e-12,94.5311502967307,1.96748515569171,217.752033382365,6.94138746094336e-40,11,0,2.91574448102355e-293,4.88950768745354e-11,3.3290820613264e-291
SOX9,13,REML,-1.2981173365201,0.188187558766972,5.27406221395898e-12,91.1863616434641,0.392793812684499,84.0588689871368,6.90158709548918e-13,0,9,3.40455597264033e-146,4.92559738910812e-11,4.26899195548474e-145
SLC29A1,13,REML,-1.30596207008437,0.18938907587028,5.36164944534376e-12,92.6094044098262,0.410511613869599,112.087254889642,2.31098653078123e-18,0,9,3.2803515162172e-240,5.00163535427838e-11,1.66201059788842e-238
LY6E,13,REML,-1.44110408399275,0.209106128708684,5.51158695168893e-12,88.0676660086332,0.461044259230623,68.1989735681171,6.94747398894982e-10,0,10,4.02424446013149e-138,5.13264556276466e-11,4.45663083552677e-137
NEXMIF,7,REML,2.82538911441743,0.410040743099709,5.559341067118e-12,88.7468290734488,0.975201747461215,35.8400083307737,2.96118178960327e-06,7,0,6.54904469220121e-91,5.1741444730875e-11,3.68935585804928e-90
RNF125,13,REML,1.15748729653352,0.168132793211881,5.80464048625191e-12,86.347622434204,0.283905500403476,60.8006744856628,1.612398044417e-08,9,0,9.8385065379456e-128,5.38698547244432e-11,9.48345460759287e-127
TWNK,13,REML,-1.0432737600851,0.151692994476074,6.08973987975058e-12,91.9278521308386,0.253188986723919,118.475419242744,1.24390425731768e-19,0,7,1.02728160368742e-207,5.64188300973692e-11,3.3244144991186e-206
LEF1,13,REML,-1.46704345851285,0.213395420447714,6.2091946054852e-12,88.9379855778345,0.480883302806993,63.1761765877678,5.91449004833122e-09,0,9,1.73609793510304e-96,5.74926739798581e-11,1.05381339654907e-95
TRPM6,13,REML,2.88707558860734,0.420039561317428,6.27149341181703e-12,94.5046525210387,2.09559578438322,155.54214833241,4.24445414898278e-27,11,1,2.14737953625271e-296,5.80363713959986e-11,2.61770409182445e-294
CES3,13,REML,1.67585369405123,0.243879672414424,6.34672635289659e-12,91.2440915598608,0.661996450967344,131.803451857082,2.68070237486473e-22,11,0,4.92306171334153e-158,5.86321791222293e-11,7.45262367492122e-157
KLK10,11,REML,-3.27240984843919,0.476290481770787,6.39244636524602e-12,91.336483337788,2.16820689090708,66.2632029916996,2.32201242067785e-10,0,10,3.92807530506202e-180,5.90209185192106e-11,8.32495227725105e-179
AHNAK,13,REML,1.05223790580423,0.153154810512593,6.40130591143188e-12,91.4642571613895,0.261336145134327,88.7543493960743,8.5989448179739e-14,6,0,2.83066463832327e-157,5.90438330468185e-11,4.22203917029763e-156
AKR1B15,8,REML,2.18692308397195,0.318310880684657,6.40221171259526e-12,69.450933150842,0.498773362405452,27.0822014816214,0.000322114485540015,7,0,1.50210509452336e-50,5.90438330468185e-11,4.45221753153696e-50
TGFBR3L,7,REML,1.42879489264982,0.208173611108777,6.72041214098256e-12,71.8069184021781,0.198799197998228,19.0514918534645,0.00407754934078048,4,0,3.10401277433736e-53,6.17675975293369e-11,9.60590935490202e-53
DACT2,10,REML,1.4141873940239,0.206168823285276,6.91668763884427e-12,57.7803922862527,0.220773815768952,23.0988851411637,0.0059780138790936,5,0,3.68625196040846e-33,6.34636427213255e-11,7.95808296059951e-33
SEMA3E,9,REML,2.90639605986578,0.424064091433096,7.19781684576284e-12,87.5534293732548,1.31601574990846,63.2774508433888,1.0562596363512e-10,9,0,6.52233705099868e-104,6.57825279145169e-11,4.43196356277626e-103
DPP10,10,REML,2.31154804035267,0.337389372727527,7.31936434635823e-12,76.8132924357975,0.816860063989393,35.4679926562558,4.92560430807879e-05,8,0,8.12247675368672e-57,6.67804469034924e-11,2.6793431456261e-56
UNC5CL,13,REML,-1.438669239538,0.20999630236493,7.3373193581983e-12,88.8329377152935,0.459565835458696,60.535921933849,1.80231068016858e-08,0,10,4.10775147668259e-128,6.69066134727047e-11,3.97843337463888e-127
LRRC66,13,REML,1.23622555566126,0.180449985126575,7.34415502343598e-12,85.0908577858713,0.325915216088116,73.4093190260111,7.33462136105199e-11,10,0,6.50589815511265e-110,6.69237889462887e-11,4.80328446215124e-109
SVOPL,6,REML,2.06336549207963,0.301189185683368,7.34745847926934e-12,66.498611821659,0.345113799258909,13.8259197654685,0.0167538397198782,6,0,1.87551070466279e-36,6.69237889462887e-11,4.32295351929169e-36
FAM241B,13,REML,-1.0756408142662,0.15703873746933,7.40954155072426e-12,85.9683872997852,0.241191628281446,56.4355274279478,9.99226060127971e-08,0,7,3.19781932297072e-137,6.74513740381204e-11,3.4936822562887e-136
MT-ND6,13,REML,1.10956191523516,0.162017658764204,7.46799264930043e-12,80.1214720947219,0.23364374085559,68.8554575927451,5.24101644359497e-10,6,0,9.88626521272797e-89,6.794532257189e-11,5.37872543268318e-88
CPNE8,13,REML,1.37888293816919,0.201427729070022,7.61843285995329e-12,90.1522701916295,0.435384447982505,101.492407775019,2.83856610037398e-16,10,0,3.42286578062214e-163,6.92751833754474e-11,5.54949229012268e-162
ASCL2,10,REML,-2.47864802906014,0.362275270554594,7.81543738168298e-12,96.1385504528239,1.20879857503022,128.843529284791,2.05029938752441e-23,0,9,0,7.09203394243212e-11,0
SLC4A11,12,REML,-2.28136741559547,0.333442313146986,7.81685354661457e-12,89.6929568913287,1.14275023027209,67.2871251724648,3.99221886851822e-10,1,11,1.6072745255894e-134,7.09203394243212e-11,1.68012520202327e-133
EYA2,13,REML,1.85049893790515,0.270577256728206,7.97045352900186e-12,78.7418755131457,0.711730814424876,48.0454415449703,3.06926132013057e-06,11,0,9.10940634957599e-64,7.22330704671365e-11,3.34975743129226e-63
OTUD7A,13,REML,1.04468775687405,0.152884570924361,8.30527710398315e-12,82.283691521855,0.221757800927674,57.6480463679036,6.03587060956845e-08,6,0,4.86480821864528e-107,7.49740855717588e-11,3.45177836537838e-106
CCNO,11,REML,-2.20692235080043,0.322998852388374,8.3388531035364e-12,91.837081871181,0.985934716783838,80.3278295023849,4.32987113870253e-13,0,9,9.28696556538463e-169,7.51934512611989e-11,1.63662579034327e-167
SLC7A5,13,REML,-2.05011979115902,0.300157022623607,8.48213537761943e-12,94.7969579163093,1.08140679732317,197.642734143196,9.9955445967715e-36,0,11,1.89572130783496e-301,7.6315683061789e-11,2.45882636511425e-299
ITPKA,13,REML,1.40310694923657,0.205535769975134,8.69611217596535e-12,88.4419778368292,0.458412586526332,87.6529777477476,1.40328825801098e-13,10,0,1.46233672985522e-122,7.81108402819536e-11,1.29627476222759e-121
UNC93A,8,REML,-2.87598377163224,0.42144265629179,8.84534681528268e-12,80.9376849640863,1.05249284896927,27.2026367899904,0.00030641680933757,0,7,1.59825589536326e-67,7.94073133533655e-11,6.25604124372877e-67
MS4A2,13,REML,1.43059194234471,0.209759244215924,9.09381580049566e-12,81.2789590951762,0.418728270584036,55.901135866142,1.24698083777106e-07,9,0,7.18994770380359e-83,8.1457478217368e-11,3.58237929077344e-82
PCDH20,12,REML,1.24977488697508,0.183320348387313,9.26791613132635e-12,49.2506401388322,0.176806175846939,22.4029009285089,0.0214312505442009,8,0,7.67251135034146e-27,8.29711343109852e-11,1.44948061667544e-26
SPPL2A,13,REML,1.10454541332458,0.162095124338422,9.48027043758806e-12,94.3784586615149,0.306025952851417,137.93955929768,1.55987166969562e-23,8,0,2.1089932857621e-289,8.48253998921718e-11,2.2644442478186e-287
ANOS1,13,REML,-1.90418607409347,0.2798526141103,1.01579724700243e-11,93.1411170724107,0.892924660075228,124.100542837648,9.38188266594773e-21,0,10,6.73185079419205e-218,9.04399822386076e-11,2.50904590635025e-216
ADTRP,13,REML,2.18918874385376,0.321889250356568,1.03850723918064e-11,91.6042435789086,1.17510801936153,152.590457585104,1.68939404361658e-26,11,0,1.68450148114182e-180,9.23604929722202e-11,3.598263835804e-179
TNFAIP8L3,13,REML,1.16774175373105,0.171822485039514,1.07406913539106e-11,77.7395623631708,0.267592818898063,60.3952151081051,1.91211645239376e-08,7,0,5.23615731809455e-73,9.54185363950421e-11,2.21481394725455e-72
SRI,13,REML,1.05779432425948,0.155675381466211,1.0840857422123e-11,91.7856185526885,0.2709320824703,118.271046456273,1.36610295311452e-19,9,0,7.4499029245231e-188,9.61503399260833e-11,1.78676443957534e-186
IL1R2,13,REML,1.62489245460541,0.239283888474937,1.11631651949564e-11,89.8655667585655,0.629382508171585,108.537615046957,1.16425580424358e-17,11,0,1.77897641604485e-161,9.88467489381916e-11,2.80024705178011e-160
NFE2L3,13,REML,-1.80298099594358,0.265562367924791,1.12683588207555e-11,96.5172076206181,0.846326320731748,539.508014988424,8.53249367367288e-108,0,11,0,9.97237453935095e-11,0
CIMIP2C,11,REML,-1.8663975219846,0.274940039381412,1.13399479296264e-11,88.6066365355632,0.685763223585739,63.6167924805749,7.44788726357177e-10,0,10,9.71288815250167e-132,1.00302550890908e-10,9.76286767616302e-131
GDPD5,13,REML,-1.57511475606242,0.23216311069136,1.16474878312277e-11,91.5556338846598,0.604677826280766,115.204769437157,5.56294603781038e-19,0,10,5.36877290124607e-198,1.02910474227626e-10,1.48539104177308e-196
DNAI4,13,REML,1.7775034538707,0.262215403276193,1.21185562821096e-11,93.9767835049055,0.803287046575577,166.137615280177,2.93966244995296e-29,11,0,3.53114038969214e-273,1.06897798151166e-10,3.06151760096677e-271
GALNT6,13,REML,-1.35645218832438,0.200132197114456,1.22035704591661e-11,90.2350730071057,0.432303633524553,80.9954387391539,2.66468596024788e-12,0,10,3.51795916513714e-170,1.0758917229715e-10,6.38708532411742e-169
WNT2,12,REML,-4.52545598626665,0.667969240077112,1.24452148433249e-11,96.5442944970731,5.07102382714748,283.954696152102,2.08947038413289e-54,0,11,0,1.09422054368128e-10,0
HCAR2,10,REML,-2.19539240385447,0.324058363622659,1.24680082048939e-11,75.4271129818737,0.698805427057174,34.5627383387923,7.11454863580898e-05,0,7,2.18726874276409e-62,1.09563044458507e-10,7.85952751029127e-62
ETHE1,13,REML,1.21394254431171,0.17921284653856,1.25488739738488e-11,92.3889430253962,0.356889054887399,110.860139802794,4.04398974167973e-18,9,0,2.76310377741542e-242,1.10094639468621e-10,1.43583979305244e-240
FBXO2,10,REML,-1.13353653771004,0.167409382501589,1.27855097219364e-11,40.5470379209104,0.103354486273098,16.0487019266481,0.065871503298707,0,6,1.47150267846488e-19,1.11988908223531e-10,2.37151818349414e-19
FOXM1,13,REML,-1.16819558275292,0.172573375751428,1.29434795093845e-11,88.6869844165499,0.327560245613851,86.0239883178821,2.89164635684973e-13,0,8,2.36707705064193e-109,1.13189122592045e-10,1.73261490844504e-108
MT1X,13,REML,1.62141685938565,0.239536200492366,1.2968931829252e-11,88.9834748136723,0.617219425550317,92.0849948064286,1.94676353885826e-14,10,0,1.02481288212541e-138,1.13350561589037e-10,1.14746486587702e-137
VIT,10,REML,2.04883575349858,0.302728009815199,1.30656496030866e-11,90.0428255952239,0.76721573417784,69.6319560976831,1.79786867805775e-11,8,0,3.31978227309901e-173,1.14072900923448e-10,6.35461983397334e-172
GABRP,8,REML,-1.94564639327525,0.287538379287976,1.31878152497702e-11,68.4656152368043,0.400031524648748,20.5211945382062,0.004547371090988,0,7,6.50281990092869e-35,1.15077528872188e-10,1.44881433356818e-34
HRK,2,REML,3.58448731342916,0.530047156022179,1.35553986311263e-11,50.9436556617036,0.291839938785763,2.0384723188991,0.153363601480083,2,0,5.41214813360769e-22,1.1803097637296e-10,9.22198189071796e-22
NKD2,13,REML,-2.34832355745143,0.34733791433797,1.37119027612942e-11,91.9655245377746,1.36413981755666,98.5506822470017,1.0699688520457e-15,0,12,7.74700146983607e-159,1.19201651189739e-10,1.18492580028728e-157
CLEC4F,8,REML,1.83316247956465,0.271438521276674,1.44311610338231e-11,75.2818627096324,0.405645854757692,32.6519658782059,3.07353870799595e-05,7,0,1.20504035745848e-55,1.2525289820202e-10,3.90200106160863e-55
CNTN4,13,REML,1.60446801849021,0.237661596123192,1.4676750730691e-11,90.6948950533277,0.621773865195454,116.823919006285,2.65135553258244e-19,9,0,2.64457399669037e-157,1.27248213688071e-10,3.94811033225976e-156
TROAP,13,REML,-1.21879316249782,0.180611666427444,1.49750409240072e-11,88.9064449021408,0.34647614364231,62.2708546150356,8.67477003792528e-09,0,7,7.19332633270415e-108,1.29557277748628e-10,5.16041592177577e-107
CA7,11,REML,4.25094174233602,0.630492477906705,1.55945909139736e-11,97.3222467465865,4.17687473483951,207.158409655977,5.17528490030346e-39,9,0,0,1.34701706173816e-10,0
HIF3A,13,REML,1.66060750360393,0.246405149327419,1.59110250083339e-11,83.0673281872226,0.604389595112412,62.0973876248893,9.33430519563152e-09,9,0,2.98174532289453e-80,1.37215664074531e-10,1.41851634155191e-79
PRR19,12,REML,-1.04413095079488,0.154939263489067,1.59514021539819e-11,89.9606224761415,0.235496207561843,85.8968039151814,1.05674386936389e-13,0,7,6.38822248959479e-172,1.37482708213779e-10,1.20432850260233e-170
AFF3,13,REML,1.86273190254283,0.276488257277999,1.61567467173317e-11,93.6701121696927,0.887475425976748,139.96238753372,6.09501956152628e-24,11,0,2.4340898017625e-223,1.38965164205888e-10,9.64887480586196e-222
F12,11,REML,-1.19930421071182,0.178072503683869,1.64019240643995e-11,88.5286850726861,0.287529051631816,57.2295060421846,1.20695411912855e-08,0,7,6.62278252447854e-119,1.40999148916283e-10,5.56059933036616e-118
GGT6,13,REML,1.26948158661744,0.188505200562806,1.64534735277677e-11,88.2227437668059,0.381936740349348,71.8471136691284,1.44307776878893e-10,10,0,8.32014696350378e-120,1.41292460967001e-10,7.09224725127691e-119
PDE7B,12,REML,1.46156986609661,0.217131470118294,1.68192179115526e-11,91.3942689825269,0.473136476174721,111.139020554006,1.08475639699559e-18,9,0,1.70794494864412e-176,1.44280412698414e-10,3.41863104350211e-175
SPMIP4,13,REML,1.09987108187177,0.163441184638778,1.70292692673e-11,88.2834213368369,0.28383358456999,75.9395842072867,2.44001667729893e-11,8,0,1.12328854517747e-123,1.45927876654722e-10,1.007294091978e-122
ADAMTS12,13,REML,-2.2863960261053,0.340029181811265,1.76660355779635e-11,96.1053584965592,1.37452953539592,215.768309607937,1.78863647626029e-39,0,10,0,1.51144820488403e-10,0
ZNF229,8,REML,1.08432714452364,0.161487451943158,1.88554788727743e-11,64.9443544873296,0.117758282017034,24.8447807627694,0.000808399855093937,4,0,2.18660988705701e-35,1.61066321898994e-10,4.91903789355562e-35
GRIA3,11,REML,1.5694318680996,0.233756980917005,1.89429763653277e-11,85.0116934092665,0.461725110103088,70.3337963782,3.82214281713871e-11,7,0,9.94198767524063e-116,1.6172852859982e-10,7.95997265079883e-115
P3H2,13,REML,1.11969013949623,0.166912439831646,1.96974168468632e-11,74.182090764595,0.245131476030798,49.1297267269767,1.98520193001372e-06,7,0,2.94013994580201e-49,1.67992750835452e-10,8.51223016808713e-49
SHROOM4,13,REML,-1.17416280700444,0.175062564459476,1.985249305302e-11,91.1428254133918,0.327614311039017,105.785194857579,4.06491535644784e-17,0,8,3.53398616283046e-225,1.69226324852057e-10,1.42884083935088e-223
GPR143,12,REML,-1.95805396494469,0.292178513457175,2.06195882266486e-11,80.989148369141,0.767672137304002,46.5938251818696,2.53850130793919e-06,0,11,2.03340652308649e-55,1.75396318949976e-10,6.56463957761873e-55
SSBP2,13,REML,1.24670286566957,0.186081211019159,2.087359313969e-11,92.3893079441274,0.393915243399275,113.470346750602,1.22912514638185e-18,10,0,2.3198068179065e-205,1.77463851900259e-10,7.17767708754162e-204
DHDH,3,REML,-1.3807371750649,0.206234063989024,2.15670798006228e-11,42.2316378144287,0.055756476280756,3.5914112343842,0.166010271307717,0,2,2.42704013027653e-25,1.82975962745943e-10,4.44477596658459e-25
ADCY5,13,REML,2.04468127692919,0.305492358925522,2.18538812236388e-11,94.9586385806679,1.1216664794708,187.588467959381,1.17734454116241e-33,10,0,3.43139514815357e-237,1.85312226087268e-10,1.64595294488207e-235
TNFSF9,11,REML,-1.72333014330594,0.257552197638185,2.21366232019337e-11,77.7878579955747,0.520266000161608,41.5842619435373,8.88957418651896e-06,0,8,4.33574258726378e-72,1.87513621720455e-10,1.81360667098317e-71
BYSL,13,REML,-1.16007780499718,0.173511027786215,2.29505881516601e-11,94.4232566407792,0.349143953645976,195.686955930598,2.53005380013668e-35,0,7,1.33887050955171e-276,1.93498640511111e-10,1.23335838473647e-274
DSC3,10,REML,-3.04792577479981,0.456288168306059,2.39225381890107e-11,80.1745413126829,1.49657866846012,50.2181789972652,9.80109152913384e-08,0,8,3.66382468426403e-64,2.00857644566769e-10,1.35744034748567e-63
RPP40,13,REML,-1.11217637819142,0.16651517504852,2.40366086696492e-11,90.4574109012298,0.296513860917176,94.3048308673437,7.20817752191386e-15,0,9,4.08956549560186e-198,2.01606588908961e-10,1.13534461267454e-196
ITGBL1,10,REML,-1.85760119863669,0.278225183757345,2.44531615704359e-11,85.9058631882801,0.596322664475261,58.9506773589489,2.13455686937256e-09,0,9,4.01142531053064e-85,2.04782597387127e-10,2.07323042906067e-84
EPOP,12,REML,-2.49497278110654,0.373728035922896,2.45711475029066e-11,95.2312275029505,1.5509191449185,158.72930197886,2.43694910437316e-28,0,10,0,2.05558314997227e-10,0
PYY,10,REML,4.64099727362367,0.695499330409618,2.50797807553333e-11,95.1232372389435,4.44142016307683,163.344469998442,1.49828672275424e-30,9,0,2.73694782224377e-296,2.09597157415577e-10,3.31150261507748e-294
PLPP1,13,REML,1.06496464431748,0.15981158780776,2.66698057961641e-11,93.7752809572802,0.293796195914416,138.049375558404,1.482328631267e-23,7,0,8.44691294706175e-234,2.21515144146111e-10,3.80416110029756e-232
TMEM63C,13,REML,1.06461334529223,0.15982134687737,2.71469050409624e-11,65.3705634611301,0.195273731865186,35.3225681730128,0.000415992121281085,6,0,3.05931714920355e-34,2.25362402165449e-10,6.72734422081067e-34
SLCO1C1,10,REML,1.60822160718677,0.241659959779875,2.83502779935362e-11,91.4666665678546,0.512882438890185,96.6854048628494,7.35296950900661e-17,8,0,1.35741723650508e-185,2.34631473766821e-10,3.13948725470142e-184
FERMT1,13,REML,-1.27280285102494,0.191397373149043,2.92985671399141e-11,91.751901345594,0.417372007580827,93.6758857054583,9.55426986391164e-15,0,9,5.40714391799751e-134,2.41985567518812e-10,5.61242153281009e-133
WDR62,13,REML,-1.11259000449898,0.167321093482033,2.94228974542734e-11,88.2556731295256,0.291032392180747,86.6549990271707,2.18574728896485e-13,0,7,1.70383702213281e-135,2.42765107595997e-10,1.81978324373118e-134
CORO2B,11,REML,1.6497511461399,0.248365487411986,3.08546627036767e-11,88.5528226009269,0.551474286524678,76.8034636250394,2.11798641933376e-12,8,0,1.58725823023144e-124,2.5390900885984e-10,1.44493080779013e-123
UGP2,13,REML,1.34623003333709,0.202673089574979,3.08674925345553e-11,96.5624876625729,0.497641892137623,258.339011425883,2.48898173783806e-48,9,0,0,2.5390900885984e-10,0
SMPDL3A,13,REML,1.79593281918644,0.270591439443409,3.19991791300344e-11,95.1897210339502,0.868813660381649,198.210085950958,7.63426544853309e-36,10,0,1.11293380061558e-308,2.62419166026934e-10,1.16998760239423e-308
KIF6,4,REML,1.47337886965243,0.222134009258533,3.29293442660351e-11,54.2755030782763,0.103720471096434,6.24415131177221,0.100317442056903,3,0,2.53411713168549e-29,2.69366023504151e-10,5.05234149729672e-29
WNT5A,13,REML,-1.13879734692157,0.171757924792939,3.35127181671168e-11,85.4406932441247,0.297298936814899,62.3284097010062,8.46633671735085e-09,0,8,7.64794998541062e-104,2.73861743771908e-10,5.19464654853215e-103
KIF26B,12,REML,-2.37855018757292,0.358813677986114,3.38132487993912e-11,94.6883696059088,1.39179356310708,155.271359951012,1.24522814724559e-27,0,10,2.5440630242669e-255,2.75975083247298e-10,1.64987575249757e-253
SERPINE2,13,REML,-1.24853028669134,0.188413601610831,3.43646149041873e-11,85.8057059242852,0.360556062380269,59.6614699760412,2.6018059761449e-08,0,8,3.98878067498988e-89,2.80117396401e-10,2.17891176157719e-88
FKBP10,13,REML,-1.41673664941122,0.214074825181538,3.64212319839672e-11,89.7518174322134,0.495902299132727,122.84373076202,1.67292063399267e-20,0,10,1.13433439983551e-161,2.96137128463421e-10,1.79599254145831e-160
SH2D1B,8,REML,1.31819784752505,0.199263282569543,3.70654926347894e-11,72.7890431000276,0.210336693361918,26.8729547404294,0.000351289224496383,6,0,5.29898739775449e-59,3.01073563170261e-10,1.8144135729629e-58
LRRC7,7,REML,2.4839704144343,0.375522524212983,3.72295448641113e-11,92.1074995267962,0.843774601016153,58.2166283640223,1.03571788504293e-10,7,0,6.0003956135252e-207,3.02103408849768e-10,1.93024631115246e-205
C1QTNF7,12,REML,1.80949601850494,0.273600460803344,3.74973141432234e-11,92.2298298490958,0.761534966067706,153.571833272466,2.77379885423622e-27,10,0,1.11931486546201e-200,3.04115523770366e-10,3.22908397041557e-199
CHGA,13,REML,3.62851738063485,0.548712753616114,3.77165731282714e-11,92.9609155712628,3.39500344791128,90.5791528760526,3.81360100345303e-14,11,0,8.75348554672485e-209,3.05443956108224e-10,2.89043301769959e-207
RAD51AP1,13,REML,-1.18749669541657,0.179632345906901,3.82490463029277e-11,88.9696655916141,0.348235207160699,90.7939098837465,3.46515567505499e-14,0,8,5.66407989663235e-112,3.09601491617258e-10,4.30730428537056e-111
HTR1D,13,REML,-2.77529744542971,0.419857661705391,3.84083266099384e-11,90.2799610403725,1.96061625894591,122.909634333952,1.62296562012258e-20,0,10,2.24294414268667e-177,3.10580648043357e-10,4.52862433192764e-176
HDAC9,13,REML,1.18856233951385,0.179848347554594,3.87730385540467e-11,86.2472977019711,0.326096791482533,61.5471570598759,1.17739534399729e-08,9,0,3.43381577469392e-115,3.13373516488913e-10,2.73574718206941e-114
LGALS4,13,REML,1.29917661583334,0.196590088099895,3.88086608338019e-11,93.0504831248989,0.432610979416256,136.199629748444,3.49755940408493e-23,9,0,1.70204950668668e-278,3.13505141055521e-10,1.59510570242261e-276
AKR1C2,13,REML,1.06622986049316,0.161349106236898,3.88977002208244e-11,73.4800465675053,0.222522238706822,43.8404053818584,1.6257617312524e-05,8,0,2.6385221401894e-42,3.14067935099714e-10,6.76230784996691e-42
ALKAL2,13,REML,1.65363372407004,0.250374162449955,3.98457455999733e-11,89.1266750165278,0.636651806387374,115.241292723025,5.47078511147956e-19,10,0,2.91457060268809e-137,3.21402524085755e-10,3.18852450616613e-136
C2,13,REML,-1.44107091704021,0.218237519250646,4.02314770650458e-11,90.1050247920021,0.525163926394346,83.8893773755327,7.43845284159491e-13,0,11,7.29403497894977e-145,3.24191320902379e-10,8.9589537207358e-144
RAD54B,13,REML,-1.37980914971738,0.209049757979928,4.10087914924102e-11,93.7980896866998,0.505674345239679,190.808034996306,2.56054862036033e-34,0,9,3.22019553430759e-241,3.29963045392778e-10,1.66270796808054e-239
FGF9,11,REML,1.79623098359996,0.272148208465792,4.10619982664964e-11,83.8701597266424,0.635407602562106,54.1375671737227,4.57421745477321e-08,9,0,1.95085370997725e-88,3.30227270781104e-10,1.05783248160071e-87
CDT1,13,REML,-1.06383019874412,0.161193957600473,4.12017563838662e-11,88.8060431936331,0.276361224473281,115.342585553625,5.22308604964162e-19,0,7,1.29914565196158e-149,3.31186949058811e-10,1.72931432309139e-148
TEDC2,13,REML,-1.31070047720978,0.198720375425764,4.23246890734841e-11,90.5545337014223,0.430536497271113,84.8604808132089,4.84136818096429e-13,0,9,3.96544050127813e-163,3.39708011855642e-10,6.41633601269684e-162
CHODL,7,REML,1.46579437446588,0.222288821708613,4.27847740178598e-11,84.2102120762398,0.281176057328104,43.4474967510583,9.51187519750519e-08,6,0,6.75554922418953e-83,3.4289151811743e-10,3.36801105694295e-82
B4GALNT2,12,REML,3.69649856438194,0.560944069724948,4.40475860628772e-11,91.532680154266,3.28748273279736,86.0967536667064,9.66014007798204e-14,10,0,1.75512816171277e-126,3.52489394292907e-10,1.64294993567258e-125
SP5,13,REML,-2.10107696917693,0.318872616448008,4.42562255745098e-11,88.1439851979987,1.08874472010865,94.1601357949517,7.69106662282446e-15,0,12,1.64741146932078e-119,3.53984304508893e-10,1.39547973626425e-118
CST1,11,REML,-5.47081657173519,0.830827211118964,4.55551434908952e-11,94.6628255240551,6.6782546444674,98.2360023543022,1.22786655633765e-16,0,10,2.45841301426404e-216,3.64194053953592e-10,8.99734767500292e-215
SPIB,13,REML,3.45512279345693,0.525344355174671,4.80446710351528e-11,96.5498287454223,3.40050935763553,247.723964671686,4.08016240522961e-46,12,0,0,3.83152115835186e-10,0
E2F1,13,REML,-1.2343849577655,0.187725452604359,4.84964644752183e-11,91.7158265341301,0.392822415116595,114.646071517118,7.1822659009698e-19,0,8,2.72692255378443e-210,3.86185254684044e-10,9.1725301586114e-209
ADAM12,12,REML,-1.87235011177074,0.28501822408731,5.05762983731702e-11,91.865674622614,0.813229747584425,83.2058813023618,3.52898940922324e-13,0,9,9.22950373349046e-201,4.01354001898832e-10,2.66734303085706e-199
NAT8B,10,REML,1.50657660628123,0.229369201673267,5.08767243156852e-11,67.7378748487827,0.316227572767338,35.3362613903975,5.19699054618974e-05,6,0,6.70811153035133e-33,4.02962545837911e-10,1.44070224190735e-32
POGLUT2,13,REML,-1.10443709302776,0.168326413600339,5.33470696675674e-11,91.2359884880624,0.301100245789188,82.4655362156602,1.39460703909118e-12,0,8,1.69661914575764e-190,4.21293736249522e-10,4.22538958681545e-189
C1QTNF2,11,REML,1.14631002290869,0.174857474825371,5.53881020876118e-11,83.0620181215827,0.232243899719484,60.1206993003906,3.43860391912719e-09,6,0,4.17309711218399e-112,4.36739994747876e-10,3.17794379895909e-111
CLCNKB,2,REML,3.21104225948799,0.49007079390782,5.6695225269065e-11,0,0,0.0528115003729748,0.818241334016686,2,0,3.75798816157757e-10,4.4603727816404e-10,4.77606506730871e-10
BTNL8,12,REML,2.09617774317195,0.32008448641851,5.799098457798e-11,89.0496141983218,1.01453390879396,78.3616168702347,3.05789590959786e-12,10,0,1.01935244970415e-132,4.55527050854065e-10,1.04138382275068e-131
FCRL2,11,REML,1.6970207447597,0.259198338871567,5.86297954271658e-11,85.9317609386764,0.596657272657744,66.0389232104411,2.56368666985829e-10,9,0,4.48424886137033e-108,4.60321972523312e-10,3.22694748288491e-107
NECTIN4,12,REML,-1.46173429396272,0.223287049296572,5.89265325359466e-11,89.75597456015,0.500843258027365,58.7376245685228,1.58950162879288e-08,1,11,1.19887953736547e-114,4.62204098696324e-10,9.45400483429294e-114
CASP7,13,REML,1.00161129646826,0.153016068880299,5.91810651619718e-11,92.1682178011488,0.258715239271512,81.2915478990955,2.3391663947074e-12,7,0,1.44326768792989e-166,4.63976116765498e-10,2.46572170963197e-165
AQP9,10,REML,-2.73457805141229,0.417793168859256,5.93794727840436e-11,91.2821135732434,1.50497838977307,73.8879741651565,2.61902277399741e-12,0,8,5.8645611975358e-174,4.65306617809424e-10,1.13445461694019e-172
S100P,13,REML,-1.91486070734562,0.292589707969896,5.96847134948316e-11,87.6067999445258,0.921530606956151,71.8998413400393,1.41053888931445e-10,1,11,4.88189744847643e-119,4.67472589319664e-10,4.10743141318881e-118
HAPLN3,13,REML,-1.33961344842622,0.205181649702734,6.62480515844307e-11,91.9685983275747,0.454080363846308,121.962626088156,2.50865878920063e-20,0,9,4.83297212893305e-149,5.15888405541967e-10,6.36531089572636e-148
CCL14,11,REML,1.8223556439358,0.279199060502034,6.70625642689499e-11,93.6872716631623,0.776753262511223,138.661177746749,7.9251997154965e-25,9,0,1.56635068096251e-210,5.21649289463266e-10,5.31281246662035e-209
HAGHL,13,REML,-1.49775612235483,0.229561075780128,6.82587299004318e-11,88.1279970949669,0.553477108384627,63.3122762221302,5.58309206316899e-09,0,10,3.33829420520167e-115,5.30272538512554e-10,2.66095201322196e-114
PRIMA1,11,REML,3.1760259346684,0.486841806289058,6.85787651117378e-11,95.7922520570395,2.39458246845172,180.818892141481,1.58396606009197e-33,10,0,1.02424725202229e-287,5.32503600937071e-10,1.07136262561532e-285
SHD,11,REML,1.07591470171363,0.164948437348641,6.90374559617865e-11,85.4163105276084,0.235988518839992,51.1098061752015,1.66680812845904e-07,7,0,2.73222402157594e-101,5.35552283975333e-10,1.78475213786506e-100
SULF1,13,REML,-1.8320402928686,0.280989828111548,7.0329725413949e-11,96.3928045848153,0.935014642840573,253.786129405019,2.22006449919087e-47,0,11,0,5.44794953720188e-10,0
SRPX2,13,REML,-1.08653981419964,0.166666526623906,7.06624561099316e-11,83.9887410388125,0.267384856279489,72.6750824755511,1.00840201735109e-10,0,9,2.03714777687632e-77,5.47110984197861e-10,9.22319935953527e-77
TEAD4,13,REML,-1.62678456686459,0.249543696880752,7.07602492933477e-11,95.7835164217551,0.744109687622087,218.597960553009,4.63549013280981e-40,0,9,0,5.47606645247277e-10,0
PAPSS2,13,REML,1.21941497299827,0.187060109079708,7.08530509741275e-11,91.4978511946251,0.387693304574922,106.67914402796,2.70920930937793e-17,9,0,4.83056462396409e-163,5.48063223016951e-10,7.80059205660656e-162
KRT23,13,REML,-4.34796171988011,0.667030397264885,7.1067835200839e-11,93.9115575549937,5.17791512649569,111.780329811382,2.65829530042533e-18,0,11,5.43461190555376e-200,5.49462475971008e-10,1.54853010236807e-198
HHIP,13,REML,1.26081565900491,0.193430253211341,7.11595533194318e-11,82.9015903294514,0.361433397620471,73.5347367350836,6.94610216772568e-11,9,0,1.32188837786603e-84,5.49909360327907e-10,6.78220768048795e-84
HCAR3,10,REML,-2.39735057403482,0.367839292087805,7.15432563188574e-11,77.5034128481927,0.949412072277455,39.2971868823843,1.01823875242211e-05,0,7,8.79306923167754e-61,5.52611155168001e-10,3.08308891551012e-60
BUB1,13,REML,-1.27516575383389,0.195730361995719,7.27331028531062e-11,91.8247197072375,0.420389413714922,92.6876021326776,1.48694871768853e-14,0,8,3.41397961732503e-202,5.61534188836862e-10,1.00091955760743e-200
SAXO5,9,REML,-1.37497944799375,0.211096970489583,7.34211559570315e-11,82.5973125931944,0.29493564029038,42.9591694141521,8.94118630398434e-07,0,7,1.0611011025639e-78,5.66576488115827e-10,4.92376421747809e-78
TINAG,13,REML,1.244703754019,0.191181265777753,7.48538125116943e-11,83.2844082586423,0.350508899827847,50.3304226466358,1.22220911597384e-06,9,0,2.85031569022315e-86,5.77082673443699e-10,1.49312336948588e-85
CA2,13,REML,3.15166430126498,0.484135593424585,7.52111892755545e-11,95.8495304370155,2.83333385614036,228.571750049477,3.94736047182236e-42,12,1,0,5.79562267929927e-10,0
CRABP1,8,REML,1.59846417662332,0.245625765280626,7.62989887548507e-11,45.0941119309041,0.198033086111059,12.5187140184939,0.0847399757138705,5,0,1.15064424319438e-22,5.87386279526303e-10,1.99288485363855e-22
PKP1,11,REML,-3.02812090545968,0.465354532613562,7.66018014300493e-11,92.5315914543565,2.10604719012255,70.595365136156,3.40222814971421e-11,0,9,5.12541597584828e-169,5.89437592114566e-10,9.07187436860569e-168
TMEM72,10,REML,3.01642373826864,0.463793711634094,7.83135379965484e-11,94.7854473701391,1.95042161861364,145.201759102236,8.68241013902514e-27,9,0,1.01591068122368e-287,6.01182477053996e-10,1.06954284900517e-285
BTNL3,12,REML,1.89819633123901,0.291872784747447,7.84694257096192e-11,87.7039131842821,0.817689231810895,74.9463365164214,1.38794495092321e-11,10,0,1.1383431991369e-116,6.0209408378138e-10,9.20037800977398e-116
ORM1,4,REML,-2.81714737211213,0.433359133101947,7.99352816790863e-11,6.12463868041106e-05,6.44378730733358e-07,3.86488060016505,0.276429088662142,0,3,1.52900681029927e-09,6.13051429452709e-10,1.91323511734059e-09
TFR2,11,REML,-1.81810312377615,0.280077509631921,8.50262711921281e-11,83.7152350524924,0.646700185801723,39.7722425921326,1.85830118443666e-05,0,9,2.85006687419371e-87,6.49025863859686e-10,1.52000441550337e-86
ZNF540,10,REML,1.28668572230602,0.19840670341654,8.86776653428006e-11,89.5182490247113,0.318546458582556,66.3661165650171,7.81890692946399e-11,7,0,1.15291116053982e-150,6.74991074273627e-10,1.55508724174976e-149
PTTG1,13,REML,-1.25233410742246,0.193267738340652,9.18511566786008e-11,91.1888486115241,0.412664759919654,81.5688883800322,2.07032291688549e-12,0,9,1.41058153294668e-157,6.98163527065239e-10,2.11365604377676e-156
CENPF,13,REML,-1.31567816749968,0.203112499592709,9.32032234627724e-11,91.816088345274,0.467050424497532,117.537558367956,1.91201069258689e-19,0,9,7.76432923832179e-191,7.07776984544229e-10,1.95470605498309e-189
BMP7,13,REML,-1.86089615386545,0.287311324020367,9.36058220450214e-11,87.3145295851588,0.871956041765615,85.0910648889168,4.37160859315957e-13,0,11,7.84994912575893e-123,7.10501494764013e-10,6.98141663060502e-122
COL4A5,13,REML,1.14307624325047,0.176913249471559,1.03859018827632e-10,78.3275123100014,0.284816476114532,54.0520641635152,2.67476905803317e-07,9,0,2.0288814553186e-63,7.83922845555121e-10,7.41696844082987e-63
PLAC9,13,REML,1.83299194221959,0.283703214609991,1.04048526269744e-10,94.917470847283,0.92564240235328,226.715719165075,9.58945281519748e-42,11,0,1.89468460117793e-269,7.84987787999703e-10,1.53592607194489e-267
PRDX6,13,REML,1.07652457649043,0.166740689888668,1.07308009063786e-10,93.9926256893957,0.316624368366494,120.064989822213,5.99855943137089e-20,9,0,5.11025172138345e-258,8.08450163081398e-10,3.46663226605815e-256
CA9,12,REML,-3.31478362192459,0.514083568643307,1.13375369329948e-10,91.6288994160842,2.76098899780641,83.5419157329762,3.03639373015973e-13,0,10,7.88875940800165e-175,8.51786312764801e-10,1.53911499737582e-173
TNFRSF11B,13,REML,-1.35274816973656,0.209806415156809,1.13634024515218e-10,85.9294763945362,0.445287812758616,57.37082109711,6.77443325666217e-08,0,10,9.35904912477277e-92,8.52939092345016e-10,5.33163258819188e-91
CGREF1,13,REML,-2.0389430425603,0.316341542108961,1.15307301712443e-10,93.8288270697691,1.17830137783736,121.496695938772,3.1077698687738e-20,0,11,3.23182407830312e-250,8.64698095589196e-10,1.95513297692271e-248
EDN3,13,REML,2.24810689504049,0.348864535612092,1.16312700321865e-10,91.5459712891301,1.38475362129059,85.2420453770923,4.08892371169633e-13,11,1,1.25943907917402e-168,8.71834401441699e-10,2.21467307924604e-167
RHEX,8,REML,1.67997608407805,0.260908483286328,1.2030462464097e-10,89.5085156888043,0.476598473598794,81.4779528738435,6.87917656592377e-15,7,0,7.20779870028461e-133,8.9834216229657e-10,7.38218827086004e-132
FADS1,13,REML,-1.2542685288948,0.194861916446326,1.22095489441271e-10,86.1438299776494,0.390803056239008,65.4935759777643,2.20936669910532e-09,0,9,1.33755994827059e-91,9.10549296371356e-10,7.61709147921004e-91
HOXB8,13,REML,-1.58078988876805,0.245647707224107,1.23318245993303e-10,85.2560533748036,0.597994463197996,44.6833220163809,1.16749154999373e-05,0,11,6.10568405119881e-66,9.19245389558354e-10,2.32483455899686e-65
SLCO4C1,11,REML,2.00050871396425,0.311107516922293,1.27368375706634e-10,87.2396913300897,0.884343467545548,75.4934083896162,3.81360671614546e-12,9,0,1.64990827391304e-99,9.46390227008096e-10,1.05231954543478e-98
ADAMTS6,13,REML,-1.48847299105604,0.231522712621431,1.28396974917414e-10,91.3674610496441,0.58864771159779,74.1425377052072,5.33469781935651e-11,0,11,2.24854022258515e-154,9.52851854969726e-10,3.21477800959197e-153
TDP2,13,REML,1.3182138250702,0.205040613472202,1.28414315864359e-10,94.1636364635493,0.495178072212931,156.377433180121,2.87023256967211e-27,9,0,3.00982712211244e-264,9.52851854969726e-10,2.25918181161153e-262
PROX1,13,REML,-1.20036416754426,0.186757164784551,1.29799599125772e-10,87.1371822208175,0.362886326845658,124.483311710666,7.86587860684134e-21,0,9,8.43274306422166e-88,9.62690256462099e-10,4.53767219715319e-87
TMSB15A,3,REML,-1.10958217337987,0.172741277507393,1.33284737732019e-10,38.5797519790711,0.035837484772997,3.02246666100619,0.220637690889612,0,2,4.51678061120028e-17,9.86282726083628e-10,6.86257745753821e-17
SMIM14,13,REML,1.12425108917185,0.175079890432667,1.35061768713471e-10,93.8789532720101,0.360755508617635,121.986818595092,2.48091302758699e-20,9,0,7.34352081206641e-234,9.98520955837441e-10,3.31644854947167e-232
JPH1,13,REML,-1.08232681840596,0.168591911847793,1.36451036939582e-10,89.8031989652607,0.301430357222141,98.8009566818713,9.55903100080434e-16,0,8,5.79435573128844e-140,1.00787273890727e-09,6.6018193584947e-139
STAR,6,REML,1.28676648082474,0.200556818073794,1.39929218810999e-10,75.1223885101779,0.150433844951453,16.6053847453794,0.00531231495856014,4,0,1.80935114606778e-65,1.03215305940979e-09,6.84917350716715e-65
SSPN,13,REML,1.0173677144139,0.15861396200862,1.41646064154444e-10,88.7955276815138,0.260720724558966,62.9196140428655,6.5932524513957e-09,8,0,1.99399213354315e-135,1.04386710824364e-09,2.12548287055457e-134
ABCA6,13,REML,1.77252436853715,0.276360913585425,1.41933893640192e-10,94.4795189228262,0.885502597119117,208.11856230317,6.85520149058687e-38,10,0,4.61907783423582e-286,1.0455130475186e-09,4.73981702066236e-284
SPNS2,13,REML,-1.19026624153187,0.185590101239959,1.42295959591785e-10,86.3831069081806,0.366446333561401,63.2353930974947,5.76796391168792e-09,0,10,9.17530195015216e-97,1.04722850334163e-09,5.59876441542405e-96
BACH2,13,REML,1.10947395826081,0.173067961949649,1.44923422369644e-10,76.7259777821069,0.250954463647037,54.1944200179576,2.52261598005989e-07,7,0,7.04441549704515e-79,1.06366837794434e-09,3.28287175779227e-78
ONECUT2,10,REML,-1.85941479567147,0.290129373571215,1.46557871601698e-10,81.6759302296808,0.634974185423177,41.7883919040476,3.59255044017245e-06,0,8,3.64556424714157e-76,1.07517772501282e-09,1.6179998121792e-75
SNAP91,2,REML,3.37844506701268,0.527181862888605,1.46958099414591e-10,16.2979829050244,0.122646637329513,1.19471433868232,0.274380676766915,2,0,3.21586816176041e-13,1.07762626223825e-09,4.44832953729387e-13
XKR4,7,REML,3.08380901406147,0.48124273112223,1.47429673322319e-10,89.9409946792451,1.44042823164557,62.9252544754636,1.14315167429086e-11,7,0,1.56871033094644e-121,1.08010722710111e-09,1.36665774291427e-120
CXCL3,13,REML,-2.03342384752875,0.317366259036461,1.48232407990474e-10,90.5321502893074,1.13490744687704,103.863764959834,9.71144025438466e-17,0,11,3.07129028795979e-147,1.08549775553277e-09,3.94258348683231e-146
CYBRD1,13,REML,1.09818086227682,0.171418944563003,1.48981306309914e-10,88.1067876038818,0.304190995414036,96.0741489647196,3.25899919060418e-15,8,0,2.8098570289469e-121,1.09048935404182e-09,2.44138328029561e-120
CCDC113,13,REML,-1.27857656586282,0.199588383527674,1.49321324091918e-10,91.1906602055158,0.432264479397957,102.538791107097,1.7688480297483e-16,0,9,1.37999371664833e-177,1.09248494020861e-09,2.79323821822964e-176
LIFR,11,REML,2.07410252447159,0.323832245514635,1.50500329345054e-10,95.4789978896738,1.06850812490504,205.970176669263,9.16350198667155e-39,9,0,1.30935047513688e-302,1.1001180521512e-09,1.75442142590035e-300
HMCN2,11,REML,1.75595163939389,0.274320592234486,1.54268504133533e-10,90.6636412094822,0.716545839020303,86.4899078638278,2.65197207015564e-14,9,0,2.53852911498035e-104,1.12715423952995e-09,1.73732260621259e-103
ZBTB16,13,REML,2.26366219804616,0.353702666429398,1.55477298449556e-10,91.5932325587771,1.42883699483017,115.231689639615,5.49486829203023e-19,10,0,3.58097685503244e-122,1.13496327769592e-09,3.15460006498799e-121
PRSS12,13,REML,1.09855235271706,0.171805637912336,1.61434690466041e-10,88.560097636544,0.314933673749471,100.067127274025,5.40169412464213e-16,8,0,2.08767101118092e-122,1.17633287034873e-09,1.84454550976982e-121
GCG,11,REML,4.31481716362519,0.675633057410492,1.69911661593609e-10,93.1336308808954,4.33314550763316,106.623239524501,2.55459509091514e-18,9,0,2.37392286061842e-194,1.23699046673426e-09,6.22789827495251e-193
SLIT3,13,REML,1.72664670198393,0.27038973997225,1.70537107094715e-10,95.1305985458245,0.862868718622149,221.492603490575,1.16367259707325e-40,11,0,3.25981203209901e-285,1.24098658766904e-09,3.28269145816281e-283
TNFRSF17,12,REML,1.8631516457773,0.292123234065921,1.79456979183026e-10,90.6941928564084,0.867764748146554,110.593059132367,1.39458020475517e-18,8,0,3.52958938050548e-136,1.3012236151585e-09,3.80234103828141e-135
ZC3H12C,13,REML,1.06765926782217,0.167544749072012,1.86113704475574e-10,83.4299137705854,0.275816921133295,87.0973830766762,1.79606775843303e-13,6,0,1.01421958706535e-82,1.34647991551204e-09,5.02765523162878e-82
CXCL1,13,REML,-2.09921463812889,0.329464653632716,1.87074954043264e-10,91.8323489710597,1.24314519408765,110.123148173663,5.6576773798185e-18,0,11,1.75559718675917e-171,1.35283061101848e-09,3.27166634355475e-170
PDZD4,13,REML,1.95939803668787,0.307552502304607,1.87875136446208e-10,95.3970328173514,1.08474582689868,202.126775327074,1.18664857154516e-36,11,0,1.04142819939337e-292,1.35619750098057e-09,1.18074653124229e-290
CCDC152,13,REML,1.60118964241587,0.251410088357811,1.90468029455239e-10,89.6209115083637,0.700783879872114,92.7260692717536,1.46158229768032e-14,11,0,3.4261621094327e-128,1.37260091740547e-09,3.32227071054021e-127
EGFL6,9,REML,-2.91703964370392,0.458018748197047,1.9048615704449e-10,92.7025484068438,1.62476448758877,62.716910537526,1.36231050462986e-10,0,8,6.47510272390477e-167,1.37260091740547e-09,1.10973404294575e-165
VIP,11,REML,2.28165160235638,0.358638775387009,1.99173410039188e-10,87.962494525317,1.02632893122717,64.7003939706852,4.62490855509676e-10,8,0,2.04705445141443e-109,1.43265239439457e-09,1.49904669470561e-108
MMP11,13,REML,-2.94014835608301,0.462267484718123,2.0139277576111e-10,96.8193694964211,2.61609019704255,427.196152485534,6.5249501940762e-84,0,12,0,1.44797386847667e-09,0
TUBB3,13,REML,-1.92050757181261,0.302051272257085,2.04108832944559e-10,94.0916151576239,1.07411108336588,182.151271776832,1.54319084284083e-32,0,10,6.08850939941933e-230,1.46490327956182e-09,2.60456472012627e-228
CFB,13,REML,-1.3533301607001,0.21301700287911,2.10942172724141e-10,86.8414365295068,0.470989939173344,61.2646860315576,1.3262589516692e-08,0,10,2.99889864234318e-88,1.51060311235711e-09,1.62232711672706e-87
CLCA4,13,REML,4.13727299813799,0.651332703970022,2.12517066150511e-10,93.6879723075998,4.89676983713803,122.310995341709,2.13737842904732e-20,12,0,5.16074509648785e-187,1.51986731076235e-09,1.21792081876794e-185
ECT2,13,REML,-1.46235954491589,0.230364497002108,2.18096900884992e-10,95.4513910621168,0.633399903139954,189.881278347216,3.97299221896578e-34,0,10,1.1125369292536e-308,1.55702556320933e-09,1.11253692925364e-308
PRR36,11,REML,-2.20456259167631,0.347322592302565,2.19118773323569e-10,87.1540638892741,1.07041361848925,61.6148123623487,1.79099502725601e-09,0,10,5.63311494198638e-110,1.56252485734304e-09,4.17030559609248e-109
C8orf88,9,REML,1.18622526218466,0.186887107067678,2.19151502518409e-10,67.2476934917849,0.169409180476304,28.7580912420905,0.000349628240221905,6,0,5.68956320404464e-64,1.56252485734304e-09,2.0993374653431e-63
ENTPD8,13,REML,1.70597330387177,0.26887037190454,2.22474919927081e-10,91.6584107268252,0.814077691631197,80.0927823102744,3.96249649114286e-12,11,0,5.77367904380846e-140,1.58345760316893e-09,6.58288736548991e-139
MTHFD1L,13,REML,-1.46766207218294,0.231311470583968,2.22482971690545e-10,96.3589559980422,0.657720955252422,319.081360173182,4.58435083364569e-61,0,9,0,1.58345760316893e-09,0
MIF,11,REML,-1.01331209985457,0.159784388067588,2.27174758592254e-10,91.9226059247014,0.245211108107125,110.361477177649,4.51120960376757e-19,0,6,9.43172300693407e-172,1.61330896235489e-09,1.76171111879518e-170
RBM24,11,REML,1.95433483499251,0.3082099566159,2.28396369381908e-10,88.3545193950633,0.86654596008915,78.9520090854977,8.05396301519256e-13,8,0,3.20641009553538e-94,1.62093670820842e-09,1.88285139003676e-93
SLC17A9,13,REML,-1.05220031629588,0.165939027630429,2.28448799004271e-10,71.9602781976019,0.221803159121341,36.4794218794094,0.000271215060005682,0,7,6.34523509739151e-39,1.62093670820842e-09,1.53636942404433e-38
JAM2,13,REML,1.57283606648991,0.248481837950306,2.45506523317956e-10,95.0265877685663,0.734496663962892,160.318199029961,4.52403314483837e-28,11,0,2.01131547973394e-262,1.73257862803451e-09,1.46230752793392e-260
LHFPL7,5,REML,-2.37474800868196,0.375546275142973,2.55787369919357e-10,68.7528529549588,0.443600030481308,10.2620186495426,0.0362378931668401,0,4,7.88627470824425e-41,1.80229492764126e-09,1.974674468645e-40
QPCT,13,REML,-1.11162536586263,0.175957753830772,2.65708693788365e-10,76.2882701544023,0.268005759856281,39.4115108328914,9.00016491935941e-05,0,7,1.15039421971231e-56,1.86814182670892e-09,3.78630562001538e-56
LRRC15,12,REML,-1.5759284739133,0.249633125856964,2.7371612165205e-10,83.6829321586644,0.561470572572443,64.2029013354884,1.52140984586443e-09,0,10,1.73075951667381e-90,1.92194000881104e-09,9.65283936836342e-90
HHLA2,13,REML,1.99585114705586,0.316328985332941,2.80090415149297e-10,94.023501253284,1.1666847197099,202.421898205237,1.0312713982741e-36,11,0,9.79980028194272e-253,1.96414615087178e-09,6.20641257699755e-251
OSM,11,REML,-2.49240758915472,0.395070377862672,2.81264293858197e-10,90.0132566697779,1.47646030416603,78.8793902832033,8.3219009815556e-13,0,9,5.53286458080409e-138,1.97152529023906e-09,6.11898591054411e-137
FLVCR2,13,REML,1.27436872764408,0.202127168080578,2.88590625432118e-10,91.2981043730178,0.457736551937104,98.7796072597931,9.65140729309699e-16,10,0,1.5515643772062e-143,2.02113166744317e-09,1.86890885940892e-142
MT1H,13,REML,2.79511664522638,0.443478854646199,2.92494217778789e-10,91.3126214600584,2.20691598112224,120.18107753139,5.68722848366059e-20,11,0,2.60723281079876e-161,2.04670209445296e-09,4.09603348463956e-160
TREM1,13,REML,-2.50399629681606,0.397439688023963,2.97036200264168e-10,92.4354097622917,1.79935269331083,120.543549260194,4.81522130372142e-20,0,11,1.60420678174861e-205,2.07400857660764e-09,4.98256792193299e-204
PLAU,13,REML,-1.67063641583981,0.265217684110128,2.99351856777667e-10,95.0965117212878,0.811724461596565,196.727872073516,1.54346485381261e-35,0,11,1.11253692925366e-308,2.0879775794492e-09,1.11253692926428e-308
SYNPO,13,REML,1.1768555576774,0.186841568518141,3.001878105551e-10,93.8427227006294,0.39940745708508,146.57426741481,2.80541460029602e-25,7,0,1.50377188516085e-151,2.09240970444103e-09,2.04879441799268e-150
COL4A6,11,REML,1.8011288033307,0.286018464234361,3.02979066301412e-10,89.3333478667594,0.73137154229741,102.412265190738,1.79107567174432e-17,7,0,2.21119024028155e-132,2.1109581443682e-09,2.24202797784145e-131
BUB1B,13,REML,-1.09889808619002,0.174535656360281,3.05180824465194e-10,89.5130748147005,0.323874792157738,80.6181402262465,3.14561846246687e-12,0,7,2.12369093663239e-115,2.12447260929764e-09,1.6936252412996e-114
CDC20,13,REML,-1.10872880079273,0.176101202005231,3.0547320952165e-10,88.6905431217995,0.335551639285639,71.3928207795168,1.75622912278654e-10,0,8,2.33019520508482e-113,2.12559534161996e-09,1.79987874511864e-112
GRIN2B,13,REML,-2.09860506291153,0.33343808995501,3.09712599607825e-10,92.8658333966528,1.26970713419099,98.4381271993826,1.12560018497521e-15,0,11,1.6321497866501e-167,2.15232335081083e-09,2.82412427865081e-166
ENHO,9,REML,1.91280604679535,0.304045241403345,3.15043681599752e-10,86.9813834770607,0.670835102396865,62.1207152797664,1.78526998634422e-10,7,0,6.5352456879854e-109,2.18562396652836e-09,4.75138736947566e-108
SPOCD1,11,REML,-1.54250976007087,0.245272178849547,3.19575980429057e-10,88.1640266842812,0.506717158367283,49.459594922096,3.35466314631635e-07,0,8,1.15157684388536e-106,2.21611863588379e-09,8.13175756529326e-106
RYR1,12,REML,1.33114595599649,0.211699272068671,3.21768485352932e-10,89.8543414311247,0.445605895270441,93.4933547196175,3.43648984274798e-15,8,0,6.2794767879903e-131,2.22823978557203e-09,6.26903677116298e-130
ZNF835,8,REML,1.22774222486306,0.195281015923416,3.23547578966152e-10,76.9829174037313,0.199240867548843,33.0790448629968,2.55936561597676e-05,5,0,4.48632291726994e-63,2.23696242975617e-09,1.62758454816956e-62
KANK4,12,REML,1.01377932909766,0.161277132357086,3.258634152113e-10,59.5089675648676,0.169051906749173,29.8236384777093,0.00168882021817326,5,0,8.09505694606133e-32,2.25201344877272e-09,1.69896645005168e-31
JPH4,6,REML,1.50287333495798,0.239149143121798,3.29437257273736e-10,83.071373204712,0.249257633689974,23.5606502575402,0.000263644888384132,5,0,1.01301228925619e-82,2.27574190548747e-09,5.02569407763481e-82
ASPG,11,REML,1.70338088706836,0.271100360166882,3.31649481792608e-10,83.7380787620306,0.615285991644502,70.3813139994373,3.74219705761592e-11,7,0,3.10633799777481e-69,2.28907324321139e-09,1.24506941799562e-68
SLC4A4,13,REML,3.27713738672933,0.521909701890919,3.40479031117348e-10,95.7939163016638,3.27539002082957,238.770659772546,2.98951840287558e-44,12,0,0,2.34602062537423e-09,0
RAB39B,7,REML,1.1273359640931,0.179894145773818,3.68867549928127e-10,78.8667284870731,0.167558301768356,25.0324122186819,0.000336768245730774,5,0,3.94794435679588e-56,2.52766254733082e-09,1.28814694821356e-55
SMTNL2,7,REML,-1.39115524254983,0.222056040691842,3.73104057383228e-10,55.9642793345829,0.172863854051262,15.2297389125017,0.0185431842196803,0,6,1.33912986821091e-22,2.55561304704447e-09,2.31439212805708e-22
ABCB1,13,REML,1.26169055156484,0.201532270335301,3.83772267013944e-10,80.95318381048,0.395500985462869,48.1761339311018,2.91257740778835e-06,9,0,1.77310450406618e-72,2.62093503163314e-09,7.44749827057643e-72
OPRD1,3,REML,-1.0933413436805,0.174673931160483,3.86641103679386e-10,0,0,1.31240545371961,0.518817691215637,0,2,4.88834340786092e-09,2.63719487335039e-09,6.02559961010028e-09
TPH1,13,REML,3.08546833560316,0.493033914619951,3.89631099605866e-10,95.7203361711332,2.91982787883044,150.319829018559,4.88296007055051e-26,11,0,8.73969758998611e-296,2.65647141207313e-09,1.03428260603244e-293
SLC2A5,13,REML,1.08988279977928,0.174378050005129,4.10151570606743e-10,82.3881256620225,0.283914927199071,41.9858062467302,3.34889396243341e-05,6,0,1.99653021226925e-60,2.7881708235837e-09,6.95973862212886e-60
BEND4,7,REML,1.90166498944468,0.304450212988172,4.20487287870687e-10,89.1847621245046,0.56696098119919,47.5737681590849,1.43749941017017e-08,6,0,3.47587251989162e-108,2.8560370331996e-09,2.50352381896947e-107
TMIGD1,12,REML,4.70695522988847,0.753699063218052,4.23424057193554e-10,94.9238587101069,6.261311968174,128.170713529656,4.08064684363023e-22,11,1,1.82089745146718e-243,2.87477983219393e-09,9.67941323955325e-242
NEDD4L,13,REML,1.19700359233697,0.191733074540353,4.29056364269208e-10,93.8760656215576,0.417721526162051,127.693406147542,1.79081975076876e-21,7,0,2.24735582088418e-211,2.90693306890792e-09,7.703251569555e-210
GCNT4,11,REML,1.81539280895539,0.290877228646921,4.34514490348486e-10,87.6285670802157,0.758130496675885,89.6658238869113,6.23861013973611e-15,8,0,2.58320909319565e-103,2.94145446013361e-09,1.74288676770624e-102
NR0B2,9,REML,-1.71477327069684,0.274878078627706,4.42337794584683e-10,74.2841635603161,0.447954243954464,25.3059332972024,0.00137938640664115,0,6,4.32881021097217e-47,2.99066833344515e-09,1.20651538508667e-46
SNAP25,9,REML,1.79727824909942,0.288154320360775,4.45451340281374e-10,81.0150680720339,0.516242817411918,57.4031151436244,1.50233147074461e-09,6,0,2.58948382689305e-52,3.00670382180762e-09,7.91540371142855e-52
GPT2,13,REML,-1.34264455821382,0.215331462613204,4.51069793749641e-10,92.6049349627008,0.523246271156426,134.360931965872,8.20303230091443e-23,0,9,3.30979901497671e-199,3.04209424545047e-09,9.33248198779434e-198
GGTA1,12,REML,1.51572721290598,0.243397698292526,4.74333899488681e-10,93.7827324067419,0.62294333228947,115.849396151507,1.23628082339161e-19,9,0,4.22733901881225e-196,3.18970365508502e-09,1.14229745853338e-194
FLT3,11,REML,1.1105384128932,0.178423430096567,4.84100660146878e-10,83.501557866207,0.250690792399216,51.9919930362087,1.14501624406991e-07,5,0,1.41647559229529e-104,3.25133554389451e-09,9.7310672787642e-104
SMIM6,11,REML,1.32004676704099,0.212127723381081,4.88090178446216e-10,89.4228355908142,0.406596149775787,63.0311869168839,9.63094249070151e-10,9,0,6.23835335430977e-126,3.2767726969559e-09,5.79612738873491e-125
CEACAM16,5,REML,1.41362745022291,0.227294293871272,4.99153057274102e-10,81.3145016399193,0.203870401459374,24.0616765158762,7.76328779212898e-05,4,0,3.34884667094264e-72,3.34688524300455e-09,1.40260529775234e-71
CA1,12,REML,4.57024432059085,0.734871957970517,5.00005352813999e-10,95.5338564933936,5.87023404349343,173.638634692287,2.10184094075809e-31,11,0,1.43737923941067e-289,3.35121404926555e-09,1.55361530723768e-287
MFAP4,13,REML,1.42690841710623,0.229531608464519,5.08011358132052e-10,93.405937723582,0.60097677661854,202.849729661174,8.41411919051919e-37,10,0,1.93396251511749e-179,3.40346617743593e-09,4.05107677746768e-178
ABHD3,13,REML,1.15634706460015,0.186131724419417,5.21415342157081e-10,93.5701966691649,0.395096315298043,108.59263347462,1.1354823043449e-17,9,0,4.84033309169964e-255,3.48319198285651e-09,3.12654663010861e-253
NPY4R,11,REML,1.20461944678041,0.193931393842189,5.24560589686269e-10,75.9934533354935,0.280040404211634,39.6171921199844,1.97866961699066e-05,7,0,2.56047561575207e-49,3.5027598190212e-09,7.42231202542254e-49
CKAP2,13,REML,-1.25503034228922,0.202325859136211,5.53915520847005e-10,94.4599424827429,0.474354033289428,165.794330126157,3.4546613900026e-29,0,9,1.64621381563071e-238,3.68511790705478e-09,8.08789836146082e-237
TST,13,REML,1.10315227818487,0.177941242939252,5.66316091408829e-10,92.9520344390163,0.359409986264385,123.559686456621,1.20340462961419e-20,9,0,8.12067975698089e-200,3.76298475000465e-09,2.30175840734145e-198
CNR2,8,REML,1.74809888578403,0.282207633364954,5.8518105196326e-10,84.6294428510025,0.513664954629662,55.5000043294286,1.18669993320731e-09,7,0,1.41609254626484e-83,3.88197233857624e-09,7.14124679707365e-83
ANO5,13,REML,2.19193246467412,0.354075687465312,5.99447436272134e-10,93.0587380857509,1.46104017253152,174.28236810944,6.34379921521017e-31,11,0,1.12246181059285e-216,3.96373702032899e-09,4.14543811734439e-215
GPR15LG,13,REML,1.43429477383689,0.231690181183209,5.99462355754437e-10,86.0425906948274,0.544617234788701,73.8781806132435,5.98390351219133e-11,9,0,4.88557454457227e-111,3.96373702032899e-09,3.67904412871111e-110
F2,2,REML,-2.91609975247514,0.471219327791274,6.07729835392432e-10,0,0,0.109034624070248,0.741245890468223,0,2,4.10064880285407e-09,4.01022540546093e-09,5.06504792325713e-09
PRR11,13,REML,-1.04313490694331,0.168573119259882,6.09221397289023e-10,90.3833452084299,0.310034327533507,91.6956166836744,2.31674112503803e-14,0,9,1.42731403352865e-135,4.01843226779777e-09,1.52544775382993e-134
AXIN2,13,REML,-1.53097959164244,0.247416711151553,6.09870452825138e-10,93.3144283157684,0.711666796889972,114.044846851303,9.45384357248431e-19,0,11,3.77044014766906e-167,4.01953360451725e-09,6.48939979980451e-166
LILRB5,13,REML,1.50421222308472,0.243091062113404,6.09884208173221e-10,92.7356801266181,0.681550393148949,123.170398771817,1.43949009680169e-20,10,0,1.13774850523909e-194,4.01953360451725e-09,3.00428607743346e-193
NDUFA4L2,13,REML,-1.20510544581833,0.194763148460586,6.11090020047178e-10,82.9963202577103,0.367338996655672,53.3784484029993,3.52740581893496e-07,0,10,8.22552513823912e-74,4.0258441670154e-09,3.52618823549103e-73
PKNOX2,10,REML,1.80620799685954,0.292001091237877,6.18585793751501e-10,92.2520045516975,0.734588372475238,102.869716298886,4.1290946278016e-18,9,0,2.19213435113709e-176,4.07191696065493e-09,4.37697958558936e-175
KIF5C,12,REML,2.06077356419885,0.333243993977779,6.25060388086239e-10,93.7953653468164,1.18497157284496,121.460251155077,9.21602122086632e-21,10,0,2.86029812756425e-210,4.11043182799658e-09,9.60124503979278e-209
NPY4R2,11,REML,1.20354770486673,0.194624355998827,6.25163241799229e-10,74.2885156949267,0.277088830244571,38.8892034859788,2.65480514720362e-05,7,0,5.67166160213439e-48,4.11043182799658e-09,1.60255576081221e-47
SELENOP,13,REML,1.53214298677447,0.247769945786776,6.26035444001548e-10,89.2902198097191,0.678113978431087,91.8561711379351,2.15637434365458e-14,11,0,5.75660934797273e-117,4.11427347125947e-09,4.67360577659899e-116
PID1,13,REML,1.00913883667138,0.16325536260164,6.35549893625341e-10,86.017755114307,0.274009072531983,74.8124163429066,3.98668465830995e-11,6,0,1.85347471623708e-86,4.17004064158141e-09,9.73449484105987e-86
COL12A1,13,REML,-1.79689445487996,0.290867866321822,6.50421023984008e-10,95.5842301263569,1.00038781908847,184.83802727127,4.32948012560655e-33,0,11,5.14789877440964e-297,4.26071760074857e-09,6.32294566890178e-295
ACAN,10,REML,-2.61810644580415,0.423857812001516,6.53928346919603e-10,94.2549940242539,1.64240684456694,86.823457500055,7.04867578404452e-15,0,9,1.47001915646391e-225,4.28196295985764e-09,5.98829662908275e-224
PTK7,13,REML,-1.39875785114827,0.226550603610784,6.65195435660795e-10,92.1507012806363,0.585321291162322,106.808436586909,2.5547308817159e-17,0,9,1.98036319574421e-153,4.35222501951916e-09,2.79196769500877e-152
KLHL14,5,REML,1.20337959989789,0.194941653005418,6.69958257252969e-10,43.534232369039,0.0814455992918739,6.95067772981492,0.138517751478778,4,0,1.21567260974034e-15,4.3816188886012e-09,1.78578418245177e-15
GPX3,13,REML,1.52128512145154,0.246902087216947,7.20629218104478e-10,92.4148427022074,0.689150583287689,160.695915332534,3.78921917149853e-28,9,0,5.1950314687623e-178,4.69785344315557e-09,1.06481725920409e-176
ASTN1,2,REML,1.95666907959381,0.317594564022902,7.23316097701755e-10,35.9658071058566,0.0754699918099482,1.56166565830403,0.211421502448405,2,0,2.16941076910676e-14,4.71347423313447e-09,3.08965713277652e-14
DLEU1-AS1,2,REML,-1.77544661761775,0.288207245998183,7.26016621123984e-10,67.9738517314963,0.112962117861988,3.12244854303462,0.0772206681230039,0,2,4.85281788354586e-27,4.72917134523228e-09,9.20649851929897e-27
TMEM171,13,REML,1.7561254159108,0.285134578340444,7.32356435611103e-10,93.351432494818,0.927108812596659,106.373471591214,3.11251268855379e-17,10,0,8.89001637217927e-206,4.7628738699661e-09,2.77714519156344e-204
XKRX,13,REML,-1.39340271306819,0.226355034100442,7.46861300405509e-10,87.0335886798496,0.530866250648095,72.4462241650211,1.11348706849603e-10,0,9,2.21077327501855e-78,4.83961947276881e-09,1.01972310406475e-77
ADAMDEC1,13,REML,2.2218791438211,0.360960892502372,7.48614485190026e-10,95.3686517677565,1.54967992490651,196.191065978667,1.99155186648306e-35,10,0,6.40567945758571e-286,4.84522421093249e-09,6.49095506536481e-284
RBFOX1,11,REML,1.52592440190163,0.247998102211791,7.60461250648821e-10,76.5601261412879,0.464536049527843,33.888906453036,0.000192873195322638,7,0,9.37233497032211e-45,4.9160120641026e-09,2.50707254370289e-44
ST8SIA6,10,REML,1.00651549282996,0.163590071417742,7.61899134517979e-10,52.1260993687377,0.12802991091133,19.2454197600578,0.0231851494264665,5,0,7.04588338528861e-21,4.92334422795536e-09,1.17079950113441e-20
NKX2-3,13,REML,1.69689383155688,0.275814945206328,7.63715341220287e-10,93.9435233445151,0.841477182290861,139.335077495272,8.15802575752128e-24,10,0,6.09330327278104e-157,4.93311427378666e-09,9.03849276867328e-156
DPT,13,REML,2.73800863986488,0.44532681518953,7.83113896224579e-10,95.942633493776,2.34624434010089,243.890027442325,2.56814048791628e-45,12,0,3.98934793807753e-277,5.05237787484644e-09,3.71720104138224e-275
SECTM1,13,REML,2.06654604279317,0.336292162396921,7.99175308272598e-10,95.3116336661844,1.34766374249443,109.959439614207,6.09562810704991e-18,12,1,6.61261428558723e-214,5.15394959149707e-09,2.37716885614691e-212
GPR15,13,REML,1.93399435657097,0.314731791603716,8.00155570301275e-10,89.900785828664,1.08250801272019,121.007730332996,3.89064162208696e-20,9,0,3.78631628057287e-135,5.15821958699585e-09,3.99918865517446e-134
KLRF1,3,REML,1.32102982923197,0.215002589801862,8.03418261810777e-10,57.5531186166109,0.0798911864841701,4.67542872330779,0.0965480601806935,2,0,4.31573335249514e-28,5.17719406945077e-09,8.38176627264059e-28
CD7,13,REML,1.2393519323004,0.201715315258403,8.04360925039861e-10,91.3964710047523,0.442803781047074,87.1987264695549,1.71703641788234e-13,9,0,1.05445842091887e-154,5.18120924818087e-09,1.51694182594123e-153
FIGN,12,REML,1.23486947972039,0.201119281850315,8.25289998454216e-10,90.8080701590623,0.397778458494016,110.625141002996,1.37414684299658e-18,9,0,9.29570663668017e-144,5.29498486147139e-09,1.12471113209325e-142
NR5A2,13,REML,1.55205279565367,0.252858815382207,8.35556596246041e-10,94.5267983594795,0.747691916271693,225.770791519566,1.50659033503581e-41,10,0,7.40835478749485e-269,5.35449766598303e-09,5.94612159255713e-267
IGSF10,12,REML,1.97281975147636,0.321567905103346,8.51581052762138e-10,90.4052720521324,1.04963197053569,99.2563505184182,2.50635921084371e-16,11,0,4.24029470552726e-155,5.44857285257796e-09,6.13272953262387e-154
WNT3,11,REML,-1.31628282144653,0.214601487623791,8.59044747202887e-10,82.4750317434678,0.365958426318634,35.6964953221051,9.49054645765336e-05,0,7,2.10329701784269e-87,5.48982754686654e-09,1.12506613494832e-86
SFRP1,13,REML,2.88582017570369,0.470668314307886,8.71504279438532e-10,94.5607724980092,2.58449184549009,232.170629753148,7.05409666510341e-43,11,0,3.35641188289183e-302,5.56725724292235e-09,4.42418746807523e-300
THBS2,13,REML,-2.04546887009179,0.333686358551526,8.79262748256785e-10,94.5707226632354,1.25502267094545,188.110784301467,9.19296207781586e-34,0,10,2.88647816543604e-256,5.61460690724192e-09,1.90237684943961e-254
MDFI,13,REML,-2.54903283237767,0.415849091758285,8.80414000527831e-10,96.426289625779,2.08886779491854,166.63042232419,2.33151000090817e-29,0,10,0,5.61753332961736e-09,0
GIMAP1,10,REML,1.09732755895327,0.179025972333476,8.8193249263447e-10,92.0977091684089,0.271241644049669,87.55658602214,5.02792724224827e-15,5,0,1.44061826579432e-175,5.62500845911985e-09,2.83800047914014e-174
CNTN3,11,REML,2.29766251674447,0.37494126956697,8.89571606816274e-10,91.694807812818,1.3476724024662,120.874092490028,3.363097243971e-21,9,0,7.83520347871288e-155,5.67149998478657e-09,1.13118569902379e-153
P2RX6,7,REML,1.18377782203997,0.193231123320092,8.99871142330061e-10,69.1682392855593,0.166028859547757,16.7760223895159,0.0101426187112662,5,0,2.27109798745569e-35,5.73490991768761e-09,5.10626981980573e-35
NR3C2,13,REML,1.79093034946562,0.292381370886186,9.04997999408242e-10,95.5901831080544,1.02421292331889,147.735936431106,1.63171162977311e-25,10,0,6.33577906673588e-266,5.76079017055588e-09,4.9149275602387e-264
URAD,10,REML,2.08074456263641,0.339740721527136,9.09645872170338e-10,56.8639184592954,0.602176199763827,19.1805923497394,0.0237004003327666,6,0,1.07865425169576e-20,5.78810381691432e-09,1.78542331625761e-20
RIMKLA,13,REML,1.29806919677822,0.212027787504859,9.23120901689006e-10,89.5003183965723,0.493440975089016,105.849595918771,3.94786384162518e-17,10,0,2.00204601587148e-139,5.87154145903643e-09,2.26512017134154e-138
FOSL1,13,REML,-2.20474276932771,0.360306432210266,9.41189737384944e-10,91.0595988963649,1.47637171024918,99.5149021229368,6.9291976729275e-16,0,9,3.18120516789925e-152,5.97943150949142e-09,4.3857890635332e-151
SRPX,13,REML,1.78065379279075,0.291047256375761,9.47025906722054e-10,95.369826872824,0.985232268394955,169.355898824927,6.46551737800219e-30,11,0,2.01699975737596e-305,6.01179758249204e-09,2.7480350475913e-303
TMEM100,13,REML,1.94482020202836,0.317910586164171,9.50506509385294e-10,92.5625388514399,1.13488431869503,146.194591778102,3.34881036923705e-25,12,1,2.48720480955049e-204,6.02917137584655e-09,7.5093205916652e-203
PLXNA1,13,REML,-1.02270308748881,0.167191191932311,9.537280697511e-10,95.6320963245003,0.327557959921085,203.560565030193,6.00028415002407e-37,0,7,0,6.04251394875912e-09,0
CPAMD8,11,REML,1.06463361873241,0.174205920224731,9.87908791580926e-10,83.7969302353747,0.251380901338892,67.6353701724429,1.26585232402887e-10,6,0,9.17559322009783e-77,6.2468663174343e-09,4.10836489581459e-76
SULT2B1,13,REML,-2.51280765336005,0.411309729681174,1.0007955484679e-09,95.4149478117392,2.00212240764505,148.129068490313,1.3582051977212e-25,0,11,2.33629846612603e-291,6.31603667859479e-09,2.59441144050009e-289
SOX6,13,REML,1.02679327454274,0.168100018798125,1.00743245447906e-09,81.9388647159117,0.257812982690071,50.6222402871868,1.08586456203284e-06,5,0,2.71655163190255e-67,6.35050637032231e-09,1.05873681750087e-66
PPARGC1A,13,REML,1.64832257574507,0.270156362071851,1.05166434747978e-09,92.8138765574633,0.837321284492637,121.247982056267,3.48404376988794e-20,11,0,3.96539274469855e-148,6.61133542678935e-09,5.15564655732138e-147
LRRC26,11,REML,1.06749092946301,0.174966337157954,1.05326622779631e-09,73.1746546690908,0.220118556119596,30.0243262513293,0.000848827701402824,7,0,2.3319355583713e-41,6.61627483582393e-09,5.88629475445647e-41
ARID3A,13,REML,-1.42783335616254,0.234058268319509,1.05847780666516e-09,92.8858678488736,0.633580355065877,111.043838623124,3.71918048105114e-18,0,10,3.89551408771248e-168,6.64643713379638e-09,6.81315748695603e-167
KRT17,10,REML,-3.5868047387093,0.588148517367588,1.0709002740784e-09,90.9684230098277,2.97652762042253,64.6627477005548,1.67789035042493e-10,0,9,4.83398759303383e-124,6.72183745398107e-09,4.36377732994752e-123
NMU,10,REML,-1.90608926624749,0.312574097625139,1.07377061717516e-09,78.4013539454952,0.675255056224131,31.4380348781577,0.000248925146731246,0,9,8.31437293943925e-60,6.73463946470437e-09,2.87605992035692e-59
CCL24,13,REML,-1.69584739246049,0.278266738625124,1.09901539393283e-09,87.0818596113958,0.814079034376539,94.3501267957047,7.06331878223029e-15,0,9,6.27006849194608e-96,6.86376601765522e-09,3.76506001703414e-95
H2AC25,13,REML,-1.40969243787564,0.231440160649691,1.12236573192688e-09,93.2220026218198,0.620100603275333,161.137032738875,3.08062027863038e-28,0,9,8.99550656976991e-176,6.99343413210244e-09,1.77858717092292e-174
TOX,13,REML,1.26931655416815,0.208635273802017,1.17292332484797e-09,90.9859698098931,0.475109284866775,61.7604425530625,1.07609983917882e-08,8,0,6.04913826876552e-97,7.28326536413638e-09,3.70372653895375e-96
PLEKHN1,13,REML,-1.74941688053332,0.287666176475648,1.19127857443679e-09,92.612839682945,0.904843466566684,82.7168547600717,1.24828770332257e-12,0,10,1.25162498316508e-191,7.38592716150811e-09,3.1756801020431e-190
ALPI,12,REML,2.92738561577818,0.481407462649495,1.19517593579407e-09,94.6644589994106,2.52439686936848,147.906611686362,3.98851583234643e-26,10,0,6.87376792670688e-221,7.40442775965964e-09,2.67252756344601e-219
MYO1A,13,REML,1.26808332880374,0.208662284193216,1.22295919957975e-09,92.4635253306276,0.482295854495233,147.966168047352,1.46549059113573e-25,8,0,8.33389329895438e-146,7.56787690946051e-09,1.03856581134471e-144
MS4A4E,9,REML,1.26851143901154,0.208767590313144,1.23071965834131e-09,86.9406460024338,0.322865442999197,49.8367530919524,4.39282142233411e-08,5,0,4.48196529614579e-96,7.61009070201666e-09,2.7003382886069e-95
RIC3,12,REML,1.61842007333873,0.266532935935656,1.26232241897568e-09,93.9995619662463,0.749710458665091,126.386558376539,9.35847439166952e-22,11,0,1.7830432054622e-200,7.78768393411442e-09,5.1075052102754e-199
LZTS3,13,REML,-1.37772547656235,0.227187828927045,1.32564693589666e-09,91.0787250120954,0.585825038301621,95.1602606540594,4.9117855846213e-15,1,10,5.53823028773548e-145,8.1566276173406e-09,6.8126955732212e-144
NUP62CL,13,REML,-1.02765066081358,0.169486966796047,1.33354944545579e-09,85.5140984021876,0.26896896352035,77.217277718959,1.39686986584407e-11,0,7,7.20040165545537e-88,8.20213852775975e-09,3.87840903787036e-87
ST6GALNAC6,13,REML,1.66370739836086,0.274474194450463,1.34912685582077e-09,92.2786409048085,0.860153505030964,154.080076586784,8.41538321719933e-27,11,0,4.03897601533936e-155,8.2853764065993e-09,5.84677840506224e-154
MEP1A,13,REML,1.71133821173937,0.282867032498113,1.44869150023855e-09,89.3698591167403,0.878395067218497,83.788949189231,7.7759898115927e-13,11,0,1.34721753541388e-130,8.86082985196984e-09,1.33838467534714e-129
CLIC5,11,REML,1.27928188266602,0.211671113730886,1.50596637719773e-09,91.0216899145575,0.419916157729042,55.1701847960231,2.93511120382966e-08,9,0,2.31047049489325e-135,9.1928587626155e-09,2.45637102516094e-134
ATRNL1,8,REML,1.85259598950293,0.306574167765754,1.51371690793845e-09,77.4811280201713,0.501832861377097,33.1024821351074,2.53375461152871e-05,7,0,7.77207414043441e-38,9.23669259631393e-09,1.84709231953772e-37
GPR55,9,REML,1.32015880711841,0.218613848267035,1.55293150746717e-09,77.1725558345913,0.294845971354072,29.8136300013212,0.000228025320011497,7,0,3.69909971941916e-51,9.47241479705237e-09,1.10836266403517e-50
PLEKHG4,13,REML,-1.21295922804271,0.200886476601552,1.56003911245888e-09,90.8199349159662,0.449399635552924,103.366282456969,1.21645963522691e-16,0,8,1.7534472796396e-124,9.50861433469768e-09,1.59353367403569e-123
PRPH,11,REML,2.546487003879,0.42189344339811,1.58124692893056e-09,93.1249092392012,1.65939885761426,110.302071338805,4.6374050444867e-19,9,0,7.84932216762462e-221,9.63425646702413e-09,3.04452297377268e-219
PGR,12,REML,1.48511250499053,0.246082406177024,1.58941952555137e-09,92.1020982470395,0.607823500357545,71.5223564415219,6.26839094961917e-11,8,0,3.27351444320169e-118,9.68041276024205e-09,2.71614583764734e-117
VSTM2A,8,REML,4.27872082778285,0.70973818774916,1.65395871428849e-09,95.6290270523334,3.75611656962362,149.19463459353,5.99279706430324e-29,8,0,6.7373087036434e-186,1.00470710508652e-08,1.56942508638176e-184
STUM,11,REML,1.93933927992271,0.321696781829532,1.65519490560482e-09,86.7323564524117,0.903689150331282,97.6950742962898,1.57479412203457e-16,8,0,5.46768882686339e-76,1.00508146084535e-08,2.42008296341622e-75
CLMN,13,REML,1.03513271731872,0.17177481830094,1.67960351893512e-09,94.728449994566,0.335177774312254,224.27206771945,3.08395516443126e-41,8,0,1.98026885509764e-308,1.01761628746245e-08,2.44670221107991e-306
ORM2,3,REML,-2.88983082637244,0.479569339614957,1.68184279270669e-09,14.1011710274346,0.108883411862681,2.72713871643671,0.255746295726447,0,2,9.80771540279228e-11,1.01859234957615e-08,1.26703179143802e-10
BARX2,13,REML,1.43353223673305,0.23796473194203,1.70013914841109e-09,86.7823743706995,0.600718218916682,78.335780305913,8.56326735485214e-12,9,0,1.92929314414197e-70,1.02852074676078e-08,7.86513194517819e-70
ANKRD13B,13,REML,-1.42822912693583,0.237094959855987,1.70295560913778e-09,94.0723026069435,0.659903332969286,167.063710920393,1.90159913195286e-29,0,10,2.00085960402944e-271,1.0294563494016e-08,1.67216168866646e-269
CKAP2L,13,REML,-1.34870386053673,0.224072529069596,1.75443170228318e-09,92.8323985186811,0.563968788404297,128.040901867145,1.52545273650472e-21,0,10,2.01612702845661e-175,1.05925616953293e-08,3.96692566897658e-174
MEF2C,11,REML,1.12391716740739,0.186727895497435,1.75486465883269e-09,94.5346158205186,0.345531874819725,114.368728318457,6.99756742905085e-20,7,0,1.18604388470397e-165,1.05925616953293e-08,1.99889080069703e-164
SPMIP1,10,REML,-1.1789990511613,0.196090532057956,1.8265665904457e-09,87.4317965791849,0.313976564393734,57.5347732799965,3.99156273130219e-09,0,6,5.83119625919238e-102,1.10171592748869e-08,3.84783007530672e-101
NTN1,12,REML,1.48071885920178,0.246280889252116,1.82889863441206e-09,91.2249367010818,0.609294244373758,63.8358837358042,1.78285462596111e-09,9,0,1.27196968547542e-96,1.10271229303543e-08,7.74697389579749e-96
FCGR3B,13,REML,-1.75817461067676,0.292566044371266,1.86100416541273e-09,90.947399060442,0.95868152553642,105.697727798384,4.22945538731152e-17,0,9,2.52551399354087e-147,1.11874158449524e-08,3.25486155622243e-146
PRR7,11,REML,-1.5983361421589,0.26606613614984,1.88651209874237e-09,96.1389977538825,0.714617806320684,244.918335771733,6.34912760345818e-47,0,7,0,1.13239617389522e-08,0
OSR1,12,REML,2.25716535205201,0.375827528367937,1.90327131700287e-09,93.0024553437289,1.53244606330063,121.349704629378,9.70061620561335e-21,10,0,3.16038572240135e-165,1.14203322955468e-08,5.29331959889392e-164
SIM2,12,REML,-3.55921277382003,0.593213140861495,1.9745291911054e-09,95.985961718543,3.87987997705561,143.28011755938,3.50119852651898e-25,0,10,1.52299863793295e-260,1.18172911684724e-08,1.08299898757925e-258
C1QL1,8,REML,1.25790350497746,0.209720013854145,1.99745739129513e-09,76.2376521593181,0.22491019026148,24.7236162245783,0.000849312019041229,5,0,1.77839135008971e-50,1.19501020978111e-08,5.26342806845646e-50
RAB3B,13,REML,1.21311264632224,0.202328742426524,2.02547876424672e-09,85.0091803516198,0.406642343848859,69.6083206824789,3.7914553038446e-10,7,0,5.75941317428604e-83,1.21088079663466e-08,2.87403403492458e-82
GALNT12,13,REML,1.06689069291306,0.178267236318095,2.16678785297252e-09,93.0475930889954,0.365719268906767,117.612053881162,1.8478429918828e-19,6,0,2.97067083335842e-158,1.29202395955291e-08,4.513916234418e-157
POU2AF1,13,REML,1.2969686661014,0.216829740724597,2.21082216449388e-09,87.4428048453265,0.483850275668516,80.3322154408828,3.56684908512271e-12,8,0,1.12377976833446e-103,1.3158612244104e-08,7.62336459581869e-103
ZG16,13,REML,3.76355063155967,0.629215162154396,2.2130762139085e-09,93.9298886620391,4.68792569361996,160.158126966965,4.87690004620269e-28,11,0,1.61345313889368e-185,1.31671943692105e-08,3.72104064592934e-184
NSG2,4,REML,2.82917884625666,0.47317371658624,2.24298487235353e-09,87.2272796704924,0.769888977246168,29.2353082660626,1.99841618174493e-06,4,0,2.19518524053043e-72,1.33402471516756e-08,9.21080183869563e-72
FCGR3A,13,REML,-1.48729819145842,0.24890216001517,2.29479779382232e-09,92.7933876789803,0.697781165752781,103.206028501454,1.30796550623559e-16,0,9,6.61113778694368e-207,1.36184321490634e-08,2.11830784465846e-205
WNT6,4,REML,1.00973544467295,0.169030758423191,2.31962407587011e-09,0.00506279149430895,6.39377740547925e-06,3.15328183980332,0.36859055676137,1,0,5.58820645202586e-08,1.3755693175597e-08,6.68646429569706e-08
NMUR1,11,REML,1.06858541603166,0.178900642328816,2.32835072776258e-09,81.8323705623562,0.257074324582803,58.6455287870759,6.53284442642082e-09,6,0,3.74300158240245e-79,1.38023950088536e-08,1.754417018083e-78
C16orf89,11,REML,2.44638745171046,0.409766469769466,2.36964081522497e-09,93.6630202702371,1.63801904228984,163.059478712678,7.56316200620261e-30,10,0,3.88287122581656e-246,1.40266471475876e-08,2.16333303038364e-244
TSHR,7,REML,1.04251187529875,0.174738081453459,2.42931713444328e-09,67.4484936318738,0.128134026448707,16.2598622179689,0.0124251008022791,3,0,4.47764171014838e-31,1.43693975559026e-08,9.27033648916304e-31
SALL4,12,REML,-3.23255005888515,0.541945311848858,2.45059380982563e-09,97.0729936348607,3.24994917623985,135.862207499969,1.12887347003959e-23,0,10,0,1.448468007244e-08,0
CXCL12,13,REML,1.67901873757562,0.281775205628171,2.54225743812414e-09,96.0987528026556,0.94461374987381,271.499188039785,4.41962076344704e-51,10,0,0,1.49773327922626e-08,0
SVEP1,13,REML,1.08787113362307,0.182854295404913,2.69147090994312e-09,88.6262373561382,0.352758229569415,122.613217957105,1.86003769469799e-20,6,0,8.84881137004196e-97,1.58047149086953e-08,5.40157299482268e-96
SCN7A,13,REML,3.12828230248412,0.526130620759195,2.75062457911883e-09,96.0627970675597,3.28462558939174,145.779618765091,4.06365064007752e-25,12,1,1.11256630369336e-308,1.61287075230573e-08,1.11682744990048e-308
HES6,12,REML,-1.16376611165588,0.195937623217776,2.85940752096813e-09,90.2834371199107,0.386632667031371,90.7816190976685,1.17153196357697e-14,0,7,3.11172460425344e-108,1.6718201996919e-08,2.24323659443135e-107
MYEOV,13,REML,-2.05654084861797,0.34632474542942,2.88192500924391e-09,91.2844130421172,1.34978603164658,123.271178370143,1.37426484162921e-20,0,11,1.37517101641322e-145,1.68316463165964e-08,1.70717057343855e-144
MPO,2,REML,-1.33824689018306,0.225385096571711,2.89221969266624e-09,0,0,0.484053292042546,0.486592055626061,0,1,3.05767882968321e-08,1.68856888286632e-08,3.6896507044994e-08
ENDOD1,13,REML,1.20189352746823,0.202477608619618,2.92179033472922e-09,95.2697697493565,0.490039662605845,153.75382804997,9.80341237492056e-27,10,0,1.06556730973882e-271,1.70521910356245e-08,8.99793895458094e-270
ERCC6L,13,REML,-1.44796682387809,0.244298600156435,3.08449637345198e-09,93.3463130676651,0.672366579253431,192.20276116558,1.32165027945376e-34,0,10,6.79419488339668e-205,1.79694357537826e-08,2.09021407295086e-203
TNFRSF6B,12,REML,-1.99345773444904,0.336671779935905,3.19850443151034e-09,92.068364301489,1.21589933502119,99.9496781022225,1.82728518568008e-16,0,9,5.17195227804246e-146,1.85868646408879e-08,6.47512450068744e-145
LEAP2,12,REML,1.08064659886695,0.18252062155841,3.2060883771987e-09,80.6428591262635,0.258224741166233,42.2713887496498,1.4535451100642e-05,8,0,2.50933514440923e-63,1.86242604297824e-08,9.14654916733516e-63
GABRB3,10,REML,1.63079378326665,0.275509478039222,3.23525066861128e-09,75.9464313972568,0.53744863353992,35.1546854289022,5.59535230027263e-05,7,0,3.37281677592974e-44,1.87802073362673e-08,8.93666912700585e-44
HIGD1A,13,REML,1.28140548397306,0.216616332552324,3.30761559145192e-09,96.4555100361663,0.558615875173053,200.365585997194,2.74126137827568e-36,10,0,0,1.91728178706507e-08,0
GPM6B,11,REML,1.2061561639155,0.204022942578505,3.38255016215279e-09,90.8040411980575,0.380707070577134,76.6513205296545,2.26782891983936e-12,7,0,5.58063406070154e-123,1.95442928649263e-08,4.97136373770077e-122
TACSTD2,12,REML,-3.07895905732113,0.521455773391561,3.53621432666475e-09,95.112740806188,2.95006547326922,108.895683755078,3.04349246867056e-18,1,11,3.97545078809228e-246,2.03885643236898e-08,2.20732820641576e-244
DSG4,8,REML,-1.91180478344614,0.32381887181679,3.54937286097427e-09,86.405520388811,0.686379796469106,45.5429067894552,1.07276578536786e-07,0,7,1.12980299204524e-90,2.04571568414418e-08,6.33823387890292e-90
ROR1,13,REML,1.16621679079571,0.197570198234558,3.57389738735094e-09,85.3663623767272,0.383953742193093,51.4031987226081,7.90642748936812e-07,7,0,1.20766117908622e-67,2.05838715243769e-08,4.73743302601617e-67
TPO,8,REML,1.47290397103277,0.249533210982888,3.57736764490311e-09,71.319897073719,0.305238045919944,22.2896361483911,0.00226411108006476,6,0,2.35311848450185e-32,2.05965417708857e-08,4.99490835156174e-32
GSTM1,13,REML,1.24494343502304,0.211215781017489,3.76550822794067e-09,62.6062083381443,0.331177454808877,30.0958536431927,0.00270112042551734,8,0,4.26488455161852e-25,2.16088299256662e-08,7.77539336954808e-25
FSBP,11,REML,-1.0776806981259,0.182839536059951,3.76651781717958e-09,87.3889195973795,0.288258114178703,63.4997677758925,7.84066494694928e-10,0,8,7.83770738019436e-106,2.16088299256662e-08,5.47255597567145e-105
GRIP2,11,REML,-1.61978032606918,0.274858014782205,3.78895348368425e-09,95.929651868737,0.753290453682433,159.339524900932,4.43507125783717e-29,0,8,0,2.17063163184769e-08,0
LGALS2,13,REML,2.02018965082007,0.342806024170143,3.79020424952865e-09,93.7408691772965,1.36712365478781,125.252227500182,5.51983919837011e-21,11,0,1.12705005732699e-176,2.17063163184769e-08,2.26149289349535e-175
COL28A1,13,REML,1.17894686237108,0.200082586512827,3.80854180161585e-09,80.7764137226529,0.37297618259895,68.8822752591083,5.18096928409656e-10,7,0,2.06446546322352e-61,2.17946179645033e-08,7.30014799460042e-61
FGFBP2,4,REML,1.6927829077424,0.287289588846597,3.80965566591022e-09,82.0366488401547,0.262016670959229,15.6927607327017,0.00131088330740959,4,0,2.10193377918904e-54,2.17946179645033e-08,6.65079085909289e-54
CHST5,13,REML,1.99292671342399,0.338304795283077,3.84049883492114e-09,90.5364720652353,1.25119000884541,83.7454487636832,7.92689102362547e-13,11,0,6.1730400301924e-105,2.19555739106405e-08,4.25706074051507e-104
COL5A2,13,REML,-1.14837089454866,0.195049856473285,3.91900475123285e-09,93.5121621536906,0.420002881642755,155.256518080452,4.85185450291953e-27,0,7,1.95915967345048e-163,2.23807058935323e-08,3.19234731514097e-162
CIDEC,13,REML,1.92905455543359,0.327712721259095,3.94651824328764e-09,86.9774210720124,1.09926764108015,52.8077176301467,4.45680687023292e-07,10,0,1.66757110605931e-75,2.25140395068341e-08,7.32691879201616e-75
SLC9A9,13,REML,1.10202054724377,0.187287961878224,4.00232908255739e-09,94.6801985407006,0.396260095415494,145.462391963225,4.71127564933542e-25,8,0,3.70084194600861e-256,2.27923292643144e-08,2.42922066682743e-254
TSPAN1,13,REML,1.41122212987793,0.239917148327361,4.05037622693817e-09,92.6661134355053,0.647553435183223,146.744907878742,2.59079838479453e-25,11,0,6.65362220604602e-175,2.30255083335724e-08,1.30126871925964e-173
PRKCB,13,REML,1.38312147872881,0.235174393897228,4.07157900565413e-09,95.022947119569,0.63250958449003,167.835395530139,1.32261404380944e-29,8,0,3.01982055276312e-209,2.31298214501298e-08,1.00328587340058e-207
FAM163B,6,REML,2.47059590715927,0.420733729912853,4.30275884672364e-09,82.7634885296777,0.849870434559666,27.0816334460218,5.49919013875886e-05,6,0,1.18957138269716e-54,2.43407638457538e-08,3.7853819092579e-54
DAO,5,REML,4.03931587694764,0.687997308095991,4.32856543006399e-09,89.5823089574843,2.03789875386072,49.5719501970218,4.43579375400219e-10,5,0,1.94806297199747e-77,2.44782111327616e-08,8.82726242733231e-77
HTR7,7,REML,1.68161166169961,0.286480904361618,4.36081932948136e-09,91.4347698274734,0.509110979910491,52.6778072572559,1.36229875701866e-09,6,0,1.76352551055589e-149,2.46520096892892e-08,2.34169034419678e-148
NR3C1,13,REML,1.1105277001302,0.189408737091454,4.5422735585886e-09,96.0269904332958,0.426915050551246,170.123867980741,4.50345303318118e-30,7,0,1.21259820068077e-248,2.56152630279642e-08,7.07189015382639e-247
CADM2,3,REML,3.12939399328714,0.533938833671505,4.60199628467124e-09,82.0410822376668,0.700611921965955,10.3542563477392,0.00564419230068826,3,0,1.58394358240744e-46,2.59250054771977e-08,4.37785156862799e-46
IL33,13,REML,-1.09003297506016,0.186238942343232,4.83151542251478e-09,69.9625747299999,0.279123546674482,35.6159177996831,0.000373390102056081,0,7,2.94944826063491e-32,2.71425362249591e-08,6.2525372188381e-32
STRA6,11,REML,-3.29173424215764,0.563381068610176,5.13244299760958e-09,94.6771108467629,3.22437093062587,140.833421237923,2.84393425394729e-25,0,9,1.9857676366113e-202,2.8723610051862e-08,5.83247295151793e-201
LRRC4B,11,REML,1.12843356783827,0.193221583299089,5.21691754479835e-09,89.1317855491132,0.320367375441374,86.2096792896069,3.01244167826623e-14,6,0,6.06625248050468e-100,2.91552841369852e-08,3.89051232066544e-99
CAPN9,13,REML,1.34627447708687,0.230536619635468,5.22815906743879e-09,79.2310409873906,0.500297422318264,74.1478493343084,5.32239916972937e-11,11,0,1.85171021564519e-64,2.91988091492887e-08,6.88888887706644e-64
SNAI1,12,REML,-1.7978508861211,0.307961367711708,5.28595539072617e-09,94.7382693242115,1.01153916333527,148.43963401779,3.10455390614102e-26,0,10,1.37235376202326e-236,2.95012718588101e-08,6.54410927755387e-235
SLC16A9,13,REML,1.68688109980562,0.289018234637574,5.32798092439642e-09,91.3514202962162,0.932813219761975,129.282071178345,8.59981853186105e-22,10,0,3.18031731709769e-137,2.97153611032814e-08,3.47690388820666e-136
PER1,13,REML,1.17510754628606,0.201352006843783,5.34414498542741e-09,91.547346420998,0.454352849773432,93.3160798252366,1.12243708642364e-14,9,0,1.42133444844568e-118,2.97850198173718e-08,1.1866166535865e-117
CHPF,13,REML,-1.11630653069495,0.191291560152998,5.35880926964558e-09,94.8366772028802,0.424754757017552,190.811974867617,2.55577046269187e-34,0,7,3.96044369585592e-254,2.98475917504114e-08,2.53797129015463e-252
CLDN8,12,REML,3.85502008414159,0.660634783728186,5.36851283287958e-09,92.9623639422506,4.52121081446334,206.412019971536,3.46880596181218e-38,10,0,7.67285433714458e-140,2.98797454718423e-08,8.73595416910991e-139
DEPDC1B,13,REML,-1.06028210351931,0.181822781563368,5.49629159971086e-09,89.7382798164681,0.346553543849607,76.7937619115266,1.68078789968786e-11,0,8,2.41149255910709e-109,3.0548980358626e-08,1.76432891971134e-108
PDPN,13,REML,-1.53744150017378,0.263718445818106,5.54740461319034e-09,94.3561277672494,0.802914245162785,172.42035666257,1.52627909451829e-30,0,9,2.02841639825778e-254,3.07803117705869e-08,1.30502837559339e-252
TEX11,9,REML,2.55829494762587,0.439006289779627,5.62747573155958e-09,93.1203630873473,1.54432386909027,64.7359143402288,5.44257375573905e-11,8,0,1.12683496572019e-190,3.11819084196088e-08,2.8280766717061e-189
CNTNAP3,9,REML,1.17586140012742,0.201804450464187,5.65216764557732e-09,80.3265040232486,0.267941410495494,33.5326282361076,4.93610845776777e-05,5,0,1.20945667260238e-49,3.1308026661341e-08,3.52932344004722e-49
RGS16,13,REML,-1.51360057754541,0.259931424548403,5.77740831961125e-09,92.7799797075902,0.763289983493267,109.574144698944,7.26454702917788e-18,0,9,4.10996390061122e-201,3.19689833057533e-08,1.19417284445537e-199
NOVA1,13,REML,2.25236408776112,0.38691280270054,5.8365836226007e-09,94.8014007229569,1.74707571297577,141.02020144602,3.72718500300385e-24,11,0,2.15053226179504e-179,3.22743964096948e-08,4.49311592274264e-178
CMA1,9,REML,2.55477431316128,0.439108112107353,5.95207735804794e-09,90.0387793962859,1.48087607874044,105.376495953649,3.3863236850366e-19,7,0,1.19383667016283e-130,3.2868198299057e-08,1.1867365992244e-129
IGF2BP3,8,REML,-2.24853403876292,0.386548132238361,5.99283875562349e-09,76.3514612424748,0.857522680229081,25.2939690169012,0.000672902548784228,0,6,3.44002294393451e-45,3.30707606347596e-08,9.2738762869987e-45
SLC22A3,13,REML,-2.0016113552584,0.344338077700767,6.13906400860282e-09,93.909686751943,1.39471181472126,149.070306916108,8.75265309083402e-26,0,11,7.04286926184589e-183,3.38086429250943e-08,1.56419231975764e-181
ANK2,11,REML,1.9604092159993,0.337359107754984,6.20837853589767e-09,96.822915992154,1.17179037612862,200.917845057393,1.03860510797958e-37,9,0,8.26943286783046e-296,3.41671558732209e-08,9.85825846221583e-294
CCDC68,13,REML,1.64580252189045,0.283712585963553,6.59402670870876e-09,96.25707675522,0.96309268442312,282.276638314111,2.4490599508634e-53,10,0,0,3.6105692343227e-08,0
MFAP2,13,REML,-1.85034197667059,0.319067336108507,6.66237069717564e-09,95.8117855419472,1.20676985093599,190.892571934179,2.45995701314741e-34,0,10,5.42672143045237e-287,3.64675949065863e-08,5.63996375332848e-285
ATP6V0D2,12,REML,1.21178046763027,0.208993041328838,6.7036190059261e-09,81.6340098120226,0.374946121653969,40.1612984134696,3.35722904827968e-05,9,0,9.40542041795252e-77,3.66789254330581e-08,4.21010715726848e-76
SCGB2A1,7,REML,2.23061476312498,0.38539412632913,7.12805138707345e-09,88.8716421279599,0.885688016148196,48.4284553149832,9.70149056343228e-09,6,0,1.8092170077508e-80,3.88199856024931e-08,8.65275378957633e-80
CALB2,10,REML,1.71018217145722,0.295885660832371,7.47560910080792e-09,78.9194343143586,0.615950419874829,31.9624243210663,0.000202128646155857,7,0,1.1651275093573e-50,4.05942404549458e-08,3.45911230712506e-50
MLXIPL,13,REML,-1.81631307356056,0.314248737448008,7.476370936808e-09,93.600783149052,1.14486271684995,111.585547565719,2.90525285033727e-18,0,10,1.60451840021572e-207,4.05942404549458e-08,5.17178068045676e-206
RAB9B,9,REML,1.04859171578543,0.181451641638508,7.5188569400565e-09,82.204089376626,0.221734883795129,35.0411528382861,2.62808832914543e-05,7,0,4.43666054452676e-59,4.07975995880643e-08,1.52107374515568e-58
ITIH5,13,REML,1.30705120180111,0.226637914036018,8.06309793726594e-09,91.9372320783983,0.575925396172381,115.81859114865,4.20091651320795e-19,8,0,1.02720042158019e-85,4.34742290844339e-08,5.34124452696586e-85
CXCL2,13,REML,-1.55129494735816,0.269069840175759,8.14649493271166e-09,84.9502448146476,0.756453419479891,66.8811913225035,1.22173445858383e-09,0,7,1.47430208549563e-89,4.38801070910479e-08,8.0944326827432e-89
PABPC1L,13,REML,-1.16949481277119,0.20306185685135,8.44618425146435e-09,92.0551001468055,0.460009324342325,79.5156328739853,5.10521715292057e-12,0,7,1.65761355672344e-127,4.53864381951595e-08,1.5883503897847e-126
GOLT1A,13,REML,-1.19163147998502,0.206924545987862,8.47275714520684e-09,87.3784245687033,0.440221447553322,68.1914317283052,6.96998968048328e-10,0,8,5.58913533102225e-90,4.55014281534411e-08,3.08639819897356e-89
CYP46A1,2,REML,1.43619733458891,0.249399648016857,8.48053091899865e-09,74.911862622445,0.0947585515176403,3.98594756139468,0.0458812874317231,2,0,3.09691092353919e-45,4.5528095294611e-08,8.3586177465192e-45
SCN3A,11,REML,1.22740898075071,0.213411492771862,8.85218527060988e-09,85.8232605469374,0.372955558230565,61.0342701551417,2.3082451406252e-09,7,0,1.55104399899766e-80,4.74291076643748e-08,7.43336575694624e-80
PITPNM3,12,REML,1.13983966386838,0.198209482565016,8.88842667038539e-09,91.3251024984662,0.396320039463792,64.271135314399,1.47718795341435e-09,6,0,1.3027575555378e-96,4.75918301211884e-08,7.9285316246e-96
TWIST1,10,REML,-1.59777765660418,0.277847724843029,8.89527907870704e-09,89.3239560408724,0.60849843011267,65.6266132277724,1.08951426734705e-10,0,6,1.93367958757772e-88,4.76127962043834e-08,1.04922179228238e-87
NMB,12,REML,-1.15185878868625,0.200310672921433,8.90528113625468e-09,90.3693395546122,0.40163354284955,67.9334595172728,3.01269162247035e-10,0,9,7.36951213548411e-118,4.76506016706591e-08,6.06507107881238e-117
ADAM33,13,REML,1.88399176915818,0.327678868187399,8.95043339562827e-09,95.473185463426,1.25874420378706,325.649042716805,1.90145450194351e-62,11,0,1.21019618132839e-194,4.78764027196705e-08,3.19039198176865e-193
GSN,13,REML,1.22747567532144,0.213541691776479,9.02101928603294e-09,94.560420480281,0.541074830702734,247.814771413743,3.90614422705478e-46,8,0,8.86389526313146e-182,4.81903741958656e-08,1.93679695284569e-180
NAP1L2,9,REML,2.41240383553338,0.41976281032762,9.08062383294184e-09,94.0770158466874,1.44182796272339,143.128446545048,5.30052356433744e-27,8,0,3.44508392445249e-188,4.8489673671814e-08,8.32416477900869e-187
LOC100652777,11,REML,1.17483700720642,0.204425444696968,9.08302836867324e-09,88.2095717108751,0.380406590069173,86.1696861461947,3.06772569464778e-14,7,0,4.71628195124487e-131,4.8489673671814e-08,4.72006662194648e-130
RHPN1,13,REML,-1.63326298923805,0.284271072473984,9.16811225955841e-09,95.770714757687,0.954521612580498,145.2267692511,5.25815686556791e-25,0,10,6.15821815537617e-257,4.88955934421778e-08,4.09193405545549e-255
ASPHD1,13,REML,-1.16462835740803,0.202726270019824,9.20123100472338e-09,87.2384193993379,0.402545471936174,54.8963973898465,1.88898175680934e-07,0,8,7.69257806482414e-98,4.90560862478067e-08,4.78770703128575e-97
DUSP14,13,REML,-1.48084730333502,0.257972627275737,9.44937672499992e-09,95.9009823120694,0.790677301905032,217.977785066455,6.2323780061223e-40,0,10,0,5.03294168339106e-08,0
LIPC,9,REML,2.13619250610912,0.372321687646503,9.60891189234504e-09,89.0086095248129,0.999096910486546,86.6421447892423,2.2297160288819e-15,7,0,6.44458952902717e-112,5.11455313560703e-08,4.89625726495396e-111
GPA33,13,REML,1.21842769811722,0.212530418341494,9.86948020380455e-09,92.1536683451747,0.493260394219549,96.6332912008829,2.53507780580023e-15,10,0,7.36573310251665e-175,5.2429188251731e-08,1.43880278061569e-173
DSEL,13,REML,1.05682500186098,0.184385924318835,9.94919999874929e-09,91.5858702740301,0.367396283214919,86.1809556508756,2.69724526442139e-13,8,0,3.39720144373059e-126,5.28353683523493e-08,3.16363164889168e-125
SLC41A2,13,REML,1.01988731323262,0.178000832998067,1.00621932550245e-08,92.5851474298623,0.361070821702775,118.883330420194,1.03167179638638e-19,8,0,4.08506252592286e-146,5.3400438377647e-08,5.11832447703148e-145
STAP1,10,REML,1.7759142261821,0.310062440902951,1.01860253213571e-08,91.4130878704124,0.819118702530189,75.1216472418628,1.49526727084477e-12,6,0,3.15463422181946e-135,5.40222533644626e-08,3.33633950674227e-134
P2RY14,12,REML,1.40290071652091,0.244976455359523,1.02417677610661e-08,92.1537148833001,0.611403899170847,77.069543330815,5.42487187483151e-12,10,1,1.11859592981756e-148,5.43001244964569e-08,1.46729739564175e-147
SLC9A2,13,REML,1.6422161663568,0.286875206524814,1.03740838519174e-08,93.0834853500276,0.92167811931021,132.95110054883,1.57604370539788e-22,10,0,3.0078890436891e-187,5.49836618146899e-08,7.12966448323558e-186
PI16,10,REML,3.3754219019374,0.589923337005874,1.05402864424516e-08,94.5170490873922,3.09327059761254,180.885008167854,3.31072684314842e-34,8,0,1.11253705179614e-308,5.57915978098164e-08,1.11255549731217e-308
TUB,12,REML,1.27046799367262,0.222051094728312,1.0558022578994e-08,92.0104601916189,0.500741352338716,119.855786616242,1.93824540622673e-20,9,0,6.8838316103462e-132,5.58672389272942e-08,6.93645505895233e-131
CHAC1,13,REML,-1.03848500558756,0.181546062757776,1.06380740262546e-08,80.5646486785318,0.314278907612508,50.7116376445152,1.04719014262322e-06,0,6,1.26293270004846e-48,5.62357659562001e-08,3.6080930160151e-48
VEPH1,10,REML,1.30940450640696,0.22891946491505,1.06564683842989e-08,81.1914555299255,0.378583957283887,37.175508847185,2.44863397398468e-05,6,0,4.19086523203266e-52,5.63146420843017e-08,1.27551150754544e-51
NWD2,7,REML,1.54830307222037,0.270732339436147,1.07188148316289e-08,55.9096898578024,0.258544951729198,12.4481585162851,0.0526859535285684,4,0,7.46269264464992e-23,5.66256581509284e-08,1.29750815922476e-22
CSRNP3,12,REML,1.00727142235297,0.176268324547809,1.10078145979118e-08,76.5890241423105,0.253078112277742,44.5057903803172,5.92570010515897e-06,4,0,3.97475870586608e-39,5.80389262035591e-08,9.66448153842333e-39
SOSTDC1,12,REML,1.298007623202,0.227358684693004,1.13592298961433e-08,78.9874191756346,0.438023631141768,45.5040608394379,3.95535372849386e-06,8,0,1.14520109756152e-46,5.9775136094181e-08,3.17007775222211e-46
NOD2,13,REML,-1.08237335538346,0.189692128140031,1.15697547382421e-08,84.6807575954639,0.362516128758839,64.7020933460693,3.09471169603463e-09,0,7,6.8416343468045e-71,6.08237462941371e-08,2.80534693132881e-70
PKHD1L1,12,REML,2.05823974036322,0.36168249905109,1.26492699290886e-08,95.0573667337604,1.4053325254472,178.667882200447,1.93046379628919e-32,11,0,4.64054787152139e-232,6.60704295619566e-08,2.03894858105627e-230
FXYD1,11,REML,2.61096055638688,0.458847306502169,1.26845948061271e-08,97.1850399910899,2.18120275808486,227.485081344788,2.89153883393563e-43,8,0,1.11253692925361e-308,6.62336024450041e-08,1.11253692925571e-308
FCER1A,10,REML,1.42900146921277,0.251311760756823,1.29919844757493e-08,80.1564930869535,0.465960190972726,52.9452717080102,2.99357639544471e-08,6,0,1.59902891738204e-50,6.7729596239654e-08,4.73776605217745e-50
FAM72A,13,REML,-1.06974523860322,0.188270072644205,1.33150639969791e-08,90.128135106987,0.377158518395776,70.1998007658734,2.93880264509282e-10,0,7,1.71211908569559e-119,6.91249223768885e-08,1.44953455542468e-118
ABCA10,13,REML,1.6557123287795,0.291527595344906,1.35139578697274e-08,94.0036817993088,0.966307767440758,179.815567861475,4.65486079529214e-32,9,0,8.51295248790996e-234,7.00901468144242e-08,3.82328251209097e-232
NTRK2,11,REML,1.64802077988505,0.290266478219734,1.365871597723e-08,80.3100355358618,0.697832052259776,47.2011162931041,8.67965610945871e-07,9,0,1.56245384083254e-52,7.07730144259603e-08,4.78866996624158e-52
NBEA,13,REML,1.46345458076491,0.257895685882574,1.39013969158792e-08,93.8909225961816,0.75944009793911,154.327079066196,7.49668688421562e-27,8,0,1.5724447828418e-169,7.18940917208604e-08,2.82639104924768e-168
PTP4A3,13,REML,-1.64540783391438,0.289982877039523,1.39374776786572e-08,94.1884248656248,0.999106879517125,158.05120050486,1.31001528318632e-27,0,10,1.62789621506923e-218,7.20332564883869e-08,6.13792589184127e-217
FBLN1,13,REML,1.33457215971353,0.235364159081685,1.42594471935252e-08,93.0486257232813,0.619497494031928,219.854896410053,2.54383530721333e-40,8,0,5.36629939914017e-171,7.36503400282331e-08,9.90931801346919e-170
RASL10B,9,REML,-1.99888283576752,0.352536110086402,1.42790210535312e-08,86.4841625300638,0.92078966215146,37.9033071959111,7.8443349883873e-06,0,8,1.31971124854913e-72,7.37279517009241e-08,5.56186079353446e-72
PLEKHS1,12,REML,-1.36986018718971,0.241693193221179,1.44672317939251e-08,86.5758428181173,0.55348472359687,63.5217461521325,2.04180925775942e-09,0,6,5.28778336893374e-99,7.46759723256628e-08,3.35147895858181e-98
TTLL6,13,REML,1.8391119748573,0.324542106700616,1.45497455262824e-08,94.1576159635386,1.23651950898225,173.784865779066,8.02134123174713e-31,10,0,3.85850082214916e-204,7.50540961557799e-08,1.16278575891272e-202
TLCD4,13,REML,1.22823644371399,0.216809047255393,1.46972377584608e-08,91.8249461791326,0.532012755126615,99.7692146869559,6.17851192347497e-16,8,0,2.23030746194515e-118,7.56965530921509e-08,1.85530912675817e-117
TLR3,13,REML,1.19562686928798,0.211093706837979,1.47916624323254e-08,89.7126321478539,0.476471323035344,103.450069224867,1.17118923010186e-16,8,0,6.49297362584388e-121,7.61566284583333e-08,5.61443100777636e-120
KRT12,11,REML,1.23251640041479,0.217664646629302,1.49221981706646e-08,64.2095456016152,0.286427568707999,25.0899432243797,0.0051776023000621,6,0,1.19069505037858e-32,7.67799425391892e-08,2.54176943407345e-32
DPEP1,11,REML,-4.22379718541597,0.746015613371879,1.49786343810883e-08,95.8729545602393,5.66117685005855,131.444236489999,2.36979934267198e-23,0,8,5.21507405175231e-286,7.70458753872415e-08,5.31773557239373e-284
PROM2,13,REML,1.31930712207045,0.23308716164762,1.51245188551175e-08,86.3045060251679,0.575928733708573,53.8677676583832,2.8853243974164e-07,8,0,4.85041865182271e-63,7.77469322124349e-08,1.75849368519682e-62
SLC37A2,13,REML,1.85257089078487,0.327487033007417,1.54105483857141e-08,86.4036451381772,1.1306864915626,75.7998572812427,2.59327605106779e-11,10,0,7.89273209814999e-60,7.91419768696808e-08,2.73254036957732e-59
GDF7,9,REML,1.05493961503337,0.186511796663655,1.54801757436579e-08,86.2816419413698,0.244950716717934,70.155070412747,4.57717635156122e-12,4,0,6.09802605552078e-84,7.94492210610719e-08,3.09346985100621e-83
G0S2,13,REML,-1.18616011052288,0.209783758831598,1.56570415908902e-08,77.4174144925271,0.385101474584689,40.2593256265982,6.51178376522504e-05,0,7,7.01039342466902e-51,8.03061105071507e-08,2.09279154104509e-50
PTN,13,REML,1.83530708396646,0.324614048076901,1.56927055498206e-08,95.633288506354,1.26452828496603,128.622612461606,1.16617660035055e-21,11,0,3.01486515017591e-220,8.04228473499035e-08,1.1610453368124e-218
C7,13,REML,2.43962977471033,0.431667376090162,1.58921672455184e-08,94.4318193851081,2.1850918997612,183.096014446916,9.87137643540931e-33,9,0,1.63956085766143e-180,8.14090703164582e-08,3.51151917903101e-179
MAGEB17,3,REML,-2.70350683197357,0.47861478551382,1.61753152972064e-08,77.3173777536329,0.514982852077266,10.4720279132845,0.00532142605210317,0,3,4.4236027463713e-35,8.27288286793716e-08,9.88421600426101e-35
KCNN3,13,REML,1.26012102063599,0.223123979454775,1.62677612023081e-08,93.686425295565,0.552430098982444,134.011035677752,9.64671377650187e-23,6,0,7.74580477211461e-135,8.31229790018976e-08,8.13359668201387e-134
DNASE1L3,13,REML,1.67455837633188,0.296592625849636,1.64235398352999e-08,90.7031063521134,0.946152358312017,102.903656970638,1.49973668690001e-16,10,0,6.52085303216069e-133,8.38660949132967e-08,6.6870708545491e-132
CR2,12,REML,2.01470169124492,0.357694668837519,1.77654821343342e-08,83.2855809054047,1.16413977425477,57.7115185791637,2.45989873688825e-08,9,0,1.33765256080787e-70,9.02920883523386e-08,5.47246050173555e-70
PSCA,4,REML,1.45956919358325,0.259192258373472,1.78937037359977e-08,0.000425758677638794,1.69095082959491e-06,3.1297892920231,0.372043870598336,4,0,2.63526135176209e-07,9.09152675248293e-08,3.08777135911821e-07
EPHB3,13,REML,-1.07810161530401,0.191593464177127,1.83341931655532e-08,84.6302980029873,0.368945328958095,55.8626137669702,1.26703077939134e-07,0,8,3.51980821738527e-53,9.29203731769658e-08,1.088020031048e-52
STC1,13,REML,-1.60616307778003,0.285530907376801,1.85313402142275e-08,90.2102135351467,0.886773182397411,76.6562061109229,1.78483921613541e-11,0,9,2.05452798546554e-144,9.3890193404147e-08,2.51207105794516e-143
COLEC12,13,REML,1.30992638496985,0.233018870694533,1.89255691769266e-08,93.6920577192639,0.605496131246645,158.186497731247,1.2295058687794e-27,8,0,3.01630246222715e-190,9.5767869246414e-08,7.48902171823719e-189
P2RY1,13,REML,1.53567597935554,0.273227800547512,1.90409115787491e-08,93.2961717233594,0.860899605441235,155.14646133737,5.10842546206422e-27,9,0,5.79884599069814e-179,9.63214662796441e-08,1.20379884823545e-177
BRCA2,13,REML,-1.32999771585619,0.236645503930833,1.90724141241071e-08,94.9465909858408,0.654350057562734,226.258573224457,1.19321469990262e-41,0,10,2.88761536752417e-238,9.64507330611817e-08,1.4101478299298e-236
PTH1R,11,REML,2.04403026928134,0.363816111618255,1.92838672666781e-08,94.5425093901056,1.25979541909808,174.895603329098,2.68396752601422e-32,7,0,2.37686502802533e-224,9.74592705718992e-08,9.56231084351731e-223
B4GALNT4,12,REML,-1.510742768132,0.269009459835993,1.9548900399392e-08,76.9451111249893,0.616336808463133,42.5626608546616,1.29388276410819e-05,0,7,1.10676842898731e-47,9.87371720172408e-08,3.11312223094573e-47
MYOM1,13,REML,2.00384098798127,0.356850487639365,1.96162851407285e-08,95.3569014573354,1.50990805951573,222.473733712565,7.28265690538001e-41,10,0,6.78946469511214e-221,9.89850080879646e-08,2.64609593994839e-219
STYK1,13,REML,1.18484453432702,0.211055884185441,1.97827910870295e-08,93.5118660513272,0.513567162091053,161.116679371029,3.11019115114295e-28,10,0,1.87719621687407e-177,9.97941480690757e-08,3.79488556909967e-176
HAPLN1,13,REML,1.86242471204998,0.331766670659113,1.98093252683207e-08,92.6860346108336,1.23429860891768,122.513801989178,1.9470559748496e-20,10,0,6.49534071286676e-158,9.98658552783843e-08,9.80530344298965e-157
TPSAB1,13,REML,1.35866134880763,0.242034637196885,1.98275014624587e-08,88.2344986403055,0.610173146607559,127.418964623352,2.03259477683229e-21,9,0,1.45035268364778e-81,9.99264162918382e-08,7.07843710414853e-81
SCN11A,5,REML,2.06623496172308,0.368392539260463,2.03750630965978e-08,92.3638490712412,0.617693396917438,49.1631317892714,5.39869385260609e-10,5,0,5.34892486900078e-137,1.02622211241112e-07,5.82027643631608e-136
LY9,13,REML,1.26408834953039,0.225510427676059,2.07709673922016e-08,91.6134236618077,0.556828247615713,129.234868338335,8.78939762904466e-22,7,0,5.8960119280939e-155,1.04551286659349e-07,8.51978978522161e-154
CCL28,13,REML,1.51547519865596,0.270398464669708,2.08736612883124e-08,92.3333651751414,0.827344287744204,150.621650129754,4.24071399572968e-26,8,0,2.86150081874521e-120,1.05035589840909e-07,2.45728351558877e-119
ANGPTL1,13,REML,2.28379592877655,0.407610723105876,2.1081333218376e-08,96.5056317221519,2.00103208926462,247.797705309842,3.93827303435096e-46,12,1,1.11253697862405e-308,1.06014781473179e-07,1.11254455252156e-308
PIRT,5,REML,2.9777026010879,0.531735246728422,2.14386179377788e-08,88.8033670509692,1.09921526779535,48.282187915517,8.24214552293605e-10,5,0,2.47168042222142e-86,1.07711283738831e-07,1.29561444181946e-85
NLGN4X,10,REML,1.43191993578618,0.25573685379475,2.153522579122e-08,92.9371910725703,0.578062198953113,97.955433687846,4.07470731734682e-17,8,0,3.412055391023e-145,1.08129642537334e-07,4.21643704684877e-144
PTTG2,2,REML,1.01183833595054,0.180800594941584,2.18807382216176e-08,0,0,0.303264201173502,0.581843259462888,1,0,1.07987050462985e-07,1.09830467116745e-07,1.28000734694866e-07
SYNE3,13,REML,1.12245247974433,0.20062184792123,2.20791444337964e-08,93.6842591701947,0.46039338246374,144.115695733019,8.82395450540318e-25,6,0,2.72793555590281e-186,1.10757787346888e-07,6.37291342476257e-185
MT2A,13,REML,1.48963595896415,0.266535679560994,2.28538658643093e-08,92.2019942871117,0.802617964217786,112.235604574978,2.15974170625345e-18,10,0,6.75626824922429e-134,1.14431663760978e-07,6.99932122202386e-133
ENTREP1,12,REML,1.95935112248788,0.350672732192446,2.30485706211151e-08,93.6365981572891,1.33240746146167,99.9399121073957,1.83543934923356e-16,11,0,2.56103365941774e-125,1.15335331938315e-07,2.35920674546249e-124
RIMS4,5,REML,3.02864934795781,0.543378058143741,2.49324257385909e-08,87.1723536171911,1.27095640631101,27.774356196027,1.38575854980861e-05,5,0,2.05413899008325e-65,1.24187225345553e-07,7.76854570707247e-65
JCHAIN,13,REML,1.98267063405289,0.35572260580088,2.49467412060436e-08,92.8163802249149,1.45979139790509,153.174459447825,1.28557875436833e-26,9,0,1.49822809366749e-162,1.24220367068054e-07,2.40264807938981e-161
UGT2B15,11,REML,2.08475198924498,0.374145394006543,2.51777889276965e-08,68.9669086775654,0.955718937249212,29.9914703541218,0.000859397449695417,8,0,8.51444696879175e-26,1.25255443965862e-07,1.57657296373939e-25
ADH1C,13,REML,2.73364006234534,0.49087102959191,2.56267497611568e-08,95.3391831907996,2.89796965856404,197.307303613432,1.17218001099927e-35,12,0,4.7330162600637e-228,1.27410761692007e-07,1.97774207794878e-226
KCNG1,11,REML,1.13782156787326,0.204359066005956,2.58039710052599e-08,57.6621447791192,0.232030637591587,24.5572061791439,0.00625108335178527,5,0,1.0254183986931e-22,1.28213233805785e-07,1.77827666039268e-22
NXPE2,12,REML,2.01400974489493,0.361753024959772,2.58625980266304e-08,94.2745743410566,1.32775000828731,252.615780338456,7.91382099653284e-48,8,0,8.74373675505714e-243,1.28425819848625e-07,4.58777359254827e-241
PLAAT5,5,REML,1.56234259411685,0.280768052518766,2.62858066330482e-08,66.3441496212296,0.243373669890578,10.8309031598902,0.0285316240817034,4,0,1.45612935573864e-30,1.30367630144267e-07,2.9842276886096e-30
EPHA7,13,REML,1.97988173801527,0.356054938502585,2.6883729737196e-08,90.9379176160745,1.30845623107725,69.4023199626799,4.14289363697799e-10,10,0,2.08260019103168e-91,1.33251577569294e-07,1.1830832830132e-90
ACHE,12,REML,1.14167223906322,0.205358136606173,2.70671818056148e-08,85.4454131261951,0.383262680369517,47.3365048971633,1.87395684217471e-06,6,0,2.09529332236441e-42,1.33997013317384e-07,5.38282215742261e-42
LGR6,13,REML,-1.27005446770795,0.228570856179896,2.75234236229349e-08,81.553201012982,0.514453276490809,50.1855625489431,1.29604865457696e-06,0,10,1.85920230554507e-48,1.36130953995925e-07,5.29851414656394e-48
CHRDL1,12,REML,2.13979085532303,0.385167572939506,2.76849473282124e-08,93.7445351151222,1.53121211713723,130.300733843447,1.51319388349033e-22,9,0,5.57715839716602e-172,1.36846357022045e-07,1.05264806860597e-170
B3GALT5,12,REML,2.30459311212783,0.415059033883744,2.81698820761039e-08,93.0744117903582,1.83082753927583,121.215964892163,1.03210165890186e-20,10,0,2.07838423646902e-127,1.39200944254762e-07,1.98567139810679e-126
DUOXA2,13,REML,-2.21529070069224,0.399090532984455,2.84287947960272e-08,85.0278782864032,1.61927708393687,51.478433745689,7.66798524477063e-07,1,9,2.45585516155063e-64,1.40352024978072e-07,9.11347670730609e-64
SSTR2,12,REML,1.75857514572169,0.316879615194281,2.86220423263679e-08,93.2045031003973,1.05352290021628,100.180024777985,1.64509744636436e-16,9,0,2.66722347272737e-167,1.4122007676123e-07,4.60039299609882e-166
GCSAML,9,REML,1.52561028542142,0.274939282809824,2.87474336927324e-08,86.4494518991993,0.562358882880667,54.5129403541666,5.48952778614615e-09,6,0,3.64884849974226e-81,1.41752476417357e-07,1.76804485135449e-80
PTPRT,4,REML,1.2425982026326,0.22406576753444,2.92805282567293e-08,57.6357336381519,0.115016445052488,7.30177465686576,0.0628765377906303,3,0,2.38603331326808e-17,1.44249530424294e-07,3.64709702159097e-17
NOX4,10,REML,-2.27865993135158,0.41111905377315,2.98048458250255e-08,93.6701596079619,1.48009377701349,75.8977076791015,1.05049145041701e-12,0,7,1.84988881200298e-218,1.46654314221893e-07,6.95875807633509e-217
BEST2,13,REML,2.69114574880658,0.486034617179056,3.07797471856365e-08,92.838984339627,2.76307721937012,126.462262865441,3.16009695624037e-21,10,0,1.03476412856094e-150,1.51084481114358e-07,1.39805256802988e-149
SYNGR1,11,REML,1.48730926209215,0.268685376151179,3.10332755427234e-08,93.9641842466485,0.707779582985639,112.377508012277,1.76758536915048e-19,7,0,2.67633181692238e-161,1.52236761384016e-07,4.20051962708252e-160
S100A9,13,REML,-1.72987736426527,0.312605504934686,3.13474822530356e-08,91.495432312251,1.10728591162933,133.537040092645,1.2015237011062e-22,0,9,3.2943964739267e-146,1.53592242299325e-07,4.13405959998248e-145
MYOM3,13,REML,-1.53684830236682,0.277757665642781,3.1470162984832e-08,89.6981512472542,0.825576033848507,95.7544062368216,3.76215793831112e-15,0,8,7.82839325746142e-119,1.54053669224964e-07,6.56604965769385e-118
TOP2A,13,REML,-1.3424019308864,0.242698942526866,3.18155501630892e-08,95.104969082975,0.691903193719543,185.765570312212,2.79106991307676e-33,0,11,6.56724129995144e-228,1.55603473542734e-07,2.73012008195161e-226
RYR3,13,REML,1.30144100880929,0.235301022724319,3.18479368983656e-08,91.6979562140414,0.574292093064191,58.7311254618739,3.84094828885942e-08,8,0,7.57955110507256e-84,1.55714897748251e-07,3.84142738563743e-83
GBA3,10,REML,2.94554539109111,0.532909031011315,3.25205988062523e-08,92.9683723474436,2.49766696179491,73.0538278230207,3.8238606125438e-12,9,0,6.81203828861631e-119,1.58812189290894e-07,5.71654124085592e-118
FER1L6,12,REML,1.96248033199656,0.355106639980328,3.2676882243566e-08,90.7206101758237,1.30312628985163,99.9502822700339,1.82678192196747e-16,10,0,7.36803358008966e-123,1.59479317223039e-07,6.55641758693708e-122
CD209,13,REML,1.20495480311413,0.21804455056782,3.27266656885106e-08,91.7275871733619,0.526146291964517,132.049262192141,2.39250801906734e-22,8,0,2.72960166669377e-125,1.59674219322245e-07,2.51306256797877e-124
SOX10,10,REML,2.33323357086661,0.422219013015967,3.27387424838812e-08,92.2674182204112,1.55437086635721,73.0139801515926,3.89358017097695e-12,9,0,3.39051960716671e-107,1.59685087813227e-07,2.41098659609622e-106
SRMS,11,REML,-1.25266031867216,0.226755786940649,3.30857276958083e-08,87.2061704631756,0.442822793567385,68.246786493201,9.65523152889681e-11,0,7,2.23507692094177e-71,1.613289934232e-07,9.23243366095005e-71
CADM3,13,REML,2.86972222656432,0.519526460820072,3.31883423874341e-08,97.355294844992,3.30765148064639,313.217793289907,7.84367905158706e-60,11,1,0,1.61780696069594e-07,0
ADORA3,12,REML,1.20736047575734,0.21896824432167,3.51045767619004e-08,89.2633963406893,0.449509211492215,75.2423020177729,1.21783384796758e-11,7,0,3.22192435850242e-101,1.70608663981022e-07,2.10124938151246e-100
RERGL,5,REML,4.97016570467228,0.90157095358781,3.53202099711292e-08,93.3339610247167,3.55137741257845,61.3179418901409,1.53276258976564e-12,5,0,5.40540068749698e-136,1.71605203554665e-07,5.79998420558494e-135
BCAS1,13,REML,1.74217297086605,0.316118695232814,3.56526068956036e-08,95.068172523499,1.19158125508068,207.025324066297,1.15369380246959e-37,10,0,6.06629849060392e-236,1.72961016037828e-07,2.84256928983125e-234
TLL1,12,REML,1.15551078201919,0.210060688723159,3.77980560106424e-08,84.5895503005631,0.398219680642766,61.9757409943742,3.97399885275952e-09,7,0,7.68294131467009e-79,1.82658683189432e-07,3.5763286688127e-78
TMEM158,12,REML,-1.40004375613792,0.254890472698065,3.95774567972656e-08,93.1508468139679,0.683852456901376,105.796204576647,1.26206900788114e-17,0,8,3.21338461996116e-171,1.9091618775783e-07,5.98147013127788e-170
KIF5A,12,REML,1.12963169032795,0.205773057089697,4.02624316265664e-08,82.0986156821791,0.355717579342415,69.2099339134786,1.72590017795028e-10,6,0,3.84976629020067e-51,1.93989540553201e-07,1.15308074751567e-50
PYCR3,13,REML,-1.05427932964701,0.192158050846188,4.09924920285725e-08,92.7000470691659,0.419503392667016,141.128943327522,3.54337408755294e-24,0,6,8.84372047308907e-154,1.97272565526639e-07,1.25554500902096e-152
MCOLN2,13,REML,1.17612161252391,0.214512346064498,4.18719930441681e-08,79.9055322899194,0.438453734664568,49.9499991958377,1.42565208543837e-06,8,0,8.48511500665929e-51,2.01027723785934e-07,2.52559518272383e-50
RBMS3,13,REML,1.03905210978642,0.18957250609248,4.22862858686734e-08,94.8216527912035,0.412290766322011,146.363760989776,3.09479188510412e-25,5,0,2.41434432811742e-183,2.02776561014139e-07,5.40659731930493e-182
KIF18A,13,REML,-1.20180693693366,0.219292381200366,4.24398450712432e-08,93.9675742222705,0.555495117519001,149.265143921502,7.99149675848154e-26,0,8,2.27966552257916e-189,2.03392612515538e-07,5.60003289660242e-188
SNCG,11,REML,1.58748871064883,0.290296627635807,4.53845934372345e-08,93.4203535979396,0.809134470576291,129.091154932798,7.1580189444223e-23,7,0,3.46213533642927e-180,2.16800357512635e-07,7.34706809025233e-179
C3orf85,11,REML,1.46760399484494,0.268401838593875,4.55306982102275e-08,86.4337120869435,0.630846984820908,56.6710657549692,1.53659154143252e-08,7,0,4.23059025872607e-67,2.17434229773908e-07,1.64249424963424e-66
CD79A,13,REML,1.35916628033061,0.24870258535677,4.62837017502101e-08,87.4681805950844,0.649819304246607,97.8129510318806,1.49143319716615e-15,7,0,4.81069683081384e-97,2.2057544282074e-07,2.94991784107356e-96
METTL24,11,REML,1.3116199479759,0.240060364710367,4.66287989797294e-08,90.1403217955791,0.529108018683509,104.780695345272,5.99428363662499e-18,8,0,2.4085672398194e-99,2.22024293056785e-07,1.53257851880659e-98
POU5F1B,11,REML,-2.39342744749692,0.438178422555923,4.70213784926071e-08,95.0469792941594,1.96338476243274,147.330137914074,1.31947543180683e-26,0,9,2.33561157553605e-187,2.23696481660985e-07,5.55238570002434e-186
GRM8,12,REML,-1.47520739860951,0.270119304825674,4.72612829331844e-08,82.6637391819331,0.654019751545933,54.4371944324933,9.82214510458678e-08,0,9,1.01827522822159e-40,2.24771833439636e-07,2.54458943821773e-40
WNT11,13,REML,-1.41507827998752,0.259355202803504,4.8659649995609e-08,80.1485748264149,0.649273441776739,47.11385750112,4.45470523485992e-06,0,7,1.90099129531401e-38,2.31015784883985e-07,4.57281481764481e-38
JAG2,13,REML,-1.21920524173387,0.223649626333881,4.99727237678401e-08,91.3502328655477,0.563613281141784,103.103989378661,1.36977708605234e-16,0,8,2.63647748857248e-135,2.36626101182241e-07,2.7956317542332e-134
XCL2,7,REML,1.40669367106821,0.258182196030346,5.08096914055145e-08,81.4654971427647,0.349338929918443,33.197182429347,9.60835941896184e-06,4,0,2.28120894782851e-55,2.40378618837936e-07,7.36024689973007e-55
SST,7,REML,4.39213459726685,0.806973956361684,5.24726164660223e-08,94.1254238977243,4.24421992651619,76.7691759502121,1.65839416972728e-14,6,0,5.31169345484546e-149,2.48028726170151e-07,6.98446763855713e-148
PNOC,8,REML,1.56317366309661,0.287502828760395,5.41631676751691e-08,89.2921373266263,0.541709752722267,84.8686716798956,1.39458036626265e-15,6,0,4.88081774699866e-80,2.55721443656819e-07,2.31111852021289e-79
IQGAP2,13,REML,1.09137979066134,0.200770862549025,5.45061215710475e-08,91.8481944486526,0.456737569380564,90.6373314077558,3.71589475153167e-14,8,0,7.03178028556094e-108,2.57116016593364e-07,5.0489926381665e-107
ARL14,13,REML,1.31166504686952,0.241319261794892,5.46757618118102e-08,92.0489041754181,0.658003448608731,144.007675929403,9.27929123283179e-25,8,0,4.15981947071156e-157,2.57766247820552e-07,6.19881921678736e-156
DUOXA1,11,REML,-1.79773109633671,0.331411648704085,5.81281746412871e-08,83.8008802824198,0.934649218130584,39.9504469014644,1.72885952637676e-05,1,9,3.57408741840908e-52,2.73089566925293e-07,1.08922329538847e-51
ATP8B1,13,REML,1.08005592568114,0.199114877934544,5.81868484567452e-08,95.0260790272448,0.46433554941642,129.311909739842,8.48209116621737e-22,8,0,6.42519371810031e-228,2.7328602955655e-07,2.6779348522252e-226
TNFAIP6,11,REML,-1.4372703946563,0.26505083049229,5.87311899542268e-08,87.6272711318873,0.604530650071437,62.3230926914725,1.31361528022666e-09,0,7,2.31406320967296e-95,2.75682913354916e-07,1.38085781444342e-94
SLC35F1,7,REML,1.34620480780669,0.248314491076151,5.91438999686865e-08,86.9425409983696,0.342009763888393,30.4945054950087,3.16500396427459e-05,6,0,2.46588849793353e-77,2.7745950526398e-07,1.11549805292958e-76
GNG4,13,REML,-1.38703102067649,0.255863753229161,5.92748357909606e-08,79.3281206417677,0.612647142756937,49.8177352469416,1.5039565737511e-06,0,9,1.15403974382068e-41,2.77993321573284e-07,2.93083433060224e-41
AP3B2,8,REML,1.38237898531049,0.255039345804167,5.95131744198435e-08,74.5180801167439,0.347782098473388,29.7121901620214,0.000107222641716267,5,0,8.2307762175499e-37,2.78869103141307e-07,1.91018572595386e-36
STX1A,12,REML,-1.15707746102711,0.21353839529278,6.00701935346553e-08,92.0754526092002,0.468332131276008,92.0544938679507,6.59078526218268e-15,0,7,1.04400053945094e-181,2.8123190239045e-07,2.27811315560136e-180
CEL,13,REML,-2.12236690595709,0.391685926863009,6.00868013248948e-08,88.4280842582775,1.68139646488024,76.0095480426938,2.36670000626964e-11,0,9,1.21303893045323e-61,2.8123190239045e-07,4.30632804454526e-61
DAAM2,13,REML,1.18827583016287,0.219326552577328,6.03238832281119e-08,95.0597373904723,0.567656111500098,181.452816735137,2.14703718824986e-32,8,0,4.31875251814047e-182,2.82144172190463e-07,9.47495731753876e-181
RPL10L,10,REML,1.95378643893252,0.360626562993652,6.03519690963635e-08,92.5927512518661,1.18391612807043,108.702223306049,2.70110280743367e-19,7,0,1.45939330471944e-105,2.82147195778357e-07,1.01462880143294e-104
DCLK1,13,REML,1.82560215058503,0.336988884823977,6.04733900317602e-08,96.5120621371876,1.35549773639336,241.252998659158,9.0956796239559e-45,11,0,0,2.82633344648293e-07,0
HMX3,2,REML,1.80025970052909,0.33269549765767,6.26271150086568e-08,0,0,0.684825470489474,0.407930026615249,2,0,2.53535982097123e-07,2.92530514444066e-07,2.97221900053554e-07
TPSB2,13,REML,1.39594637114457,0.25845197775589,6.62029279432642e-08,89.726000778325,0.717269164370033,161.684499117472,2.38247204341251e-28,9,0,3.84263108073267e-83,3.07902487304688e-07,1.92345099450197e-82
CIP2A,13,REML,-1.08613099980355,0.201338553615643,6.86952961612779e-08,93.4347492208462,0.451781440101019,183.534402606921,8.0226413482657e-33,0,9,2.03456624850486e-187,3.18580330853203e-07,4.84382123157259e-186
FBXO41,13,REML,-1.1507069082927,0.213389940798038,6.94811040687969e-08,92.815434828616,0.519271330262297,103.172866476399,1.32774232752717e-16,0,9,1.36308190747493e-154,3.21948311022407e-07,1.95745322992835e-153
FRMD3,13,REML,1.57807680749102,0.292812175967497,7.07001991194927e-08,94.2856412873821,1.00979338713305,149.111460149935,8.58607002865396e-26,11,0,1.90926707426284e-149,3.26849822732916e-07,2.53313805851255e-148
DAPL1,3,REML,-1.41951459538948,0.263419985213258,7.09342104675123e-08,0,0,1.01505783089753,0.601981289061965,0,2,1.35017821171459e-06,3.2783818537907e-07,1.55240332930491e-06
TDRD10,9,REML,1.41408209650586,0.262640913649156,7.28124066361049e-08,91.1002559948601,0.504068256661838,100.058587141512,4.15305678558491e-18,6,0,9.00615450592856e-157,3.36039723538619e-07,1.33470551192523e-155
CLXN,2,REML,2.84487056230232,0.528442646342609,7.3051573542696e-08,62.7191707997907,0.366418119912057,2.68234377145878,0.101466292743909,2,0,5.09305546674552e-22,3.37047570246935e-07,8.68282947238118e-22
MAP6,12,REML,1.13535653082784,0.21094240508895,7.35376950665448e-08,90.2536161198019,0.424985762243351,72.3870035352175,4.28733519332066e-11,7,0,3.75713548428572e-84,3.39097454526135e-07,1.91194091672079e-83
CCDC78,11,REML,-1.00887878682594,0.187534982761893,7.4617048793427e-08,80.8565910682164,0.27886998510699,56.0871112238845,1.97720123755784e-08,0,7,2.27952983389239e-44,3.43878968757201e-07,6.06067845144265e-44
PRSS33,6,REML,-2.88741976862585,0.537505288660619,7.79152474008693e-08,87.7800412600597,1.50506405861257,48.5608030362512,2.72864447885739e-09,0,6,1.56574952755448e-72,3.58365930811431e-07,6.58337580141098e-72
COL8A1,13,REML,-1.72552187163896,0.321324063456288,7.87208129060864e-08,95.8431506212312,1.21629656637472,222.636798068029,6.73685516886972e-41,0,10,5.25247767402852e-276,3.61660679979138e-07,4.75745366083935e-274
SPON1,13,REML,1.31863169554681,0.245559451718165,7.87767638874806e-08,86.9707219337626,0.639032623491171,80.56875102578,3.21466365896073e-12,8,0,1.92279837815845e-78,3.61815204789723e-07,8.88157552851364e-78
FADS2,13,REML,-1.38828874304394,0.258648158231107,7.98444842619563e-08,89.4492386669514,0.74689695964782,96.3779138185127,2.843322013285e-15,0,8,1.19622393203388e-97,3.66200459218981e-07,7.42226506317078e-97
MSX1,12,REML,-2.24217043759357,0.418260678808873,8.28996322945917e-08,92.4851340153922,1.83702155848836,118.97583715981,2.91298004154055e-20,0,8,1.87150982020118e-136,3.79890259579484e-07,2.02285258099479e-135
RXRG,6,REML,2.63297406228779,0.492299498079686,8.87755894690359e-08,93.035497356519,1.34056586929114,74.9123522118141,9.70312322372515e-15,6,0,3.6598060732529e-124,4.05441868186332e-07,3.31118503714561e-123
FAM83A,4,REML,-1.92810185178172,0.361416544455944,9.56253230451414e-08,71.9230582065635,0.361449046046747,8.86747298249294,0.0311057982276079,0,3,6.38774503213978e-30,4.34887338718339e-07,1.28763533763623e-29
FOXS1,10,REML,-1.32266595442412,0.248191112004977,9.86334528147483e-08,86.1281732299385,0.458816145943707,37.7222780435176,1.95487206236996e-05,0,7,6.93951758957251e-67,4.47438212223143e-07,2.68201188747888e-66
NEFM,4,REML,2.89026007192863,0.542420103259323,9.90527758657861e-08,76.7577380142933,0.843453420269312,9.37974066049451,0.0246457403819248,4,0,9.01052506415553e-30,4.49089109371362e-07,1.81137808884257e-29
CTSV,13,REML,-1.22084822857078,0.229497413480344,1.03961306475327e-07,86.7813840601919,0.538731960434748,74.4411307671124,4.68537953955051e-11,0,7,1.38032306783648e-72,4.69374731797402e-07,5.81579467225386e-72
CCL5,13,REML,1.14133667646784,0.214769962719756,1.07110092910896e-07,89.6285824461002,0.497946171985607,78.3204357429003,8.62100376109908e-12,6,0,4.49617518784573e-101,4.82650343625447e-07,2.92874601528898e-100
RPS6KA6,13,REML,1.43389733489554,0.269929770171881,1.08361606835983e-07,90.9412852890891,0.799106187052787,199.681927166551,3.79367096117641e-36,8,0,6.89939956481231e-134,4.87612193070164e-07,7.14303736553652e-133
ATP1B2,10,REML,1.79504696979066,0.338663314250785,1.15556831557636e-07,94.6476399425808,1.02245163724969,98.2289967344703,3.5879229406366e-17,7,0,1.31756375851401e-170,5.19125217523954e-07,2.41921418083664e-169
NUF2,13,REML,-1.40055702310723,0.264243314864776,1.15640877979026e-07,94.4945744422582,0.798162424091097,125.491111695952,4.94449284182141e-21,0,10,1.21044715717891e-174,5.19358879411065e-07,2.35311507905776e-173
ACTL8,3,REML,-1.29852538257679,0.245336875761982,1.20440537465619e-07,3.91247530330939,0.0101066787327019,1.78374505964182,0.409887507115101,0,3,3.29449382761583e-07,5.3956961423876e-07,3.85324112156511e-07
REG3A,7,REML,-4.57031305197152,0.863524831388703,1.20573045552499e-07,86.9104584201613,4.23120308972887,29.557809924584,4.76944335841828e-05,0,6,6.50292219188637e-67,5.40014029707917e-07,2.51507341357475e-66
H3C11,6,REML,-1.11884938262623,0.211576886521049,1.23562606007989e-07,51.7474765968186,0.127937987888524,10.4602430573709,0.0631965877073244,0,4,2.17474272369014e-15,5.5279264106168e-07,3.17821378936256e-15
VGF,9,REML,-1.68162412616728,0.318266344875547,1.26599988172029e-07,83.6951114277364,0.713817916381642,39.6408139964668,3.73691992139289e-06,0,6,4.84325503857141e-49,5.65445071138599e-07,1.39622499893951e-48
RNASE1,13,REML,1.02827097388635,0.194805073661736,1.30273421517189e-07,89.774277011818,0.415403821188243,76.80350955688,1.67364796085606e-11,9,0,2.1656882225114e-102,5.80732192207363e-07,1.4419837023235e-101
PLK1,13,REML,-1.0773146059973,0.204338769349956,1.34798977938016e-07,94.4007747100546,0.487385709936288,109.855346435206,6.39153075523336e-18,0,7,5.16097990268157e-136,5.99587333143775e-07,5.54138855378651e-135
SLC27A5,13,REML,-1.13860945415605,0.215969507081354,1.34883070908339e-07,83.1319396602702,0.438214769771176,59.0198133577076,3.40407937229363e-08,0,6,8.89463977662819e-62,5.9979682628549e-07,3.16316724497637e-61
MIXL1,5,REML,1.53628032669656,0.291426309401302,1.35246158834663e-07,75.6510933208518,0.263123845287497,16.1522081057383,0.0028215778720915,3,0,4.56394395540572e-36,6.01246496623634e-07,1.04439270781924e-35
LYVE1,13,REML,2.12340557043537,0.402908011498703,1.36275615408118e-07,96.4190984163865,1.96061559347957,239.384504254379,2.22758434187117e-44,10,0,0,6.05490970844565e-07,0
SLC9A3,13,REML,1.53260450909965,0.291158901353689,1.41101927020464e-07,82.9562177042892,0.836032443589686,54.1619774315304,2.55651864364829e-07,9,0,2.05446050492491e-37,6.25392439251718e-07,4.83228901296208e-37
RASGEF1C,2,REML,2.76393571767616,0.525463766605404,1.4406091017527e-07,67.4418120857662,0.383730579622396,3.07142400748544,0.0796796475334092,2,0,1.0239175400315e-29,6.37635691147051e-07,2.0560781615718e-29
KLHL34,8,REML,1.35404307364855,0.257470294153466,1.4482010141316e-07,72.8087076881736,0.375613466150553,25.830441414409,0.000540034114909781,6,0,1.07609225512234e-25,6.4064619487355e-07,1.98618894948753e-25
B3GALT1,12,REML,2.57184379823356,0.489042423827153,1.44889706994266e-07,94.9281403199166,2.58734636800159,222.681780524856,1.42595015680736e-41,10,0,1.07328787837168e-221,6.40779274276603e-07,4.22359620680584e-220
LRRN4CL,13,REML,1.13750562430105,0.216357289637511,1.46000576100217e-07,89.4196037992596,0.490509116726236,121.381243943661,3.27710381307778e-20,6,0,5.89948819949269e-98,6.45164170158847e-07,3.68445308853525e-97
CCR10,6,REML,1.50703457651738,0.287180952706228,1.54024103654901e-07,91.5085675409524,0.407003924200494,46.0375256138305,8.92373425786669e-09,5,0,6.27762925129497e-102,6.79138643610799e-07,4.13904851774076e-101
GALNT16,13,REML,1.55877418274707,0.297085838064467,1.5469534134082e-07,91.9564532348756,0.996986220514939,132.222628253879,2.20806262585493e-22,9,0,1.34365688354514e-109,6.81727526273092e-07,9.85733441308481e-109
CTPS1,13,REML,-1.1039097544257,0.210604807688532,1.59175438978984e-07,94.8944030085716,0.519087716264168,176.600924856528,2.1244203880232e-31,0,7,3.69038268677581e-252,7.003287360017e-07,2.32810017512437e-250
SP6,11,REML,-1.38601007672433,0.26485488375053,1.66697363804513e-07,89.9269880574391,0.655358606152265,59.8309972350053,3.90118664521299e-09,0,7,7.78377419159508e-96,7.31438256931683e-07,4.66537267905105e-95
PGM5,13,REML,1.83085558207557,0.35006136021165,1.69419256082091e-07,94.5313201107037,1.42081144657069,162.45917592707,1.65598098589225e-28,11,0,6.42385337534173e-129,7.42376864556471e-07,6.27409245629009e-128
ABCD2,11,REML,1.13566881060915,0.217218277899366,1.71133314187366e-07,90.0993925838343,0.423692725431912,74.3175881554184,6.45889299477465e-12,6,0,2.05558288764738e-107,7.49103627951702e-07,1.46621932940725e-106
SCG3,8,REML,2.50207358188323,0.478784547788249,1.73322900360241e-07,91.457726375703,1.5746516468697,66.2787768067845,8.31791409389999e-12,7,0,3.7006650867795e-118,7.58048066776527e-07,3.0659756587793e-117
NUGGC,13,REML,1.42514173493432,0.272826964747963,1.75467892029398e-07,91.6549862323112,0.81758830091038,114.470957381674,7.78087988200084e-19,9,0,6.15641860831047e-127,7.66602245613749e-07,5.84049238715843e-126
TFCP2L1,13,REML,1.02841554045185,0.196992107974408,1.78351503813801e-07,90.5405150271983,0.411147812656161,116.15463498268,3.60205451194991e-19,6,0,6.31947296589973e-131,7.7794267724863e-07,6.30508401206968e-130
B3GNT7,11,REML,2.13132389321819,0.408284747867979,1.78739814489152e-07,91.8918490412782,1.5704342257159,111.310249365745,2.90310352338251e-19,9,0,8.18720057270645e-132,7.79132748148477e-07,8.23443442216437e-131
FCGBP,13,REML,2.30407737320695,0.441478450523276,1.7988881584938e-07,94.9924087779665,2.33475215699286,190.849213729761,2.51104613869278e-34,11,0,2.97550190157843e-189,7.83594135240729e-07,7.29830746297898e-188
LRRC19,13,REML,1.88536669824718,0.361426230663317,1.82371606183231e-07,96.2192203902952,1.58513337904177,354.627912832695,1.4805078577777e-68,11,0,0,7.93769355986233e-07,0
CLDN18,3,REML,-1.74278441571728,0.334126322323541,1.82882747935085e-07,58.7670311674244,0.190483989513962,4.54923657664345,0.10283615470563,0,3,5.82134432586643e-16,7.95780459546843e-07,8.61931100961392e-16
SLC2A13,13,REML,1.00281853329912,0.19259815333681,1.92133201696382e-07,94.7400675872028,0.431390847595609,132.813011702641,1.68009102276719e-22,7,0,1.88801574979643e-173,8.34240921023955e-07,3.61825051435574e-172
C4orf19,13,REML,1.08053313448797,0.207538772171343,1.92523031233807e-07,95.1452252069326,0.509068041653606,212.512123845153,8.45067046455314e-39,7,0,3.48722243790083e-236,8.35486056047567e-07,1.6483480287372e-234
TCN1,7,REML,-4.45217740237059,0.855374930106063,1.94056592207625e-07,93.0324016334266,4.42498607503894,58.5494647143133,8.86644409934402e-11,0,6,1.90752271372383e-124,8.41465506676177e-07,1.73161622383004e-123
PRKACB,13,REML,1.3738614330572,0.264026040005352,1.95562041044417e-07,95.4287796988077,0.851712805773066,223.560471400654,4.33302977936254e-41,9,0,6.43180783580138e-207,8.47766676859127e-07,2.06492872162075e-205
FCRLA,9,REML,1.82744559809969,0.351314447031304,1.97433762477107e-07,87.4556980385338,0.901152588459779,63.093969145312,1.1480294432929e-10,6,0,4.74257336398339e-87,8.54966236923434e-07,2.52020130941536e-86
TBX15,3,REML,-2.96371272912182,0.570595845047597,2.0574965952133e-07,73.6683309998128,0.633395604491648,6.96950573489332,0.0306613349069543,0,2,6.25267685467733e-45,8.88603950404723e-07,1.6786661673271e-44
GHR,13,REML,1.50508880896973,0.290171914481263,2.13838873552412e-07,92.1536640088943,0.958039384429681,121.645057355309,2.9029317495785e-20,8,0,1.20568870810533e-125,9.21576198007775e-07,1.11447155213864e-124
TMEM255A,11,REML,1.09217247941615,0.210580956110225,2.1431388025575e-07,88.390278588389,0.381783146918432,68.0418160419261,1.05732440233228e-10,6,0,2.22060310647415e-111,9.23132555947521e-07,1.67922752636499e-110
CCN4,12,REML,-1.96517331878971,0.379285938740041,2.20409929642591e-07,96.6737852701079,1.57905426618668,158.325188034253,2.94904628683607e-28,0,9,0,9.47628265525148e-07,0
TMEM61,11,REML,1.2455646688234,0.240957248559761,2.35054040964674e-07,85.4756767950281,0.506090415193029,53.194625867227,6.8512268832444e-08,8,0,9.81918055417626e-72,1.00711711579288e-06,4.07887200422392e-71
SPDEF,13,REML,1.25503981000966,0.242833040296975,2.36202678733315e-07,88.5489403401772,0.616168146529031,83.9309684306971,7.30297904123133e-13,9,0,5.43549234955282e-77,1.01123687095412e-06,2.44115339233518e-76
CKMT2,13,REML,-1.77872347947089,0.344265293422466,2.38233665867544e-07,92.006846818351,1.31007910421184,94.7436943358399,5.92082822030897e-15,0,10,4.39674822906248e-98,1.01858713731817e-06,2.75123423534504e-97
COL1A1,13,REML,-1.66564284607089,0.322447915739937,2.39645431463353e-07,95.5283090946777,1.21709873753557,213.860236411689,4.44376863265107e-39,0,9,5.32315827128061e-198,1.02435311898638e-06,1.47528829149184e-196
REG1A,12,REML,-3.38430880027915,0.655240748546987,2.40457886182517e-07,81.4811709950667,3.6760013690855,39.1856000371064,4.92609344553535e-05,0,8,1.138088302139e-53,1.02728424471071e-06,3.55252707789366e-53
BLK,13,REML,1.78112806763877,0.345007938222014,2.43580596070356e-07,90.5892165185174,1.32566833433722,106.613623620197,2.79101696581655e-17,7,0,7.29522799287123e-110,1.03958821901377e-06,5.37625142947369e-109
CIST1,12,REML,1.03132759113108,0.199779412520287,2.43892642412036e-07,77.9357650627035,0.34780704208856,51.0581146998588,4.03567830950219e-07,8,0,4.67414390898417e-38,1.04031344683671e-06,1.11542383274007e-37
TARP,13,REML,1.37862238393668,0.267623947144407,2.58629552231321e-07,92.2977485912677,0.787594681069101,98.0187573242611,1.35949850825122e-15,10,1,1.21987721402018e-154,1.09912475237914e-06,1.75335720486784e-153
ATP1A2,13,REML,3.06970975570656,0.595920951991647,2.58820941855702e-07,97.1940959118716,4.40336857849231,256.302406826674,6.62544325226018e-48,12,1,7.85304234335952e-300,1.09936178420395e-06,9.79395196252984e-298
F2RL2,12,REML,-1.18215885792005,0.229514209238935,2.59515898122868e-07,88.9844259748476,0.484206007029526,67.3534300829384,3.87864385608292e-10,0,6,8.1452519820345e-85,1.10202494925774e-06,4.18968814672352e-84
PCDH19,12,REML,1.10236708535416,0.21407262487073,2.61181100363133e-07,75.4959439808964,0.383816937345798,42.8354428972161,1.16009971213067e-05,6,0,9.4350987521113e-38,1.10851549219567e-06,2.23740318952729e-37
ATG9B,11,REML,-1.74098959992955,0.33831818894018,2.66081822863741e-07,94.7004806625486,1.14064160218355,110.53740391609,4.15724999181754e-19,0,8,1.04647756247394e-210,1.12872438359231e-06,3.5569267757631e-209
ADAM28,13,REML,1.19862357786309,0.2329588937473,2.67214696216793e-07,93.2568504160191,0.627094030802621,163.160212955742,1.191401310771e-28,8,0,7.04972402922006e-172,1.13323355212212e-06,1.32441686773748e-170
ADAMTS1,13,REML,1.20708292729678,0.234724712646783,2.710382344927e-07,92.1106626824999,0.628484175182999,91.0510337882886,3.08948294515066e-14,8,0,5.80806363259357e-87,1.1482474250928e-06,3.07732469526927e-86
HKDC1,13,REML,-1.04278863396655,0.202789445500311,2.71505981922107e-07,85.8588538902029,0.41245485386965,64.6070480611051,3.22236524197623e-09,0,7,1.11434962995125e-68,1.14992854882527e-06,4.42708908365588e-68
SHISA2,9,REML,-2.11156354168532,0.410710472618991,2.72922547463408e-07,92.1466094678256,1.32022275838854,71.9089373182815,2.04640918270637e-12,0,8,2.28000282584457e-132,1.15532461149458e-06,2.31035536346363e-131
RASD2,13,REML,1.36835750457746,0.26623752599187,2.75306789334139e-07,90.9212670607513,0.800448481224449,97.1302145478598,2.02758671770051e-15,8,0,3.69050901775285e-70,1.16389803793335e-06,1.49960457906835e-69
MAPK15,13,REML,-1.94555013670888,0.378750131307469,2.79509218682531e-07,94.3023130809606,1.68170072568958,107.485797863743,1.87808406799168e-17,1,11,2.28539289290495e-176,1.17920451795469e-06,4.55197481236707e-175
UGT2B17,8,REML,2.56867252001866,0.50117452128022,2.97055716487029e-07,63.7377696751177,1.14847215666651,18.3303876294267,0.0105650379254268,5,0,1.32876598805775e-19,1.25062693622545e-06,2.14403691922575e-19
CSMD1,2,REML,1.35671319572575,0.264952505885588,3.04580944135506e-07,0,0,0.892626849258635,0.344766448093635,1,0,1.30118107795846e-06,1.27931887234947e-06,1.49702304974031e-06
SERPINE1,13,REML,-1.71244625241193,0.334556962698389,3.07895026281834e-07,90.9693794747622,1.2529053444314,87.7683403848827,1.33316124971081e-13,0,9,5.54192330939844e-100,1.29156586315844e-06,3.5570547353633e-99
ITGA11,13,REML,-1.10048303964147,0.215145207436597,3.13622747016974e-07,91.7000436307264,0.493654118224369,128.84443057345,1.05263524253406e-21,0,7,1.26581683071264e-97,1.31389291922124e-06,7.84806435041836e-97
MUSTN1,11,REML,1.60688117927836,0.31497306813355,3.36711633567101e-07,95.0786275846319,0.974433438407934,161.97878980164,1.26463742309997e-29,8,0,4.54142886132808e-181,1.40156757766968e-06,9.79124815541385e-180
CHRNA7,11,REML,1.13013931601881,0.221580249978313,3.39005858087587e-07,79.3278179653085,0.404629114202132,36.3994670422355,7.18536175238942e-05,6,0,2.27702514614714e-36,1.41039311705775e-06,5.23948462879416e-36
ADGRB3,6,REML,2.41390586129144,0.473465839254834,3.42583690283382e-07,90.1953589322682,1.09996901931784,28.8609002409774,2.46909016700599e-05,6,0,1.10020795411175e-52,1.42345191454753e-06,3.37834688636626e-52
VSIG1,5,REML,-1.67614190358021,0.328824206053794,3.44386737654559e-07,72.7122719117679,0.385780115295272,16.8476627870418,0.00206920737026213,0,4,2.82654551992915e-20,1.42984434765515e-06,4.62896793076881e-20
FADS6,5,REML,2.35203171425637,0.462269928180925,3.61849798609468e-07,81.0167489192295,0.831067857501704,21.6179496789984,0.000238744881517568,5,0,1.71838181856556e-39,1.49698157306846e-06,4.2065717083502e-39
RTEL1-TNFRSF6B,13,REML,-1.14465253011157,0.22499326089549,3.62820206307464e-07,91.6798040766816,0.580631547712554,116.7899708321,2.69289845703078e-19,0,7,1.35096930586472e-115,1.49984803795587e-06,1.08057549856856e-114
PRRG3,7,REML,1.40592315611519,0.276476906481071,3.67359336032763e-07,85.3316967450575,0.406842339431169,65.9511948685548,2.75778414115694e-12,4,0,2.34347958699683e-78,1.517838153695e-06,1.08031943542734e-77
CHGB,12,REML,2.47778769113031,0.487294575855935,3.68044563351139e-07,93.0954339774369,2.55755599474412,111.487165054112,9.24126169269811e-19,10,0,8.5588422479343e-125,1.51989467794498e-06,7.82212566887028e-124
KLRC4,3,REML,1.87832797229832,0.369486220665092,3.70306162376728e-07,85.318628531789,0.344312591526244,10.0567515781036,0.00654943960782863,3,0,2.79713926861997e-49,1.52884487155943e-06,8.10545468492147e-49
PARPBP,13,REML,-1.09246117301492,0.215104605878382,3.79938748097367e-07,94.0509019102994,0.528567408480176,145.518711680157,4.58920430786844e-25,0,7,9.68889258229333e-174,1.56701778756108e-06,1.8656296370157e-172
SIGLEC6,12,REML,1.15760901935954,0.228046947125621,3.85083687570338e-07,86.5786954300899,0.495909470389664,95.7477521682994,1.23625582045897e-15,5,0,4.44543739498254e-77,1.58702639211436e-06,1.99927535325526e-76
MYH15,11,REML,1.45443805804331,0.286664802531749,3.90248110150481e-07,94.2620463074468,0.814488347671345,122.249181079126,1.76790898882586e-21,8,0,2.01944094781364e-186,1.60790155269879e-06,4.73138671776049e-185
VPREB3,9,REML,1.8426616680332,0.36327621466217,3.92946706345295e-07,88.2837658010443,0.997360929415321,72.4930403164664,1.56457748421697e-12,6,0,4.90031767719938e-79,1.61737622492416e-06,2.29289611833863e-78
SPARC,13,REML,-1.1652007106971,0.229846749665532,3.98929488550799e-07,96.1819390073421,0.617469772184068,283.177262529498,1.58598323597228e-53,0,8,9.52656485958143e-249,1.64033573367337e-06,5.59616652421716e-247
COL21A1,13,REML,1.19846050960094,0.236444206883529,4.00579710016627e-07,87.4692458900532,0.588267412931731,63.6487869133394,4.84079263023453e-09,9,0,2.38641760407838e-52,1.6458689403192e-06,7.29880939726897e-52
FCER2,7,REML,2.26013304836792,0.445908332610752,4.00742629296103e-07,90.2477559053758,1.22572524974146,54.0269158219778,7.28552411096456e-10,6,0,5.76098405347298e-90,1.646121167666e-06,3.18021227303226e-89
FOXF2,13,REML,1.17255820459046,0.231477938135369,4.0726780422586e-07,92.2402875908256,0.565906852176182,87.294632526905,1.64544085175777e-13,7,0,1.8360505802974e-76,1.66911853132302e-06,8.18023854310575e-76
MEIS1,13,REML,1.17897788744857,0.232979970240934,4.18320898831114e-07,96.2130693307886,0.623395636098012,252.121828372188,4.93847030406091e-47,7,0,4.20797596475019e-240,1.70880240180117e-06,2.12535558618364e-238
NXPE4,13,REML,2.11775356510453,0.418552668397203,4.19902792938412e-07,93.9003171866234,1.98788198753918,262.972163655601,2.68065795324283e-49,10,0,1.78351592142924e-208,1.71440039836577e-06,5.85347037128183e-207
CFAP20DC,12,REML,-1.37994370873908,0.272737078930224,4.20111172990504e-07,85.8731858447466,0.692275883627808,51.3514927543483,3.57214171541816e-07,0,9,2.59993649522337e-57,1.71481934735525e-06,8.67340954671944e-57
EDAR,13,REML,-1.434227064328,0.28359339940241,4.25154120392719e-07,85.200374903798,0.840732232980609,67.271122821836,1.03399291403822e-09,0,7,4.31211819946989e-37,1.7340940261452e-06,1.00709265871515e-36
TCEAL2,3,REML,2.93093931331396,0.579796496252671,4.30126263739259e-07,64.0383700963948,0.598647825457564,5.79450632970198,0.0551745675394017,2,0,3.57529327625538e-25,1.75217012914689e-06,6.52993464998631e-25
IL11,6,REML,-2.82115613054466,0.559009870557829,4.49502042605185e-07,91.6066197540079,1.62021396349166,27.0279616946246,5.63316908562832e-05,0,5,1.13315907719043e-93,1.82513814594487e-06,6.60384907206631e-93
REP15,13,REML,1.55396515459952,0.308005283688457,4.52917243547939e-07,92.1127409054417,1.08377220040263,109.378280264476,7.94199927225488e-18,9,0,1.39518792285786e-128,1.8362458788804e-06,1.35612600679224e-127
CPXM1,13,REML,-1.28386735281772,0.254550125603298,4.56681764396399e-07,87.5704380871391,0.660847010383025,72.2558461676862,1.20915640263305e-10,0,8,1.28351765520817e-58,1.85101578367141e-06,4.36994366734356e-58
TRIM36,13,REML,1.16672908631923,0.231578809478192,4.70049753372003e-07,92.8939791525371,0.620180563511693,168.333026023536,1.04646252019765e-29,9,0,2.64099280575796e-138,1.90285059960557e-06,2.93679124552495e-137
TYRO3,13,REML,-1.08247792186497,0.214982913172818,4.77397037756614e-07,89.8123194343107,0.505001726902744,81.7551821266,1.90725338019657e-12,0,8,9.52492366486906e-107,1.93211137622266e-06,6.73473996417454e-106
KCNK10,12,REML,1.27020623834434,0.252392110242296,4.83694978335075e-07,86.7040152183198,0.60101449804747,63.6152230849865,1.96107107301198e-09,6,0,1.19104070781352e-71,1.95467265297771e-06,4.93997006799198e-71
KCNK3,9,REML,1.90301918554109,0.378529807571017,4.97185342853065e-07,90.7365859900194,1.11018252200278,82.1320873800843,1.81817168924287e-14,7,0,4.42690116500878e-111,2.00868825409338e-06,3.33829528317616e-110
HTR4,11,REML,2.08713977807231,0.415176356661656,4.97910735682845e-07,92.2852136836802,1.62948298842729,62.8710351987333,1.03317711312937e-09,10,0,3.79968293481159e-91,2.01080809704786e-06,2.14948567418354e-90
TM6SF2,13,REML,1.76200155028813,0.350666010235175,5.04144820004576e-07,92.8841329829251,1.39768954595206,106.629656213178,2.77077394337848e-17,9,0,3.76403114218867e-119,2.03376460978706e-06,3.17019412510674e-118
PACSIN1,9,REML,1.08966711725575,0.216899156236083,5.06478771243131e-07,83.8686077733821,0.338572685604783,59.6575613995088,5.44052970115848e-10,5,0,3.8437379013293e-65,2.04165597169689e-06,1.44624095136347e-64
KCNH4,4,REML,-1.31485030118543,0.261761735742963,5.08491876129161e-07,51.7788715502097,0.130804398185877,6.01472461525994,0.110896034032313,0,2,1.62500302835594e-19,2.04773442316992e-06,2.6165631243157e-19
ATP8A2,9,REML,1.03223109472149,0.205730271234158,5.23754052938516e-07,80.1246105383733,0.252237379177859,42.0059535988769,1.35076578200033e-06,4,0,2.35808026232879e-74,2.10553544763009e-06,1.01950814115031e-73
SLC8A3,5,REML,1.53505161505563,0.305991147973741,5.25792242486442e-07,80.4339150964733,0.346597920064634,23.0019061915948,0.000126515186359169,4,0,8.68425529065468e-67,2.1132051629729e-06,3.34834318733375e-66
RHBDL2,13,REML,1.22431783517753,0.244224869476485,5.35667228306024e-07,92.1643211975739,0.664890786118043,186.807138436992,1.70452637013804e-33,8,0,1.6978944289887e-137,2.1486325513423e-06,1.86503810143589e-136
SGK1,11,REML,1.55450617969475,0.310139547566497,5.378892159863e-07,93.4215308885287,0.951000412265947,88.5332812180734,1.04580850711557e-14,9,0,1.31112042822398e-116,2.15647820444755e-06,1.05915274054785e-115
SPINDOC,13,REML,-1.05778217255565,0.211092969733486,5.41541791155997e-07,95.9121371566857,0.532596368159751,156.430893388268,2.79924378203246e-27,0,7,1.23230256348256e-267,2.16913230755498e-06,9.69869973871008e-266
GJB5,3,REML,-1.84844478341574,0.369004611006955,5.46360659197194e-07,51.3180742311371,0.212979102378052,4.10457704811193,0.128440627521465,0,3,2.83055285586346e-13,2.18719638705287e-06,3.91985209272527e-13
TMEM132C,10,REML,1.38885038522158,0.277511366320516,5.59603475193251e-07,63.4622078506032,0.424506085481452,24.2189919664288,0.00396819069165992,5,0,3.05636490778402e-18,2.23689623848821e-06,4.78216987549723e-18
SERPINH1,13,REML,-1.01140972253567,0.202178382536801,5.65736271785371e-07,96.2780478655772,0.489084870799449,283.961259418545,1.08646605832987e-53,0,6,3.90625747333019e-248,2.2602962480178e-06,2.24582100762774e-246
VLDLR,13,REML,1.11525893016604,0.223121949732112,5.77996756809123e-07,87.6666366892241,0.527575325780766,62.583173342856,7.6018813023442e-09,6,0,4.90012525222267e-67,2.30360408509005e-06,1.89879853523629e-66
FMO5,13,REML,1.25059458528112,0.250201932505327,5.78256499873114e-07,94.1312496350454,0.724844597891634,181.645039493692,1.96052280412072e-32,8,0,1.89555341588668e-156,2.30407290057577e-06,2.79641560798642e-155
MTFR2,12,REML,-1.0510359021867,0.210369743889093,5.84903447555552e-07,92.6822780361035,0.443382028416603,120.417187337772,1.49443301387683e-20,0,7,2.71350835158189e-132,2.32826898974176e-06,2.74619918253416e-131
ABCA5,13,REML,1.24281291069075,0.248849256900502,5.90679095230774e-07,95.2803395808521,0.737903515981783,214.602308139686,3.11933594191863e-39,9,0,2.15806970361676e-204,2.35068241801093e-06,6.53995964574551e-203
GSDMA,11,REML,-1.33428360646166,0.267513280634542,6.10933504195723e-07,82.5561663173328,0.614162811913869,47.5397925256466,7.53032570178483e-07,0,8,4.33761404439092e-39,2.42830715948155e-06,1.05372694788298e-38
CRIPTO3,8,REML,-1.52083788023225,0.305025751048987,6.16635935316738e-07,81.5509565476368,0.551663194210846,39.5274818464001,1.54995199554302e-06,0,6,1.12218959860786e-46,2.45014751461987e-06,3.10690914655555e-46
CCN5,9,REML,2.87569634114674,0.576765389810342,6.16730525329285e-07,93.7677954408086,2.66445054844197,125.112215609735,2.90987280861179e-23,7,0,7.21117251186717e-188,2.45014751461987e-06,1.73207022125781e-186
ATP8A1,13,REML,1.00103279030399,0.200980357314578,6.33385228631412e-07,92.0456929055871,0.453856006751585,121.526735171193,3.06516217480651e-20,7,0,2.08301062605671e-112,2.51384937865388e-06,1.59226078643364e-111
KLB,11,REML,1.44585602068995,0.290362851009615,6.37553278231883e-07,92.956865492757,0.797851209443334,115.504662335535,4.12232373050221e-20,9,0,2.84332908973176e-125,2.529772711692e-06,2.61628232303184e-124
LMTK3,11,REML,-1.45200358151081,0.291854260147018,6.52145976434496e-07,92.2558456286466,0.787934022164481,70.6709716151087,3.28964972627574e-11,0,7,8.90495385136254e-133,2.58198845321917e-06,9.10889695849469e-132
SLC10A1,4,REML,1.34830907316653,0.271093391027727,6.5722118859898e-07,85.1777690962439,0.241938148564009,13.3395496727623,0.00395699263580566,3,0,6.64814799250678e-52,2.59958174952496e-06,2.01582987474308e-51
PIGR,13,REML,1.86436450569875,0.375120917403596,6.69404331291788e-07,91.6290568785002,1.49511297576742,75.245177936551,3.3021989698306e-11,10,0,6.2699596439978e-68,2.63807788605585e-06,2.47034886289517e-67
P4HA3,10,REML,-1.75238761180084,0.352608051822948,6.70258054023574e-07,93.8182496295464,1.0838805664288,81.2084561184104,9.29539163002496e-14,0,8,3.90189506067879e-152,2.64080044468632e-06,5.36568487012597e-151
RETREG1,13,REML,1.0071228894883,0.202814818972322,6.84444124963527e-07,89.4012173638675,0.450976515565338,89.8905096825723,5.18432191977025e-14,7,0,2.146925030078e-80,2.6960380461695e-06,1.02376751507808e-79
PCOLCE2,10,REML,2.80067689765843,0.564021956442702,6.85080967012825e-07,94.051875940174,2.90950252286329,130.435026961927,9.65148774597392e-24,9,0,1.33411550498391e-146,2.69723596847473e-06,1.68589358396759e-145
CCL3L3,12,REML,-1.08134291014144,0.217910182476763,6.96514124224694e-07,68.9646446052128,0.330103648918776,31.7118783960718,0.000848268981553719,0,7,1.11262517542976e-18,2.74025321428172e-06,1.75870059171714e-18
RRS1,13,REML,-1.0462620953054,0.211120661956873,7.20502760633009e-07,95.04345012298,0.525054427817942,198.20875157646,7.63910616388052e-36,0,7,6.96843503691574e-202,2.82776839945364e-06,2.03200067002725e-200
CAVIN2,13,REML,1.51969910704213,0.306872130896729,7.33705988910989e-07,95.958492169636,1.1097807696164,212.89172207898,7.05180517098999e-39,10,0,7.81184658746674e-147,2.8754109737041e-06,9.94921199706191e-146
RMDN2,11,REML,1.17716248082137,0.237944810723997,7.52855013866227e-07,95.3727637903176,0.576873733876325,152.286846289732,1.26113387301491e-27,6,0,8.02561243242782e-194,2.94689481888294e-06,2.09194942712142e-192
PRKCG,5,REML,-1.95029615939797,0.394308359886046,7.57076006417072e-07,68.9859679836933,0.460997426715658,11.773215011634,0.0191198365226321,0,3,5.93895969223207e-27,2.96270173594979e-06,1.12420727951148e-26
SLC11A1,13,REML,-1.75655655915273,0.355388319654316,7.70716832957671e-07,94.7801611574287,1.45957574883244,143.624494948945,1.10922509782632e-24,0,9,8.30064980466175e-205,3.01317386369489e-06,2.54401578984841e-203
KCNIP4,11,REML,1.0506895831146,0.212599858342585,7.72858843583263e-07,93.5864197796331,0.416340913265175,169.144741604181,4.1703295309162e-31,4,0,1.794814797778e-110,3.02009169221871e-06,1.33790033638505e-109
SLC6A14,11,REML,-2.12664054613401,0.431059415076056,8.07604796787554e-07,89.3229719463157,1.7595074490658,61.001549823701,2.34146659329343e-09,0,9,7.03940335964311e-64,3.14676677969637e-06,2.59209281557787e-63
C14orf132,11,REML,1.05263927228551,0.213650482403555,8.3535061491791e-07,93.3965207086943,0.424854718084953,149.943072572708,3.82936847172658e-27,6,0,4.78627448059198e-137,3.2462942281074e-06,5.21154252208447e-136
RNF183,11,REML,-1.73193696551384,0.351677600557329,8.44526750052715e-07,92.1922305604814,1.20416275410469,72.6443484508008,1.3648090108489e-11,1,9,1.23413668187382e-117,3.27881039238617e-06,1.01260415097268e-116
SULT1B1,13,REML,1.83619301707815,0.372852943587252,8.44850944542585e-07,95.948025282837,1.68776175206129,249.451472470007,1.78040908520164e-46,11,0,1.57606411849611e-221,3.27928378354535e-06,6.18710110246428e-220
PLIN1,12,REML,2.23015628094113,0.452924447337362,8.48346742503538e-07,92.8568488188647,2.02188517116119,61.3715472855632,5.15170560563447e-09,9,0,7.53786893158581e-106,3.29127679737015e-06,5.26546613476091e-105
YPEL4,9,REML,1.2486985681722,0.253626775790524,8.50662080509647e-07,89.7679828744645,0.440586853002644,54.0277840518454,6.81838066651902e-09,6,0,4.9453352167638e-130,3.29868077285408e-06,4.87408631424872e-129
FOLR2,13,REML,1.26016957868032,0.256215631141415,8.72568754842156e-07,92.7749679138613,0.745039062181614,134.901879055683,6.38408713095415e-23,8,0,2.0164564671839e-126,3.38039599098109e-06,1.88431174077536e-125
PALD1,13,REML,-1.21911882601075,0.247904088253825,8.75653655763757e-07,93.8039677713872,0.714648185599058,200.750634536838,2.28278167601596e-36,0,8,2.47786055813494e-170,3.38991707757827e-06,4.51388238528559e-169
FXYD3,12,REML,1.22331234269917,0.248801116909269,8.79576870484285e-07,93.2481173697998,0.652100992101543,113.910487609595,3.02523814472211e-19,8,0,2.89421208413457e-137,3.40347966614838e-06,3.16839031195636e-136
MEGF10,9,REML,1.12231865307086,0.228462094672426,8.99251685528934e-07,82.6892176641198,0.349413589739638,27.5707161141777,0.000563149601679006,6,0,2.91550201591456e-44,3.47297941340653e-06,7.7325428077904e-44
TCN2,13,REML,1.04306004625078,0.212559827689168,9.24158121356146e-07,92.6681427019484,0.515568913614406,109.69507644863,6.87539541283369e-18,8,0,4.55281875972089e-97,3.56322844745474e-06,2.79284338067934e-96
PRSS54,5,REML,-1.44842364916006,0.295260205686104,9.31499118486736e-07,85.2789828486942,0.341990519214232,22.4990341767002,0.000159410077285677,0,4,3.93039115381848e-81,3.58880821263758e-06,1.90219199333907e-80
FAM72D,13,REML,-1.16710366776421,0.23791513968904,9.31677898414331e-07,92.6478479561689,0.633359579856807,87.0887801018602,1.80294134816546e-13,0,8,1.08213667237591e-109,3.58880821263758e-06,7.96399540137565e-109
PDE2A,13,REML,1.35003348894792,0.275250324739635,9.3547344657416e-07,96.4682602483444,0.917791949157074,215.833416523679,1.73393649080727e-39,7,0,1.68423643187359e-204,3.60086205823999e-06,5.11358151122968e-203
KIF14,12,REML,-1.30862221890367,0.266811017190183,9.35805604316007e-07,94.8514643378811,0.770834608381475,131.477457474174,8.74306254573564e-23,0,8,5.19968931510466e-191,3.60107466713101e-06,1.31312403217744e-189
IFI6,13,REML,-1.21672739059463,0.248173696948257,9.45162539562706e-07,85.6267301530805,0.609502361773438,56.7127252395338,8.90624566100543e-08,0,8,6.4001205647987e-58,3.63384402511979e-06,2.15638309885871e-57
SLC30A2,8,REML,-1.81476404260896,0.370472654083511,9.65660695274917e-07,74.9684645186361,0.707654767650222,22.0604142161985,0.00248019750763545,0,5,4.24742004676709e-32,3.70913453032273e-06,8.97126383770647e-32
ZYG11A,2,REML,1.02560040672466,0.209709778038938,1.00544253808607e-06,0,0,0.194681517131687,0.659048461999517,1,0,4.38143083285489e-06,3.85010238832922e-06,4.96235683500359e-06
DIRAS3,9,REML,1.0776380495116,0.220350232833438,1.00544831383371e-06,82.1512364440922,0.31200032099858,47.0879632113231,1.47529335408894e-07,4,0,5.22155734935954e-65,3.85010238832922e-06,1.95693733946293e-64
FPR2,8,REML,-2.34047330496892,0.478608238013689,1.00751434017266e-06,91.7215610783719,1.59306507305713,53.3204851821697,3.20437310795431e-09,0,6,3.53210549267427e-91,3.85710271480977e-06,2.00021049083926e-90
IGFBP6,13,REML,1.42778406315748,0.2923319731177,1.03892465389213e-06,94.5864932111056,1.00521533616878,219.572155476302,2.9115023978304e-40,10,0,1.48127690614891e-216,3.96704790710151e-06,5.44579194544043e-215
PDZK1,13,REML,1.23210878169056,0.252438458847551,1.05641173468851e-06,86.6682026912145,0.610908155146087,70.4159250825147,2.67737105937235e-10,7,0,2.49195868656907e-67,4.03097280642618e-06,9.7213970609587e-67
IRF4,13,REML,1.19311292966031,0.244482068360134,1.05996909138974e-06,92.9751023260227,0.665008183513634,179.122494434702,6.45827393449049e-32,6,0,1.61690936021977e-162,4.04359503028278e-06,2.59041022304774e-161
CTXND1,7,REML,1.48440781933791,0.304255926779458,1.06726105130565e-06,80.7911908150699,0.48666492417368,39.1426537847748,6.71120333449572e-07,5,0,2.47563903677021e-42,4.0694975128924e-06,6.35288630945797e-42
CCL4L2,11,REML,-1.05010919265536,0.215566626025107,1.10815628782928e-06,74.9588419348083,0.34284307387523,40.2457556309335,1.53366524801542e-05,0,3,9.23310519499724e-21,4.21650736788926e-06,1.53001159573273e-20
SLC2A1,13,REML,-1.21220348504403,0.249013554656946,1.12720732238733e-06,92.0602059245457,0.705607677861588,97.4895528726187,1.72501854709142e-15,1,8,4.93800883526648e-90,4.28597849856138e-06,2.72869588432773e-89
SLC17A1,4,REML,2.67338640306252,0.549334153428116,1.13537821216776e-06,88.9482725315901,1.05613289030779,19.9068965073509,0.000177452960870656,4,0,5.43119393949833e-64,4.31603445577396e-06,2.00628724860074e-63
MAOB,13,REML,1.47117738889867,0.302306624630272,1.13587742628873e-06,92.4055092270244,1.04442066726808,118.354331927172,1.31492099686112e-19,9,0,9.62528408354414e-64,4.31668838266437e-06,3.53865602826533e-63
NPY1R,13,REML,1.82336699682938,0.374682267518562,1.13629123470271e-06,89.7200529416521,1.57174147301215,124.056811045406,9.57268635587219e-21,9,0,6.95957598529267e-78,4.31668838266437e-06,3.17310476517295e-77
NACAD,12,REML,1.35881503263675,0.279774725056294,1.19286900558962e-06,95.2877416687652,0.834275796626437,117.667540519456,5.33582631863336e-20,6,0,9.1614767289396e-170,4.5169331429649e-06,1.65038913562553e-168
GPIHBP1,8,REML,1.2353378788924,0.254535116380888,1.21417538894646e-06,80.0032983148539,0.356456166170201,32.9856565663238,2.66398308183522e-05,4,0,2.95161344634832e-38,4.5918884023767e-06,7.08011670448962e-38
ATP13A4,11,REML,1.83949736065847,0.379205031788296,1.22883429995792e-06,93.5974239490604,1.3812001710529,167.07834062019,1.11632401156714e-30,7,0,1.01951803579349e-182,4.6440770408433e-06,2.25196810821797e-181
ADAMTS2,13,REML,-1.40251416993041,0.28921339558779,1.23829588330009e-06,95.1268308500516,0.961181579153189,183.524931709634,8.05866608352444e-33,0,9,1.38718456712922e-192,4.67656444349975e-06,3.56425093294231e-191
RUNDC3B,11,REML,1.86880835156285,0.38539522597936,1.24041771147185e-06,95.797787330526,1.51269199757927,179.247332085593,3.35748089044327e-33,9,0,2.87067096984051e-183,4.6834868085918e-06,6.41961219779643e-182
PRKG2,10,REML,2.54572233420124,0.525515892430778,1.27100605369055e-06,96.2864209732828,2.61449949757949,176.029305450213,3.41535173129288e-33,9,1,5.95168326935391e-218,4.79339873191089e-06,2.22337882133721e-216
FAM3D,13,REML,1.06589758916226,0.220079159518472,1.27734746031954e-06,90.0271269735599,0.535847537570158,72.6273913790358,1.02945352063089e-10,9,1,1.09871787244735e-83,4.81619404050248e-06,5.54765271441572e-83
MUC4,13,REML,1.50415603220102,0.310589615565474,1.27954412305423e-06,90.4855273524387,1.01254970318938,142.173936271124,2.17913114732111e-24,8,0,4.9870315138324e-105,4.82335477030418e-06,3.44355800399338e-104
GAL,11,REML,-1.37268099378038,0.283733444906231,1.31201935780171e-06,71.2200059263514,0.559309754538205,30.1270415223504,0.000816594092175884,0,6,6.92152195160828e-25,4.94117766504975e-06,1.25608501680574e-24
CLEC10A,13,REML,1.40051771258676,0.289736634472582,1.33977264119595e-06,93.8769245830487,0.984230605065508,198.016940906214,8.36783631413835e-36,10,0,9.64116200099417e-143,5.04101504565096e-06,1.14682435452765e-141
S100B,13,REML,1.17643684220313,0.243731597962662,1.38763859147343e-06,91.2324967018696,0.655843370351815,114.3702017896,8.14761598735265e-19,7,0,1.66044514174694e-97,5.21143953753967e-06,1.02672757754169e-96
CDH23,12,REML,1.05291000456547,0.218311779654072,1.41440017405687e-06,93.5607050655042,0.506315913148571,107.881038160061,4.85017911519161e-18,5,0,4.67722613742573e-117,5.305800560385e-06,3.80300237543046e-116
BOP1,13,REML,-1.09830205410955,0.227753826549918,1.41897369369751e-06,96.5732215766513,0.62794190588586,252.114425595216,4.95606162150088e-47,0,7,1.09072954947403e-262,5.32049502680797e-06,7.9657649484786e-261
PTPRCAP,10,REML,1.05589103452486,0.219081398242108,1.43825515100212e-06,94.1415834970405,0.432300180249462,100.284851839313,1.37800776759898e-17,5,0,3.61327510792592e-158,5.38360350076044e-06,5.48520873827742e-157
SEC14L2,13,REML,-1.01968850817707,0.211646618498061,1.45089873787917e-06,93.1219049031001,0.486835942577099,178.322655568937,9.42309669491369e-32,0,6,8.48416019243985e-126,5.42764680139249e-06,7.86920418764459e-125
SLC13A3,12,REML,-1.64747954362407,0.342145402286103,1.47093428661544e-06,89.7693108100145,1.18458650422875,58.0097384057074,2.16697956580967e-08,0,8,7.81018200661552e-56,5.48993038418421e-06,2.5350646821473e-55
CPA6,13,REML,1.13741695099019,0.236675758532616,1.54132000303435e-06,76.2491875137365,0.501746697518358,40.5140860099188,5.90607523702866e-05,7,0,3.7061694426106e-36,5.74337421493817e-06,8.50022990140695e-36
MROH6,13,REML,-1.17159838082224,0.244042093091759,1.58029479648128e-06,91.3102168446623,0.663474858934536,92.9802910313571,1.30445356208725e-14,0,9,1.29008575007445e-97,5.87932019838723e-06,7.99241890177953e-97
NCR1,4,REML,1.16035399681979,0.241752323816195,1.58853050697317e-06,56.000891606852,0.118469601874731,6.90188732354335,0.0750915815718069,2,0,1.65308772940683e-25,5.90707456641194e-06,3.03906467364474e-25
FSIP1,11,REML,1.09599276171187,0.228417372347646,1.60096036453151e-06,88.3818534428935,0.47302015540027,69.6367011843182,5.21071719900453e-11,6,0,4.20354807723759e-65,5.94647660713616e-06,1.57832619213184e-64
ACVR1C,13,REML,1.08544345620074,0.226238894310494,1.60437340460994e-06,89.1962801677585,0.539221925263213,89.6025057065474,5.89424913682222e-14,7,0,9.81280402309223e-74,5.95778882476887e-06,4.20108243006058e-73
SLIT2,13,REML,1.04711540098385,0.218328231360901,1.61816446363646e-06,91.1551551135663,0.506466954924606,120.862295537098,4.15945035373379e-20,6,0,5.17895118855305e-91,6.00212776228276e-06,2.92565629338016e-90
OGN,12,REML,2.54294817241919,0.53075574837984,1.65800420054125e-06,96.617037400016,3.17621035695243,318.131435285635,1.31600378710823e-61,11,1,1.60226188333687e-279,6.14427933791435e-06,1.52808658320827e-277
CACNA1A,11,REML,1.98012277404077,0.413576069748488,1.68612927867066e-06,95.6969700702495,1.74985654863685,127.710940389458,1.36813470866307e-22,9,0,1.08553631545426e-151,6.23852441695285e-06,1.48271274494186e-150
TRPV6,3,REML,1.08575502073392,0.226862915398445,1.70178739440095e-06,36.115645404938,0.057846819310274,3.55892402718672,0.168728896708261,2,0,2.24795748919275e-10,6.29358554412012e-06,2.87634241751101e-10
UST,13,REML,1.01226711232847,0.211532117096633,1.70641835479932e-06,90.5319891610336,0.488762805034593,87.8147357296889,1.30595342458816e-13,6,0,2.33973725799317e-70,6.30783419661681e-06,9.524017113694e-70
CLU,13,REML,1.41950342159457,0.296694482112087,1.71503625813592e-06,94.5470278092324,1.04549409805518,246.09284515802,8.92574360083255e-46,9,0,2.9208586972736e-146,6.33680101484905e-06,3.66815507814849e-145
CILP,13,REML,1.98803185743777,0.415701454464104,1.73253504804369e-06,95.2337259159986,1.98670669611088,318.003607790613,7.72696355090407e-61,9,0,4.59352481746239e-157,6.39417043795411e-06,6.83882625027712e-156
CYP2W1,13,REML,-1.57351459394289,0.329164594108402,1.75009780065684e-06,77.4307994772177,0.961269156584713,38.0327061790084,0.00015168147943625,0,9,1.13942628574975e-32,6.45164521192571e-06,2.43392863911208e-32
UGT2A3,13,REML,2.38352471055143,0.498649255212183,1.7532794673895e-06,93.598114305188,2.86878727698816,167.833302834754,1.32391716016665e-29,10,0,1.95864269726305e-154,6.46043636472408e-06,2.80773422199168e-153
CDK1,13,REML,-1.34459284448568,0.281306646431662,1.75459311357864e-06,95.928743404167,0.946339051635886,182.518102317184,1.29742595533557e-32,1,11,4.9234996141342e-210,6.46380780514668e-06,1.64587008750428e-208
ESM1,9,REML,-4.05737204993481,0.84899669000946,1.76151788551097e-06,97.8889993158121,6.17385030735136,123.996954738898,4.94964360085879e-23,1,8,0,6.48489770158706e-06,0
DIRAS1,8,REML,1.43566116771359,0.300888454851447,1.82943784977926e-06,90.9368567722065,0.620404652910661,46.9956485414371,5.59293661036025e-08,6,0,2.17844216856133e-87,6.71207871882126e-06,1.16449333593422e-86
CLCA1,13,REML,2.66192282190545,0.557969551485599,1.83558239483359e-06,91.6490673148087,3.5818831600177,108.639111854305,1.11172882650192e-17,10,0,1.54844302825968e-88,6.73309895190884e-06,8.41035404260443e-88
LZTS1,12,REML,-1.39900913248887,0.293323805992763,1.84679868474755e-06,94.7362075481782,0.880435250528687,135.896987797531,1.11067098341165e-23,0,8,3.60071033055751e-182,6.77117753862778e-06,7.91034100126408e-181
HES5,6,REML,1.2754628713823,0.267683649223279,1.89027685831611e-06,55.4771954252389,0.224225859096464,12.7212992692198,0.0261352839427645,4,0,1.19541399773987e-20,6.91963393630143e-06,1.97606516571742e-20
LAMA1,11,REML,1.45710381629958,0.305852304434047,1.89720399386548e-06,92.0183874583973,0.912727587356409,139.748515828747,4.74533154130735e-25,8,0,6.29004027631807e-129,6.94029069326289e-06,6.14710204942405e-128
RELN,10,REML,1.62982925973869,0.342453870804271,1.94297685612116e-06,93.8458344779298,1.03162539820402,153.52614304231,1.63908868869384e-28,8,0,6.51101848587756e-160,7.09812613075538e-06,1.00824396095065e-158
DRD2,8,REML,-1.30429570068536,0.274066358662917,1.94505562362536e-06,51.1026509255955,0.267786777709859,14.7808233358262,0.0389138381939158,0,5,2.79419075066736e-14,7.10411958230185e-06,3.96969984582632e-14
PCDHB9,13,REML,-1.06558535963056,0.224118032912331,1.98867104735618e-06,81.8152354297759,0.488070630599969,68.3206009733532,6.59419414248134e-10,0,10,6.69861672807885e-38,7.25688131685477e-06,1.59384609645351e-37
HSPB6,13,REML,2.2002103284167,0.462924864951548,2.00573686763981e-06,96.3908012767117,2.60661813094243,255.105481313681,1.17771691085976e-47,10,0,1.06921065198575e-143,7.31586317998744e-06,1.29077530161168e-142
VWA3B,9,REML,1.38210920984876,0.29119741049718,2.07175098502031e-06,90.3488710813493,0.624130599072263,52.1503334578948,1.57426706232444e-08,6,0,8.76057948404911e-82,7.54815701576051e-06,4.28462368551699e-81
TENM1,8,REML,1.61956482915413,0.341793007280104,2.15372351798615e-06,90.1341833315341,0.760983776757082,59.1853522206279,2.19487610957065e-10,5,0,3.89478819003007e-88,7.82746455886784e-06,2.10347105013183e-87
COMP,8,REML,-3.891932958938,0.822517454223528,2.22611129596778e-06,94.0315709229763,4.78098245182123,52.8294967408154,4.00589903491378e-09,0,7,8.77953244086043e-141,8.06523853441912e-06,1.01239373729495e-139
NXPE1,13,REML,1.97837471483724,0.418776583821391,2.31049093774008e-06,94.6128515727255,2.06194951269579,260.104448458296,1.0649620011079e-48,8,0,1.46066436094667e-185,8.35414575681978e-06,3.37346884387867e-184
RSPO1,5,REML,1.54295869351836,0.327227327552766,2.41414011630917e-06,78.2684152931512,0.381236690173806,21.7997673224837,0.000219676392533898,3,0,1.85223488957283e-29,8.70368105530812e-06,3.70013359593942e-29
MAPK4,5,REML,1.82270332750756,0.386589147994864,2.41908905377626e-06,74.513531193568,0.490461800103234,19.3052668621191,0.000684496997986274,4,0,7.82814161344532e-32,8.71764632782275e-06,1.64358534031066e-31
COL7A1,13,REML,-1.40081759746415,0.297210649276493,2.4383905528772e-06,94.5717996109376,1.03806420667996,150.058177432121,5.51784452084007e-26,0,9,2.36201074764881e-143,8.77744805368516e-06,2.83668742604668e-142
C1QTNF9,6,REML,1.38352901052778,0.293668427165737,2.46269338428384e-06,87.0157825475348,0.419560492379576,33.5063793682696,2.98516335544647e-06,5,0,2.57271503963352e-58,8.85902991777101e-06,8.7189441759152e-58
TNNI3K,4,REML,1.47509807898648,0.313128223630077,2.46693539175649e-06,70.8484441027248,0.248977018939264,9.02069409396898,0.0290170088019797,2,0,1.11673321881762e-27,8.87035340575469e-06,2.14775749426929e-27
TMEM238L,12,REML,1.1490252880426,0.244391464459934,2.58159877139502e-06,94.8887482982656,0.646549232374983,138.040569791015,4.07601509019533e-24,8,0,1.0943935059941e-187,9.26210685563786e-06,2.6208865454479e-186
ZNF727,11,REML,1.27061924749498,0.270415064736061,2.61728012293214e-06,86.3853060745624,0.634596148043588,56.2794693580258,1.8197109416383e-08,8,0,3.83563056437726e-60,9.3797441717725e-06,1.3339141643125e-59
TCF7,12,REML,-1.02313217898266,0.217854068192682,2.64772898530706e-06,93.494109895455,0.504435569447606,96.1512704105319,1.02925811521409e-15,0,6,4.31558673039091e-106,9.48048366580905e-06,3.0263238607192e-105
HRC,8,REML,1.06250486760191,0.226337133890303,2.67460728703136e-06,87.0319047905442,0.315619869107704,50.6901092933377,1.05715906510035e-08,3,0,4.72693226583372e-76,9.57038356756552e-06,2.09449994058382e-75
RASL12,13,REML,1.46989243269206,0.313432129034093,2.73649505446641e-06,97.2165692978238,1.20689707896219,235.405497074089,1.49893166949259e-43,11,0,1.58716778477097e-241,9.78103931174249e-06,8.22132629216986e-240
HMMR,12,REML,-1.19315986691032,0.254450672274195,2.74329082537919e-06,93.5298094588817,0.675941524803618,112.955562409215,4.69860902747732e-19,0,9,9.04822269484404e-127,9.80316820627568e-06,8.54390416723975e-126
MAMDC2,13,REML,1.17200857627026,0.250263401144692,2.825683389152e-06,96.3086871643821,0.74157491683984,192.261214650724,1.28551382319401e-34,7,0,4.74184379539337e-152,1.00842260169511e-05,6.50418895555945e-151
KCNT2,10,REML,1.20638459631106,0.258048588243864,2.93912290095177e-06,92.646285640296,0.548611058100109,121.942134486113,5.34714073846268e-22,6,0,5.08950119617842e-131,1.04637680265988e-05,5.08730474066836e-130
RNF150,13,REML,1.59596577418277,0.341426499144398,2.94806892588427e-06,96.5627948228985,1.3855660305518,197.130457694155,1.27487940750211e-35,10,0,1.32981155735253e-137,1.04910099858125e-05,1.46270249520736e-136
MTBP,13,REML,-1.06098083981091,0.227228742648418,3.02346439422239e-06,94.5216947605535,0.588980106944138,200.042590812096,3.19610256562005e-36,0,8,1.14975270544111e-183,1.07475176986467e-05,2.5854286564933e-182
KCTD9,13,REML,1.10898049828857,0.237888858416735,3.13518376144743e-06,97.4637636777328,0.700431340642331,194.176288730209,5.18222843561655e-35,6,0,4.16862930702541e-203,1.11105430217152e-05,1.23332092983217e-201
CD96,13,REML,1.07547723178167,0.230744624507295,3.14832244734319e-06,94.1988176090461,0.607673211612169,122.859868979562,1.6605476751534e-20,5,0,1.45976280075557e-155,1.11522289357166e-05,2.13025511148965e-154
CYS1,11,REML,1.17261218826926,0.251871976859758,3.23057163464182e-06,91.7999328587235,0.590138891366408,146.305627212308,2.14248744637096e-26,6,0,9.09659231134056e-148,1.14186304583492e-05,1.17797964172336e-146
KCNA3,13,REML,1.13716129681808,0.244356771867817,3.26042795775251e-06,93.6226329285576,0.676817626112421,178.073286090113,1.06008343638629e-31,7,0,4.34441498551879e-169,1.1509104828879e-05,7.71478643594919e-168
CASQ2,9,REML,3.17591859908287,0.682510741739676,3.26684493825253e-06,96.605118253643,3.90267214293065,225.117165075002,3.19182422318946e-44,8,0,5.98200237379963e-161,1.15267371020432e-05,9.3616027496538e-160
CD22,13,REML,1.42669407048364,0.307027737133803,3.37136592591068e-06,89.8460441015326,1.04453498441224,96.6099198112897,2.56184368366656e-15,8,0,7.61638554723056e-97,1.18645443361819e-05,4.65627672991135e-96
LONRF2,9,REML,2.47290516097446,0.532397311892514,3.40325159061333e-06,95.3634793748034,2.37210608680855,100.584108309464,3.24293914040374e-18,7,0,5.78476569975365e-105,1.19715595657657e-05,3.99099601234493e-104
CCDC150,12,REML,-1.18385290568237,0.254877001958748,3.40404723772674e-06,93.718999043161,0.68916665356922,85.7482011475895,1.12963431438216e-13,0,8,2.04190421138504e-126,1.19717609252199e-05,1.90699268313281e-125
CNTN1,9,REML,2.41355514958626,0.519637392580414,3.40585735891242e-06,95.8917699400995,2.24157731443382,108.074934338477,9.46423185780088e-20,7,0,6.73011712486522e-176,1.1975529247462e-05,1.3339289602132e-174
ABCC2,12,REML,-1.3940778349079,0.300730347675076,3.55833612520521e-06,88.4174131223517,0.884278651771495,59.8248158792515,9.99340839469875e-09,0,7,9.68158281537373e-83,1.24684036304197e-05,4.80905337578598e-82
WFDC2,13,REML,1.34979749373894,0.291279386058669,3.58614512570976e-06,84.6709654117088,0.853182874111913,70.2523869509557,2.87294447877469e-10,9,1,3.34203477825129e-56,1.25604171361271e-05,1.09176727503099e-55
IGF1,13,REML,1.14300901403296,0.246717463989635,3.60637533834693e-06,91.8079081184926,0.659511178270271,108.609125882665,1.12699618389237e-17,9,0,8.62074351461182e-106,1.26258180437527e-05,6.01670747319851e-105
RHEBL1,9,REML,-1.537053321871,0.332575750690709,3.80674508260736e-06,93.6077057646959,0.851619876916045,63.3620571290739,1.01644290392445e-10,0,6,1.45594085616823e-95,1.32614434946955e-05,8.71039450223448e-95
KLK1,13,REML,1.07565635715684,0.232823343252096,3.83640667055329e-06,87.0358526136834,0.570386591438234,73.718347969824,6.41396590314534e-11,7,0,3.64158838180359e-77,1.33504317127453e-05,1.64002978983838e-76
CYP26B1,12,REML,1.08622594322645,0.235132916840832,3.84433887626074e-06,84.898318782874,0.527251429843145,68.5986292642927,2.25402897703419e-10,6,0,1.95085649620988e-35,1.33751644207758e-05,4.39417009906234e-35
CYP2C18,13,REML,1.27471541805097,0.27604752243719,3.87943702764427e-06,85.8073053485564,0.747024729633891,51.693951002349,7.02363229817444e-07,7,0,3.00438182671164e-36,1.34943815767425e-05,6.89943945559148e-36
SLC22A17,13,REML,1.04403045690025,0.226249269434343,3.94015918134936e-06,96.2151139097081,0.596208341629694,184.925809620007,4.15330246067598e-33,7,0,1.80136021467271e-208,1.36909131605695e-05,5.90009154757348e-207
H2BC17,6,REML,-1.36551977798562,0.296175855970227,4.01695155138698e-06,84.0807086834936,0.424655208706932,25.5761963416106,0.000107809539940469,0,4,7.5469075069392e-29,1.39308739043074e-05,1.49144333751835e-28
COL1A2,13,REML,-1.14118991790641,0.2476158271431,4.05172020047477e-06,94.5625987058416,0.69986631925166,207.498338290229,9.21050339684754e-38,0,7,1.11438739570336e-134,1.40374878292583e-05,1.16790968626623e-133
LDB3,10,REML,2.41191910197687,0.523888641718061,4.14696556201522e-06,97.2318974604266,2.62636461496406,198.417940820646,7.10904906652377e-38,9,0,7.97722351898167e-205,1.43541316517832e-05,2.44952130517519e-203
TSPEAR,7,REML,-2.00751700084976,0.43607645492632,4.15270558590133e-06,84.5718909046721,1.03683397662692,22.8377549740691,0.000852679915515236,0,6,2.51793102222944e-37,1.43709318386805e-05,5.91126783426091e-37
DIO2,13,REML,-1.20296137403467,0.261466914456188,4.20837428856236e-06,89.7288829416936,0.733361316746439,89.3556380779812,6.57941151236498e-14,0,8,7.14665120822278e-88,1.45449525347392e-05,3.85073632565357e-87
MYCN,10,REML,-1.15558459541166,0.251198855021318,4.21927235390297e-06,75.7433517766132,0.418310962754175,30.5968589975717,0.000347042647627355,0,5,3.79055330505737e-24,1.45764037233814e-05,6.78100416362077e-24
DDN,6,REML,-2.60887509991242,0.567154465984209,4.22617706714964e-06,93.7384620426357,1.76271813071607,47.5971248250257,4.29220676944401e-09,0,4,2.8138456716998e-147,1.45940380808727e-05,3.61783345561212e-146
C1QTNF12,12,REML,1.17560342390868,0.255589038143301,4.23334087832192e-06,89.3350129508395,0.673592581611559,80.876243197917,9.98758881025381e-13,7,0,1.97670355354932e-74,1.46094413921314e-05,8.55762208643395e-74
CHRM5,4,REML,1.6279749496406,0.353966242941154,4.24039380221148e-06,88.9208682825487,0.433408350779623,20.081083948741,0.000163299585992886,3,0,2.92982279176207e-76,1.46306671026292e-05,1.30247372971863e-75
GPR3,7,REML,-1.61371744445384,0.351139041113938,4.31371024916822e-06,89.5978962839698,0.740672111296984,54.0007895659818,7.37444648727958e-10,0,5,3.46551821067833e-76,1.48488713948544e-05,1.53893307997063e-75
TPSD1,11,REML,1.35376152367156,0.295322589958689,4.56143752243065e-06,86.2936370548663,0.77593214978636,62.8769191408628,1.03051466991723e-09,8,0,9.73519999285485e-63,1.56385253861637e-05,3.51451341536753e-62
EDN2,10,REML,1.80940130015881,0.394751628564068,4.56939915133632e-06,88.0838594655465,1.26531905463361,54.7121838597462,1.3818452474812e-08,8,0,1.4109657983855e-87,1.56625091840625e-05,7.56231024437159e-87
ESR2,10,REML,1.00279944523786,0.218864785908135,4.60942632216226e-06,92.8975592966687,0.414562082637103,94.4544545584622,2.07103683870877e-16,5,0,5.47287130181254e-88,1.57930323248556e-05,2.9537837022732e-87
NPTX2,13,REML,-1.23212523662734,0.269136776999404,4.69300399739875e-06,71.0154990225252,0.599139416153936,36.2477069510646,0.0002955820191213,0,6,1.02930306594901e-18,1.60590278197184e-05,1.62826525594997e-18
CYP4B1,2,REML,2.29156531930295,0.500782572837494,4.74021688049243e-06,75.9377099793118,0.385116981330126,4.15588042177292,0.0414901989146665,2,0,1.23249876017417e-21,1.62171631743878e-05,2.08259535161061e-21
NKPD1,7,REML,-1.33119919789656,0.291023509567645,4.7804726490862e-06,88.0076675215083,0.493029966411882,58.9116554753733,7.48643974608104e-11,0,6,2.38215862600998e-44,1.6344538814769e-05,6.33146521368849e-44
FSCN1,13,REML,-1.05223276991815,0.23027966549627,4.89194772687759e-06,93.2049916763417,0.608374537355904,159.885551467951,5.54219789846553e-28,0,6,6.82896147480835e-113,1.67010209509089e-05,5.24978437131663e-112
NRG1,12,REML,1.17072285878175,0.256350790199827,4.95041244718769e-06,87.9247543859658,0.633252770383926,90.3450792037155,1.42674572355798e-14,6,0,6.71213445329867e-72,1.68828432911767e-05,2.79752791494425e-71
GPER1,13,REML,1.35971768352548,0.297969687069329,5.03617300202969e-06,94.0981647946444,1.03397393596713,244.627376618031,1.80304066272364e-45,8,0,2.88043457634922e-131,1.7150067818086e-05,2.88809435908162e-130
TRPV4,11,REML,-1.19896301595134,0.263083013908128,5.18015217411955e-06,89.0026355838808,0.625792975395441,53.4561987136257,6.12558217830667e-08,0,8,4.56167720152572e-60,1.75923349809385e-05,1.58369320060678e-59
ASB2,13,REML,1.68521758181303,0.369912551760614,5.22067295235045e-06,96.7219030895738,1.64887990359962,233.189651378726,4.33101597406735e-43,11,0,1.31195021742221e-182,1.77113979025859e-05,2.89396583334236e-181
CYP4X1,13,REML,-1.67075001726069,0.366849494098418,5.25552831720029e-06,89.7619324577906,1.47594190408973,80.9196068283745,2.75507047513017e-12,0,9,5.96456805091682e-64,1.78221879537269e-05,2.19930729609994e-63
SLC13A2,11,REML,1.76092322092023,0.387251965791357,5.43569429671957e-06,89.0607645735992,1.43094788891669,83.4463531099966,1.0562540724036e-13,8,0,1.37688049307235e-62,1.8379335064174e-05,4.96074742981822e-62
KLRC3,10,REML,1.3462113474938,0.296058294857685,5.43860801039557e-06,89.3161086949845,0.722149339301043,57.725364751579,3.6694470476552e-09,5,0,3.78139458996721e-75,1.83815200484768e-05,1.65205471536347e-74
ELAVL4,9,REML,1.70944268798582,0.376030447750377,5.46693246389832e-06,93.7228569775449,1.07979775578681,53.4707033051582,8.7430920081228e-09,7,0,2.26866830504547e-125,1.84695511642391e-05,2.09345015536154e-124
TMPRSS13,12,REML,-1.97891445888772,0.435487758025476,5.51617222296235e-06,94.3591220822916,2.06444625698413,96.7746750438067,7.75369170087477e-16,1,10,7.06254744632676e-114,1.8628140023097e-05,5.49976377268471e-113
MESP2,6,REML,1.00519213347381,0.221278152931393,5.55479487530491e-06,73.1284148793316,0.20426319710515,21.956248592601,0.000533720729599939,3,0,9.03367863790179e-33,1.87507577167018e-05,1.93401600100755e-32
PMCH,11,REML,-1.07165645360294,0.235959648412462,5.58040743820655e-06,92.7688632591855,0.517398217611719,90.3319972833638,4.60246702643487e-15,0,8,1.02787102505585e-126,1.88293747753679e-05,9.69451595650406e-126
KIF1A,9,REML,2.43251027543186,0.535967737400632,5.66454224266416e-06,94.6875259449045,2.29283192439319,92.96236447015,1.16272764047063e-16,7,0,1.51640859134016e-113,1.90894249387474e-05,1.17353377047246e-112
XDH,13,REML,1.10819380996203,0.244177231691902,5.66608083004482e-06,91.5120227915022,0.678439548605131,108.100687682194,1.42016107920146e-17,8,0,6.5073869864844e-98,1.90906418324016e-05,4.05941766879075e-97
MUC12,13,REML,1.73181517335514,0.381823335835463,5.74276575585883e-06,88.9670421731786,1.55900287235307,102.648063290751,1.68355563030294e-16,10,0,1.39453168196148e-68,1.93329446012748e-05,5.53070992163441e-68
NOTUM,8,REML,-5.02139812741177,1.10795389410765,5.8390136434516e-06,94.7216029971355,8.94546172531986,72.1801337999728,5.35115694876896e-13,0,7,2.92800123155423e-131,1.96365750261939e-05,2.93397305112415e-130
EEF1A2,11,REML,1.04097666739831,0.229847010496088,5.92640397235691e-06,71.1138712260722,0.374610517216396,30.8979942635369,0.000609920005802972,4,0,2.24760246858584e-17,1.99098192299674e-05,3.43971859761962e-17
FOXP3,13,REML,-1.08608495971071,0.240208098096752,6.14222346662292e-06,94.7179597014811,0.650090442271452,102.394224693062,1.88834948557125e-16,0,5,4.32159653817003e-117,2.05709293667336e-05,3.51737172054974e-116
IL1A,9,REML,-2.21074238074069,0.489079070541646,6.17769613754125e-06,93.1007623671412,1.84769697450596,77.4860350579373,1.56527422589607e-13,0,6,5.43134858987175e-91,2.06811867598506e-05,3.06503496998227e-90
RECQL4,13,REML,-1.01304597417823,0.224366112456185,6.32728675828469e-06,94.6558709732698,0.594127999504474,158.172560351066,1.23756565980724e-27,0,7,3.22103840583219e-143,2.11644935448875e-05,3.85977055977511e-142
OLFML2B,13,REML,-1.3663319123162,0.302916187930271,6.46463740492159e-06,96.7172199527117,1.09855564523169,271.968995259044,3.52446927545865e-51,0,9,9.44287732549636e-269,2.15794042095931e-05,7.5417423683878e-267
F13A1,13,REML,1.27583349944861,0.282881060109262,6.47845161415552e-06,90.5715326296517,0.908748219548775,93.1681090813623,1.19929523208639e-14,8,0,6.11065621619821e-75,2.16166157687391e-05,2.66322766755972e-74
HSD3B2,5,REML,3.98943275468932,0.884858972632625,6.52715501197508e-06,89.949242336088,3.49558726454328,51.6309887297592,1.64762759733012e-10,4,0,1.95759689933784e-42,2.17656857690563e-05,5.02987615356013e-42
FABP2,12,REML,1.96760939206454,0.437360294762334,6.83286320114605e-06,94.3201587035957,2.09030772593468,211.390687971102,3.20035587621188e-39,8,0,6.94272155693476e-150,2.27430119236668e-05,9.27966567210084e-149
PARM1,13,REML,1.15274582015761,0.256285445254029,6.86285706219557e-06,94.9868455202017,0.767487578557524,173.348325589143,9.85471558512654e-31,9,0,6.6546928646403e-178,2.28334704595479e-05,1.36227948755572e-176
PNLIPRP2,12,REML,1.94088950240848,0.431842931408345,6.97552724370273e-06,88.285304322807,1.8563350805011,68.070197618142,2.8383647441375e-10,8,0,9.3614931404847e-56,2.3175045738146e-05,3.03616499873332e-55
EBF1,13,REML,1.22085320683957,0.271767494687855,7.04677081509167e-06,96.8489467453053,0.873116116948293,232.173373569668,7.04483831671619e-43,6,0,4.76230664205333e-236,2.3392566589902e-05,2.2380080460177e-234
GAP43,8,REML,2.20325582629829,0.491167031899974,7.2655597262729e-06,95.3906121367487,1.70900974267025,117.288187280706,2.81038775729568e-22,6,0,2.1786879486949e-144,2.40794194280586e-05,2.66187397981842e-143
CFI,13,REML,-1.10350981868987,0.246239639360878,7.4138750621371e-06,89.8567973318514,0.663339131914786,77.5224305512774,1.22241517056895e-11,0,8,3.04533762324693e-76,2.45008472039195e-05,1.35345556155982e-75
MMRN1,11,REML,1.55253412053943,0.346928529937511,7.63814764553958e-06,93.6060683207749,1.20061984323578,148.877338908827,6.34347588003109e-27,8,0,2.97193340007284e-124,2.52060426983784e-05,2.69184112935089e-123
SCG2,11,REML,2.02210056716939,0.451913152232278,7.65782976384594e-06,95.8382182314024,2.06993336228984,116.637081919567,2.43157080264189e-20,9,1,1.26488102402165e-164,2.52565240934389e-05,2.09474116879092e-163
GRIN1,11,REML,1.27535194203187,0.285058438838677,7.67691281909612e-06,88.6103275044497,0.738417897371537,64.4658386874407,5.12783507857451e-10,8,0,1.59065410486867e-61,2.53133592711014e-05,5.63084607035714e-61
ZNF135,10,REML,1.00710431663426,0.225227274838374,7.76719612218392e-06,89.1440802808883,0.424737264163388,63.7983028102865,2.46991903424881e-10,5,0,3.77002445916011e-52,2.55850367186038e-05,1.14872028859919e-51
KLK15,10,REML,1.34918807146303,0.301843775920459,7.82845733039039e-06,85.2934115773626,0.731300897858196,50.8781213346467,7.36185230632537e-08,6,0,1.78086751244881e-54,2.5755433988965e-05,5.65254600221857e-54
KCNMA1,12,REML,1.50831984525413,0.337482551404463,7.84661306565542e-06,94.8126179077665,1.22999546147395,94.2933338828327,2.39155039680618e-15,8,0,1.39539923773698e-106,2.58099285115584e-05,9.8363512354042e-106
KLRB1,13,REML,1.23864273241389,0.277163299785504,7.85862027268086e-06,94.2059036472639,0.89569231822417,161.78678561502,2.27076542737693e-28,7,0,2.39644895581823e-151,2.58441806249442e-05,3.25953245978867e-150
MFSD4A,13,REML,1.53733080097862,0.344956117066248,8.32704763183725e-06,93.581264318882,1.38099443692084,115.736920146511,4.36088603148529e-19,9,0,2.16697615504638e-104,2.72795359173524e-05,1.48429169420224e-103
NDST3,7,REML,1.44174533394709,0.323560999010403,8.35541538255349e-06,89.4435560574832,0.600513008404199,59.9120231905741,4.69010362499731e-11,4,0,1.28946323105241e-56,2.73669393125939e-05,4.24230263089545e-56
CCDC69,13,REML,1.21263018966838,0.272850394443529,8.81767158070636e-06,96.5192285112682,0.892459942078208,230.910847634876,1.28910888656944e-42,8,0,1.69756687177265e-167,2.8776350510868e-05,2.93418461535714e-166
PTGS1,13,REML,1.05934007655575,0.238500412102021,8.92634688058048e-06,93.481350130745,0.644592713801653,129.306921294625,8.50166031871591e-22,7,0,5.87491937938928e-72,2.91134302906561e-05,2.45300200613027e-71
PALM,13,REML,1.27647200566582,0.287459325623326,8.97372356406239e-06,95.057075094059,0.97753185689688,200.095874651122,3.11618071723747e-36,8,0,5.32233866430309e-140,2.92561793975756e-05,6.07683639185536e-139
IRX2,6,REML,-2.16553271876561,0.487866726309112,9.04705333516016e-06,66.4373824446135,0.881232369396781,13.9292010832938,0.016065449868853,0,4,5.64217024594201e-17,2.9465623889705e-05,8.54521309644631e-17
C10orf105,5,REML,1.21218171296204,0.273330294140419,9.21319466510945e-06,91.0565307473389,0.328882411849875,31.013257782167,3.04239099587791e-06,3,0,8.04077485102286e-74,2.99585890704812e-05,3.44789956782951e-73
UCN3,11,REML,2.11279423596781,0.476500550524785,9.25089190802741e-06,89.6002858981253,2.04117526428122,61.8721220340958,1.60033438735862e-09,7,1,8.10868801411555e-76,3.00651448853698e-05,3.5821841627481e-75
B3GNT6,13,REML,1.75183154522516,0.395141832057428,9.27479241264252e-06,90.7116229687361,1.74415818888363,106.227245532228,3.32610560286163e-17,9,0,3.84435977950864e-68,3.01347112998343e-05,1.51761882408506e-67
TMEFF2,2,REML,3.14350527192504,0.709276635276976,9.33683767385699e-06,86.1967963848186,0.867291950462715,7.24469498443209,0.00711107930894818,2,0,7.50122517317352e-34,3.03241484788148e-05,1.63750321438888e-33
SEMA3D,12,REML,1.80082371301125,0.406533827547503,9.43633855855117e-06,94.9914290993623,1.76337116495335,105.185179550012,1.66982242519908e-17,9,1,8.22828498897207e-168,3.06227696256586e-05,1.43446434974413e-166
PRELP,13,REML,1.80681324193,0.407971479948481,9.47705250242192e-06,96.0859965881453,1.99317950350884,244.589184594765,1.83638023632716e-45,9,0,5.4421856315484e-174,3.07487396881662e-05,1.05417151307401e-172
MAP7D2,12,REML,-1.16109944975422,0.262179428742034,9.48272360325974e-06,81.7861657197994,0.621814601592094,44.7121288535147,5.45160401602662e-06,0,7,2.0423731189576e-47,3.07609839495098e-05,5.7259200030537e-47
EMX1,3,REML,1.27407139102461,0.288344689908389,9.93557910449255e-06,20.9154379963257,0.0607511797952504,3.33423163793159,0.188790787975119,2,0,1.36254427812453e-07,3.21335615442126e-05,1.61047826647466e-07
MND1,13,REML,-1.00185248853207,0.22689975933803,1.00824836970213e-05,93.5447894769336,0.592221771072962,145.628878847114,4.35948020886669e-25,1,9,1.07912830370472e-146,3.25761873614599e-05,1.36900682221946e-145
FBLN2,13,REML,1.12804054046831,0.25554137268589,1.01329544867216e-05,93.2217519447352,0.736072271870618,166.268202216112,2.76455822551676e-29,7,0,5.25176081523057e-87,3.27327338300892e-05,2.78621721522687e-86
FPR1,13,REML,-1.46310030875219,0.331575450175811,1.02150147211949e-05,94.0233840125641,1.26699172130864,118.727192983681,1.10826350446488e-19,1,8,1.31132430910289e-141,3.29715376617027e-05,1.53284073709338e-140
THY1,13,REML,-1.21252814185963,0.275173708234813,1.05098013413224e-05,96.6134112307441,0.914865981757757,240.558601612219,1.26886573621927e-44,0,9,7.94187694134947e-225,3.38623627080404e-05,3.20302614054973e-223
SEC14L5,7,REML,1.90931041307016,0.433364587990095,1.05402353020771e-05,93.1628013620606,1.20672849789614,75.3980211019511,3.17824494932847e-14,5,0,1.70685082211202e-110,3.39469278809248e-05,1.27291501282899e-109
SPTBN4,7,REML,1.24876625280892,0.283506414562316,1.05920808400275e-05,86.2932498693276,0.437374764484431,29.8469504681532,4.20312408852089e-05,4,0,1.25962214769504e-49,3.41071314119892e-05,3.67505018545611e-49
NCCRP1,6,REML,1.10137904787326,0.250231988899265,1.07538842105611e-05,54.8163531737948,0.189523788943493,11.3282366115569,0.0452467129224028,3,0,2.98103257288353e-15,3.45663609646763e-05,4.34089106378307e-15
GRPR,3,REML,-1.58931790084494,0.361961854311077,1.12911723376679e-05,50.641282643455,0.195841406446154,4.17383483053537,0.124069000156116,0,2,2.65029007517882e-14,3.61786120771956e-05,3.76757150275091e-14
NAALAD2,10,REML,1.26401684934349,0.28798062918605,1.13746115517147e-05,95.3378097096436,0.763985468528958,150.354089092043,7.44896926500366e-28,5,0,8.10930924868242e-122,3.64099856047286e-05,7.09914853395724e-121
PAH,4,REML,-3.70603046733137,0.844861267018863,1.15160022621812e-05,92.0519691212787,2.46168139211374,37.2096117141278,4.15467317204754e-08,0,4,1.30043747614497e-58,3.68117004488849e-05,4.4256911840341e-58
DLGAP5,13,REML,-1.09160722722926,0.248948295854329,1.16052253178757e-05,94.7062620454805,0.726529468298634,151.313182678746,3.06961845564251e-26,1,9,5.76458236591511e-134,3.70895955211351e-05,5.97960165697899e-133
PLPP4,8,REML,-2.39429060475153,0.546054137619503,1.16138864836945e-05,95.3505994423091,2.19008119541539,111.884848103654,3.73061232674546e-21,0,6,1.11857635276489e-152,3.71099608908432e-05,1.55937045635229e-151
RGMA,13,REML,1.55439500149661,0.354807095382153,1.18158619490998e-05,96.312108311504,1.51424504402921,238.397126022357,3.57554750082476e-44,10,0,6.18054546892252e-148,3.76959011768507e-05,8.02926151343276e-147
TRIM40,12,REML,1.4015843140262,0.320211968075865,1.20295491417277e-05,85.591732659284,0.966553141316927,51.0798011127728,3.99946313494151e-07,8,0,4.04105973864273e-44,3.83173045647997e-05,1.06932759168622e-43
CRYAB,13,REML,1.4438197605431,0.329887602418217,1.2048847460191e-05,96.9829409996197,1.31714660666889,303.075524592574,1.06140404202556e-57,9,0,3.80593777613596e-191,3.83554827956243e-05,9.62646944843873e-190
KLK3,10,REML,1.66523100603926,0.38065718344095,1.21643492308076e-05,89.2772980753348,1.25187845386933,66.8840393376266,6.19622420203539e-11,7,0,5.16832972946513e-68,3.86707047213888e-05,2.03680432435144e-67
SLC12A2,13,REML,-1.02356597111297,0.234467012924276,1.26831742347861e-05,94.5146882152291,0.646879366207537,180.49139252284,3.38225086857828e-32,0,7,1.64631775247193e-134,4.02096800681634e-05,1.71982923458939e-133
TMEM35A,10,REML,1.38144862188803,0.316557437951343,1.27720407310563e-05,82.6812882258004,0.750042924961145,39.7993841377359,8.26149476744519e-06,7,0,8.78190931251086e-43,4.04597687324376e-05,2.27373196556593e-42
ADAMTSL3,13,REML,1.39030761042041,0.31860686372239,1.27875706790987e-05,94.0986414595952,1.16672987315795,168.886423143648,8.06481671805738e-30,8,0,2.36277456345836e-94,4.05010516546645e-05,1.39098271595317e-93
ERVMER34-1,7,REML,-1.30750735509762,0.299678602308486,1.28272126149783e-05,79.6161103247588,0.476721709016108,31.5636491036564,1.97800955512499e-05,0,5,1.49375832479039e-32,4.061867150911e-05,3.18201336484386e-32
CD79B,13,REML,1.22042881491287,0.279937855148602,1.30275428675185e-05,90.9179984146139,0.858060575942951,120.923027397923,4.04501474362461e-20,7,0,4.73582886516115e-102,4.12047507824964e-05,3.13268026890484e-101
IQCM,5,REML,2.75397982283943,0.632410879402869,1.33229881458538e-05,95.1798372331969,1.89646616582259,71.143081564858,1.30202518012973e-14,5,0,6.37683458177087e-106,4.20735502159577e-05,4.4582845655132e-105
ERP27,13,REML,-1.02014694856267,0.234299311495871,1.3365553611135e-05,77.5124484482459,0.483626053230129,41.6980096454635,3.74347814162037e-05,1,6,6.0506108340323e-26,4.2191534403686e-05,1.12498341114869e-25
CASP5,11,REML,1.02762306447864,0.23602921533516,1.33800196497438e-05,85.6951096952813,0.490415729523666,64.2508292080114,5.636510161823e-10,5,0,9.93131534210518e-47,4.22289777265517e-05,2.75241736139404e-46
CBLN2,8,REML,2.27163732797106,0.521801943861765,1.34013246829258e-05,94.0686021870589,1.97481832293547,60.5418639334048,1.17657001801975e-10,6,0,6.71735555685582e-133,4.2287986976309e-05,6.88422791677013e-132
PTPRZ1,5,REML,2.87911905765472,0.661624729107555,1.35154284899123e-05,93.6366705437293,1.86574543307157,36.6587195526205,2.11776449024864e-07,5,0,1.23066459249327e-67,4.26314478807292e-05,4.8265033957652e-67
FABP4,12,REML,2.46862197889799,0.568757181831836,1.4223688986845e-05,95.396508743731,3.47135320563259,159.994154352021,1.3412139036296e-28,9,0,6.47449533002252e-202,4.47870789558591e-05,1.89136923938117e-200
GRHL3,11,REML,-2.36862152871391,0.546566005244201,1.46662443275644e-05,96.2562578135874,3.03127901650795,83.157572483475,1.20394157798599e-13,1,10,1.3671887027935e-151,4.60553591483249e-05,1.86427505789664e-150
SIGLEC1,13,REML,1.23965685498264,0.28663806063755,1.5265926737046e-05,94.9352700772498,0.964956005183384,151.02819303306,3.50696739915562e-26,7,0,1.48408032258944e-141,4.78180970223582e-05,1.73228180490588e-140
RTN4RL2,9,REML,-1.01102719102842,0.233903963910412,1.5433895754549e-05,88.5147522707483,0.391301511779782,57.7475462267433,1.28673341167641e-09,0,6,5.66068023745516e-54,4.8278941128401e-05,1.77586317124343e-53
ASPM,13,REML,-1.2400772784296,0.287473464936193,1.6053720468484e-05,95.7008924535388,0.996138937826621,216.841534514192,1.07187941525697e-39,1,9,7.59510250822279e-176,5.00825418425112e-05,1.50353354048616e-174
SLC15A1,13,REML,1.49004292740941,0.34558905778977,1.62075012361492e-05,84.9614189019489,1.17741768757695,68.4592306008063,6.21327161263516e-10,5,0,6.37332853674382e-43,5.05234027190323e-05,1.65408637051749e-42
CCDC80,13,REML,1.23544782798352,0.286598044098079,1.62713811812064e-05,95.3508442030377,0.958177918729453,210.047542277878,2.73517003539783e-38,6,0,4.67486304777691e-176,5.07030373036518e-05,9.28842580804008e-175
FHL1,12,REML,1.80240749441445,0.418391673361561,1.6477980899176e-05,97.935754751181,2.01118617245821,279.656018324665,1.67450171206275e-53,10,0,2.98192376663172e-248,5.12876760065927e-05,1.72049573054805e-246
SLC5A11,4,REML,2.28948339136699,0.531468611138636,1.64854252610298e-05,83.2602010460299,0.905188288875374,12.7698149655077,0.00516178367568226,3,0,5.61088948831269e-41,5.13009980339878e-05,1.40819429216739e-40
MS4A8,12,REML,1.14146628666125,0.265304481057395,1.68899613870933e-05,83.2039853521851,0.603600126562743,41.5459793305256,1.9405315452093e-05,6,0,2.04754382840653e-38,5.24792916766852e-05,4.92023537719802e-38
APOBEC1,13,REML,-1.04057639989289,0.242034703821404,1.71349281538711e-05,79.1305932547417,0.522321561997192,54.5854624968514,2.14739597350596e-07,0,5,1.3861934179374e-38,5.31792860181303e-05,3.3414144937584e-38
COL4A1,13,REML,-1.25473703746411,0.291967794600217,1.72720745846348e-05,96.5478352909999,1.03943481039948,202.019550101318,1.24872063101484e-36,0,9,6.24825539660817e-235,5.35741620892834e-05,2.88612435171534e-233
APLN,10,REML,-2.62054102675261,0.609868025712307,1.73204426200754e-05,97.0119827665154,3.51429242471025,188.933881967229,6.87987743408268e-36,1,8,4.21732404934522e-263,5.37139128154709e-05,3.10797612781973e-261
FGF10,12,REML,1.13153010393971,0.263367112363756,1.73595286500259e-05,90.8638889339418,0.689382903659216,77.8762005550218,3.79329131553293e-12,7,0,2.68268386635516e-61,5.38042511953488e-05,9.47176688266903e-61
SULT1C2,12,REML,-1.19133239724111,0.277357435907776,1.74460083195475e-05,81.6915457466402,0.70661254165854,46.8113742997774,2.32279272787478e-06,0,6,1.31002172475592e-30,5.40516210366564e-05,2.68648902396505e-30
OTOGL,4,REML,1.6688159805997,0.388626777840982,1.7537547377766e-05,68.9444359013676,0.38581882022571,7.81514443187673,0.0499906669023413,3,0,3.12075075512896e-27,5.43144709905864e-05,5.94486335247396e-27
PRKAA2,13,REML,1.39853313196132,0.326114636172446,1.79907351928863e-05,88.0092197375403,1.14697382851636,85.1834192644191,4.19645991193808e-13,6,0,4.5140506940556e-53,5.5622385522934e-05,1.39296353069515e-52
ZDHHC15,8,REML,1.31877748399746,0.307826016141174,1.83426648063357e-05,92.2810560304798,0.63329050137749,50.5550328973948,1.12380502732558e-08,5,0,3.54102147355749e-102,5.65917458620592e-05,2.35000332176781e-101
SCN2B,6,REML,1.7959620041839,0.420005631702132,1.90244772333482e-05,90.0169503831465,0.90993921496092,57.4462750150724,4.09155129026499e-11,4,0,3.31611553640189e-62,5.85727021238652e-05,1.1881587003687e-61
GNG8,2,REML,1.74281670746756,0.408280349863974,1.96636262274791e-05,87.2955646242014,0.293059550737736,7.8712667695957,0.00502264552802059,2,0,3.587858268523e-43,6.03342869088036e-05,9.35508943511795e-43
HLF,12,REML,1.3372881050902,0.313298047189377,1.9686112443383e-05,93.6979156438023,1.04792871880338,92.4601382325874,5.48591766650017e-15,9,0,1.08567859537341e-63,6.03918526101359e-05,3.99050262226004e-63
LOXL2,13,REML,-1.23919111197622,0.290475912102288,1.98944732466705e-05,96.7242892389458,1.02254885657571,294.823625475846,5.73091659027871e-56,0,10,1.56380132140201e-243,6.09388049779461e-05,8.36762733461744e-242
CLEC5A,8,REML,-2.62986017351634,0.616972105104463,2.02128188566603e-05,96.1620757052394,2.87718058915162,97.6420749190129,3.30810015720853e-18,0,6,6.62483362549874e-195,6.18671761606632e-05,1.76079389459362e-193
ATOH1,13,REML,1.24492121241964,0.292134867414165,2.03095209998995e-05,88.0719119596925,0.93547327963771,82.3009878659036,1.4995427653254e-12,8,0,5.71605415863338e-57,6.21396988056937e-05,1.89170006274593e-56
FAM83D,13,REML,-1.03993907400096,0.244050951341603,2.03372585858711e-05,91.6654702865381,0.64939107647716,94.5713210507532,6.39657367246157e-15,1,6,3.56912103390811e-103,6.22128251797602e-05,2.40008956129209e-102
EPHB1,10,REML,-2.02412324287083,0.475358280930053,2.06171439956885e-05,92.4014593210954,2.02461003685845,76.8335274471367,6.85966971459314e-13,0,7,1.02886366180695e-100,6.30214471346339e-05,6.65906848258525e-100
ALKAL1,5,REML,-2.69772346782183,0.633852414441471,2.08046864482405e-05,93.0947891186498,1.81998317675149,29.4461314711686,6.34440683715536e-06,0,4,6.44198286009299e-99,6.35707465860015e-05,4.07665371236095e-98
LHFPL4,6,REML,1.78910471835859,0.420767230847684,2.11864344340673e-05,78.9562646017695,0.827663622479157,22.4027133520941,0.000438889136289879,4,0,8.12538265440809e-24,6.46397556416133e-05,1.43911764229756e-23
TLR10,9,REML,1.46861072436167,0.345477246097866,2.12854065090317e-05,91.4437073789479,0.91768617565404,54.6186655610082,5.23607606042617e-09,6,0,5.34335920728079e-81,6.49050772486236e-05,2.57909743458302e-80
RGS13,9,REML,2.40742805734657,0.567931456586503,2.24576452403451e-05,95.1715320951074,2.63777174484528,69.5484472494636,6.04424062264949e-12,8,0,3.49376329363556e-97,6.81973782134697e-05,2.14724731917033e-96
FCRL3,11,REML,1.29953156368195,0.306798856889763,2.27762660187874e-05,89.7634461786976,0.867390637099014,77.7780507091998,1.36648229343291e-12,6,0,1.49595146504225e-81,6.90872967189149e-05,7.29878456296419e-81
PTGS2,13,REML,-1.1202696970971,0.264907185131289,2.3482210756916e-05,84.3231176793351,0.714011241161527,64.2879288514535,3.69048175768081e-09,0,6,5.14796883663435e-47,7.10293065302013e-05,1.43261274885604e-46
FDCSP,9,REML,2.21514292417305,0.5238711125669,2.35346482181232e-05,86.72389235742,2.08518089071957,48.3379704102905,8.51324311867081e-08,5,0,1.10298599426737e-43,7.11613673182455e-05,2.8997424882531e-43
CNGA1,11,REML,1.22527072917324,0.290072293965889,2.39984362530285e-05,93.052989732047,0.797028103240864,85.3152154066654,4.52347872532605e-14,6,0,5.41034348741664e-104,7.24691091395699e-05,3.68098610832925e-103
PEG3,11,REML,1.43959513095349,0.341694331860423,2.51880523414975e-05,97.0022617621457,1.16175158326243,200.422981303712,1.31725033459174e-37,7,0,1.08233113642462e-211,7.57651006702597e-05,3.74154258312417e-210
MTCL3,10,REML,1.1658702458503,0.276765056909887,2.52570046092567e-05,93.1633322862406,0.698595704471062,65.4775622685747,1.16480356598325e-10,7,0,2.95205289424764e-62,7.59161690266737e-05,1.05818336445804e-61
SIX4,5,REML,-1.51564106012633,0.360531210053218,2.62342317293722e-05,84.0183037578277,0.506097045651425,15.4776884309203,0.00380641957668628,0,3,5.47416773476611e-46,7.86493341398505e-05,1.49717748791773e-45
VENTX,9,REML,-1.11772056534753,0.266406172019884,2.72209548123314e-05,72.9131146367925,0.432367447501087,24.0978643808452,0.0022067743507627,0,5,6.37551169918985e-19,8.12768582637808e-05,1.01339383508789e-18
KIRREL3,10,REML,1.41312036207579,0.337140368592779,2.77128845326084e-05,93.3779186475563,0.986662290222771,98.434537281154,3.26077860004035e-17,6,0,2.16473783841836e-99,8.2654340862248e-05,1.37796994794962e-98
TRIM9,11,REML,1.72572769542707,0.412124155217624,2.82171269762053e-05,93.8403866249002,1.66729176950001,120.11252019596,4.80088324714876e-21,7,0,1.10973288686423e-84,8.40809188871929e-05,5.69550468335858e-84
GOLGA7B,13,REML,-1.27566476272431,0.304776936304763,2.84453190913618e-05,91.5269733053278,1.04426246933228,92.1713323461787,1.87306638691552e-14,0,7,2.82557148336838e-93,8.47141731131977e-05,1.63610680213756e-92
ITLN1,13,REML,1.89538011398467,0.45293630856757,2.85605277074786e-05,87.944041321391,2.19898142049828,90.7278953216679,3.5687434568041e-14,8,1,1.98731671775678e-51,8.5041659452957e-05,5.99002899144648e-51
REEP2,11,REML,1.20352751802993,0.289017885667542,3.1244975512854e-05,92.3793071865035,0.771308421727679,96.2580997401907,3.0483833897529e-16,8,0,3.81174574584816e-116,9.2356387965342e-05,3.06546794530934e-115
PRAC1,10,REML,1.46337144686535,0.351770335964927,3.18220464802015e-05,50.3596845741307,0.567062128207188,18.4187253937754,0.0306148939930993,4,0,2.86873780251432e-09,9.38793761411214e-05,3.56132052007387e-09
PIPOX,12,REML,-1.29069308676527,0.310343507642631,3.19759165643561e-05,83.4463910497892,0.882613353427302,60.9676688759557,6.12638319770382e-09,0,7,2.40333954387337e-35,9.42420533099266e-05,5.40060208244199e-35
CXCR2,11,REML,-1.67265122663811,0.402305397219481,3.2151649080987e-05,92.2218155335515,1.54153655829587,98.1053393738376,1.30395051230391e-16,0,7,9.3728471316444e-94,9.47255472560499e-05,5.466257933286e-93
CORIN,5,REML,-2.11348341661899,0.508825240223621,3.27209446805137e-05,91.6178622426794,1.1280917942414,35.9721605712264,2.93210753437907e-07,0,4,5.59742103417105e-64,9.63153006726884e-05,2.06580895121819e-63
PNPLA1,7,REML,-1.14918135120404,0.276783234004643,3.2970009227986e-05,80.5795840999302,0.387293901068393,25.8702940961214,0.000235375281307556,0,3,1.85247691463353e-18,9.70132050114949e-05,2.91367949330165e-18
CXCL6,9,REML,-1.77250588361118,0.426933367807796,3.29992318890272e-05,90.2204329076795,1.40967719107904,72.3807847319146,1.64744582460426e-12,0,7,2.67942610604421e-77,9.70815726033022e-05,1.2110826723528e-76
CPNE5,12,REML,1.01246334098061,0.243968990819326,3.32522734288341e-05,94.2753956488408,0.639856232573143,131.100372286152,1.04237062137329e-22,7,1,1.41514422513246e-124,9.77905149830741e-05,1.28897378213891e-123
RASGRP2,13,REML,1.00176115330993,0.241719560601757,3.4083619171878e-05,94.2271588717839,0.686216575726693,216.696081100078,1.14891389337713e-39,6,0,1.08870360986409e-120,0.000100053905057696,9.39390719889646e-120
ASGR1,9,REML,-1.84448924335059,0.445650850062698,3.49026408471385e-05,93.395319216214,1.60755737653563,69.4160149804407,6.42227831442228e-12,0,6,5.55064329345502e-75,0.000102254520429103,2.42110787508169e-74
FAM153A,4,REML,1.49906658793265,0.362254622192997,3.50106409107741e-05,78.1405831504759,0.399535293651456,14.7406602666528,0.00205223535928647,3,0,2.52799581364762e-27,0.000102533873028609,4.82476705434596e-27
CLDN5,11,REML,1.24837454830698,0.301870654419548,3.5424160027135e-05,93.7696928680178,0.899791082452904,120.10613909535,4.81521937810918e-21,8,0,3.2288609844868e-87,0.00010363260673402,1.72032609732121e-86
SAA2,9,REML,-1.94293813783115,0.470234474911285,3.59855822810415e-05,82.2106577418383,1.46945427158374,35.6411546305498,2.04249549081519e-05,0,6,2.40474279366714e-53,0.000105161183403483,7.46898369994738e-53
COL10A1,10,REML,-2.79005479127624,0.675342938063134,3.60693026460706e-05,98.1673930872703,4.29440643127247,366.962174311065,1.51502452507573e-73,0,7,1.67701487151502e-200,0.000105386845161424,4.81229063926957e-199
SLC28A2,12,REML,1.89681862138728,0.459766005942092,3.69741553082703e-05,88.3891077055808,2.10302407248589,100.14194846944,1.67391123008379e-16,7,0,1.65468320143159e-42,0.00010787510887403,4.25696266975727e-42
MT1A,11,REML,1.10019708613914,0.266689730856988,3.70119485037034e-05,72.1575791580596,0.488985146710365,44.3252311076035,2.87711548140407e-06,4,0,4.59603149467543e-20,0.000107946522952068,7.49426316234263e-20
SLFN14,2,REML,1.66753038336639,0.404336781051878,3.72166928053194e-05,79.9743429273595,0.268591201306151,4.99359394986454,0.0254413157120396,2,0,4.60990833470865e-39,0.000108390206792845,1.11903644004539e-38
DHRS2,6,REML,-2.14538513484966,0.520487386890021,3.75797389616172e-05,90.9570196953286,1.44817318175863,33.6452229776921,2.80128375541162e-06,0,5,1.07314682051727e-62,0.000109386051666912,3.87072956641745e-62
AQP12A,8,REML,1.18532223724256,0.287795775501943,3.81143474272113e-05,72.7838818743405,0.431955436822039,21.2385768265654,0.00343263412101216,4,0,6.16141724260882e-16,0.000110703675176886,9.11867254718546e-16
GLOD5,12,REML,1.06429675431393,0.258769430862029,3.90693740176914e-05,93.0482341930649,0.698567438353702,83.9643452020478,2.51325506844317e-13,6,1,8.93531463329655e-107,0.000113396305218194,6.32060454405048e-106
H3C12,6,REML,-1.39945447679796,0.340793976763246,4.01781021923676e-05,79.572123242333,0.506760024170522,24.5793067884333,0.000167960125893695,0,4,2.59905111172127e-20,0.00011632278050801,4.26070937050929e-20
DEFA6,5,REML,-2.78777400520192,0.679211206870379,4.05315160196904e-05,80.890507937997,1.75914524324762,29.9843536166993,4.93046548667633e-06,0,5,2.10367491740343e-40,0.000117115927504409,5.22470610230725e-40
CREB3L3,8,REML,1.78565289382641,0.435804191480084,4.17862942266073e-05,86.9961133749156,1.24524650662916,44.0609078100666,2.07983868016452e-07,6,0,8.81751685685369e-49,0.000120505369672,2.52934184005961e-48
KBTBD12,13,REML,1.22343152625336,0.298598230645788,4.18087753172464e-05,82.3931668151132,0.862717458651823,74.807831361949,3.99464563342196e-11,5,0,4.29119383403152e-34,0.000120548759419974,9.41577014902598e-34
PF4,9,REML,-1.15841716272629,0.283151656044622,4.29231106642409e-05,76.813583988362,0.520935027728386,30.3772357812348,0.000181255310802059,0,5,4.99537374525912e-25,0.00012332312479166,9.09080643527737e-25
HTRA3,13,REML,-1.01833811915765,0.248933379937226,4.29876949145728e-05,93.3141617638548,0.698903314373482,126.408979564369,3.23870042431573e-21,1,8,4.19872096461734e-102,0.000123443056615297,2.77965957530996e-101
SFRP2,13,REML,1.60493235589698,0.392364855939284,4.30614952072404e-05,88.3257993329506,1.55702473328266,117.216662593769,2.21483676236599e-19,8,0,1.32182096535194e-76,0.000123611193660586,5.89727113683296e-76
RASSF10,11,REML,-1.19872273171626,0.293320444421295,4.3748758509186e-05,79.659381804975,0.686033294462263,45.6021413457902,1.69292672317221e-06,0,7,1.51545647056722e-26,0.000125393551536306,2.84837650791866e-26
INHBB,12,REML,-1.22595283341898,0.300399336749241,4.48274941233098e-05,89.4164262434825,0.897736935880797,72.974067834161,3.31154017469487e-11,0,8,1.7802950138541e-64,0.000128136135793586,6.62624496318102e-64
DDIT4,13,REML,-1.04190824466143,0.255547060095624,4.55875942879494e-05,93.268775431957,0.745768564272459,164.11650959221,7.60203978522015e-29,0,5,2.05802033880079e-79,0.000130171128247715,9.66870001535127e-79
CLEC4E,10,REML,-1.1688936232937,0.286844516998628,4.60128191620185e-05,86.2317266073435,0.650432772564267,70.0431771442493,1.49329666242048e-11,0,6,7.76534748563271e-43,0.00013126972322256,2.01246129770721e-42
HEPACAM2,13,REML,2.20383547466823,0.540840942689307,4.60477621528131e-05,95.4305480644216,3.53149884616214,227.659832584611,6.10554669438014e-42,10,0,3.58884273216826e-179,0.000131346299750802,7.47890838260206e-178
GP9,3,REML,2.38898563921471,0.586295440454802,4.60711336799387e-05,85.1129748928314,0.867567977722052,10.3603024169604,0.00562715547644382,3,0,1.76229340053053e-24,0.00013138984878678,3.17115015569385e-24
PMP2,2,REML,2.94703572895265,0.723446272932559,4.62905892215452e-05,70.4000400049728,0.738619521589261,3.3783829443283,0.066056835896294,2,0,1.00031044248072e-14,0.000131969284868808,1.43687722193141e-14
RAB3C,7,REML,1.42626890312965,0.350855949426061,4.80093000409015e-05,92.7112043098127,0.777072302265786,66.7371174103277,1.90493098750834e-12,4,0,2.49199120626259e-93,0.00013650908129834,1.44449958624009e-92
CYP2B6,13,REML,-1.01641351983017,0.250393499657073,4.92274636851648e-05,79.7731352281339,0.609601636268239,48.0378793252815,3.07857806626362e-06,0,7,1.19303262901456e-23,0.000139678835969124,2.10772997866547e-23
PITX1,12,REML,-1.02451394658925,0.252896406132897,5.09728337811648e-05,94.2202914949678,0.686351015785135,117.20636317408,6.60399312756964e-20,0,6,3.67506242553721e-84,0.000144202155661146,1.87135009752622e-83
NEUROD1,7,REML,3.21678688834122,0.794164888438523,5.11022570227115e-05,92.8528804128461,4.00835640236071,77.3057751755592,1.28546415886478e-14,6,0,6.21387388172213e-66,0.000144543072768531,2.36436369970338e-65
ZNF334,12,REML,1.2000089118404,0.296263644901086,5.11134573534621e-05,86.6222772460936,0.822375188580296,83.8607703010589,2.6325473260043e-13,7,0,4.32014419443501e-62,0.000144549534985467,1.54516871441374e-61
NR2E3,2,REML,1.23812439138114,0.306042323009056,5.21895945512478e-05,58.477393509406,0.124081999648485,2.40832665508734,0.120691315462275,1,0,5.76023316010811e-31,0.000147387196735653,1.18938691065757e-30
PTGDR2,12,REML,1.32018894575798,0.326485465382216,5.2628216949608e-05,97.0221422230763,1.19285836587964,135.619441817687,1.26450145700793e-23,7,0,2.59433455458657e-147,0.00014854827322493,3.34090120202637e-146
CNKSR2,7,REML,1.9655595869022,0.486302252640778,5.30316987793679e-05,95.7133769683264,1.51071774944965,89.1254167192871,4.60320037412701e-17,5,0,5.04540275324889e-87,0.000149530944749546,2.67936832094413e-86
NPFFR1,9,REML,-1.714380005585,0.424683465013249,5.41755512403237e-05,92.3529841875309,1.43479420140021,89.990988337729,4.67007780960268e-16,0,7,1.19404264476867e-98,0.000152544620834569,7.53269003876829e-98
TMEM59L,7,REML,1.76294132314913,0.437033107286748,5.48621607916074e-05,92.8745150994193,1.1536645129738,51.1202056631767,2.80177395083984e-09,5,0,7.49163323964458e-102,0.000154316483850508,4.93145959051391e-101
MAL,9,REML,2.22940628444636,0.553007539717849,5.54405999046476e-05,97.0647888319699,2.60744884432199,174.307073668333,1.61226617358604e-33,8,1,1.66832681158077e-265,0.000155854042277941,1.28802774267424e-263
PAX5,10,REML,1.5930650727486,0.395551670029772,5.63847504872881e-05,88.28758823404,1.33224427316704,82.9363251991761,4.20979552823595e-14,5,0,5.89886334239798e-60,0.000158187568723032,2.04442649359338e-59
NIBAN1,13,REML,1.19596181012319,0.29732127942726,5.75943782203377e-05,97.2564999531278,1.07144169816103,184.413156700727,5.29363513940788e-33,6,0,2.00133695811599e-141,0.000161357811316111,2.33101121421944e-140
KLRC2,8,REML,1.36781819884938,0.34041381692423,5.86682458606357e-05,89.0273742937762,0.793662640756237,44.7744992461163,1.51258427952763e-07,5,0,1.03712583234208e-53,0.00016408284804873,3.23986919455918e-53
TMEM130,6,REML,1.43190911212172,0.356399208413496,5.87661431072387e-05,89.1136321752545,0.639672081009769,41.9660335384663,5.98437040357865e-08,4,0,8.65744355319998e-74,0.000164299961751623,3.70840508132183e-73
LGSN,10,REML,1.40116071321967,0.348896078836655,5.9198528981521e-05,92.4975884614694,1.09264010420015,101.608999046468,7.43445850373112e-18,7,0,7.28107548727933e-81,0.000165366256095348,3.51020151279393e-80
CD19,11,REML,1.29468796584885,0.32276189560597,6.03907299522706e-05,91.4765070412884,1.00435709810162,104.421851571694,7.07648985110847e-18,8,0,3.965665877436e-83,0.000168522358815174,1.98442410095277e-82
SFRP4,11,REML,-2.2384498688595,0.55897819236874,6.21385877656359e-05,96.2454609249965,3.18977317191106,273.043690571969,7.6336204434598e-53,0,7,1.00563317322557e-250,0.000172953291578413,6.15257759905896e-249
LCN2,13,REML,-1.47755659395304,0.369951850420576,6.49909116005786e-05,89.5353779922631,1.49981193252552,71.8786576754814,1.42352290201849e-10,0,8,2.48601250281726e-44,0.000180365910609411,6.60424720763169e-44
CCL21,13,REML,1.49291446118422,0.373825548166283,6.50741231545835e-05,94.1223528878005,1.63962871740018,156.021375232142,3.39117355157627e-27,7,1,1.8043952849017e-97,0.000180565935085617,1.11361479840545e-96
GOLGA8S,3,REML,1.0437788439529,0.261540208209756,6.58251259089387e-05,68.095568286331,0.133362015571333,6.3593667216097,0.0415988248544574,1,0,7.41600439897812e-36,0.000182462432272461,1.6898900818079e-35
NAT2,11,REML,1.10044070038792,0.275741754978131,6.58402168844527e-05,93.3378750692287,0.751189977081509,136.480248446329,2.21546312559654e-24,5,0,1.29564389819494e-96,0.00018247306604233,7.88819921946472e-96
GNAO1,13,REML,1.62542027978401,0.407584702933459,6.66516227859112e-05,97.5397804128285,2.02230720191869,328.586343736821,4.57758313020336e-63,9,0,1.45515299059345e-190,0.000184564092267802,3.64080176489068e-189
FCN3,7,REML,-1.64248854982121,0.412024661774874,6.70878827776158e-05,90.0016070498089,0.975896271417286,31.7058730872836,1.85782463471593e-05,0,5,4.72537109932873e-46,0.000185581955890375,1.29369202352949e-45
KIAA0408,8,REML,1.23257692456126,0.309551658708761,6.83914820172662e-05,93.0247780022347,0.703434414927505,71.8069667851861,6.36810641063068e-13,6,0,2.97268068204849e-82,0.000188962354796513,1.46270324425044e-81
SI,12,REML,1.95539413884933,0.491634137621138,6.96916658178813e-05,92.2102278864496,2.48162870882809,135.540697958494,1.31189974023024e-23,8,0,1.98406849739728e-74,0.000192325272834946,8.58721370750191e-74
S100A8,12,REML,-1.45489118174332,0.365902345895246,7.00330629230779e-05,92.5166768209303,1.43208516165998,112.672615683436,5.35302806906552e-19,1,9,2.27047639904406e-89,0.000193168773251423,1.245305610883e-88
TFAP2A,11,REML,-1.42470760262892,0.358400130770322,7.03239262789853e-05,86.662818564288,1.10314862934794,70.6681987353312,3.29371223751864e-11,0,8,1.12903418298384e-53,0.00019393805353992,3.5249434255184e-53
SPON2,13,REML,-1.08746163506642,0.274278387357385,7.34544960486135e-05,96.2105576897875,0.892089087498701,282.099096679067,2.66806112975486e-53,0,7,1.21842736628066e-177,0.000202124532321142,2.46929536118854e-176
RFX8,2,REML,-2.54903891020813,0.64394487559247,7.54302175519339e-05,83.1562402494614,0.702917396102789,5.93691678586205,0.0148269340404837,0,2,1.14144167911987e-42,0.000206999004260241,2.94966431998253e-42
HLA-G,11,REML,1.10139887085909,0.278513568294228,7.66753359961269e-05,82.2935272083073,0.589132666814844,36.5556630903341,6.75336994324733e-05,4,0,1.23803693431775e-17,0.000210095863191686,1.90511511162621e-17
GRK1,2,REML,-1.52058197732821,0.384883730812445,7.79044906088913e-05,61.7142516252455,0.19511504715809,2.61193797287608,0.106062076651393,0,2,5.82732969966659e-19,0.000213103679136486,9.27350769735908e-19
ACBD7,8,REML,-1.18668715794668,0.300614120560147,7.89573502174117e-05,90.5646813793168,0.635267210820588,69.8161719023139,1.60935619727593e-12,0,7,1.90483711175973e-71,0.000215728938165638,7.87834798289809e-71
TMEM108,6,REML,1.18818338412974,0.301676289214577,8.19571309852151e-05,91.4884040276496,0.482058895701785,34.1723892418973,2.2000560353691e-06,4,0,3.01497031227527e-71,0.000223397942949444,1.24349309775932e-70
KLRG2,3,REML,-1.41861725594126,0.360951923048879,8.48713131040645e-05,64.6582591545857,0.251170575757189,5.73899150487589,0.0567275240848512,0,2,4.97539066854151e-14,0.000230530633029974,7.03707658632675e-14
H3C14,8,REML,-1.26849491702503,0.322767358411291,8.49248504740524e-05,89.9780724815537,0.687737003841874,76.2809900483274,7.87623599609221e-14,0,4,7.66481166547151e-49,0.000230605768740982,2.2025804950778e-48
PRAME,2,REML,-1.74778654864316,0.444965888548227,8.56867944182753e-05,49.2252100561386,0.206815233099794,1.9694813136709,0.160502928353694,0,2,2.35951353331035e-08,0.000232586639528461,2.85760759808476e-08
FGF18,7,REML,-1.67303279581848,0.426851761366034,8.87438004593317e-05,89.1694870046423,1.07510471581297,36.680037937723,2.0327047995073e-06,0,5,9.96063335212111e-61,0.000240160780645492,3.48718956030964e-60
TP73,12,REML,-1.12476034575099,0.287162458137939,8.97289838821942e-05,90.9594267670127,0.846228048322056,62.5879749837068,3.05371558367656e-09,0,8,8.42737097825697e-57,0.000242422265569408,2.77765736268511e-56
ERFE,6,REML,-1.6964194957848,0.434344226140552,9.3951894240956e-05,89.9439925392789,0.97442824092516,33.1566280872069,3.50329674930604e-06,0,5,6.82701287406957e-68,0.000252567560147835,2.68851978934394e-67
CDKL2,8,REML,1.48770478384801,0.38106090713962,9.45716482608323e-05,92.7161416133145,1.02333674074647,67.1301995090477,5.60490447125479e-12,5,0,4.68177245446003e-80,0.000254108407897394,2.2175161204838e-79
PLN,11,REML,1.41203127695655,0.361713027773686,9.472006403293e-05,95.3081648540874,1.3035160716322,86.5550140499751,2.57458318944318e-14,7,1,3.60694424859178e-97,0.000254380718596305,2.21596768103139e-96
NKAIN3,2,REML,1.27370554124104,0.326340091740762,9.50075063197334e-05,0,0,0.916274142437432,0.338455166274926,1,0,0.000351727105412554,0.00025511041735042,0.000378806400960126
ACKR1,12,REML,1.27815438600968,0.327496166523118,9.50834541602837e-05,93.6689833005618,1.14027714372283,131.169572117558,1.00927747692227e-22,7,0,8.50350116493983e-74,0.000255272071915993,3.6443897538242e-73
RETNLB,12,REML,1.67034328153697,0.428070375756488,9.5389485227941e-05,91.4644032326135,1.84018607762738,103.944539917333,2.94678452390093e-17,9,0,3.11782059040614e-90,0.000255999708672378,1.72817864041897e-89
SGCA,11,REML,1.91627830929589,0.491274443428703,9.59439180753749e-05,96.352814345462,2.46834905939429,172.41815041899,8.75502953487317e-32,7,0,1.0169342759851e-137,0.000257283947032096,1.12007849297191e-136
FANCB,13,REML,-1.15861171068144,0.29705639515676,9.60700207618488e-05,95.8434088794121,1.05014150577856,312.701708681699,1.00699805361185e-59,1,8,7.94700090245661e-200,0.000257542836743718,2.25647505484289e-198
AOC3,13,REML,1.32714311864084,0.34083050688659,9.86653757820499e-05,97.2345022573976,1.43100332110905,259.420443406941,1.47975921183831e-48,8,0,5.88557823039781e-158,0.000264363202372232,8.89309225064676e-157
C2CD4B,12,REML,-1.10589004759294,0.284513251470432,0.000101509794797218,85.0950878951317,0.764622855464404,56.3419930675074,4.39700613012024e-08,0,6,2.35692929080791e-42,0.000271715090481641,6.05017330460239e-42
CLEC17A,9,REML,1.26752111743223,0.326522388798811,0.000103651520546931,86.7059370950538,0.778347026846063,66.2045066552074,2.78748625311727e-11,4,0,3.01340929108873e-53,0.000276990621827493,9.32730141970629e-53
LMO3,13,REML,1.77177133004351,0.457286391059844,0.000106829254127109,95.748723263475,2.50187128384919,136.794309938675,2.6542861283334e-23,9,1,1.61484506702151e-104,0.00028501278544723,1.1084455153099e-103
CD300E,12,REML,-1.07462982098656,0.277411460244376,0.000107161973849086,84.1142257051855,0.697488478095265,45.3253158819551,4.25287153528089e-06,0,6,2.11896720886047e-39,0.000285712396318899,5.17859743100013e-39
LMX1A,2,REML,4.57104095964893,1.18012288560959,0.000107345014537265,87.6870222003554,2.44744462285504,8.12151224725561,0.00437430553342822,2,0,2.55988781172767e-28,0.000286153357562097,4.99921236949417e-28
CCDC85A,8,REML,1.29461320066906,0.334297361110218,0.000107662969627311,87.7938259929161,0.714013995920943,38.6553057550063,2.27376943069919e-06,6,0,2.71522087358206e-47,0.000286953760737728,7.5899786247217e-47
FSIP2,11,REML,1.68831899374651,0.436315988575297,0.000109064649507234,95.988280455501,1.96791911439144,203.851899371815,2.53664621323878e-38,8,0,1.17152757330454e-132,0.000290355527497665,1.19534150698467e-131
SLC28A3,12,REML,-1.05642226059565,0.273051809341585,0.000109307575482115,85.9752082958724,0.707678123741831,85.1553390450955,1.47384847035883e-13,0,8,4.93043607907941e-36,0.000290906717217914,1.12762251587127e-35
ODAM,6,REML,-1.99319794601152,0.516172567728291,0.000112695179062967,69.6027925900125,1.00354822763514,13.2709127419372,0.020968063516325,0,4,2.26579087906262e-24,0.000299087729276132,4.06813593823281e-24
CHRM1,10,REML,1.00162479605993,0.259445438098301,0.000113091563272194,79.0246555558251,0.470122910459869,37.9208986852615,1.80102205369571e-05,4,0,7.39018494316245e-22,0.000300090591707377,1.25502323749338e-21
NECAB1,8,REML,1.27210824353717,0.329909040217496,0.000115287508891001,92.5017990238918,0.754831705686632,59.4333606466115,1.95857668650343e-10,6,0,1.31787442674575e-113,0.000305417709419902,1.0223300517143e-112
GP2,11,REML,2.52247510534281,0.654296992757506,0.00011561386146162,93.4448305294316,4.19825982722557,119.520272946433,6.33121725127063e-21,9,1,6.00678629784251e-69,0.000306182217555904,2.39635891355612e-68
FCGR1A,12,REML,-1.19222106171235,0.309413573423768,0.000116601512172652,94.0451882839656,1.00660319363147,94.9360139648247,1.78691153029217e-15,0,6,7.02007259557457e-96,0.000308596199290763,4.21386290233434e-95
VWA5B2,8,REML,1.61561484279869,0.419328512807012,0.000116745250906184,94.0548150122676,1.30137271229688,66.1529384350773,8.8173815430117e-12,7,0,1.14755987485665e-80,0.000308926187847554,5.50618178486266e-80
ANKRD20A1,6,REML,1.79226564271824,0.465423113196943,0.000117717826198687,93.9579946269794,1.20867202143791,62.6878133804797,3.3784766521307e-12,4,0,1.57495889962779e-75,0.000311347327269055,6.9237550541392e-75
H2AC12,6,REML,-1.14853030892931,0.298700055740178,0.000120505384282612,80.3930956975807,0.39832898256838,25.2238344967531,0.000126129178817428,0,3,8.40880763096274e-22,0.000318252776571752,1.42621611173553e-21
PPP2R2B,9,REML,1.50833509772527,0.392510389044518,0.000121643421715538,96.1334617725013,1.23611294143335,68.822554847387,8.42758069728665e-12,7,0,1.72308809972258e-115,0.000320944637310662,1.375501100975e-114
H2BC10,6,REML,-1.01951380143601,0.26558431239139,0.000123658427924268,74.3571384504979,0.290126666739097,18.1487030511467,0.00276569759655404,0,4,1.56140395591674e-12,0.00032583684250547,2.11434413574528e-12
ISM1,11,REML,-1.20622147708092,0.314293694607634,0.000124101110723568,88.5884293874201,0.869668390660155,60.1444341939143,3.40321673713575e-09,0,7,5.14328514997806e-45,0.000326843942196428,1.38242841738386e-44
TIMD4,8,REML,1.52675852759081,0.398678669995838,0.000128379594943344,88.3376488751775,1.05361556065025,58.6082165095936,2.86062164358749e-10,5,0,1.00345346336105e-48,0.000337181009690011,2.87539607661236e-48
SPARCL1,13,REML,1.07864043382467,0.281693615298936,0.000128598994431962,96.7328072179357,0.973571324342186,236.024278840692,1.11446357302768e-43,6,0,6.03093516412508e-138,0.000337647853720713,6.66527278909066e-137
WDR49,2,REML,1.21740465170966,0.318002304455778,0.000129037306187094,0,0,0.906898490630759,0.340938681858393,2,0,0.000329659198426944,0.00033863416076584,0.000355393615539334
CLCA2,6,REML,2.46050593357308,0.643375163216197,0.000131105858295433,93.8124052312163,2.2830431223587,43.7316104803317,2.6257425112907e-08,6,0,2.9419004240666e-55,0.000343840064791953,9.46745366720759e-55
LRIT2,8,REML,1.06110386659987,0.27756898477337,0.000131919437033243,81.4110040859802,0.479784800622272,32.795941270739,2.88970646073149e-05,4,0,1.31592118278948e-29,0.000345917812165609,2.63688420919118e-29
GZMM,9,REML,1.17875352707224,0.308678109650029,0.000134148990558403,92.5749745865919,0.703859076304017,67.1488413776449,1.81149595138954e-11,5,0,4.07005540345603e-98,0.000351479893975985,2.54976075178642e-97
MYOCD,13,REML,1.39229449363589,0.364961455997579,0.000136233504138979,95.8415275242351,1.5949424018217,130.12817644622,5.8169659350402e-22,8,0,1.09960129301798e-76,0.000356365569958901,4.91260285580064e-76
SPHK1,13,REML,-1.10967381491677,0.29135438760503,0.00013971414204324,95.6618035472063,0.976148833387512,127.794471037742,1.70921114004388e-21,0,7,8.93984630071199e-127,0.000364881666389668,8.44648764996757e-126
TAFA5,11,REML,-1.22409905618168,0.32145364008552,0.000140088939495095,93.7087267851376,0.997386054660729,108.596873006099,1.02329545245425e-18,0,7,7.9697367925457e-89,0.000365801574494119,4.34038772648786e-88
CCNP,5,REML,-2.88019579264768,0.756607171648613,0.000140818910626773,95.8531678348304,2.67299350238516,34.7027708421612,5.3463565024014e-07,0,4,9.34493867169517e-134,0.000367589276765718,9.66876137103981e-133
TBX10,13,REML,1.40576727942985,0.369476223339282,0.000141943418972927,90.9725108838111,1.47769780904032,104.220770231485,8.26153037560312e-17,8,0,4.41519894501976e-70,0.000370405384163538,1.79227893078631e-69
ST6GALNAC1,13,REML,1.02257196957375,0.268929894980196,0.000143316311412194,93.1054011802749,0.827788919794809,171.06636556613,2.88892442455028e-30,8,0,2.49868408991922e-130,0.000373807489852943,2.46868769956492e-129
SPMIP10,7,REML,1.11516156185347,0.293966774847744,0.000148541478324522,85.8186952753298,0.496537268148389,32.4582467971345,1.33271785538008e-05,4,0,1.94430145690352e-44,0.000387000319472197,5.17618382935579e-44
TMEM145,5,REML,-1.000824109003,0.26420376963007,0.000151818066098626,62.6879798289165,0.19998286176509,9.09129706440608,0.0588575618311419,0,3,1.55413684360689e-15,0.000394649078989421,2.27822971477382e-15
MS4A1,13,REML,1.68077360840081,0.444639472138501,0.000156776797457278,92.8820179510918,2.28752546602842,127.62660121775,1.8468885300822e-21,8,0,3.34009108488836e-108,0.000406496436458476,2.40679541152422e-107
LAIR2,3,REML,-1.48855175263005,0.393844610681105,0.000157117883622552,85.3980698347884,0.38881934163338,9.6820285535111,0.00789903817630921,0,3,1.78595683387953e-23,0.00040731567751398,3.14633468952395e-23
MYBPC2,2,REML,1.83034730829171,0.484572254496746,0.000158573798759254,76.8773707313133,0.361141633428991,4.32476769133789,0.0375615410693459,2,0,1.2050579001893e-15,0.000410827260991338,1.77067280548932e-15
SLC5A12,8,REML,1.17799571758275,0.312516133932933,0.000163645904496865,74.5023506981564,0.534243136104543,22.2490008141663,0.00230103206126462,4,0,9.75283562755309e-16,0.000423291488450491,1.43617369690752e-15
WNT9A,13,REML,1.01489988264226,0.269366105448004,0.000164735979908435,92.5805110158712,0.802819090889678,108.59102655127,1.13631254392516e-17,6,0,6.16777047811666e-65,0.000425771471744853,2.30889085111303e-64
LRRC10B,9,REML,-1.33353594092135,0.354651830363576,0.000169827084478213,91.8566541081751,1.00308126900874,86.667856627924,2.20314850622352e-15,0,6,1.72747498829165e-65,0.000437882716387606,6.54076412544898e-65
CLDN14,4,REML,-2.46413638209325,0.655918673753227,0.000172119728906976,88.6816640129755,1.44650612962517,17.2449697036857,0.00062930614291042,0,3,3.45319940601511e-51,0.000443441469055905,1.03583204384316e-50
REEP6,12,REML,-1.11941027854458,0.298202731790302,0.000174134541042071,91.5445073826541,0.917810169667867,61.377823602722,5.13784470608647e-09,1,9,1.71263315167501e-74,0.000448347358093553,7.42431050484142e-74
GSTA1,12,REML,1.44957064056296,0.38625056262451,0.000174780906541932,88.7335608396916,1.42750529587161,105.298693353853,1.58521096472738e-17,7,0,2.39934787079059e-37,0.000449797275835611,5.63450565311817e-37
SSTR3,5,REML,1.61029970836945,0.429173463126504,0.000175362815407103,92.092413923833,0.805545393945379,37.6753678262426,1.30734072700838e-07,3,0,1.35269067106164e-65,0.000451151590954516,5.12889940363011e-65
FJX1,12,REML,-1.69850661400437,0.454044717997788,0.000183409515827516,97.0915714179927,2.33358585476345,239.398682580159,4.61625569094603e-45,0,8,2.57844094147935e-240,0.000470211650871523,1.31047846345469e-238
RIPPLY3,4,REML,-2.26083072843675,0.604551612138469,0.000184253266650658,90.2987444044068,1.30556825143365,26.9765195720523,5.95446441401574e-06,0,3,7.76516724240652e-51,0.000472150815901235,2.31555373369757e-50
S100A2,9,REML,-2.89946470110932,0.775345717202206,0.000184330472136996,97.362621634079,5.11961082825604,82.3232559458644,1.66370708551876e-14,0,7,8.19137094407168e-137,0.000472274011497647,8.88933715637444e-136
LRCH2,11,REML,1.08805222079768,0.291254205538024,0.000187158266966943,95.1297901452049,0.818411995865027,78.5670084912926,9.57956599631584e-13,6,0,6.92551014312378e-84,0.00047898113802645,3.51104740307898e-83
LILRA4,8,REML,1.26202262560379,0.337957849812995,0.000188267603321128,90.5464422024262,0.788104401629954,63.8729179456473,2.53247755390812e-11,4,0,1.71395944555465e-65,0.000481419594740443,6.49110593103892e-65
HBG1,2,REML,1.26351650555189,0.338739241894622,0.000191436849472583,0,0,0.295827200815453,0.586510294779008,1,0,0.000703395186477145,0.000488858976295319,0.000752103551958976
DMD,13,REML,1.22580665871497,0.328924144285064,0.000193991328373958,95.7199619271593,1.28896568232393,142.419544160725,1.94376342314355e-24,7,0,1.46481365547546e-56,0.000494914462144293,4.81626927524308e-56
MYH11,13,REML,2.07680176602732,0.557998519236726,0.000197747473375512,97.4486760717907,3.84300673158321,319.792221982387,3.2487601594589e-61,11,1,2.48583755884609e-156,0.000503625476883,3.66389857650651e-155
SFTPA2,10,REML,1.09374057661478,0.294931199931999,0.000208523539297918,78.5812386758815,0.607135039294246,39.5633462147683,9.11503778069284e-06,4,0,1.89399744461681e-22,0.000528001271690949,3.26188448795117e-22
PPP1R14A,13,REML,1.1058267269307,0.298387172971494,0.000210547538927669,94.7496992311045,1.05191820607401,172.660787954183,1.36274489469534e-30,9,0,4.94943710052562e-73,0.000532959757788336,2.09517555380736e-72
EFHC2,9,REML,1.61226000332422,0.435121438924737,0.000211131994869065,94.0815679302655,1.53519055624089,62.0199155505165,1.86873022393758e-10,7,0,1.87762127718161e-61,0.000534272363479344,6.64234644707515e-61
MFAP5,13,REML,1.45982828832981,0.394422658324377,0.000214601243072176,94.9160634772536,1.82101457075087,147.206698503286,2.0887337292836e-25,9,0,4.37994926736272e-139,0.000542275831272078,4.93482400776594e-138
MEIOB,3,REML,1.60682528309382,0.434232787562657,0.000215278891398907,90.9708473430887,0.495011670349903,12.5468178617521,0.00188578908889956,3,0,7.65416225181628e-41,0.00054383245033507,1.91714711244705e-40
MTNR1A,8,REML,1.22699549398923,0.331890686986997,0.000218173668640259,89.6975113042838,0.753140257987603,48.4839929335535,2.86325723342641e-08,4,0,3.49729312636452e-43,0.000550801882538853,9.12334890711954e-43
RFX6,7,REML,2.77057006702587,0.749848872280745,0.000220027072978273,94.8722852308798,3.60049758748356,74.4715212555429,4.93084171290686e-14,5,0,1.44570261258914e-86,0.000555135221630367,7.60765220964223e-86
TTC24,2,REML,1.35848454990844,0.368091022269782,0.000223707020332016,73.4590897802107,0.206443643033591,3.7677682932456,0.0522493015879158,1,0,5.55914175594468e-30,0.000563981017049134,1.12297988149927e-29
GLDN,12,REML,1.72371486206993,0.467898038775637,0.000229643680907311,93.4101308672651,2.34994717564926,120.88611671919,1.20258118712556e-20,9,1,3.21998272720441e-81,0.000577510935093879,1.56210592328441e-80
IL23A,7,REML,-1.5095816611354,0.409902441697945,0.000230701715496506,93.0330295529181,1.02990304444515,33.8813137453285,7.09185896813136e-06,0,6,2.68050774550573e-69,0.000579991768234588,1.07571960588823e-68
BEND5,11,REML,1.26938362963849,0.345643230106164,0.000240165032745484,95.0352685943144,1.17325355516245,91.7274322228523,2.43218252729592e-15,7,0,4.78543048614598e-103,0.000602102315741847,3.21400929875248e-102
SALL2,11,REML,1.11634310280665,0.304249452409592,0.000243338792830946,96.6510212836094,0.936328334948496,154.782880655856,3.86028160034988e-28,6,0,1.4244346881269e-116,0.000609776174369108,1.14954502730719e-115
CITED1,4,REML,-1.44853538195695,0.395028112836695,0.000245492241571482,62.0293231343121,0.350702660937089,6.60190215716573,0.0857292118110301,0,2,8.62918271816938e-19,0.000614792355977516,1.36799588745165e-18
S100A3,5,REML,-1.22970404473719,0.335369184817539,0.000245683997610195,85.9670536635231,0.448609394596052,16.4518491585092,0.00246908616876985,0,3,1.48163574883138e-31,0.000615177552626114,3.09558767987155e-31
LCN6,2,REML,2.64793833822086,0.722481191143973,0.000247278699552357,91.8020957102065,0.958704509936959,12.1982395091513,0.000478346364095117,2,0,2.76703171808733e-45,0.000618883846224508,7.47573491840525e-45
SAMD9,12,REML,1.13307415101047,0.309307740638089,0.000249027184358694,94.337112288839,1.04387930371035,95.9443414334764,1.13068095133124e-15,7,0,1.29185645917135e-58,0.000622683180136876,4.39741103769581e-58
ADH1A,7,REML,2.34693750110872,0.640917241615244,0.000250408550985476,95.958164524831,2.63426806106466,156.172922110103,3.82582033317826e-31,5,0,8.32110360992606e-148,0.000625461999249349,1.07841768847107e-146
CST2,7,REML,-4.58858771748173,1.25368922051757,0.000252148388146493,96.6267246678758,10.3078038926642,144.959676880302,8.99068815187149e-29,0,5,1.01865303964e-117,0.000629613709690297,8.36647504137958e-117
SLC38A4,13,REML,1.13337691928203,0.309727088122017,0.000252928757134747,85.0660703186953,0.970271373234125,73.0340635027329,8.63105070942863e-11,7,1,2.60012604482319e-38,0.000631270618753948,6.24253569742609e-38
TNNT2,6,REML,-1.1838359485189,0.323695824544872,0.000254937567137939,71.4457511398601,0.387339037052231,17.8346380515823,0.00316095085927607,0,3,1.06703508572439e-11,0.000635697135651709,1.41350109035457e-11
LMOD1,13,REML,1.68008384406529,0.460610738648815,0.000264790500083614,97.9586131231616,2.64242753364007,443.657416205094,2.09787138754672e-87,11,0,3.49821684259184e-171,0.000658241088294333,6.49674566654543e-170
SV2B,8,REML,1.22792383281301,0.337190284438091,0.000270912336105553,93.5617564383464,0.783197451002302,96.6953079455004,5.18569808205589e-18,4,0,8.37085070405373e-63,0.000672119618252384,3.02466241285543e-62
OMD,11,REML,1.70268895362584,0.468410069259377,0.000277938393376041,94.921995316499,2.19262793653837,208.699146337176,2.46668553280828e-39,8,0,1.30495274849354e-138,0.000688287027922065,1.45710736303897e-137
CCBE1,10,REML,1.90454484209735,0.525251473182657,0.000287881412047035,95.8727233468517,2.53640416728274,111.772627268402,6.40269111452832e-20,7,0,1.22130320667765e-110,0.000711063579146645,9.12908662511055e-110
ELANE,2,REML,3.04323261281841,0.841010012521383,0.000296263939383089,95.4874499933277,1.35097629961366,22.1604192423661,2.50791177938943e-06,2,0,2.22758391435495e-84,0.00073009990108193,1.13822306975849e-83
DGKB,3,REML,1.08718139855945,0.300524634728421,0.000297334161923202,54.8605304288461,0.130617474559124,3.8780703831448,0.143842663464835,1,0,1.11493741107897e-10,0.000732514628059699,1.43829409976315e-10
INSM1,9,REML,1.67287966161749,0.463741924774697,0.000309339672684765,91.9153125668014,1.73678627133462,74.4983834732814,6.21587458949021e-13,6,0,1.2903960938821e-61,0.000759667390675265,4.57894328520695e-61
MME,11,REML,-1.18966558778404,0.32980415452959,0.000309533395146301,87.4398663189316,0.976755665023159,61.0203408653921,2.32233005393663e-09,1,5,1.12902560056683e-50,0.00075991292179088,3.35315846528486e-50
CLDN11,12,REML,1.06457729118964,0.295275918574306,0.000311715197535214,90.3913062698743,0.843674360468086,82.3078445741248,5.27220252030466e-13,7,0,6.42490358337407e-72,0.000764921824979329,2.67988067397077e-71
FCRL4,3,REML,2.87025942394208,0.797072510989518,0.000316993569900851,93.2022850530455,1.74939988919124,21.6452284232806,1.99433618042601e-05,3,0,1.67062821642689e-56,0.000776933748874149,5.48852994385595e-56
SYNPO2,13,REML,1.74967575753669,0.486464034823615,0.000322252918847398,97.4295009927977,2.88465905458793,207.540297759889,9.02831475996482e-38,9,1,1.42942177746755e-126,0.000788870085047994,1.34038260717648e-125
APOC2,11,REML,-1.72599205998746,0.480133450328304,0.000324619230145632,94.8652735614611,2.24403132754041,99.3358863605395,7.40029901800999e-17,1,7,1.99891619693901e-65,0.000794302984960931,7.56322714141707e-65
MGP,12,REML,1.14095397957821,0.317428956934502,0.000325189811776784,94.7520936937371,1.07703183073744,249.034455339829,4.45023891268952e-47,6,0,4.70069400289518e-118,0.000795339028260221,3.88640244104741e-117
CNGA3,5,REML,2.22786470372008,0.620457114798459,0.000329812794716092,88.6962168294489,1.59369821301425,29.7252354023693,5.56701002440381e-06,4,0,2.58864206577251e-21,0.000806280886720747,4.34019170758735e-21
MEOX2,8,REML,1.50809760858226,0.420394985577436,0.000334075113574289,94.1897293711228,1.2271808195222,54.8618858035715,1.58786147295046e-09,5,0,2.75727825707787e-87,0.000815594009393155,1.47100205271483e-86
CYP3A4,10,REML,2.0597765454406,0.574234034527519,0.00033450641479306,94.2831659700638,2.98236641900747,117.802418238419,3.76225588172563e-21,7,0,2.86339916085064e-62,0.000816401099358707,1.02708607510778e-61
CCL8,11,REML,1.55043655979521,0.432249890728571,0.000334634281034872,91.3987610187262,1.79476935579268,55.4309272719773,2.62348872880039e-08,9,1,1.3094643717043e-41,0.000816590246601201,3.32243284169668e-41
EYA4,4,REML,1.39920632566655,0.390106398680033,0.000334850713062212,86.8712536856285,0.457998481053149,16.6195859889335,0.000846161368140825,3,0,6.66389695881075e-29,0.000816995426768644,1.31822549284039e-28
MATN3,7,REML,-2.20380572773413,0.614498241517537,0.000335338896338008,94.9630210628409,2.38157949951507,52.9435966930207,1.20437937254467e-09,0,5,1.48474928020701e-82,0.000818063425568482,7.33909758536469e-82
MYLK,13,REML,1.3090944088342,0.365314835617351,0.000339060948885518,97.5628023909972,1.63721955160635,236.216157904852,1.01659776653684e-43,7,0,4.43572697360204e-133,0.000826770215713778,4.56033236670957e-132
AMBP,3,REML,-1.8376999346066,0.513195029682176,0.000342413074065281,86.9163182705251,0.676132508912417,14.6699510590549,0.00065231986259918,0,3,2.31898604640836e-20,0.000834065981042727,3.80505219820046e-20
CYP21A2,8,REML,1.89911454610341,0.530484118430503,0.00034364030871198,96.3346910770771,2.11960802100986,152.998652535062,9.51852111533215e-30,6,0,9.31788648088203e-153,0.000836803893834084,1.30121355309682e-151
ADH6,12,REML,1.23659310285043,0.345526504779208,0.000345088176005229,94.6479181276743,1.30070332685709,159.867584447522,1.42382179005574e-28,8,0,1.06852648427583e-74,0.000840203423573026,4.64326451073815e-74
BCHE,8,REML,3.0426256141469,0.852173057163729,0.000356393508924791,98.3104127627588,5.6040617614624,271.569958915904,7.04524559280166e-55,6,0,2.24509059072363e-244,0.000865908580877813,1.22146489085242e-242
SIGLEC8,10,REML,1.13428594655568,0.317755161088148,0.000357410248511829,92.5373446706419,0.878548927851551,98.7820639787174,2.77397212186543e-17,6,0,3.93144423567788e-78,0.000868118705486484,1.80210645725319e-77
GALNT17,12,REML,1.12570682774933,0.315387828344068,0.00035796645225301,92.9932280875027,1.04847696932119,111.759692160938,8.15145115795383e-19,8,0,1.76727183416253e-54,0.000869339438343027,5.61049113907912e-54
KLKB1,9,REML,1.11918843376332,0.314328777815445,0.000370055946629041,91.1947442465078,0.778315735022153,85.8331253097511,3.25081817107266e-15,6,0,2.11482810030534e-66,0.000895613832317756,8.10775786007342e-66
SAA2-SAA4,7,REML,-1.85099808771918,0.519937145087729,0.000370795447397651,80.5355008665582,1.34666472816659,21.9602997886286,0.00123109464507338,0,4,1.58056195265617e-35,0.000897001878343496,3.56903216412459e-35
APOC4-APOC2,11,REML,-1.68976419381355,0.475737181821017,0.000382480661186406,95.0367180365128,2.21365141126614,101.893258210245,2.275978711509e-17,1,7,1.93253060619504e-64,0.000922379735209757,7.18791436527648e-64
ZNF676,5,REML,2.49783259230056,0.706035361489627,0.000403430771769582,86.3725012334784,2.08704852598732,28.5492094796393,9.65134657037335e-06,5,0,1.63516324832752e-21,0.000968867294134236,2.7540932625321e-21
ROS1,10,REML,1.29414456126439,0.36585549615163,0.000404223837078262,85.3894283142519,1.07915040756557,64.3154174269199,1.9600341639167e-10,6,0,8.35988765785428e-40,0.000970628120638309,2.05611132580084e-39
GLRA2,11,REML,1.11345713321477,0.314903041161648,0.000406430165824512,69.6749801344861,0.696985126918639,36.0654772928,8.20227199066593e-05,4,0,6.61298360836302e-17,0.000975059526267064,9.99872267484749e-17
SLCO1B3,4,REML,-4.03213464958466,1.14410700174975,0.000424661572604398,93.0122984710388,4.60819137145565,18.7216771164041,0.00031212221508826,0,3,3.08457394503417e-81,0.00101519287476189,1.49731129852811e-80
H2AC16,6,REML,-1.10596876704525,0.313972520906182,0.000427494154123699,80.4334790094829,0.45458615816031,20.2663886169598,0.00111373222163369,0,4,2.50654945723694e-16,0.00102151256017797,3.74170760981332e-16
FAM163A,6,REML,1.10574899620593,0.313950896958628,0.000428232427070159,91.0383518825431,0.520422221811284,53.5132942490144,2.63851184439941e-10,4,0,4.46631784322606e-60,0.00102312589744894,1.55091906601465e-59
TTK,13,REML,-1.18683449072075,0.337169843010412,0.000431562996805339,97.1636946131164,1.39195956957814,304.205740898384,6.14448930736854e-58,1,9,1.50959953531389e-190,0.00103039224621884,3.76540573323755e-189
HPN,7,REML,-1.40844680302236,0.400326879614083,0.000434416163875381,80.5934018193129,0.837773911175106,39.9926294973063,4.57036646503776e-07,0,3,3.99716122085121e-17,0.00103652527813268,6.08050055110346e-17
FOLR1,6,REML,-1.67532535472174,0.477383057861897,0.000449128632815657,87.0771899256501,1.10612306622579,27.7200085078226,4.12848625380434e-05,0,5,8.08062384860479e-18,0.00106848459630818,1.25046439302691e-17
GJA9,6,REML,1.19918767728602,0.342074637643834,0.000455525155852349,93.8797375069343,0.635736769448134,60.4526152851238,9.79921826923352e-12,4,0,9.52906685472766e-87,0.00108211419074493,5.03404238891168e-86
NRAP,9,REML,1.77639767551997,0.5075727027868,0.000465625487004929,93.6066318763373,2.07077531702151,99.0566516016632,6.65413518470254e-18,7,0,2.00209710847935e-48,0.00110448954218155,5.69573616770938e-48
FCRL1,9,REML,1.66057774999516,0.474600300231243,0.00046718633972532,93.3606389028783,1.85559219922657,86.025673976621,2.97188035070376e-15,6,0,8.49003889838055e-83,0.00110770578034025,4.22106717753584e-82
OLFM4,13,REML,-1.44084803489656,0.411830303621796,0.000467628734543586,85.0183634173301,1.73738413783442,67.5602543719228,9.13577807485151e-10,1,8,4.10428375496498e-32,0.00110859258271022,8.67232536416619e-32
FXYD6,13,REML,1.19559022693329,0.342063871379261,0.000473662110812849,97.6332633422042,1.40835136247553,398.744645742941,6.97938249302778e-78,8,0,7.44919006762309e-163,0.00112158373048178,1.19934179311195e-161
FREM2,12,REML,-1.01725700335727,0.291286740640415,0.000478902727113622,78.8927677797007,0.7195440828322,41.4151059997915,2.04411506131787e-05,0,5,1.22782127155453e-17,0.00113283482852249,1.88975377593636e-17
PPP2R2C,5,REML,-1.07567142947206,0.309287760809357,0.000505361307218348,66.7508453798936,0.310477044220748,10.8707132197085,0.0280560957561162,0,2,9.65570223441984e-10,0.00118917603395226,1.21486807641354e-09
TRAT1,9,REML,1.03200576324279,0.296928658587116,0.000509708607452672,92.3915249903943,0.673618476443542,77.1472587819778,1.83061552264997e-13,4,0,1.09389156199325e-63,0.00119853599022918,4.01977876124127e-63
PLIN4,13,REML,2.03473700421471,0.585743783404507,0.000513207851420558,96.5969243105243,4.11948800002148,183.660601464986,7.55769654116216e-33,8,0,1.49878703990171e-105,0.00120641422286233,1.04112400505254e-104
MSLN,13,REML,-1.36982459181851,0.39444707398774,0.000515113541389787,89.6577769110124,1.65755768581451,67.9213832470334,7.82585047901793e-10,1,8,2.48455233224835e-42,0.0012105429550011,6.37374160802887e-42
CPS1,12,REML,-1.60787268495949,0.463128166900673,0.000517046554691019,89.3759276653364,2.11911648504763,99.5666649342528,2.1758603033221e-16,0,8,3.29670578993937e-38,0.00121438154298211,7.89855046139899e-38
RBPMS2,12,REML,1.7306046691959,0.501417390991577,0.000557634094682811,97.7738538856291,2.85120418904881,220.700643818668,3.68976694529034e-41,8,0,8.09608592874331e-124,0.00130257448108833,7.27615527509508e-123
NRG2,5,REML,2.5415872181887,0.736390308220064,0.000557659132160552,97.1085184532249,2.50967680993813,35.9661740371795,2.94043361389211e-07,5,0,4.48076570602974e-109,0.00130257448108833,3.26648625862681e-108
FILIP1,13,REML,1.09363985713282,0.317021973257785,0.000561149812098663,96.4589407815459,1.1925250805994,117.062504593076,2.37689668283015e-19,5,0,3.46724072260476e-50,0.00130980735726398,1.02226539071815e-49
WFDC10B,2,REML,-1.41892542731079,0.411580998151538,0.00056580073187685,72.8583410765945,0.253083195217507,3.68437317270115,0.0549246129174254,0,2,2.21171508409743e-12,0.00132009314518914,2.98100728726175e-12
ARID3C,4,REML,-1.05378040406986,0.306481719213171,0.000585348384369876,82.3143053840271,0.299393577856685,11.6197033729707,0.00880619909457038,0,3,4.18963583664843e-26,0.00136275895401907,7.8085487779723e-26
PLA2G4E,5,REML,-1.63263612215396,0.474861411841934,0.000585742517252198,88.9554690485934,0.929239635997674,16.7856600664708,0.00212733895452492,0,4,2.46390447220991e-22,0.00136348075121463,4.23215205084642e-22
CNTN2,7,REML,2.11024653712346,0.616008971835203,0.00061327371174771,95.3400294899181,2.44087473786323,90.4719067400274,2.41773007243987e-17,5,0,2.92316655401688e-53,0.00142307237563555,9.05489097062967e-53
MAB21L2,13,REML,1.01907573600274,0.297921625140507,0.000624792846651554,94.1753350519959,0.989463748794769,236.848828287347,7.50800165435525e-44,7,0,5.7209071737062e-70,0.00144855804701296,2.31882670018247e-69
H3C15,6,REML,-1.42746498419946,0.417418557697422,0.000626798843223868,88.2661835026097,0.854953862249056,39.8008358530993,1.63802949944355e-07,0,3,1.88120748010438e-42,0.00145258571257698,4.83513266882248e-42
TRPC7,3,REML,1.92430987731312,0.562939001313435,0.000630072392883275,90.8904087145194,0.853627912723446,16.1488390372004,0.00031140397970627,2,0,6.83238246233192e-57,0.00145933767225951,2.25653731639412e-56
GPR17,9,REML,1.21749530487705,0.356402986229186,0.000635333825360609,94.4623199960247,0.994632290762766,100.31513796799,3.6806713462908e-18,6,0,1.19883789077639e-75,0.00147068351093255,5.28459997910757e-75
FNDC1,12,REML,-1.34336026140639,0.394703320946809,0.000665361208342218,95.5794547969497,1.70067312323508,217.953335810873,1.37821584987761e-40,0,7,1.28266841091522e-135,0.00153362258613198,1.37176140805861e-134
AKAP7,13,REML,1.02747492102353,0.30323138975667,0.000702968571062583,95.7325433578172,1.11580825112323,298.502238060608,9.68645461266702e-57,5,0,1.40624796468399e-163,0.0016131959579105,2.2983365172804e-162
LY6G6C,6,REML,-2.09842584394835,0.619541771737743,0.000706456487940557,87.303347370468,1.85238952678907,30.0773689923886,1.42403263229662e-05,0,5,1.93265567775511e-31,0.00162051203154786,4.02545561452256e-31
FMN2,8,REML,2.29945860590533,0.680031409293048,0.000721173232610416,90.2156843674832,3.14472848239492,53.6736322758234,2.72868522683941e-09,6,0,9.90803697091975e-32,0.00165146633055264,2.07731803193485e-31
OXTR,9,REML,-1.23756194911682,0.366088478376334,0.000723541844285497,91.6310504987844,1.06733703503764,62.9726239925117,1.21304378307177e-10,0,5,3.28934604933207e-67,0.00165642246842711,1.27982163421696e-66
SULT1C3,6,REML,-1.40390420030496,0.416195602800005,0.000743043766379327,86.2270770749594,0.871123670947246,39.7141371724985,1.70528535681581e-07,0,4,1.56546079229491e-27,0.00169699515203663,3.00045109652173e-27
CABCOCO1,3,REML,1.40342061178305,0.417615462388563,0.00077785447137953,55.6784527607701,0.290907703435433,4.41111088782592,0.110189304325288,2,0,2.91089822285118e-15,0.00176827741790189,4.24028687215509e-15
HOXB13,13,REML,1.24887727178534,0.371715235406261,0.000780077078642249,81.5108220982711,1.32939706485102,66.4612943166102,1.46193303833878e-09,8,0,5.21927956214958e-24,0.00177283286739933,9.30607935127364e-24
AKAP6,12,REML,1.02808204929378,0.306512995397597,0.000796171870268849,95.29133312187,1.02667093426948,130.648958627132,1.28650488216161e-22,6,0,1.4465984766489e-63,0.0018066248471195,5.3014695076647e-63
PADI1,10,REML,-1.15626694733847,0.345543949870012,0.000819206250545877,85.6965106710705,0.935323513258811,49.0307969722866,1.63789664046265e-07,1,7,1.37324396623593e-32,0.00185370424844387,2.9276008447841e-32
GRIK5,12,REML,1.34963199074749,0.403589299551237,0.000825580761993191,95.8383562276808,1.75990809435061,117.657612428533,5.36037980299288e-20,8,0,1.83795331380565e-83,0.00186760721280809,9.2571410614262e-83
DUOX2,13,REML,-1.19674225531157,0.357953728884209,0.000827920527365626,84.7332354126143,1.28179848101601,54.4417437066574,2.27839254746636e-07,1,8,1.24896129548451e-21,0.0018721165286163,2.1099728544014e-21
CCL20,13,REML,-1.1261990894319,0.337153842589792,0.000836842613625481,86.4099607163041,1.19398442758612,56.4338598568731,9.9991759802097e-08,1,7,3.74178108771954e-29,0.00188991911055996,7.42812498777971e-29
PCSK1N,10,REML,1.94723184746652,0.583617179625825,0.000848440228009182,95.1266941585547,3.14306306588574,90.6731160198958,1.19282106575918e-15,8,0,3.67827447057241e-81,0.00191424456119021,1.78177066003557e-80
SLITRK5,5,REML,1.49957858262679,0.449846402824621,0.000857499822058375,75.9101756262292,0.674736925800325,20.0316078366254,0.000492275048130152,2,0,3.61816479091148e-16,0.00193307071955401,5.38374685710791e-16
LIMS2,13,REML,1.11934915280539,0.337246893018301,0.000903148054602888,97.0676791591664,1.3678532405482,286.723807285205,2.86423970207355e-54,7,0,1.36805582844087e-102,0.00202443514575925,9.13144880465701e-102
TTR,8,REML,2.29329408843881,0.693408119133865,0.000942070240608152,94.6186719709682,3.54755966858362,144.552278983351,5.64747091789679e-28,7,1,1.97981030501192e-63,0.00210513315512429,7.23921165429821e-63
ULBP2,6,REML,-2.69598895513523,0.815464582781242,0.000946119789408221,94.0331965615236,3.61454526067751,80.142037665352,7.83683018302595e-16,0,5,6.37458453269554e-78,0.00211287054348147,2.91047983747093e-77
PAPPA2,10,REML,1.8269362070302,0.553360149572098,0.000961583867257406,95.2678152101907,2.83400178740067,122.025122037756,5.14183151181172e-22,7,0,2.44803923372177e-66,0.0021435665117344,9.37634304189252e-66
KCNJ15,11,REML,-1.65741823016325,0.502298231713021,0.000967987008469923,94.5248442335387,2.52148169074992,126.206112410087,2.77103281241625e-22,1,7,4.43803988560879e-111,0.0021563579786099,3.3451390360472e-110
H2BC26,6,REML,-1.51501080639815,0.462731464059957,0.00106013912626496,90.9659994928248,1.14733174885404,66.6295918653014,5.14388082457587e-13,0,5,1.48533848956637e-44,0.0023455288829331,3.96082120581242e-44
IGLL5,13,REML,1.08506508979349,0.331523369254842,0.0010642485388121,93.8466473951194,1.26184641531822,151.854352799683,2.38350928791337e-26,6,1,5.22869078965574e-84,0.00235365728546728,2.65329464077272e-83
XPNPEP2,13,REML,1.05134391297048,0.321552629653593,0.00107705066493028,80.7613342991415,0.977771785770067,51.940685301582,6.35153431451321e-07,6,0,1.84333436923634e-27,0.00238034656904507,3.52595329500103e-27
HOGA1,2,REML,-2.85127557605093,0.872166143656314,0.00107856400771943,91.9446054962418,1.40294456947014,12.4140412928684,0.000426117714697425,0,2,3.36284734859139e-38,0.00238304146322637,8.05582802345038e-38
HAND2,10,REML,1.82776866190619,0.55927629134929,0.0010827359821307,97.1249933963396,2.85802885904196,260.619652416547,5.69729366002568e-51,7,1,7.69724309871681e-146,0.00239193329858086,9.6070363633176e-145
MUC2,13,REML,1.47006619853903,0.450645007415045,0.00110575303896102,93.3943058878145,2.36078156317854,133.578193896993,1.1788391292678e-22,8,1,4.20748082093238e-67,0.00243912571709865,1.63391345029405e-66
NKX2-2,3,REML,2.91194203837976,0.893371228627847,0.00111609432944299,92.1151233366028,2.19523712391957,19.828909505817,4.94546360058132e-05,3,0,2.3428271853292e-28,0.00246026340764912,4.57917506398339e-28
UCHL1,12,REML,1.18187537573814,0.362834196993396,0.00112460511592856,94.7394141670318,1.40907923784111,88.4061791905143,3.41960727343798e-14,7,0,8.74314689490894e-62,0.00247700349742558,3.10997456356206e-61
EVX1,8,REML,-1.24635147112813,0.383836085326488,0.00116590279963078,73.7735093378295,0.781904537923136,22.8791154966477,0.00178921956335474,0,5,3.22495776763431e-20,0.00256308909700528,5.27504441955761e-20
CITED4,12,REML,-1.03584601945033,0.319733258486766,0.00119647406360877,93.4668275650409,1.10328955422558,116.571942589823,8.85423986194752e-20,1,6,8.27800747107879e-76,0.00262495723860473,3.65598842627623e-75
BFSP2,2,REML,2.10123873729929,0.649598577218944,0.00121782276344257,82.2316115620853,0.69916387080739,5.62797241569847,0.0176760655428135,2,0,8.28770110237424e-23,0.00266818384644518,1.43894300677654e-22
TLX1,5,REML,-2.84387024914992,0.879598916506754,0.00122435688699326,94.729396475379,3.46676867977944,25.2118337910069,4.56086972014024e-05,0,4,9.46613544683257e-102,0.00268105054144,6.22109663556937e-101
SPATA12,6,REML,-1.45548876348961,0.45187555146335,0.00127746503407066,95.0418804700714,1.12221804435692,112.168163592098,1.42619456025335e-22,0,5,1.87471504894296e-116,0.00278493217660181,1.51067371215269e-115
ZNF469,11,REML,-1.04042441525862,0.32396410830522,0.00132024564082516,95.9133349173991,1.06205571042409,167.068720528978,1.12145135903319e-30,0,5,4.12116604347364e-126,0.00286701614983904,3.8312193269976e-125
C8G,11,REML,1.00476214502354,0.313326853940891,0.00134241732946819,92.8610671597361,0.940168142358776,87.2937218944717,1.83952963191055e-14,5,0,3.62864107545571e-44,0.00291048571311417,9.60822436001361e-44
BVES,13,REML,1.03458844359411,0.322749707718557,0.00134807355471963,95.1731054899322,1.20465139339359,95.6135479478594,4.00772913755356e-15,7,0,1.41048161588965e-46,0.00292040573793016,3.90108127574529e-46
OVCH1,2,REML,1.13255543778346,0.353684202899337,0.001363984948226,0,0,0.909846356896958,0.340155188037716,1,0,0.00397069090448093,0.00295233342546616,0.00416435808489225
ECRG4,8,REML,2.3323318552919,0.728654340550853,0.00137010699317762,95.3834108875812,3.97588359857833,129.871006405677,6.6877431553735e-25,7,1,2.71797546270736e-104,0.00296378181192645,1.85777977136907e-103
CLCN1,3,REML,-1.66708266270893,0.522375429432309,0.00141609774609506,79.101744145806,0.577697722658887,8.30076238719661,0.0157584083354163,0,2,2.4659110249117e-12,0.00305511547005178,3.3205826783134e-12
CFL2,13,REML,1.00054835381077,0.31404391881213,0.00144247566207341,97.527002634823,1.2059569604063,233.073500562092,4.57866916553497e-43,5,0,1.47520785831381e-126,0.00310788809424534,1.3825170524186e-125
SHISA3,9,REML,1.36535554769521,0.428977184792643,0.00145850149638868,92.0912491651307,1.45953456460542,89.7576980879139,5.20807614221254e-16,5,1,4.69816360471446e-62,0.00313907935230979,1.67889192248701e-61
PACSIN3,13,REML,-1.03523577059281,0.325451674811697,0.00146808118679266,93.3779723424353,1.23252522709249,136.279267002046,3.37071429798426e-23,1,7,1.27990510654524e-103,0.0031592779773652,8.67520965402087e-103
DNAJC28,9,REML,1.02840190009319,0.324851506101881,0.00154678364206117,95.3174044578543,0.86702663740958,78.6384663075648,9.18488019691601e-14,4,0,1.13144502862709e-79,0.00331368963910383,5.32330767531368e-79
MYH4,2,REML,1.53136154983456,0.48419028786111,0.00156298990271433,0,0,0.295698392958771,0.586591794585051,1,0,0.00482401062281216,0.00334266657336861,0.00504982465312845
KLK12,8,REML,-1.3518928544831,0.428124362933366,0.00159013312137753,82.915770971891,1.11243312968511,33.514888384447,2.12241802225825e-05,0,4,6.64850822105564e-22,0.00339578876407981,1.13049044350262e-21
RBM20,9,REML,1.88274147773398,0.597577443038535,0.00162922414066225,97.1205309665475,3.06446554493683,133.426578743396,5.50736549987032e-25,6,0,1.70828773907249e-97,0.00346784967737391,1.0559080866787e-96
LRFN5,5,REML,1.4069034793676,0.44724796562223,0.00165695497130502,84.1769604043201,0.70777545460482,38.3995712141055,9.26799556218668e-08,3,0,3.18017476898371e-33,0.0035194826345825,6.87194102752672e-33
AMDHD1,5,REML,-1.00711116314605,0.320479703807558,0.00167505118014969,73.0390030742959,0.329646262490551,12.1631983828849,0.0161780574261984,0,1,6.0279040207331e-13,0.00355326505086575,8.2787300201733e-13
FAM177B,12,REML,1.18073758003357,0.376263614652847,0.00170070396963031,93.295075832401,1.50606941512602,208.54208915831,1.25172121384128e-38,6,0,9.06274328721873e-88,0.00360485206688669,4.87182549455163e-87
KRT6B,6,REML,-4.05242798987004,1.29508653593955,0.00175355198831995,93.9936903574417,9.1621112559555,54.8657397713223,1.3910732771299e-10,0,5,2.39167661835817e-82,0.00370669340112534,1.17825138296691e-81
ITPRID1,5,REML,1.73887208818634,0.556827257669736,0.00179126396972144,91.376362271722,1.40012144972762,36.1782974984543,2.6593106817867e-07,3,0,5.87042869038487e-36,0.003778036001183,1.3409025127812e-35
SLC17A8,3,REML,4.53474277073228,1.45486584244908,0.00182733122295435,95.5980169941285,6.03551252653148,35.4469031516763,2.00818066042634e-08,3,0,5.44155087606944e-44,0.0038461016639957,1.4366367750157e-43
KLRC1,8,REML,1.79361838614375,0.575744937792169,0.00183757718582976,96.6508968082536,2.47183757012642,84.8819304341361,1.38589400073728e-15,5,0,2.27991497512343e-83,0.00386616129170231,1.14653416537457e-82
SPEG,13,REML,1.43834375046207,0.461801301803562,0.00184170962446785,96.9020829711507,2.62137484321493,304.431374222319,5.50921043051261e-58,10,1,5.13517500141584e-105,0.00387385030377495,3.54434194542167e-104
NGFR,12,REML,1.23769900110057,0.39796747505385,0.00187055270659539,96.0239889593522,1.73661069351433,213.208160369336,1.34001206738946e-39,6,0,8.2582143406435e-87,0.00392789418883966,4.36836636557433e-86
STMN4,2,REML,3.67143494052749,1.18348837159162,0.0019207864046043,92.9282147337521,2.60580683527532,14.1407008605421,0.000169633521251378,2,0,2.74200600432342e-51,0.00401932240292327,8.24483370699102e-51
ADGRV1,10,REML,1.50073295793419,0.485708957766762,0.00200306005876269,95.9276391646283,2.1698774646465,214.792636027512,2.60280415377681e-41,5,0,9.27176823619898e-139,0.0041763905263271,1.0388609427332e-137
VWA5B1,4,REML,1.43387154409951,0.464128676170874,0.00200572249690078,56.2354645904915,0.46685673882058,6.71959861967506,0.0813929657149219,2,0,7.80194043781782e-07,0.00418086639782109,9.03004428314822e-07
RIIAD1,3,REML,-1.05118825435883,0.340290363168319,0.00200769225697752,54.1867708563333,0.188640318464499,4.42597591663053,0.109373356761151,0,1,1.24551844122448e-08,0.00418443431834124,1.51991498476385e-08
SLC6A4,10,REML,-1.25278359178101,0.406039451263681,0.00203296296962237,85.0632400585162,1.28679669477247,51.6188928777874,5.33578830608146e-08,1,5,7.64597043940852e-33,0.00423329419811039,1.63973702029273e-32
SLC26A7,6,REML,1.00458893998976,0.32560248616853,0.00203330995540851,84.6499573579093,0.518000689463364,26.1499378904245,8.34549285030882e-05,2,0,1.64002232672517e-17,0.00423347300719638,2.51581814582223e-17
ANGPTL7,5,REML,1.09017802427458,0.353657103564766,0.00205211228844253,83.1139808825551,0.433436123473007,17.5759017593129,0.00149325235013586,3,0,2.4497259559002e-10,0.00426878323486255,3.12883306467701e-10
REG4,13,REML,-1.16284957252,0.377543460315705,0.00206971667714122,84.4047982616782,1.41339935927695,55.4898454664109,1.47833401120819e-07,1,7,1.39974996786916e-22,0.0043037471446057,2.41709939600199e-22
ARHGEF25,12,REML,1.12155091892214,0.364233209077057,0.00207549600324439,98.3201471884792,1.48572001414415,418.695624201258,6.54398872582045e-83,7,1,9.12051329457902e-176,0.0043141047052053,1.80110696766151e-174
TUBB4A,9,REML,1.84552776957693,0.600966938658566,0.00213392734423404,97.0983292743376,3.01955470025426,221.149105102887,2.20156478789465e-43,5,0,1.81792209553323e-69,0.00442478117816428,7.32272569810691e-69
H2AC4,6,REML,-1.05218341318199,0.343841327959291,0.00221274777341824,86.0381556514318,0.576523873055414,35.6590923730674,1.11122417251452e-06,0,2,8.65750302196277e-18,0.00457884871096743,1.33858569993403e-17
LYNX1,11,REML,1.20558189211088,0.394476733351586,0.00224195606732352,96.9925552721141,1.60609568786349,215.682512024794,8.55703203190455e-41,5,0,9.34392506236873e-86,0.00463337587246861,4.86334051480527e-85
MALRD1,3,REML,-1.19318040865504,0.391092706367134,0.00228164960910013,56.8984705640756,0.246710295886566,4.70614063140949,0.0950767978341991,0,2,2.88764730144599e-09,0.00470700917576541,3.58424634040299e-09
ZNF492,4,REML,1.19086946774174,0.39131753210778,0.00234052942942628,52.9990041030619,0.300044528243533,5.72764953544378,0.125639221759788,2,0,3.49521613734322e-05,0.00481927910074782,3.85968800127678e-05
SELE,11,REML,-1.40673084590769,0.462367724976159,0.00234660526758925,93.5944730703184,2.0897289881645,95.2690662354824,4.80047226035152e-16,0,6,2.14339199516659e-92,0.0048305626210544,1.23055291847153e-91
ARG1,4,REML,1.21913739370611,0.400739882683259,0.00234843092667402,91.2805160459862,0.498847765459949,13.1670309061495,0.00428896841408262,3,0,1.35126115428541e-37,0.00483370707301839,3.1940511874077e-37
CAMK2B,5,REML,1.94362203585615,0.639197048149826,0.00236009781271137,94.1357359913065,1.80399923019072,53.8709054655998,5.60063441414993e-11,3,0,3.15037679706119e-39,0.00485710406670341,7.67614352430914e-39
CXCR1,9,REML,-1.78960125446337,0.59042894782147,0.00243730053192878,94.5032930210915,2.86056627184884,99.0715132343005,6.60778487304979e-18,1,6,6.71251714010192e-76,0.0050026526806129,2.96863176193323e-75
CACNA1H,13,REML,1.05427603859433,0.347958495870171,0.00244642655833861,97.3373704683195,1.48723683459528,371.534693518575,3.97846662746702e-72,6,1,1.46296965066138e-89,0.00501820771638965,8.03493460236214e-89
GPM6A,7,REML,2.55320299541104,0.842903005575963,0.0024531671100913,94.9870678222358,4.45319908586693,74.2276691635623,5.53478294394489e-14,5,0,3.43842835092528e-32,0.0050307612390476,7.27960810310155e-32
ACSM5,6,REML,1.60258424567038,0.532061755019364,0.00259509717007351,95.8086101762268,1.61058477526053,105.737673638652,3.25673097264434e-21,4,0,9.44857164184995e-98,0.00529903153884154,5.87609098693185e-97
KRT222,3,REML,2.48003666257305,0.823967112530859,0.00261356636345633,93.7939175903997,1.89443487200019,37.1119272878402,8.73468772444279e-09,2,0,2.6037814733427e-34,0.00533239421424741,5.73730756011214e-34
KHDRBS2,4,REML,3.37913682936001,1.12441747655815,0.00265377223150299,92.4507670640217,4.66413838185043,45.5580623052948,7.04128957290431e-10,3,0,5.6445448150946e-33,0.005407265199115,1.21420996533274e-32
BTLA,11,REML,1.01161337779123,0.338435277820676,0.00279810041171182,95.5669150832803,1.14179189594889,133.308519677403,9.8621686999995e-24,6,0,1.19883110321263e-134,0.00567544319544426,1.25559745971488e-133
PYGM,11,REML,1.55531279900473,0.520334492714602,0.00279834039994951,97.6127552283092,2.82292798340815,214.273118832554,1.68689456875904e-40,7,0,3.863620802311e-152,0.00567544319544426,5.31756231475961e-151
AGR3,13,REML,1.30981574901521,0.438846761224568,0.00283878090878985,96.5599629003029,2.3448663997213,376.844986532458,3.00088753327181e-73,7,0,2.27570493274046e-153,0.00574811475886222,3.20556073627464e-152
TBX20,2,REML,-2.97756733333243,1.00419609502901,0.00302559586080719,86.107541597541,1.74743903706563,7.19815003961427,0.00729787734782278,0,2,1.89259413777078e-29,0.00609366281879092,3.78029182649719e-29
SLC35D3,6,REML,-3.02740560823297,1.02783901239373,0.00322528685357193,94.0874077950741,5.61302932131062,25.6838099922457,0.000102759032027294,1,5,1.58117330180736e-73,0.00646213244648563,6.74265195744417e-73
CRHBP,7,REML,1.29309221422691,0.439036857135144,0.00322648885460812,93.9106902150531,1.21228146507769,84.964579532857,3.35737946936269e-16,6,0,1.20003708261667e-70,0.00646374197451643,4.91194173705228e-70
SAA1,10,REML,-1.34328882150572,0.456329808767367,0.00324335410355638,83.2527814611043,1.58245856617366,38.4326833140827,1.45754345736602e-05,0,6,1.11925839783166e-20,0.00649592341951322,1.85149845975356e-20
NEUROG3,2,REML,1.9092396096316,0.649567218635677,0.00329008944014622,82.5937952992172,0.698194384004483,5.74507778800869,0.0165349233041775,2,0,5.09581521752939e-12,0.00657733909902474,6.80715597938568e-12
IGFL4,5,REML,-2.84226720866042,0.969527566672552,0.00337220561268214,95.8987420447029,4.33446716475497,65.0426189731538,2.5205523475092e-13,0,3,8.94861017574938e-140,0.00672243570618659,1.01670509305834e-138
NUTM1,3,REML,1.55681991963304,0.531729734961096,0.00341324956490519,91.5654364827627,0.770076865036169,21.5138649346191,2.12972528592779e-05,2,0,1.74929170850286e-46,0.00679673485578579,4.831561579209e-46
DPP6,6,REML,2.54712863890618,0.87010272781727,0.00341821702456636,97.3250711439089,4.26553018755399,57.1625130800572,4.68156239282394e-11,5,0,5.65979434311555e-69,0.00680456515553482,2.25904100652221e-68
REDIC1,6,REML,1.15781689369495,0.395513685037374,0.00341836384923844,95.7076647016919,0.861673249538019,73.7234306253544,1.71766043313607e-14,2,0,6.99825784935127e-65,0.00680456515553482,2.6173645792741e-64
WDR72,11,REML,-1.43962857857271,0.492417746588311,0.00346017969842577,90.9378689874866,2.26216044700656,60.0802057374043,3.49982399122898e-09,1,7,7.58968229327725e-33,0.00688173374025725,1.62788092367911e-32
GABRD,6,REML,-1.76694052553968,0.607091500740714,0.00360849611254344,96.7026684875596,2.06276580784624,43.118887395989,3.49562174479847e-08,1,5,1.56034823285263e-89,0.00715389428621507,8.56395595776566e-89
PDZRN4,10,REML,2.03110549124261,0.698082842876741,0.00361951881552204,97.2123662370739,4.53455318234906,189.474866825615,5.30159862865269e-36,7,1,8.33075980732054e-93,0.0071731155795207,4.79810333058927e-92
TENM2,7,REML,1.10412877883403,0.381112590118571,0.00376606075986946,88.9829843730615,0.786320352034167,52.3000269716416,1.62290209402297e-09,4,0,8.8985586918791e-37,0.00743535595467165,2.06368662668339e-36
NPC1L1,6,REML,-2.24511443917731,0.775759359932913,0.00380263783556377,94.4017247821033,3.20993532562998,55.6569310940258,9.56182606490958e-11,0,5,1.02197888787805e-50,0.0075002636530408,3.0374598916896e-50
TCL1A,6,REML,2.17946670489158,0.754292879087964,0.00385956820423223,93.5953981375323,3.1705962606276,80.6981293573228,5.99488285903168e-16,5,0,5.89611663060584e-58,0.00760422643033383,1.98863613338907e-57
SLC2A4,13,REML,1.0625266862764,0.36774415553034,0.00386088848186557,94.987645407081,1.61530201742176,159.73434276957,5.94961223813366e-28,7,1,3.91067701424432e-49,0.00760590339689994,1.12958856996157e-48
CLDN9,6,REML,-1.63410820785439,0.565655469476556,0.00386622156903824,94.971107568249,1.75573597121546,36.6237519252321,7.12497479910474e-07,0,4,1.10081384902236e-24,0.0076154841816082,1.98857882275204e-24
PCDHA9,2,REML,1.13802729975462,0.395790649786436,0.00403610038983887,0,0,0.0690231650003797,0.79276439558614,1,0,0.0130908388228536,0.00791739813919632,0.0135695780215412
CTNNA3,3,REML,1.92464722766201,0.672708345968055,0.00422250325098764,91.2335227453705,1.21550255949778,30.7019529397282,2.15355331180619e-07,2,0,6.66756711798525e-26,0.00825608359964576,1.23784799821247e-25
GLYATL1,5,REML,-1.90643727151726,0.668204485692831,0.0043298450564664,94.6500401032075,2.07784009746767,46.020816694912,2.43840687741861e-09,0,4,4.40396458545319e-49,0.00845576703209947,1.27071503512996e-48
SYT5,8,REML,1.12195987646494,0.394794676136275,0.0044848090237053,91.5993360525465,1.09767375571681,68.4689085915157,3.01071467493215e-12,5,0,1.46501338310351e-61,0.0087279088586405,5.19061669148977e-61
IFNK,3,REML,1.1413605077691,0.401804555613946,0.00450306899288194,90.7834558574079,0.433591384669748,20.2568967866813,3.99273744312167e-05,1,0,1.91475223119122e-27,0.00876029008658446,3.66169826896712e-27
OTC,10,REML,1.02917841471317,0.363059944718319,0.00458638379118927,81.2894603144483,0.929921740845527,37.4950562625256,2.14683288632685e-05,4,0,1.51493603718709e-12,0.00890954234442267,2.05244906584058e-12
CCDC158,6,REML,1.05150730290076,0.371699217819936,0.00467053913542356,88.1295070356466,0.639973067383165,35.4898359044889,1.20122633488325e-06,3,0,5.64191254133394e-30,0.00905457981616909,1.13913235408029e-29
TNNI3,4,REML,-3.04635364775567,1.07806399534601,0.00471681081220845,91.8570381038722,3.91878621962488,19.4763858391006,0.00021789194669777,0,3,4.16428711375652e-55,0.00913554577688874,1.33588419025197e-54
SLC18A1,11,REML,1.23705060264275,0.438316921220369,0.0047684365981434,91.213212889158,1.82077338219815,67.1774687951553,1.55018770778027e-10,6,1,3.92755610344818e-34,0.00922883818691793,8.62487702901333e-34
NPTX1,10,REML,1.12482183867103,0.399307296042747,0.0048484661768896,86.6760414616942,1.26223234210283,76.6158924328436,7.57472609678066e-13,4,0,7.03740505933393e-32,0.00937038766550376,1.47890405997383e-31
CNN1,13,REML,1.61733487064044,0.574236555775335,0.00485506716846885,97.4946001336642,4.05811748360109,305.415779796161,3.42209323692021e-58,9,2,1.44485634626473e-107,0.00938202669873485,1.03332403802338e-106
ADD2,6,REML,1.14891139756241,0.408062620176706,0.00486972777606173,92.5428648147809,0.87019977875087,58.5251784355435,2.45085623818404e-11,3,0,1.44518974478117e-41,0.00940587281788048,3.66393453199954e-41
DES,13,REML,1.9156687355586,0.681519687366628,0.004940650693144,96.4058515963613,5.6204768190959,281.701874333032,3.23157239174781e-53,11,2,1.43683401751023e-98,0.00953604401046948,9.05378543563676e-98
OR51E2,9,REML,1.32787169475382,0.472559727294748,0.00495483861437709,92.1398292742393,1.7679305058075,70.5522506654608,3.81497720512214e-12,6,1,6.68200929797575e-46,0.00956001409673876,1.82352157461843e-45
IGFL2,9,REML,-1.26364656117508,0.450515464107035,0.00503336705411227,88.7849558899791,1.53305835962093,42.9717211873712,8.89266142932232e-07,0,5,9.0030164876177e-29,0.0097045998392582,1.77574095272197e-28
H3C7,6,REML,-1.13095329879545,0.403873512038407,0.00510604984799124,88.6921114024527,0.800838152294561,58.5308612877591,2.44424621443255e-11,0,4,2.64168382670495e-38,0.00983304266367526,6.34043225497667e-38
SYNM,13,REML,1.62636888381942,0.581981276660758,0.00519739069845182,97.5842451079145,4.15167743674203,356.213707482918,6.85003673792016e-69,8,2,6.64604826797774e-110,0.0099935122620967,4.90229210958704e-109
KCNIP3,9,REML,1.16239295751738,0.417195279626207,0.00533285882865078,95.5302598192152,1.43039757094736,93.128695260164,1.0755676403549e-16,5,0,7.33666280695595e-45,0.0102394173601273,1.96707977656982e-44
CSMD2,10,REML,-1.00583568268321,0.361476203611755,0.00539289229960518,92.469871425822,1.14899886566612,77.1294910077814,5.99407291052298e-13,1,5,1.80548582061984e-36,0.0103461084905335,4.16332550273212e-36
FZD10,8,REML,-1.36607096578885,0.492549773733029,0.00554623190274741,89.3248174607744,1.67324494475428,49.9492579511919,1.47799858910678e-08,0,5,3.12528409902902e-21,0.0106051489372855,5.22912601625981e-21
AMH,6,REML,-1.01940964376,0.367708667664228,0.00556566409384017,69.5306623927301,0.512096979494887,16.680442412289,0.00514746770434837,0,3,4.07839299938593e-10,0.0106372877464848,5.1804282120843e-10
SYT3,2,REML,-1.20615788089397,0.43547895514655,0.00561032707363017,55.5546261247384,0.215037826520499,2.24995294854883,0.133618465267297,0,1,7.99466201655493e-06,0.0107175954807077,8.98810451940955e-06
NXPH4,4,REML,-2.51690686121133,0.909746251858552,0.00566436591834414,90.9757440384322,2.88109966428705,18.9201600831589,0.000283990128981608,0,3,6.4180349633043e-31,0.0108093649522262,1.32403105815056e-30
COL22A1,11,REML,-1.03760128284274,0.37513536562716,0.00567592693441685,91.5229428459544,1.32047210774869,92.5999282248009,1.63158513085433e-15,0,4,2.03584067844553e-44,0.0108276036460407,5.41810323697264e-44
PPP1R1A,7,REML,1.31088445754615,0.47482986843486,0.00576695834923013,87.1651640179259,1.31748842168937,48.8960316423171,7.82185200662007e-09,5,1,2.05666330304631e-20,0.010983166417957,3.37907196314246e-20
COL2A1,7,REML,1.36219511959254,0.494087417589686,0.00583357563488817,91.0263521248955,1.4712984200759,68.599086700509,7.92052857187179e-13,5,1,1.0307418053809e-37,0.0110996082347661,2.44283246464559e-37
JPH2,13,REML,1.32323064037706,0.480709602552433,0.00591130478560451,97.4062948087848,2.84044729986056,259.725446092153,1.27788556327213e-48,7,1,4.12081662886739e-80,0.0112343200666986,1.95467524879541e-79
KCNMB1,13,REML,1.12069193542616,0.407346909483404,0.00593777714346374,96.752267056287,2.00592760116769,163.167905062753,1.18710415002322e-28,7,1,6.53234517254701e-73,0.0112740579490546,2.75948182080523e-72
KRTAP13-2,4,REML,3.16281298299271,1.15052222016034,0.00597730431627428,95.4737842529448,4.97211460717709,92.2692682617457,7.12991176912599e-20,3,0,1.33166454767637e-31,0.0113464506357282,2.78440512141823e-31
PNLIPRP1,2,REML,2.47750776849649,0.902248654900887,0.00603404275666813,91.9247088975155,1.50287124877159,12.3834545071982,0.000433155015107977,2,0,2.24615807119714e-33,0.0114447748261418,4.86662579290648e-33
SLITRK3,2,REML,2.60349659105461,0.94835267916151,0.00604587164574795,89.4527477673296,1.609174231491,9.48114236713211,0.002075946616459,2,0,1.33178256620876e-17,0.0114645283032177,2.04762358899408e-17
LYPD3,10,REML,-1.01414585744098,0.369572070965176,0.00606754818683042,92.748313856686,1.17922655548974,63.7656215737819,2.50625933457511e-10,1,6,4.18362266970332e-22,0.0115015969546453,7.14742616900948e-22
IL6,10,REML,-1.48359798807293,0.541369356719708,0.006135431139038,92.9879838973161,2.65076899004754,78.6275035670915,3.02617059475065e-13,1,6,6.04468311049268e-58,0.0116153368819737,2.03789659535075e-57
ELFN1,8,REML,-1.18264630364442,0.431814342139681,0.00616668335206266,96.511957558564,1.37692658863855,71.0056539728096,9.25069534585686e-13,1,5,2.59500745208956e-105,0.0116676901840345,1.79721724992431e-104
RGS22,2,REML,3.23154430181108,1.18025171911405,0.00618116720480908,87.7580782772249,2.4518185379431,8.16865213359096,0.00426205673205146,2,0,1.33354352086495e-23,0.0116910013872573,2.3546875521437e-23
BEX1,6,REML,1.57277204777709,0.574588709713318,0.00619620409583337,95.3846206201012,1.83633937015295,83.6636197022962,1.43475369529735e-16,3,0,4.09348473106597e-79,0.0117167083048456,1.91703258072711e-78
KCNB1,6,REML,2.61130390598515,0.955227678727652,0.00626274742488231,98.1826595561413,5.31407160355847,143.509511806553,3.20990346638417e-29,3,0,1.04362649761851e-69,0.0118301204706532,4.21008121569767e-69
HSPB7,13,REML,1.33106376879014,0.487896216052714,0.00636867973517698,97.2309021991273,2.91721801323625,305.435900084159,3.38894769592048e-58,8,2,9.57260943351944e-87,0.0120134269396654,5.05539793959774e-86
ANKRD62,2,REML,2.82170352857885,1.03516560456076,0.00641366323986532,81.2881925493736,1.74280372005673,5.34421916556502,0.0207910933237372,2,0,3.39883737408256e-11,0.0120912467567368,4.44254678700423e-11
PALM3,10,REML,-1.1034723527109,0.409164949754395,0.00699906474495099,90.1158689879875,1.47475139429129,73.6356401770406,2.93683399473547e-12,1,5,6.02675518035755e-32,0.0130928622025949,1.26881939669052e-31
DNAH5,10,REML,-1.09337540007249,0.405851998711917,0.00705948854728277,91.4483961495025,1.43134456952501,87.4319816004809,5.32516234248805e-15,1,6,4.010426505442e-65,0.0131937161748813,1.50755958573455e-64
C6,7,REML,2.12184933553076,0.789393643130009,0.00718925173151003,97.1066206164483,4.16324259157202,179.792314897983,3.75585216676265e-36,6,1,2.61679124576096e-84,0.0134176744932626,1.33625311708732e-83
ADCYAP1R1,4,REML,2.64560241515975,0.985054399328099,0.00723688488930333,96.1471939346031,3.59562311332626,20.5428787303504,0.000130984034178561,4,0,3.03947304596953e-26,0.0134977986307862,5.67795558178407e-26
DUSP15,9,REML,-1.03883150313246,0.387209368473471,0.00729938628543436,91.7580457281092,1.13716576118429,52.6063330019534,1.28515195074291e-08,1,5,1.29424285644494e-35,0.0136044315261234,2.93107409296575e-35
C14orf180,2,REML,3.46594602429513,1.29449775800003,0.00741861212308022,89.9025555248898,3.01878609483306,9.90349590398801,0.00164965099361275,2,0,7.62535885983675e-17,0.0137980908972697,1.15133119011486e-16
C2CD6,4,REML,1.37199974672863,0.512873572998943,0.00747019004106265,88.040604140763,0.83105385786154,29.0307839651358,2.20632042506966e-06,1,0,7.02380499046825e-24,0.0138860572272126,1.24687342943679e-23
TNS1,13,REML,1.08845277999858,0.408203656113176,0.00766580467146309,98.7114190092793,2.08231480877083,651.546656653372,1.02455160688093e-131,6,1,1.10963414203193e-187,0.0142219580201889,2.653465832561e-186
MRGPRF,13,REML,1.00273057709558,0.376735611283767,0.00777634456774834,97.0535388642942,1.7165479175499,238.906785422173,2.80071504087466e-44,7,1,7.23185338034691e-85,0.0144121941560247,3.72104217250284e-84
MMP13,4,REML,-2.66354456678313,1.00787320913243,0.0082238707782455,94.3355047361331,3.78614183980716,38.6430737405018,2.06571647252726e-08,0,3,8.17680296811773e-31,0.0151648205018205,1.68343500345515e-30
CPXM2,13,REML,1.03264973631073,0.391392902123936,0.00832990775913014,95.8248613267383,1.85205390924436,218.994249043508,3.8365316951499e-40,7,0,4.08068127545884e-44,0.0153399357676939,1.07963586029723e-43
DKK2,8,REML,-2.21440365532921,0.842510433097938,0.00858027735066623,96.0042646767548,5.30543315119215,138.408681979335,1.09505582107594e-26,0,4,2.66198255558761e-91,0.015747343976268,1.51010228039685e-90
KLK6,5,REML,-4.91545978495319,1.89437060958918,0.00946536899959432,97.1690935837211,17.1572384854586,60.3284816924693,2.47453272565405e-12,1,4,2.70527177096488e-116,0.0172081215059904,2.17778407262431e-115
SLITRK6,11,REML,1.22840354075299,0.473855942291185,0.00953209332716435,93.6873504087651,2.19221756447269,186.348644218305,1.12388724419939e-34,7,0,1.22456614896353e-100,0.0173100167017603,7.91938211932416e-100
MAEL,5,REML,1.20130474706155,0.466840470925364,0.0100743723710841,85.1099622174868,0.835005351254198,29.1735396594783,7.20779583274089e-06,2,0,1.22063280397616e-10,0.0181928936569821,1.5722665965572e-10
CCR9,3,REML,1.24220960969512,0.486362350977801,0.0106468001263744,82.5223861790629,0.574142292324007,9.523672281573,0.00854989616299213,2,0,1.80575882434617e-15,0.0191286093139305,2.64517237252661e-15
FOXC2,8,REML,-1.03093326584652,0.404103359058805,0.0107364307008588,88.8553886783715,1.06300078059149,46.6014237741286,6.67568583940795e-08,0,5,2.08875218393298e-21,0.0192746928305863,3.51004759101424e-21
HMGCLL1,3,REML,2.41309501890889,0.960106069845219,0.0119586234109779,93.7759993251391,2.55791539971564,19.2430193982216,6.6287467942724e-05,2,0,5.76388460905866e-67,0.0212873475364718,2.23137204313916e-66
ERICH2,8,REML,-1.02611771580758,0.409319998441109,0.0121800709685974,91.9047030722978,1.19608983206635,62.862650011376,4.03799559809876e-11,1,6,7.89148703872903e-47,0.0216458939618404,2.18933400682604e-46
TMEM179,3,REML,1.379839759557,0.550512607429445,0.0121945645690558,84.0419787061388,0.763586804049587,11.8872172254223,0.00262254879202096,2,0,3.94704433098935e-11,0.0216669014091071,5.1495477378555e-11
SERPINA10,3,REML,-1.86838675865167,0.749854000184594,0.0127145040605715,92.5490673810358,1.54552787101687,18.9040187153132,7.8531608540253e-05,0,2,4.77919868804023e-20,0.0225068516578279,7.78666951353596e-20
PANX2,3,REML,-1.27903867686999,0.516411118563232,0.0132572191719399,86.9221548119909,0.672962236485318,10.1190146587098,0.00634868655404545,0,2,4.22340892098782e-21,0.0233782134473202,7.05119234228972e-21
VTN,5,REML,-1.57246967434457,0.636298691048378,0.0134631872061327,89.2910797951194,1.66198255819032,50.3769706556888,3.01224432834102e-10,0,3,1.01375212388395e-12,0.0237130531420999,1.38175394573606e-12
STK31,10,REML,-1.10064960267192,0.446182466510464,0.0136320766118308,94.3536886209366,1.80131561216349,132.150928230344,4.28102383431622e-24,1,6,9.36977220992411e-49,0.0239737258669259,2.68633274694075e-48
CEACAM8,7,REML,1.02058219198761,0.413877596739225,0.0136668168855262,86.5180401394988,0.952927699636966,44.553915588944,5.73935928347382e-08,3,0,3.01337685005547e-19,0.024027337038065,4.82479546414668e-19
F7,2,REML,-2.26721781621078,0.92019486287012,0.0137455412403453,94.0152369718353,1.59398597486201,16.7090993460215,4.35715117989661e-05,0,2,2.15700775434014e-24,0.0241526455109698,3.8745365301481e-24
TNNT1,7,REML,-1.50500990779749,0.613000510393742,0.014082472297431,89.6393857606058,2.15776499835699,26.473617071544,0.000181660208440456,0,5,1.8224732587682e-28,0.0246778127278696,3.56900095958556e-28
SCN3B,9,REML,1.46082439866988,0.595756584208309,0.014204527640474,97.3860332700775,2.98734119143947,125.146643425485,2.86253467783018e-23,6,0,1.02561690488626e-76,0.0248548260722662,4.58333155427808e-76
MYO3A,7,REML,1.37109115170082,0.56058166023599,0.0144516472966286,92.7182183299757,1.91859687629428,63.3245937014489,9.47784365893457e-12,5,0,2.52779246573982e-35,0.0252483359504569,5.67868910170982e-35
MT3,4,REML,1.29695663039772,0.5307502767069,0.0145403807740065,88.4111849578403,0.941998186383091,23.6524126850878,2.95215483043197e-05,2,0,1.69575763142101e-22,0.025381480780466,2.92419894471696e-22
LRP1B,3,REML,2.47023358227703,1.02052863727292,0.0154973407502912,91.1827093032222,2.82892243854271,18.2876895061852,0.000106875628171921,3,0,1.7427973666058e-16,0.0269264032976438,2.60928744157169e-16
ADGB,9,REML,1.05963226812962,0.438338072984213,0.0156324350338934,92.6028792976818,1.52935580499487,88.8925866013144,7.80196209903756e-16,3,0,2.68226288388152e-36,0.0271416437357586,6.16319843202538e-36
RAET1L,4,REML,-3.35122423263729,1.38959638896456,0.0158803894633669,94.6804427721964,7.1334659760166,44.162488948327,1.3938757858257e-09,0,3,3.0924311290772e-54,0.02752498977652,9.76009069412667e-54
CCL19,11,REML,1.23337000955094,0.513890686536952,0.0163922515064276,94.952207290229,2.66216703995429,179.175581212597,3.47461326180511e-33,6,1,2.06795437953194e-86,0.028321352693277,1.08539152979448e-85
PERM1,4,REML,-1.24419892480742,0.521902716258118,0.0171271317099975,94.4477719857187,0.995295536136253,24.0014408093963,2.49626820093222e-05,0,3,5.86997529675084e-67,0.029456050325044,2.27190044130393e-66
IGSF5,3,REML,2.02929534067374,0.853593727775909,0.0174372958495883,93.5990627088806,2.0221338342255,20.3363671039395,3.8371960823698e-05,2,0,2.93665972593578e-48,0.0299450140461154,8.33106984017442e-48
MYL9,13,REML,1.03290492284495,0.434872539725143,0.0175399172443548,97.6179625555725,2.3223541836349,364.275116015205,1.35987928536414e-70,9,1,2.03995444637182e-82,0.0301053015332124,1.00589359607744e-81
FMO2,8,REML,1.11761483975333,0.470618969394305,0.0175595820051109,93.4018461547263,1.52326520166746,75.6420995359568,1.06209488726281e-13,5,0,5.47410023677111e-53,0.0301326739044098,1.686330745559e-52
OTOP3,4,REML,3.41514527773043,1.44019003001571,0.0177248824119617,94.8245498778902,7.83816803702419,64.9823866409275,5.0597299064654e-14,3,0,6.12720552188728e-36,0.0303938147588721,1.39896328864045e-35
FOXD3,4,REML,1.32687552517261,0.563774666219606,0.0185947822078486,83.5189373332724,0.993637264636788,26.7507361670795,6.64000765139108e-06,2,0,3.36360057761224e-13,0.0317544979919791,4.64950602479557e-13
COLEC10,4,REML,-1.02286540571799,0.435559865289156,0.0188546543366855,90.1417589526672,0.67228892368073,21.4912546758329,8.32261974669422e-05,0,1,5.89578689572524e-17,0.0321576384137052,8.9259868279385e-17
KCNA5,7,REML,1.37550911512541,0.588259241713132,0.0193732305574938,94.9037274884948,2.22668799406536,53.3821169636068,9.82733386565478e-10,3,0,6.65548578212121e-24,0.0329450584254927,1.18252483271815e-23
FOXN1,4,REML,1.02946429446019,0.441335373474026,0.0196685059034587,79.1563237964147,0.583246514877884,14.2309834735376,0.00260702335887383,2,0,4.96983399856705e-15,0.0334156435306273,7.18914334571446e-15
RDH16,4,REML,-1.26788371257399,0.543890467492799,0.0197460864500793,92.4723224848889,1.06539695000656,42.1148091385748,3.79324208510517e-09,0,2,1.73260640334341e-16,0.0335404190272536,2.59426926647642e-16
NPW,6,REML,-1.0205951649452,0.438305314692401,0.0198854192376197,87.4514601058986,0.983451949385404,26.9992632728575,5.70613034437818e-05,1,4,9.15250274255326e-21,0.0337594033612072,1.51696510902695e-20
ADAMTS18,4,REML,-1.19816340111045,0.517642571747951,0.020631880182821,83.5096545023341,0.826661575968,13.194006102603,0.00423529855246515,0,3,1.47313696029622e-14,0.0349169805223462,2.10691333250552e-14
KIAA1549L,6,REML,-1.65580747303004,0.717372473637189,0.0209904696603829,90.4886008813128,2.64290033581381,26.6680681305769,6.61903110629188e-05,1,4,5.60113097000503e-33,0.0354979122357137,1.2050310034062e-32
ACTG2,13,REML,1.47837331332778,0.642993031483986,0.0214932552974964,97.2346436619272,5.05693622895397,242.556764589801,4.86777133918868e-45,8,2,3.89841778232644e-75,0.0362687498062354,1.70180526399727e-74
PLCXD3,5,REML,2.11530648344247,0.928395209351616,0.0226994970043101,96.0060117295381,4.09022513750962,92.5539561497316,3.77410076949896e-19,2,0,5.27025223317208e-35,0.0381177571135039,1.17597852265922e-34
TP63,3,REML,1.0391810473342,0.456532491869691,0.0228311867669805,69.0534158409401,0.377219569129004,6.67815632440763,0.0354696399101321,1,0,1.7415706763119e-05,0.0383071542019098,1.93929157795638e-05
SLCO1B3-SLCO1B7,3,REML,-3.65775860668093,1.6169529869736,0.0236893440719778,95.8866861739046,7.23195195458516,16.724674877059,0.000233497908392447,0,2,8.87735069683e-75,0.0396076451932531,3.86074267295346e-74
EQTN,2,REML,2.14855598308163,0.950296441856543,0.0237634455063332,96.372321726279,1.74198064355608,27.5658403129085,1.51836763511328e-07,2,0,3.82287346169758e-41,0.0397154070209006,9.61083073879716e-41
OR14A2,2,REML,3.68366358205569,1.63020542043206,0.0238441285123152,94.3958253636173,5.01734789278061,17.8438407951802,2.39794165807235e-05,2,0,2.29227232380102e-23,0.0398335760505066,4.02868413938059e-23
AADAC,2,REML,-2.1495180121077,0.951992529252259,0.0239509723327972,91.7070204203834,1.66540594110531,12.0583921665249,0.000515597419213445,0,2,7.425462167835e-15,0.0399914638961525,1.06964920592722e-14
FLNC,13,REML,1.03208773688701,0.45884379112825,0.0244919751449647,96.4533410473815,2.55039794905096,185.902700916682,2.61563867975315e-33,6,1,3.13953982967351e-35,0.0408275131632031,7.04127254924562e-35
CD1A,4,REML,-1.13935210278544,0.506847192725445,0.0245812713169466,89.5284974300158,0.90073105828962,23.5412100376733,3.11415686539269e-05,0,2,2.09247273071993e-10,0.040942690760392,2.67887400372412e-10
AFF2,4,REML,1.23133197018647,0.549014734834272,0.0249095120287847,82.1150448347453,0.933454921310158,22.0297268567594,6.43086486832137e-05,2,0,7.43189599611663e-24,0.041425573753481,1.31816354649425e-23
MPPED2,5,REML,1.0416777403275,0.466892767966751,0.025675458145215,90.4566912805838,0.852041337502057,18.1065913947527,0.00117628373594932,1,0,2.57711866168726e-12,0.042568381522484,3.46774212481829e-12
RNF224,2,REML,-1.02904026576987,0.461490633945821,0.0257595072841761,82.9712940819887,0.357149364294861,5.87243684173498,0.0153797482166539,0,1,4.93513375252607e-08,0.0426902679748898,5.91552000071752e-08
ALK,3,REML,1.80574961840366,0.81231349524278,0.0262177326475479,87.7426546313659,1.68965002844431,13.7853503957167,0.00101519435926573,2,0,3.66591693905715e-09,0.043316834751319,4.53360116956015e-09
LPA,2,REML,-1.0100582768523,0.455800896963229,0.026690977880186,0,0,0.00808945651374055,0.928333777238568,0,0,0.0762335258019899,0.0440045581016327,0.0776804822970059
ABCA12,6,REML,-1.19212195110166,0.541278533306115,0.0276357477936672,86.3081713947432,1.34575866560176,56.6351064315132,6.01292351239871e-11,0,4,3.23359802433888e-17,0.0454420262655909,4.92774929679541e-17
P2RY4,4,REML,1.32793201087904,0.60313057747639,0.027684231060306,92.7909802879621,1.29070891213212,63.6878427503414,9.571815329214e-14,3,0,2.50122152760752e-44,0.0455079020765225,6.64356235699552e-44
PRSS2,3,REML,-1.18655441994721,0.540751817743169,0.0282161471544938,46.6661300906979,0.410684746192836,3.72423920625042,0.155343015623786,0,1,0.00660517981907317,0.046279048438625,0.00689123426040111
TM4SF4,6,REML,-2.00643037608083,0.917544053649173,0.0287615024324011,90.1031352464943,4.0271664240718,35.6801518437494,1.10050587835703e-06,0,4,5.4858511576993e-19,0.0470972870353013,8.73780379406413e-19
ACSM6,4,REML,1.12945875823747,0.519246727488886,0.0296161020965366,87.7940927514797,0.865805777142507,16.361805274822,0.000955843008584288,2,0,9.93959731461362e-26,0.0483550718319384,1.83626585302906e-25
ANKRD18B,4,REML,-1.13299117444865,0.520945663651466,0.0296395604720999,76.8302648129123,0.8056833216828,15.2378628475567,0.00162425832772289,0,3,3.95181640397461e-05,0.0483836280642525,4.35737209994834e-05
