Symbol,n_drugs,n_interactions,drug_names,interaction_types,sources,pooled_log2FC,rem_pvalue,rem_padj,Direction,Gene_Family,is_hub,Priority
CYP3A4,894,894,"ECONAZOLE NITRATE; CHEMBL:CHEMBL429095; XANTHOXYLIN; GRISEOFULVIN; EUGENYL BENZOAT; CHEMBL:CHEMBL242385; RUXOLITINIB; BREXPIPRAZOLE; 2,4,6-TRIHYDROXYACETOPHENONE; 3,6-DIMETHOXYFLAVONE; PROPRANOLOL HYDROCHLORIDE; AJMALICINE; 3,7-DIMETHOXYFLAVONE; BENZYL ISOTHIOCYANATE; ONONETIN; LAMOTRIGINE; (+)-EPITAXIFOLIN; SULFAMETHOXAZOLE; PHENYL AMINOSALICYLATE; CHEMBL:CHEMBL530733; ZM336372; ROPIVACAINE; MALATHION; CHEMBL:CHEMBL16751; DESMETHOXYYANGONIN; THIOPENTAL SODIUM; PICOTAMIDE; SB-408124; OMEPRAZOLE; KARANJIN; BITHIONOL; CHEMBL:CHEMBL124267; WHILE OLIVETOL; LETROZOLE; GUAIFENESIN; FLOPROPIONE; CHEMBL:CHEMBL362863; NATEGLINIDE; BETA-TOXICAROL; ALLOPURINOL; SAQUINAVIR; PMX53; TENOFOVIR ALAFENAMIDE; HARMAN; 4,2',4',6'-TETRAHYDROXYCHALCONE; L-741,626; GLIQUIDONE; CHEMBL:CHEMBL242172; TROPISETRON; Y-27632; PHENELZINE; RILMENIDINE HEMIFUMARATE; KAEMPHEROL; ATHRAQUINONES A; SULPIRIDE; CHEMBL:CHEMBL2094549; (S)-ROSCOVITINE; MAPROTILINE; GSK369796; FLUVASTATIN; CHELIDONINE (+); CLENBUTEROL HYDROCHLORIDE; ORSELLINIC ACID, ETHYL ESTER; QUINIDINE; LOVASTATIN; HEXESTROL; AMIDATE; TYRPHOSTIN 47; FELBAMATE; VANDETANIB; 4,4'-THIODIANILINE; TPCK; CHEMBL:CHEMBL453384; UMIFENOVIR; METHYLHOMATROPINE; ZOLPIDEM TARTRATE; RIFAMPIN; CERITINIB; DIPHENHYDRAMINE; MICAFUNGIN; OXYPHENCYCLIMINE HYDROCHLORIDE; ATRANORIN; CHEMBL:CHEMBL1256916; U50488; OKADAIC ACID; (S)-NITRENDIPINE; CODEINE ANHYDROUS; ATAZANAVIR; CLOBENPROPIT; CLONAZEPAM; CHEMBL:CHEMBL29197; MEPHENYTOIN; DARUNAVIR; AMOXICILLIN ANHYDROUS; MICONAZOLE NITRATE; CHEMBL:CHEMBL585045; &ALPHA;-ERGOCRYPTINE; CHLORDANE; RO 04-6790; TRICHOSTATIN A; ITRACONAZOLE; CANAVANINE; ACALABRUTINIB; BENZPHETAMINE; GRAVEOLINE; ARCTIGENIN; BIOCHANIN A; NIACIN; TICLOPIDINE; LENVATINIB; 5,7-DIHYDROXY-4-METHYLCOUMARIN; IBUDILAST; BROMPERIDOL; APIOL; ACETOCHLOR; CISAPRIDE; TESTOSTERONE; PROGUANIL; CYTARABINE; (S)-ALAPROCLATE; CIS-RESVERATROL; TICRYNAFEN; CISATRACURIUM BESYLATE; NAVTEMADLIN; SOBUZOXANE; CURCUMIN; COBICISTAT; (S)-PINACIDIL; CHEMBL:CHEMBL462731; CHEMBL:CHEMBL140220; DIHYDROCAPSAICIN; VILAZODONE HYDROCHLORIDE; OXYMORPHONE; 5-AMINOISOQUINOLINE; PROPAFENONE HYDROCHLORIDE; OXOGLAUCINE; L-694,247; 4'-HYDROXY-FLAVANONE; RILUZOLE; METYRAPONE; ROBUSTIC ACID; CHLORPROMAZINE; EDARAVONE; 3-ISOBUTYL-1-METHYL-7H-XANTHINE; (S)-FLUOXETINE; GLYCINE; CINALUKAST; KENPAULLONE; ZERANOL; FENTHION; PERHEXILINE; CLOPIDOGREL; FIPEXIDE HYDROCHLORIDE; DERRUSNIN; ACETAMINOPHEN; LEUPROLIDE ACETATE; AMITRIPTYLINOXIDE; ZIDOVUDINE; MELPHALAN; IBUPROFEN, SODIUM SALT; FLUOXETINE HYDROCHLORIDE; AMITRIPTYLINE HYDROCHLORIDE; HALOPERIDOL DECANOATE; ARGIPRESSIN; PREDNISONE; TACRINE; CHEMBL:CHEMBL1332182; TOXAPHENE; CHEMBL:CHEMBL221300; NALBUPHINE HYDROCHLORIDE; AG 9; GF109203X; PILOCARPINE NITRATE; FLUCONAZOLE; ALDRIN; FESOTERODINE; DEXTROMETHORPHAN POLISTIREX; DANTROLENE; CHEMBL:CHEMBL1269022; ETHAVERINE HYDROCHLORIDE; DICLOFENAC SODIUM; LY-255283; FENOFIBRATE MICRONIZED; ERIBULIN MESYLATE; AM404; CHEMBL:CHEMBL184074; PROGESTERONE; CHEMBL:CHEMBL538965; (S)-FELODIPINE; SILDENAFIL; SANGUINARINE SULFATE; CLOZAPINE; HYDROXYUREA; (3Z)-N,N-DIMETHYL-2-OXO-3-(4,5,6,7-TETRAHYDRO-1H-INDOL-2-YLMETHYLIDENE)-2,3-DIHYDRO-1H-INDOLE-5-SULFONAMIDE; CHEMBL:CHEMBL484663; 2-MERCAPTOBENZIMIDAZOLE; DERRUSTONE; IPRATROPIUM CATION; PENTAMETHYLQUERCETIN; 2-METHYL GRAMINE; DEQUALINIUM CHLORIDE; ZOLANTIDINE; AZATHIOPRINE; QUETIAPINE FUMARATE; ALAPROCLATE; CAPTAN; HEXACHLOROPHENE; CHEMBL:CHEMBL228132; PRAZOSIN HYDROCHLORIDE; BUTYLATED HYDROXYTOLUENE; RELCOVAPTAN; GLABRANIN; PODOFILOX; SP-600125; OXICONAZOLE; METHOXSALEN; ROTENONE; RALOXIFENE HYDROCHLORIDE; CEFOPERAZONE; N-DESMETHYLCLOZAPINE; CHLORPYRIFOS; ERLOTINIB; RIVAROXABAN; VINBLASTINE; CAULIBUGULONE B; BENFLUOREX HYDROCHLORIDE; PAPAVERINE; FINASTERIDE; VERAPAMIL; KETOCONAZOLE; BRADANICLINE; CHEMBL:CHEMBL1256291; CHLORAMPHENICOL; LY320135; SIBUTRAMINE HYDROCHLORIDE; ACACETIN; DIPHENYLENEIODONIUM; N-AMINOHEXYL-5-CHLORO-1-NAPTHALENESULFONAMIDE HYDROCHLORIDE; VISNAGIN; ORSELLINIC ACID; EFAVIRENZ; CLOPERASTINE HYDROCLORIDE; MEFENAMIC ACID; 12-HYDROXY-4,4-BISNOR-4,8,11,13-PODOCARPATETRAEN-3-ONE; ZEARALENONE; JNJ16259685; BERBERINE CHLORIDE; TRIFLUOPERAZINE; HARMINE; GALANGIN; GUANFACINE HYDROCHLORIDE; CHEMBL:CHEMBL227298; (R)-FELODIPINE; MUNDULONE ACETATE; ELIPRODIL; ARTEMOTIL; PD-169316; DEXAMETHASONE; CHEMBL:CHEMBL336095; LAPATINIB; ISOPIMPINELLIN; CEFTRIAXONE; MEBEVERINE HYDROCHLORIDE; GR 89696; CAPSAZEPINE; PHENOBARBITAL; LUMEFANTRINE; FLUPENTHIXOL; PF-03715455; TRIM; DAPSONE; THEOPHYLLINE; FENTANYL CITRATE; METRONIDAZOLE; CHEMBL:CHEMBL68534; ISOBERGAPTENE; PAPAVERINE HYDROCHLORIDE; FENDILINE HYDROCHLORIDE; SELEGILINE; SB 215505; FLUOROURACIL; LUZINDOLE; PINACIDIL; TRIMIPRAMINE; QUINACRINE DIHYDROCHLORIDE; TAMSULOSIN HYDROCHLORIDE; (R)-NITRENDIPINE; FASUDIL; CHEMBL:CHEMBL1320453; CHEMBL:CHEMBL578741; DOFETILIDE; 4-METHOXYDALBERGIONE; CHEMBL:CHEMBL484662; INDOMETHACIN; SERTINDOLE; ISOKOBUSONE; ISONIAZID; GUTHION; HYDROXYCHLOROQUINE; DOXORUBICIN HYDROCHLORIDE; BUTAMBEN; N-HISTIDYL-2-AMINONAPHTHALENE (BETANA); FPL64176; SB 228357; IXABEPILONE; SAPPANONE A DIMETHYL ETHER; MERCURIC CHLORIDE; PENTOSALEN; OFLOXACIN; TAMOXIFEN; DIMETHYL GAMBOGATE; ROBUSTONE; SU9516; NICARDIPINE; ISOEUGENITOL; PYRIDOSTIGMINE; LECANORIC ACID; (+/-)-PENTAACETYLCATECHIN; DEXMEDETOMIDINE HYDROCHLORIDE; SULFADIAZINE; BISACODYL; CHEMBL:CHEMBL472656; INDOMETHACIN MORPHOLINYLAMIDE; DIENESTROL; HYCANTHONE; BIPHENYL-4-AMINE; DOLASETRON; GRANISETRON; CHEMBL:CHEMBL588859; 2-METHOXY-5 (6)EPOXY-TETRAHYDROCARYOPHYLLENE; TIPRANAVIR; AG 490; CITROPTEN; AMIODARONE HYDROCHLORIDE; CHEMBL:CHEMBL1513392; MORICIZINE; OSI-930; QUERCETIN; BAICALEIN; SERTRALINE HYDROCHLORIDE; PLICAMYCIN; E324; VINDESINE; ALPHA-NAPHTHOFLAVONE; EPIGALLOCATECHIN GALLATE; GANGALEOIDIN; CHEMBL:CHEMBL1079460; PSEUDOEPHEDRINE; CHEMBL:CHEMBL587259; ARASERTACONAZOLE; CGP7930; TRIAMCINOLONE; PIPERIDOLATE HYDROCHLORIDE; VANIPREVIR; REL-CISAPRIDE; 2- (2,6-DIMETHOXYPHENOXYETHYL)AMINOMETHYL-1,4-BENZODIOXANE HYDROCHLORIDE (WB 4101); RS-100329; METHOXYFLURANE; CARBAMAZEPINE; PARATHION; ALTANSERIN; CHEMBL:CHEMBL145725; CAULIBUGULONE C; OLVANIL; MEK1/2 INHIBITOR; TABIMORELIN; GW282974X; PYRILAMINE; DROFENINE HYDROCHLORIDE; STAVUDINE; FLUNISOLIDE ANHYDROUS; CARMOFUR; CHLORANIL; SB-415286; LOSARTAN POTASSIUM; TYRPHOSTIN B48; TEBUFENOZIDE; GUGGULSTERONE; HOMIDIUM BROMIDE; TYRPHOSTIN AG 879; PTAEROXYLIN; PRIMIDONE; NSC-663284; (+/-)-ERIODICTYOL; DORZOLAMIDE; CHEMBL:CHEMBL85194; CHEMBL:CHEMBL1288014; PHLORETIN; RS-39604; ISOLIQUIRITIGENIN; IPRONIAZID; CHEMBL:CHEMBL272682; SUNITINIB; WIN55212-2; LINEZOLID; 5,7-DIHYDROXYISOFLAVONE; MONTELUKAST SODIUM; 12A-HYDROXY-5-DEOXYDEHYDROMUNDUSERONE; ARTEMETHER; PURVALANOLA; DEOXYSAPPANONE B TRIMETHYL ETHER; MESALAMINE; (-)-ROLIPRAM; GYKI53784; TYRPHOSTIN A9; 8,2'-DIMETHOXYFLAVONE; NOSCAPINE; SB202190; PRAVASTATIN SODIUM; ARTHONIOIC ACID; INDIRUBIN-3'-MONOXIME; FLUTAMIDE; GENTIAN VIOLET CATION; COUMARIN; AMPHOTERICIN B LIPOSOMAL; CHEMBL:CHEMBL533542; CHEMBL:CHEMBL225513; OXAZEPAM; INDINAVIR; L-732,138; TRIAZOLAM; ACRISORCIN; TREQUINSIN HYDROCHLORIDE; TYRPHOSTIN 25; GW0742X; STICTIC ACID; ZONISAMIDE; ALLANTODAPSONE; CHLORHEXIDINE HYDROCHLORIDE; NEOSTIGMINE BROMIDE; IMIPRAMINE HYDROCHLORIDE; HYDROXYZINE; FLUNITRAZEPAM; ALPROSTADIL; IVABRADINE; HESPERETIN; DACARBAZINE; BENZTHIAZIDE; ESMETHADONE; NEVIRAPINE; PITAVASTATIN; DISULFIRAM; TOREMIFENE; CLARITHROMYCIN; NIFEDIPINE; METHOXYVONE; BERGAPTOL; LIOTHYRONINE; RESVERATROL; TRIMETHADIONE; CHEMBL:CHEMBL126804; CHEMBL:CHEMBL581929; LUTEOLIN; CHEMBL:CHEMBL502242; MACROLIDE ANTIBIOTIC; RS-17053; METARAMINOL; IRBESARTAN; CHOLECALCIFEROL; ESOXYBUTYNIN; SIMVASTATIN; FLOXURIDINE; EHNA; AM-630; SULFAPHENAZOLE; XANTHONE; LAPACHONE; (S)-VERAPAMIL; CHEMBL:CHEMBL1420370; TERFENADINE; 6-CL-MLT; TYRPHOSTIN AG 835; CHEMBL:CHEMBL313737; RESORCINOL; TRICETIN; SORAFENIB; ML 10302; FIPEXIDE; SULFADOXINE; DACTINOMYCIN; METHADONE HYDROCHLORIDE; (R,S)-INDATRALINE; CHEMBL:CHEMBL590670; RP-67580; BERGAMOTTIN; KEPONE; CILOSTAMIDE; ZOXAZOLAMINE; LINOLENIC ACID; PSORALEN; FENRETINIDE; MELATONIN; FOSAMPRENAVIR; LINOPIRDINE; LEVOPROPOXYPHENE NAPSYLATE ANHYDROUS; CHEMBL:CHEMBL198759; PAROXETINE HYDROCHLORIDE, HEMIHYDRATE; CHEMBL:CHEMBL476501; DERRUBONE; PSORA-4; RISPERIDONE; SERICETIN DIACETATE; BW373U86; COLCHICINE; CHEMBL:CHEMBL1256025; MAPROTILINE HYDROCHLORIDE; MINOCYCLINE; GW405833; NECROSTATIN-1; GLYBURIDE; QUININE; ALTHIAZIDE; PROPAFENONE; ISOQUINE; ATORVASTATIN CALCIUM TRIHYDRATE; MRS1523; TAMOXIFEN CITRATE; SR2640; CHEMBL:CHEMBL512908; ELLIPTECINE; METHOTREXATE; MECLOFENAMATE SODIUM; DIHYDROGAMBOGIC ACID; RESORCINOL MONOACETATE; DAPH; SB 218795; ALECTINIB; HYDROXYCAMPTOTHECIN; CHEMBL:CHEMBL67535; BUSULFAN; CHEMBL:CHEMBL56393; DOCEBENONE; PIVAMPICILLIN; HYDROCORTISONE BUTYRATE; AMSACRINE; CYPROTERONE; METHYLENE BLUE; FAMPROFAZONE; GLAFENINE; CHEMBL:CHEMBL11458; DIRLOTAPIDE; NICLOSAMIDE; ETIDRONIC ACID; CYCLOSPORINE; TIOTIDINE; 8-CYCLOPENTYLTHEOPHYLLINE; 5-METHOXYPSORALEN; CLOFOCTOL; PERGOLIDE; TRIACETYLRESVERATROL; BUTORPHANOL; BUDESONIDE; 2-IODOACETAMIDE; CAULIBUGULONE D; TECHTOCHRYSIN; LANSOPRAZOLE; CHEMBL:CHEMBL187216; PHENYTOIN SODIUM; OXETHAZAINE; THIAMYLAL SODIUM; COUMAPHOS; RANOLAZINE; SULFASALAZINE; THIRAM; 4-CHLOROMERCURIBENZOIC ACID; SKIMMIANINE; CHEMBL:CHEMBL137498; GRAMINE; SULCONAZOLE NITRATE; PIRIBEDIL; AURIN; ROSUVASTATIN; KHELLIN; RANITIDINE HYDROCHLORIDE; L 755507; PYRAZINAMIDE; CHEMBL:CHEMBL457504; EMODIN; PD-98059; CHEMBL:CHEMBL1288013; DIPYRIDAMOLE; VALERIAN ROOT EXTRACT; PHENOXYBENZAMINE; NONIVAMIDE; OXYBUTYNIN; TOLUENE DIISOCYANATE; CAFFEINE; CT-1578; MINOXIDIL; 3-HYDROXY-3',4'-DIMETHOXYFLAVONE; ARTEMISININ; METHYL PARATHIONE; CHEMBL:CHEMBL184450; SALAGEN; PRE-084; CHLORPROPAMIDE; LABETALOL; NICARDIPINE HYDROCHLORIDE; (S)-NIMODIPINE; ASPIRIN; N-OLEOYLDOPAMINE; S-ETOMIDATE; ISOPROTERENOL; SAPPANONE A TRIMETHYL ETHER; MITOXANTRONE; PAREGORIC; CHEMBL:CHEMBL177809; TYRPHOSTIN 23; CHEMBL:CHEMBL74675; REMOXIPRIDE; PROADIFEN; CHEMBL:CHEMBL602418; (R)-PINOCEMBRIN; PROCHLORPERAZINE; PHENYLBUTAZONE; ETHOSUXIMIDE; GENISTEIN; FLUTICASONE; TRACAZOLATE; DICHLORODIPHENYLDICHLOROETHYLENE; MODAFINIL; TANGERETIN; RILMENIDINE; DIMETHYLPINOCEMBRIN; MITOMYCIN; AHPN; DEQUALINIUM; SCH 58261; CHEMBL:CHEMBL422942; CHLOROQUINE; GW7647; 7,3'-DIMETHOXYFLAVONE; ACACETIN DIACETATE; CHEMBL:CHEMBL101168; PROADIFEN HYDROCHLORIDE; FUROXAN; OXYMETHOLONE; CHEMBL:CHEMBL398363; HEPTACHLOR; CIMETIDINE; OXYPHENBUTAZONE; (R)-MELPHALAN; PHOSALONE; ALPRAZOLAM; DIHYDROXYPHENYLGLYCINE; PACHYRRIZINE; CHEMBL:CHEMBL84685; DOXEPIN HYDROCHLORIDE; PREDNISOLONE; WAY-100135; NICOTINE POLACRILEX; SB 222200; TOLTERODINE; REBOXETINE; TEMAZEPAM; GW1929; SAPPANONE A 7-METHYL ETHER; NILUTAMIDE; PIOGLITAZONE HYDROCHLORIDE; TRIOXSALEN; RITONAVIR; CHEMBL:CHEMBL309917; TENELIGLIPTIN; GABAPENTIN; OSTHOLE; ETHAVERINE; METHOCARBAMOL; SANGUINARIUM; METHYL ROBUSTONE; QUINALIZARIN; AVI-4557; MONASTROL; PIMPINELLIN; CYC-116; 6-O-BENZYLGUANINE; CHEMBL:CHEMBL587849; CHEMBL:CHEMBL74913; AMINOPURVALANOL A; MONOAMINE OXIDASE INHIBITOR; SB-431542; IMMUNOSUPPRESSANT; 4'-METHOXYFLAVONE; 7-OXOCALLITRISIC ACID, METHYL ESTER; ELEMICIN; CHEMBL:CHEMBL1342336; INAMRINONE; BENZPIPERYLON; MUNDULONE; U-0126; DESLORATADINE; PHENMEDIPHAM; CABAZITAXEL; 4,4'-DIMETHOXYDALBERGIONE; BECLOMETHASONE; HEXYLRESORCINOL; TYRPHOSTIN AG 555; CHEMBL:CHEMBL258767; IMATINIB; VALPROIC ACID; ETAZOLATE; IMAZODAN; DEGUELIN; MIFEPRISTONE; CHLOROTHALONIL; MENTHOFURAN; ICI-199441; DESIPRAMINE; CARMUSTINE; FLUPIRTINE; RIMCAZOLE; ESTRADIOL VALERATE; ECADOTRIL; CHOLINE CHLORIDE; LANSOPRAZOLE SULFIDE; 5,7-DIMETHOXYISOFLAVONE; PAZOPANIB; PROPANIL; FERROUS SULFATE; AZELASTINE HYDROCHLORIDE; CHEMBL:CHEMBL1397308; NITROFURANTOIN, MACROCRYSTALS; PIPERONYL BUTOXIDE; ROXINDOLE; TANSHINONE IIA SULFONATE; CGP13501; AZTREONAM; METHYLDOPA ANHYDROUS; CIPROFLOXACIN; NONOXYNOL-9; VEMURAFENIB; CORALYNE; PHENELZINE SULFATE; GOSSYPOL; ISOQUINE DIHYDROCHLORIDE; CHEMBL:CHEMBL1412710; CHEMBL:CHEMBL601110; 4,4'-METHYLENEDIANILINE; CARBETAPENTANE CITRATE; HYDRALAZINE; IMETIT; CHEMBL:CHEMBL222556; THIOPERAMIDE; MASOPROCOL; NIALAMIDE; DOLUTEGRAVIR SODIUM; BETA-CCM; MIANSERIN; TOMELUKAST; SOTALOL; HYDROMORPHONE HYDROCHLORIDE; COCAINE; TELENZEPINE; SB 206553; ISRADIPINE; OXYMETAZOLINE HYDROCHLORIDE; METYROSINE; TETRACYCLINE; PROPYLPYRAZOLETRIOL; CHEMBL:CHEMBL527271; N-[2-(2-IODO-5-METHOXY-1H-INDOL-3-YL)ETHYL]ACETAMIDE; SEVOFLURANE; MYCOPHENOLATE; AMPEROZIDE; TEBUCONAZOLE; CHEMBL:CHEMBL1310701; LOPERAMIDE; L741742; PRASTERONE; METHYSTICIN; CHEMBL:CHEMBL154580; CHEMBL:CHEMBL1374610; DRONEDARONE; CHEMBL:CHEMBL272005; BITHIONOLATE SODIUM; PHENOLPHTHALEIN; CLOMIPRAMINE; CLOFIBRATE; 1R,9S-HYDRASTINE; CHLORZOXAZONE; NARINGENIN; CELECOXIB; NITROMIDE; ASTEMIZOLE; CHEMBL:CHEMBL1572261; 2-APB; IODOPHENPROPIT; CHRYSIN; ONDANSETRON HYDROCHLORIDE; RIPRETINIB; CILOSTAZOL; SULFINPYRAZONE; DIETHYLSTILBESTROL; PIPERIDOLATE; TBBT; MERCAPTOPURINE; SB 204741; DICYCLOMINE HYDROCHLORIDE; NITAZOXANIDE; POSACONAZOLE; BIFEMELANE; CYCLOPHOSPHAMIDE ANHYDROUS; TORSEMIDE; REPAGLINIDE; HYDROCODONE; APIGENIN; CANDESARTAN CILEXETIL; CHEMBL:CHEMBL15134; SB 216763; METHAPHIT; SB203580; SAQUINAVIR MESYLATE; LEFLUNOMIDE; PIROXICAM-BETA-CYCLODEXTRIN; BERBAMINE; DILTIAZEM HYDROCHLORIDE; CLEBOPRIDE MALEATE; CROMOGLYCATE; L-162,313; NOBILETIN; TESMILIFENE; EUPARIN; 3-HYDROXYBENZYLHYDRAZINE; L-765314; ENOXOLONE; CHEMBL:CHEMBL225869; [3H]WAY100635; RHETSININE; ETOPOSIDE; PAEONOL; ENALAPRIL MALEATE; (-)-U-50488; GW5074; GENTAMICIN; GANGLEOIDIN ACETATE; BLONANSERIN; MIBEFRADIL; CL-976; 2,4,6-TRIBROMOPHENOL; FISETIN; CHEMBL:CHEMBL546597; CLEMIZOLE; PIRINIXIC ACID; CHEMBL:CHEMBL1256835; NAPROXEN SODIUM; AZITHROMYCIN ANHYDROUS; TERAZOSIN; EBSELEN; NAFTIDROFURYL; CAMPTOTHECIN; CHEMBL:CHEMBL253786; DILAZEP; RESERPINE; CHEMBL:CHEMBL1256868; XANTHINE AMINE CONGENER; ENDO-ATROPINE; DIGOXIN; TELITHROMYCIN; CLOTRIMAZOLE; PIMOZIDE; SNC80; DIDANOSINE; MIDODRINE; 3',4'-DIMETHOXYFLAVONE; NILOTINIB; LEUCINE; SULINDAC; CARBONYL CYANIDE M-CHLOROPHENYLHYDRAZONE; OXATOMIDE; SILIBININ; NISOLDIPINE; NAFRONYL OXALATE; MEDROXYPROGESTERONE ACETATE; FLUVOXAMINE; NELFINAVIR MESYLATE; CLEMASTINE; 4-{2-[(7-AMINO-2-FURAN-2-YL[1,2,4]TRIAZOLO[1,5-A][1,3,5]TRIAZIN-5-YL)AMINO]ETHYL}PHENOL; CAPSAICIN; ZUCAPSAICIN; PIPERINE; PRAZOSIN; ZILEUTON; ERYTHROMYCIN; DIHYDROXYBERGAMOTTIN; LIDOCAINE; DIMPYLATE; MECAMYLAMINE; HARMOL HYDROCHLORIDE; TROGLITAZONE; PARAROSANILINE; RU 24969; FELODIPINE; VESNARINONE; 6-METHYLFLAVONE; DANAZOL",; inhibitor,DTC; PharmGKB; DTC; NCI; PharmGKB; DTC; TTD; PharmGKB; NCI; DTC; PharmGKB; PharmGKB; NCI; DTC; NCI; ChEMBL; NCI; DTC; PharmGKB; NCI; DTC; NCI; PharmGKB; DTC; ChEMBL; ChEMBL; PharmGKB; DTC; TdgClinicalTrial,2.0597765454406,0.00033450641479306,0.000816401099358707,Up,Other,TRUE,High
DRD2,254,254,"ASENAPINE; MEPHENTERMINE; HALOPERIDOL LACTATE; BREXPIPRAZOLE; ANALGESIC AGENT; AXITINIB; RG-1530; LOXAPINE SUCCINATE; QUETIAPINE FUMARATE; PROCHLORPERAZINE; APOMORPHINE; PRAMIPEXOLE; THIETHYLPERAZINE MALEATE; IBCASERTIB; FAMITINIB; SOXATALTINIB; SUMANIROLE; DOCARPAMINE; PALIPERIDONE; PRIDOPIDINE; OLANZAPINE; PEGDINETANIB; RISPERIDONE; PERGOLIDE MESYLATE; LISURIDE; ZICRONAPINE; CLEBOPRIDE; LAZERTINIB; REMOXIPRIDE HYDROCHLORIDE; CABERGOLINE; JNJ-37822681; ERGOT ALKALOIDS; (-)-STEPHOLIDINE; SARIZOTAN HYDROCHLORIDE; 5-OH-DPAT; LITHIUM; DIHYDROERGOTOXINE; REMOXIPRIDE; BROMPERIDOL; PHENTOLAMINE; ROTIGOTINE; LOXAPINE; DEHYDRATED ALCOHOL; CARPHENAZINE; THIORIDAZINE; OCAPERIDONE; LUMATEPERONE; MOLINDONE; MINAPRINE; METHOTRIMEPRAZINE; LURASIDONE HYDROCHLORIDE; TRAZPIROBEN; DOMPERIDONE; ONC201; VERALIPRIDE; TRIMIPRAMINE MALEATE; PROMAZINE; VATALANIB; ALTIRATINIB; AMOXAPINE; FLUPENTHIXOL; ROPINIROLE; AMISULPRIDE; SERTINDOLE; PSEUDOEPHEDRINE; BROMOCRIPTINE; CATEQUENTINIB; ITOPRIDE; TALIPEXOLE; FLUSPIRILENE; DAPIPRAZOLE; MIVAVOTINIB; PRALSETINIB; PERGOLIDE; CHLORPROTHIXENE; N-(4-CHLOROPHENYL)-2-[(PYRIDIN-4-YLMETHYL)AMINO]BENZAMIDE; TELATINIB; DEXPRAMIPEXOLE; CLOZAPINE; ACETOPHENAZINE MALEATE; PIMOZIDE; NEMONAPRIDE; BENPERIDOL; BLONANSERIN; SITRAVATINIB; TIAPRIDE; PHENYLTOLOXAMINE; PERPHENAZINE; VEGF RECEPTOR 2 KINASE INHIBITOR IV; ENMD-2076; RIVOCERANIB; BUSPIRONE; OSI-930; METARAMINOL; REGORAFENIB; AST-487; CARPHENAZINE MALEATE; CANLITINIB; ERDAFITINIB; SULFATINIB; LEVODOPA; ABAPERIDONE; LUCITANIB; CARIPRAZINE HYDROCHLORIDE; SARIZOTAN; FRUQUINTINIB; MOTESANIB; FORETINIB; HENATINIB; APLINDORE; CP-547632; ETILEVODOPA; TRIFLUPROMAZINE HYDROCHLORIDE; TESEVATINIB; VEGF RECEPTOR 2 KINASE INHIBITOR II; BROMOCRIPTINE MESYLATE; ILORASERTIB; BIFEPRUNOX; MESORIDAZINE BESYLATE; 3-[(3-(2-CARBOXYETHYL)-4-METHYLPYRROL-2-YL)METHYLENE]-2-INDOLINONE; EPHEDRINE; PLX-4720; APLINDORE FUMARATE; THIETHYLPERAZINE MALATE; PAZOPANIB; DENOPAMINE; BENZQUINAMIDE HYDROCHLORIDE; CARMOXIROLE; LOXAPINE HYDROCHLORIDE; PP-121; FLUPHENAZINE ENANTHATE; DEXTROAMPHETAMINE SULFATE; SUMATRIPTAN; ROPINIROLE HYDROCHLORIDE; PHENYLEPHRINE; BRIVANIB; ORDOPIDINE; ADOPRAZINE; BX-795; MAZAPERTINE SUCCINATE; ERGOLOID MESYLATES, USP; COMPOUND T.14; SU-11652; VEGFC; TINENGOTINIB; BL-1020; MK-2461; QUINAGOLIDE; ERGONOVINE; FEXAGRATINIB; SORAFENIB; PIPERACETAZINE; SUNITINIB; DOPAMINE; THIOTHIXENE HYDROCHLORIDE; FLUPHENAZINE DECANOATE; TRIFLUOPERAZINE; KI-20227; MINAPRINE HYDROCHLORIDE; MLKL COMPOUND 1; PROPOFOL; ASENAPINE MALEATE; TAFETINIB; PAMUFETINIB; DIHYDROERGOTAMINE MESYLATE; SERIDOPIDINE; TRIFLUOPERAZINE HYDROCHLORIDE; PROMAZINE HYDROCHLORIDE; RESENCATINIB; AMINEPTIN; CABOZANTINIB S-MALATE; ZM-306416; BX-912; BEVANTOLOL; RASAGILINE; VEGF RECEPTOR TYROSINE KINASE INHIBITOR III; VEGFA; DOPEXAMINE; QUINPIROLE; VANDETANIB; INFIGRATINIB; NINTEDANIB ESYLATE; METHYLDOPA ANHYDROUS; GSK2646264; TOCERANIB; NAPHAZOLINE; ONZIGOLIDE; MELEVODOPA; VEGFE; MESORIDAZINE; ACRIZANIB; CENISERTIB; ILOPERIDONE; ORANTINIB; RAMUCIRUMAB; DORSOMORPHIN; CEP-11981; COMPOUND 19A [PMID: 30503936]; DOVITINIB; GOLVATINIB; PERAZINE; HALOPERIDOL DECANOATE; COMPOUND 8H [PMID: 22765894]; THIETHYLPERAZINE; ALIZAPRIDE; CHLORPROMAZINE; ARIPIPRAZOLE LAUROXIL; GLESATINIB; OXIDOPAMINE; PRAMIPEXOLE DIHYDROCHLORIDE; BMS-690514; CEDIRANIB; LINIFANIB; METHAMPHETAMINE; TIVOZANIB; BROMOPRIDE; SULPIRIDE; COMPOUND 13A [PMID: 23639540]; ROXINDOLE; SB-773812; DISULFIRAM; LY2874455; AEE788; UMESPIRONE; TRIFLUPROMAZINE; FLUPHENAZINE HYDROCHLORIDE; LENVATINIB; OLANZAPINE PAMOATE; ZUCLOPENTHIXOL; NALTREXONE; CAFFEINE; DIHYDREXIDINE; DROPERIDOL; YKP-1358; COMPOUND 8I [PMID: 22765894]; CARIPRAZINE; PROPIOMAZINE; DUAL VEGFR/PARP INHIBITOR 14B; ZIPRASIDONE; THIOTHIXENE; TOLAZOLINE; ANIRACETAM; PF-00217830; SEMAXANIB; CHLORPROMAZINE HYDROCHLORIDE; SU-14813; PAREGORIC; PHENOXYBENZAMINE; METOCLOPRAMIDE HYDROCHLORIDE; ACETOPHENAZINE; PEXIDARTINIB; PARDOPRUNOX; NINGETINIB; BIBF-1202",; inverse agonist; agonist; inhibitor; modulator; antibody,TEND; TdgClinicalTrial; TTD; ChEMBL; TTD; TdgClinicalTrial; ChEMBL; PharmGKB; GuideToPharmacology; TEND; TTD; TdgClinicalTrial; DTC; ChEMBL; TEND; TTD; TdgClinicalTrial; ChEMBL; TEND; TTD; TdgClinicalTrial; TTD; ChEMBL; TEND; TdgClinicalTrial; ChEMBL; TEND; TTD; TdgClinicalTrial; PharmGKB; ChEMBL; DTC; NCI; PharmGKB; ChEMBL; TdgClinicalTrial; ChEMBL; TEND; TdgClinicalTrial; DTC; TEND; TTD; TdgClinicalTrial; PharmGKB; TdgClinicalTrial; TEND; NCI; TdgClinicalTrial; DTC; ChEMBL; TTD; PharmGKB; TEND; TTD; NCI; TdgClinicalTrial; DTC; ChEMBL; TTD; PharmGKB; ChEMBL; TTD; TdgClinicalTrial,-1.30429570068536,1.94505562362536e-06,7.10411958230185e-06,Down,Other,TRUE,High
FEN1,210,210,"LEVODOPA; SRT-1720; CHEMBL:CHEMBL521171; CETYLPYRIDINIUM BROMIDE; CHEMBL:CHEMBL1312050; CHEMBL:CHEMBL483206; CHEMBL:CHEMBL533954; CHEMBL:CHEMBL579742; LOMOFUNGIN; ISOTHYMONIN; EBSELEN; CHEMBL:CHEMBL1092508; CHEMBL:CHEMBL1481974; COUMESTROL; CHEMBL:CHEMBL95704; PROTOPORPHYRIN; CARMINIC ACID; CHEMBL:CHEMBL585622; TOLONIUM CHLORIDE; CHEMBL:CHEMBL1256291; CHEMBL:CHEMBL583558; CHEMBL:CHEMBL585502; CHEMBL:CHEMBL461193; CHEMBL:CHEMBL522983; CATECHIN; SR8185; TYRPHOSTIN 23; MITOXANTRONE HYDROCHLORIDE; CLOSANTEL; STICTIC ACID; CHEMBL:CHEMBL589915; SURAMIN; CHEMBL:CHEMBL602127; THIMEROSAL; METHYLDOPA ANHYDROUS; HOMIDIUM BROMIDE; CHEMBL:CHEMBL579919; DOXYCYCLINE ANHYDROUS; COMPOUND 6 [PMID: 34333981]; CEFSULODIN SODIUM; CHEMBL:CHEMBL223575; CHEMBL:CHEMBL67535; CHEMBL:CHEMBL592124; QUERCETIN; CHEMBL:CHEMBL578257; FAGARONINE; CHEMBL:CHEMBL515252; CHEMBL:CHEMBL338115; METHOXSALEN; CLINAFLOXACIN; OXIDOPAMINE HYDROCHLORIDE; CHEMBL:CHEMBL601137; CHEMBL:CHEMBL493863; PURPUROGALLIN; CHEMBL:CHEMBL585591; CHEMBL:CHEMBL136344; CEPHALOCHROMIN; AURINTRICARBOXYLIC ACID; THUNBERGINOL B; PAMOIC ACID; CHEMBL:CHEMBL592316; AZ13102909; CHEMBL:CHEMBL525103; CHEMBL:CHEMBL1287983; LAVENDUSTIN C; AKT INHIBITOR IV; DECYNIUM 22; CHEMBL:CHEMBL68534; CHEMBL:CHEMBL592598; AMARANTH; METHYLENE BLUE ANHYDROUS; BAICALEIN; CHEMBL:CHEMBL494668; COMPOUND II [PMID: 21329883]; MPI-0485520; CHEMBL:CHEMBL516616; CHEMBL:CHEMBL22062; TRANSPLATIN; SANGUINARIUM CHLORIDE; SANGUINARINE SULFATE; DOPAMINE; CHEMBL:CHEMBL578719; CHEMBL:CHEMBL477936; BENSERAZIDE HYDROCHLORIDE; CHEMBL:CHEMBL1601846; ASTERRIC ACID; TYRPHOSTIN 51; GSK8612; LUTEOLIN; GOSSYPOL; FRAXETIN; IDARUBICIN; AMINODIMETHOXYQUINAZOLINYLPIPERAZINE; CHEMBL:CHEMBL1534034; ALEXIDINE HYDROCHLORIDE; PHENYLSTIBONIC ACID; CHEMBL:CHEMBL584458; METHACYCLINE HYDROCHLORIDE; SENNOSIDE B; 3-O-METHYLQUERCETIN; DEOXIEPINEPHRINE; CHEMBL:CHEMBL124006; PYRONIN Y; ACID BLUE 129; APOMORPHINE HYDROCHLORIDE HEMIHYDRATE; DEMECLOCYCLINE; CCG-63802; MITONAFIDE; CHEMBL:CHEMBL56393; CATECHOL; CHEMBL:CHEMBL1287980; 2-METHOXY-1,4-NAPHTHOQUINONE; CHEMBL:CHEMBL601364; CHEMBL:CHEMBL151146; METHYLDOPA (RACEMIC); CHEMBL:CHEMBL1255944; GENTIAN VIOLET CATION; HOMIDIUM; CHEMBL:CHEMBL1726814; PINAFIDE; CARMINE; TYRPHOSTIN B48; CHEMBL:CHEMBL526763; GMQ; CHEMBL:CHEMBL486706; CHEMBL:CHEMBL463783; OXYTETRACYCLINE ANHYDROUS; MORIN; SLAZINIC ACID; OXOPURPUREINE; CHEMBL:CHEMBL585240; CHEMBL:CHEMBL19954; CHEMBL:CHEMBL581251; AMLEXANOX; DEPHOSTATIN; AMENTOFLAVONE; ERBSTATIN; CHEMBL:CHEMBL505670; CHEMBL:CHEMBL596633; EUFLAVINE; BAY-985; CHEMBL:CHEMBL1509103; 4-CHLOROMERCURIBENZOIC ACID; STREPTONIGRIN; CHEMBL:CHEMBL478754; CHEMBL:CHEMBL1451216; CHEMBL:CHEMBL1701915; ML 10302; MASOPROCOL; INDOCYANINE GREEN ACID FORM; CHEMBL:CHEMBL1528359; CHEMBL:CHEMBL582503; AMINACRINE HYDROCHLORIDE; EMODIN; SB-415286; CHARTREUSIN; PROTOPORPHYRIN DISODIUM; MITOXANTRONE; ISOKAEMPFERIDE; EPINEPHRINE; DAUNORUBICIN HYDROCHLORIDE; ELLAGIC ACID; CHEMBL:CHEMBL1622802; EUPAFOLIN; CHEMBL:CHEMBL547833; CHEMBL:CHEMBL1448793; CHEMBL:CHEMBL86464; ELLIPTECINE; MYRICETIN; 3,5-DIIODO-L-TYROSINE; CHEMBL:CHEMBL1341830; CHEMBL:CHEMBL1576310; HISPIDIN; HAEMATOXYLIN; CHEMBL:CHEMBL578741; PURPURIN; FURAMIDINE; PICEATANNOL; DITHIAZANINE; ATHRAQUINONES A; TBK1 PROTAC 3I; MRT67307; CHEMBL:CHEMBL581225; TAXIFOLIN; DEQUALINIUM; CHEMBL:CHEMBL576781; RHEIN; CHEMBL:CHEMBL532504; TETRAIDOFLUORESCEIN; PIRARUBICIN; BX-795; CHEMBL:CHEMBL234338; COMPOUND 17D [PMID: 23099093]; CHEMBL:CHEMBL533082; CHEMBL:CHEMBL589924; CHEMBL:CHEMBL68096; HYCANTHONE; CHEMBL:CHEMBL1453126; GW305074X; DAPHNETIN; BIX-01294; HYDROXYZINE PAMOATE; OXOGLAUCINE; NOREPINEPHRINE; CALMIDAZOLIUM CHLORIDE; CHEMBL:CHEMBL528724; PENTABROMOPHENOL; JP1302; CHEMBL:CHEMBL515505; QUINACRINE",; inhibitor,DTC; GuideToPharmacology; NCI,-1.03188865779946,1.42529737470301e-23,9.31788158712096e-22,Down,Other,TRUE,High
PLK1,180,180,"PURPURIN; BI 2536; ALPHAPRODINE HYDROCHLORIDE; 3,5-DIPHENYLISOXAZOLE; BI-2536; FLUPIRTINE MALEATE; CHEMBL:CHEMBL1412002; APOMORPHINE HYDROCHLORIDE HEMIHYDRATE; PYROGALLOL RED; CHEMBL:CHEMBL116548; PYRONIN Y; CHEMBL:CHEMBL588749; CHEMBL:CHEMBL534535; CHEMBL:CHEMBL523200; CHEMBL:CHEMBL1271059; CHEMBL:CHEMBL584619; CHEMBL:CHEMBL374632; GSK-461364A; GYROPHORIC ACID; SLAZINIC ACID; CHEMBL:CHEMBL164449; LANSOPRAZOLE; CHEMBL:CHEMBL577365; SENNOSIDE B; CHEMBL:CHEMBL599712; CHEMBL:CHEMBL121556; CHEMBL:CHEMBL602969; CHEMBL:CHEMBL429095; WORTMANNIN; BENSERAZIDE HYDROCHLORIDE; CHEMBL:CHEMBL103583; CHEMBL:CHEMBL1605629; CHEMBL:CHEMBL515505; PHYSODIC ACID; SCLEROTIORIN; OXYPHENBUTAZONE; CHEMBL:CHEMBL1232076; CHEMBL:CHEMBL1701915; MK-1496; CHEMBL:CHEMBL1503729; CHEMBL:CHEMBL1306556; CEFSULODIN SODIUM; VOLASERTIB; CHEMBL:CHEMBL599957; OXIDOPAMINE HYDROCHLORIDE; ELLAGIC ACID; CHEMBL:CHEMBL585628; CHEMBL:CHEMBL599924; PROROXAN HYDROCHLORIDE; CHEMBL:CHEMBL602807; HAEMATOXYLIN; ACID BLUE 129; CHEMBL:CHEMBL1426508; CHEMBL:CHEMBL599098; 4-CHLOROMERCURIBENZOIC ACID; PURPUROGALLIN; CEPHALOCHROMIN; CHEMBL:CHEMBL1519374; CHEMBL:CHEMBL125044; CHEMBL:CHEMBL1707907; TAK-960; CHEMBL:CHEMBL585279; CHEMBL:CHEMBL1451216; PENTOSALEN; CHEMBL:CHEMBL1362503; IMIDACLOPRID; CHEMBL:CHEMBL582478; CHEMBL:CHEMBL592558; SIMVASTATIN; ONVANSERTIB; STAVUDINE; CHEMBL:CHEMBL505670; SOTRASTAURIN; CHEMBL:CHEMBL297304; BENZBROMARONE; CHEMBL:CHEMBL565893; CHEMBL:CHEMBL1255944; CHEMBL:CHEMBL1310701; AROTINOID ACID; CHEMBL:CHEMBL592314; CHEMBL:CHEMBL1489812; ANTISENSE OLIGONUCLEOTIDES; CHEMBL:CHEMBL84281; INAMRINONE; CHEMBL:CHEMBL1310138; (4-CHLOROPHENYL)(MORPHOLINO)METHANETHIONE; DISULFIRAM; LOMOFUNGIN; RIGOSERTIB; TRITIOZINE; 2-HYDROXYESTRADIOL; THIOGUANOSINE; GW843682X; CHEMBL:CHEMBL274921; CAFUSERTIB; CHEMBL:CHEMBL599255; SUCCIMER; NVP-TAE684; POLO-LIKE KINASE 1 INHIBITOR GSK461364; CHEMBL:CHEMBL1871992; LITHOCHOLIC ACID; CHEMBL:CHEMBL118678; CEFAMANDOLE SODIUM; CHEMBL:CHEMBL118378; CHEMBL:CHEMBL535051; CHEMBL:CHEMBL388979; PHOSMET; RG-1530; THIRAM; CHEMBL:CHEMBL119878; OXYTETRACYCLINE ANHYDROUS; CHEMBL:CHEMBL122355; AMORFRUTIN A; IDARUBICIN; CHEMBL:CHEMBL151797; GUTHION; CHEMBL:CHEMBL223575; OLEIC ACID; TOPOTECAN HYDROCHLORIDE; TOSUFLOXACIN TOSYLATE; PENTACHLOROPHENOL; CHEMBL:CHEMBL1242101; CHEMBL:CHEMBL538798; CHEMBL:CHEMBL555260; CRYPTOTANSHINONE; 6-CHLORONICOTINIC ACID; NANAOMYCIN; DIPYRIDAMOLE; CHEMBL:CHEMBL175266; LOBARIC ACID; CHEMBL:CHEMBL590665; ACITRETIN; CHEMBL:CHEMBL548629; MYRICETIN; PROTOPORPHYRIN; LIPID ENCAPSULATED ANTI-PLK1 SIRNA TKM-PLK1; CHEMBL:CHEMBL527584; ERYTHROMYCIN; VANITIOLIDE; DIFFRACTAIC ACID; BETUNOLIC ACID; 2,6-DIMETHOXYQUINONE; CHEMBL:CHEMBL171699; THIMEROSAL; CHEMBL:CHEMBL528373; CHEMBL:CHEMBL462861; NMS-1286937; AMBUNOL; CEFACLOR ANHYDROUS; CHEMBL:CHEMBL530149; CHEMBL:CHEMBL495852; EBSELEN; 2,4-DIHYDROXYBENZOPHENONE; EMBELIN; PHA-767491; HYDROXYZINE PAMOATE; CHEMBL:CHEMBL592124; CHEMBL:CHEMBL585654; CHEMBL:CHEMBL1224755; CHEMBL:CHEMBL1486366; CHEMBL:CHEMBL1363249; 3,4-DICHLOROISOCOUMARIN; CHEMBL:CHEMBL1537417; CHEMBL:CHEMBL582764; CHEMBL:CHEMBL1287980; CHEMBL:CHEMBL1459280; PENTABROMOPHENOL; CHEMBL:CHEMBL184450; HMN-214; GW7647; EUFLAVINE; CHEMBL:CHEMBL421431; CHLORPYRIFOS; OMEPRAZOLE; FLUORESCEIN DIACETATE; HEXACHLOROPHENE; CHEMBL:CHEMBL587449; 1,4-DIMETHOXYANTHRAQUINONE; CHEMBL:CHEMBL1547715; N-OLEOYLDOPAMINE",; inhibitor,DTC; TTD; MyCancerGenome; DTC; TALC; ChEMBL; ChEMBL; NCI; TTD; ChEMBL; TTD; MyCancerGenome; TALC; ChEMBL; TTD; TALC; ChEMBL; TTD; TdgClinicalTrial; TTD; MyCancerGenome; TALC; TdgClinicalTrial; TTD; MyCancerGenome,-1.0773146059973,1.34798977938016e-07,5.99587333143775e-07,Down,Other,TRUE,High
PTGS2,117,117,"CARPROFEN; INDOMETHACIN SODIUM; DARBUFELONE; MEFENAMIC ACID; MECLOFENAMATE SODIUM; DICLOFENAC SODIUM; CAPECITABINE; PIRPROFEN; ESFLURBIPROFEN; SULFASALAZINE; BROMFENAC; IBUPROFEN, SODIUM SALT; ALOXIPRIN; TENOXICAM; FLURBIPROFEN; SALICYLIC ACID; ATENOLOL; DEXKETOPROFEN; ETORICOXIB; LUMIRACOXIB; SUPROFEN; NS-398; NABUMETONE; URSOLIC ACID; IBUPROFEN LYSINE; ACECLOFENAC; IBUFENAC; BALSALAZIDE; DIFLUNISAL; BALSALAZIDE DISODIUM; VACCINE; KETOROLAC TROMETHAMINE; BENZYDAMINE HYDROCHLORIDE; TIAPROFENIC ACID; RALOXIFENE HYDROCHLORIDE; NAPROXCINOD; IGURATIMOD; ETODOLAC; DICLOFENAC ETALHYALURONATE SODIUM; ROFECOXIB; OXAPROZIN POTASSIUM; LORNOXICAM; IMRECOXIB; SULINDAC SULFIDE; CIMICOXIB; TOLMETIN; LICOFELONE; FLURBIPROFEN SODIUM; MELOXICAM; SALSALATE; INDOMETHACIN; DICLOFENAC EPOLAMINE; RESERPINE; AMINOSALICYLIC ACID; TOLMETIN SODIUM; ROBENACOXIB; NIFLUMIC ACID; APRICOXIB; APAZONE; FENCLOFENAC; BISMUTH SUBSALICYLATE; TIGEMOCOXIB; CURCUMIN; THALIDOMIDE; VEDAPROFEN; NITRIC OXIDE-RELEASING ACETYLSALICYLIC ACID DERIVATIVE; OXAPROZIN; KETOPROFEN; (R)-IBUPROPHEN; RWJ-67657; POLMACOXIB; INDOPROFEN; NEPAFENAC; PIROXICAM-BETA-CYCLODEXTRIN; GW-406381; FENBUFEN; GLAFENINE; ENFLICOXIB; NAPROXEN ETEMESIL; DICLOFENAC POTASSIUM; DIPYRONE; OMEGA-3 FATTY ACIDS; CURCUMIN PYRAZOLE; ISOXICAM; OLSALAZINE SODIUM; FLUFENAMIC ACID; BENZYDAMINE; MAVACOXIB; VB-201; MECLOFENAMATE; NIMESULIDE; OXALIPLATIN; OXYPHENBUTAZONE; HYDROXYCHLOROQUINE; SULINDAC; E163; ACEMETACIN; CYCLOSPORINE; TEPOXALIN; PHENYLBUTAZONE; CELECOXIB; NAPROXEN SODIUM; CHEMBL:CHEMBL2171117; FIROCOXIB; ACETAMINOPHEN; DEXIBUPROFEN; CLOMETACIN; LOXOPROFEN; DERSALAZINE; PARECOXIB SODIUM; MESALAMINE; FENOPROFEN; VALDECOXIB; PARECOXIB; FENOPROFEN CALCIUM; BROMFENAC SODIUM; ASPIRIN",inhibitor; ,TEND; TTD; TdgClinicalTrial; ChEMBL; ChEMBL; TTD; TTD; ChEMBL; TEND; TdgClinicalTrial; PharmGKB; ChEMBL; PharmGKB; TdgClinicalTrial; ChEMBL; TEND; TdgClinicalTrial; TEND; TTD; TdgClinicalTrial; TEND; TTD; TdgClinicalTrial; DTC; ChEMBL; TEND; TTD; TdgClinicalTrial; PharmGKB; ChEMBL; TEND; TdgClinicalTrial; ChEMBL; DTC; TdgClinicalTrial; NCI; TTD; TdgClinicalTrial; PharmGKB; ChEMBL; TTD; TdgClinicalTrial; ChEMBL; TEND; TTD; PharmGKB; DTC; ChEMBL; TTD; TdgClinicalTrial; TTD; DTC; TTD; MyCancerGenomeClinicalTrial; TdgClinicalTrial; ChEMBL; DTC; ChEMBL; TTD; PharmGKB; DTC; ChEMBL; TEND; CIViC; TdgClinicalTrial; ChEMBL,-1.1202696970971,2.3482210756916e-05,7.10293065302013e-05,Down,Other,TRUE,High
TOP2A,117,117,DIGITOXIN; CHEMBL:CHEMBL596082; NEMORUBICIN; CHEMBL:CHEMBL1080077; TRICITRINOL B; AMONAFIDE; EPIRUBICIN; TAS-103; ELINAFIDE; PEFLOXACIN; FLEROXACIN; VOSAROXIN; IDARUBICIN; GEPOTIDACIN; SECAUBRYOLIDE; ELSAMITRUCIN; CHEMBL:CHEMBL2332128; FISETIN; GENISTEIN; ROSOXACIN; DOXORUBICIN HYDROCHLORIDE; DAUNORUBICIN LIPOSOMAL; CAMPTOTHECIN; TENIPOSIDE; NOVOBIOCIN; UNGEREMINE; PAZUFLOXACIN; DEXRAZOXANE; ETOPOSIDE; CHEMBL:CHEMBL2023733; TIRAPAZAMINE; DACTINOMYCIN; CHEMBL:CHEMBL594259; CHEMBL:CHEMBL2171781; BECATECARIN; CAELYX; PODOFILOX; BROXURIDINE; ANTHRACYCLINE ANTINEOPLASTIC ANTIBIOTIC; FLUOROURACIL; PIXANTRONE; SIMOCYCLINONE D8; BETULIN; CHEMBL:CHEMBL2171794; ACRIDINE CARBOXAMIDE; ACLARUBICIN; KAEMPFERITRIN; CHEMBL:CHEMBL593570; DANIQUIDONE; DAUNORUBICIN CITRATE; AMRUBICIN; ETOPOSIDE PHOSPHATE; DEXRAZOXANE HYDROCHLORIDE; DOXORUBICIN-MAGNETIC TARGETED CARRIER COMPLEX; DOXORUBICIN-HPMA CONJUGATE; LOMEFLOXACIN; ELLIPTECINE; AMSACRINE; CHEMBL:CHEMBL2332126; CHEMBL:CHEMBL507986; CHEMBL:CHEMBL1773343; AMRUBICIN HYDROCHLORIDE; CHEMBL:CHEMBL594153; LUPEOL; GRC-6211; LYCOBETAINE; CHEMBL:CHEMBL2332127; HYDROQUINONE; ENOXACIN; VINCRISTINE; DEMETHYLZEYLASTERONE; CINOXACIN; 4'-O-ACETYLPATENTIFLORIN B; MAKALUVAMINE E; IDRONOXIL; DTS-201; CHEMBL:CHEMBL594695; TAFLUPOSIDE; ANNAMYCIN LIPOSOMAL; DIAZIRINE; MAKALUVAMINE A; BERUBICIN; MAKALUVAMINE F; ETOPOSIDE TONIRIBATE; QUERCETIN; CHEMBL:CHEMBL594257; CHEMBL:CHEMBL607534; DIPHYLLIN; MITOXANTRONE HYDROCHLORIDE; FRANGULIN B; CHEMBL:CHEMBL594379; CHEMBL:CHEMBL244268; MYRICETIN; 13-DEOXYDOXORUBICIN; LUCANTHONE; PYRAZOLOACRIDINE; NALIDIXIC ACID; FLUOROQUINOLONE ANTIBIOTIC; C-1311; OLEANDEROLIDE; RTA 744; DOXORUBICIN-ELUTING BEADS; ADRIAMYCIN; L-377202; CARINATIN G; DAUNORUBICIN HYDROCHLORIDE; BERUBICIN HYDROCHLORIDE; SABARUBICIN; MAKALUVAMINE C TFA SALT; GANCOTAMAB; ALDOXORUBICIN; MITOXANTRONE; VALRUBICIN; FLUOROQUINOLONE; PACLITAXEL; HURATOXIN; CHEMBL:CHEMBL2171812,; inhibitor,DTC; TTD; TdgClinicalTrial; DTC; TEND; TTD; TdgClinicalTrial; PharmGKB; TTD; TdgClinicalTrial; ChEMBL; TEND; TTD; TdgClinicalTrial; ChEMBL; ClearityFoundationClinicalTrial; TEND; TTD; TdgClinicalTrial; DTC; ChEMBL; NCI; TdgClinicalTrial; DTC; ChEMBL; NCI; TEND; TTD; NCI; TdgClinicalTrial; ChEMBL; ChEMBL; TTD; NCI; ChEMBL; TEND; TTD; NCI; CIViC; TdgClinicalTrial; DTC; ChEMBL; TdgClinicalTrial; ChEMBL; ClearityFoundationBiomarkers; TEND; TTD; TdgClinicalTrial; CGI; NCI; PharmGKB; TTD; CIViC; TTD; NCI; CIViC; DTC; ChEMBL; ClearityFoundationClinicalTrial; TdgClinicalTrial; TEND; TTD; NCI; TdgClinicalTrial,-1.3424019308864,3.18155501630892e-08,1.55603473542734e-07,Down,DNA Repair/Replication,TRUE,High
MET,100,104,MK-2461; PF-04217903; CABOZANTINIB S-MALATE; CAPMATINIB; GLESATINIB; CRIZOTINIB; TEPOTINIB; AMUVATINIB; ANTI-C-MET MONOCLONAL ANTIBODY SAIT301; BMS-777607; CMX-2043; AMG-337; DACTOLISIB; MET TYROSINE KINASE INHIBITOR SGX523; ERLOTINIB; FORETINIB; AMG-208; ONARTUZUMAB; TIVANTINIB; BMS-698769; MERESTINIB; CETUXIMAB; GEFITINIB; PAZOPANIB; SAVOLITINIB; ALTIRATINIB; EPICATECHIN GALLATE; EPIGALLOCATECHIN-3-GALLATE; EMD-1204831; EMIBETUZUMAB; EUCALYPTIN A; VEBRELTINIB; OSIMERTINIB; OLEOCANTHAL; ROCILETINIB; ENTRECTINIB; JNJ-38877605; YUANHUADINE; JNJ-7706621; BPI-9016; TELISOTUZUMAB; SU11274; SP-600125; EMB-01; PALBOCICLIB; ILORASERTIB; ANTI-MET MONOCLONAL ANTIBODY MIXTURE SYM015; GALLOCATECHIN GALLATE; BEPERMINOGENE PERPLASMID; CENISERTIB; MK-8033; CHEMBL:CHEMBL1997335; TAMATINIB; TEREVALEFIM; CP-547632; SAR-125844; C-MET INHIBITOR AMG 337; GOLVATINIB; PAMUFETINIB; TYROSOL SINAPATE; CAPMATINIB HYDROCHLORIDE; PF-562271; CEP-11981; SITRAVATINIB; CRENOLANIB; NVP-TAE684; ANTI-EGFR MONOCLONAL ANTIBODY; C-MET INHIBITOR; PEMBROLIZUMAB; CYC-116; SELUMETINIB; VEMURAFENIB; MACROCARPAL A; METATINIB; LINIFANIB; C-MET INHIBITOR MK2461; CHEMBL:CHEMBL546797; PANITUMUMAB; PD-0166285; BMS-754807; AMIVANTAMAB; MITOGEN-ACTIVATED PROTEIN KINASE KINASE INHIBITOR; LAPATINIB; ZM447439; MACROCARPAL B; C-MET INHIBITOR AMG 208; SNS-314; TELISOTUZUMAB VEDOTIN; CHEMBL:CHEMBL399530; TEPOTINIB HYDROCHLORIDE; APRATOXIN F; TRAMETINIB DIMETHYL SULFOXIDE; ANTI-MET/EGFR MONOCLONAL ANTIBODY LY3164530; NINGETINIB; SGX-523; BAY 61-3606; BMS-817378; TRASTUZUMAB; PHA-665752; ARRY-300,inhibitor; ; inhibitor; antibody; antibody; inhibitor; agonist; binder,TTD; MyCancerGenome; ChEMBL; MyCancerGenome; DTC; ChEMBL; COSMIC; ClearityFoundationClinicalTrial; CGI; TTD; MyCancerGenomeClinicalTrial; MyCancerGenome; CIViC; TdgClinicalTrial; ClearityFoundationBiomarkers; OncoKB; CancerCommons; TALC; ChEMBL; TTD; MyCancerGenome; CIViC; PharmGKB; OncoKB; CancerCommons; TALC; ChEMBL; COSMIC; MyCancerGenome; TdgClinicalTrial; CancerCommons; TALC; ChEMBL; CGI; TTD; MyCancerGenomeClinicalTrial; MyCancerGenome; CIViC; DoCM; TdgClinicalTrial; ClearityFoundationBiomarkers; PharmGKB; OncoKB; TALC; ChEMBL; COSMIC; TTD; MyCancerGenome; CIViC; PharmGKB; DTC; ChEMBL; MyCancerGenome; TdgClinicalTrial; TALC; ChEMBL; CIViC; TTD; ChEMBL; DTC; TTD; TdgClinicalTrial; TALC; PharmGKB; OncoKB; DTC; TTD; MyCancerGenome; CIViC; TdgClinicalTrial; CancerCommons; TALC; ChEMBL; MyCancerGenome; CIViC; TdgClinicalTrial; CancerCommons; TALC; ChEMBL; TTD; MyCancerGenomeClinicalTrial; MyCancerGenome; TdgClinicalTrial; CancerCommons; TALC; ChEMBL; TTD; ChEMBL; CIViC; OncoKB; DTC; CGI; TTD; CIViC; ChEMBL; COSMIC; TTD; MyCancerGenome; TALC; ChEMBL; CGI; OncoKB; CGI; MyCancerGenomeClinicalTrial; MyCancerGenome; TALC; CGI; CIViC; TTD; TALC,-1.55183760041735,3.13086761380745e-50,3.17254728891626e-47,Down,Kinase,TRUE,High
BIRC5,87,88,"GENISTEIN; EPOETIN ALFA; FLUOROURACIL; PTHRP-(1-34) (HUMAN); LY2181308; [ILE5]PTHRP-(1-36); PTH-(1-34) (RAT); TRETINOIN; AS101; TIP39-(7-39) (MOUSE); EPIRUBICIN; MYCOPHENOLATE; [HIS5]PTH-(1-34) (HUMAN); [ILE5,TRP23,TYR36]PTHRP-(1-36)-NH2 (HUMAN); TRASTUZUMAB; INTERLEUKIN-11; [ILE5,TRP23]PTHRP-(1-36) (HUMAN); TIP39; PTHRP-(1-21)/PTH-(22-34) (HUMAN); VORINOSTAT; [125I][NLE8,21,TYR34]PTH-(1-34)-NH2 (RAT); IAP INHIBITOR HGS1029; DEXAMETHASONE; DOXORUBICIN HYDROCHLORIDE; OMACETAXINE MEPESUCCINATE; TIP39-(7-39) (HUMAN/BOVINE); ARSENIC TRIOXIDE; IL-12; [D-TRP12,TYR34]PTH-(7-34) (BOVINE); ROFECOXIB; CAMPTOTHECIN; SEPANTRONIUM BROMIDE; STAUROSPORINE; [TRP23]PTHRP-(1-36) (HUMAN); TERIPARATIDE; CALCITONIN; VALDECOXIB; [ILE5,TRP23]PTHRP-(2-36) (HUMAN); IMATINIB; SURVAXM; ANTIOXIDANT; PROTEASOME INHIBITOR; DOCETAXEL ANHYDROUS; LONAFARNIB; ERLOTINIB; INTERFERON BETA-1A; [TRP23,TYR36]PTHRP-(1-36)-NH2 (HUMAN); [ILE5,TRP23]PTHRP-(5-36); PLICAMYCIN; RAS INHIBITOR; INDOMETHACIN; PACLITAXEL; SURVIVIN MRNA ANTAGONIST EZN-3042; PLATINUM COMPOUND; FLUTAMIDE; PTHRP-(1-36); ANTINEOPLASTIC VACCINE; MAVEROPEPIMUT-S; CISPLATIN; [ILE5,TRP23]PTHRP-(4-36) (HUMAN); RESVERATROL; [D-TRP12]PTH-(7-34) (BOVINE); PLEVITREXED; ACELLULAR DERMAL MATRIX; COMPOUND III [PMID: 24080463]; TETRADECANOYLPHORBOL ACETATE; [PHE23]PTH-(1-34) (HUMAN); UCN-01; [ILE5,TRP23]PTHRP-(3-36) (HUMAN); RECOMBINANT INTERLEUKIN-1; PRASTERONE; CYTARABINE; LAPATINIB; NONSTEROIDAL ANTIINFLAMMATORY DRUG; TRAIL; IRINOTECAN HYDROCHLORIDE; PTHRP-(7-34) (HUMAN, RAT, MOUSE); PD-98059; CARBOPLATIN; DACTINOMYCIN; SVN53-67/M57-KLH PEPTIDE VACCINE; ENZYME INHIBITOR; METHOTREXATE; [ILE5,TRP23]PTHRP-(5-36) (HUMAN); ROMIDEPSIN; SULINDAC; GM-CSF",; agonist; inhibitor; vaccine,NCI; GuideToPharmacology; TdgClinicalTrial; TALC; NCI; CIViC; TdgClinicalTrial; TALC; TTD; ClearityFoundationBiomarkers; NCI; ClearityFoundationBiomarkers; CIViC; ChEMBL; NCI; PharmGKB,-1.30622101590654,7.67642913020041e-18,1.89722477877956e-16,Down,Other,TRUE,High
FGFR2,86,87,INFIGRATINIB; ORANTINIB; ERDAFITINIB; FGFR1/2/3 INHIBITOR TYRA-200; FUTIBATINIB; FEXAGRATINIB; DERAZANTINIB; FULVESTRANT; HMPL-453; PAZOPANIB; FGFR2 INHIBITOR 3HP-2827; AZD-4547; BUPARLISIB; PONATINIB; RG-1530; TG100-801; ENMD-981693; FP-1039; LENVATINIB; GEMCITABINE; BRIVANIB; SUNITINIB; ROGARATINIB; APRUTUMAB; ENMD-2076; LUCITANIB; AEE-788; THALIDOMIDE; MEK INHIBITOR RO4987655; PD173074; CETRELIMAB; RABEPRAZOLE; LY-2874455; TRAMETINIB DIMETHYL SULFOXIDE; GUNAGRATINIB; MUPARFOSTAT; VEMURAFENIB; OLVEREMBATINIB; APRUTUMAB IXADOTIN; FGFR INHIBITOR DEBIO 1347; PEMIGATINIB; TRAFERMIN; PRN1371; ALOFANIB; LY2874455; NINTEDANIB ESYLATE; TRABECTEDIN; LEUCOVORIN CALCIUM; S-49076; BRIVANIB ALANINATE; CP-459632; ZOTATIFIN; SELUMETINIB; SEGIGRATINIB; NAVITOCLAX; LIRAFUGRATINIB; ALPELISIB; CEDIRANIB; MK-2461; MASITINIB; BEMARITUZUMAB; XL-999; ABT-737; XL999; TASURGRATINIB; TEMUTERKIB; INAVOLISIB; PHA-665752; FGFR INHIBITOR CPL304110; PALIFERMIN; REGORAFENIB; ODM-203; AKT INHIBITOR MK2206; ZOLIGRATINIB; PICTILISIB; AVUTOMETINIB; PEGINTERFERON ALFA-2A; FLUOROURACIL; DOVITINIB; OXALIPLATIN; FGF RECEPTOR ANTAGONIST HGS1036; INFIGRATINIB PHOSPHATE; VARGATEF; XL228; TINENGOTINIB; KIN-3248,inhibitor; ; antibody; binder; agonist,MyCancerGenomeClinicalTrial; MyCancerGenome; CIViC; PharmGKB; OncoKB; CancerCommons; TALC; ChEMBL; CKB-CORE; TALC; ChEMBL; CIViC; PharmGKB; OncoKB; ChEMBL; CKB-CORE; CKB-CORE; PharmGKB; ChEMBL; CKB-CORE; MyCancerGenomeClinicalTrial; MyCancerGenome; CIViC; OncoKB; TALC; CKB-CORE; TdgClinicalTrial; ChEMBL; CKB-CORE; CIViC; CKB-CORE; ChEMBL; CKB-CORE; CIViC; DoCM; PharmGKB; CKB-CORE; ChEMBL; CGI; MyCancerGenome; CIViC; DoCM; TALC; CKB-CORE; TdgClinicalTrial; TALC; TALC; CKB-CORE; PharmGKB; TALC; ChEMBL; CKB-CORE; PharmGKB; CKB-CORE; CIViC; ChEMBL; CKB-CORE; TTD; ClearityFoundationClinicalTrial; TdgClinicalTrial; TEND; TdgClinicalTrial; TTD; MyCancerGenome; TdgClinicalTrial; TTD; PharmGKB; ChEMBL; CKB-CORE; TTD; TdgClinicalTrial; ChEMBL; ClearityFoundationClinicalTrial; MyCancerGenome; TdgClinicalTrial; ChEMBL; CKB-CORE; MyCancerGenome; TALC; TEND; TTD; TdgClinicalTrial; ChEMBL; MyCancerGenomeClinicalTrial; TALC; ChEMBL; CKB-CORE; TTD; OncoKB; CKB-CORE; ClearityFoundationClinicalTrial; CGI; MyCancerGenome; CIViC; DoCM; TdgClinicalTrial; TALC; CKB-CORE; MyCancerGenome; TALC,1.54393099960427,3.18392786845056e-25,2.66087745006129e-23,Up,Kinase,TRUE,High
KIT,85,85,BINIMETINIB; BEVACIZUMAB; DOVITINIB; AMUVATINIB; AKT INHIBITOR MK2206; SP-600125; SORAFENIB; CABOZANTINIB S-MALATE; MOTESANIB; SUNITINIB; XL-999; PEXIDARTINIB; PAZOPANIB HYDROCHLORIDE; RIPRETINIB; MIDOSTAURIN; MASITINIB; NINTEDANIB ESYLATE; JNJ-7706621; TANDUTINIB; NILOTINIB; TELATINIB; SERALUTINIB; CEDIRANIB; GILTERITINIB; CYTARABINE; ADAVOSERTIB; XL820; TIVOZANIB HYDROCHLORIDE; BARASERTIB; GW843682X; PEMBROLIZUMAB; SPARTALIZUMAB; ILORASERTIB; IDRX-42; FF-10101; AMG-191; CATEQUENTINIB; OSI-930; CHEMBL:CHEMBL578061; OLVEREMBATINIB; ENMD-2076; INFIGRATINIB; XL-820; TORIPALIMAB-TPZI; CYC-116; FORETINIB; FAMITINIB; VATALANIB; PEXIDARTINIB HYDROCHLORIDE; CENISERTIB; PI3K/BET INHIBITOR LY294002; SU-014813; AZD3229; ROMIPLOSTIM; TOCERANIB PHOSPHATE; VENETOCLAX; LINIFANIB; COPANLISIB; CM-082; CRIZOTINIB; AST-487; FLUMATINIB; LETROZOLE; XL999; LENVATINIB; AVAPRITINIB; DASATINIB ANHYDROUS; BEZUCLASTINIB; ENTRECTINIB; CRENOLANIB; SNS-314; AXITINIB; TRAMETINIB DIMETHYL SULFOXIDE; RG-1530; IMATINIB; MOTESANIB DIPHOSPHATE; REGORAFENIB; MIRDAMETINIB; PONATINIB; PAZOPANIB; DERAZANTINIB; SEMAXANIB; BAY 61-3606; QUIZARTINIB; THE-630,; inhibitor,CKB-CORE; ClearityFoundationClinicalTrial; DTC; ChEMBL; CKB-CORE; TTD; MyCancerGenome; TdgClinicalTrial; TALC; ChEMBL; DTC; TEND; CGI; TTD; CIViC; DoCM; TdgClinicalTrial; PharmGKB; OncoKB; TALC; ChEMBL; CKB-CORE; MyCancerGenome; CKB-CORE; MyCancerGenome; TdgClinicalTrial; TALC; ChEMBL; TEND; CGI; MyCancerGenomeClinicalTrial; MyCancerGenome; CIViC; DoCM; TdgClinicalTrial; PharmGKB; OncoKB; TALC; ChEMBL; COSMIC; CKB-CORE; ChEMBL; TTD; MyCancerGenome; CancerCommons; ChEMBL; CKB-CORE; TTD; TTD; CIViC; ChEMBL; CKB-CORE; MyCancerGenomeClinicalTrial; MyCancerGenome; CIViC; PharmGKB; ChEMBL; FDA; CKB-CORE; MyCancerGenomeClinicalTrial; MyCancerGenome; TdgClinicalTrial; CancerCommons; ChEMBL; MyCancerGenome; DTC; ChEMBL; CGI; MyCancerGenomeClinicalTrial; CIViC; CancerCommons; COSMIC; CKB-CORE; MyCancerGenome; TALC; ChEMBL; TALC; ChEMBL; MyCancerGenome; TdgClinicalTrial; TALC; TTD; ChEMBL; TdgClinicalTrial; ChEMBL; TdgClinicalTrial; DTC; TALC; ChEMBL; MyCancerGenome; DTC; TALC; TdgClinicalTrial; TTD; CIViC; OncoKB; ChEMBL; CKB-CORE; TEND; CGI; MyCancerGenomeClinicalTrial; CIViC; DoCM; TdgClinicalTrial; CancerCommons; TALC; ChEMBL; CKB-CORE; TTD; CKB-CORE; MyCancerGenome; TdgClinicalTrial; CancerCommons; TALC; CKB-CORE; TEND; CGI; TTD; MyCancerGenomeClinicalTrial; MyCancerGenome; CIViC; DoCM; TdgClinicalTrial; PharmGKB; OncoKB; TALC; ChEMBL; FDA; COSMIC; CKB-CORE; CGI; TTD; MyCancerGenomeClinicalTrial; MyCancerGenome; CIViC; OncoKB; TALC; ChEMBL; CKB-CORE; CGI; TTD; CIViC; DTC; CKB-CORE; MyCancerGenomeClinicalTrial; MyCancerGenome; TALC; ChEMBL; DoCM; ChEMBL; CKB-CORE,1.2333515710738,1.97963809250094e-22,1.07344054828487e-20,Up,Kinase,TRUE,High
CCND1,84,84,"ACETAMINOPHEN; URACIL; LY-510929; NTZDPA; BRICICLIB; 2-CHLORO-5-NITRO-N-PHENYLBENZAMIDE; LG100754; SELADELPAR; TROGLITAZONE; ALVOCIDIB; VCE-004.3; NIFEDIPINE; ROSIGLITAZONE; FLUOROURACIL; RESVERATROL; DOXORUBICIN HYDROCHLORIDE; GW0072; RONICICLIB; LINOLEIC ACID; TZD18; TIROTUNDIN; BORTEZOMIB; REGLITAZAR; MRL20; MESALAMINE; ZAFIRLUKAST; GW7845; GW409544; LY-465608; CYTARABINE; TRIPLE MODULATOR 10 [PMID: 29878767]; LAPATINIB; AD5075; T0070907; CISPLATIN; PIOGLITAZONE HYDROCHLORIDE; FMOC-L-LEUCINE; ARSENIC TRIOXIDE; DICLOFENAC SODIUM; PROTEIN SYNTHESIS INHIBITOR; SB-219993; CHEMOPREVENTIVE AGENT; PAT5A; L-796449; SELICICLIB; TAGITININ A; ALPHA-TOCOPHEROL; MRL24; NETOGLITAZONE; BARDOXOLONE METHYL; GOSSYPOL; ELAFIBRANOR; SB-219994; ORAL CONTRACEPTIVE; MDG 548; COMPOUND 10 [O'MAHONY ET AL., 2022]; MPA; NAVITOCLAX; (R)-16 [PMID: 32267688]; METHOTREXATE; INDOMETHACIN; CIGLITAZONE; [125I]SB-236636; L-764406; GW1929; PALBOCICLIB; RIBOCICLIB; ABEMACICLIB; GW9578; BADGE; L-783483; EDAGLITAZONE; MK-0767; 15-DEOXY-&DELTA;-12,14-PROSTAGLANDIN J2; BEXAROTENE; L-165461; TAMOXIFEN; RAGAGLITAZAR; MITOGEN-ACTIVATED PROTEIN KINASE INHIBITOR; FARGLITAZAR; CHIGLITAZAR; AD-5061; BARDOXOLONE; LANIFIBRANOR",; agonist; inhibitor; inhibitor; agonist,NCI; GuideToPharmacology; TTD; ChEMBL; NCI; GuideToPharmacology; DTC; PharmGKB; ClearityFoundationBiomarkers; CIViC; TdgClinicalTrial; TTD; CGI; ClearityFoundationBiomarkers; DTC; ChEMBL; CIViC; ClearityFoundationBiomarkers; NCI; CIViC,-1.03186819436792,2.19568226352487e-21,9.94374204986836e-20,Down,Other,TRUE,High
BCL2,82,82,OXALIPLATIN; POLATUZUMAB VEDOTIN; METHYLPREDNISOLONE; TESETAXEL; MILATAXEL; NAVITOCLAX; PACLITAXEL; OBATOCLAX; EPIDERMAL GROWTH FACTOR RECEPTOR TYROSINE KINASE INHIBITOR; RECOMBINANT TRANSFORMING GROWTH FACTOR-BETA 1; RECOMBINANT INTERFERON; DOLASTATIN 10; OBLIMERSEN; FLOXURIDINE; VENETOCLAX; ANTI-CD19 CAR T CELLS AT101; HYPERBARIC OXYGEN; EPIRUBICIN; PREGNANT MARE SERUM GONADOTROPIN; ETOPOSIDE; BORTEZOMIB; CARBOPLATIN; DITIOCARB; ANG1005; ERYTHROMYCIN; AI-850; ORTATAXEL; AMINOLEVULINIC ACID; HEME; PROTUBOXEPIN A; RIBAVIRIN; ALPHA-TOCOPHEROL; PENTOXIFYLLINE; HYDROQUINONE; C5A; CILENGITIDE; ORAL CONTRACEPTIVE; TENIPOSIDE; DIETHYLSTILBESTROL; SAPONIN; SR9011; MASOPROCOL; CISPLATIN; BEAUVERICIN; TRETINOIN; MUC-1 ANTIGEN; HYPOXANTHINE; NONSTEROIDAL ANTIINFLAMMATORY DRUG; MICELLAR PACLITAXEL; PROTEASE INHIBITOR; GAMMA-INTERFERON; SELENIUM; MITOXANTRONE; APRINOCARSEN; APG-2575; ESTRAMUSTINE; DOCETAXEL ANHYDROUS; MULTIDRUG RESISTANCE MODULATOR; PELCITOCLAX; ISOTRETINOIN; LYSOZYME; EDARAVONE; SR8278; FOSBRETABULIN DISODIUM; GSK4112; VALPROIC ACID; TRAIL; VINCRISTINE; CAELYX; FAS LIGAND; OBATOCLAX MESYLATE; RECOMBINANT INTERLEUKIN; GOSSYPOL; RALTITREXED; STREPTOZOCIN; SR9009; 4-PHENYLBUTYRIC ACID; TAZAROTENE; BCL-2 INHIBITOR BCL201; ENDOTHELIN RECEPTOR ANTAGONIST; URSODIOL; DOXORUBICIN HYDROCHLORIDE,; inhibitor; agonist,NCI; ClearityFoundationBiomarkers; PharmGKB; NCI; TdgClinicalTrial; TTD; DTC; TALC; ChEMBL; ClearityFoundationClinicalTrial; TEND; TTD; TdgClinicalTrial; TTD; TdgClinicalTrial; TALC; NCI; PharmGKB; CGI; TTD; CIViC; ChEMBL; TdgClinicalTrial; TALC; CGI; ClearityFoundationBiomarkers; TTD; GuideToPharmacology; DTC; ChEMBL,1.17176316272726,2.77474584308695e-16,5.30506537193028e-15,Up,Apoptosis Regulator,TRUE,High
CXCL8,82,82,"VITAMIN A; FENTANYL CITRATE; ALPRAZOLAM; FENRETINIDE; RIBAVIRIN; RECOMBINANT INTERLEUKIN-1; CIDOFOVIR ANHYDROUS; DIPYRIDAMOLE; TROGLITAZONE; LANSOPRAZOLE; IONOMYCIN; E319; CEFTRIAXONE; CHLORDANE; FOSCARNET; ADAKITUG; DANAZOL; D-ALPHA-TOCOPHEROL ACETATE; DICYCLOHEXYLCARBODIIMIDE; RO 31-8220; BEVACIZUMAB; BROXURIDINE; TRETINOIN; ALL-TRANS-RETINAL; METHIMAZOLE; DEOXYSPERGUALIN; PAZOPANIB; OMEPRAZOLE; ALPHA-TOCOPHEROL ACETATE; MEDROXYPROGESTERONE ACETATE; ASPIRIN; TETRADECANOYLPHORBOL ACETATE; PENTOXIFYLLINE; PYROGALLOL; KLEBSIELLA PNEUMONIAE GLYCOPROTEIN; ABX-IL8; FLUOROURACIL; BIOFLAVONOID; LEFLUNOMIDE; QUESTIOMYCIN B; IBUPROFEN, SODIUM SALT; NAPROXEN SODIUM; PAMIDRONATE; METHYLENE BLUE ANHYDROUS; BINETRAKIN; COLCHICINE; DACARBAZINE; MANNOSE-BINDING LECTIN; SUNITINIB; DINITRO CRESOL; HISTONE DEACETYLASE INHIBITOR; CLARITHROMYCIN; ALDRIN; 13-CIS-RETINAL; ACETAMINOPHEN; MDX-018; RECOMBINANT INTERFERON ALFA; PACLITAXEL; HARMINE HYDROCHLORIDE; CANERTINIB DIHYDROCHLORIDE; ALUMINUM HYDROXIDE; TERFENADINE; DICHLORVOS; VERAPAMIL; TALC; GP-120 ANTIGEN; YANGONIN; ACE INHIBITOR; MIDAZOLAM HYDROCHLORIDE; CHEMBL:CHEMBL1902074; ANTIDEPRESSANT AGENT; CYCLOPHOSPHAMIDE ANHYDROUS; RECOMBINANT LYMPHOTOXIN BETA; RECOMBINANT CYTOKINE; ENDOSULFAN; PROTECTIVE AGENT; CORONOPILIN; HEPTACHLOR; EMODIN; RANIBIZUMAB; CETUXIMAB; HYDROQUINONE",; inhibitor,DTC; NCI; ChEMBL; PharmGKB; TTD; ChEMBL; TTD; NCI; DTC,-3.55030961669138,8.32331379133503e-33,1.49939873887683e-30,Down,Other,TRUE,High
GRIN2B,76,78,"DIMIRACETAM; KETAMINE HYDROCHLORIDE; PERZINFOTEL; [3H]CGP39653; PHENCYCLIDINE; DEXANABINOL; RAPASTINEL; DELUCEMINE; AMANTADINE HYDROCHLORIDE; RISLENEMDAZ; ORPHENADRINE CITRATE; ELIPRODIL; INDANTADOL; SEVOFLURANE; SAGE-718; L689560; ONFASPRODIL; HOMOQUINOLINIC ACID; NEBOGLAMINE; DIZOCILPINE; LY233053; GLYCINE; ESKETAMINE; [3H]CGP61594; ORPHENADRINE HYDROCHLORIDE; [3H]MDL105519; RADIPRODIL; NBQX; SEMAPIMOD; SELFOTEL; SERINE, D-; COMPOUND 18C [PMID: 25901531]; AZD8108; [3H]L689560; TRAXOPRODIL; HALOPERIDOL DECANOATE; N1-DANSYL-SPERMINE; [3H]D-ASPARTIC ACID; NERAMEXANE; NVP-AAM077; MG2+; CNS-5161; CLOZAPINE; GW468816; [3H]CPP; EVT-101; ESKETAMINE HYDROCHLORIDE; (+)-HA966; LATREPIRDINE; NERAMEXANE MESYLATE; RISPERIDONE; APIMOSTINEL; S-DESCHLOROKETAMINE; UBP141; AV-101; QUETIAPINE FUMARATE; CONANTOKIN-G; L701324; ASPARTIC ACID; GV196771A; MEMANTINE HYDROCHLORIDE; D-CCPENE; NMDA; (RS)-(TETRAZOL-5-YL)GLYCINE; VALPROIC ACID; LANICEMINE; CGP37849; 5,7-DICHLOROKYNURENIC ACID; ACAMPROSATE CALCIUM; GRP94 INHIBITOR 54; FELBAMATE; D-AP5; [3H]DIZOCILPINE; [3H]CGS19755; METHYLPHENIDATE HYDROCHLORIDE; RALFINAMIDE",; blocker; negative modulator; inhibitor; blocker; agonist; blocker; inhibitor; modulator; positive modulator; negative modulator,TdgClinicalTrial; ChEMBL; GuideToPharmacology; ChEMBL; GuideToPharmacology; TTD; ChEMBL; TTD; PharmGKB; TdgClinicalTrial; ChEMBL; TEND; TdgClinicalTrial; ChEMBL,-2.09860506291153,3.09712599607825e-10,2.15232335081083e-09,Down,Other,TRUE,High
MYC,70,70,UBENIMEX; DIETHYLSTILBESTROL; METHYLPREDNISOLONE; PERILLYL ALCOHOL; RONICICLIB; OLAPARIB; DINACICLIB; BRYOSTATIN 1; TETRADECANOYLPHORBOL ACETATE; LIF; AMINOPTERIN; LOBAPLATIN; PREXASERTIB; CISPLATIN; AN-9; POLATUZUMAB VEDOTIN; PREGNANT MARE SERUM GONADOTROPIN; MELATONIN; PROTEASOME INHIBITOR; VORINOSTAT; BROMOCRIPTINE; HYPOXANTHINE; ESTRONE; HISTONE DEACETYLASE INHIBITOR; NOVOBIOCIN; SULINDAC; RECOMBINANT INTERFERON; AMG-900; GLUTAMINE; MILODISTIM; BIZELESIN; TRAIL; PROTOPORPHYRIN; AFIMOXIFENE; IBRUTINIB; RECOMBINANT INTERFERON ALFA; VERAPAMIL; THYROTROPIN; RECOMBINANT INTERLEUKIN-1; THROMBIN; TEMOZOLOMIDE; INDOMETHACIN; WARFARIN; AMIFOSTINE ANHYDROUS; LITHIUM; DRUGSATFDA.NDA:008378; PD-98059; COBALT CO-60; RECOMBINANT MACROPHAGE COLONY-STIMULATING FACTOR; ORNITHINE DECARBOXYLASE INHIBITOR; SOMATROPIN (RECOMBINANT DNA ORIGIN); PREDNISONE; ELSAMITRUCIN; ACIVICIN; AZACITIDINE; FOLIC ACID; ANTIBIOTIC; TROGLITAZONE; IL-5; PHOSPHORODIAMIDATE MORPHOLINO OLIGOMER AVI-4126; THIOGUANINE; METHYLNITROSOUREA; IMATINIB; MITOGUAZONE; ADOZELESIN; GANETESPIB; QUINAPRIL; ALISERTIB; IL-9; CALCITRIOL,"",NCI; ClearityFoundationBiomarkers; CIViC; PharmGKB; CGI; TdgClinicalTrial,-1.60867034075625,3.3025858888354e-18,8.62235507499008e-17,Down,Other,TRUE,High
RACGAP1,70,70,"CHEMBL:CHEMBL86464; COUMESTROL; CHEMBL:CHEMBL1534034; AMINODIMETHOXYQUINAZOLINYLPIPERAZINE; DAIDZEIN; THUNBERGINOL A; CHEMBL:CHEMBL103583; PINORESINOL; CHEMBL:CHEMBL429095; 3-O-METHYLQUERCETIN; BENZIDINE; HARMOL; EPICATECHIN; PHENOTHIAZINE; CHEMBL:CHEMBL581044; TOLONIUM CHLORIDE; CHEMBL:CHEMBL1701915; VU0001171; CHEMBL:CHEMBL525103; 4-METHYLDAPHNETIN; HYDROXYSTILBAMIDINE ISETHIONATE; PROCHLORPERAZINE; ISOORIENTIN; CETYLPYRIDINIUM BROMIDE; CHEMBL:CHEMBL1173140; EQUILIN; PHENIDONE; IMINOSTILBENE; CHEMBL:CHEMBL398363; CHEMBL:CHEMBL1448793; CHEMBL:CHEMBL590675; EUFLAVINE; CHEMBL:CHEMBL515505; 6-HYDROXYMELATONIN; CHEMBL:CHEMBL596633; KAEMPHEROL; CHEMBL:CHEMBL1504679; CHEMBL:CHEMBL526776; MITOXANTRONE HYDROCHLORIDE; CHEMBL:CHEMBL498513; THUNBERGINOL B; CHEMBL:CHEMBL95704; CHEMBL:CHEMBL328540; ORTHOTOLIDINE; CHEMBL:CHEMBL493863; CHEMBL:CHEMBL375673; SULFURETIN; CHEMBL:CHEMBL582503; CHEMBL:CHEMBL463783; CHEMBL:CHEMBL2002487; MITOXANTRONE; RALOXIFENE HYDROCHLORIDE; PARAROSANILINE; FAGARONINE; NANAOMYCIN; DECYNIUM 22; 7-HYDROXYCHLORPROMAZINE; XAMOTEROL FUMARATE; CHEMBL:CHEMBL1310138; CHEMBL:CHEMBL1173141; CHEMBL:CHEMBL1523215; CHEMBL:CHEMBL19954; CHEMBL:CHEMBL535307; CHEMBL:CHEMBL68096; CHEMBL:CHEMBL122355; METHACYCLINE HYDROCHLORIDE; MORACIN M; CHEMBL:CHEMBL584458; CHEMBL:CHEMBL1346025; 4,4'-THIODIANILINE","",DTC,-1.03928827204139,8.35635148585946e-26,7.32332576433726e-24,Down,Other,TRUE,High
NR1H4,69,69,CHENODEOXYCHOLIC ACID; MELPHALAN; SAQUINAVIR MESYLATE; CHEMBL:CHEMBL269105; TO-901317; METHYLENE BLUE; GANODERIC ACID TR; GANODERMANONTRIOL; 7-O-METHYLCRYPTOCHINONE A; OBETICHOLIC ACID; FLUOXASTROBIN; TUBERATOLIDE A; TRIBUTYLCHLOROSTANNANE; HOMIDIUM BROMIDE; TUBERATOLIDE B; (R)-SARGACHROMENOL; IMIPRAMINE HYDROCHLORIDE; KETOCONAZOLE; TROPIFEXOR; DIFENOCONAZOLE; THEONELLASTEROL E; CILOFEXOR; ERGOSTEROL PEROXIDE; ZEARALENONE; THEONELLASTEROL G; CHEMBL:CHEMBL476302; CONICASTEROL D; THEONELLASTEROL F; HYDRAMETHYLNON; THEONELLASTEROL B; CHEMBL:CHEMBL297304; APOMINE; LITHOCHOLIC ACID; CRYPTOCHINONE A; PX-102; NIMODIPINE; SUVANINE'S SODIUM SALT; 2'-EPI-TUBERATOLIDE B; CHEMBL:CHEMBL184450; THIMEROSAL; FLUAZINAM; GANODERIOL F; DOXORUBICIN HYDROCHLORIDE; PHENAZOPYRIDINE HYDROCHLORIDE; LUCIDUMOL A; GENISTEIN; THEONELLASTEROL C; APIGENIN; DICHLOROPHEN; CRYPTOCHINONE B; PENTABROMOPHENOL; BENZO(K)FLUORANTHENE; RALOXIFENE HYDROCHLORIDE; OCHRATOXIN A; FLUSILAZOLE; PHENOLPHTHALEIN; GUGGULSTERONE; PENTACHLOROPHENOL; TERN-101; TUROFEXORATE ISOPROPYL; CLIOQUINOL; CONICASTEROL B; (S)-SARGACHROMENOL; URSODIOL; DIETHYLSTILBESTROL; YEZOQUINOLIDE; 7-O-METHYLCRYPTOCHINONE B; CONICASTEROL E; NIDUFEXOR,agonist; ,TTD; DTC; ChEMBL; DTC; TTD; TdgClinicalTrial; DTC; ChEMBL; TTD; ChEMBL; ChEMBL; TTD,2.47059565312021,2.64148841768426e-15,4.29122762684517e-14,Up,Receptor,TRUE,High
ANPEP,68,68,"PROTEASE INHIBITOR; HALOPERIDOL DECANOATE; LY379268; BTB07018; COMPOUND 2 [PMID: 21105727]; CBIPES; MNI-135; COMPOUND 4 [PMID: 21105727]; COMPOUND 48 [PMID: 22364337]; ANGIOGENESIS INHIBITOR; TRIBUTYRIN; BETULINIC ACID; [3H]2,2,2-TEMPS; JNJ-46281222; THIIC; NALOXONE HYDROCHLORIDE; COLCHICINE; (2R,3R)-APDC; CURCUMIN; TOSEDOSTAT; CNGRC PEPTIDE-TNF ALPHA CONJUGATE; DICLOFENAC SODIUM; COMPOUND I3 [PMID: 23428964]; L-CCG-I; JFD00064; MNI-136; LY395756; BIPHENYLINDANONE A; [3H]LY341495; EPOETIN ALFA; MNI-137; ZINC CHLORIDE; 4-APPES; DCG-IV; COMPOUND 34 [PMID: 20409708]; PTBE; OPIORPHIN; RO4491533; GENTAMICIN; CEPHALOSPORIN ANTIBIOTIC; GLUTAMIC ACID; IL-13; [3H]JNJ-40068782; (+)-MCPG; JNJ-40411813; JNJ-40068782; CEFADROXIL ANHYDROUS; MITOFLAXONE; CISPLATIN; LY341495; 3-MPPTS; CYCLOSPORINE; JNJ-42153605; (1S,3R)-ACPD; AZD8529; EGLUMEGAD; 4-MPPTS; ZINC SULFATE ANHYDROUS; UBENIMEX; THERAPEUTIC HORMONE; GSK1331258; RECOMBINANT TRANSFORMING GROWTH FACTOR; PL37; COMPOUND 3 [PMID: 21105727]; GSK1331268; GAMMA-INTERFERON; COMPOUND 1A [PMID: 25692029]; CYPPTS",; agonist; inhibitor; modulator,NCI; GuideToPharmacology; TALC; ChEMBL; TALC; TdgClinicalTrial,2.9216948133184,9.22852355663184e-24,6.28664085813748e-22,Up,Other,TRUE,High
GRIN2A,68,69,"ORPHENADRINE CITRATE; PHILANTHOTOXIN 343; AZD8108; RALFINAMIDE; CONANTOKIN-G; NVP-AAM077; GW468816; APIMOSTINEL; SELFOTEL; MEMANTINE HYDROCHLORIDE; FELBAMATE; NEBOGLAMINE; ZOLBETUXIMAB; GV196771A; [3H]CGP61594; [3H]DIZOCILPINE; (RS)-(TETRAZOL-5-YL)GLYCINE; L689560; PERZINFOTEL; AV-101; GLYCINE; KETAMINE HYDROCHLORIDE; MG2+; NERAMEXANE; D-AP5; NBQX; L701324; LANICEMINE; NERAMEXANE MESYLATE; CGP37849; ESKETAMINE; INDANTADOL; D-CCPENE; DEXANABINOL; [3H]D-ASPARTIC ACID; TCN-201; LY233053; SAGE-718; (+)-HA966; NMDA; CNS-5161; AMANTADINE HYDROCHLORIDE; DIMIRACETAM; NYX-2925; 5,7-DICHLOROKYNURENIC ACID; DELUCEMINE; ASPARTIC ACID; DEXTROMETHORPHAN HYDROBROMIDE; [3H]MDL105519; DEXTROMETHORPHAN POLISTIREX; [3H]CGS19755; [3H]L689560; UBP141; ACAMPROSATE CALCIUM; ORPHENADRINE HYDROCHLORIDE; ZWB67; PHENCYCLIDINE; DIZOCILPINE; ESKETAMINE HYDROCHLORIDE; LATREPIRDINE; [3H]CGP39653; N1-DANSYL-SPERMINE; RAPASTINEL; HOMOQUINOLINIC ACID; SERINE, D-; HALOPERIDOL DECANOATE; PLAZINEMDOR; [3H]CPP",inhibitor; ; agonist; negative modulator; positive modulator; antibody; blocker; blocker; negative modulator; modulator; blocker; inhibitor,ChEMBL; DTC; GuideToPharmacology; TEND; TdgClinicalTrial; DTC; ChEMBL; TEND; TdgClinicalTrial; ChEMBL; TTD; GuideToPharmacology; DTC; ChEMBL; GuideToPharmacology; TdgClinicalTrial; TTD; TdgClinicalTrial; ChEMBL; ChEMBL; GuideToPharmacology; DTC; GuideToPharmacology; PharmGKB,2.48280288010058,2.52657326187692e-36,6.50211623727151e-34,Up,Other,TRUE,High
CYP2B6,64,64,"IMATINIB; SELEGILINE; OSPEMIFENE; LEVAMISOLE; BUSULFAN; FENTANYL CITRATE; MITOTANE; CHEMBL:CHEMBL530733; ARTEMETHER; TENOFOVIR; ARTEMOTIL; TAMOXIFEN; ETHINYL ESTRADIOL; AMPHOTERICIN B LIPOSOMAL; PHENOBARBITAL; DESIPRAMINE; POLY IC; CYCLOPHOSPHAMIDE ANHYDROUS; CLOPIDOGREL; O6-BENZYLGUANINE; IFOSFAMIDE; RITONAVIR; RIFAMPIN; HYDROMORPHONE HYDROCHLORIDE; EFAVIRENZ; ISONIAZID; ESMETHADONE; GENISTEIN; OXYMORPHONE; TYROSINE KINASE INHIBITOR; BUTYLATED HYDROXYTOLUENE; ARTEMISININ; OXYCODONE; COTININE; SORAFENIB; MEPERIDINE HYDROCHLORIDE; PRASUGREL; ETHAMBUTOL HYDROCHLORIDE; VORICONAZOLE; COLCHICINE; TESTOSTERONE; PYRAZINAMIDE; 3,4-METHYLENEDIOXYMETHAMPHETAMINE; RECOMBINANT HEPATOCYTE GROWTH FACTOR; LEVONORGESTREL; DOXEPIN HYDROCHLORIDE; PAREGORIC; HYDROCODONE; THIOTEPA; CARBAMAZEPINE; NEVIRAPINE; BICALUTAMIDE; CLOMIPRAMINE; METHADONE HYDROCHLORIDE; AFLATOXIN B1; MEPHENYTOIN; MIDAZOLAM HYDROCHLORIDE; TICLOPIDINE; EMTRICITABINE/TENOFOVIR/EFAVIRENZ; TROFOSFAMIDE; TRIMIPRAMINE; SIBUTRAMINE; MONOAMINE OXIDASE INHIBITOR; METHOTREXATE",; inhibitor,PharmGKB; PharmGKB; FDA; NCI; DTC; NCI; PharmGKB; NCI; FDA; FDA; PharmGKB; GuideToPharmacology; GuideToPharmacology,-1.01641351983017,4.92274636851648e-05,0.000139678835969124,Down,Other,TRUE,High
CDK4,62,64,RIBOCICLIB; R547; PALBOCICLIB; RECOMBINANT TRANSFORMING GROWTH FACTOR; ATIRMOCICLIB; VORUCICLIB; SOMATROPIN (RECOMBINANT DNA ORIGIN); TANESPIMYCIN; SU9516; BSJ-03-123; CP-10; RO-0505124; ALVOCIDIB; MKC-1; RIVICICLIB; NARAZACICLIB; MILCICLIB; ABEMACICLIB; CDK4 INHIBITOR III; BSJ-04-132; CDK1/2/4 INHIBITOR AG-024322; RONICICLIB; CGP74514A; TRILACICLIB; PHA-793887; FASCAPLYSIN; INIXACICLIB; AT-7519; CDK4 INHIBITOR; AZD5438; TANUXICICLIB; CDK2 INHIBITOR IV; EBVACICLIB; BSJ-03-204; ULECACICLIB; PURVALANOL A; CDK4 INHIBITOR II; CIMPUCICLIB; CDK INHIBITOR 4.35; ANTINEOPLASTIC AGENT; PURVALANOL B; CHEMBL:CHEMBL1956069; UCN-01; TRILACICLIB DIHYDROCHLORIDE; CAMPTOTHECIN; AG-24322; TIBREMCICLIB; NICOTINE POLACRILEX; APREMILAST; RGB-286638; ASCORBIC ACID; DEXAMETHASONE; DALPICICLIB; LEROCICLIB; PHA-767491; ALPELISIB; RIBOCICLIB SUCCINATE; BMS-387032; CLONIDINE HYDROCHLORIDE; PROGESTIN; CROZBACICLIB; COMPOUND 9B [PMID: 18986805],inhibitor; ,CGI; TTD; MyCancerGenome; CIViC; TdgClinicalTrial; ClearityFoundationBiomarkers; ChEMBL; GuideToPharmacology; ChEMBL; GuideToPharmacology; ClearityFoundationClinicalTrial; CGI; MyCancerGenomeClinicalTrial; MyCancerGenome; CIViC; ClearityFoundationBiomarkers; OncoKB; CancerCommons; DTC; ChEMBL; GuideToPharmacology; NCI; GuideToPharmacology; TTD; ChEMBL; GuideToPharmacology; PharmGKB; DTC; GuideToPharmacology; MyCancerGenome; TdgClinicalTrial; DTC; ChEMBL; GuideToPharmacology; TTD; ClearityFoundationClinicalTrial; TTD; ClearityFoundationBiomarkers; OncoKB; CancerCommons; ChEMBL; GuideToPharmacology; TTD; ClearityFoundationBiomarkers; CancerCommons; ChEMBL; TTD; ChEMBL; ChEMBL; DTC; TTD; GuideToPharmacology; CIViC,-1.04496440011809,6.44422969131433e-18,1.61984955015937e-16,Down,Kinase,TRUE,High
AURKA,57,58,VIC 1911; CENISERTIB; BI-847325; GSK-269962A; XL228; BETA-CARBOLINE; AMG-900; PF-03814735; ALISERTIB; ENMD-981693; PLATINUM COMPOUND; ANACARDIC ACID; GO-6976; CYC-116; CYC116; PAZOPANIB; SNS-314; CHEMBL:CHEMBL546797; AT9283; DANUSERTIB; NVP-TAE684; DIMETHYLADENINE; ALISERTIB SODIUM; TAMOXIFEN; NERVIANO; TOZASERTIB; PF-562271; MLN8054; KENPAULLONE; TOZASERTIB LACTATE; CHEMBL:CHEMBL578061; MLN-8054; JNJ-7706621; ENTRECTINIB; CP-547632; TAMATINIB; HESPERADIN; ILORASERTIB; RG-1530; AURORA A KINASE INHIBITOR MK5108; KW-2449; GW441756X; ZM447439; MK-5108; MK-6592; PACLITAXEL; BARASERTIB-HQPA; AURORA KINASE INHIBITOR AMG 900; TTP-607; AST-487; BARASERTIB; FLUOROURACIL; AT-9283; SORAFENIB; CISPLATIN; ENMD-2076; EUPATORIN,inhibitor; ,TTD; ChEMBL; TTD; MyCancerGenome; TdgClinicalTrial; DTC; TALC; ChEMBL; MyCancerGenome; DTC; TdgClinicalTrial; TALC; ClearityFoundationClinicalTrial; MyCancerGenome; TALC; MyCancerGenome; TALC; ChEMBL; TTD; MyCancerGenomeClinicalTrial; MyCancerGenome; CIViC; TdgClinicalTrial; CancerCommons; DTC; TALC; ChEMBL; ChEMBL; CIViC; DTC; ChEMBL; TTD; TdgClinicalTrial; TALC; TTD; MyCancerGenome; TdgClinicalTrial; DTC; ChEMBL; TTD; MyCancerGenome; TdgClinicalTrial; TALC; TTD; MyCancerGenome; ChEMBL; ClearityFoundationClinicalTrial; TdgClinicalTrial; DTC; TALC; ChEMBL; TTD; TTD; DTC; ChEMBL; MyCancerGenome; TALC; ClearityFoundationClinicalTrial; TTD; MyCancerGenome; TdgClinicalTrial; ChEMBL,-1.34624820434769,7.63726764532072e-29,9.98572744625684e-27,Down,Other,TRUE,High
FCGR3A,54,54,AFM-13; TRASTUZUMAB; TOMIVOSERTIB; PUROMYCIN; MAFOSFAMIDE; PICIBANIL; RECOMBINANT INTERLEUKIN-8; RECOMBINANT FLT3 LIGAND; PREDNISOLONE; FAS LIGAND; MATRIX METALLOPROTEINASE INHIBITOR; GELDANAMYCIN; PROTEASE INHIBITOR; DOXORUBICIN HYDROCHLORIDE; IMGATUZUMAB; TETRADECANOYLPHORBOL ACETATE; RECOMBINANT HUMAN STEM CELL FACTOR; EPOETIN ALFA; CA19-9 ANTIGEN; CETUXIMAB; IL-18; LACTULOSE; DIMETHYL SULFOXIDE; UBENIMEX; POLY IC; ANTI-THYMOCYTE GLOBULIN; HEPARIN; BAY-985; IMMUNOSUPPRESSANT; THALIDOMIDE; SODIUM CHLORIDE; PENICILLIN; VINCRISTINE; CIMETIDINE; LIF; IMMUNOTHERAPEUTIC AGENT; H2O2; COMPOUND 7 [PMID: 34333981]; ANGIOGENESIS INHIBITOR; CYTARABINE; CYCLOSPORINE; RECOMBINANT EOTAXIN; GMA-161; TOCILIZUMAB; INDOMETHACIN; TESMILIFENE; MUROMONAB-CD3; MARGETUXIMAB; AT-9283; RITUXIMAB; CHONDROITIN SULFATES; ALDESLEUKIN; FENTANYL CITRATE; CYCLOPHOSPHAMIDE ANHYDROUS,; inhibitor; modulator,TTD; NCI; PharmGKB; GuideToPharmacology; NCI; ChEMBL; PharmGKB,-1.48729819145842,2.29479779382232e-09,1.36184321490634e-08,Down,Other,TRUE,High
IL1B,51,51,ASPIRIN; MAFOSFAMIDE; DIACETYLRHEIN; INFLIXIMAB; LANSOPRAZOLE; TILUDRONIC ACID; GEVOKIZUMAB; LUTIKIZUMAB; CELASTROL; CYTARABINE; RILONACEPT; TT-301; METFORMIN; ANTICONVULSANT AGENT; ANTIDEPRESSANT AGENT; ACITRETIN; ERYTHROMYCIN; ALTEPLASE; OFLOXACIN; PENTOXIFYLLINE; USTEKINUMAB; LITHIUM; RALOXIFENE HYDROCHLORIDE; MITOGEN-ACTIVATED PROTEIN KINASE INHIBITOR; DRUGSATFDA.NDA:008378; NICARDIPINE; GLUCOSAMINE; BECLOMETHASONE DIPROPIONATE; PAREGORIC; CEFACLOR ANHYDROUS; IBUDILAST; MELATONIN; PENTAMIDINE; PRAVASTATIN SODIUM; VERAPAMIL; THYROGLOBULIN; RISEDRONIC ACID; AUTOANTIGEN; CDP-484; ETIDRONIC ACID; CHINESE HERBS; CANAKINUMAB; RESVERATROL; NIMUSTINE; FLUTICASONE; GALLIUM NITRATE; HYDROQUINONE; POLYVALENT VACCINE; CLODRONIC ACID; ECHINACEA PREPARATION; HYDROCORTISONE BUTYRATE,; negative modulator; inhibitor; inhibitor; immunotherapy,PharmGKB; NCI; TTD; TdgClinicalTrial; TTD; TdgClinicalTrial; ChEMBL; TTD; ChEMBL; TTD; ChEMBL; TEND; TTD; MyCancerGenome; TdgClinicalTrial; ChEMBL,-1.83398072143188,1.35386376354719e-18,3.82407547010289e-17,Down,Growth Factor/Cytokine,TRUE,High
CDK1,50,50,SELICICLIB; DINACICLIB; CENISERTIB; RIVICICLIB; SP-600125; GW441756X; RONICICLIB; RGB-286638; CLOFIBRATE; BMS-345541; CINNARIZINE; RG-1530; AZD-1080; (RS)-ROSCOVITINE; RUCAPARIB; ZOTIRACICLIB; PHA-767491; NVP-TAE684; MKC-1; INDIRUBIN-3'-MONOXIME; PROTUBOXEPIN A; R547; FENOFIBRATE MICRONIZED; GO-6976; CLOTRIMAZOLE; TAMATINIB; AZD5438; AT-7519; SOTRASTAURIN; CDK1/2/4 INHIBITOR AG-024322; ALVOCIDIB; CHEMBL:CHEMBL578061; ALSTERPAULLONE; SNS-314; LADUVIGLUSIB; BAY 61-3606; LAUROGUADINE; PF-562271; SERTRALINE HYDROCHLORIDE; KENPAULLONE; ROTENONE; CYC-116; PHA-793887; LY-2090314; WITHAFERIN A; ARUNCIN B; MILCICLIB; AG-24322; BAY 11-7082; PATULIN,inhibitor; ,TTD; ChEMBL; ClearityFoundationClinicalTrial; MyCancerGenomeClinicalTrial; MyCancerGenome; CancerCommons; ChEMBL; DTC; TTD; CancerCommons; ChEMBL; ChEMBL; TTD; DTC; ChEMBL; MyCancerGenome; TdgClinicalTrial; ChEMBL,-1.34459284448568,1.75459311357864e-06,6.46380780514668e-06,Down,Kinase,TRUE,High
NTRK2,49,49,CYCLOSPORINE; CLOZAPINE; DIETHYLDITHIOCARBAMATE; CENEGERMIN; LINIFANIB; DORAMAPIMOD; AZD-6918; ENTRECTINIB; TAMATINIB; PD-0166285; SORAFENIB; LITHIUM; REPOTRECTINIB; CRIZOTINIB; DOXORUBICIN HYDROCHLORIDE; UTATRECTINIB; GW-2580; CHEMBL:CHEMBL546797; CORTICOTROPIN; CISPLATIN; ZM447439; PLX-7486; METHADONE HYDROCHLORIDE; AST-487; SB202190; BMS-754807; PILOCARPINE HYDROCHLORIDE; HESPERADIN; LESTAURTINIB; TALETRECTINIB; CEP-2563 DIHYDROCHLORIDE; GAMBOGIC AMIDE; LAUROGUADINE; PF-562271; CENISERTIB; JNJ-7706621; ALTIRATINIB; ALISERTIB; TOZASERTIB; DOVITINIB; RG-1530; SP-600125; MK-2461; LAROTRECTINIB SULFATE; GW441756X; LAROTRECTINIB; ILORASERTIB; SELITRECTINIB; SNS-314,; agonist; inhibitor,NCI; PharmGKB; ChEMBL; DTC; TTD; CIViC; PharmGKB; OncoKB; DTC; ChEMBL; CIViC; TdgClinicalTrial; ChEMBL; TTD; TTD; CIViC; PharmGKB; OncoKB; ChEMBL,1.64802077988505,1.365871597723e-08,7.07730144259603e-08,Up,Kinase,TRUE,High
ABCC2,48,48,DICLOFENAC SODIUM; A1P; EFAVIRENZ; LACOSAMIDE; CEFOXITIN SODIUM; SULFINPYRAZONE; ALKYLSULFONATE COMPOUND; CEFAMANDOLE; DEFERASIROX; OXALIPLATIN; FLUOROURACIL; LEUCOVORIN CALCIUM; SORAFENIB; 2(S)-AMINO-6-BORONOHEXANOIC ACID; CEFTRIAXONE; CYCLOSPORINE; DELAVIRDINE; COMPOUND 9 [PMID: 23472952]; MK-571; CEFACLOR ANHYDROUS; NEVIRAPINE; PACLITAXEL; CEPHRADINE; RASAGILINE; LAMIVUDINE; SN-38; CYCLOPHOSPHAMIDE ANHYDROUS; TENOFOVIR; ATAZANAVIR; LUMEFANTRINE; BENZBROMARONE; CEPHALEXIN ANHYDROUS; CEFUROXIME AXETIL; PEMETREXED DISODIUM; CEFADROXIL ANHYDROUS; VORICONAZOLE; SIMVASTATIN; CEFOPERAZONE; ROSUVASTATIN; TRABECTEDIN; CEFMETAZOLE; OFTASCEINE; EPIRUBICIN; ERYTHROMYCIN; ABACAVIR; RITONAVIR; RIMONABANT; EMTRICITABINE,; inhibitor,PharmGKB; GuideToPharmacology; PharmGKB; DTC; DTC; TEND; TdgClinicalTrial; NCI,-1.3940778349079,3.55833612520521e-06,1.24684036304197e-05,Down,Transporter,TRUE,High
GRIN1,48,50,COMPOUND 53 [PMID: 33038794]; PAREGORIC; STING AGONIST 2; LATREPIRDINE; CNS-5161; MEMANTINE HYDROCHLORIDE; LANICEMINE; ULEVOSTINAG; ELIPRODIL; NBQX; RAPASTINEL; DEXANABINOL; NEBOGLAMINE; HALOPERIDOL DECANOATE; ORPHENADRINE; GW468816; ACAMPROSATE CALCIUM; AMANTADINE HYDROCHLORIDE; H-151; D-SERINE; AZD8108; KETAMINE HYDROCHLORIDE; DELUCEMINE; EVT-101; MSA-2; ESKETAMINE HYDROCHLORIDE; 2'3'-CGAMP; COMPOUND 40 [PMID: 33470814]; PHILANTHOTOXIN 343; FELBAMATE; INDANTADOL; STING AGONIST 3; ORPHENADRINE HYDROCHLORIDE; CYCLOSERINE; RADIPRODIL; PERZINFOTEL; ESKETAMINE; ADU-S100; RALFINAMIDE; SNX281; AV-101; DIZOCILPINE; APIMOSTINEL; TRAXOPRODIL; NERAMEXANE MESYLATE; DIABZI-4; ORPHENADRINE CITRATE; RISLENEMDAZ,agonist; ; blocker; negative modulator; positive modulator; inhibitor,GuideToPharmacology; NCI; TdgClinicalTrial; TdgClinicalTrial; ChEMBL; DTC; ChEMBL; TTD; ChEMBL; PharmGKB; TEND; TdgClinicalTrial; DTC,1.27535194203187,7.67691281909612e-06,2.53133592711014e-05,Up,Other,TRUE,High
IL6,47,49,"CISPLATIN; ZILTIVEKIMAB; CHINESE HERBS; PF-04236921; MRA 003 US; SIGNAL TRANSDUCTION INHIBITOR; BINETRAKIN; IBUDILAST; INSULIN, REGULAR, HUMAN; SILTUXIMAB; METRONIDAZOLE; CLAZAKIZUMAB; GALLIUM NITRATE; INTERFERON ALFA-2B; DULOXETINE HYDROCHLORIDE; MEDI-5117; GEMFIBROZIL; BIAFINE CREAM; ETANERCEPT; ELSILIMOMAB; SAQUINAVIR; INFLIXIMAB; LINEZOLID; IFOSFAMIDE; OLOKIZUMAB; HMG-COA REDUCTASE INHIBITOR; MIDOSTAURIN; SELENIUM; SIRUKUMAB; PEGINTERFERON ALFA-2B; ECHINACEA PREPARATION; ENZYME INHIBITOR; FENOFIBRATE MICRONIZED; VITAMIN K; PEGINTERFERON ALFA-2A; RIBAVIRIN; VITAMIN A PALMITATE; ARSENIC TRIOXIDE; DIHYDROSPHINGOSINE; LEVOFLOXACIN ANHYDROUS; YSIL6; NELFINAVIR; RITUXIMAB; SELECTIVE ESTROGEN RECEPTOR MODULATOR; IMIPENEM-CILASTATIN SODIUM; FENTANYL CITRATE; ADALIMUMAB",; binder; inhibitor; antibody; inhibitor,CIViC; ChEMBL; NCI; TTD; ChEMBL; TTD; TTD; TdgClinicalTrial; TALC; ChEMBL; PharmGKB; TTD; TdgClinicalTrial; ChEMBL,-1.48359798807293,0.006135431139038,0.0116153368819737,Down,Growth Factor/Cytokine,TRUE,High
ADH1C,45,45,(R)-N-OLEOYLTYROSINOL; CYCLOPHOSPHAMIDE ANHYDROUS; 1-OLEOYL GLYCEROL; LYSOPHOSPHATIDYLINOSITOL; NALTREXONE; PSN632408; COMPOUND 42 [PMID: 22545772]; COMPOUND 1 [PMID: 21273063]; N-OLEOYLETHANOLAMIDE; COMPOUND 3A [PMID: 21444206]; COMPOUND 1 [PMID: 21939274]; COMPOUND 2 [PMID: 21939274]; JNJ-38431055; CISPLATIN; COMPOUND 3J [PMID: 21444206]; SEA; FOMEPIZOLE; NITREFAZOLE; APD668; 1-PALMITOYL-LYSOPHOSPHATIDYLCHOLINE; PSN375963; COMPOUND 8G [PMID: 21444206]; OLEOYL-LYSOPHOSPHATIDYLCHOLINE; COMPOUND 23 [PMID: 21444206]; PALMIDROL; COMPOUND 58 [PMID: 21273063]; 2-OLEOYL GLYCEROL; FIRUGLIPEL; AS1269574; (S)-N-OLEOYLTYROSINOL; OLVANIL; COMPOUND 3 [PMID: 21310611]; COMPOUND 36 [PMID: 21273063]; COMPOUND 36J [PMID: 21536438]; AS1907417; LYSOPHOSPHATIDYLETHANOLAMINE; COMPOUND 20F [PMID: 21536438]; AR231453; N-OLEOYLDOPAMINE; COMPOUND 29A [PMID: 21444206]; YH18968; MBX-2982; 1-STEAROYL-LYSOPHOSPHATIDYLCHOLINE; TRETINOIN; AS1535907,agonist; ; inhibitor,GuideToPharmacology; PharmGKB; TEND; TdgClinicalTrial; ChEMBL; ChEMBL; NCI,2.73364006234534,2.56267497611568e-08,1.27410761692007e-07,Up,Other,TRUE,High
PLAU,42,42,DIFFERENTIATION INDUCER; LIF; ESTRADIOL VALERATE; PROTEIN KINASE INHIBITOR; AMEDIPLASE; GELDANAMYCIN; PROTEIN KINASE C INHIBITOR; CELECOXIB; CISPLATIN; BLEOMYCIN; AZACITIDINE; ANTIOXIDANT; DEXTRAN SULFATE; PHOSPHODIESTERASE INHIBITOR; UK-356202; SARUPLASE; MASOPROCOL; TRICHOSTATIN A; SIROLIMUS; MIFEPRISTONE; VERAPAMIL; WX-UK1; LENOGRASTIM; ANTIBIOTIC; HYDROCORTISONE BUTYRATE; VITAMIN A; GEFITINIB; DACARBAZINE; CLODRONIC ACID; IONOMYCIN; CALCITRIOL; RAZOXANE; TYROSINE KINASE INHIBITOR; CARMUSTINE; PREGNANT MARE SERUM GONADOTROPIN; HERBIMYCIN A; PAPAVERINE; RECOMBINANT RANTES; ALENDRONATE SODIUM; ZOLEDRONIC ACID ANHYDROUS; UPAMOSTAT; UROKINASE,"",NCI; TTD; TdgClinicalTrial; TTD; TdgClinicalTrial; TTD; TdgClinicalTrial; ChEMBL,-1.67063641583981,2.99351856777667e-10,2.0879775794492e-09,Down,Other,TRUE,High
GRIA3,41,42,PHENOBARBITAL; MIBAMPATOR; ANIRACETAM; MK-8777; [3H]AMPA; PERAMPANEL; CITALOPRAM; [3H]CNQX; IRAMPANEL; LY404187; LY503430; RECOMBINANT FIBROBLAST GROWTH FACTOR 2; CX516; ARGIOTOXIN; ANTIDEPRESSANT AGENT; CYCLOTHIAZIDE; JORO SPIDER TOXIN; SELURAMPANEL; TOPIRAMATE; TEZAMPANEL; TEZAMPANEL ANHYDROUS; S18986; GYKI53655; CX546; IDRA-21; FARAMPATOR; ZONAMPANEL; BECAMPANEL; FLUORO-WILLARDIINE; TALAMPANEL; DASOLAMPANEL; NBQX; GYKI53784; LY392098; PIRACETAM; CX-717; OSAVAMPATOR; PESAMPATOR; CX1739; ATPO; VENLAFAXINE,; positive modulator; modulator; agonist; inhibitor; blocker,NCI; ChEMBL; GuideToPharmacology; TTD; TdgClinicalTrial; ChEMBL; PharmGKB; TdgClinicalTrial; ChEMBL; TdgClinicalTrial,1.5694318680996,1.89429763653277e-11,1.6172852859982e-10,Up,Other,TRUE,High
MAOB,41,41,SAFINAMIDE; LEVODOPA; CHEMBL:CHEMBL1927670; MOCLOBEMIDE; CHEMBL:CHEMBL1927684; SELEGILINE; BIFEMELANE; MEBANAZINE; MELATONIN; PARGYLINE HYDROCHLORIDE; CHEMBL:CHEMBL602260; ISOCARBOXAZID; SEROTONIN; [18F]FLUORORASAGILINE; RASAGILINE; CHEMBL:CHEMBL1642672; PHENOXYPROPAZINE; LAZABEMIDE; NIALAMIDE; CHEMBL:CHEMBL1813518; SAFINAMIDE MESYLATE; COBALAMIN; PHENELZINE; RASAGILINE TARTRATE; RALFINAMIDE; SELEGILINE HYDROCHLORIDE; VITAMIN K3; CHEMBL:CHEMBL2088303; TRANYLCYPROMINE; PARGYLINE; ANTIDEPRESSANT AGENT; MOFEGILINE; INDANTADOL; NAPHTHOQUINONE; METHAMPHETAMINE; HALOPERIDOL DECANOATE; PHENELZINE SULFATE; IPRONIAZID; LINEZOLID; CHEMBL:CHEMBL602466; CHEMBL:CHEMBL2088301,inhibitor; ,TdgClinicalTrial; DTC; ChEMBL; GuideToPharmacology; NCI; DTC; DTC; GuideToPharmacology; TEND; TdgClinicalTrial; DTC; ChEMBL; GuideToPharmacology; GuideToPharmacology; ChEMBL; TEND; TdgClinicalTrial; ChEMBL; PharmGKB; TEND; TdgClinicalTrial; ChEMBL; GuideToPharmacology; TEND; TdgClinicalTrial; GuideToPharmacology; TdgClinicalTrial,1.47117738889867,1.13587742628873e-06,4.31668838266437e-06,Up,Other,TRUE,High
UGT1A1,40,40,SACITUZUMAB GOVITECAN; DESVENLAFAXINE SUCCINATE; NILOTINIB; BILIRUBIN; KETAMINE HYDROCHLORIDE; ELTROMBOPAG; BELINOSTAT; ONDANSETRON HYDROCHLORIDE; IRINOTECAN HYDROCHLORIDE; ETHINYL ESTRADIOL; CLOZAPINE; ARFORMOTEROL; DAUNORUBICIN LIPOSOMAL; DAIDZEIN; THIOGUANINE; DOXORUBICIN HYDROCHLORIDE; CYTARABINE; LABETALOL; BINIMETINIB; TRANILAST; LOSARTAN POTASSIUM; FEBUXOSTAT; PEGASPARGASE; CARBOPLATIN; ERLOTINIB; MERCAPTOPURINE; MOXIFLOXACIN; RALOXIFENE HYDROCHLORIDE; ACETAMINOPHEN GLUCURONIDE; VINCRISTINE; EFAVIRENZ; ATORVASTATIN CALCIUM TRIHYDRATE; CAPECITABINE; RALTEGRAVIR POTASSIUM; ALLOPURINOL; DOLUTEGRAVIR SODIUM; DEXAMETHASONE; PAZOPANIB; INDACATEROL; RISPERIDONE,"",PharmGKB; CGI; PharmGKB; FDA; CIViC; FDA; CGI; FDA; DTC; PharmGKB; FDA; FDA,2.15060895013423,8.81268239543691e-14,1.10845632022668e-12,Up,Other,TRUE,High
F2,39,39,DESIRUDIN; BIVALIRUDIN; TAMOXIFEN; PEGMUSIRUDIN; FLOVAGATRAN; ANISINDIONE; HEPARIN; CATECHIN; DABIGATRAN; DABIGATRAN ETEXILATE MESYLATE; QUERCETIN; ODIPARCIL; DPOC-4088; LUSUTROMBOPAG; ICHORCUMAB; PYRIDOXAL PHOSPHATE ANHYDROUS; BORTEZOMIB; ANTITHROMBIN ALFA; SR-123781A; ENOXAPARIN SODIUM; CYANIDIN; CHEMBL:CHEMBL586628; AZD-8165; STAUROSPORINE; AVATROMBOPAG; HIRUDIN; CYANIN; COMPOUND 2C [PMID: 24900538]; SILIBININ; EP-217609; APRAMIDE A; EPICATECHIN; ARGATROBAN; MELAGATRAN; ATECEGATRAN METOXIL; ASPIRIN TRELAMINE; VITAMIN K3; XIMELAGATRAN; CHEMBL:CHEMBL1083499,inhibitor; ,TEND; TTD; TdgClinicalTrial; ChEMBL; PharmGKB; FDA; TTD; TdgClinicalTrial; TEND; TdgClinicalTrial; DTC; ChEMBL; TdgClinicalTrial; ChEMBL; GuideToPharmacology; TTD; TdgClinicalTrial; TTD; TdgClinicalTrial; ChEMBL; TEND; TEND; TdgClinicalTrial; ChEMBL,-2.91609975247514,6.07729835392432e-10,4.01022540546093e-09,Down,Other,TRUE,High
CD19,38,40,CD19CAR-CD3ZETA-4-1BB-EXPRESSING ALLOGENEIC T-LYMPHOCYTE CELLS; OBEXELIMAB; AUTO3; CD19-TARGETED CAR T2 CELLS; COLTUXIMAB RAVTANSINE; TAPLITUMOMAB PAPTOX; AUTOLOGOUS ANTI-CD19 CHIMERIC ANTIGEN RECEPTOR T-CELLS SJCAR19; MDX-1342; TISAGENLECLEUCEL; AFM-11; AUTOLOGOUS ANTI-CD19 CHIMERIC ANTIGEN RECEPTOR T-CELLS C-CAR011; DEGLYCOSYLATED RICIN A CHAIN-CONJUGATED ANTI-CD19/ANTI-CD22 IMMUNOTOXINS; AUTOLOGOUS ANTI-CD19 CAR-T CELLS TBI-1501; JCAR014; AMG-729; DUVORTUXIZUMAB; LONCASTUXIMAB TESIRINE; TAFASITAMAB; ANTI-CD20 CAR T CELLS PREPARATION; DENINTUZUMAB MAFODOTIN; AXICABTAGENE CILOLEUCEL; LISOCABTAGENE MARALEUCEL; AUTOLOGOUS ANTI-CD19 CAR T-CELLS IM19; RELMACABTAGENE AUTOLEUCEL; AUTOLOGOUS CD19CAR-CD28-CD137/CD27/CD3ZETA-ICASP9-EXPRESSING T-LYMPHOCYTES; INEBILIZUMAB; ALLOGENEIC ANTI-CD19-CAR-CD28-IL-15-EXPRESSING NATURAL KILLER T-CELLS; DENINTUZUMAB; AUTOLOGOUS ANTI-CD19 CAR-EXPRESSING T-LYMPHOCYTES CLIC-1901; AUTOLOGOUS ANTI-CD19CAR-4-1BB-CD3ZETA-EGFRT-EXPRESSING T LYMPHOCYTES; BLINATUMOMAB; VADACABTAGENE LERALEUCEL; ANTI-CD19 CAR T CELLS PREPARATION; BREXUCABTAGENE AUTOLEUCEL; AUTOLOGOUS CD19 CAR-EXPRESSING CD4+/CD8+ T-CELLS MB-CART19.1; ANTI-CD19 CAR T-CELLS XLCART001; AZERCABTAGENE ZAPRELEUCEL; ONCOLYSIN B,; inhibitor; binder; modulator,TTD; TTD; ChEMBL; TTD; TdgClinicalTrial; ChEMBL; ChEMBL; TTD; CIViC; ChEMBL; TTD; TdgClinicalTrial; PharmGKB; ChEMBL,1.29468796584885,6.03907299522706e-05,0.000168522358815174,Up,Other,TRUE,High
MAOA,37,39,CLORGILINE; METHAMPHETAMINE; ISOCARBOXAZID; CHEMBL:CHEMBL1927670; MEBANAZINE; NIALAMIDE; HARMINE; MINAPRINE HYDROCHLORIDE; NAPHTHOQUINONE; MOCLOBEMIDE; CHEMBL:CHEMBL1927684; NICOTINE POLACRILEX; TRANYLCYPROMINE; INDANTADOL; CHEMBL:CHEMBL1813518; CHEMBL:CHEMBL602466; ANTIDEPRESSANT AGENT; PHENELZINE; PIPERINE; PARGYLINE HYDROCHLORIDE; CX157; IPRONIAZID; PHENOXYPROPAZINE; SELEGILINE; PSORALEN; TRYPTAMINE; CHEMBL:CHEMBL1642672; PHENELZINE SULFATE; 1-PHENETHYLPIPERIDINE; TOLOXATONE; CHEMBL:CHEMBL602260; MINAPRINE; CHEMBL:CHEMBL2088301; PROXIBARBAL; LADOSTIGIL; VITAMIN K3; CHEMBL:CHEMBL2088303,; inhibitor; activator,TTD; TdgClinicalTrial; DTC; TEND; TTD; TdgClinicalTrial; ChEMBL; ChEMBL; TEND; TTD; TdgClinicalTrial; DTC; ChEMBL; PharmGKB; TEND; TdgClinicalTrial; TTD; TdgClinicalTrial,1.46468657315544,6.70660347261042e-16,1.20681644951646e-14,Up,Other,TRUE,High
BRCA2,34,34,CEDIRANIB; VELIPARIB; VANILLIN; EPICATECHIN; NIRAPARIB; PIDNARULEX; PLATINUM COMPOUND; EPIGALLOCATECHIN; GENISTEIN; THEAFLAVIN; PHLORETIN; DASATINIB ANHYDROUS; CISPLATIN; LUTEOLIN; TALAZOPARIB; INIPARIB; CARBOPLATIN; QUARFLOXIN; SACITUZUMAB GOVITECAN; 6-METHYLFLAVONE; GEMCITABINE; BOSUTINIB; OLAPARIB; EPICATECHIN GALLATE; SCUTELLAREIN; RUCAPARIB; THEAFLAVIN-3′-O-GALLATE; DATISCETIN; (&PLUSMN;)-EQUOL; L-TRP-TRP-TRP; NARINGENIN; ENZALUTAMIDE; PARP/TANKYRASE INHIBITOR 2X-121; TEMOZOLOMIDE,; agonist; inhibitor,CIViC; CGI; CIViC; ClearityFoundationBiomarkers; GuideToPharmacology; ClearityFoundationBiomarkers; PharmGKB; OncoKB; CGI; CIViC; CIViC; ClearityFoundationBiomarkers; PharmGKB; OncoKB; PharmGKB; CGI; CIViC; ClearityFoundationBiomarkers; PharmGKB; OncoKB; ClearityFoundationBiomarkers,-1.32999771585619,1.90724141241071e-08,9.64507330611817e-08,Down,Other,TRUE,High
SERPINE1,34,34,"DIAPLASININ; LEVOTHYROXINE; GLYCYRRHETINIC ACID; RECOMBINANT INTERLEUKIN; THROMBOLYTIC AGENT; ORLISTAT; THR-18; AZATHIOPRINE; NIMODIPINE; NORETHINDRONE ACETATE; RETINOIC ACID AGENT; ANTIDEPRESSANT AGENT; METHYLPREDNISOLONE; URIDINE; ORAL CONTRACEPTIVE; ARGIPRESSIN; ESTROGENS, CONJUGATED (USP); TIPLASININ; UROKINASE; RECOMBINANT MONOCYTE CHEMOATTRACTANT PROTEIN-1; DEFIBROTIDE; HYDROCHLOROTHIAZIDE; GM-CSF; ARSENIC TRIOXIDE; CETRORELIX; CITALOPRAM; BROXURIDINE; CAPTOPRIL; ALEPLASININ; TINZAPARIN SODIUM; DEXAMETHASONE; ALITRETINOIN; EPIRUBICIN; FLUOXETINE HYDROCHLORIDE",; inhibitor,TTD; NCI; PharmGKB; DTC; TdgClinicalTrial; TTD; ChEMBL,-1.71244625241193,3.07895026281834e-07,1.29156586315844e-06,Down,Other,TRUE,High
FCGR3B,33,33,CYCLOSPORINE; ANGIOGENESIS INHIBITOR; IL-18; RECOMBINANT INTERLEUKIN-8; BETA-GLUCAN; PUROMYCIN; GELDANAMYCIN; ALDESLEUKIN; TETRADECANOYLPHORBOL ACETATE; PREDNISOLONE; CHOLECALCIFEROL; PENICILLIN; EPOETIN ALFA; FENTANYL CITRATE; FAS LIGAND; INDOMETHACIN; MAFOSFAMIDE; PICIBANIL; POLY IC; IMMUNOTHERAPEUTIC AGENT; SODIUM CHLORIDE; PROGESTIN; CHONDROITIN SULFATES; CYTARABINE; METHOTREXATE; DOXORUBICIN HYDROCHLORIDE; LACTULOSE; LIF; THALIDOMIDE; DIMETHYL SULFOXIDE; PROTEASE INHIBITOR; HEPARIN; METHIMAZOLE,"",NCI,-1.75817461067676,1.86100416541273e-09,1.11874158449524e-08,Down,Other,TRUE,High
MPO,30,30,E-101 SOLUTION; D-ALPHA-TOCOPHEROL ACETATE; LIDOCAINE; LITHIUM; INTERLEUKIN-11; LORATADINE; DRUGSATFDA.NDA:008378; ANTICOAGULANT AGENT; VERDIPERSTAT; XANTHINE OXIDASE INHIBITOR; SULFONE ANTI-INFECTIVE AGENT; MITIPERSTAT; THEOPHYLLINE; FENTANYL CITRATE; METHYLENE BLUE ANHYDROUS; SULFAMETHOXAZOLE; DIMETHYL SULFOXIDE; OCTREOTIDE ACETATE; FLUDARABINE; PYRAZINAMIDE; PSORALEN; DICLOFENAC SODIUM; PROPYLTHIOURACIL; FLUTAMIDE; TOLMETIN; DOXYCYCLINE ANHYDROUS; TENECTEPLASE; NIMESULIDE; IMMUNOTHERAPEUTIC AGENT; ASULACRINE ISETHIONATE,; inhibitor,TTD; NCI; TTD; ChEMBL; DTC,-1.33824689018306,2.89221969266624e-09,1.68856888286632e-08,Down,Other,TRUE,High
E2F1,29,29,ARGIPRESSIN; THERAPEUTIC HORMONE; ETOPOSIDE; CARMUSTINE; EDIFOLIGIDE; HOECHST 33258; BORTEZOMIB; IRINOTECAN HYDROCHLORIDE; URSODIOL; FLUOROURACIL; ESTRADIOL VALERATE; ASCORBIC ACID; RAS INHIBITOR; GP-120 ANTIGEN; NERVE GROWTH FACTOR; PRIMAQUINE; METHOTREXATE; CISPLATIN; RECOMBINANT HEPATOCYTE GROWTH FACTOR; ACETYLCYSTEINE; NICOTINE POLACRILEX; ADRIAMYCIN; QUERCETIN; PACLITAXEL; DIETHYLSTILBESTROL; LARGAZOLE; ANTISENSE OLIGONUCLEOTIDES; TETRADECANOYLPHORBOL ACETATE; EDIFOLIGIDE SODIUM,; inhibitor,NCI; ChEMBL; DTC,-1.2343849577655,4.84964644752183e-11,3.86185254684044e-10,Down,Other,TRUE,High
GCG,27,27,FRONIGLUTIDE; BETHANECHOL CHLORIDE; ANTIDEPRESSANT AGENT; FLUORODEOXYGLUCOSE F18; PYRAZOLE; SUMATRIPTAN; MEK INHIBITOR PD-98059; BACLOFEN; CROTOXIN; EFINOPEGDUTIDE; PENICILLAMINE; COTADUTIDE; ARGIPRESSIN; SAR425899; VITAMIN D; ALPHA-ADRENERGIC ANTAGONIST; OLANZAPINE; NALTREXONE; SODIUM BUTYRATE; PANTOPRAZOLE SODIUM; CORDYCEPIN; TYROSINE KINASE INHIBITOR; DEXTROMETHORPHAN POLISTIREX; SILICON PHTHALOCYANINE 4; CLOZAPINE; MECASERMIN; PAREGORIC,"",TTD; NCI; PharmGKB,4.31481716362519,1.69911661593609e-10,1.23699046673426e-09,Up,Other,TRUE,High
GRIN2D,26,27,CNS-5161; AZD8108; DELUCEMINE; ORPHENADRINE CITRATE; ACAMPROSATE CALCIUM; GW468816; PERZINFOTEL; MEMANTINE HYDROCHLORIDE; ESKETAMINE; AV-101; KETAMINE HYDROCHLORIDE; LANICEMINE; RALFINAMIDE; ORPHENADRINE; APIMOSTINEL; DEXANABINOL; RAPASTINEL; LATREPIRDINE; DIMIRACETAM; AMANTADINE HYDROCHLORIDE; INDANTADOL; NEBOGLAMINE; FELBAMATE; ORPHENADRINE HYDROCHLORIDE; NERAMEXANE MESYLATE; ESKETAMINE HYDROCHLORIDE,blocker; inhibitor; negative modulator; ; agonist; positive modulator,TdgClinicalTrial; ChEMBL; ChEMBL; TEND; TdgClinicalTrial; TdgClinicalTrial,-3.36503123562921,3.85243083880905e-15,6.06991848295541e-14,Down,Other,TRUE,High
MS4A1,26,26,RITUXIMAB; PLAMOTAMAB; TOSITUMOMAB; VELTUZUMAB; IBRITUMOMAB TIUXETAN; OBINUTUZUMAB; OFATUMUMAB; ANTI-CD20 CAR T CELLS PREPARATION; YTTRIUM Y 90 IBRITUMOMAB TIUXETAN; LFB-R603; OCRELIZUMAB; FBT-A05; DI-LEU16-IL2; OCARATUZUMAB; EPCORITAMAB; GLOFITAMAB; UBLITUXIMAB; TOSITUMOMAB 131I; TISAGENLECLEUCEL; IODINE-131-TOSITUMOMAB; MT-3724; ODRONEXTAMAB; AUTOLOGOUS ANTI-CD20 CAR TRANSDUCED CD4/CD8 ENRICHED T-CELLS MB-CART20.1; MONOCLONAL ANTIBODY 1F5; MOSUNETUZUMAB; TRU-015,antibody; binder; ; binder; modulator,TEND; TTD; MyCancerGenome; TdgClinicalTrial; PharmGKB; ChEMBL; FDA; TTD; TEND; TTD; TdgClinicalTrial; PharmGKB; ChEMBL; TTD; ChEMBL; TEND; TTD; MyCancerGenome; TdgClinicalTrial; PharmGKB; ChEMBL; TTD; TdgClinicalTrial; PharmGKB; ChEMBL; FDA; TTD; MyCancerGenome; TdgClinicalTrial; PharmGKB; ChEMBL; ChEMBL; TdgClinicalTrial; ChEMBL; TTD; TdgClinicalTrial; ChEMBL; NCI,1.68077360840081,0.000156776797457278,0.000406496436458476,Up,Other,TRUE,High
MMP9,25,25,CURCUMIN PYRAZOLE; TST10088; CELECOXIB; CURCUMIN; TOZULERISTIDE; SHARK CARTILAGE EXTRACT AE-941; HYDRALAZINE; ULINASTATIN; BEVACIZUMAB; CARBOXYLATED GLUCOSAMINE; METHYLDOPA ANHYDROUS; ANDECALIXIMAB; DP-B99; NEOVASTAT; PRINOMASTAT; REBIMASTAT; INCYCLINIDE; CTS-1027; DEMETHYLWEDELOLACTONE; S-3304; ILOMASTAT; MARIMASTAT; AZD-1236; ANTIHYPERTENSIVE AGENT; NIFEDIPINE,; inhibitor; vaccine,DTC; TdgClinicalTrial; PharmGKB; TTD; CIViC; TTD; ChEMBL; TALC; ChEMBL; TEND; TdgClinicalTrial; ChEMBL,-1.31329004306468,1.6340479008651e-12,1.66412177240741e-11,Down,Protease,TRUE,High
GSTM1,23,23,CURCUMIN; PREDNISONE; ETOPOSIDE; TROGLITAZONE; PACLITAXEL; SULFAMETHOXAZOLE / TRIMETHOPRIM; DOXORUBICIN HYDROCHLORIDE; ANTICONVULSANT AGENT; VINBLASTINE; SULFORAPHANE; CHLORAMBUCIL; DOCETAXEL ANHYDROUS; DICUMAROL; AZATHIOPRINE; CLOZAPINE; ANTITUBERCULAR AGENT; BLEOMYCIN; DACARBAZINE; CYCLOPHOSPHAMIDE ANHYDROUS; NITROGLYCERIN; BUSULFAN; IRINOTECAN HYDROCHLORIDE; METHOTREXATE,"",NCI; PharmGKB,1.24494343502304,3.76550822794067e-09,2.16088299256662e-08,Up,Other,TRUE,High
PRKCG,23,24,CENISERTIB; CHEMBL:CHEMBL578061; TIGILANOL TIGLATE; UCN-01; SP-600125; BRYOSTATIN 1; FASUDIL; LY-2090314; ENTRECTINIB; RG-1530; MIDOSTAURIN; PF-562271; GSK-269962A; LAUROGUADINE; SOTRASTAURIN; CEP-2563 DIHYDROCHLORIDE; QUERCETIN; GSK-690693; SB220025; ENZASTAURIN; TAMATINIB; GO-6976; INGENOL MEBUTATE,; activator; inhibitor,DTC; ChEMBL; TdgClinicalTrial; TTD; ChEMBL; DTC; ChEMBL; MyCancerGenome,-1.95029615939797,7.57076006417072e-07,2.96270173594979e-06,Down,Other,TRUE,High
UGT1A9,23,23,"SN-38; ACETAMINOPHEN GLUCURONIDE; IBUPROFEN, SODIUM SALT; AXITINIB; ACETAMINOPHEN; PHENOBARBITAL; RISPERIDONE; PROPOFOL; ASCORBIC ACID; SIMVASTATIN; ALLOPURINOL; SULFINPYRAZONE; PAREGORIC; OXAZEPAM; FEBUXOSTAT; ONDANSETRON HYDROCHLORIDE; ALOE VERA GEL; SORAFENIB; PHENYTOIN SODIUM; RALTEGRAVIR POTASSIUM; OXCARBAZEPINE; ATORVASTATIN CALCIUM TRIHYDRATE; KETAMINE HYDROCHLORIDE","",PharmGKB; NCI,2.04509152593922,2.3904335663633e-13,2.7862041273507e-12,Up,Other,TRUE,High
GRIA4,21,22,BECAMPANEL; MIBAMPATOR; TOPIRAMATE; TALAMPANEL; COMPOUND 42 [PMID: 26938474]; TEZAMPANEL; DASOLAMPANEL; CX1739; PERAMPANEL; MK-8777; CX-717; FARAMPATOR; OSAVAMPATOR; COMPOUND 27 [PMID: 26938474]; IRAMPANEL; RECOMBINANT FIBROBLAST GROWTH FACTOR 2; ZONAMPANEL; OXIDOPAMINE; SELURAMPANEL; BAY-069; PESAMPATOR,inhibitor; positive modulator; ,ChEMBL; TdgClinicalTrial; GuideToPharmacology; TdgClinicalTrial; ChEMBL; TTD; TdgClinicalTrial; ChEMBL; NCI,1.97618704886391,1.02047577211049e-19,3.56572708905764e-18,Up,Other,TRUE,High
MELK,20,20,LINIFANIB; DOVITINIB; SB220025; OTSSP167; RG-1530; MLN-8054; AST-487; BMS-387032; ILORASERTIB; SNS-314; NVP-TAE684; CENISERTIB; CC-401; SP-600125; PF-562271; JNJ-7706621; GW843682X; TOZASERTIB; PP2; MELK-TI,; inhibitor,DTC; TTD; GuideToPharmacology; GuideToPharmacology,-1.38635881630342,9.24512733621363e-14,1.15567655745591e-12,Down,Other,TRUE,High
MMP1,20,20,LEFLUNOMIDE; THERAPEUTIC GLUCOCORTICOID; COLLAGENASE CLOSTRIDIUM HISTOLYTICUM; MARIMASTAT; REBIMASTAT; HYDROCORTISONE BUTYRATE; DOXYCYCLINE CALCIUM; MEDROXYPROGESTERONE; INTERFERON BETA; DOXYCYCLINE ANHYDROUS; COBALT; VITAMIN E; PENTOSAN POLYSULFATE SODIUM; LAMIVUDINE; SIROLIMUS; LEUPROLIDE ACETATE; TYROSINE KINASE INHIBITOR; RIBAVIRIN; TRIAMCINOLONE; IMMUNOSUPPRESSANT,; inhibitor,NCI; TdgClinicalTrial; ChEMBL,-3.90297763630939,2.36848671052907e-18,6.35766143010063e-17,Down,Protease,TRUE,High
UGT1A4,20,20,NICOTINE POLACRILEX; ANHYDROUS TACROLIMUS; N-DESMETHYLCLOZAPINE; KETAMINE HYDROCHLORIDE; ONDANSETRON HYDROCHLORIDE; PHENOBARBITAL; ACETAMINOPHEN; DEHYDRATED ALCOHOL; CLOZAPINE; ACETAMINOPHEN GLUCURONIDE; ALLOPURINOL; TCDD; ATORVASTATIN CALCIUM TRIHYDRATE; SN-38; IMIPRAMINE HYDROCHLORIDE; TAMOXIFEN; ANTINEOPLASTIC AGENT; FEBUXOSTAT; PAREGORIC; MIDAZOLAM HYDROCHLORIDE,"",NCI; PharmGKB; NCI; PharmGKB,2.05466964792163,1.53795455635615e-13,1.84976685624646e-12,Up,Other,TRUE,High
CD44,19,19,ODEVIXIBAT; ELOBIXIBAT; [3H]TAUROCHOLIC ACID; DOCETAXEL ANHYDROUS; BIVATUZUMAB MERTANSINE; GAMMA-INTERFERON; GP-120 ANTIGEN; MARALIXIBAT; SC-435; MOMETASONE; RECOMBINANT TUMOR NECROSIS FACTOR FAMILY PROTEIN; 264W94; PF-03475952; HYALURONIC ACID; ACETAMINOPHEN; MPA; BIVATUZUMAB; GENTAMICIN; CISPLATIN,inhibitor; ; binder,GuideToPharmacology; CIViC; ChEMBL; NCI; TdgClinicalTrial; PharmGKB,-1.05802144837809,1.04874773362748e-17,2.52650029796468e-16,Down,Other,TRUE,High
LIF,19,19,ESTRADIOL VALERATE; DAIDZEIN; CISPLATIN; ANTISENSE OLIGONUCLEOTIDES; CLOMIPHENE CITRATE; IL-13; AZACITIDINE; HUMAN CHORIONIC GONADOTROPIN; TRETINOIN; THROMBIN; BUPIVACAINE; THERAPEUTIC HORMONE; MIFEPRISTONE; CAPSAICIN; SIMVASTATIN; DEXAMETHASONE; PACLITAXEL; DECITABINE; RECOMBINANT INTERLEUKIN-1,"",NCI,-1.04571218579593,8.34212664570584e-17,1.73621180111462e-15,Down,Other,TRUE,High
UGT1A10,19,19,DICLOFENAC SODIUM; ETOPOSIDE; SN-38; ATORVASTATIN CALCIUM TRIHYDRATE; ALLOPURINOL; MYCOPHENOLATE; OXCARBAZEPINE; FEBUXOSTAT; ACETAMINOPHEN; PHENOBARBITAL; KETAMINE HYDROCHLORIDE; AXITINIB; RISPERIDONE; TROGLITAZONE; PAREGORIC; ONDANSETRON HYDROCHLORIDE; ANTINEOPLASTIC AGENT; IRINOTECAN HYDROCHLORIDE; ACETAMINOPHEN GLUCURONIDE,"",NCI; PharmGKB,2.28018271673174,7.56087970052913e-15,1.12877111035616e-13,Up,Other,TRUE,High
AGT,18,18,ENALAPRIL MALEATE; ANGIOGENESIS INHIBITOR; IMIDAPRIL; ADENOVIRUS VECTOR; BENAZEPRIL; CHLORTHALIDONE; CYCLOSPORINE; HYDROCORTISONE BUTYRATE; MESTRANOL; CYT006-ANGQB; QUINAPRIL; HYDROCHLOROTHIAZIDE; GSK-2586881; LISINOPRIL ANHYDROUS; ADRIAMYCIN; AMLODIPINE BESYLATE; CILAZAPRIL; ASPIRIN,; cleavage,NCI; PharmGKB; TdgClinicalTrial; NCI; PharmGKB; ChEMBL; TEND,-1.57394270714362,3.13758931995202e-16,5.97764226138451e-15,Down,Other,TRUE,High
CD22,18,18,BL22; INOTUZUMAB OZOGAMICIN; EPRATUZUMAB; OSPA LIPOPROTEIN; IMMURAIT-LL2; MOXETUMOMAB PASUDOTOX; MONO-DGA-RFB4; PINATUZUMAB VEDOTIN; AUTO3; YTTRIUM Y 90 EPRATUZUMAB; IMMUNOTOXIN; DEGLYCOSYLATED RICIN A CHAIN-CONJUGATED ANTI-CD19/ANTI-CD22 IMMUNOTOXINS; ANTI-CD22 CAR-EXPRESSING T LYMPHOCYTES; ANTI-CD22 CAR T CELLS PREPARATION; YTTRIUM Y 90 EPRATUZUMAB TETRAXETAN; EPRATUZUMAB 90Y; BECTUMOMAB; INOTUZUMAB,binder; inhibitor; ; other/unknown,ChEMBL; TTD; TdgClinicalTrial; ChEMBL; TTD; NCI; TdgClinicalTrial; ChEMBL; TEND; TTD; TdgClinicalTrial; TTD; ChEMBL; TTD; NCI,1.42669407048364,3.37136592591068e-06,1.18645443361819e-05,Up,Other,TRUE,High
CXCR2,17,18,"BEVACIZUMAB; DANIRIXIN; AZD-5122; CLOTRIMAZOLE; ALPHA-TOCOPHEROL; NAVARIXIN; LADARIXIN; GENISTEIN; ACETYLCYSTEINE; ELUBRIXIN; VIMNERIXIN; REPARIXIN; CANOCTAKIN; MECHLORETHAMINE; IBUPROFEN, SODIUM SALT; SX-682; CYCLOPHOSPHAMIDE ANHYDROUS",; inhibitor; modulator,PharmGKB; TTD; ChEMBL; TTD; NCI; TTD; TdgClinicalTrial; ChEMBL; TdgClinicalTrial; DTC; ChEMBL,-1.67265122663811,3.2151649080987e-05,9.47255472560499e-05,Down,Other,TRUE,High
UGT1A3,17,17,"ATORVASTATIN CALCIUM TRIHYDRATE; IBUPROFEN, SODIUM SALT; SN-38; ONDANSETRON HYDROCHLORIDE; VALPROIC ACID; DEFERASIROX; RISPERIDONE; ATAZANAVIR; ALLOPURINOL; MONTELUKAST SODIUM; RITONAVIR; KETAMINE HYDROCHLORIDE; ACETAMINOPHEN; TELMISARTAN; PAREGORIC; FEBUXOSTAT; ACETAMINOPHEN GLUCURONIDE","",PharmGKB,2.06948840031465,1.05532473428612e-15,1.84573677637334e-14,Up,Other,TRUE,High
UGT1A7,17,17,MYCOPHENOLATE; RISPERIDONE; ATORVASTATIN CALCIUM TRIHYDRATE; MYCOPHENOLATE MOFETIL; KETAMINE HYDROCHLORIDE; ATAZANAVIR; FEBUXOSTAT; OXCARBAZEPINE; ONDANSETRON HYDROCHLORIDE; ACETAMINOPHEN GLUCURONIDE; PAREGORIC; ALLOPURINOL; AXITINIB; ACETAMINOPHEN; NICOTINE POLACRILEX; CURCUMIN; RITONAVIR,"",PharmGKB; NCI,2.06865764822927,1.74561371212074e-16,3.4519862921196e-15,Up,Other,TRUE,High
ADH1A,16,16,LPA; FOMEPIZOLE; GEMTUZUMAB OZOGAMICIN; NITREFAZOLE; FLUDARABINE; ACETALDEHYDE; ABACAVIR; FARNESYL MONOPHOSPHATE; COMPOUND 65 [PMID: 36126387]; IDARUBICIN; AS2717638; FARNESYL DIPHOSPHATE; N-ARACHIDONOYLGLYCINE; COMPOUND 66 [PMID: 36126387]; TCLPA5; CYTARABINE,agonist; inhibitor; ,GuideToPharmacology; TEND; TdgClinicalTrial; ChEMBL; TTD; PharmGKB; ChEMBL,2.34693750110872,0.000250408550985476,0.000625461999249349,Up,Other,TRUE,High
CXCL10,16,17,GM-CSF; STAVUDINE; PEGINTERFERON ALFA-2B; IROPLACT; METHYLPREDNISOLONE; ELDELUMAB; ATORVASTATIN CALCIUM TRIHYDRATE; HUMAN CHORIONIC GONADOTROPIN; OXALIPLATIN; NI-0801; ATROPINE; RITONAVIR; PEGINTERFERON ALFA-2A; TESTOSTERONE; ANTIBIOTIC; ZIDOVUDINE,; inhibitor,NCI; PharmGKB; TTD; TdgClinicalTrial; TTD; ChEMBL; ChEMBL,-1.91154254687061,5.1918404763626e-41,2.15834127290428e-38,Down,Other,TRUE,High
NEK2,15,15,CHEMBL:CHEMBL1997335; DOVITINIB; ILORASERTIB; HESPERADIN; GW441756X; SP-600125; ADAVOSERTIB; CENISERTIB; GW843682X; DACTOLISIB; TAMATINIB; PAZOPANIB; PALBOCICLIB; NVP-TAE684; CYC-116,; inhibitor,DTC,-1.49860061743059,2.49599123396399e-12,2.46452532742133e-11,Down,Other,TRUE,High
SPP1,15,15,IMMUNOSUPPRESSANT; CALCITONIN; GENTAMICIN; CHONDROITIN SULFATES; TETRADECANOYLPHORBOL ACETATE; ALTEPLASE; ZOLEDRONIC ACID ANHYDROUS; ANHYDROUS TACROLIMUS; SODIUM BUTYRATE; PROTEIN PHOSPHATASE INHIBITOR; TRETINOIN; PAMIDRONATE; ASK-8007; WORTMANNIN; TYROSINE KINASE INHIBITOR,; inhibitor,NCI; PharmGKB; ChEMBL,-2.87952866404611,4.83486170406455e-12,4.54420943814484e-11,Down,Other,TRUE,High
UGT1A8,15,15,RALOXIFENE HYDROCHLORIDE; ATORVASTATIN CALCIUM TRIHYDRATE; ONDANSETRON HYDROCHLORIDE; ALLOPURINOL; CYCLOSPORINE; RISPERIDONE; SN-38; PAREGORIC; ACETAMINOPHEN; AXITINIB; FEBUXOSTAT; IRINOTECAN HYDROCHLORIDE; OXCARBAZEPINE; KETAMINE HYDROCHLORIDE; ACETAMINOPHEN GLUCURONIDE,"",PharmGKB,2.24386972911489,9.63657908622278e-14,1.20090589335073e-12,Up,Other,TRUE,High
MMP3,14,14,PRINOMASTAT; CTS-1027; BERKELEYTRIONE; MARIMASTAT; PRAVASTATIN SODIUM; BERKELEYACETAL B; BERKELEYAMIDE B; LISINOPRIL ANHYDROUS; ILOMASTAT; BERKELEYDIONE; CHLORTHALIDONE; BERKELEYAMIDE C; BERKELEYACETAL C; BERKELEYACETAL A,vaccine; inhibitor; ,TALC; ChEMBL; DTC; TEND; TdgClinicalTrial; ChEMBL; PharmGKB; TTD,-4.02475208227198,6.6433063058942e-14,8.59600360235137e-13,Down,Protease,TRUE,High
UGT1A6,14,14,ACETAMINOPHEN; KETAMINE HYDROCHLORIDE; ONDANSETRON HYDROCHLORIDE; ACETAMINOPHEN GLUCURONIDE; ASPIRIN; ALLOPURINOL; RISPERIDONE; PHENYTOIN SODIUM; FEBUXOSTAT; PAREGORIC; SN-38; ATORVASTATIN CALCIUM TRIHYDRATE; DICLOFENAC SODIUM; PHENOBARBITAL,"",PharmGKB; NCI,1.62155530634063,2.64614742272299e-14,3.66997332460289e-13,Up,Other,TRUE,High
RRM2,13,13,MOTEXAFIN GADOLINIUM; FLUDARABINE; LY-2334737; CLADRIBINE; GEMCITABINE; TRIAPINE; TEZACITABINE; TRANSFERRIN RECEPTOR-TARGETED ANTI-RRM2 SIRNA CALAA-01; CYTARABINE; CLOFARABINE; GEMCITABINE ELAIDATE; GALLIUM NITRATE; HYDROXYUREA,inhibitor; ,TdgClinicalTrial; ChEMBL; ChEMBL; TTD; PharmGKB; ClearityFoundationClinicalTrial; TTD; ChEMBL; TTD; TdgClinicalTrial; TALC; TTD; ChEMBL,-1.37608400867188,6.68636960249465e-19,2.02250205905309e-17,Down,Other,TRUE,High
SST,13,13,GP-120 ANTIGEN; FREUND'S ADJUVANT; DEXTROAMPHETAMINE SULFATE; CYSTEAMINE HYDROCHLORIDE; GANCICLOVIR; BOMBESIN ANTAGONIST; STREPTOZOCIN; CAPTOPRIL; LITHIUM; ASPIRIN; VALPROIC ACID; VALINOMYCIN; ESTRADIOL 3-BENZOATE,"",NCI; TTD,4.39213459726685,5.24726164660223e-08,2.48028726170151e-07,Up,Other,TRUE,High
CXCL2,12,12,DEXTRAN SULFATE SODIUM; RECOMBINANT FIBROBLAST GROWTH FACTOR 2; DEFEROXAMINE; SLR14; IL-13; BACILLUS CALMETTE-GUERIN ANTIGEN; BATIMASTAT; RECOMBINANT NEUROTROPHIC FACTOR; BETA-GLUCAN; CYCLOSPORINE; STAUROSPORINE; ALTEPLASE,; agonist,NCI; GuideToPharmacology,-1.55129494735816,8.14649493271166e-09,4.38801070910479e-08,Down,Other,TRUE,High
IL6R,12,13,SARILUMAB; SATRALIZUMAB; LEVILIMAB; VOBARILIZUMAB; RALOXIFENE HYDROCHLORIDE; IL-6; THALIDOMIDE; PROTEASOME INHIBITOR; BAZEDOXIFENE; SIRUKUMAB; FLUOROURACIL; TOCILIZUMAB,antibody; inhibitor; inhibitor; ; agonist; inhibitor; immunotherapy,TTD; ChEMBL; GuideToPharmacology; TTD; PharmGKB; ChEMBL; ChEMBL; TTD; DTC; GuideToPharmacology; NCI; TTD; TdgClinicalTrial; TEND; TTD; MyCancerGenome; TdgClinicalTrial; ChEMBL,1.55405002498946,9.63941099797048e-22,4.65130269375284e-20,Up,Growth Factor/Cytokine,TRUE,High
MME,11,11,SLV-334; RACECADOTRIL; PL37; SACUBITRIL/VALSARTAN; CANDOXATRIL; PEPINEMAB; ILEPATRIL; GALLOPAMIL; DAGLUTRIL; SACUBITRIL; SAMPATRILAT,; inhibitor,TTD; ChEMBL; TTD; TdgClinicalTrial; TEND; TdgClinicalTrial; TTD; TdgClinicalTrial; ChEMBL; TTD; ChEMBL,-1.18966558778404,0.000309533395146301,0.00075991292179088,Down,Other,TRUE,High
NPY,11,11,HALOPERIDOL DECANOATE; K-252A; ANTIHYPERTENSIVE AGENT; ENDOTHELIN RECEPTOR ANTAGONIST; ROSIGLITAZONE; ESTRADIOL 3-BENZOATE; BROMOCRIPTINE; FREUND'S ADJUVANT; VACCINE; IMMUNOTOXIN; ETHER,"",NCI,3.17083484639702,9.06637480940245e-24,6.20224197404396e-22,Up,Other,TRUE,High
ADH6,10,10,LP-471756; NCRW0005-F05; ZELATRIAZIN (TAK-041); PHENYLALANINE; LP-360924; COMPOUND 1A [PMID: 24900311]; NCRW0105-E06; TRYPTOPHAN; NITREFAZOLE; JNJ-63533054,inhibitor; agonist,GuideToPharmacology; ChEMBL,1.23659310285043,0.000345088176005229,0.000840203423573026,Up,Other,TRUE,High
GNA11,10,10,PXS-4728A; SOTRASTAURIN ACETATE; MOFEGILINE; CABOZANTINIB S-MALATE; PHENELZINE; VORINOSTAT; MIRDAMETINIB; PXS-4681A; TIMOLUMAB; SELUMETINIB,inhibitor; ; antibody,GuideToPharmacology; CIViC; CGI; CGI; DoCM,1.15349443987582,2.2411480443499e-20,8.68324056027436e-19,Up,Other,TRUE,High
GSTA1,10,10,VINCRISTINE; PHYTOCHEMICAL; BUSULFAN; ENOBLITUZUMAB; ETHACRYNIC ACID; PHENOBARBITAL; RITUXIMAB; [3H]BSP; OBRINDATAMAB; PREDNISONE,; antibody,PharmGKB; NCI; GuideToPharmacology; DTC,1.44957064056296,0.000174780906541932,0.000449797275835611,Up,Other,TRUE,High
CACNG8,9,9,BEPRIDIL HYDROCHLORIDE; SULOCTIDIL; ATAGABALIN; IMAGABALIN; PHLOROGLUCINOL; GABAPENTIN ENACARBIL; PREGABALIN; GABAPENTIN; TERODILINE HYDROCHLORIDE,blocker; modulator,ChEMBL,-3.26452737061374,3.21265933185564e-34,6.67780073684301e-32,Down,Other,TRUE,High
COL1A2,9,9,TNF-ALPHA; ST034307; RECOMBINANT TRANSFORMING GROWTH FACTOR-BETA-2; RECOMBINANT INTERFERON; DAUNORUBICIN LIPOSOMAL; RECOMBINANT TRANSFORMING GROWTH FACTOR; OCRIPLASMIN; COLLAGENASE CLOSTRIDIUM HISTOLYTICUM; DOXORUBICIN HYDROCHLORIDE,; inhibitor; cleavage,NCI; GuideToPharmacology; PharmGKB; ChEMBL; TEND; TdgClinicalTrial; ChEMBL,-1.14118991790641,4.05172020047477e-06,1.40374878292583e-05,Down,Other,TRUE,High
IL1A,9,10,HYDROXYCHLOROQUINE; OLANZAPINE; LUTIKIZUMAB; AMG-108; MABP1; MITOMYCIN; IMMUNOSUPPRESSANT; BERMEKIMAB; RILONACEPT,; inhibitor,NCI; PharmGKB; TTD; ChEMBL; TdgClinicalTrial; TTD; TEND; TdgClinicalTrial; ChEMBL,-2.21074238074069,6.17769613754125e-06,2.06811867598506e-05,Down,Growth Factor/Cytokine,TRUE,High
BUB1,8,8,GATX2; NPPB; OMEPRAZOLE; LUBIPROSTONE; ZN2+; CD2+; DIPHENYLAMINE-2-CARBOXYLIC ACID; ARACHIDONIC ACID,blocker; activator,GuideToPharmacology,-1.27516575383389,7.27331028531062e-11,5.61534188836862e-10,Down,Other,TRUE,High
CCL21,8,8,RECOMBINANT CHEMOKINE; HEPARIN; RECOMBINANT HUMAN MACROPHAGE INFLAMMATORY PROTEIN-1 BETA; ADENOVIRUS VECTOR; ANGIOGENESIS INHIBITOR; IMMUNOTHERAPEUTIC AGENT; RECOMBINANT ALPHA CHEMOKINE; RECOMBINANT LYMPHOTOXIN BETA,"",NCI,1.49291446118422,6.50741231545835e-05,0.000180565935085617,Up,Other,TRUE,High
CXCL12,8,8,CYCLOPHOSPHAMIDE ANHYDROUS; RITUXIMAB; VINCRISTINE; OLAPTESED PEGOL; CHLORAMBUCIL; PREDNISONE; ALEMTUZUMAB; FLUDARABINE,; inhibitor,PharmGKB; TTD; ChEMBL,1.67901873757562,2.54225743812414e-09,1.49773327922626e-08,Up,Other,TRUE,High
GAL,8,8,ANTIDEPRESSANT AGENT; HYDROCORTISONE BUTYRATE; PRASTERONE; ESTRADIOL 3-BENZOATE; MIRTAZAPINE; HEROIN; LIOTHYRONINE; IMMUNOTOXIN,"",PharmGKB; NCI,-1.37268099378038,1.31201935780171e-06,4.94117766504975e-06,Down,Other,TRUE,High
UGT2B15,8,8,OXAZEPAM; PHENOBARBITAL; LORAZEPAM; ACETAMINOPHEN; SIPOGLITAZAR; GLYBURIDE; PHENYTOIN SODIUM; LAMOTRIGINE,"",PharmGKB,2.08475198924498,2.51777889276965e-08,1.25255443965862e-07,Up,Other,TRUE,High
VIP,8,8,FLUTAMIDE; DIGOXIN; AZASERINE; IL-7; RIBAVIRIN; THERAPEUTIC ANDROSTANOLONE; OMEPRAZOLE; LISINOPRIL ANHYDROUS,"",NCI,2.28165160235638,1.99173410039188e-10,1.43265239439457e-09,Up,Other,TRUE,High
CAMK2A,7,7,CURCUMIN; NVP-TAE684; SOTRASTAURIN; CYC-116; AZD-1080; CHEMBL:CHEMBL546797; CENISERTIB,"",DTC,1.57440556177872,1.27350312959699e-20,5.17476346871077e-19,Up,Other,TRUE,High
COL1A1,7,7,PAMIDRONATE; OCRIPLASMIN; ZOLEDRONIC ACID ANHYDROUS; ETIDRONIC ACID; COLLAGENASE CLOSTRIDIUM HISTOLYTICUM; VALPROIC ACID; SOMATROPIN (RECOMBINANT DNA ORIGIN),; cleavage,PharmGKB; ChEMBL; TEND; TdgClinicalTrial; ChEMBL,-1.66564284607089,2.39645431463353e-07,1.02435311898638e-06,Down,Other,TRUE,High
MMP7,7,7,RS 39066; SL422; DOXYCYCLINE ANHYDROUS; MARIMASTAT; ILOMASTAT; DOXYCYCLINE CALCIUM; PRINOMASTAT,inhibitor; ,GuideToPharmacology; ChEMBL; GuideToPharmacology; TTD; ChEMBL; GuideToPharmacology; ChEMBL; TTD,-5.56509610477307,3.82093125176136e-40,1.5109453264587e-37,Down,Protease,TRUE,High
CXCR1,6,7,"NAVARIXIN; REPARIXIN; CANOCTAKIN; LADARIXIN; SX-682; IBUPROFEN, SODIUM SALT",inhibitor; ; modulator,ChEMBL; TTD; TdgClinicalTrial; TTD; ChEMBL; TdgClinicalTrial; TTD,-1.78960125446337,0.00243730053192878,0.0050026526806129,Down,Other,TRUE,High
CYP2C18,6,6,ACENOCOUMAROL; CLOPIDOGREL; CITALOPRAM; CLOZAPINE; SERTRALINE HYDROCHLORIDE; WARFARIN,"",PharmGKB,1.27471541805097,3.87943702764427e-06,1.34943815767425e-05,Up,Other,TRUE,High
SNAP25,6,6,INCOBOTULINUMTOXINA; DIAZOXIDE; THERAPEUTIC STEROID HORMONE; PRABOTULINUMTOXIN A; TRENIBOTULINUMTOXINE; AMISULPRIDE,inhibitor; cleavage; ; cleavage,TEND; TTD; TdgClinicalTrial; ChEMBL; NCI; ChEMBL; PharmGKB,1.79727824909942,4.45451340281374e-10,3.00670382180762e-09,Up,Other,TRUE,High
CCR10,5,5,"LB42908; L-739,750; TIPIFARNIB; FTI 276; BMS-214662",inhibitor,GuideToPharmacology,1.50703457651738,1.54024103654901e-07,6.79138643610799e-07,Up,Other,TRUE,High
FCGR1A,5,5,URMC-099; MDX-210; RECOMBINANT INTERFERON; CEP-11981; MDX-447,inhibitor; modulator; ,GuideToPharmacology; ChEMBL; NCI; DTC; NCI; ChEMBL,-1.19222106171235,0.000116601512172652,0.000308596199290763,Down,Other,TRUE,High
GZMB,5,5,NSC 780521; GKT136901; COMPOUND 7C [PMID: 22041175]; HEXACHLOROPHENE; SETANAXIB,inhibitor; ,GuideToPharmacology; DTC,-1.7629638244515,3.2519161889042e-13,3.7076875647471e-12,Down,Other,TRUE,High
BMP2,4,4,CHEMBL:CHEMBL1467165; CHEMBL:CHEMBL1321401; BUTAMBEN; CHEMBL:CHEMBL1927048,"",DTC,1.30150729414825,1.44165606704345e-13,1.73910489694758e-12,Up,Other,TRUE,High
CES2,4,4,SN-38; MYCOPHENOLATE MOFETIL; MYCOPHENOLATE; IRINOTECAN HYDROCHLORIDE,"",PharmGKB,1.40798495979408,4.39221315128739e-13,4.91448942869721e-12,Up,Other,TRUE,High
COL4A1,4,4,FD6; OCRIPLASMIN; COLLAGENASE CLOSTRIDIUM HISTOLYTICUM; NKY80,activator; cleavage; inhibitor,GuideToPharmacology; ChEMBL,-1.25473703746411,1.72720745846348e-05,5.35741620892834e-05,Down,Other,TRUE,High
CR2,4,4,ADENOVIRUS VECTOR; AT-56; PROGESTERONE; DECITABINE,; inhibitor,NCI; GuideToPharmacology,2.01470169124492,1.77654821343342e-08,9.02920883523386e-08,Up,Other,TRUE,High
CXCL1,4,4,WWL70; KT-109; WWL123; ABX-1431,inhibitor,GuideToPharmacology,-2.09921463812889,1.87074954043264e-10,1.35283061101848e-09,Down,Other,TRUE,High
GPX3,4,4,COMPOUND 14B [PMID: 25742366]; DOXORUBICIN HYDROCHLORIDE; DAUNORUBICIN LIPOSOMAL; CL-AMIDINE,inhibitor; ,GuideToPharmacology; PharmGKB,1.52128512145154,7.20629218104478e-10,4.69785344315557e-09,Up,Other,TRUE,High
HMMR,4,4,FLUOROURACIL; HYALURONIC ACID; EPIRUBICIN; CYCLOPHOSPHAMIDE ANHYDROUS,"",PharmGKB; TdgClinicalTrial,-1.19315986691032,2.74329082537919e-06,9.80316820627568e-06,Down,Other,TRUE,High
NCAM1,4,4,LORVOTUZUMAB MERTANSINE; ONCOLYSIN S; BB-10901; DULOXETINE HYDROCHLORIDE,binder; ,TTD; ChEMBL; ChEMBL; PharmGKB,1.81367027123061,1.73403367942583e-13,2.05962549776784e-12,Up,Other,TRUE,High
SHH,4,4,CAFFEINE; VISMODEGIB; ROBOTNIKININ; TRETINOIN,"",NCI; DTC,-1.46522183125407,5.0176822081636e-16,9.23401607729359e-15,Down,Other,TRUE,High
UGT2B17,4,4,"DICLOFENAC SODIUM; VORINOSTAT; BELZUTIFAN; IBUPROFEN, SODIUM SALT","",PharmGKB,2.56867252001866,2.97055716487029e-07,1.25062693622545e-06,Up,Other,TRUE,High
ADH1B,3,3,NITREFAZOLE; ACETALDEHYDE; FOMEPIZOLE,inhibitor; ,ChEMBL; PharmGKB; TEND; TdgClinicalTrial; ChEMBL,2.83642307009552,5.23240352663412e-12,4.88950768745354e-11,Up,Other,TRUE,High
BUB1B,3,3,3-PHENYL-CPP; NIFLUMIC ACID; DIDS,blocker; activator,GuideToPharmacology,-1.09889808619002,3.05180824465194e-10,2.12447260929764e-09,Down,Other,TRUE,High
CCL8,3,3,RECOMBINANT INTERLEUKIN-1; RECOMBINANT CYTOKINE; RECOMBINANT INTERFERON,"",NCI,1.55043655979521,0.000334634281034872,0.000816590246601201,Up,Other,TRUE,High
CCNB1,3,3,KENPAULLONE; PROTOAPIGENONE; SELICICLIB,"",TTD; DTC,-1.34438970042282,4.6131489224225e-17,9.9857120800048e-16,Down,Other,TRUE,High
CD79B,3,4,POLATUZUMAB VEDOTIN; DIOA; MGD-010,binder; inhibitor; ,TTD; ChEMBL; GuideToPharmacology; TTD,1.22042881491287,1.30275428675185e-05,4.12047507824964e-05,Up,Other,TRUE,High
CDC6,3,3,BAY-8002; 7ACC2; AZD3965,inhibitor,GuideToPharmacology,-1.4713872499018,1.31218268072136e-20,5.31860445063387e-19,Down,Other,TRUE,High
CLU,3,3,CUSTIRSEN; CUSTIRSEN SODIUM; PREGNANT MARE SERUM GONADOTROPIN,antisense oligonucleotide; inhibitor; ,TALC; CancerCommons; NCI,1.41950342159457,1.71503625813592e-06,6.33680101484905e-06,Up,Other,TRUE,High
COL2A1,3,3,COLLAGENASE CLOSTRIDIUM HISTOLYTICUM; OCRIPLASMIN; ALBUTEROL SULFATE,cleavage; ,TEND; TdgClinicalTrial; ChEMBL; ChEMBL; PharmGKB,1.36219511959254,0.00583357563488817,0.0110996082347661,Up,Other,TRUE,High
EXO1,3,3,CAPECITABINE; PEMETREXED DISODIUM; FLUOROURACIL,"",PharmGKB,-1.40232216904266,1.15440514032923e-14,1.68010507541812e-13,Down,Other,TRUE,High
IGF1,3,4,XENTUZUMAB; DUSIGITUMAB; TROFINETIDE,inhibitor; ,TTD; ChEMBL; TdgClinicalTrial; TTD,1.14300901403296,3.60637533834693e-06,1.26258180437527e-05,Up,Growth Factor/Cytokine,TRUE,High
SYP,3,3,OXIDOPAMINE; PAREGORIC; DIMETHYL SULFOXIDE,"",NCI,1.33567366830512,3.30396975126961e-12,3.19995588872964e-11,Up,Other,TRUE,High
TTK,3,3,HESPERADIN; BAY-1161909; BAY1217389,inhibitor,DTC; ChEMBL,-1.18683449072075,0.000431562996805339,0.00103039224621884,Down,Other,TRUE,High
UHRF1,3,3,AFATINIB; GEFITINIB; ERLOTINIB,"",PharmGKB,-1.47243991525676,2.56817029928845e-13,2.97625054055494e-12,Down,Other,TRUE,High
