ID,Description,GeneRatio,BgRatio,RichFactor,FoldEnrichment,zScore,pvalue,p.adjust,qvalue,geneID,Count
GO:0030198,extracellular matrix organization,73/935,307/15250,0.237785016286645,3.87831176296399,13.0202383193792,1.88471868323308e-24,4.6994765204927e-21,3.89464680000007e-21,PLOD1/MMP12/P3H1/MMP13/MMP3/MMP11/P3H4/MELTF/COLGALT1/SERPINH1/ZNF469/FSCN1/COL11A1/LOX/ADAMTS12/ADAMTS2/LAMA1/COL27A1/FAP/OLFML2B/PDPN/P4HA3/COL3A1/TGFBI/ADAMTS14/COL4A1/COL1A1/MMP1/LUM/SULF1/MMP2/FKBP10/POSTN/COL5A1/RUNX1/COL1A2/PLOD3/PXDN/MMP9/ADAMTS4/COL5A2/COL4A2/EGFL6/ADAMTS20/MATN3/MMP14/LAMB1/ANTXR1/LOXL2/MMP10/PHLDB2/HAS2/CTSK/ADAMTS7/NID2/ADAMTS6/MMP7/GREM1/COL12A1/AEBP1/COL6A1/HAS3/MMP16/NID1/DMP1/TNFRSF11B/DPP4/LOXL4/EMILIN1/TCF15/ADAMTS18/CREB3L1/WNT3A,73
GO:0043062,extracellular structure organization,73/935,308/15250,0.237012987012987,3.86571984165567,12.984808060781,2.33009561638655e-24,4.6994765204927e-21,3.89464680000007e-21,PLOD1/MMP12/P3H1/MMP13/MMP3/MMP11/P3H4/MELTF/COLGALT1/SERPINH1/ZNF469/FSCN1/COL11A1/LOX/ADAMTS12/ADAMTS2/LAMA1/COL27A1/FAP/OLFML2B/PDPN/P4HA3/COL3A1/TGFBI/ADAMTS14/COL4A1/COL1A1/MMP1/LUM/SULF1/MMP2/FKBP10/POSTN/COL5A1/RUNX1/COL1A2/PLOD3/PXDN/MMP9/ADAMTS4/COL5A2/COL4A2/EGFL6/ADAMTS20/MATN3/MMP14/LAMB1/ANTXR1/LOXL2/MMP10/PHLDB2/HAS2/CTSK/ADAMTS7/NID2/ADAMTS6/MMP7/GREM1/COL12A1/AEBP1/COL6A1/HAS3/MMP16/NID1/DMP1/TNFRSF11B/DPP4/LOXL4/EMILIN1/TCF15/ADAMTS18/CREB3L1/WNT3A,73
GO:0045229,external encapsulating structure organization,73/935,309/15250,0.236245954692557,3.85320942145614,12.9495258741669,2.87781783251237e-24,4.6994765204927e-21,3.89464680000007e-21,PLOD1/MMP12/P3H1/MMP13/MMP3/MMP11/P3H4/MELTF/COLGALT1/SERPINH1/ZNF469/FSCN1/COL11A1/LOX/ADAMTS12/ADAMTS2/LAMA1/COL27A1/FAP/OLFML2B/PDPN/P4HA3/COL3A1/TGFBI/ADAMTS14/COL4A1/COL1A1/MMP1/LUM/SULF1/MMP2/FKBP10/POSTN/COL5A1/RUNX1/COL1A2/PLOD3/PXDN/MMP9/ADAMTS4/COL5A2/COL4A2/EGFL6/ADAMTS20/MATN3/MMP14/LAMB1/ANTXR1/LOXL2/MMP10/PHLDB2/HAS2/CTSK/ADAMTS7/NID2/ADAMTS6/MMP7/GREM1/COL12A1/AEBP1/COL6A1/HAS3/MMP16/NID1/DMP1/TNFRSF11B/DPP4/LOXL4/EMILIN1/TCF15/ADAMTS18/CREB3L1/WNT3A,73
GO:0051783,regulation of nuclear division,42/935,138/15250,0.304347826086957,4.96396186933271,11.9547046337936,8.4206903911765e-19,1.03132405565934e-15,8.54700074704414e-16,MAD2L2/TRIP13/NDC80/RAD51AP1/AURKA/PKMYT1/UBE2C/GPR3/BIRC5/SKA1/CDC20/PLK1/AURKB/CDC25C/MSX2/CDCA8/MAD2L1/HASPIN/MTBP/SPC25/NEK2/BUB1/CDCA2/KNL1/DLGAP5/ZWINT/KNTC1/FBXO5/BUB1B/CENPF/MKI67/NUSAP1/PDGFRB/CCNB1/TTK/NUF2/HOXA13/CCDC8/LIF/IGF2/EGF/FBXO43,42
GO:0007088,regulation of mitotic nuclear division,38/935,116/15250,0.327586206896552,5.34298358841969,11.9997204723905,2.33157977913738e-18,2.2844818675988e-15,1.89324278065955e-15,MAD2L2/TRIP13/NDC80/AURKA/PKMYT1/UBE2C/BIRC5/SKA1/CDC20/PLK1/AURKB/CDC25C/CDCA8/MAD2L1/HASPIN/MTBP/SPC25/NEK2/BUB1/CDCA2/KNL1/DLGAP5/ZWINT/KNTC1/FBXO5/BUB1B/CENPF/MKI67/NUSAP1/PDGFRB/CCNB1/TTK/NUF2/HOXA13/CCDC8/IGF2/EGF/FBXO43,38
GO:0030199,collagen fibril organization,29/935,70/15250,0.414285714285714,6.75706646294882,12.3380120177664,1.62992603075134e-17,1.33083460410847e-14,1.10291661414174e-14,PLOD1/P3H1/MMP11/P3H4/COLGALT1/SERPINH1/COL11A1/LOX/ADAMTS12/ADAMTS2/P4HA3/COL3A1/ADAMTS14/COL1A1/LUM/FKBP10/COL5A1/COL1A2/PLOD3/PXDN/COL5A2/LOXL2/ADAMTS7/GREM1/COL12A1/AEBP1/COL6A1/LOXL4/EMILIN1,29
GO:0140014,mitotic nuclear division,58/935,276/15250,0.210144927536232,3.42749748120592,10.4010031057655,6.02631291007149e-17,4.21755813520574e-14,3.49526148784146e-14,MAD2L2/TRIP13/MYBL2/NDC80/UHRF1/AURKA/PKMYT1/UBE2C/BIRC5/CDT1/SKA1/SPAG5/KIF2C/CDC20/KIF18B/PLK1/AURKB/PRC1/CDC25C/CENPI/TPX2/NCAPH/KNSTRN/KIF18A/CDCA8/KIFC1/CDK1/KIF23/MAD2L1/HASPIN/MTBP/SPC25/NEK2/BUB1/ANLN/CDCA2/KIF14/KNL1/DLGAP5/ZWINT/KNTC1/FBXO5/KIF4A/BUB1B/CENPF/MKI67/NUSAP1/PDGFRB/CENPE/CCNB1/TTK/NUF2/MISP/HOXA13/CCDC8/IGF2/EGF/FBXO43,58
GO:0000280,nuclear division,74/935,421/15250,0.175771971496437,2.86686905381889,9.92726884731255,1.04005087468854e-16,6.36901154387392e-14,5.27825818904432e-14,MAD2L2/CDC25B/TRIP13/MOV10L1/MYBL2/NDC80/UHRF1/RAD51AP1/AURKA/RAD51/PKMYT1/RAD54L/CKS2/P3H4/UBE2C/GPR3/BIRC5/CDT1/SKA1/SPAG5/KIF2C/CDC20/KIF18B/PLK1/AURKB/CCNB2/PRC1/CDC25C/MSX2/CENPI/TPX2/NCAPH/KNSTRN/KIF18A/CDCA8/KIFC1/CDK1/KIF23/TOP2A/MAD2L1/HASPIN/MTBP/SPC25/NEK2/BUB1/ANLN/CDCA2/KIF14/KNL1/DLGAP5/ZWINT/KNTC1/FBXO5/KIF4A/BUB1B/CENPF/MKI67/NUSAP1/PDGFRB/CENPE/CCNB1/TTK/NUF2/ASPM/MISP/MND1/SHOC1/HOXA13/CCDC8/M1AP/LIF/IGF2/EGF/FBXO43,74
GO:0000819,sister chromatid segregation,51/935,230/15250,0.221739130434783,3.61660079051383,10.2187372250401,4.64645879219011e-16,2.52922240254882e-13,2.09606918847687e-13,MAD2L2/TRIP13/MYBL2/NDC80/UHRF1/UBE2C/CDC6/BIRC5/CDT1/SKA1/SPAG5/TACC3/KIF2C/CDC20/KIF18B/PLK1/AURKB/PRC1/CENPI/TPX2/NCAPH/KNSTRN/KIF18A/CDCA8/KIFC1/CDK1/KIF23/TOP2A/ACTL6A/MAD2L1/HASPIN/SPC25/NEK2/BUB1/KIF14/KNL1/DLGAP5/ZWINT/KNTC1/FBXO5/DPF1/KIF4A/BUB1B/CENPF/NUSAP1/CENPE/CCNB1/TTK/NUF2/MISP/NEK6,51
GO:0032963,collagen metabolic process,33/935,103/15250,0.320388349514563,5.22558537978298,10.9969687861369,8.56455734779235e-16,4.19577664468347e-13,3.47721028320369e-13,MMP12/P3H1/MMP13/MMP3/MMP11/P3H4/SERPINH1/ADAMTS2/FAP/ADAMTS14/COL1A1/MMP1/MMP2/COL5A1/RUNX1/RCN3/COL1A2/PLOD3/INHBA/MMP9/TRAM2/CTSL/MMP14/F2R/MMP10/CTSK/P3H3/PCOLCE/MMP7/COL6A1/MMP16/EMILIN1/CREB3L1,33
GO:0000070,mitotic sister chromatid segregation,45/935,191/15250,0.235602094240838,3.84270795419548,10.103728627804,2.35370574838727e-15,9.95408086549734e-13,8.24935054376795e-13,MAD2L2/TRIP13/MYBL2/NDC80/UHRF1/UBE2C/BIRC5/CDT1/SKA1/SPAG5/KIF2C/CDC20/KIF18B/PLK1/AURKB/PRC1/CENPI/TPX2/NCAPH/KNSTRN/KIF18A/CDCA8/KIFC1/CDK1/KIF23/MAD2L1/HASPIN/SPC25/NEK2/BUB1/KIF14/KNL1/DLGAP5/ZWINT/KNTC1/FBXO5/KIF4A/BUB1B/CENPF/NUSAP1/CENPE/CCNB1/TTK/NUF2/MISP,45
GO:0098813,nuclear chromosome segregation,59/935,307/15250,0.192182410423453,3.13452594540926,9.65567276822968,2.43823168781319e-15,9.95408086549734e-13,8.24935054376795e-13,MAD2L2/TRIP13/MYBL2/NDC80/UHRF1/AURKA/P3H4/UBE2C/ECT2/CDC6/BIRC5/CDT1/SKA1/SPAG5/TACC3/KIF2C/CDC20/KIF18B/PLK1/AURKB/CCNB2/PRC1/CENPI/TPX2/NCAPH/KNSTRN/KIF18A/CDCA8/KIFC1/CDK1/KIF23/TOP2A/ACTL6A/MAD2L1/HASPIN/SPC25/NEK2/BUB1/KIF14/KNL1/DLGAP5/ZWINT/KNTC1/FBXO5/DPF1/KIF4A/BUB1B/CENPF/NUSAP1/CENPE/CCNB1/TTK/NUF2/ASPM/MISP/MND1/SHOC1/NEK6/M1AP,59
GO:0051784,negative regulation of nuclear division,25/935,63/15250,0.396825396825397,6.47228588405059,11.1233055586162,9.2978132119368e-15,3.50384514809834e-12,2.90377858772795e-12,MAD2L2/TRIP13/NDC80/BIRC5/SKA1/CDC20/PLK1/AURKB/CDCA8/MAD2L1/HASPIN/MTBP/SPC25/BUB1/KNL1/ZWINT/KNTC1/FBXO5/BUB1B/CENPF/CCNB1/TTK/NUF2/LIF/FBXO43,25
GO:0007059,chromosome segregation,69/935,414/15250,0.166666666666667,2.71836007130125,9.05913522419817,1.87237303811141e-14,6.55196822407701e-12,5.4298818105231e-12,MAD2L2/CENPW/TRIP13/MYBL2/NDC80/UHRF1/CENPL/AURKA/P3H4/UBE2C/ECT2/CDC6/STIL/BIRC5/CDT1/SKA1/SPAG5/BRCA1/TACC3/KIF2C/CDC20/KIF18B/PLK1/AURKB/CCNB2/PRC1/CENPI/TPX2/HJURP/NCAPH/KNSTRN/KIF18A/CDCA8/KIFC1/CDK1/KIF23/TOP2A/ACTL6A/MAD2L1/HASPIN/SPC25/NEK2/BUB1/CENPM/CDCA2/KIF14/KNL1/DLGAP5/ZWINT/KNTC1/OIP5/FBXO5/DPF1/KIF4A/BUB1B/CENPF/MKI67/NUSAP1/CENPE/CCNB1/ESCO2/TTK/NUF2/ASPM/MISP/MND1/SHOC1/NEK6/M1AP,69
GO:0007091,metaphase/anaphase transition of mitotic cell cycle,30/935,95/15250,0.315789473684211,5.15057697720236,10.3710592767854,2.72807167009984e-14,7.35021716897002e-12,6.09142308757262e-12,MAD2L2/TRIP13/NDC80/UBE2C/CDC6/BIRC5/SKA1/TACC3/CDC20/PLK1/AURKB/CDCA8/ACTL6A/MAD2L1/HASPIN/SPC25/BUB1/KNL1/DLGAP5/ZWINT/KNTC1/FBXO5/DPF1/BUB1B/CENPF/CENPE/CCNB1/TTK/NUF2/NEK6,30
GO:0033046,negative regulation of sister chromatid segregation,22/935,50/15250,0.44,7.17647058823529,11.1798093446918,2.85066597694285e-14,7.35021716897002e-12,6.09142308757262e-12,MAD2L2/TRIP13/NDC80/BIRC5/SKA1/CDC20/PLK1/AURKB/CDCA8/MAD2L1/HASPIN/SPC25/BUB1/KNL1/ZWINT/KNTC1/FBXO5/BUB1B/CENPF/CCNB1/TTK/NUF2,22
GO:0033048,negative regulation of mitotic sister chromatid segregation,22/935,50/15250,0.44,7.17647058823529,11.1798093446918,2.85066597694285e-14,7.35021716897002e-12,6.09142308757262e-12,MAD2L2/TRIP13/NDC80/BIRC5/SKA1/CDC20/PLK1/AURKB/CDCA8/MAD2L1/HASPIN/SPC25/BUB1/KNL1/ZWINT/KNTC1/FBXO5/BUB1B/CENPF/CCNB1/TTK/NUF2,22
GO:0045841,negative regulation of mitotic metaphase/anaphase transition,22/935,50/15250,0.44,7.17647058823529,11.1798093446918,2.85066597694285e-14,7.35021716897002e-12,6.09142308757262e-12,MAD2L2/TRIP13/NDC80/BIRC5/SKA1/CDC20/PLK1/AURKB/CDCA8/MAD2L1/HASPIN/SPC25/BUB1/KNL1/ZWINT/KNTC1/FBXO5/BUB1B/CENPF/CCNB1/TTK/NUF2,22
GO:2000816,negative regulation of mitotic sister chromatid separation,22/935,50/15250,0.44,7.17647058823529,11.1798093446918,2.85066597694285e-14,7.35021716897002e-12,6.09142308757262e-12,MAD2L2/TRIP13/NDC80/BIRC5/SKA1/CDC20/PLK1/AURKB/CDCA8/MAD2L1/HASPIN/SPC25/BUB1/KNL1/ZWINT/KNTC1/FBXO5/BUB1B/CENPF/CCNB1/TTK/NUF2,22
GO:0010965,regulation of mitotic sister chromatid separation,24/935,61/15250,0.39344262295082,6.41711229946524,10.8342530945327,4.01613854427011e-14,9.83753136418963e-12,8.15276124486832e-12,MAD2L2/TRIP13/NDC80/UBE2C/BIRC5/SKA1/CDC20/PLK1/AURKB/CDCA8/MAD2L1/HASPIN/SPC25/BUB1/KNL1/DLGAP5/ZWINT/KNTC1/FBXO5/BUB1B/CENPF/CCNB1/TTK/NUF2,24
GO:1902100,negative regulation of metaphase/anaphase transition of cell cycle,22/935,51/15250,0.431372549019608,7.03575547866205,11.0341791102088,4.72622580457591e-14,1.05244455530079e-11,8.72203489389918e-12,MAD2L2/TRIP13/NDC80/BIRC5/SKA1/CDC20/PLK1/AURKB/CDCA8/MAD2L1/HASPIN/SPC25/BUB1/KNL1/ZWINT/KNTC1/FBXO5/BUB1B/CENPF/CCNB1/TTK/NUF2,22
GO:1905819,negative regulation of chromosome separation,22/935,51/15250,0.431372549019608,7.03575547866205,11.0341791102088,4.72622580457591e-14,1.05244455530079e-11,8.72203489389918e-12,MAD2L2/TRIP13/NDC80/BIRC5/SKA1/CDC20/PLK1/AURKB/CDCA8/MAD2L1/HASPIN/SPC25/BUB1/KNL1/ZWINT/KNTC1/FBXO5/BUB1B/CENPF/CCNB1/TTK/NUF2,22
GO:0044784,metaphase/anaphase transition of cell cycle,30/935,97/15250,0.309278350515464,5.04437951375489,10.2121989942611,5.10309865846906e-14,1.08696001425391e-11,9.00807850147148e-12,MAD2L2/TRIP13/NDC80/UBE2C/CDC6/BIRC5/SKA1/TACC3/CDC20/PLK1/AURKB/CDCA8/ACTL6A/MAD2L1/HASPIN/SPC25/BUB1/KNL1/DLGAP5/ZWINT/KNTC1/FBXO5/DPF1/BUB1B/CENPF/CENPE/CCNB1/TTK/NUF2/NEK6,30
GO:0048285,organelle fission,74/935,472/15250,0.156779661016949,2.55710142300372,8.7823528385184,5.37226767613245e-14,1.09661413939054e-11,9.08808615212407e-12,MAD2L2/CDC25B/TRIP13/MOV10L1/MYBL2/NDC80/UHRF1/RAD51AP1/AURKA/RAD51/PKMYT1/RAD54L/CKS2/P3H4/UBE2C/GPR3/BIRC5/CDT1/SKA1/SPAG5/KIF2C/CDC20/KIF18B/PLK1/AURKB/CCNB2/PRC1/CDC25C/MSX2/CENPI/TPX2/NCAPH/KNSTRN/KIF18A/CDCA8/KIFC1/CDK1/KIF23/TOP2A/MAD2L1/HASPIN/MTBP/SPC25/NEK2/BUB1/ANLN/CDCA2/KIF14/KNL1/DLGAP5/ZWINT/KNTC1/FBXO5/KIF4A/BUB1B/CENPF/MKI67/NUSAP1/PDGFRB/CENPE/CCNB1/TTK/NUF2/ASPM/MISP/MND1/SHOC1/HOXA13/CCDC8/M1AP/LIF/IGF2/EGF/FBXO43,74
GO:0030071,regulation of mitotic metaphase/anaphase transition,29/935,91/15250,0.318681318681319,5.19774343303755,10.2643658252965,5.6382372413113e-14,1.10486896980736e-11,9.15649727988955e-12,MAD2L2/TRIP13/NDC80/UBE2C/CDC6/BIRC5/SKA1/CDC20/PLK1/AURKB/CDCA8/ACTL6A/MAD2L1/HASPIN/SPC25/BUB1/KNL1/DLGAP5/ZWINT/KNTC1/FBXO5/DPF1/BUB1B/CENPF/CENPE/CCNB1/TTK/NUF2/NEK6,29
GO:0033047,regulation of mitotic sister chromatid segregation,23/935,57/15250,0.403508771929825,6.58129280420302,10.7890020926486,7.1642452055244e-14,1.29991249118015e-11,1.07729020497885e-11,MAD2L2/TRIP13/NDC80/BIRC5/SKA1/CDC20/PLK1/AURKB/CDCA8/CDK1/MAD2L1/HASPIN/SPC25/BUB1/KNL1/ZWINT/KNTC1/FBXO5/BUB1B/CENPF/CCNB1/TTK/NUF2,23
GO:0045839,negative regulation of mitotic nuclear division,23/935,57/15250,0.403508771929825,6.58129280420302,10.7890020926486,7.1642452055244e-14,1.29991249118015e-11,1.07729020497885e-11,MAD2L2/TRIP13/NDC80/BIRC5/SKA1/CDC20/PLK1/AURKB/CDCA8/MAD2L1/HASPIN/MTBP/SPC25/BUB1/KNL1/ZWINT/KNTC1/FBXO5/BUB1B/CENPF/CCNB1/TTK/NUF2,23
GO:0051985,negative regulation of chromosome segregation,22/935,52/15250,0.423076923076923,6.90045248868778,10.8924250660771,7.72314804195092e-14,1.35127508062563e-11,1.11985646608288e-11,MAD2L2/TRIP13/NDC80/BIRC5/SKA1/CDC20/PLK1/AURKB/CDCA8/MAD2L1/HASPIN/SPC25/BUB1/KNL1/ZWINT/KNTC1/FBXO5/BUB1B/CENPF/CCNB1/TTK/NUF2,22
GO:0033045,regulation of sister chromatid segregation,31/935,105/15250,0.295238095238095,4.81538069773364,10.0260230889788,8.00890601837541e-14,1.35295277875935e-11,1.12124684257256e-11,MAD2L2/TRIP13/NDC80/UBE2C/CDC6/BIRC5/SKA1/TACC3/CDC20/PLK1/AURKB/CDCA8/CDK1/ACTL6A/MAD2L1/HASPIN/SPC25/BUB1/KNL1/DLGAP5/ZWINT/KNTC1/FBXO5/DPF1/BUB1B/CENPF/CENPE/CCNB1/TTK/NUF2/NEK6,31
GO:0001503,ossification,67/935,407/15250,0.164619164619165,2.68496498443023,8.80558173238294,8.38393788162214e-14,1.3690970560689e-11,1.13462625997953e-11,SHOX2/P3H1/MMP13/SNX10/SPP1/CTHRC1/CLEC11A/ERFE/LOX/CDH11/ADAMTS12/MSX2/GLI1/MDK/BMP8A/CCN4/DLX5/BAMBI/CCL3/TNFAIP6/EGR2/COL1A1/ASPN/IGFBP3/FBXO5/MMP2/VCAN/GLI2/RUNX1/COL1A2/TNC/SNAI2/FBN2/STC1/KREMEN2/NOTUM/SNAI1/ALOX15/MMP14/CBS/GPC3/LOC102724560/ITGA11/TNFSF11/TWIST1/CCR1/PTHLH/GDPD2/ADAMTS7/ADGRV1/TMEM119/GREM1/ISG15/CLEC5A/TP63/COL6A1/MMP16/DMP1/CHRDL2/SCUBE3/CYP27B1/WNT7B/SOX11/CYP24A1/IGF2/CREB3L1/WNT3A,67
GO:1902099,regulation of metaphase/anaphase transition of cell cycle,29/935,93/15250,0.311827956989247,5.08596400437008,10.1009029127148,1.06283504891132e-13,1.67962222729567e-11,1.39197106405806e-11,MAD2L2/TRIP13/NDC80/UBE2C/CDC6/BIRC5/SKA1/CDC20/PLK1/AURKB/CDCA8/ACTL6A/MAD2L1/HASPIN/SPC25/BUB1/KNL1/DLGAP5/ZWINT/KNTC1/FBXO5/DPF1/BUB1B/CENPF/CENPE/CCNB1/TTK/NUF2/NEK6,29
GO:0007094,mitotic spindle assembly checkpoint signaling,21/935,48/15250,0.4375,7.13569518716578,10.88090058666,1.26922276934027e-13,1.82880069029352e-11,1.51560130691809e-11,MAD2L2/TRIP13/NDC80/BIRC5/SKA1/CDC20/PLK1/AURKB/CDCA8/MAD2L1/HASPIN/SPC25/BUB1/KNL1/ZWINT/KNTC1/BUB1B/CENPF/CCNB1/TTK/NUF2,21
GO:0071173,spindle assembly checkpoint signaling,21/935,48/15250,0.4375,7.13569518716578,10.88090058666,1.26922276934027e-13,1.82880069029352e-11,1.51560130691809e-11,MAD2L2/TRIP13/NDC80/BIRC5/SKA1/CDC20/PLK1/AURKB/CDCA8/MAD2L1/HASPIN/SPC25/BUB1/KNL1/ZWINT/KNTC1/BUB1B/CENPF/CCNB1/TTK/NUF2,21
GO:0071174,mitotic spindle checkpoint signaling,21/935,48/15250,0.4375,7.13569518716578,10.88090058666,1.26922276934027e-13,1.82880069029352e-11,1.51560130691809e-11,MAD2L2/TRIP13/NDC80/BIRC5/SKA1/CDC20/PLK1/AURKB/CDCA8/MAD2L1/HASPIN/SPC25/BUB1/KNL1/ZWINT/KNTC1/BUB1B/CENPF/CCNB1/TTK/NUF2,21
GO:0051306,mitotic sister chromatid separation,24/935,64/15250,0.375,6.11631016042781,10.4822850388076,1.41864396285482e-13,1.98569622115022e-11,1.64562699691159e-11,MAD2L2/TRIP13/NDC80/UBE2C/BIRC5/SKA1/CDC20/PLK1/AURKB/CDCA8/MAD2L1/HASPIN/SPC25/BUB1/KNL1/DLGAP5/ZWINT/KNTC1/FBXO5/BUB1B/CENPF/CCNB1/TTK/NUF2,24
GO:0031577,spindle checkpoint signaling,21/935,49/15250,0.428571428571429,6.99006875477464,10.7330852605074,2.09414049708301e-13,2.84977619311379e-11,2.36172511615472e-11,MAD2L2/TRIP13/NDC80/BIRC5/SKA1/CDC20/PLK1/AURKB/CDCA8/MAD2L1/HASPIN/SPC25/BUB1/KNL1/ZWINT/KNTC1/BUB1B/CENPF/CCNB1/TTK/NUF2,21
GO:1905818,regulation of chromosome separation,25/935,75/15250,0.333333333333333,5.4367201426025,9.84371720618264,9.84561927160498e-13,1.30361321112413e-10,1.08035714169503e-10,MAD2L2/TRIP13/NDC80/UBE2C/BIRC5/SKA1/CDC20/PLK1/AURKB/NCAPH/CDCA8/MAD2L1/HASPIN/SPC25/BUB1/KNL1/DLGAP5/ZWINT/KNTC1/FBXO5/BUB1B/CENPF/CCNB1/TTK/NUF2,25
GO:0051983,regulation of chromosome segregation,33/935,129/15250,0.255813953488372,4.17236662106703,9.24738164516314,1.11310960781409e-12,1.43503262333717e-10,1.18926973887506e-10,MAD2L2/TRIP13/NDC80/UBE2C/CDC6/BIRC5/SKA1/TACC3/KIF2C/CDC20/PLK1/AURKB/NCAPH/CDCA8/CDK1/ACTL6A/MAD2L1/HASPIN/SPC25/BUB1/KNL1/DLGAP5/ZWINT/KNTC1/FBXO5/DPF1/BUB1B/CENPF/CENPE/CCNB1/TTK/NUF2/NEK6,33
GO:0051304,chromosome separation,26/935,82/15250,0.317073170731707,5.17151428198774,9.67982069022815,1.29867443961204e-12,1.63133489222036e-10,1.35195339098074e-10,MAD2L2/TRIP13/NDC80/UBE2C/BIRC5/SKA1/CDC20/PLK1/AURKB/NCAPH/CDCA8/MAD2L1/HASPIN/SPC25/BUB1/KNL1/DLGAP5/ZWINT/KNTC1/FBXO5/BUB1B/CENPF/CCNB1/TTK/NUF2/M1AP,26
GO:0048705,skeletal system morphogenesis,43/935,221/15250,0.194570135746606,3.17347012848743,8.31793614089684,1.03893343874831e-11,1.27243372910699e-09,1.05451744032953e-09,HOXB7/SIX1/HOXC9/SHOX2/HOXD11/HOXD10/MMP13/SERPINH1/COL11A1/MSX2/COL27A1/DLX5/SIX4/COL3A1/HOXC11/SFRP4/COL1A1/HOXA7/MMP2/FBN2/STC1/HOXC8/MMP14/CBS/TBX15/PRRX1/LOC102724560/TWIST1/HAS2/TMEM119/HOXD8/GREM1/CHST11/ALX1/MMP16/HOXB8/HOXB5/HOXB6/SOX11/HOXD9/TCF15/HOXA11/HOXB9,43
GO:0006935,chemotaxis,64/935,433/15250,0.147806004618938,2.41073964752813,7.61099595560896,4.04378609436747e-11,4.71678763721577e-09,3.90899322455522e-09,TREM2/FPR3/C5AR1/EPHB1/LOX/ANOS1/XCL1/FPR1/MDK/ARTN/TREM1/FCER1G/PGF/CCL3/TNFAIP6/CXCL6/CXCL8/MMP2/C3AR1/PDGFRB/ACKR3/SERPINE1/MET/CCL3L3/PLA2G7/FFAR2/CYP19A1/PLAU/CSF3R/GPNMB/CXCL9/CXCL11/TNFSF11/NEDD9/CCL18/CXCR4/CCR1/PDGFA/CCL4/FPR2/CXCL1/SUCNR1/PLAUR/SEMA6B/GREM1/CXCL10/TRPM2/RNASE2/NRG1/CCRL2/CCL26/VCAM1/WNT7B/CXCL13/RARRES2/DPP4/CCR8/WNT3A/HOXB9/PROK2/SEMA3C/SEMA3D/THBS1/CCL8,64
GO:0042330,taxis,64/935,433/15250,0.147806004618938,2.41073964752813,7.61099595560896,4.04378609436747e-11,4.71678763721577e-09,3.90899322455522e-09,TREM2/FPR3/C5AR1/EPHB1/LOX/ANOS1/XCL1/FPR1/MDK/ARTN/TREM1/FCER1G/PGF/CCL3/TNFAIP6/CXCL6/CXCL8/MMP2/C3AR1/PDGFRB/ACKR3/SERPINE1/MET/CCL3L3/PLA2G7/FFAR2/CYP19A1/PLAU/CSF3R/GPNMB/CXCL9/CXCL11/TNFSF11/NEDD9/CCL18/CXCR4/CCR1/PDGFA/CCL4/FPR2/CXCL1/SUCNR1/PLAUR/SEMA6B/GREM1/CXCL10/TRPM2/RNASE2/NRG1/CCRL2/CCL26/VCAM1/WNT7B/CXCL13/RARRES2/DPP4/CCR8/WNT3A/HOXB9/PROK2/SEMA3C/SEMA3D/THBS1/CCL8,64
GO:0048706,embryonic skeletal system development,31/935,131/15250,0.236641221374046,3.85965628444299,8.40076356985368,4.76796612304454e-11,5.43215489227795e-09,4.5018470836188e-09,HOXB7/SIX1/HOXC9/SHOX2/HOXD11/HOXD10/DLX4/COL11A1/DLX5/SIX4/HOXC11/COL1A1/HOXA7/SULF1/DMRT2/MMP14/TBX15/PRRX1/TWIST1/DLX6/CHST11/ALX1/MMP16/HOXB8/HOXB5/HOXB6/HOXC6/SOX11/HOXD9/HOXA11/HOXB9,31
GO:0044772,mitotic cell cycle phase transition,62/935,422/15250,0.146919431279621,2.39627949413285,7.43392385348906,1.06233093669021e-10,1.18280892246485e-08,9.8024172794597e-09,MAD2L2/CDC25B/E2F1/TRIP13/NDC80/AURKA/PKMYT1/CKS2/UBE2C/CDC6/STIL/BIRC5/FOXM1/CLSPN/SKA1/CCNF/BRCA1/CDC25A/TACC3/BLM/IQGAP3/CDC20/PLK1/AURKB/CCNB2/CDKN3/CDC25C/MELK/CDCA8/CDK1/RRM2/DTL/ACTL6A/MAD2L1/HASPIN/ORC1/MTBP/SPC25/BUB1/ANLN/KIF14/KNL1/DLGAP5/ZWINT/KNTC1/FBXO5/DPF1/BUB1B/CENPF/CENPE/BID/INHBA/CCNB1/TTK/BCAT1/CDK14/E2F7/NUF2/GPNMB/NEK6/CCNP/DACT1,62
GO:1901987,regulation of cell cycle phase transition,62/935,428/15250,0.144859813084112,2.36268679094408,7.3079461357427,1.91655217761112e-10,2.08648647069264e-08,1.72915596468914e-08,MAD2L2/CDC25B/E2F1/TRIP13/NDC80/AURKA/RAD51/PKMYT1/CDC45/UBE2C/MLF1/CDC6/STIL/BIRC5/CLSPN/CDT1/SKA1/BRCA1/CDC25A/BLM/CDC20/TIMELESS/PLK1/AURKB/CDC25C/GLI1/CDCA8/CDK1/RRM2/DTL/DYRK3/ACTL6A/MAD2L1/HASPIN/ORC1/MTBP/SPC25/BUB1/ANLN/KIF14/KNL1/DLGAP5/ZWINT/KNTC1/FBXO5/DPF1/BUB1B/CENPF/CENPE/BID/INHBA/CCNB1/TTK/RNF168/CDK14/E2F7/NUF2/GPNMB/NEK6/TP63/TCIM/DACT1,62
GO:0048568,embryonic organ development,63/935,441/15250,0.142857142857143,2.33002291825821,7.24346497051242,2.44343652370177e-10,2.60225989774238e-08,2.1565983230933e-08,HOXB7/EPHB2/TEAD4/SIX1/VAX2/HOXC9/SHOX2/HOXD11/MFAP2/WNT2/HOXD10/CTHRC1/STRA6/STIL/OTX1/COL11A1/FZD2/GLI1/PTK7/ASCL2/HEY1/DLX5/SIX4/HOXC11/TEAD2/ECE1/HOXA7/CXCL8/GLI2/FBN2/SNAI1/E2F7/MMP14/TBX15/PRRX1/TWIST1/PDGFA/SPARC/DLX6/KRT8/FOXE1/CHST11/EN1/ALX1/MMP16/HOXB8/HOXB5/HOXB6/WNT7B/SOX11/LIF/HOXD9/IGF2/RARRES2/GJA5/FOXL2/FBN1/HOXA11/ZIC1/PITX2/SALL1/WNT3A/HOXB9,63
GO:0051216,cartilage development,38/935,200/15250,0.19,3.09893048128342,7.63617044983562,3.43318641979131e-10,3.56357148998145e-08,2.95327622970498e-08,SHOX2/MMP13/SERPINH1/BGN/COL11A1/ADAMTS12/MSX2/MDK/BMP8A/CCN4/COL27A1/COL3A1/TGFBI/COL1A1/CHI3L1/LUM/SULF1/HMGA2/RUNX1/SNAI2/STC1/SNAI1/TIMP1/MATN3/SLC39A14/CBS/PRRX1/LOC102724560/LOXL2/CTSK/PTHLH/ADAMTS7/GREM1/CHST11/COL6A1/CHRDL2/WNT7B/HOXA11,38
GO:1901990,regulation of mitotic cell cycle phase transition,51/935,322/15250,0.158385093167702,2.58328627893845,7.33867039069755,3.49155810408471e-10,3.56357148998145e-08,2.95327622970498e-08,MAD2L2/CDC25B/E2F1/TRIP13/NDC80/AURKA/PKMYT1/UBE2C/CDC6/STIL/BIRC5/CLSPN/SKA1/BRCA1/CDC25A/BLM/CDC20/PLK1/AURKB/CDC25C/CDCA8/CDK1/RRM2/DTL/ACTL6A/MAD2L1/HASPIN/ORC1/MTBP/SPC25/BUB1/ANLN/KIF14/KNL1/DLGAP5/ZWINT/KNTC1/FBXO5/DPF1/BUB1B/CENPF/CENPE/BID/INHBA/CCNB1/TTK/E2F7/NUF2/GPNMB/NEK6/DACT1,51
GO:0048704,embryonic skeletal system morphogenesis,24/935,91/15250,0.263736263736264,4.30158077216901,8.07305958258272,6.87562442348959e-10,6.87422123483173e-08,5.69694595089137e-08,HOXB7/SIX1/HOXC9/SHOX2/HOXD11/HOXD10/COL11A1/SIX4/HOXC11/HOXA7/MMP14/TBX15/PRRX1/TWIST1/CHST11/ALX1/MMP16/HOXB8/HOXB5/HOXB6/SOX11/HOXD9/HOXA11/HOXB9,24
GO:0007346,regulation of mitotic cell cycle,66/935,485/15250,0.136082474226804,2.21952698605215,6.97551649569934,7.26276161964136e-10,7.11605383492461e-08,5.89736243514879e-08,MAD2L2/CDC25B/E2F1/TRIP13/NDC80/AURKA/PKMYT1/CKS2/UBE2C/CDC6/STIL/BIRC5/FOXM1/CLSPN/SKA1/BRCA1/CDC25A/BLM/CDC20/PLK1/CKS1B/AURKB/CDC25C/CDCA8/CDK1/RRM2/DTL/ACTL6A/MAD2L1/HASPIN/ORC1/MTBP/SPC25/NEK2/BUB1/ANLN/CDCA2/KIF14/KNL1/DLGAP5/ZWINT/KNTC1/FBXO5/DPF1/BUB1B/CENPF/MKI67/NUSAP1/PDGFRB/CENPE/BID/INHBA/CCNB1/TTK/E2F7/NUF2/GPNMB/HOXA13/NEK6/CCDC8/DACT1/MCIDAS/IGF2/EGF/FBXO43/RPRM,66
GO:0030574,collagen catabolic process,16/935,41/15250,0.390243902439024,6.36494065475414,8.79098081321106,8.46832688767486e-10,8.13457518092532e-08,6.74145238509018e-08,MMP12/MMP13/MMP3/MMP11/ADAMTS2/FAP/ADAMTS14/MMP1/MMP2/MMP9/CTSL/MMP14/MMP10/CTSK/MMP7/MMP16,16
GO:0048736,appendage development,36/935,189/15250,0.19047619047619,3.10669722434428,7.44795308517376,9.32291850311798e-10,8.61754297108962e-08,7.14170738163378e-08,HOXA10/SALL4/SHOX2/HOXD10/HOXC10/HOXC13/MSX2/DLX5/COL3A1/HOXC11/B4GALNT1/ECE1/FBN2/GNA12/KREMEN2/SLC7A11/HOXD13/GPC3/PRRX1/TWIST1/ITGA6/DLX6/GREM1/CHST11/HOXA13/EN1/TP63/ALX1/COL6A1/FREM2/HOXD9/GJA5/HOXA11/PITX2/SALL1/SEMA3C,36
GO:0060173,limb development,36/935,189/15250,0.19047619047619,3.10669722434428,7.44795308517376,9.32291850311798e-10,8.61754297108962e-08,7.14170738163378e-08,HOXA10/SALL4/SHOX2/HOXD10/HOXC10/HOXC13/MSX2/DLX5/COL3A1/HOXC11/B4GALNT1/ECE1/FBN2/GNA12/KREMEN2/SLC7A11/HOXD13/GPC3/PRRX1/TWIST1/ITGA6/DLX6/GREM1/CHST11/HOXA13/EN1/TP63/ALX1/COL6A1/FREM2/HOXD9/GJA5/HOXA11/PITX2/SALL1/SEMA3C,36
GO:0009952,anterior/posterior pattern specification,37/935,199/15250,0.185929648241206,3.03254239109988,7.37588749708703,1.10372571891756e-09,1.00132449944021e-07,8.29838225704682e-08,HOXA10/HOXB7/HOXC9/WNT2/HOXD10/AURKA/OTX1/HOXC10/XRCC2/HOXC13/MSX2/HES6/HEY1/LEFTY2/HOXC11/HOXA7/TDRD5/HOXC8/HOXD13/DMRT2/FEZF1/GPC3/HOXD8/HEYL/EN1/ALX1/HOXB8/HOXB5/HOXB6/HOXC6/HOXD9/MSGN1/TCF15/HOXA11/WNT3A/HOXB9/SEMA3C,37
GO:1901991,negative regulation of mitotic cell cycle phase transition,34/935,174/15250,0.195402298850575,3.18704284221526,7.41514523719321,1.36173503797731e-09,1.2129345365547e-07,1.00520804621598e-07,MAD2L2/TRIP13/NDC80/PKMYT1/CDC6/BIRC5/CLSPN/SKA1/BRCA1/BLM/CDC20/PLK1/AURKB/CDCA8/CDK1/DTL/MAD2L1/HASPIN/ORC1/SPC25/BUB1/KNL1/ZWINT/KNTC1/FBXO5/BUB1B/CENPF/INHBA/CCNB1/TTK/E2F7/NUF2/GPNMB/DACT1,34
GO:0090068,positive regulation of cell cycle process,42/935,249/15250,0.168674698795181,2.7511113974615,7.12006821062618,1.87172163015935e-09,1.61692428058634e-07,1.34001073263534e-07,CDC25B/NDC80/RAD51AP1/AURKA/UBE2C/FEN1/ECT2/CDC6/STIL/BIRC5/SKA1/SPAG5/CDC25A/CDC20/AURKB/CDC25C/MSX2/NCAPH/GLI1/CDCA8/CDK1/RRM2/DTL/KIF23/DYRK3/MAD2L1/DDX11/MTBP/CIT/BUB1/KIF14/KNL1/DLGAP5/FBXO5/NUSAP1/PDGFRB/CCNB1/E2F7/HOXA13/TP63/IGF2/EGF,42
GO:0030326,embryonic limb morphogenesis,28/935,126/15250,0.222222222222222,3.62448009506833,7.56007376418969,1.91430104662191e-09,1.61692428058634e-07,1.34001073263534e-07,HOXA10/SALL4/SHOX2/HOXD10/HOXC10/MSX2/DLX5/HOXC11/ECE1/FBN2/GNA12/HOXD13/GPC3/PRRX1/TWIST1/DLX6/GREM1/CHST11/HOXA13/EN1/TP63/ALX1/FREM2/HOXD9/GJA5/HOXA11/PITX2/SALL1,28
GO:0035113,embryonic appendage morphogenesis,28/935,126/15250,0.222222222222222,3.62448009506833,7.56007376418969,1.91430104662191e-09,1.61692428058634e-07,1.34001073263534e-07,HOXA10/SALL4/SHOX2/HOXD10/HOXC10/MSX2/DLX5/HOXC11/ECE1/FBN2/GNA12/HOXD13/GPC3/PRRX1/TWIST1/DLX6/GREM1/CHST11/HOXA13/EN1/TP63/ALX1/FREM2/HOXD9/GJA5/HOXA11/PITX2/SALL1,28
GO:1902850,microtubule cytoskeleton organization involved in mitosis,33/935,168/15250,0.196428571428571,3.20378151260504,7.34048101179221,2.06749213530794e-09,1.65791227484248e-07,1.37397914591967e-07,MYBL2/NDC80/UHRF1/WDR62/AURKA/STIL/CENPA/BIRC5/TACC3/CDC20/PLK1/AURKB/PRC1/TPX2/STMN1/CDCA8/KIFC1/CDK1/SAPCD2/KIF23/MAD2L1/SPC25/NEK2/DLGAP5/KIF4A/NUSAP1/CENPE/CCNB1/TTK/NUF2/MISP/NEK6/FSD1,33
GO:0035107,appendage morphogenesis,31/935,151/15250,0.205298013245033,3.34844353153664,7.41182769459254,2.07353669727362e-09,1.65791227484248e-07,1.37397914591967e-07,HOXA10/SALL4/SHOX2/HOXD10/HOXC10/MSX2/DLX5/COL3A1/HOXC11/ECE1/FBN2/GNA12/HOXD13/GPC3/PRRX1/TWIST1/DLX6/GREM1/CHST11/HOXA13/EN1/TP63/ALX1/COL6A1/FREM2/HOXD9/GJA5/HOXA11/PITX2/SALL1/SEMA3C,31
GO:0035108,limb morphogenesis,31/935,151/15250,0.205298013245033,3.34844353153664,7.41182769459254,2.07353669727362e-09,1.65791227484248e-07,1.37397914591967e-07,HOXA10/SALL4/SHOX2/HOXD10/HOXC10/MSX2/DLX5/COL3A1/HOXC11/ECE1/FBN2/GNA12/HOXD13/GPC3/PRRX1/TWIST1/DLX6/GREM1/CHST11/HOXA13/EN1/TP63/ALX1/COL6A1/FREM2/HOXD9/GJA5/HOXA11/PITX2/SALL1/SEMA3C,31
GO:0008608,attachment of spindle microtubules to kinetochore,18/935,55/15250,0.327272727272727,5.33787068546427,8.23641849791985,2.11650948618555e-09,1.65791227484248e-07,1.37397914591967e-07,NDC80/ECT2/BIRC5/CDT1/SKA1/SPAG5/KIF2C/AURKB/KNSTRN/CDCA8/CDK1/SPC25/NEK2/KNL1/KNTC1/CENPE/CCNB1/NUF2,18
GO:0035987,endodermal cell differentiation,17/935,49/15250,0.346938775510204,5.65862708719852,8.34739028395208,2.13203660573743e-09,1.65791227484248e-07,1.37397914591967e-07,COL11A1/COL8A1/MMP2/HMGA2/COL7A1/COL5A1/INHBA/MMP9/LAMB3/COL5A2/COL4A2/MMP14/LAMB1/COL12A1/COL6A1/FN1/ITGA5,17
GO:0048562,embryonic organ morphogenesis,45/935,283/15250,0.159010600706714,2.59348840724854,6.91521294517454,3.39987545386381e-09,2.58334745185966e-07,2.14092481211476e-07,HOXB7/EPHB2/SIX1/VAX2/HOXC9/SHOX2/HOXD11/MFAP2/HOXD10/CTHRC1/STRA6/STIL/OTX1/COL11A1/FZD2/GLI1/PTK7/DLX5/SIX4/HOXC11/TEAD2/HOXA7/FBN2/MMP14/TBX15/PRRX1/TWIST1/SPARC/DLX6/FOXE1/CHST11/ALX1/MMP16/HOXB8/HOXB5/HOXB6/SOX11/HOXD9/FOXL2/FBN1/HOXA11/ZIC1/PITX2/WNT3A/HOXB9,45
GO:0007389,pattern specification process,60/935,438/15250,0.136986301369863,2.23426855175445,6.69839383770617,3.4275889849128e-09,2.58334745185966e-07,2.14092481211476e-07,HOXA10/HOXB7/SIX1/VAX2/HOXC9/HOXD11/WNT2/HOXD10/AURKA/STIL/OTX1/HOXC10/XRCC2/HOXC13/MSX2/GLI1/HES6/HEY1/LEFTY2/EFNB1/HOXC11/EGR2/HOXA7/EMX1/CFAP53/GLI2/TDRD5/STC1/HOXC8/SNAI1/HOXD13/LMX1B/FST/DMRT2/FEZF1/DZIP1L/GPC3/HOXD8/GREM1/HEYL/EN1/TP63/ALX1/BICC1/FOXD1/HOXB8/HOXB5/HOXB6/WNT7B/HOXC6/HOXD9/MSGN1/TCF15/HOXA11/ZIC1/PITX2/WNT3A/HOXB9/SEMA3C/RIPPLY3,60
GO:0044771,meiotic cell cycle phase transition,10/935,16/15250,0.625,10.1938502673797,9.40332082304195,4.08804447393685e-09,3.03444392088131e-07,2.51476675214903e-07,CDC25B/NDC80/PKMYT1/CDC25A/CDC20/CCNB2/CDC25C/KNL1/ZWINT/TTK,10
GO:0060326,cell chemotaxis,46/935,298/15250,0.154362416107383,2.51767577073538,6.76189309179302,5.96652294647542e-09,4.36268595743031e-07,3.61553480040152e-07,C5AR1/EPHB1/LOX/XCL1/MDK/TREM1/FCER1G/PGF/CCL3/TNFAIP6/CXCL6/CXCL8/MMP2/C3AR1/PDGFRB/ACKR3/SERPINE1/MET/CCL3L3/PLA2G7/FFAR2/CYP19A1/CSF3R/CXCL9/CXCL11/TNFSF11/NEDD9/CCL18/CXCR4/CCR1/CCL4/FPR2/CXCL1/GREM1/CXCL10/TRPM2/CCRL2/CCL26/VCAM1/CXCL13/RARRES2/DPP4/CCR8/HOXB9/THBS1/CCL8,46
GO:0001763,morphogenesis of a branching structure,36/935,204/15250,0.176470588235294,2.8782636049072,6.90226945767046,7.92397973724421e-09,5.70876128422932e-07,4.73108201958993e-07,HOXB7/SIX1/SHOX2/HOXD11/WNT2/PLXNA1/TIMELESS/MSX2/MDK/LAMA1/SIX4/CTSZ/COL4A1/SULF1/HMGA2/GLI2/TNC/SNAI2/MET/ETV5/HOXD13/PLXND1/MMP14/GPC3/PDGFA/GREM1/HOXA13/TP63/FIGNL2/FOXD1/HOXB13/EGF/HOXA11/PITX2/SALL1/SEMA3C,36
GO:0051310,metaphase chromosome alignment,24/935,102/15250,0.235294117647059,3.83768480654294,7.34881651441446,8.23613217535676e-09,5.8476538445033e-07,4.84618791767369e-07,NDC80/ECT2/BIRC5/CDT1/SKA1/SPAG5/KIF2C/AURKB/KNSTRN/KIF18A/CDCA8/KIFC1/CDK1/SPC25/NEK2/KIF14/KNL1/ZWINT/KNTC1/CENPF/CENPE/CCNB1/TTK/NUF2,24
GO:0003002,regionalization,55/935,395/15250,0.139240506329114,2.27103499627699,6.54109624975757,8.77157547028097e-09,6.13884974698664e-07,5.08751377276296e-07,HOXA10/HOXB7/SIX1/VAX2/HOXC9/HOXD11/WNT2/HOXD10/AURKA/STIL/OTX1/HOXC10/XRCC2/HOXC13/MSX2/GLI1/HES6/HEY1/LEFTY2/HOXC11/EGR2/HOXA7/EMX1/CFAP53/GLI2/TDRD5/HOXC8/SNAI1/HOXD13/LMX1B/DMRT2/FEZF1/DZIP1L/GPC3/HOXD8/GREM1/HEYL/EN1/TP63/ALX1/BICC1/FOXD1/HOXB8/HOXB5/HOXB6/WNT7B/HOXC6/HOXD9/MSGN1/TCF15/HOXA11/PITX2/WNT3A/HOXB9/SEMA3C,55
GO:0010948,negative regulation of cell cycle process,45/935,292/15250,0.154109589041096,2.51355212072376,6.67394854009331,9.20095110939899e-09,6.34865626548531e-07,5.26138894424788e-07,MAD2L2/E2F1/TRIP13/NDC80/RAD51/PKMYT1/CDC45/CDC6/BIRC5/CLSPN/CDT1/SKA1/CCNF/BRCA1/BLM/CDC20/TIMELESS/PLK1/AURKB/CDCA8/CDK1/DTL/MAD2L1/HASPIN/ORC1/MTBP/SPC25/NEK2/BUB1/KNL1/ZWINT/KNTC1/FBXO5/BUB1B/CENPF/INHBA/CCNB1/TTK/RNF168/E2F7/NUF2/GPNMB/DACT1/LIF/FBXO43,45
GO:0000075,cell cycle checkpoint signaling,34/935,187/15250,0.181818181818182,2.96548371414682,6.91138882303853,9.44161260900252e-09,6.42423057937546e-07,5.32402044340975e-07,MAD2L2/E2F1/TRIP13/NDC80/RAD51/CDC45/CDC6/BIRC5/CLSPN/CDT1/SKA1/BRCA1/BLM/CDC20/TIMELESS/PLK1/AURKB/CDCA8/CDK1/DTL/MAD2L1/HASPIN/ORC1/SPC25/BUB1/KNL1/ZWINT/KNTC1/BUB1B/CENPF/CCNB1/TTK/RNF168/NUF2,34
GO:0007052,mitotic spindle organization,28/935,135/15250,0.207407407407407,3.38284808873044,7.10705990428861,9.80537809198016e-09,6.58034894145353e-07,5.45340206211499e-07,MYBL2/NDC80/UHRF1/WDR62/AURKA/STIL/BIRC5/TACC3/CDC20/PLK1/AURKB/PRC1/TPX2/STMN1/CDCA8/KIFC1/KIF23/SPC25/NEK2/DLGAP5/KIF4A/CENPE/CCNB1/TTK/NUF2/MISP/NEK6/FSD1,28
GO:0007093,mitotic cell cycle checkpoint signaling,28/935,136/15250,0.205882352941176,3.35797420572507,7.05910442884817,1.16393381493283e-08,7.70555643156204e-07,6.38590714679361e-07,MAD2L2/TRIP13/NDC80/CDC6/BIRC5/CLSPN/SKA1/BRCA1/BLM/CDC20/PLK1/AURKB/CDCA8/CDK1/DTL/MAD2L1/HASPIN/ORC1/SPC25/BUB1/KNL1/ZWINT/KNTC1/BUB1B/CENPF/CCNB1/TTK/NUF2,28
GO:0061138,morphogenesis of a branching epithelium,34/935,189/15250,0.17989417989418,2.93410293410293,6.83776849783395,1.24848154364335e-08,8.15508144307838e-07,6.75844675625602e-07,HOXB7/SIX1/HOXD11/WNT2/PLXNA1/TIMELESS/MSX2/MDK/LAMA1/SIX4/CTSZ/COL4A1/SULF1/HMGA2/GLI2/TNC/SNAI2/MET/ETV5/HOXD13/PLXND1/MMP14/GPC3/PDGFA/GREM1/HOXA13/TP63/FOXD1/HOXB13/EGF/HOXA11/PITX2/SALL1/SEMA3C,34
GO:0061448,connective tissue development,44/935,287/15250,0.153310104529617,2.50051240008198,6.55846206103401,1.57871756334425e-08,1.01764965037151e-06,8.43367540418111e-07,SHOX2/MMP13/SERPINH1/BGN/COL11A1/LOX/ADAMTS12/MSX2/MDK/BMP8A/CCN4/COL27A1/COL3A1/TGFBI/GPR4/COL1A1/CHI3L1/LUM/SULF1/HMGA2/COL5A1/RUNX1/SNAI2/PDGFRB/STC1/SNAI1/TIMP1/MATN3/SLC39A14/CBS/PRRX1/LOC102724560/LOXL2/CTSK/PTHLH/ADAMTS7/GREM1/CHST11/LPL/COL6A1/FOXD1/CHRDL2/WNT7B/HOXA11,44
GO:1901988,negative regulation of cell cycle phase transition,40/935,251/15250,0.159362549800797,2.59922875343546,6.52900662451596,2.38110019545566e-08,1.51493634513471e-06,1.25548919396753e-06,MAD2L2/E2F1/TRIP13/NDC80/RAD51/PKMYT1/CDC45/CDC6/BIRC5/CLSPN/CDT1/SKA1/BRCA1/BLM/CDC20/TIMELESS/PLK1/AURKB/CDCA8/CDK1/DTL/MAD2L1/HASPIN/ORC1/SPC25/BUB1/KNL1/ZWINT/KNTC1/FBXO5/BUB1B/CENPF/INHBA/CCNB1/TTK/RNF168/E2F7/NUF2/GPNMB/DACT1,40
GO:0001706,endoderm formation,17/935,57/15250,0.298245614035088,4.86443381180223,7.47020196665524,2.87375997464019e-08,1.79310913975481e-06,1.48602227136242e-06,COL11A1/COL8A1/MMP2/HMGA2/COL7A1/COL5A1/INHBA/MMP9/LAMB3/COL5A2/COL4A2/MMP14/LAMB1/COL12A1/COL6A1/FN1/ITGA5,17
GO:0009954,proximal/distal pattern formation,13/935,33/15250,0.393939393939394,6.42521471398477,7.97333831708776,2.89152116841457e-08,1.79310913975481e-06,1.48602227136242e-06,HOXA10/HOXC9/HOXD10/HOXC10/GLI1/HOXC11/GLI2/GREM1/EN1/TP63/HOXD9/HOXA11/HOXB9,13
GO:0050000,chromosome localization,25/935,117/15250,0.213675213675214,3.48507701448878,6.89606075019383,3.23263298354963e-08,1.97958362330121e-06,1.64056123915144e-06,NDC80/ECT2/BIRC5/CDT1/SKA1/SPAG5/KIF2C/AURKB/KNSTRN/KIF18A/CDCA8/KIFC1/CDK1/SPC25/NEK2/KIF14/KNL1/DLGAP5/ZWINT/KNTC1/CENPF/CENPE/CCNB1/TTK/NUF2,25
GO:0001649,osteoblast differentiation,37/935,230/15250,0.160869565217391,2.62380841664729,6.34153730048695,6.20948968340753e-08,3.75559135296463e-06,3.11241087834995e-06,SHOX2/SPP1/CTHRC1/ERFE/LOX/MSX2/GLI1/CCN4/DLX5/BAMBI/CCL3/TNFAIP6/COL1A1/IGFBP3/FBXO5/VCAN/GLI2/TNC/SNAI2/FBN2/SNAI1/ITGA11/TWIST1/PTHLH/GDPD2/TMEM119/GREM1/CLEC5A/TP63/COL6A1/SCUBE3/WNT7B/SOX11/CYP24A1/IGF2/CREB3L1/WNT3A,37
GO:2001251,negative regulation of chromosome organization,22/935,97/15250,0.22680412371134,3.69921164342026,6.81560331726688,6.97376955018328e-08,4.16640207638389e-06,3.45286638704197e-06,MAD2L2/TRIP13/NDC80/BIRC5/SKA1/CDC20/PLK1/AURKB/CDCA8/MAD2L1/HASPIN/SPC25/BUB1/KNL1/ZWINT/KNTC1/FBXO5/BUB1B/CENPF/CCNB1/TTK/NUF2,22
GO:0060541,respiratory system development,36/935,222/15250,0.162162162162162,2.644890880185,6.30948334418623,7.59491830693685e-08,4.4828319018896e-06,3.71510461761008e-06,SIX1/WNT2/MMP12/STRA6/LOX/TIMELESS/ADAMTS2/GLI1/PTK7/EVA1A/LAMA1/DLX5/PDPN/SIX4/COL3A1/MSC/CTSZ/CHI3L1/HMGA2/GLI2/RCN3/PLOD3/TNC/SLC7A11/MME/MMP14/GPC3/PDGFA/HSD11B1/COL6A1/ABCA12/WNT7B/SOX11/LIF/FBN1/PITX2,36
GO:0022617,extracellular matrix disassembly,17/935,61/15250,0.278688524590164,4.54545454545455,7.09092774104167,8.75208924722174e-08,5.04429237907521e-06,4.1804096874965e-06,MMP12/MMP13/MMP3/MMP11/MELTF/FSCN1/FAP/PDPN/MMP1/MMP2/MMP9/ADAMTS4/MMP14/MMP10/CTSK/MMP7/DPP4,17
GO:1903053,regulation of extracellular matrix organization,17/935,61/15250,0.278688524590164,4.54545454545455,7.09092774104167,8.75208924722174e-08,5.04429237907521e-06,4.1804096874965e-06,MELTF/COLGALT1/ZNF469/FSCN1/LAMA1/FAP/PDPN/RUNX1/LAMB1/ANTXR1/HAS2/AEBP1/COL6A1/NID1/DPP4/EMILIN1/TCF15,17
GO:0007051,spindle organization,34/935,205/15250,0.165853658536585,2.70509977827051,6.28147222649397,9.97008306674557e-08,5.67946941209146e-06,4.70680665709151e-06,MYBL2/NDC80/UHRF1/WDR62/AURKA/STIL/BIRC5/SKA1/SPAG5/TACC3/CDC20/PLK1/AURKB/CCNB2/PRC1/TPX2/STMN1/KNSTRN/CDCA8/KIFC1/KIF23/SPC25/NEK2/DLGAP5/FBXO5/KIF4A/CENPE/CCNB1/TTK/NUF2/ASPM/MISP/NEK6/FSD1,34
GO:1903046,meiotic cell cycle process,33/935,200/15250,0.165,2.69117647058824,6.15271058537711,1.73808488709946e-07,9.78721593321868e-06,8.11106280646415e-06,CDC25B/TRIP13/MOV10L1/NDC80/RAD51AP1/AURKA/RAD51/PKMYT1/RAD54L/CKS2/P3H4/GPR3/SKA1/CDC25A/CDC20/PLK1/CCNB2/CDC25C/MSX2/NCAPH/KIF18A/TOP2A/KNL1/ZWINT/FBXO5/TTK/NUF2/ASPM/MND1/SHOC1/M1AP/LIF/FBXO43,33
GO:1905330,regulation of morphogenesis of an epithelium,17/935,64/15250,0.265625,4.33238636363636,6.82738587532212,1.88862810687091e-07,1.05140785176825e-05,8.71344331124536e-06,HOXB7/SIX1/WNT2/ADAMTS12/ITGAX/MDK/SIX4/SULF1/SNAI2/ETV5/HOXD13/LBX2/PDGFA/GREM1/CXCL10/LIF/EGF,17
GO:0045786,negative regulation of cell cycle,49/935,366/15250,0.133879781420765,2.18360071301248,5.85755994278163,1.96366868848894e-07,1.08090032639408e-05,8.95785941041024e-06,MAD2L2/E2F1/TRIP13/HOXC9/NDC80/HOXD10/RAD51/PKMYT1/CDC45/CDC6/BIRC5/CLSPN/CDT1/SKA1/CCNF/BRCA1/BLM/MAPK12/CDC20/TIMELESS/PLK1/AURKB/CDCA8/CDK1/DTL/MAD2L1/HASPIN/ORC1/MTBP/SPC25/NEK2/BUB1/KNL1/ZWINT/KNTC1/FBXO5/BUB1B/CENPF/INHBA/CCNB1/TTK/RNF168/E2F7/NUF2/GPNMB/DACT1/MCIDAS/LIF/FBXO43,49
GO:0045930,negative regulation of mitotic cell cycle,35/935,221/15250,0.158371040723982,2.58305708132698,6.05840749191069,2.08350631205438e-07,1.1341219358616e-05,9.39892847437866e-06,MAD2L2/TRIP13/NDC80/PKMYT1/CDC6/BIRC5/CLSPN/SKA1/BRCA1/BLM/CDC20/PLK1/AURKB/CDCA8/CDK1/DTL/MAD2L1/HASPIN/ORC1/MTBP/SPC25/BUB1/KNL1/ZWINT/KNTC1/FBXO5/BUB1B/CENPF/INHBA/CCNB1/TTK/E2F7/NUF2/GPNMB/DACT1,35
GO:0140013,meiotic nuclear division,30/935,176/15250,0.170454545454545,2.78014098201264,6.07053948749665,3.04398813682985e-07,1.63873603102521e-05,1.35808701489332e-05,CDC25B/TRIP13/MOV10L1/NDC80/RAD51AP1/AURKA/RAD51/RAD54L/CKS2/P3H4/GPR3/SKA1/CDC20/PLK1/CCNB2/MSX2/NCAPH/KIF18A/TOP2A/KNL1/ZWINT/FBXO5/TTK/NUF2/ASPM/MND1/SHOC1/M1AP/LIF/FBXO43,30
GO:0030324,lung development,32/935,196/15250,0.163265306122449,2.66288333515224,5.98817759893239,3.40952710238898e-07,1.81557318202213e-05,1.50463913431514e-05,WNT2/MMP12/STRA6/LOX/TIMELESS/ADAMTS2/GLI1/PTK7/EVA1A/LAMA1/PDPN/COL3A1/CTSZ/CHI3L1/HMGA2/GLI2/RCN3/PLOD3/TNC/SLC7A11/MME/MMP14/GPC3/PDGFA/HSD11B1/COL6A1/ABCA12/WNT7B/SOX11/LIF/FBN1/PITX2,32
GO:0051988,regulation of attachment of spindle microtubules to kinetochore,10/935,23/15250,0.434782608695652,7.09137409904673,7.4714144486674,3.93190962331962e-07,2.05946398726997e-05,1.70676133666382e-05,ECT2/BIRC5/SPAG5/AURKB/KNSTRN/CDCA8/CDK1/NEK2/KNTC1/CCNB1,10
GO:0060348,bone development,33/935,207/15250,0.159420289855072,2.6001705029838,5.92399955123922,3.951614917399e-07,2.05946398726997e-05,1.70676133666382e-05,SHOX2/P3H1/MMP13/SNX10/SERPINH1/BGN/LOX/ADAMTS12/MSX2/CCN4/COL27A1/DLX5/COL3A1/SFRP4/COL1A1/SULF1/STC1/NOTUM/MMP14/CBS/LOC102724560/TNFSF11/TWIST1/HAS2/PDGFA/ADAMTS7/TMEM119/GREM1/COL6A1/MMP16/FBN1/HOXA11/PITX2,33
GO:0030595,leukocyte chemotaxis,34/935,219/15250,0.155251141552511,2.53217102532171,5.8366839406741,5.00612287647339e-07,2.58157852335191e-05,2.13945882931389e-05,C5AR1/XCL1/MDK/TREM1/FCER1G/PGF/CCL3/TNFAIP6/CXCL6/CXCL8/MMP2/C3AR1/SERPINE1/PLA2G7/FFAR2/CYP19A1/CSF3R/CXCL9/CXCL11/TNFSF11/NEDD9/CXCR4/CCR1/CCL4/FPR2/GREM1/CXCL10/TRPM2/CCL26/CXCL13/RARRES2/DPP4/THBS1/CCL8,34
GO:0030323,respiratory tube development,32/935,200/15250,0.16,2.6096256684492,5.85601861248541,5.43766931469698e-07,2.7749106221563e-05,2.29968098100727e-05,WNT2/MMP12/STRA6/LOX/TIMELESS/ADAMTS2/GLI1/PTK7/EVA1A/LAMA1/PDPN/COL3A1/CTSZ/CHI3L1/HMGA2/GLI2/RCN3/PLOD3/TNC/SLC7A11/MME/MMP14/GPC3/PDGFA/HSD11B1/COL6A1/ABCA12/WNT7B/SOX11/LIF/FBN1/PITX2,32
GO:0045787,positive regulation of cell cycle,43/935,316/15250,0.136075949367089,2.21942056454342,5.5980889398531,7.04768152009638e-07,3.55944245020126e-05,2.94985432696818e-05,CDC25B/NDC80/RAD51AP1/AURKA/UBE2C/FEN1/ECT2/CDC6/STIL/BIRC5/SKA1/SPAG5/CDC25A/CDC20/AURKB/CDC25C/MSX2/NCAPH/GLI1/CDCA8/CDK1/RRM2/DTL/KIF23/DYRK3/MAD2L1/DDX11/MTBP/CIT/BUB1/KIF14/KNL1/DLGAP5/FBXO5/NUSAP1/PDGFRB/CCNB1/E2F7/HOXA13/TP63/IGF2/EGF/MAGEA4,43
GO:0050900,leukocyte migration,48/935,371/15250,0.129380053908356,2.11020943540366,5.53268326406976,7.23914120311218e-07,3.58910661129583e-05,2.9744382204248e-05,TREM2/TNFRSF18/C5AR1/XCL1/THY1/ASCL2/MDK/ARTN/TREM1/FCER1G/PGF/CCL3/TNFAIP6/HOXA7/CXCL6/LRP12/CXCL8/MMP2/FADD/C3AR1/CHST2/SERPINE1/PLA2G7/FFAR2/CYP19A1/CSF3R/MMP14/CXCL9/CXCL11/TNFSF11/NEDD9/CXCR4/CCR1/CCL4/FPR2/ITGA6/GREM1/CXCL10/TRPM2/SELE/CCL26/VCAM1/CXCL13/RARRES2/DPP4/EMILIN1/THBS1/CCL8,48
GO:0006261,DNA-templated DNA replication,28/935,164/15250,0.170731707317073,2.78466153645494,5.87248001539408,7.25294048822795e-07,3.58910661129583e-05,2.9744382204248e-05,MCM10/RAD51/CDC45/FEN1/CDC6/GINS4/TK1/MCM7/TONSL/MCM2/RFC4/CDT1/ORC6/GINS1/BRCA1/BLM/TIMELESS/CDK1/DDX11/ORC1/EXO1/MCM8/WDHD1/HLTF/FBXO5/E2F7/POLQ/MCIDAS,28
GO:0051445,regulation of meiotic cell cycle,16/935,63/15250,0.253968253968254,4.14226296579238,6.38715736981207,8.38744156933473e-07,4.10900762481708e-05,3.4053012771499e-05,CDC25B/TRIP13/RAD51AP1/PKMYT1/GPR3/CDC25A/CDC20/CDC25C/MSX2/KNL1/ZWINT/FBXO5/TTK/ASPM/LIF/FBXO43,16
GO:0072001,renal system development,43/935,319/15250,0.134796238244514,2.19854827083298,5.52888090291543,9.12229841957839e-07,4.42476633242718e-05,3.66698332509785e-05,HOXB7/SIX1/HOXD11/STRA6/EPCAM/SOX4/PTK7/PCSK9/SIX4/HOXC11/GPR4/COL4A1/SULF1/FADD/CENPF/GLI2/HELLS/PDGFRB/MMP9/KIF26B/ODC1/ENPEP/GLIS2/MME/PLXND1/GPC3/HAS2/PDGFA/ADAMTS6/GREM1/HEYL/LGR5/BICC1/NID1/FOXD1/FREM2/WNT7B/SOX11/LIF/FBN1/HOXA11/SALL1/CALB1,43
GO:0061982,meiosis I cell cycle process,23/935,123/15250,0.186991869918699,3.04986739706969,5.83354741056983,1.39689699369752e-06,6.70921409031781e-05,5.56019783765877e-05,CDC25B/TRIP13/MOV10L1/NDC80/RAD51AP1/AURKA/RAD51/PKMYT1/RAD54L/CKS2/P3H4/CDC25A/CDC20/PLK1/CCNB2/CDC25C/TOP2A/KNL1/ZWINT/FBXO5/MND1/SHOC1/M1AP,23
GO:0007492,endoderm development,18/935,81/15250,0.222222222222222,3.62448009506833,6.05254641408755,1.4724907512432e-06,7.00362348576744e-05,5.80418684470623e-05,COL11A1/HOXC11/COL8A1/MMP2/HMGA2/COL7A1/COL5A1/INHBA/MMP9/LAMB3/COL5A2/COL4A2/MMP14/LAMB1/COL12A1/COL6A1/FN1/ITGA5,18
GO:0051315,attachment of mitotic spindle microtubules to kinetochore,10/935,26/15250,0.384615384615385,6.2731386260798,6.87736836341951,1.54142789232545e-06,7.26101465817537e-05,6.01749734888589e-05,NDC80/BIRC5/CDT1/SKA1/KIF2C/AURKB/CDCA8/CDK1/CENPE/NUF2,10
GO:0007162,negative regulation of cell adhesion,40/935,293/15250,0.136518771331058,2.22664306181672,5.41826923629337,1.57872337046239e-06,7.36587218275737e-05,6.10439703245457e-05,MAD2L2/EPHB2/MMP12/IL2RA/MELTF/CTLA4/IL4I1/EPCAM/CD80/XCL1/ASCL2/MDK/IDO1/ADAMDEC1/TGFBI/LILRB4/SOCS1/COL1A1/HOXA7/SPRY4/MMP2/POSTN/RUNX1/TNC/SNAI2/SERPINE1/PLXND1/GPNMB/GBP1/MMP14/LAMB1/SPOCK1/PHLDB2/LILRB2/ABCA12/LGALS1/PDE3B/ADAMTS18/THBS1/CDSN,40
GO:0033044,regulation of chromosome organization,35/935,241/15250,0.145228215767635,2.36869549781437,5.47356516175899,1.69701794079799e-06,7.84310461506542e-05,6.4998989053206e-05,MAD2L2/TRIP13/NDC80/UBE2C/FEN1/CDC6/BIRC5/SKA1/TACC3/CDC20/PLK1/AURKB/NCAPH/CDCA8/CDK1/ACTL6A/MAD2L1/HASPIN/DDX11/SPC25/NEK2/BUB1/KNL1/DLGAP5/ZWINT/KNTC1/FBXO5/DPF1/BUB1B/CENPF/CENPE/CCNB1/TTK/NUF2/NEK6,35
GO:0070098,chemokine-mediated signaling pathway,18/935,82/15250,0.219512195121951,3.5802791182992,5.98742746817945,1.77998310466054e-06,8.14966096236632e-05,6.75395458403904e-05,TREM2/XCL1/CCL3/CXCL6/ACKR3/CCL3L3/CXCL9/CXCL11/CCL18/CXCR4/CCR1/CCL4/CXCL10/CCRL2/CCL26/CXCL13/CCR8/CCL8,18
GO:0051321,meiotic cell cycle,37/935,263/15250,0.140684410646388,2.29458530733413,5.41230180191082,1.8806379290178e-06,8.53078260579465e-05,7.06980554797434e-05,CDC25B/TRIP13/MOV10L1/NDC80/RAD51AP1/AURKA/RAD51/PKMYT1/RAD54L/CKS2/P3H4/GPR3/XRCC2/SKA1/CDC25A/CDC20/PLK1/CCNB2/CDC25C/MSX2/NCAPH/KIF18A/TOP2A/EXO1/NEK2/KNL1/ZWINT/FBXO5/TTK/NUF2/ASPM/MND1/SHOC1/BOLL/M1AP/LIF/FBXO43,37
GO:1990868,response to chemokine,19/935,91/15250,0.208791208791209,3.40541811130046,5.88175333986897,2.06554305251678e-06,9.19917764934521e-05,7.62373163019831e-05,TREM2/LOX/XCL1/CCL3/CXCL6/ACKR3/CCL3L3/CXCL9/CXCL11/CCL18/CXCR4/CCR1/CCL4/CXCL10/CCRL2/CCL26/CXCL13/CCR8/CCL8,19
GO:1990869,cellular response to chemokine,19/935,91/15250,0.208791208791209,3.40541811130046,5.88175333986897,2.06554305251678e-06,9.19917764934521e-05,7.62373163019831e-05,TREM2/LOX/XCL1/CCL3/CXCL6/ACKR3/CCL3L3/CXCL9/CXCL11/CCL18/CXCR4/CCR1/CCL4/CXCL10/CCRL2/CCL26/CXCL13/CCR8/CCL8,19
GO:0001822,kidney development,41/935,308/15250,0.133116883116883,2.17115771928606,5.30661021806148,2.25429639081461e-06,9.94936758432504e-05,8.24544445649309e-05,HOXB7/SIX1/HOXD11/STRA6/EPCAM/SOX4/PTK7/PCSK9/SIX4/HOXC11/GPR4/SULF1/FADD/CENPF/GLI2/HELLS/PDGFRB/MMP9/KIF26B/ODC1/ENPEP/GLIS2/MME/PLXND1/GPC3/HAS2/PDGFA/ADAMTS6/GREM1/HEYL/BICC1/NID1/FOXD1/FREM2/WNT7B/SOX11/LIF/FBN1/HOXA11/SALL1/CALB1,41
GO:0007263,nitric oxide mediated signal transduction,9/935,22/15250,0.409090909090909,6.67233835683034,6.80429049389601,2.83423023591017e-06,0.000123972267193964,0.000102740846051744,FPR1/APOE/GUCY1A2/CBS/LOC102724560/GUCY1A1/NOS2/GUCY1B1/THBS1,9
GO:0002687,positive regulation of leukocyte migration,25/935,147/15250,0.170068027210884,2.77383680745025,5.52295532180645,3.03238431297903e-06,0.000130381503921312,0.000108052440481839,TREM2/TNFRSF18/C5AR1/XCL1/THY1/ASCL2/MDK/PGF/CCL3/CXCL8/FADD/C3AR1/SERPINE1/PLA2G7/MMP14/NEDD9/CCR1/CCL4/FPR2/CXCL10/SELE/CXCL13/RARRES2/THBS1/CCL8,25
GO:0006260,DNA replication,38/935,279/15250,0.136200716845878,2.22145554213865,5.26241594826164,3.03398478200236e-06,0.000130381503921312,0.000108052440481839,DSCC1/CHTF18/MCM10/RAD51/CDC45/FEN1/CDC6/GINS4/TK1/MCM7/TONSL/MCM2/RFC4/CDT1/ORC6/GINS1/BRCA1/CDC25A/GINS2/BLM/TIMELESS/GLI1/CDK1/DTL/ACTL6A/DDX11/ORC1/EXO1/MCM8/WDHD1/HLTF/FBXO5/FAM111B/GLI2/ESCO2/E2F7/POLQ/MCIDAS,38
GO:0032964,collagen biosynthetic process,13/935,47/15250,0.276595744680851,4.51132096939356,6.16148822377541,3.17761832709951e-06,0.000135366540734439,0.00011218374267847,P3H4/SERPINH1/COL1A1/COL5A1/RUNX1/RCN3/INHBA/TRAM2/F2R/P3H3/PCOLCE/EMILIN1/CREB3L1,13
GO:0044839,cell cycle G2/M phase transition,26/935,157/15250,0.165605095541401,2.70104567594264,5.47531143664042,3.22632753306915e-06,0.000136256711935395,0.00011292146365742,CDC25B/NDC80/AURKA/PKMYT1/CDC6/BIRC5/FOXM1/CLSPN/BRCA1/CDC25A/BLM/CDC20/PLK1/AURKB/CCNB2/CDC25C/MELK/CDK1/DTL/DYRK3/ORC1/KIF14/FBXO5/CENPF/CCNB1/CDK14,26
GO:0097529,myeloid leukocyte migration,32/935,217/15250,0.147465437788018,2.40518494787945,5.32808738139702,3.36518824685889e-06,0.00014090647197745,0.000116774908395274,TREM2/C5AR1/XCL1/MDK/TREM1/FCER1G/PGF/CCL3/TNFAIP6/CXCL6/CXCL8/MMP2/C3AR1/SERPINE1/PLA2G7/CYP19A1/CSF3R/MMP14/CXCL9/TNFSF11/CCR1/CCL4/FPR2/GREM1/CXCL10/CCL26/CXCL13/RARRES2/DPP4/EMILIN1/THBS1/CCL8,32
GO:0071677,positive regulation of mononuclear cell migration,19/935,94/15250,0.202127659574468,3.29673455455683,5.70838484416993,3.44264608857124e-06,0.000142928162609411,0.000118450365420333,TREM2/C5AR1/XCL1/ASCL2/MDK/CCL3/FADD/C3AR1/SERPINE1/PLA2G7/MMP14/NEDD9/CCR1/CCL4/FPR2/CXCL10/CXCL13/RARRES2/THBS1,19
GO:0007080,mitotic metaphase chromosome alignment,15/935,62/15250,0.241935483870968,3.94600655511471,5.94032314797173,3.56331227437829e-06,0.00014669467926201,0.000121571830537612,NDC80/BIRC5/CDT1/SKA1/KIF2C/AURKB/KIF18A/CDCA8/KIFC1/CDK1/KIF14/CENPE/CCNB1/TTK/NUF2,15
GO:0001704,formation of primary germ layer,22/935,121/15250,0.181818181818182,2.96548371414682,5.54737895778241,3.81998970426299e-06,0.000155951079676537,0.000129242984994231,COL11A1/COL8A1/MMP2/HMGA2/COL7A1/COL5A1/INHBA/MMP9/LAMB3/COL5A2/SNAI1/COL4A2/MMP14/LAMB1/COL12A1/COL6A1/TLX2/FN1/MSGN1/HOXA11/ITGA5/WNT3A,22
GO:1901993,regulation of meiotic cell cycle phase transition,7/935,13/15250,0.538461538461538,8.78239407651172,7.17407598448368,3.94273187889717e-06,0.000159129923956993,0.000131877422181137,CDC25B/PKMYT1/CDC25A/CDC25C/KNL1/ZWINT/TTK,7
GO:0097485,neuron projection guidance,33/935,229/15250,0.14410480349345,2.35037246339584,5.26202252564268,3.9628190901721e-06,0.000159129923956993,0.000131877422181137,EPHB2/CELSR3/PLXNA1/EPHB1/ANOS1/PTK7/DLX5/ARTN/EFNB1/ECE1/ENAH/EGR2/CHN1/NTN3/GLI2/NELL2/NRCAM/FEZF1/ALCAM/SEMA6B/FOXD1/TUBB3/VAX1/WNT7B/PLEKHG4B/PTPRH/DRAXIN/ISL2/WNT3A/SEMA3C/GAP43/SEMA3D/FEZ1,33
GO:0050729,positive regulation of inflammatory response,26/935,160/15250,0.1625,2.65040106951872,5.36334432359916,4.62112430732343e-06,0.000184055999850223,0.000152534672257993,TREM2/OSM/MDK/CCN4/TTBK1/FCER1G/IDO1/CCL3/GPR4/TLR2/CTSC/SERPINE1/PLA2G7/MEFV/FFAR2/GBP1/IFI35/TNFSF11/CCR1/LILRA5/SUCNR1/GBP5/LPL/PTGS2/LGALS1/CASP5,26
GO:0040020,regulation of meiotic nuclear division,10/935,29/15250,0.344827586206897,5.6241932509681,6.37006982661095,4.90924458152029e-06,0.000193954751652161,0.00016073816936268,TRIP13/RAD51AP1/GPR3/CDC20/MSX2/KNL1/ZWINT/FBXO5/LIF/FBXO43,10
GO:2000241,regulation of reproductive process,27/935,171/15250,0.157894736842105,2.57528848860118,5.29422866904887,5.32374869551811e-06,0.000208648358874746,0.000172915357630428,CDC25B/TRIP13/RAD51AP1/AURKA/PKMYT1/GPR3/CDC25A/CDC20/CDC25C/MSX2/INHBB/KNL1/ZWINT/FBXO5/SULF1/ACVR1C/CCDC87/INHBA/TTK/SNAI1/HOXD13/TIMP1/ASPM/LHFPL2/LIF/RNASE10/FBXO43,27
GO:0090596,sensory organ morphogenesis,36/935,265/15250,0.135849056603774,2.21571990717385,5.10221673680028,5.8279901576287e-06,0.000226597807795421,0.000187790793968036,EPHB2/SIX1/VAX2/MFAP2/WNT2/CTHRC1/STRA6/OTX1/COL11A1/EPHB1/HOXC13/SOX4/FZD2/PTK7/THY1/DLX5/MFRP/SIX4/COL8A1/COL5A1/SDK1/FAT1/FBN2/COL5A2/PRRX1/TWIST1/SPARC/DLX6/NTRK2/SOX11/FOXL2/FBN1/ZIC1/PITX2/WNT3A/CALB1,36
GO:0007292,female gamete generation,25/935,153/15250,0.163398692810458,2.6650588934326,5.29006244466974,6.34116121468087e-06,0.000243681787208451,0.000201948980621823,CDC25B/TRIP13/HROB/NDC80/AURKA/NANOS3/SKA1/PLK1/CCNB2/NCAPH/MDK/TOP2A/TNFAIP6/MCM8/INHBB/FBXO5/MMP2/TDRD5/INHBA/CCNB1/TTK/ASPM/LGR5/M1AP/FOXL2,25
GO:0051225,spindle assembly,23/935,134/15250,0.171641791044776,2.79950514805651,5.34709453616377,6.36686441369294e-06,0.000243681787208451,0.000201948980621823,MYBL2/NDC80/UHRF1/AURKA/STIL/BIRC5/SKA1/SPAG5/CDC20/PLK1/AURKB/CCNB2/PRC1/TPX2/CDCA8/KIFC1/KIF23/NEK2/FBXO5/KIF4A/ASPM/MISP/NEK6,23
GO:0002685,regulation of leukocyte migration,32/935,224/15250,0.142857142857143,2.33002291825821,5.12498092085221,6.65428911547152e-06,0.000251104302081784,0.000208100319749345,TREM2/TNFRSF18/C5AR1/XCL1/THY1/ASCL2/MDK/PGF/CCL3/TNFAIP6/HOXA7/CXCL8/FADD/C3AR1/CHST2/SERPINE1/PLA2G7/CYP19A1/MMP14/NEDD9/CCR1/CCL4/FPR2/GREM1/CXCL10/SELE/CXCL13/RARRES2/DPP4/EMILIN1/THBS1/CCL8,32
GO:0090231,regulation of spindle checkpoint,9/935,24/15250,0.375,6.11631016042781,6.41062516378072,6.66331073089036e-06,0.000251104302081784,0.000208100319749345,NDC80/BIRC5/SKA1/AURKB/CDCA8/MAD2L1/KNL1/ZWINT/CCNB1,9
GO:0031214,biomineral tissue development,26/935,164/15250,0.158536585365854,2.58575714099387,5.21797939246957,7.33742396958583e-06,0.000274397252114511,0.000227404132187164,WDR72/MMP13/SNX10/SPP1/LOX/MSX2/HEY1/CCL3/COL1A1/ASPN/FBXO5/COL1A2/FBN2/NOTUM/ALOX15/GPC3/TWIST1/CCR1/PTHLH/ADGRV1/TMEM119/GREM1/ISG15/COL6A1/DMP1/CYP27B1,26
GO:0070493,thrombin-activated receptor signaling pathway,7/935,14/15250,0.5,8.15508021390374,6.84500633188324,7.46756381520746e-06,0.000277148447959859,0.000229684159770775,STMN1/PLEK/SERPINE1/MET/F2RL2/F2R/F2RL3,7
GO:0002062,chondrocyte differentiation,21/935,117/15250,0.17948717948718,2.92746469217057,5.3486928306712,7.78020621937244e-06,0.000286580678712072,0.00023750103195979,SHOX2/SERPINH1/COL11A1/ADAMTS12/MSX2/MDK/CCN4/COL27A1/COL3A1/TGFBI/SULF1/HMGA2/RUNX1/SNAI2/SLC39A14/LOXL2/PTHLH/ADAMTS7/GREM1/CHST11/HOXA11,21
GO:0051447,negative regulation of meiotic cell cycle,8/935,19/15250,0.421052631578947,6.86743596960315,6.54021103091564,7.97858997613835e-06,0.000291694867858969,0.000241739367933744,TRIP13/PKMYT1/KNL1/ZWINT/FBXO5/TTK/LIF/FBXO43,8
GO:0045835,negative regulation of meiotic nuclear division,6/935,10/15250,0.6,9.78609625668449,7.10287684910766,8.86900337054457e-06,0.000319479761119837,0.000264765835914786,TRIP13/KNL1/ZWINT/FBXO5/LIF/FBXO43,6
GO:0071492,cellular response to UV-A,6/935,10/15250,0.6,9.78609625668449,7.10287684910766,8.86900337054457e-06,0.000319479761119837,0.000264765835914786,MMP3/MMP1/MMP2/MMP9/MME/TIMP1,6
GO:0048754,branching morphogenesis of an epithelial tube,25/935,156/15250,0.16025641025641,2.61380776086659,5.17776979275418,9.01272562473538e-06,0.000322287173982326,0.000267092452820625,HOXB7/SIX1/HOXD11/WNT2/TIMELESS/MSX2/MDK/LAMA1/SIX4/CTSZ/COL4A1/HMGA2/GLI2/TNC/MET/ETV5/PLXND1/MMP14/GPC3/GREM1/FOXD1/EGF/HOXA11/PITX2/SALL1,25
GO:0048732,gland development,49/935,418/15250,0.117224880382775,1.91195660517361,4.83162552763259,9.33968187022258e-06,0.000331558706392902,0.000274776147776114,HOXA10/SIX1/WNT2/AURKA/STRA6/PLXNA1/IQGAP3/ONECUT2/CCNB2/RAG1/MSX2/GLI1/MDK/LAMA1/PCSK9/SIX4/INHBB/SULF1/MMP2/FADD/HMGA2/GLI2/TNC/SNAI2/MET/ETV5/HOXD13/CYP19A1/E2F7/PLXND1/TNFSF11/APLN/PDGFA/LBH/FOXE1/HOXA13/TP63/NRG1/HOXB13/WNT7B/HOXD9/IGF2/EGF/HOXA11/PITX2/SALL1/WNT3A/HOXB9/SEMA3C,49
GO:0007411,axon guidance,32/935,228/15250,0.140350877192982,2.28914532320105,5.01229049841919,9.66465626987212e-06,0.000340626986087076,0.000282291398961732,EPHB2/CELSR3/EPHB1/ANOS1/PTK7/DLX5/ARTN/EFNB1/ECE1/ENAH/EGR2/CHN1/NTN3/GLI2/NELL2/NRCAM/FEZF1/ALCAM/SEMA6B/FOXD1/TUBB3/VAX1/WNT7B/PLEKHG4B/PTPRH/DRAXIN/ISL2/WNT3A/SEMA3C/GAP43/SEMA3D/FEZ1,32
GO:0050921,positive regulation of chemotaxis,23/935,138/15250,0.166666666666667,2.71836007130125,5.18231198585393,1.05380098176526e-05,0.000368755072119145,0.000305602284711927,TREM2/C5AR1/XCL1/MDK/ARTN/PGF/CCL3/CXCL8/C3AR1/PDGFRB/SERPINE1/MET/PLA2G7/NEDD9/CCR1/CCL4/FPR2/SUCNR1/CXCL10/CCL26/CXCL13/RARRES2/THBS1,23
GO:0045132,meiotic chromosome segregation,17/935,84/15250,0.202380952380952,3.3008658008658,5.40413534968029,1.09551361292829e-05,0.000380632708491893,0.000315445763722614,TRIP13/NDC80/AURKA/P3H4/SKA1/PLK1/CCNB2/NCAPH/KNL1/ZWINT/FBXO5/TTK/NUF2/ASPM/MND1/SHOC1/M1AP,17
GO:0002688,regulation of leukocyte chemotaxis,21/935,120/15250,0.175,2.85427807486631,5.21166910069393,1.16920141277344e-05,0.000403374487406837,0.000334292798300012,C5AR1/XCL1/MDK/PGF/CCL3/TNFAIP6/CXCL8/C3AR1/SERPINE1/PLA2G7/CYP19A1/NEDD9/CCR1/CCL4/FPR2/GREM1/CXCL10/CXCL13/RARRES2/DPP4/THBS1,21
GO:0060350,endochondral bone morphogenesis,14/935,60/15250,0.233333333333333,3.80570409982175,5.56505443141448,1.17776853766575e-05,0.000403488675945769,0.000334387430973632,SHOX2/MMP13/SERPINH1/COL27A1/DLX5/COL3A1/COL1A1/STC1/MMP14/CBS/LOC102724560/TMEM119/MMP16/HOXA11,14
GO:0031640,killing of cells of another organism,19/935,102/15250,0.186274509803922,3.03816713851316,5.27828752936438,1.20139234306733e-05,0.000405904902668057,0.000336389856058851,XCL1/C2/TREM1/CXCL6/CXCL8/GBP1/CXCL9/CXCL11/C4A/GZMB/NTS/CCL18/CXCL1/C1S/CXCL10/GBP5/APOL1/CXCL13/CCL8,19
GO:0141061,disruption of cell in another organism,19/935,102/15250,0.186274509803922,3.03816713851316,5.27828752936438,1.20139234306733e-05,0.000405904902668057,0.000336389856058851,XCL1/C2/TREM1/CXCL6/CXCL8/GBP1/CXCL9/CXCL11/C4A/GZMB/NTS/CCL18/CXCL1/C1S/CXCL10/GBP5/APOL1/CXCL13/CCL8,19
GO:0051281,positive regulation of release of sequestered calcium ion into cytosol,10/935,32/15250,0.3125,5.09692513368984,5.92904898674733,1.33578906096978e-05,0.000447917439711084,0.00037120734950541,CEMIP/XCL1/THY1/P2RY6/CXCL9/F2R/CXCL11/CXCL10/HAP1/F2RL3,10
GO:0000086,G2/M transition of mitotic cell cycle,23/935,140/15250,0.164285714285714,2.67952635599694,5.10210533493011,1.34402661027821e-05,0.000447917439711084,0.00037120734950541,CDC25B/AURKA/PKMYT1/CDC6/BIRC5/FOXM1/CLSPN/BRCA1/CDC25A/BLM/CDC20/PLK1/AURKB/CDC25C/MELK/CDK1/DTL/ORC1/KIF14/FBXO5/CENPF/CCNB1/CDK14,23
GO:0071621,granulocyte chemotaxis,20/935,113/15250,0.176991150442478,2.88675405801902,5.14476355977364,1.57858796595583e-05,0.000522212441419589,0.000432778630774348,C5AR1/XCL1/MDK/TREM1/FCER1G/CCL3/TNFAIP6/CXCL6/CXCL8/C3AR1/CSF3R/CXCL9/CCL4/CXCL10/CCL26/CXCL13/RARRES2/DPP4/THBS1/CCL8,20
GO:0060349,bone morphogenesis,18/935,95/15250,0.189473684210526,3.09034618632142,5.22315435333864,1.58827625579749e-05,0.000522212441419589,0.000432778630774348,SHOX2/MMP13/SERPINH1/MSX2/COL27A1/DLX5/COL3A1/SFRP4/COL1A1/STC1/MMP14/CBS/LOC102724560/TWIST1/HAS2/TMEM119/MMP16/HOXA11,18
GO:0051256,mitotic spindle midzone assembly,6/935,11/15250,0.545454545454545,8.89645114244045,6.69546697320837,1.84971112196618e-05,0.000604115652434153,0.000500655143678845,BIRC5/AURKB/PRC1/CDCA8/KIF23/KIF4A,6
GO:0051383,kinetochore organization,8/935,21/15250,0.380952380952381,6.21339444868857,6.10977687886593,1.92385312324014e-05,0.000623508476503465,0.00051672676354441,CENPW/NDC80/CENPA/DLGAP5/KNTC1/CENPF/CENPE/NUF2,8
GO:0007143,female meiotic nuclear division,11/935,40/15250,0.275,4.48529411764706,5.64073417169741,1.93454354824508e-05,0.000623508476503465,0.00051672676354441,CDC25B/TRIP13/NDC80/AURKA/SKA1/PLK1/CCNB2/NCAPH/TOP2A/FBXO5/TTK,11
GO:0141060,disruption of anatomical structure in another organism,19/935,106/15250,0.179245283018868,2.92351932196549,5.07878697139934,2.12479736562693e-05,0.000680351783935053,0.000563835117937602,XCL1/C2/TREM1/CXCL6/CXCL8/GBP1/CXCL9/CXCL11/C4A/GZMB/NTS/CCL18/CXCL1/C1S/CXCL10/GBP5/APOL1/CXCL13/CCL8,19
GO:0030111,regulation of Wnt signaling pathway,40/935,326/15250,0.122699386503067,2.00124667825859,4.67022796025746,2.14732312750657e-05,0.000681804986960487,0.000565039446225674,MAD2L2/CTHRC1/DEPDC1B/HECW1/SOX4/NKD2/GLI1/PTK7/MDK/CCN4/DLX5/BAMBI/APOE/SFRP4/COL1A1/TLR2/SULF1/HMGA2/CDH3/SHISA2/SNAI2/NOTUM/TMEM132A/CDK14/LBX2/ASPM/ALPK2/GPC3/NFATC1/IGFBP1/GREM1/LGR5/TPBGL/DACT1/BICC1/EGF/DRAXIN/SALL1/WNT3A/CDH2,40
GO:0048771,tissue remodeling,25/935,164/15250,0.152439024390244,2.48630494326334,4.89072908100732,2.18500475510913e-05,0.000681804986960487,0.000565039446225674,P3H4/SNX10/SPP1/CTHRC1/BGN/NOX4/EVA1A/MDK/MMP2/RUNX1/TIMP1/GPNMB/MMP14/CBS/F2R/LOC102724560/TNFSF11/CTSK/TMEM119/GREM1/COL6A1/LIF/GJA5/CSPG4/SEMA3C,25
GO:0071772,response to BMP,25/935,164/15250,0.152439024390244,2.48630494326334,4.89072908100732,2.18500475510913e-05,0.000681804986960487,0.000565039446225674,ERFE/ADAMTS12/MSX2/BMP8A/LEFTY2/DLX5/BAMBI/TNFAIP6/SFRP4/SULF1/FST/HTRA3/GPC3/ADAMTS7/TMEM119/GREM1/HOXA13/HEYL/HTRA1/FOXD1/CHRDL2/SCUBE3/SOX11/FBN1/FSTL1,25
GO:0071773,cellular response to BMP stimulus,25/935,164/15250,0.152439024390244,2.48630494326334,4.89072908100732,2.18500475510913e-05,0.000681804986960487,0.000565039446225674,ERFE/ADAMTS12/MSX2/BMP8A/LEFTY2/DLX5/BAMBI/TNFAIP6/SFRP4/SULF1/FST/HTRA3/GPC3/ADAMTS7/TMEM119/GREM1/HOXA13/HEYL/HTRA1/FOXD1/CHRDL2/SCUBE3/SOX11/FBN1/FSTL1,25
GO:0048934,peripheral nervous system neuron differentiation,7/935,16/15250,0.4375,7.13569518716578,6.27548944559416,2.23268014223788e-05,0.000692272152963506,0.000573714011233279,HOXD10/ONECUT2/RUNX1/NTRK2/VCAM1/HOXD9/ISL2,7
GO:0051302,regulation of cell division,26/935,175/15250,0.148571428571429,2.42322383498854,4.83943190960684,2.38920860770718e-05,0.000736146727619969,0.00061007465077303,CDC25B/AURKA/ECT2/CDC6/BIRC5/OSM/BLM/KIF18B/PLK1/AURKB/PRC1/CDCA8/MDK/KIF20A/KIF23/PGF/CIT/KIF14/YEATS2/E2F7/ASPM/PDGFA/LBH/TP63/IGF2/FSD1,26
GO:0050920,regulation of chemotaxis,28/935,196/15250,0.142857142857143,2.33002291825821,4.78952027290077,2.46703493266862e-05,0.000755375258446472,0.000626010114164661,TREM2/C5AR1/XCL1/MDK/ARTN/PGF/CCL3/TNFAIP6/CXCL8/C3AR1/PDGFRB/SERPINE1/MET/PLA2G7/CYP19A1/NEDD9/CCR1/CCL4/FPR2/SUCNR1/GREM1/CXCL10/CCL26/CXCL13/RARRES2/DPP4/WNT3A/THBS1,28
GO:0071711,basement membrane organization,11/935,41/15250,0.268292682926829,4.37589670014347,5.53173744653543,2.49863614096297e-05,0.000760299282893018,0.000630090852938488,MMP11/LAMA1/COL3A1/COL4A1/PLOD3/PXDN/LAMB1/PHLDB2/NID2/COL6A1/NID1,11
GO:0031589,cell-substrate adhesion,42/935,352/15250,0.119318181818182,1.94609868740885,4.58959747763931,2.64193643740634e-05,0.000798941148571214,0.000662114934312947,MMP12/MELTF/EPHB1/CDH11/ONECUT2/ADAMTS12/ITGAX/THY1/MDK/PDPN/COL3A1/COL1A1/KIF14/HOXA7/COL8A1/SPRY4/PPFIA1/POSTN/SERPINE1/PLAU/EGFL6/GBP1/ALOX15/MMP14/LAMB1/SPOCK1/ITGA11/ANTXR1/NEDD9/PHLDB2/HAS2/NID2/ITGA6/TNFRSF12A/GREM1/NID1/DMP1/VCAM1/FN1/EMILIN1/ITGA5/THBS1,42
GO:0071674,mononuclear cell migration,30/935,218/15250,0.137614678899083,2.24451749006525,4.72989695284993,2.66944829367674e-05,0.000802308416608733,0.000664905525909667,TREM2/C5AR1/XCL1/ASCL2/MDK/ARTN/CCL3/LRP12/MMP2/FADD/C3AR1/SERPINE1/PLA2G7/CYP19A1/MMP14/CXCL11/TNFSF11/NEDD9/CXCR4/CCR1/CCL4/FPR2/GREM1/CXCL10/TRPM2/CCL26/CXCL13/RARRES2/EMILIN1/THBS1,30
GO:0030510,regulation of BMP signaling pathway,18/935,100/15250,0.18,2.93582887700535,4.9635392335679,3.27927856236682e-05,0.000975633103311845,0.000808546723708122,ERFE/MSX2/BAMBI/TNFAIP6/SFRP4/SULF1/FST/HTRA3/GPC3/GREM1/HOXA13/HTRA1/FOXD1/CHRDL2/SCUBE3/SOX11/FBN1/FSTL1,18
GO:0051928,positive regulation of calcium ion transport,17/935,91/15250,0.186813186813187,3.04695304695305,5.00523084278347,3.2859657490601e-05,0.000975633103311845,0.000808546723708122,CEMIP/XCL1/THY1/P2RY6/CCL3/PDGFRB/STC1/CXCL9/F2R/CXCL11/CCR1/CCL4/LILRA5/CXCL10/HAP1/F2RL3/TRPV3,17
GO:0000022,mitotic spindle elongation,6/935,12/15250,0.5,8.15508021390374,6.33682854721472,3.50725695451155e-05,0.00102274117977096,0.000847587097340291,BIRC5/AURKB/PRC1/CDCA8/KIF23/KIF4A,6
GO:0007144,female meiosis I,6/935,12/15250,0.5,8.15508021390374,6.33682854721472,3.50725695451155e-05,0.00102274117977096,0.000847587097340291,CDC25B/TRIP13/NDC80/AURKA/CCNB2/FBXO5,6
GO:0090232,positive regulation of spindle checkpoint,6/935,12/15250,0.5,8.15508021390374,6.33682854721472,3.50725695451155e-05,0.00102274117977096,0.000847587097340291,NDC80/BIRC5/AURKB/CDCA8/MAD2L1/KNL1,6
GO:0010755,regulation of plasminogen activation,7/935,17/15250,0.411764705882353,6.71594841145014,6.02630143966317,3.59495126683928e-05,0.00104211042936365,0.000863639180080916,MELTF/CTSZ/RUNX1/SERPINE1/PLAU/PLAUR/THBS1,7
GO:0016055,Wnt signaling pathway,50/935,452/15250,0.110619469026549,1.80422128626189,4.43582170130277,3.62540856291691e-05,0.00104475744410176,0.000865832868555451,MAD2L2/VAX2/WNT2/CTHRC1/CELSR3/DEPDC1B/HECW1/SOX4/FZD2/NKD2/GLI1/PTK7/MDK/CCN4/DLX5/BAMBI/APOE/SFRP4/COL1A1/TLR2/SULF1/HMGA2/CDH3/SHISA2/SNAI2/KREMEN2/NOTUM/SNAI1/TMEM132A/CDK14/LBX2/ASPM/ALPK2/GPC3/NFATC1/IGFBP1/GREM1/LGR5/TPBGL/COL6A1/DACT1/BICC1/FOXD1/WNT7B/EGF/DRAXIN/PITX2/SALL1/WNT3A/CDH2,50
GO:0002690,positive regulation of leukocyte chemotaxis,17/935,92/15250,0.184782608695652,3.01383399209486,4.95139348561806,3.80433343320785e-05,0.00108990815726814,0.000903251095837654,C5AR1/XCL1/MDK/PGF/CCL3/CXCL8/C3AR1/SERPINE1/PLA2G7/NEDD9/CCR1/CCL4/FPR2/CXCL10/CXCL13/RARRES2/THBS1,17
GO:1901989,positive regulation of cell cycle phase transition,19/935,111/15250,0.171171171171171,2.7918292624175,4.84217332789022,4.1415627178633e-05,0.00116243069763013,0.000963353466498948,CDC25B/UBE2C/CDC6/STIL/BIRC5/SKA1/CDC25A/CDC20/CDC25C/GLI1/CDK1/RRM2/DTL/DYRK3/MTBP/DLGAP5/FBXO5/CCNB1/TP63,19
GO:1903707,negative regulation of hemopoiesis,19/935,111/15250,0.171171171171171,2.7918292624175,4.84217332789022,4.1415627178633e-05,0.00116243069763013,0.000963353466498948,CTLA4/HMGB3/ERFE/ASCL2/MDK/CCL3/TNFAIP6/LILRB4/SOCS1/HOXA7/LILRB3/RUNX1/SNAI2/INHBA/TMEM176A/TMEM176B/LGALS1/TNFRSF11B/FBN1,19
GO:0090266,regulation of mitotic cell cycle spindle assembly checkpoint,8/935,23/15250,0.347826086956522,5.67309927923739,5.73182026045903,4.15238563146098e-05,0.00116243069763013,0.000963353466498948,NDC80/BIRC5/SKA1/AURKB/CDCA8/MAD2L1/KNL1/CCNB1,8
GO:1903504,regulation of mitotic spindle checkpoint,8/935,23/15250,0.347826086956522,5.67309927923739,5.73182026045903,4.15238563146098e-05,0.00116243069763013,0.000963353466498948,NDC80/BIRC5/SKA1/AURKB/CDCA8/MAD2L1/KNL1/CCNB1,8
GO:0060562,epithelial tube morphogenesis,39/935,324/15250,0.12037037037037,1.96326005149535,4.47893899738343,4.17751587033241e-05,0.00116282103686128,0.00096367695645168,HOXB7/SALL4/SIX1/HOXD11/WNT2/CTHRC1/STIL/TIMELESS/ADAMTS12/MSX2/ITGAX/PTK7/MDK/LAMA1/SIX4/TEAD2/CTSZ/COL4A1/HMGA2/GLI2/TNC/MET/KIF26B/ETV5/PLXND1/MMP14/GPC3/TWIST1/GREM1/CXCL10/LGR5/ALX1/CECR2/FOXD1/EGF/HOXA11/PITX2/SALL1/WNT3A,39
GO:0050727,regulation of inflammatory response,44/935,384/15250,0.114583333333333,1.86887254901961,4.40712568191886,4.59619996857122e-05,0.00127213466926725,0.00105426959731069,TREM2/MMP3/IL2RA/OSM/ADAMTS12/XCL1/MDK/CCN4/C1QTNF12/TTBK1/FCER1G/IDO1/CCL3/TNFAIP6/APOE/GPR4/MFHAS1/TLR2/PBK/CTSC/TNC/SERPINE1/MMP9/DSG2/PLA2G7/MEFV/FFAR2/CYP19A1/GBP1/ALOX15/PIK3AP1/IFI35/TNFSF11/PROC/CCR1/FPR2/LILRA5/SUCNR1/GBP5/LPL/SELE/PTGS2/LGALS1/CASP5,44
GO:0085029,extracellular matrix assembly,11/935,44/15250,0.25,4.07754010695187,5.2246039937462,5.12040622130888e-05,0.00140926236394338,0.0011679128796918,LOX/COL3A1/FKBP10/COL1A2/PLOD3/PXDN/ANTXR1/HAS2/COL6A1/HAS3/EMILIN1,11
GO:0090287,regulation of cellular response to growth factor stimulus,37/935,304/15250,0.121710526315789,1.98511820996341,4.43397725942055,5.15071110408224e-05,0.00140968344686586,0.00116826184818848,HTRA4/ERFE/LOX/ONECUT2/ADAMTS12/MSX2/PTP4A3/BAMBI/TNFAIP6/RASL11B/SFRP4/ASPN/SPRY4/SULF1/CDH3/PMEPA1/SHISA2/FBN2/FST/HTRA3/GPC3/APLN/GREM1/CHST11/HOXA13/HTRA1/FOXD1/CHRDL2/SCUBE3/CXCL13/SOX11/EMILIN1/FBN1/CREB3L1/ITGA5/THBS1/FSTL1,37
GO:0007127,meiosis I,19/935,113/15250,0.168141592920354,2.74241635511807,4.75118637305439,5.3385423384842e-05,0.00145297327312412,0.00120413788301366,CDC25B/TRIP13/MOV10L1/NDC80/RAD51AP1/AURKA/RAD51/RAD54L/CKS2/P3H4/PLK1/CCNB2/TOP2A/KNL1/ZWINT/FBXO5/MND1/SHOC1/M1AP,19
GO:0051960,regulation of nervous system development,48/935,435/15250,0.110344827586207,1.79974184030979,4.3248836637647,5.50215157221156e-05,0.00148922875979362,0.00123418427531375,TREM2/EPHB2/E2F1/SHOX2/WNT2/WDR62/LRP8/SPP1/AGRN/SYNDIG1/XRCC2/EPHB1/ADGRB2/LRRC15/THBS2/DNAJB11/ITGAX/HES6/THY1/ASCL2/MDK/HEY1/TTBK1/EGR2/KIF14/HLTF/TLR2/HMGA2/CTSC/ETV5/MME/PLXND1/ASPM/FEZF1/ITPKA/CXCR4/TNFRSF12A/HAP1/HEYL/NTRK2/CHODL/VAX1/TLX2/SOX11/LIF/FN1/DRAXIN/WNT3A,48
GO:0060688,regulation of morphogenesis of a branching structure,12/935,52/15250,0.230769230769231,3.76388317564788,5.10221723500921,5.53781876927338e-05,0.00149064693135551,0.00123535957160714,HOXB7/SIX1/SHOX2/WNT2/MDK/SIX4/SULF1/SNAI2/ETV5/HOXD13/PDGFA/GREM1,12
GO:0071675,regulation of mononuclear cell migration,22/935,143/15250,0.153846153846154,2.50925545043192,4.63417541098372,5.79810385842685e-05,0.00155218091816574,0.00128635528225208,TREM2/C5AR1/XCL1/ASCL2/MDK/CCL3/FADD/C3AR1/SERPINE1/PLA2G7/CYP19A1/MMP14/NEDD9/CCR1/CCL4/FPR2/GREM1/CXCL10/CXCL13/RARRES2/EMILIN1/THBS1,22
GO:0070141,response to UV-A,6/935,13/15250,0.461538461538462,7.52776635129576,6.01751740566476,6.17552875447312e-05,0.00164423453087847,0.001362643844737,MMP3/MMP1/MMP2/MMP9/MME/TIMP1,6
GO:0010389,regulation of G2/M transition of mitotic cell cycle,18/935,105/15250,0.171428571428571,2.79602750190985,4.71958491934641,6.41452653835041e-05,0.00169863597358803,0.00140772852679474,CDC25B/AURKA/PKMYT1/CDC6/CLSPN/BRCA1/CDC25A/BLM/PLK1/AURKB/CDC25C/CDK1/DTL/ORC1/KIF14/FBXO5/CENPF/CCNB1,18
GO:0007566,embryo implantation,13/935,61/15250,0.213114754098361,3.47593582887701,4.95188468190391,6.66639175251194e-05,0.00175584156965355,0.00145513712447304,TEAD4/SPP1/STC2/MMP2/ACVR1C/FBN2/MMP9/STC1/TIMP1/LAMB1/IGFBP7/PTGS2/LIF,13
GO:0034508,centromere complex assembly,9/935,31/15250,0.290322580645161,4.73520786613766,5.32026635421203,6.95979392628804e-05,0.00182331713609011,0.00151105686314061,CENPW/CENPA/CENPI/HJURP/DLGAP5/KNTC1/OIP5/CENPF/CENPE,9
GO:1902106,negative regulation of leukocyte differentiation,18/935,106/15250,0.169811320754717,2.76964988396731,4.67251598255209,7.29197114186203e-05,0.00190017907574373,0.00157475546999786,CTLA4/HMGB3/ERFE/ASCL2/MDK/CCL3/TNFAIP6/LILRB4/SOCS1/HOXA7/LILRB3/RUNX1/INHBA/TMEM176A/TMEM176B/LGALS1/TNFRSF11B/FBN1,18
GO:0050818,regulation of coagulation,14/935,70/15250,0.2,3.2620320855615,4.84777781112081,7.39887257151585e-05,0.00191783474750562,0.00158938744128859,EPHB2/FAP/APOE/PROCR/SERPINE1/PLAU/F2R/PROC/PDGFA/PLAUR/EMILIN2/EMILIN1/ADAMTS18/THBS1,14
GO:0030593,neutrophil chemotaxis,15/935,79/15250,0.189873417721519,3.09686590401408,4.77537972144518,7.76242763669952e-05,0.00200148068379952,0.00165870822131579,C5AR1/XCL1/MDK/TREM1/FCER1G/CCL3/TNFAIP6/CXCL6/CXCL8/C3AR1/CSF3R/CXCL9/CXCL10/CXCL13/DPP4,15
GO:0044786,cell cycle DNA replication,11/935,46/15250,0.239130434782609,3.9002557544757,5.03462460569147,7.95717713159908e-05,0.00204095344333528,0.00169142089813049,RAD51/CDC45/FEN1/TK1/MCM2/CDT1/GINS1/BLM/CDK1/FBXO5/E2F7,11
GO:0001934,positive regulation of protein phosphorylation,29/935,221/15250,0.131221719457014,2.14024729595664,4.36376100517108,8.66711657904914e-05,0.00221146896462301,0.00183273402661143,MAD2L2/TNFRSF18/ECT2/CEMIP/PFN2/CLSPN/OSM/TPX2/CD80/KIF14/CHI3L1/HMGA2/PDGFRB/CENPE/MMP9/MMD/NEDD9/PDGFA/IL11/LILRA5/PLAUR/NRG1/TCIM/IL31RA/LIF/RARRES2/EGF/FBN1/CSPG4,29
GO:0042060,wound healing,46/935,419/15250,0.109785202863962,1.79061427131061,4.19389212123907,8.83585594385746e-05,0.00224284239735532,0.0018587344628011,EPHB2/EPPK1/MMP12/SLC11A1/DGKI/MSX2/PTK7/CCN4/FAP/PDPN/FCER1G/COL3A1/APOE/GPR4/TAFA5/FKBP10/PLEK/COL5A1/VAV2/PROCR/SERPINE1/GNA12/SLC7A11/PLAU/TIMP1/F2RL2/ALOX15/F2R/GZMB/PROC/PHLDB2/PDGFA/PLAUR/EMILIN2/TNFRSF12A/NRG1/FIGNL2/EPB41L4B/F2RL3/SERPINA1/FN1/EMILIN1/ADAMTS18/ITGA5/WNT3A/THBS1,46
GO:0042327,positive regulation of phosphorylation,31/935,244/15250,0.127049180327869,2.07219251336898,4.31485319276118,9.25653329129542e-05,0.00233751322649775,0.00193719201869378,MAD2L2/TNFRSF18/ECT2/CEMIP/PFN2/CLSPN/OSM/TPX2/CD80/KIF14/CHI3L1/HMGA2/PDGFRB/CENPE/MMP9/MMD/NEDD9/APLN/PDGFA/IL11/LILRA5/PLAUR/NRG1/TCIM/IL31RA/LIF/RARRES2/EGF/FBN1/CSPG4/THBS1,31
GO:1902749,regulation of cell cycle G2/M phase transition,19/935,118/15250,0.161016949152542,2.62621227227409,4.53211459980018,9.77122381161325e-05,0.0024548320745176,0.00203441890641794,CDC25B/AURKA/PKMYT1/CDC6/CLSPN/BRCA1/CDC25A/BLM/PLK1/AURKB/CDC25C/CDK1/DTL/DYRK3/ORC1/KIF14/FBXO5/CENPF/CCNB1,19
GO:0051231,spindle elongation,6/935,14/15250,0.428571428571429,6.99006875477464,5.73048202522918,0.000102471080341874,0.0025482529065728,0.00211184053902542,BIRC5/AURKB/PRC1/CDCA8/KIF23/KIF4A,6
GO:0051255,spindle midzone assembly,6/935,14/15250,0.428571428571429,6.99006875477464,5.73048202522918,0.000102471080341874,0.0025482529065728,0.00211184053902542,BIRC5/AURKB/PRC1/CDCA8/KIF23/KIF4A,6
GO:1901992,positive regulation of mitotic cell cycle phase transition,16/935,90/15250,0.177777777777778,2.89958407605466,4.61913851629444,0.000103331046518292,0.00255666059036927,0.00211880832759731,CDC25B/UBE2C/CDC6/STIL/BIRC5/SKA1/CDC25A/CDC20/CDC25C/CDK1/RRM2/DTL/MTBP/DLGAP5/FBXO5/CCNB1,16
GO:0090288,negative regulation of cellular response to growth factor stimulus,17/935,100/15250,0.17,2.77272727272727,4.54534048598828,0.000113074283343526,0.00278367293517555,0.00230694266519958,ERFE/ADAMTS12/BAMBI/TNFAIP6/SPRY4/SULF1/SHISA2/HTRA3/APLN/GREM1/HTRA1/CHRDL2/CXCL13/EMILIN1/FBN1/CREB3L1/THBS1,17
GO:1903035,negative regulation of response to wounding,16/935,91/15250,0.175824175824176,2.86772051477934,4.56696959424072,0.0001183649428442,0.00289934927496868,0.00240280833973726,EPPK1/SPP1/MDK/FAP/APOE/TAFA5/SERPINE1/DSG2/PLAU/PROC/PHLDB2/PDGFA/PLAUR/FIGNL2/ADAMTS18/THBS1,16
GO:1901976,regulation of cell cycle checkpoint,11/935,48/15250,0.229166666666667,3.73774509803922,4.85505412747543,0.000120413257212794,0.00293484849296258,0.00243222798151216,NDC80/RAD51/BIRC5/SKA1/BRCA1/AURKB/CDCA8/MAD2L1/KNL1/ZWINT/CCNB1,11
GO:0010562,positive regulation of phosphorus metabolic process,36/935,305/15250,0.118032786885246,1.92513368983957,4.17097193889445,0.000121667898760153,0.00293621200012803,0.00243335797520306,TREM2/MAD2L2/TNFRSF18/ECT2/CEMIP/PFN2/CLSPN/OSM/TPX2/CD80/P2RY6/KIF14/CHI3L1/UCHL1/HMGA2/APOC2/PDGFRB/CENPE/MMP9/MMD/NEDD9/APLN/PDGFA/IL11/LILRA5/PLAUR/NRG1/TCIM/IL31RA/LIF/RARRES2/CHP2/EGF/FBN1/CSPG4/THBS1,36
GO:0045937,positive regulation of phosphate metabolic process,36/935,305/15250,0.118032786885246,1.92513368983957,4.17097193889445,0.000121667898760153,0.00293621200012803,0.00243335797520306,TREM2/MAD2L2/TNFRSF18/ECT2/CEMIP/PFN2/CLSPN/OSM/TPX2/CD80/P2RY6/KIF14/CHI3L1/UCHL1/HMGA2/APOC2/PDGFRB/CENPE/MMP9/MMD/NEDD9/APLN/PDGFA/IL11/LILRA5/PLAUR/NRG1/TCIM/IL31RA/LIF/RARRES2/CHP2/EGF/FBN1/CSPG4/THBS1,36
GO:0007369,gastrulation,25/935,182/15250,0.137362637362637,2.24040665217136,4.30232076209441,0.000125650384789491,0.0030174570347241,0.00250068903061438,COL11A1/COL8A1/MMP2/HMGA2/COL7A1/COL5A1/INHBA/MMP9/LAMB3/COL5A2/SNAI1/COL4A2/LBX2/MMP14/LAMB1/GPC3/APLN/COL12A1/COL6A1/TLX2/FN1/MSGN1/HOXA11/ITGA5/WNT3A,25
GO:0001655,urogenital system development,13/935,65/15250,0.2,3.2620320855615,4.67066643625426,0.000132764712982905,0.00315735111118083,0.00261662492577959,HOXA10/EPHB2/GLI1/SULF1/MMP2/HELLS/TNC/HOXD13/CYP19A1/HOXA13/TP63/HOXB13/HOXA11,13
GO:0030193,regulation of blood coagulation,13/935,65/15250,0.2,3.2620320855615,4.67066643625426,0.000132764712982905,0.00315735111118083,0.00261662492577959,EPHB2/FAP/APOE/SERPINE1/PLAU/F2R/PROC/PDGFA/PLAUR/EMILIN2/EMILIN1/ADAMTS18/THBS1,13
GO:0030282,bone mineralization,19/935,121/15250,0.15702479338843,2.56109957130861,4.40604562151751,0.000137728025830226,0.00325956327798202,0.00270133229406144,MMP13/SNX10/LOX/CCL3/ASPN/COL1A2/FBN2/NOTUM/ALOX15/GPC3/TWIST1/CCR1/PTHLH/ADGRV1/TMEM119/GREM1/ISG15/COL6A1/CYP27B1,19
GO:0001656,metanephros development,15/935,83/15250,0.180722891566265,2.94761935442304,4.54699101431165,0.000139243927018607,0.00327959614646229,0.00271793434469012,SIX1/SIX4/HOXC11/PDGFRB/KIF26B/GPC3/PDGFA/GREM1/FOXD1/WNT7B/LIF/FBN1/HOXA11/SALL1/CALB1,15
GO:0071459,"protein localization to chromosome, centromeric region",10/935,41/15250,0.24390243902439,3.97808790922134,4.8798887732003,0.000140201904623569,0.00328635947727687,0.00272353939125211,CENPA/AURKB/CDK1/HASPIN/MTBP/KNL1/KNTC1/BUB1B/H2AC4/TTK,10
GO:0051785,positive regulation of nuclear division,12/935,57/15250,0.210526315789474,3.43371798480158,4.70453519499414,0.000142967505246232,0.00333522765810138,0.00276403843476048,RAD51AP1/AURKA/UBE2C/SKA1/CDC20/MSX2/DLGAP5/NUSAP1/PDGFRB/HOXA13/IGF2/EGF,12
GO:0010810,regulation of cell-substrate adhesion,28/935,217/15250,0.129032258064516,2.10453682939451,4.18810972311246,0.000152506751327428,0.00352645155278894,0.00292251343219495,MMP12/MELTF/ONECUT2/THY1/MDK/PDPN/COL1A1/HOXA7/COL8A1/SPRY4/POSTN/SERPINE1/PLAU/EGFL6/GBP1/ALOX15/MMP14/SPOCK1/NEDD9/PHLDB2/HAS2/GREM1/NID1/DMP1/FN1/EMILIN1/ITGA5/THBS1,28
GO:0141091,transforming growth factor beta receptor superfamily signaling pathway,39/935,344/15250,0.113372093023256,1.84911702524562,4.07096176182237,0.000153014077302484,0.00352645155278894,0.00292251343219495,HTRA4/ERFE/LOX/ONECUT2/MSX2/BMP8A/LEFTY2/DLX5/BAMBI/COL3A1/TNFAIP6/RASL11B/SFRP4/INHBB/ASPN/SULF1/CDH3/PMEPA1/COL1A2/ACVR1C/FBN2/INHBA/FST/HTRA3/GPC3/IL13RA2/TMEM119/GREM1/CHST11/HOXA13/HTRA1/FOXD1/CHRDL2/SCUBE3/SOX11/EMILIN1/FBN1/THBS1/FSTL1,39
GO:0060351,cartilage development involved in endochondral bone morphogenesis,9/935,34/15250,0.264705882352941,4.31739540736081,4.94899778315088,0.000153323980556041,0.00352645155278894,0.00292251343219495,SHOX2/MMP13/SERPINH1/COL27A1/COL1A1/STC1/CBS/LOC102724560/HOXA11,9
GO:0030509,BMP signaling pathway,22/935,153/15250,0.143790849673203,2.34525182622068,4.27400267496995,0.000160988243636148,0.00358990136441791,0.00297509686457169,ERFE/MSX2/BMP8A/LEFTY2/DLX5/BAMBI/TNFAIP6/SFRP4/SULF1/FST/HTRA3/GPC3/TMEM119/GREM1/HOXA13/HTRA1/FOXD1/CHRDL2/SCUBE3/SOX11/FBN1/FSTL1,22
GO:0045807,positive regulation of endocytosis,22/935,153/15250,0.143790849673203,2.34525182622068,4.27400267496995,0.000160988243636148,0.00358990136441791,0.00297509686457169,TREM2/SLC11A1/C2/PCSK9/FCER1G/APOE/SFRP4/ABCA13/CD300LF/FCGR2A/SERPINE1/BICD1/C4B/GPC3/C4A/APLN/FPR2/GREM1/SELE/EGF/SGIP1/WNT3A,22
GO:0090307,mitotic spindle assembly,14/935,75/15250,0.186666666666667,3.0445632798574,4.53625698493029,0.000161303361796896,0.00358990136441791,0.00297509686457169,MYBL2/UHRF1/BIRC5/CDC20/PLK1/AURKB/PRC1/TPX2/CDCA8/KIFC1/KIF23/NEK2/KIF4A/MISP,14
GO:0034501,protein localization to kinetochore,6/935,15/15250,0.4,6.524064171123,5.47033504561693,0.000161944927849838,0.00358990136441791,0.00297509686457169,AURKB/CDK1/MTBP/KNL1/KNTC1/TTK,6
GO:0048935,peripheral nervous system neuron development,6/935,15/15250,0.4,6.524064171123,5.47033504561693,0.000161944927849838,0.00358990136441791,0.00297509686457169,HOXD10/ONECUT2/RUNX1/NTRK2/HOXD9/ISL2,6
GO:0090306,meiotic spindle assembly,6/935,15/15250,0.4,6.524064171123,5.47033504561693,0.000161944927849838,0.00358990136441791,0.00297509686457169,NDC80/AURKA/SKA1/CCNB2/FBXO5/ASPM,6
GO:1903083,protein localization to condensed chromosome,6/935,15/15250,0.4,6.524064171123,5.47033504561693,0.000161944927849838,0.00358990136441791,0.00297509686457169,AURKB/CDK1/MTBP/KNL1/KNTC1/TTK,6
GO:1904666,regulation of ubiquitin protein ligase activity,6/935,15/15250,0.4,6.524064171123,5.47033504561693,0.000161944927849838,0.00358990136441791,0.00297509686457169,MAD2L2/UBE2C/CDC20/PLK1/MAD2L1/FBXO5,6
GO:0060346,bone trabecula formation,5/935,10/15250,0.5,8.15508021390374,5.78432697754477,0.000166645738446401,0.00366097521367227,0.0030339986461542,MSX2/COL1A1/MMP2/FBN2/GREM1,5
GO:2000425,regulation of apoptotic cell clearance,5/935,10/15250,0.5,8.15508021390374,5.78432697754477,0.000166645738446401,0.00366097521367227,0.0030339986461542,TREM2/C2/CD300LF/C4B/C4A,5
GO:0061041,regulation of wound healing,19/935,123/15250,0.154471544715447,2.51945567584018,4.32409273689803,0.000171830078226206,0.00375162076880703,0.00310912029421444,EPHB2/EPPK1/CCN4/FAP/APOE/TAFA5/SERPINE1/PLAU/F2R/PROC/PHLDB2/PDGFA/PLAUR/EMILIN2/TNFRSF12A/FIGNL2/EMILIN1/ADAMTS18/THBS1,19
GO:0001991,regulation of systemic arterial blood pressure by circulatory renin-angiotensin,7/935,21/15250,0.333333333333333,5.4367201426025,5.19956247547898,0.000173069257756765,0.00375162076880703,0.00310912029421444,CTSZ/ENPEP/MME/F2R/SUCNR1/GJA5/ANPEP,7
GO:0006706,steroid catabolic process,7/935,21/15250,0.333333333333333,5.4367201426025,5.19956247547898,0.000173069257756765,0.00375162076880703,0.00310912029421444,SPP1/APOE/CYP19A1/HSD11B1/SULT1E1/CYP27B1/CYP24A1,7
GO:0010720,positive regulation of cell development,45/935,419/15250,0.107398568019093,1.7516878741082,3.98740317149527,0.000174383734044316,0.00376346217217226,0.00311893374546222,TREM2/EPHB2/E2F1/SHOX2/WNT2/WDR62/AURKA/IL2RA/LRP8/IL4I1/XRCC2/SOX4/RAG1/CD80/MDK/TTBK1/ACTL6A/LILRB4/SOCS1/EGR2/FADD/GLI2/RUNX1/ETV5/MME/PLXND1/ASPM/MMP14/TNFSF11/PROC/NEDD9/ITPKA/CXCR4/CCR1/LILRB2/TNFRSF12A/TM4SF19/HAP1/NTRK2/CHODL/SOX11/LIF/FN1/HOXA11/WNT3A,45
GO:0061045,negative regulation of wound healing,13/935,67/15250,0.194029850746269,3.16465799345518,4.53814853397439,0.000183081308201271,0.00391666082479488,0.00324589568252035,EPPK1/FAP/APOE/TAFA5/SERPINE1/PLAU/PROC/PHLDB2/PDGFA/PLAUR/FIGNL2/ADAMTS18/THBS1,13
GO:1900046,regulation of hemostasis,13/935,67/15250,0.194029850746269,3.16465799345518,4.53814853397439,0.000183081308201271,0.00391666082479488,0.00324589568252035,EPHB2/FAP/APOE/SERPINE1/PLAU/F2R/PROC/PDGFA/PLAUR/EMILIN2/EMILIN1/ADAMTS18/THBS1,13
GO:0002063,chondrocyte development,9/935,35/15250,0.257142857142857,4.19404125286478,4.83469828151177,0.000195278556285661,0.00414142704434396,0.00343216856502072,SHOX2/SERPINH1/COL11A1/MSX2/COL27A1/SULF1/PTHLH/CHST11/HOXA11,9
GO:1905332,positive regulation of morphogenesis of an epithelium,9/935,35/15250,0.257142857142857,4.19404125286478,4.83469828151177,0.000195278556285661,0.00414142704434396,0.00343216856502072,HOXB7/SIX1/ITGAX/MDK/SIX4/LBX2/GREM1/LIF/EGF,9
GO:0061326,renal tubule development,16/935,95/15250,0.168421052631579,2.74697438784126,4.36517019943085,0.000199269767603545,0.00420618388550875,0.00348583518578598,HOXB7/SIX1/HOXD11/SIX4/COL4A1/KIF26B/GPC3/GREM1/HEYL/LGR5/FOXD1/WNT7B/LIF/HOXA11/SALL1/CALB1,16
GO:1905523,positive regulation of macrophage migration,8/935,28/15250,0.285714285714286,4.66004583651642,4.95405122222573,0.000200049162139935,0.00420618388550875,0.00348583518578598,TREM2/C5AR1/MDK/CCL3/C3AR1/MMP14/RARRES2/THBS1,8
GO:0051781,positive regulation of cell division,15/935,86/15250,0.174418604651163,2.84479542345479,4.38451299679735,0.000209950485818591,0.00439550183771486,0.00364273065138239,CDC25B/ECT2/CDC6/BIRC5/OSM/AURKB/CDCA8/MDK/KIF23/PGF/CIT/KIF14/PDGFA/LBH/IGF2,15
GO:0048592,eye morphogenesis,22/935,156/15250,0.141025641025641,2.30015082956259,4.17142726325631,0.000213983452527833,0.00445053940589527,0.00368834251641862,EPHB2/VAX2/MFAP2/WNT2/STRA6/EPHB1/SOX4/THY1/MFRP/COL8A1/COL5A1/SDK1/FAT1/FBN2/COL5A2/TWIST1/NTRK2/SOX11/FOXL2/FBN1/PITX2/CALB1,22
GO:0030850,prostate gland development,11/935,51/15250,0.215686274509804,3.51787773933103,4.60302178436572,0.000214396264501181,0.00445053940589527,0.00368834251641862,HOXA10/GLI1/SULF1/MMP2/TNC/HOXD13/CYP19A1/HOXA13/TP63/HOXB13/HOXA11,11
GO:0030316,osteoclast differentiation,17/935,106/15250,0.160377358490566,2.61578044596913,4.26624499370484,0.000234879132688717,0.00485515979342627,0.00402366784268436,TREM2/SNX10/ERFE/CCN4/FCER1G/CCL3/TNFAIP6/LILRB4/LILRB3/TFRC/GPC3/TNFSF11/NEDD9/CCR1/TM4SF19/TNFRSF11B/FBN1,17
GO:0010721,negative regulation of cell development,31/935,257/15250,0.120622568093385,1.96737343681725,3.99712067969485,0.000239258067534132,0.00492489610441056,0.00408146115205285,TREM2/EPHB2/SPP1/CTLA4/HMGB3/ERFE/DNAJB11/THY1/ASCL2/MDK/CCL3/TNFAIP6/LILRB4/SOCS1/HOXA7/HMGA2/LILRB3/RUNX1/SNAI2/INHBA/PTHLH/TMEM176A/TMEM176B/LGALS1/VAX1/TLX2/TNFRSF11B/SOX11/FBN1/DRAXIN/WNT3A,31
GO:1901970,positive regulation of mitotic sister chromatid separation,7/935,22/15250,0.318181818181818,5.18959649975693,5.02565782279703,0.00024048244986907,0.00492938712095637,0.00408518303961683,UBE2C/BIRC5/SKA1/CDC20/AURKB/CDCA8/DLGAP5,7
GO:0060070,canonical Wnt signaling pathway,35/935,304/15250,0.115131578947368,1.87781452293836,3.95100769971794,0.000244005571980468,0.00498076373805131,0.00412776092600292,MAD2L2/WNT2/CTHRC1/HECW1/SOX4/FZD2/NKD2/GLI1/PTK7/MDK/DLX5/BAMBI/APOE/SFRP4/COL1A1/CDH3/SNAI2/NOTUM/SNAI1/CDK14/ASPM/GPC3/IGFBP1/GREM1/LGR5/TPBGL/COL6A1/DACT1/BICC1/FOXD1/WNT7B/EGF/DRAXIN/WNT3A/CDH2,35
GO:0006270,DNA replication initiation,9/935,36/15250,0.25,4.07754010695187,4.72458946611447,0.000246354158191722,0.00500783826133297,0.00415019868157008,MCM10/CDC45/CDC6/MCM7/MCM2/CDT1/ORC6/ORC1/MCIDAS,9
GO:1904645,response to amyloid-beta,11/935,52/15250,0.211538461538462,3.45022624434389,4.52319645190242,0.000257059650961984,0.00520386458703619,0.00431265364837047,TREM2/EPHB2/MMP12/MMP13/MMP3/APOE/MMP2/MMP9/CACNA1B/FPR2/VCAM1,11
GO:0045840,positive regulation of mitotic nuclear division,10/935,44/15250,0.227272727272727,3.70685464268352,4.59530764350033,0.000262446249524105,0.00529104599349215,0.00438490441591715,AURKA/UBE2C/SKA1/CDC20/DLGAP5/NUSAP1/PDGFRB/HOXA13/IGF2/EGF,10
GO:0045785,positive regulation of cell adhesion,50/935,490/15250,0.102040816326531,1.66430208447015,3.819893791423,0.000270716807359915,0.00543138031370143,0.00450120515893607,TNFRSF18/IL2RA/IL4I1/SOX4/RAG1/CD276/CD80/XCL1/THY1/MDK/LAMA1/ACTL6A/PDPN/EFNB1/LILRB4/SOCS1/COL8A1/FADD/TFRC/GLI2/RUNX1/CHST2/KIF26B/DSG2/EGFL6/ALOX15/LAMB1/TNFSF11/NEDD9/CD70/HAS2/LILRB2/PLAUR/EMILIN2/NRG1/SELE/EPB41L4B/NID1/DMP1/VCAM1/LGALS1/CXCL13/LIF/IGF2/RNASE10/DPP4/FN1/EMILIN1/ITGA5/WNT3A,50
GO:0007422,peripheral nervous system development,15/935,88/15250,0.170454545454545,2.78014098201264,4.280044652696,0.000272733120467555,0.00543138031370143,0.00450120515893607,HOXD10/SCN8A/ADGRB2/ONECUT2/CDK1/ARTN/EGR2/RUNX1/NTRK2/NRG1/COL6A1/VCAM1/HOXD9/ISL2/UGT8,15
GO:0032465,regulation of cytokinesis,15/935,88/15250,0.170454545454545,2.78014098201264,4.280044652696,0.000272733120467555,0.00543138031370143,0.00450120515893607,CDC25B/AURKA/ECT2/CDC6/BIRC5/PLK1/AURKB/PRC1/CDCA8/KIF20A/KIF23/CIT/KIF14/E2F7/FSD1,15
GO:0010812,negative regulation of cell-substrate adhesion,12/935,61/15250,0.19672131147541,3.20855614973262,4.41712391711947,0.000280855051421178,0.00557048136401762,0.00461648384117402,MMP12/MELTF/COL1A1/HOXA7/SPRY4/POSTN/SERPINE1/GBP1/MMP14/SPOCK1/PHLDB2/THBS1,12
GO:0097530,granulocyte migration,20/935,138/15250,0.144927536231884,2.36379136634891,4.11298683091609,0.000282645335807565,0.00558338508113411,0.00462717767491416,C5AR1/XCL1/MDK/TREM1/FCER1G/CCL3/TNFAIP6/CXCL6/CXCL8/C3AR1/CSF3R/CXCL9/CCL4/CXCL10/CCL26/CXCL13/RARRES2/DPP4/THBS1/CCL8,20
GO:2000027,regulation of animal organ morphogenesis,14/935,79/15250,0.177215189873418,2.89040817707981,4.305195128024,0.000284925827353096,0.00560582983213983,0.00464577855041594,HOXB7/SIX1/WNT2/SAPCD2/SIX4/HOXC11/SULF1/SNAI2/ETV5/PDGFA/GREM1/TNFRSF11B/HOXA11/WNT3A,14
GO:0031055,chromatin remodeling at centromere,5/935,11/15250,0.454545454545455,7.41370928536704,5.43823775026399,0.000290102927802016,0.00563973906072253,0.00467388050347693,CENPW/CENPA/CENPI/HJURP/OIP5,5
GO:0034080,CENP-A containing chromatin assembly,5/935,11/15250,0.454545454545455,7.41370928536704,5.43823775026399,0.000290102927802016,0.00563973906072253,0.00467388050347693,CENPW/CENPA/CENPI/HJURP/OIP5,5
GO:0090267,positive regulation of mitotic cell cycle spindle assembly checkpoint,5/935,11/15250,0.454545454545455,7.41370928536704,5.43823775026399,0.000290102927802016,0.00563973906072253,0.00467388050347693,NDC80/BIRC5/AURKB/CDCA8/MAD2L1,5
GO:1903034,regulation of response to wounding,22/935,160/15250,0.1375,2.24264705882353,4.03825722866376,0.000308247517035832,0.00596879282987566,0.00494658070816395,EPHB2/EPPK1/SPP1/MDK/CCN4/FAP/APOE/TAFA5/SERPINE1/DSG2/PLAU/F2R/PROC/PHLDB2/PDGFA/PLAUR/EMILIN2/TNFRSF12A/FIGNL2/EMILIN1/ADAMTS18/THBS1,22
GO:0043583,ear development,27/935,215/15250,0.125581395348837,2.04825270488745,3.95607318263041,0.000309665825701237,0.00597264913429275,0.00494977658404339,EPHB2/SIX1/CTHRC1/STRA6/OTX1/MCM2/COL11A1/FZD2/PTK7/DLX5/C1QTNF5/SIX4/ECE1/PRRX1/TWIST1/ADGRV1/GSDME/SPARC/DLX6/HOXA13/LGR5/CECR2/FREM2/TCF15/ZIC1/WNT3A/CALB1,27
GO:0042325,regulation of phosphorylation,44/935,418/15250,0.105263157894737,1.71685899240079,3.79798138173173,0.000318941116843507,0.00612742169182879,0.00507804287993976,MAD2L2/TNFRSF18/PKMYT1/PRR5L/ECT2/CDC6/CEMIP/MCM7/PFN2/CLSPN/OSM/CDC25A/BLM/CDKN3/CDC25C/TPX2/CD80/THY1/KIF14/CHI3L1/IGFBP3/HMGA2/PDGFRB/CENPE/INHBA/MMP9/HERC5/MMD/NEDD9/APLN/PDGFA/IL11/LILRA5/PLAUR/NRG1/TCIM/IL31RA/LIF/RARRES2/EGF/FN1/FBN1/CSPG4/THBS1,44
GO:0007178,cell surface receptor protein serine/threonine kinase signaling pathway,40/935,369/15250,0.10840108401084,1.76803907076504,3.81690411145185,0.000324712380734835,0.00621392950476546,0.00514973541321653,HTRA4/ERFE/LOX/ONECUT2/MSX2/BMP8A/LEFTY2/DLX5/BAMBI/COL3A1/TNFAIP6/RASL11B/SFRP4/INHBB/ASPN/SULF1/CDH3/PMEPA1/COL1A2/ACVR1C/FBN2/INHBA/TTK/FST/HTRA3/GPC3/IL13RA2/TMEM119/GREM1/CHST11/HOXA13/HTRA1/FOXD1/CHRDL2/SCUBE3/SOX11/EMILIN1/FBN1/THBS1/FSTL1,40
GO:0014910,regulation of smooth muscle cell migration,12/935,62/15250,0.193548387096774,3.15680524409177,4.34897882182284,0.000329137108954834,0.00627409609638029,0.00519959790800244,PLXNA1/MDK/CCN4/IGFBP3/POSTN/PDGFRB/FAT1/SERPINE1/GNA12/PLAU/HAS2/PDGFA,12
GO:0090092,regulation of transmembrane receptor protein serine/threonine kinase signaling pathway,31/935,262/15250,0.118320610687023,1.9298281422215,3.87982646701191,0.000336490864059942,0.00638682966845113,0.00529302479157208,HTRA4/ERFE/LOX/ONECUT2/MSX2/BAMBI/TNFAIP6/RASL11B/SFRP4/ASPN/SULF1/CDH3/PMEPA1/FBN2/INHBA/TTK/FST/HTRA3/GPC3/GREM1/CHST11/HOXA13/HTRA1/FOXD1/CHRDL2/SCUBE3/SOX11/EMILIN1/FBN1/THBS1/FSTL1,31
GO:0051984,positive regulation of chromosome segregation,8/935,30/15250,0.266666666666667,4.349376114082,4.69297273908732,0.000337658478083046,0.00638682966845113,0.00529302479157208,CDC6/BIRC5/SKA1/AURKB/NCAPH/CDCA8/CDK1/CCNB1,8
GO:0000910,cytokinesis,24/935,183/15250,0.131147540983607,2.13903743315508,3.96169428618212,0.000344956949335095,0.00649978497997166,0.00538663543961726,CDC25B/AURKA/ECT2/CDC6/CENPA/BIRC5/SEPTIN3/IQGAP3/CEP55/PLK1/AURKB/PRC1/STMN1/CDCA8/KIF20A/KIF23/CIT/ANLN/KIF14/KIF4A/NUSAP1/E2F7/CECR2/FSD1,24
GO:0051382,kinetochore assembly,6/935,17/15250,0.352941176470588,5.75652720981441,5.01478752237888,0.000360133780636091,0.00673395187532904,0.00558069904344476,CENPW/CENPA/DLGAP5/KNTC1/CENPF/CENPE,6
GO:1902969,mitotic DNA replication,6/935,17/15250,0.352941176470588,5.75652720981441,5.01478752237888,0.000360133780636091,0.00673395187532904,0.00558069904344476,RAD51/CDC45/TK1/MCM2/GINS1/CDK1,6
GO:0061844,antimicrobial humoral immune response mediated by antimicrobial peptide,16/935,100/15250,0.16,2.6096256684492,4.12714173840867,0.000364688702281468,0.00679319373565366,0.00562979517590403,XCL1/CCL3/CXCL6/CXCL8/CCL3L3/CXCL9/CXCL11/NTS/CCL18/CCL4/CXCL1/MMP7/CXCL10/CCL26/CXCL13/CCL8,16
GO:1905521,regulation of macrophage migration,10/935,46/15250,0.217391304347826,3.54568704952337,4.41912015453871,0.000385673563297813,0.00715687419165146,0.00593119192041333,TREM2/C5AR1/MDK/CCL3/C3AR1/CYP19A1/MMP14/RARRES2/EMILIN1/THBS1,10
GO:0007517,muscle organ development,37/935,337/15250,0.109792284866469,1.79072977990765,3.7513825004559,0.000419780066064945,0.00775491862275152,0.00642681559672814,TEAD4/SIX1/SHOX2/WNT2/HOXD10/STRA6/COL11A1/EPHB1/LOX/MAPK12/FZD2/SIX4/COL3A1/MSC/EGR2/COL6A3/NEB/CENPF/ITGA11/TWIST1/CAVIN4/CXCL10/HEYL/NRG1/COL6A1/RPL3L/CHODL/TNNI3/VAX1/SOX11/LIF/HOXD9/IGF2/FOXL2/TCF15/PITX2/WNT3A,37
GO:1901342,regulation of vasculature development,33/935,289/15250,0.114186851211073,1.86240586199878,3.78278032261985,0.000421067228751154,0.00775491862275152,0.00642681559672814,C5AR1/ADGRB2/BRCA1/THBS2/ADAM12/ITGAX/MDK/GPR4/CHI3L1/SULF1/CXCL8/TAFA5/HMGA2/C3AR1/RUNX1/SERPINE1/COL4A2/DSG2/PLXND1/GPNMB/TWIST1/CXCR4/SPARC/EMILIN2/TNFRSF12A/GREM1/CXCL10/CXCL13/PDE3B/EMILIN1/CREB3L1/ITGA5/THBS1,33
GO:0001958,endochondral ossification,8/935,31/15250,0.258064516129032,4.20907365878903,4.57086385200233,0.000430896926368321,0.00784744997129519,0.0065035000782728,MMP13/DLX5/COL1A1/MMP14/CBS/LOC102724560/TMEM119/MMP16,8
GO:0036075,replacement ossification,8/935,31/15250,0.258064516129032,4.20907365878903,4.57086385200233,0.000430896926368321,0.00784744997129519,0.0065035000782728,MMP13/DLX5/COL1A1/MMP14/CBS/LOC102724560/TMEM119/MMP16,8
GO:1902751,positive regulation of cell cycle G2/M phase transition,8/935,31/15250,0.258064516129032,4.20907365878903,4.57086385200233,0.000430896926368321,0.00784744997129519,0.0065035000782728,CDC25B/CDC25A/CDC25C/CDK1/DTL/DYRK3/FBXO5/CCNB1,8
GO:0003205,cardiac chamber development,22/935,164/15250,0.134146341463415,2.18794835007174,3.90897814662057,0.000437135931302005,0.00793158862017971,0.00657322918920793,SALL4/SHOX2/WNT2/STRA6/COL11A1/SOX4/FZD2/MSX2/PTK7/EVA1A/HEY1/PLXND1/ADAMTS6/HOXA13/HEYL/NRG1/TNNI3/SOX11/GJA5/PITX2/SALL1/SEMA3C,22
GO:2000242,negative regulation of reproductive process,12/935,64/15250,0.1875,3.0581550802139,4.21674361568965,0.000446997304989084,0.00805452007372074,0.00667510747077081,TRIP13/PKMYT1/KNL1/ZWINT/FBXO5/SULF1/ACVR1C/TTK/SNAI1/TIMP1/LIF/FBXO43,12
GO:0050886,endocrine process,15/935,92/15250,0.16304347826087,2.65926528714253,4.07961895862302,0.000447974518280544,0.00805452007372074,0.00667510747077081,SPP1/ECE1/CTSZ/INHBB/INHBA/ENPEP/CYP19A1/MME/F2R/APLN/SUCNR1/FOXD1/GJA5/ANPEP/FOXL2,15
GO:0007200,phospholipase C-activating G protein-coupled receptor signaling pathway,18/935,122/15250,0.147540983606557,2.40641711229947,3.98597078139496,0.000448902654551577,0.00805452007372074,0.00667510747077081,MC1R/DGKI/FPR3/C5AR1/FPR1/P2RY6/GPR4/ANO1/PLEK/C3AR1/FFAR2/BICD1/F2R/FPR2/SELE/F2RL3/GAP43/GRP,18
GO:0001932,regulation of protein phosphorylation,40/935,375/15250,0.106666666666667,1.7397504456328,3.70683447596408,0.00045048754852,0.00805452007372074,0.00667510747077081,MAD2L2/TNFRSF18/PKMYT1/PRR5L/ECT2/CDC6/CEMIP/PFN2/CLSPN/OSM/CDC25A/BLM/CDKN3/CDC25C/TPX2/CD80/THY1/KIF14/CHI3L1/IGFBP3/HMGA2/PDGFRB/CENPE/MMP9/HERC5/MMD/NEDD9/PDGFA/IL11/LILRA5/PLAUR/NRG1/TCIM/IL31RA/LIF/RARRES2/EGF/FN1/FBN1/CSPG4,40
GO:0050767,regulation of neurogenesis,38/935,351/15250,0.108262108262108,1.76577235400765,3.70941559068451,0.000464838991612476,0.00826299404521289,0.00684787830650426,TREM2/EPHB2/E2F1/SHOX2/WNT2/WDR62/LRP8/SPP1/XRCC2/DNAJB11/HES6/THY1/ASCL2/MDK/HEY1/TTBK1/EGR2/HLTF/HMGA2/ETV5/MME/PLXND1/ASPM/FEZF1/ITPKA/CXCR4/TNFRSF12A/HAP1/HEYL/NTRK2/CHODL/VAX1/TLX2/SOX11/LIF/FN1/DRAXIN/WNT3A,38
GO:0051347,positive regulation of transferase activity,21/935,154/15250,0.136363636363636,2.22411278561011,3.90194966206167,0.000468376828340142,0.00826299404521289,0.00684787830650426,DSCC1/CHTF18/UBE2C/ECT2/CEMIP/CLSPN/RFC4/CDC20/PLK1/TPX2/KIF14/CHI3L1/HMGA2/PDGFRB/CENPE/MMD/NEDD9/LILRA5/NRG1/TCIM/FBN1,21
GO:0035136,forelimb morphogenesis,9/935,39/15250,0.230769230769231,3.76388317564788,4.41676114982591,0.000469823783805999,0.00826299404521289,0.00684787830650426,SHOX2/HOXD10/MSX2/TWIST1/HOXA13/EN1/TP63/HOXD9/HOXA11,9
GO:0000727,double-strand break repair via break-induced replication,5/935,12/15250,0.416666666666667,6.79590017825312,5.13308371232403,0.000472267469414087,0.00826299404521289,0.00684787830650426,CDC45/GINS4/MCM7/MCM2/GINS2,5
GO:0007056,spindle assembly involved in female meiosis,5/935,12/15250,0.416666666666667,6.79590017825312,5.13308371232403,0.000472267469414087,0.00826299404521289,0.00684787830650426,NDC80/AURKA/SKA1/CCNB2/FBXO5,5
GO:0043589,skin morphogenesis,5/935,12/15250,0.416666666666667,6.79590017825312,5.13308371232403,0.000472267469414087,0.00826299404521289,0.00684787830650426,COL1A1/COL1A2/ITGA6/TP63/CDSN,5
GO:0014812,muscle cell migration,14/935,83/15250,0.168674698795181,2.7511113974615,4.08821558033598,0.00048223615671932,0.00840738409881831,0.00696754020028625,SIX1/PLXNA1/MDK/CCN4/SIX4/IGFBP3/POSTN/PDGFRB/FAT1/SERPINE1/GNA12/PLAU/HAS2/PDGFA,14
GO:0042476,odontogenesis,18/935,123/15250,0.146341463414634,2.3868527455328,3.94672906848008,0.000496400810493072,0.00862364386739559,0.0071467634418506,SNX10/MSX2/COL1A1/ASPN/GLI2/COL1A2/TNC/SERPINE1/INHBA/FST/CSF3R/LAMB1/TNFSF11/FPR2/TP63/DMP1/TNFRSF11B/PITX2,18
GO:0040037,negative regulation of fibroblast growth factor receptor signaling pathway,6/935,18/15250,0.333333333333333,5.4367201426025,4.81338537256643,0.000512340560948895,0.00883787467636844,0.00732430520229758,SPRY4/SULF1/SHISA2/APLN/CREB3L1/THBS1,6
GO:1901978,positive regulation of cell cycle checkpoint,6/935,18/15250,0.333333333333333,5.4367201426025,4.81338537256643,0.000512340560948895,0.00883787467636844,0.00732430520229758,NDC80/BIRC5/AURKB/CDCA8/MAD2L1/KNL1,6
GO:0060317,cardiac epithelial to mesenchymal transition,8/935,32/15250,0.25,4.07754010695187,4.45380021781444,0.000543994263550156,0.00935097507765689,0.00774953231583731,WNT2/MSX2/HEY1/SNAI2/SNAI1/TWIST1/HAS2/HEYL,8
GO:0022612,gland morphogenesis,18/935,124/15250,0.145161290322581,2.36760393306883,3.90786855280018,0.000548175471756773,0.00938990082565186,0.00778179166200174,PLXNA1/MSX2/GLI1/MDK/LAMA1/SULF1/MMP2/TNC/SNAI2/ETV5/HOXD13/PLXND1/PDGFA/HOXA13/TP63/HOXB13/WNT3A/SEMA3C,18
GO:1905314,semi-lunar valve development,10/935,48/15250,0.208333333333333,3.39795008912656,4.25246948155698,0.000553622447602384,0.00945016157074592,0.0078317321855947,STRA6/CDH11/HEY1/SNAI2/SNAI1/NFATC1/TWIST1/HEYL/GJA5/EMILIN1,10
GO:0045765,regulation of angiogenesis,32/935,282/15250,0.113475177304965,1.85079834641787,3.68553139897648,0.000570049763130389,0.00968985131677969,0.00803037279978068,C5AR1/ADGRB2/BRCA1/THBS2/ADAM12/ITGAX/MDK/GPR4/CHI3L1/SULF1/CXCL8/TAFA5/HMGA2/C3AR1/RUNX1/SERPINE1/COL4A2/DSG2/PLXND1/GPNMB/TWIST1/SPARC/EMILIN2/TNFRSF12A/GREM1/CXCL10/CXCL13/PDE3B/EMILIN1/CREB3L1/ITGA5/THBS1,32
GO:0051338,regulation of transferase activity,33/935,294/15250,0.112244897959184,1.83073229291717,3.67585051303692,0.00057162013279227,0.00968985131677969,0.00803037279978068,SPINDOC/MAD2L2/DSCC1/CHTF18/PKMYT1/UBE2C/ECT2/CDC6/CEMIP/CLSPN/RFC4/CDC25A/BLM/CDC20/PLK1/CDKN3/CDC25C/TPX2/THY1/MAD2L1/KIF14/CHI3L1/FBXO5/HMGA2/PDGFRB/CENPE/HERC5/MMD/NEDD9/LILRA5/NRG1/TCIM/FBN1,33
GO:0031639,plasminogen activation,7/935,25/15250,0.28,4.5668449197861,4.56148648583931,0.000576580336250592,0.00974023126652293,0.00807212470750829,MELTF/CTSZ/RUNX1/SERPINE1/PLAU/PLAUR/THBS1,7
GO:0010639,negative regulation of organelle organization,38/935,355/15250,0.107042253521127,1.74587632748362,3.6340555197719,0.000578686027242784,0.00974220909780894,0.00807376381651445,MAD2L2/TRIP13/NDC80/BIRC5/SKA1/CCNF/BRCA1/CDC20/PLK1/AURKB/TPX2/STMN1/CDCA8/MAD2L1/HASPIN/MTBP/SPC25/BUB1/KNL1/ZWINT/KNTC1/FBXO5/PPFIA1/BUB1B/TFRC/CENPF/CCNB1/MET/TTK/IQCJ-SCHIP1/TBC1D30/NUF2/PHLDB2/LILRB2/IFI6/LIF/FBXO43/FEZ1,38
GO:0030177,positive regulation of Wnt signaling pathway,20/935,146/15250,0.136986301369863,2.23426855175445,3.82975431812985,0.000596481948983442,0.0100074146166777,0.00829355038655059,DEPDC1B/SOX4/PTK7/CCN4/DLX5/BAMBI/SFRP4/COL1A1/TLR2/SULF1/CDH3/TMEM132A/LBX2/ASPM/GPC3/LGR5/DACT1/EGF/SALL1/WNT3A,20
GO:0045670,regulation of osteoclast differentiation,12/935,66/15250,0.181818181818182,2.96548371414682,4.089583984139,0.00059857870887274,0.0100083177295821,0.00829429883284411,TREM2/ERFE/CCL3/TNFAIP6/LILRB4/LILRB3/TNFSF11/NEDD9/CCR1/TM4SF19/TNFRSF11B/FBN1,12
GO:0060485,mesenchyme development,34/935,307/15250,0.110749185667752,1.80633698549008,3.64751999831991,0.000605190617731202,0.0100844518240312,0.00835739424485946,MAD2L2/SIX1/WNT2/SOX4/MSX2/PTK7/MDK/HEY1/PDPN/BAMBI/EFNB1/SIX4/TEAD2/COL1A1/HMGA2/SNAI2/SNAI1/DSG2/LOXL2/TWIST1/HAS2/SEMA6B/GREM1/HEYL/NRG1/ALX1/FOXD1/FN1/TCF15/PITX2/WNT3A/SEMA3C/SEMA3D/CDH2,34
GO:0007409,axonogenesis,45/935,444/15250,0.101351351351351,1.65305680011562,3.56906436387465,0.000622336673027243,0.0103350080039338,0.00856504031352748,EPHB2/VAX2/SHOX2/SPP1/CELSR3/EPHB1/CDH11/ANOS1/STMN1/PTK7/THY1/DLX5/ARTN/EFNB1/APOE/ECE1/ENAH/EGR2/CHN1/UCHL1/NTN3/GLI2/NELL2/PLXND1/NRCAM/FEZF1/ALCAM/SEMA6B/TNFRSF12A/NTRK2/FOXD1/CHODL/TUBB3/VAX1/WNT7B/PLEKHG4B/PTPRH/FN1/DRAXIN/ISL2/WNT3A/SEMA3C/GAP43/SEMA3D/FEZ1,45
GO:0007229,integrin-mediated signaling pathway,17/935,115/15250,0.147826086956522,2.41106719367589,3.88182733517708,0.000625412048968497,0.0103509919861374,0.00857828688787871,ITGAX/THY1/LAMA1/FCER1G/COL3A1/PLEK/SERPINE1/PLAU/TIMP1/LAMB1/ITGA11/NEDD9/ITGA6/ISG15/NID1/FN1/ITGA5,17
GO:0002573,myeloid leukocyte differentiation,28/935,237/15250,0.118143459915612,1.92693878471987,3.67554967276098,0.000654571367073941,0.0107442068666285,0.00890416000786111,TREM2/SNX10/ERFE/CCN4/FCER1G/CCL3/TNFAIP6/LILRB4/SOCS1/TLR2/HOXA7/FADD/LILRB3/TFRC/RUNX1/INHBA/MMP9/GPC3/TNFSF11/NEDD9/CCR1/DHRS2/TM4SF19/IL31RA/TNFRSF11B/LIF/BATF2/FBN1,28
GO:0002762,negative regulation of myeloid leukocyte differentiation,10/935,49/15250,0.204081632653061,3.3286041689403,4.17242407498034,0.000657942857723728,0.0107442068666285,0.00890416000786111,ERFE/CCL3/TNFAIP6/LILRB4/HOXA7/LILRB3/RUNX1/INHBA/TNFRSF11B/FBN1,10
GO:0031638,zymogen activation,10/935,49/15250,0.204081632653061,3.3286041689403,4.17242407498034,0.000657942857723728,0.0107442068666285,0.00890416000786111,MELTF/CTSZ/RUNX1/SERPINE1/CTSL/PLAU/MMP14/C1S/PLAUR/THBS1,10
GO:0050731,positive regulation of peptidyl-tyrosine phosphorylation,10/935,49/15250,0.204081632653061,3.3286041689403,4.17242407498034,0.000657942857723728,0.0107442068666285,0.00890416000786111,TNFRSF18/OSM/CD80/NEDD9/IL11/LILRA5/NRG1/IL31RA/LIF/CSPG4,10
GO:0033627,cell adhesion mediated by integrin,13/935,76/15250,0.171052631578947,2.78989586265128,3.99774723812736,0.000661405904315458,0.0107483182291622,0.00890756726074682,SNAI2/SERPINE1/PLAU/ITGA11/EMILIN2/VCAM1/CXCL13/LIF/PDE3B/DPP4/EMILIN1/FBN1/ITGA5,13
GO:0030178,negative regulation of Wnt signaling pathway,22/935,169/15250,0.130177514792899,2.12321615036547,3.75251496786724,0.000662582589346192,0.0107483182291622,0.00890756726074682,MAD2L2/CTHRC1/HECW1/NKD2/GLI1/MDK/APOE/SFRP4/HMGA2/SHISA2/SNAI2/NOTUM/ALPK2/GPC3/NFATC1/IGFBP1/GREM1/TPBGL/DACT1/BICC1/DRAXIN/CDH2,22
GO:0035115,embryonic forelimb morphogenesis,8/935,33/15250,0.242424242424242,3.95397828552909,4.34140757436581,0.000679940562567892,0.0109573316316451,0.00908078514482119,SHOX2/MSX2/TWIST1/HOXA13/EN1/TP63/HOXD9/HOXA11,8
GO:1905820,positive regulation of chromosome separation,8/935,33/15250,0.242424242424242,3.95397828552909,4.34140757436581,0.000679940562567892,0.0109573316316451,0.00908078514482119,UBE2C/BIRC5/SKA1/CDC20/AURKB/NCAPH/CDCA8/DLGAP5,8
GO:0002761,regulation of myeloid leukocyte differentiation,17/935,116/15250,0.146551724137931,2.39028213166144,3.84136771830792,0.0006918983756508,0.011100054061454,0.0091990650111254,TREM2/ERFE/CCL3/TNFAIP6/LILRB4/HOXA7/FADD/LILRB3/RUNX1/INHBA/TNFSF11/NEDD9/CCR1/TM4SF19/TNFRSF11B/LIF/FBN1,17
GO:0016486,peptide hormone processing,9/935,41/15250,0.219512195121951,3.5802791182992,4.22804009986518,0.000695594324732881,0.011100054061454,0.0091990650111254,EEF1AKMT4-ECE2/ECE1/CTSZ/ENPEP/CTSL/PLA2G7/MME/DPP4/ANPEP,9
GO:0033260,nuclear DNA replication,9/935,41/15250,0.219512195121951,3.5802791182992,4.22804009986518,0.000695594324732881,0.011100054061454,0.0091990650111254,RAD51/CDC45/FEN1/TK1/MCM2/CDT1/GINS1/BLM/CDK1,9
GO:0030213,hyaluronan biosynthetic process,5/935,13/15250,0.384615384615385,6.2731386260798,4.86095882684583,0.000728837583082435,0.0114627340919871,0.00949963266247553,CEMIP/HAS2/HAS3/ABCC5/EGF,5
GO:0032372,negative regulation of sterol transport,5/935,13/15250,0.384615384615385,6.2731386260798,4.86095882684583,0.000728837583082435,0.0114627340919871,0.00949963266247553,APOC1/PCSK9/APOE/APOC2/EGF,5
GO:0032375,negative regulation of cholesterol transport,5/935,13/15250,0.384615384615385,6.2731386260798,4.86095882684583,0.000728837583082435,0.0114627340919871,0.00949963266247553,APOC1/PCSK9/APOE/APOC2/EGF,5
GO:0061430,bone trabecula morphogenesis,5/935,13/15250,0.384615384615385,6.2731386260798,4.86095882684583,0.000728837583082435,0.0114627340919871,0.00949963266247553,MSX2/COL1A1/MMP2/FBN2/GREM1,5
GO:0006959,humoral immune response,27/935,227/15250,0.118942731277533,1.93997502885816,3.64654622182322,0.000730622348446526,0.0114627340919871,0.00949963266247553,TREM2/CFHR4/SLC11A1/XCL1/C2/TREM1/EXO1/C1QB/CCL3/CXCL6/CXCL8/CCL3L3/CXCL9/CXCL11/C4B/C4A/NTS/CCL18/CCL4/CXCL1/C1S/MMP7/CXCL10/CCL26/CXCL13/RARRES2/CCL8,27
GO:0019730,antimicrobial humoral response,18/935,127/15250,0.141732283464567,2.31167628110657,3.79350238273431,0.000732360843190847,0.0114627340919871,0.00949963266247553,SLC11A1/XCL1/CCL3/CXCL6/CXCL8/CCL3L3/CXCL9/CXCL11/NTS/CCL18/CCL4/CXCL1/MMP7/CXCL10/CCL26/CXCL13/RARRES2/CCL8,18
GO:0003170,heart valve development,13/935,77/15250,0.168831168831169,2.75366344885061,3.94263611091834,0.000751961002876192,0.011732028513027,0.00972280787158388,SHOX2/STRA6/CDH11/SOX4/HEY1/SNAI2/SNAI1/NFATC1/TWIST1/HEYL/GJA5/EMILIN1/PITX2,13
GO:0060828,regulation of canonical Wnt signaling pathway,29/935,251/15250,0.115537848605578,1.88444084624071,3.61081560826947,0.00075955912248919,0.0118129528288081,0.00978987313430511,MAD2L2/CTHRC1/HECW1/SOX4/NKD2/GLI1/PTK7/MDK/DLX5/BAMBI/APOE/SFRP4/COL1A1/CDH3/SNAI2/NOTUM/CDK14/ASPM/GPC3/IGFBP1/GREM1/LGR5/TPBGL/DACT1/BICC1/EGF/DRAXIN/WNT3A/CDH2,29
GO:0050819,negative regulation of coagulation,10/935,50/15250,0.2,3.2620320855615,4.09442368208192,0.00077795902536027,0.0120608267887341,0.00999529633848954,FAP/APOE/PROCR/SERPINE1/PLAU/PROC/PDGFA/PLAUR/ADAMTS18/THBS1,10
GO:1904888,cranial skeletal system development,12/935,68/15250,0.176470588235294,2.8782636049072,3.96713808708582,0.000791100170540559,0.0122258666734328,0.0101320715848412,SIX1/CEP55/MSX2/SIX4/MMP14/TBX15/PRRX1/TWIST1/FOXE1/CHST11/TP63/MMP16,12
GO:0000281,mitotic cytokinesis,15/935,97/15250,0.154639175257732,2.52218975687745,3.84358209989697,0.000795301001469496,0.0122521371264121,0.0101538429747363,ECT2/CENPA/BIRC5/IQGAP3/CEP55/PLK1/AURKB/STMN1/CDCA8/KIF20A/KIF23/CIT/ANLN/KIF4A/NUSAP1,15
GO:1905517,macrophage migration,11/935,59/15250,0.186440677966102,3.04087736789631,4.01402936295885,0.000804415644732435,0.012353706092615,0.0102380172965946,TREM2/C5AR1/MDK/CCL3/MMP2/C3AR1/CYP19A1/MMP14/RARRES2/EMILIN1/THBS1,11
GO:0007596,blood coagulation,27/935,229/15250,0.117903930131004,1.92303201550569,3.59679672767182,0.000835912998246659,0.012770410371366,0.0105833570336285,EPHB2/DGKI/FAP/PDPN/FCER1G/COL3A1/APOE/PLEK/VAV2/PROCR/SERPINE1/GNA12/SLC7A11/PLAU/F2RL2/F2R/PROC/PDGFA/PLAUR/EMILIN2/F2RL3/SERPINA1/FN1/EMILIN1/ADAMTS18/WNT3A/THBS1,27
GO:0016339,calcium-dependent cell-cell adhesion via plasma membrane cell adhesion molecules,9/935,42/15250,0.214285714285714,3.49503437738732,4.13805194997999,0.000837842693278205,0.012770410371366,0.0105833570336285,CDH11/PCDHB10/PCDHB9/PCDHB16/CDH3/CDH8/PCDHB6/PCDHB11/CDH2,9
GO:0022409,positive regulation of cell-cell adhesion,35/935,325/15250,0.107692307692308,1.75647881530234,3.52299553248409,0.000841640286882673,0.012770410371366,0.0105833570336285,IL2RA/IL4I1/SOX4/RAG1/CD276/CD80/XCL1/THY1/MDK/ACTL6A/PDPN/EFNB1/LILRB4/SOCS1/FADD/TFRC/GLI2/RUNX1/CHST2/KIF26B/TNFSF11/CD70/HAS2/LILRB2/PLAUR/EMILIN2/SELE/VCAM1/LGALS1/CXCL13/IGF2/RNASE10/DPP4/EMILIN1/WNT3A,35
GO:0048048,embryonic eye morphogenesis,8/935,34/15250,0.235294117647059,3.83768480654294,4.2333499906888,0.000841976433956157,0.012770410371366,0.0105833570336285,VAX2/MFAP2/STRA6/FBN2/TWIST1/SOX11/FOXL2/FBN1,8
GO:0060537,muscle tissue development,41/935,400/15250,0.1025,1.67179144385027,3.47962184389021,0.00085609943649593,0.0129445405536838,0.0107276657783132,SIX1/SHOX2/WNT2/HOXD10/STRA6/NOX4/COL11A1/EPHB1/LOX/MSX2/GLI1/CDK1/HEY1/SIX4/COL3A1/MSC/EGR2/NEB/CENPF/RUNX1/PDGFRB/CCNB1/DSG2/ALPK2/TWIST1/GJC1/GREM1/HEYL/NRG1/COL6A1/RPL3L/TNNI3/VAX1/SOX11/HOXD9/IGF2/GJA5/FOXL2/PITX2/WNT3A/SEMA3C,41
GO:0003279,cardiac septum development,16/935,108/15250,0.148148148148148,2.41632006337889,3.77496105599744,0.000872098803939354,0.0131055584064383,0.0108611078036619,SALL4/STRA6/SOX4/FZD2/MSX2/PTK7/HEY1/PLXND1/ADAMTS6/HOXA13/HEYL/SOX11/GJA5/PITX2/SALL1/SEMA3C,16
GO:0060840,artery development,16/935,108/15250,0.148148148148148,2.41632006337889,3.77496105599744,0.000872098803939354,0.0131055584064383,0.0108611078036619,SIX1/STRA6/LOX/SOX4/MDK/HEY1/COL3A1/APOE/EGR2/FKBP10/PDGFRB/PLXND1/PRRX1/ADAMTS6/HOXA13/GJA5,16
GO:0014909,smooth muscle cell migration,12/935,69/15250,0.173913043478261,2.83654963961869,3.9075796389251,0.000905238027993845,0.0135619605478344,0.0112393467695872,PLXNA1/MDK/CCN4/IGFBP3/POSTN/PDGFRB/FAT1/SERPINE1/GNA12/PLAU/HAS2/PDGFA,12
GO:0007565,female pregnancy,22/935,173/15250,0.127167630057803,2.07412444746685,3.63120691701826,0.000909747672888683,0.0135879690532977,0.0112609010729514,SLC19A1/TEAD4/SPP1/STC2/IDO1/MMP2/SLC2A1/ACVR1C/FBN2/MMP9/STC1/DSG2/TIMP1/LAMB1/CBS/LOC102724560/PTHLH/IGFBP7/PTGS2/CYP27B1/LIF/ITGA5,22
GO:0048260,positive regulation of receptor-mediated endocytosis,10/935,51/15250,0.196078431372549,3.19807067211912,4.01837111837999,0.00091541335727712,0.0136310335480262,0.0112965903663985,PCSK9/SFRP4/SERPINE1/BICD1/APLN/GREM1/SELE/EGF/SGIP1/WNT3A,10
GO:0060425,lung morphogenesis,11/935,60/15250,0.183333333333333,2.99019607843137,3.94751160906879,0.000931408748709061,0.0138271862421991,0.0114591500598751,WNT2/LAMA1/CTSZ/HMGA2/PLOD3/TNC/COL6A1/WNT7B/SOX11/LIF/PITX2,11
GO:0050817,coagulation,27/935,231/15250,0.116883116883117,1.90638238766581,3.54754367354504,0.000954190923458282,0.0141226022175895,0.0117039732605457,EPHB2/DGKI/FAP/PDPN/FCER1G/COL3A1/APOE/PLEK/VAV2/PROCR/SERPINE1/GNA12/SLC7A11/PLAU/F2RL2/F2R/PROC/PDGFA/PLAUR/EMILIN2/F2RL3/SERPINA1/FN1/EMILIN1/ADAMTS18/WNT3A/THBS1,27
GO:0000076,DNA replication checkpoint signaling,6/935,20/15250,0.3,4.89304812834225,4.45231241090367,0.000962424557371015,0.0142015599595199,0.011769408743754,CDC45/CDC6/CLSPN/CDT1/TIMELESS/ORC1,6
GO:0045667,regulation of osteoblast differentiation,18/935,130/15250,0.138461538461538,2.25832990538873,3.68231646795212,0.000967281791759898,0.0142303708643596,0.0117932855091447,CTHRC1/ERFE/MSX2/GLI1/CCN4/BAMBI/TNFAIP6/FBXO5/SNAI2/FBN2/TWIST1/GDPD2/TMEM119/GREM1/TP63/SCUBE3/WNT7B/SOX11,18
GO:0032467,positive regulation of cytokinesis,9/935,43/15250,0.209302325581395,3.41375450814575,4.05075861395293,0.0010028619369845,0.0146657332217524,0.0121540879527076,CDC25B/ECT2/CDC6/BIRC5/AURKB/CDCA8/KIF23/CIT/KIF14,9
GO:0048483,autonomic nervous system development,9/935,43/15250,0.209302325581395,3.41375450814575,4.05075861395293,0.0010028619369845,0.0146657332217524,0.0121540879527076,SIX1/SOX4/EGR2/ACKR3/TP63/VCAM1/TLX2/SOX11/FN1,9
GO:2000243,positive regulation of reproductive process,12/935,70/15250,0.171428571428571,2.79602750190985,3.84907991690139,0.00103276705411118,0.0150254019200291,0.0124521599908794,CDC25B/RAD51AP1/AURKA/CDC25A/CDC25C/MSX2/INHBB/KNL1/CCDC87/INHBA/LHFPL2/RNASE10,12
GO:0048566,embryonic digestive tract development,8/935,35/15250,0.228571428571429,3.72803666921314,4.12932493740218,0.0010335906199326,0.0150254019200291,0.0124521599908794,SHOX2/STRA6/CXCL8/GLI2/SOX11/RARRES2/PITX2/SALL1,8
GO:0014706,striated muscle tissue development,39/935,379/15250,0.102902374670185,1.67835423927307,3.4177230942838,0.00105228773495815,0.0152519456022485,0.0126399059287873,SIX1/SHOX2/WNT2/HOXD10/NOX4/COL11A1/EPHB1/LOX/MSX2/GLI1/CDK1/HEY1/SIX4/MSC/EGR2/NEB/CENPF/RUNX1/PDGFRB/CCNB1/DSG2/ALPK2/TWIST1/GJC1/GREM1/HEYL/NRG1/COL6A1/RPL3L/TNNI3/VAX1/SOX11/HOXD9/IGF2/GJA5/FOXL2/PITX2/WNT3A/SEMA3C,39
GO:1902105,regulation of leukocyte differentiation,34/935,317/15250,0.107255520504732,1.74935474620017,3.44567547990928,0.00106389140897424,0.0153746431049109,0.0127415903257682,TREM2/IL2RA/CTLA4/IL4I1/HMGB3/ERFE/SOX4/RAG1/CD80/ASCL2/MDK/ACTL6A/CCL3/TNFAIP6/LILRB4/SOCS1/HOXA7/FADD/LILRB3/GLI2/RUNX1/INHBA/MMP14/TNFSF11/NEDD9/CCR1/LILRB2/TM4SF19/TMEM176A/TMEM176B/LGALS1/TNFRSF11B/LIF/FBN1,34
GO:0048546,digestive tract morphogenesis,10/935,52/15250,0.192307692307692,3.1365693130399,3.94417566879563,0.0010721642397331,0.015424959506276,0.0127832895683774,SHOX2/STRA6/GLI1/GLI2/HOXD13/HOXA13/TP63/DACT1/SOX11/PITX2,10
GO:0032905,transforming growth factor beta1 production,5/935,14/15250,0.357142857142857,5.82505729564553,4.61595771857512,0.00107681897349386,0.015424959506276,0.0127832895683774,LAPTM4B/COL3A1/LUM/IL13RA2/THBS1,5
GO:0042447,hormone catabolic process,5/935,14/15250,0.357142857142857,5.82505729564553,4.61595771857512,0.00107681897349386,0.015424959506276,0.0127832895683774,SPP1/ECE1/CYP19A1/MME/SULT1E1,5
GO:1990266,neutrophil migration,15/935,100/15250,0.15,2.44652406417112,3.70894299082905,0.0010973178165333,0.015672769630311,0.0129886598691697,C5AR1/XCL1/MDK/TREM1/FCER1G/CCL3/TNFAIP6/CXCL6/CXCL8/C3AR1/CSF3R/CXCL9/CXCL10/CXCL13/DPP4,15
GO:0060021,roof of mouth development,14/935,90/15250,0.155555555555556,2.53713606654783,3.7377889714275,0.0011070446344162,0.01572003380871,0.0130278296108109,EPHB2/FZD2/DLX5/MSC/SNAI2/INHBA/SNAI1/PRRX1/DLX6/FOXE1/ALX1/VAX1/SOX11/WNT3A,14
GO:0072080,nephron tubule development,14/935,90/15250,0.155555555555556,2.53713606654783,3.7377889714275,0.0011070446344162,0.01572003380871,0.0130278296108109,HOXB7/SIX1/HOXD11/SIX4/KIF26B/GPC3/GREM1/HEYL/FOXD1/WNT7B/LIF/HOXA11/SALL1/CALB1,14
GO:0140448,signaling receptor ligand precursor processing,9/935,44/15250,0.204545454545455,3.33616917841517,3.96601129325446,0.00119325454233146,0.0168952427828954,0.0140017729533691,EEF1AKMT4-ECE2/ECE1/CTSZ/ENPEP/CTSL/PLA2G7/MME/DPP4/ANPEP,9
GO:0048839,inner ear development,23/935,188/15250,0.122340425531915,1.99539196723177,3.50963979793229,0.00119896467819558,0.016918016813011,0.0140206467158246,EPHB2/SIX1/CTHRC1/OTX1/MCM2/COL11A1/FZD2/PTK7/DLX5/C1QTNF5/SIX4/PRRX1/ADGRV1/GSDME/SPARC/DLX6/HOXA13/LGR5/CECR2/FREM2/ZIC1/WNT3A/CALB1,23
GO:0002092,positive regulation of receptor internalization,7/935,28/15250,0.25,4.07754010695187,4.16560119990323,0.00120867644101936,0.016918016813011,0.0140206467158246,PCSK9/SFRP4/APLN/GREM1/SELE/EGF/WNT3A,7
GO:0010971,positive regulation of G2/M transition of mitotic cell cycle,7/935,28/15250,0.25,4.07754010695187,4.16560119990323,0.00120867644101936,0.016918016813011,0.0140206467158246,CDC25B/CDC25A/CDC25C/CDK1/DTL/FBXO5/CCNB1,7
GO:0060740,prostate gland epithelium morphogenesis,7/935,28/15250,0.25,4.07754010695187,4.16560119990323,0.00120867644101936,0.016918016813011,0.0140206467158246,SULF1/MMP2/TNC/HOXD13/HOXA13/TP63/HOXB13,7
GO:0061640,cytoskeleton-dependent cytokinesis,17/935,122/15250,0.139344262295082,2.27272727272727,3.60707622042586,0.00123163915028458,0.0171903139522626,0.0142463103993031,ECT2/CENPA/BIRC5/SEPTIN3/IQGAP3/CEP55/PLK1/AURKB/STMN1/CDCA8/KIF20A/KIF23/CIT/ANLN/KIF4A/NUSAP1/CECR2,17
GO:0003179,heart valve morphogenesis,11/935,62/15250,0.17741935483871,2.89373814041746,3.81853071310655,0.00123530169906795,0.0171924517719712,0.0142480820972042,STRA6/CDH11/SOX4/HEY1/SNAI2/SNAI1/NFATC1/TWIST1/HEYL/GJA5/EMILIN1,11
GO:0032330,regulation of chondrocyte differentiation,10/935,53/15250,0.188679245283019,3.07738875996368,3.87175254064663,0.00125018625296511,0.0173503185645215,0.0143789127111568,SHOX2/ADAMTS12/MDK/CCN4/SNAI2/LOXL2/PTHLH/ADAMTS7/GREM1/HOXA11,10
GO:0060445,branching involved in salivary gland morphogenesis,6/935,21/15250,0.285714285714286,4.66004583651642,4.28934807209202,0.00127816667721671,0.0176885269821601,0.0146591997443499,PLXNA1/LAMA1/SNAI2/PLXND1/PDGFA/SEMA3C,6
GO:0070371,ERK1 and ERK2 cascade,32/935,296/15250,0.108108108108108,1.76326058679,3.38899412314375,0.00129247539163453,0.0177956379376173,0.0147479669374824,TREM2/EPHB2/DUSP9/NOX4/C5AR1/EPHB1/IQGAP3/CDK1/P2RY6/CCL3/APOE/MFHAS1/CHI3L1/SPRY4/PDGFRB/ACKR3/INHBA/GPNMB/GBP1/ALOX15/F2R/TNFSF11/CCR1/ROS1/PDGFA/FPR2/NRG1/NEURL3/LIF/EGF/FN1/EMILIN1,32
GO:0061564,axon development,48/935,499/15250,0.0961923847695391,1.56891322752457,3.30229893312851,0.00129317148515856,0.0177956379376173,0.0147479669374824,EPHB2/VAX2/SHOX2/SPP1/CELSR3/EPHB1/CDH11/ANOS1/STMN1/PTK7/THY1/DLX5/ARTN/EFNB1/APOE/ECE1/ENAH/EGR2/CHN1/UCHL1/MMP2/NTN3/GLI2/TNC/NELL2/PLXND1/NRCAM/FEZF1/ALCAM/SEMA6B/TNFRSF12A/NTRK2/FIGNL2/FOXD1/CHODL/TUBB3/VAX1/WNT7B/PLEKHG4B/PTPRH/FN1/DRAXIN/ISL2/WNT3A/SEMA3C/GAP43/SEMA3D/FEZ1,48
GO:0007599,hemostasis,27/935,236/15250,0.114406779661017,1.86599293030001,3.42651749664268,0.00131551021813005,0.0180523376992132,0.014960704441479,EPHB2/DGKI/FAP/PDPN/FCER1G/COL3A1/APOE/PLEK/VAV2/PROCR/SERPINE1/GNA12/SLC7A11/PLAU/F2RL2/F2R/PROC/PDGFA/PLAUR/EMILIN2/F2RL3/SERPINA1/FN1/EMILIN1/ADAMTS18/WNT3A/THBS1,27
GO:0003231,cardiac ventricle development,17/935,123/15250,0.138211382113821,2.25424981522543,3.56936540006213,0.00134955473308133,0.018416347179291,0.0152623738615883,SALL4/STRA6/COL11A1/SOX4/FZD2/PTK7/EVA1A/HEY1/HOXA13/HEYL/NRG1/TNNI3/SOX11/GJA5/PITX2/SALL1/SEMA3C,17
GO:0045931,positive regulation of mitotic cell cycle,17/935,123/15250,0.138211382113821,2.25424981522543,3.56936540006213,0.00134955473308133,0.018416347179291,0.0152623738615883,CDC25B/AURKA/UBE2C/CDC6/STIL/BIRC5/SKA1/CDC25A/CDC20/CDC25C/CDK1/RRM2/DTL/MTBP/DLGAP5/FBXO5/CCNB1,17
GO:0060993,kidney morphogenesis,14/935,92/15250,0.152173913043478,2.48198093466636,3.6437316951255,0.00137761187468123,0.0187470015946203,0.0155364005866827,HOXB7/SIX1/HOXD11/SOX4/SIX4/KIF26B/GPC3/GREM1/FOXD1/WNT7B/LIF/HOXA11/SALL1/CALB1,14
GO:0090090,negative regulation of canonical Wnt signaling pathway,18/935,135/15250,0.133333333333333,2.174688057041,3.50361335652363,0.00150154846154342,0.0202997381573104,0.0168232163540887,MAD2L2/CTHRC1/HECW1/NKD2/GLI1/MDK/APOE/SFRP4/SNAI2/NOTUM/GPC3/IGFBP1/GREM1/TPBGL/DACT1/BICC1/DRAXIN/CDH2,18
GO:0003281,ventricular septum development,12/935,73/15250,0.164383561643836,2.68112226210534,3.67958274625138,0.00150788252943043,0.0202997381573104,0.0168232163540887,SALL4/STRA6/SOX4/FZD2/PTK7/HEY1/HOXA13/HEYL/SOX11/GJA5/PITX2/SALL1,12
GO:0048844,artery morphogenesis,12/935,73/15250,0.164383561643836,2.68112226210534,3.67958274625138,0.00150788252943043,0.0202997381573104,0.0168232163540887,SIX1/STRA6/SOX4/MDK/HEY1/COL3A1/APOE/FKBP10/PDGFRB/PRRX1/HOXA13/GJA5,12
GO:0003081,regulation of systemic arterial blood pressure by renin-angiotensin,7/935,29/15250,0.241379310344828,3.93693527567767,4.04578307327163,0.00151003819096894,0.0202997381573104,0.0168232163540887,CTSZ/ENPEP/MME/F2R/SUCNR1/GJA5/ANPEP,7
GO:0038094,Fc-gamma receptor signaling pathway,8/935,37/15250,0.216216216216216,3.52652117358,3.9323048875152,0.00152071931082526,0.0202997381573104,0.0168232163540887,FCGR3A/PLPP4/FCER1G/FCGR3B/FCGR2A/VAV2/CLEC4E/NOS2,8
GO:0071604,transforming growth factor beta production,8/935,37/15250,0.216216216216216,3.52652117358,3.9323048875152,0.00152071931082526,0.0202997381573104,0.0168232163540887,XCL1/LAPTM4B/COL3A1/LUM/IL13RA2/PTGS2/FN1/THBS1,8
GO:0150077,regulation of neuroinflammatory response,8/935,37/15250,0.216216216216216,3.52652117358,3.9323048875152,0.00152071931082526,0.0202997381573104,0.0168232163540887,TREM2/MMP3/TTBK1/CCL3/CTSC/MMP9/CCR1/PTGS2,8
GO:0002430,complement receptor mediated signaling pathway,5/935,15/15250,0.333333333333333,5.4367201426025,4.39356693402405,0.00153425599631587,0.0203143787187877,0.0168353495811957,FPR3/C5AR1/FPR1/C3AR1/FPR2,5
GO:0051917,regulation of fibrinolysis,5/935,15/15250,0.333333333333333,5.4367201426025,4.39356693402405,0.00153425599631587,0.0203143787187877,0.0168353495811957,FAP/SERPINE1/PLAU/PLAUR/THBS1,5
GO:0090235,regulation of metaphase plate congression,5/935,15/15250,0.333333333333333,5.4367201426025,4.39356693402405,0.00153425599631587,0.0203143787187877,0.0168353495811957,BIRC5/SPAG5/AURKB/CDCA8/CDK1,5
GO:0071230,cellular response to amino acid stimulus,13/935,83/15250,0.156626506024096,2.55460344049997,3.62944014636031,0.00154216398845823,0.0203640468448972,0.016876511571807,SIX1/GRIN2D/MMP3/COL3A1/SOCS1/COL4A1/COL1A1/MMP2/COL1A2/COL5A2/NTRK2/COL6A1/PNPLA3,13
GO:0051962,positive regulation of nervous system development,30/935,275/15250,0.109090909090909,1.77929022848809,3.33282855458364,0.00156626999428682,0.020626765327987,0.0170942370344207,EPHB2/E2F1/SHOX2/WNT2/WDR62/LRP8/AGRN/SYNDIG1/XRCC2/EPHB1/ADGRB2/LRRC15/THBS2/MDK/TTBK1/EGR2/ETV5/MME/PLXND1/ASPM/ITPKA/CXCR4/TNFRSF12A/HAP1/NTRK2/CHODL/SOX11/LIF/FN1/WNT3A,30
GO:0070482,response to oxygen levels,34/935,325/15250,0.104615384615385,1.70629370629371,3.28927859123175,0.00162638179120037,0.0213609769305379,0.0177027079685617,TREM2/PLOD1/E2F1/STC2/ASCL2/KCND2/PGF/COL1A1/MMP2/POSTN/TFRC/SLC2A1/GUCY1A2/INHBA/CCNB1/STC1/PLAU/MMP14/CBS/LOC102724560/LOXL2/TWIST1/CXCR4/CA9/COL6A1/GUCY1A1/SCN2A/PTGS2/VCAM1/LIF/DPP4/NOS2/GUCY1B1/THBS1,34
GO:0000212,meiotic spindle organization,6/935,22/15250,0.272727272727273,4.44822557122022,4.13634148724755,0.00166729826247209,0.0218398240316865,0.0180995479829857,NDC80/AURKA/SKA1/CCNB2/FBXO5/ASPM,6
GO:0003180,aortic valve morphogenesis,8/935,38/15250,0.210526315789474,3.43371798480158,3.83883727282885,0.00182439885713626,0.0237705585135918,0.0196996259573755,CDH11/HEY1/SNAI2/SNAI1/NFATC1/TWIST1/HEYL/EMILIN1,8
GO:0044060,regulation of endocrine process,8/935,38/15250,0.210526315789474,3.43371798480158,3.83883727282885,0.00182439885713626,0.0237705585135918,0.0196996259573755,SPP1/INHBB/INHBA/CYP19A1/F2R/APLN/GJA5/FOXL2,8
GO:0045005,DNA-templated DNA replication maintenance of fidelity,11/935,65/15250,0.169230769230769,2.76018099547511,3.63443929455028,0.00184000187530241,0.0239102630957732,0.019815404810949,RAD51/TONSL/BRCA1/BLM/TIMELESS/CDK1/DDX11/EXO1/MCM8/HLTF/POLQ,11
GO:0006024,glycosaminoglycan biosynthetic process,7/935,30/15250,0.233333333333333,3.80570409982175,3.93120760581343,0.00186684940793421,0.0240044494736738,0.0198934608824486,CEMIP/PXYLP1/HS3ST2/HAS2/HAS3/ABCC5/EGF,7
GO:0045671,negative regulation of osteoclast differentiation,7/935,30/15250,0.233333333333333,3.80570409982175,3.93120760581343,0.00186684940793421,0.0240044494736738,0.0198934608824486,ERFE/CCL3/TNFAIP6/LILRB4/LILRB3/TNFRSF11B/FBN1,7
GO:0060512,prostate gland morphogenesis,7/935,30/15250,0.233333333333333,3.80570409982175,3.93120760581343,0.00186684940793421,0.0240044494736738,0.0198934608824486,SULF1/MMP2/TNC/HOXD13/HOXA13/TP63/HOXB13,7
GO:0061037,negative regulation of cartilage development,7/935,30/15250,0.233333333333333,3.80570409982175,3.93120760581343,0.00186684940793421,0.0240044494736738,0.0198934608824486,ADAMTS12/CCN4/SNAI2/CTSK/PTHLH/ADAMTS7/GREM1,7
GO:0050866,negative regulation of cell activation,25/935,218/15250,0.114678899082569,1.87043124172104,3.30814963288775,0.00188648319330234,0.0241934061884506,0.0200500569759358,TREM2/IL2RA/CTLA4/IL4I1/HMGB3/CD80/XCL1/ASCL2/MDK/IDO1/APOE/LILRB4/SOCS1/CD300LF/RUNX1/INHBA/GPNMB/PDGFA/LILRB2/IL31RA/LGALS1/SOX11/FN1/EMILIN1/ADAMTS18,25
GO:0072006,nephron development,19/935,149/15250,0.12751677852349,2.07981911495532,3.38510467804719,0.00191283181702131,0.0244319743496279,0.0202477680872605,HOXB7/SIX1/HOXD11/SIX4/GPR4/SULF1/PDGFRB/KIF26B/ENPEP/GPC3/GREM1/HEYL/NID1/FOXD1/WNT7B/LIF/HOXA11/SALL1/CALB1,19
GO:0061333,renal tubule morphogenesis,12/935,75/15250,0.16,2.6096256684492,3.57126421742986,0.00191505983879509,0.0244319743496279,0.0202477680872605,HOXB7/SIX1/HOXD11/SIX4/COL4A1/KIF26B/GPC3/GREM1/LGR5/FOXD1/HOXA11/SALL1,12
GO:1904427,positive regulation of calcium ion transmembrane transport,10/935,56/15250,0.178571428571429,2.91252864782277,3.66434801342672,0.00193335436247672,0.024601306550061,0.0203881005497545,CEMIP/XCL1/THY1/P2RY6/CXCL9/F2R/CXCL11/CXCL10/HAP1/F2RL3,10
GO:0002548,monocyte chemotaxis,9/935,47/15250,0.191489361702128,3.12322220958016,3.72572281338495,0.00194511984032921,0.0246231061957953,0.0204061668003529,CCL3/SERPINE1/PLA2G7/TNFSF11/CCR1/FPR2/GREM1/CXCL10/CCL26,9
GO:0030195,negative regulation of blood coagulation,9/935,47/15250,0.191489361702128,3.12322220958016,3.72572281338495,0.00194511984032921,0.0246231061957953,0.0204061668003529,FAP/APOE/SERPINE1/PLAU/PROC/PDGFA/PLAUR/ADAMTS18/THBS1,9
GO:0001890,placenta development,19/935,150/15250,0.126666666666667,2.06595365418895,3.3529439233083,0.00206782828608625,0.0261089968390116,0.0216375846430674,WNT2/PLAC1/SPP1/CCNF/STC2/ASCL2/HEY1/FBN2/STC1/SNAI1/E2F7/MME/KRT8/HTRA1/PTGS2/CYP27B1/WNT7B/LIF/IGF2,19
GO:0018126,protein hydroxylation,5/935,16/15250,0.3125,5.09692513368984,4.19026852729563,0.00211995608386567,0.0266983672361386,0.022126019795616,PLOD1/P3H1/P3H4/PLOD3/P3H3,5
GO:0046697,decidualization,6/935,23/15250,0.260869565217391,4.25482445942804,3.99222607225066,0.00214015876644488,0.0267465249918711,0.0221659300810363,SPP1/STC2/STC1/PTGS2/CYP27B1/LIF,6
GO:0060343,trabecula formation,6/935,23/15250,0.260869565217391,4.25482445942804,3.99222607225066,0.00214015876644488,0.0267465249918711,0.0221659300810363,MSX2/HEY1/COL1A1/MMP2/FBN2/GREM1,6
GO:2001044,regulation of integrin-mediated signaling pathway,6/935,23/15250,0.260869565217391,4.25482445942804,3.99222607225066,0.00214015876644488,0.0267465249918711,0.0221659300810363,LAMA1/SERPINE1/PLAU/TIMP1/LAMB1/NID1,6
GO:0033280,response to vitamin D,8/935,39/15250,0.205128205128205,3.34567393390923,3.74845130674564,0.00217396661799568,0.0269948178248526,0.022371700422311,SPP1/STC2/TNC/SNAI2/STC1/CXCL10/CYP27B1/CYP24A1,8
GO:0033313,meiotic cell cycle checkpoint signaling,4/935,10/15250,0.4,6.524064171123,4.46577710598187,0.0021875776028713,0.0269948178248526,0.022371700422311,TRIP13/KNL1/ZWINT/TTK,4
GO:0060600,dichotomous subdivision of an epithelial terminal unit,4/935,10/15250,0.4,6.524064171123,4.46577710598187,0.0021875776028713,0.0269948178248526,0.022371700422311,PLXNA1/PLXND1/FOXD1/SEMA3C,4
GO:1902423,regulation of attachment of mitotic spindle microtubules to kinetochore,4/935,10/15250,0.4,6.524064171123,4.46577710598187,0.0021875776028713,0.0269948178248526,0.022371700422311,BIRC5/AURKB/CDCA8/CDK1,4
GO:2000822,regulation of behavioral fear response,4/935,10/15250,0.4,6.524064171123,4.46577710598187,0.0021875776028713,0.0269948178248526,0.022371700422311,EPHB2/RAG1/APOE/GRP,4
GO:0000725,recombinational repair,23/935,197/15250,0.116751269035533,1.90423192811966,3.26461695244559,0.00222918560360489,0.0274391464122119,0.0227399335443112,MAD2L2/HROB/UHRF1/RAD51AP1/CGAS/RAD51/RAD54L/CDC45/FEN1/GINS4/MCM7/TONSL/MCM2/XRCC2/BRCA1/GINS2/BLM/TIMELESS/PLK1/ACTL6A/MCM8/HELLS/POLQ,23
GO:1900047,negative regulation of hemostasis,9/935,48/15250,0.1875,3.0581550802139,3.64988483563852,0.00226623462326617,0.0277853395820526,0.02302683786551,FAP/APOE/SERPINE1/PLAU/PROC/PDGFA/PLAUR/ADAMTS18/THBS1,9
GO:0019724,B cell mediated immunity,17/935,129/15250,0.131782945736434,2.14940098661029,3.35047958074194,0.00227586488913322,0.0277853395820526,0.02302683786551,TREM2/MAD2L2/FCGR3A/XCL1/C2/EXO1/C1QB/FCER1G/FCGR3B/FCGR2A/TFRC/RNF168/C4B/C4A/CD70/IL13RA2/C1S,17
GO:0001906,cell killing,26/935,233/15250,0.111587982832618,1.82001790181543,3.22359530944079,0.00227753816971207,0.0277853395820526,0.02302683786551,FCGR3A/XCL1/ULBP1/C2/TREM1/CXCL6/FCGR3B/CXCL8/FADD/FCGR2A/CTSC/GBP1/CXCL9/CXCL11/C4A/GZMB/NTS/CCL18/CXCL1/C1S/CXCL10/GBP5/APOL1/CXCL13/NOS2/CCL8,26
GO:0030212,hyaluronan metabolic process,7/935,31/15250,0.225806451612903,3.6829394514404,3.82146134979262,0.00228566888172427,0.0277853395820526,0.02302683786551,CEMIP/HMMR/TNFAIP6/HAS2/HAS3/ABCC5/EGF,7
GO:0090022,regulation of neutrophil chemotaxis,7/935,31/15250,0.225806451612903,3.6829394514404,3.82146134979262,0.00228566888172427,0.0277853395820526,0.02302683786551,C5AR1/XCL1/MDK/TNFAIP6/CXCL8/C3AR1/DPP4,7
GO:0021675,nerve development,13/935,87/15250,0.149425287356322,2.43715040875284,3.43558021496737,0.00238098215310243,0.0288723553664575,0.0239276919346433,EPHB2/SIX1/PLXNA1/EPHB1/SIX4/B4GALNT1/ECE1/EGR2/SULF1/ACKR3/CNGB1/VCAM1/SALL1,13
GO:0043270,positive regulation of monoatomic ion transport,21/935,175/15250,0.12,1.9572192513369,3.25486214854395,0.00243360991553911,0.0294376666079657,0.0243961882891081,TREM2/CEMIP/XCL1/THY1/ATP1B3/P2RY6/CCL3/PDGFRB/STC1/CXCL9/F2R/CXCL11/CCR1/NOS1AP/CCL4/LILRA5/CXCL10/HAP1/F2RL3/TRPV3/TRPA1,21
GO:0007062,sister chromatid cohesion,10/935,58/15250,0.172413793103448,2.81209662548405,3.53361055906303,0.00253649919732862,0.0304938612289581,0.0252714996100367,DSCC1/CDCA5/FEN1/CDC20/PLK1/HASPIN/DDX11/BUB1/BUB1B/ESCO2,10
GO:0031297,replication fork processing,10/935,58/15250,0.172413793103448,2.81209662548405,3.53361055906303,0.00253649919732862,0.0304938612289581,0.0252714996100367,RAD51/TONSL/BRCA1/BLM/TIMELESS/CDK1/DDX11/EXO1/HLTF/POLQ,10
GO:0070167,regulation of biomineral tissue development,14/935,98/15250,0.142857142857143,2.33002291825821,3.3757322522347,0.0025395989755899,0.0304938612289581,0.0252714996100367,HEY1/CCL3/ASPN/FBXO5/FBN2/NOTUM/TWIST1/CCR1/ADGRV1/TMEM119/GREM1/ISG15/DMP1/CYP27B1,14
GO:0033574,response to testosterone,8/935,40/15250,0.2,3.2620320855615,3.6609598076379,0.00257403854363445,0.0308318210886679,0.0255515806531928,HOXA10/SPP1/HOXD13/HOXA13/CA9/HOXB13/HOXA11/THBS1,8
GO:0030194,positive regulation of blood coagulation,6/935,24/15250,0.25,4.07754010695187,3.85609070473562,0.00270750649005525,0.0321164026508007,0.0266161654954584,SERPINE1/PLAU/F2R/EMILIN2/EMILIN1/THBS1,6
GO:0032331,negative regulation of chondrocyte differentiation,6/935,24/15250,0.25,4.07754010695187,3.85609070473562,0.00270750649005525,0.0321164026508007,0.0266161654954584,ADAMTS12/CCN4/SNAI2/PTHLH/ADAMTS7/GREM1,6
GO:1900048,positive regulation of hemostasis,6/935,24/15250,0.25,4.07754010695187,3.85609070473562,0.00270750649005525,0.0321164026508007,0.0266161654954584,SERPINE1/PLAU/F2R/EMILIN2/EMILIN1/THBS1,6
GO:1901623,regulation of lymphocyte chemotaxis,6/935,24/15250,0.25,4.07754010695187,3.85609070473562,0.00270750649005525,0.0321164026508007,0.0266161654954584,XCL1/CCL3/NEDD9/CCL4/CXCL10/CXCL13,6
GO:0050867,positive regulation of cell activation,37/935,375/15250,0.0986666666666667,1.60926916221034,3.05300246719162,0.00289791750120045,0.0342920237642053,0.0284191909538015,TREM2/MAD2L2/EPHB2/IL2RA/IL4I1/TNFRSF4/FCGR3A/SOX4/RAG1/CD276/CD80/XCL1/THY1/MDK/TTBK1/ACTL6A/EFNB1/CCL3/LILRB4/SOCS1/FADD/PLEK/CTSC/TFRC/GLI2/RUNX1/MMP14/TNFSF11/CD70/LILRB2/LILRA5/VCAM1/LGALS1/IGF2/DPP4/WNT3A/THBS1,37
GO:0048565,digestive tract development,17/935,132/15250,0.128787878787879,2.10055096418733,3.24549366074292,0.00290921792938368,0.034342791894098,0.0284612645621633,SHOX2/STRA6/GLI1/COL3A1/CXCL8/GLI2/CCNB1/HOXD13/PDGFA/FOXE1/HOXA13/TP63/DACT1/SOX11/RARRES2/PITX2/SALL1,17
GO:0001990,regulation of systemic arterial blood pressure by hormone,8/935,41/15250,0.195121951219512,3.18247032737707,3.57619142653005,0.00302941896033785,0.0355217537417256,0.029438318063157,ECE1/CTSZ/ENPEP/MME/F2R/SUCNR1/GJA5/ANPEP,8
GO:0048701,embryonic cranial skeleton morphogenesis,8/935,41/15250,0.195121951219512,3.18247032737707,3.57619142653005,0.00302941896033785,0.0355217537417256,0.029438318063157,SIX1/SIX4/MMP14/TBX15/PRRX1/TWIST1/CHST11/MMP16,8
GO:0030900,forebrain development,37/935,376/15250,0.0984042553191489,1.60498919103425,3.03569727517933,0.00303084161339892,0.0355217537417256,0.029438318063157,EPHB2/VAX2/E2F1/WDR62/LRP8/STIL/OTX1/PLXNA1/TACC3/GLI1/MDK/DLX5/COL3A1/INHBB/KIF14/EMX1/HMGA2/GLI2/SLC2A1/INHBA/SLC7A11/ASPM/FEZF1/LAMB1/SEMA6B/HAP1/NTRK2/WNT7B/IGF2BP1/DRAXIN/ZIC1/PITX2/SALL1/WNT3A/SEMA3D/FEZ1/CDH2,37
GO:0044703,multi-organism reproductive process,22/935,190/15250,0.115789473684211,1.88854489164087,3.14973851057521,0.0030435173997287,0.0355414242187358,0.029454619785276,SLC19A1/TEAD4/SPP1/STC2/IDO1/MMP2/SLC2A1/ACVR1C/FBN2/MMP9/STC1/DSG2/TIMP1/LAMB1/CBS/LOC102724560/PTHLH/IGFBP7/PTGS2/CYP27B1/LIF/ITGA5,22
GO:1903706,regulation of hemopoiesis,40/935,415/15250,0.0963855421686747,1.57206365569229,3.0196418905565,0.00304702963295959,0.0355414242187358,0.029454619785276,TREM2/IL2RA/CTLA4/IL4I1/HMGB3/ERFE/LOX/SOX4/RAG1/CD80/ASCL2/MDK/ACTL6A/CCL3/TNFAIP6/LILRB4/SOCS1/HOXA7/FADD/LILRB3/GLI2/RUNX1/SNAI2/INHBA/CSF3R/MMP14/TNFSF11/NEDD9/CCR1/LILRB2/ISG15/TM4SF19/TCIM/TMEM176A/TMEM176B/HOXB8/LGALS1/TNFRSF11B/LIF/FBN1,40
GO:0042472,inner ear morphogenesis,14/935,100/15250,0.14,2.28342245989305,3.29074424324943,0.00307165921032991,0.0357436068204424,0.0296221767076947,EPHB2/SIX1/CTHRC1/OTX1/COL11A1/FZD2/PTK7/DLX5/SIX4/PRRX1/SPARC/DLX6/ZIC1/WNT3A,14
GO:0055123,digestive system development,18/935,144/15250,0.125,2.03877005347594,3.20078673309344,0.00309356505307174,0.0359132113625556,0.029762734870785,SHOX2/STRA6/GLI1/COL3A1/CXCL8/GLI2/CCNB1/HOXD13/PDGFA/FOXE1/HOXA13/TP63/DACT1/SOX11/IGF2/RARRES2/PITX2/SALL1,18
GO:0048762,mesenchymal cell differentiation,27/935,251/15250,0.107569721115538,1.75447940856893,3.08023542349738,0.00318862325067403,0.0369292323996502,0.0306047527133252,MAD2L2/SIX1/WNT2/MSX2/MDK/HEY1/PDPN/BAMBI/EFNB1/COL1A1/HMGA2/SNAI2/SNAI1/DSG2/LOXL2/TWIST1/HAS2/SEMA6B/GREM1/HEYL/NRG1/ALX1/FN1/PITX2/SEMA3C/SEMA3D/CDH2,27
GO:0044843,cell cycle G1/S phase transition,26/935,239/15250,0.108786610878661,1.77432707582843,3.08353863975976,0.00323134884692447,0.0371036747579111,0.0307493201708755,E2F1/MLF1/CDC6/STIL/CCNF/CDC25A/IQGAP3/CCNB2/CDKN3/GLI1/CDK1/RRM2/ACTL6A/MTBP/KIF14/DPF1/BID/INHBA/CCNB1/BCAT1/E2F7/GPNMB/TP63/CCNP/TCIM/DACT1,26
GO:0007077,mitotic nuclear membrane disassembly,4/935,11/15250,0.363636363636364,5.93096742829363,4.18100852731961,0.00327184884576803,0.0371036747579111,0.0307493201708755,CDC25A/PLK1/CDK1/NEK6,4
GO:0034384,high-density lipoprotein particle clearance,4/935,11/15250,0.363636363636364,5.93096742829363,4.18100852731961,0.00327184884576803,0.0371036747579111,0.0307493201708755,TREM2/APOE/APOC2/LIPG,4
GO:0042368,vitamin D biosynthetic process,4/935,11/15250,0.363636363636364,5.93096742829363,4.18100852731961,0.00327184884576803,0.0371036747579111,0.0307493201708755,SNAI2/SNAI1/CYP27B1/CYP24A1,4
GO:0051987,positive regulation of attachment of spindle microtubules to kinetochore,4/935,11/15250,0.363636363636364,5.93096742829363,4.18100852731961,0.00327184884576803,0.0371036747579111,0.0307493201708755,BIRC5/AURKB/CDCA8/CCNB1,4
GO:0070837,dehydroascorbic acid transport,4/935,11/15250,0.363636363636364,5.93096742829363,4.18100852731961,0.00327184884576803,0.0371036747579111,0.0307493201708755,SLC2A14/SLC2A1/SLC2A3/SLC2A6,4
GO:0072283,metanephric renal vesicle morphogenesis,4/935,11/15250,0.363636363636364,5.93096742829363,4.18100852731961,0.00327184884576803,0.0371036747579111,0.0307493201708755,KIF26B/GREM1/LIF/SALL1,4
GO:0072711,cellular response to hydroxyurea,4/935,11/15250,0.363636363636364,5.93096742829363,4.18100852731961,0.00327184884576803,0.0371036747579111,0.0307493201708755,RAD51/BLM/TIMELESS/DDX11,4
GO:1903365,regulation of fear response,4/935,11/15250,0.363636363636364,5.93096742829363,4.18100852731961,0.00327184884576803,0.0371036747579111,0.0307493201708755,EPHB2/RAG1/APOE/GRP,4
GO:0000079,regulation of cyclin-dependent protein serine/threonine kinase activity,7/935,33/15250,0.212121212121212,3.45973099983795,3.61502142582142,0.00333694471657133,0.0376674934711588,0.031216579606635,PKMYT1/CDC6/CDC25A/BLM/CDKN3/CDC25C/HERC5,7
GO:0035137,hindlimb morphogenesis,7/935,33/15250,0.212121212121212,3.45973099983795,3.61502142582142,0.00333694471657133,0.0376674934711588,0.031216579606635,HOXD10/MSX2/GPC3/TWIST1/TP63/HOXD9/PITX2,7
GO:0045669,positive regulation of osteoblast differentiation,11/935,70/15250,0.157142857142857,2.56302521008403,3.34973096979168,0.00336736043540906,0.037809884038184,0.0313345844447901,CTHRC1/MSX2/CCN4/FBXO5/FBN2/GDPD2/TMEM119/TP63/SCUBE3/WNT7B/SOX11,11
GO:0061035,regulation of cartilage development,11/935,70/15250,0.157142857142857,2.56302521008403,3.34973096979168,0.00336736043540906,0.037809884038184,0.0313345844447901,SHOX2/ADAMTS12/MDK/CCN4/SNAI2/LOXL2/CTSK/PTHLH/ADAMTS7/GREM1/HOXA11,11
GO:0035313,"wound healing, spreading of epidermal cells",6/935,25/15250,0.24,3.9144385026738,3.72715162636045,0.00338043053862514,0.037809884038184,0.0313345844447901,MMP12/MSX2/COL5A1/PHLDB2/FIGNL2/ITGA5,6
GO:0051438,regulation of ubiquitin-protein transferase activity,6/935,25/15250,0.24,3.9144385026738,3.72715162636045,0.00338043053862514,0.037809884038184,0.0313345844447901,MAD2L2/UBE2C/CDC20/PLK1/MAD2L1/FBXO5,6
GO:0019722,calcium-mediated signaling,25/935,228/15250,0.109649122807018,1.78839478375082,3.0653360893287,0.00345614304785035,0.0385342246271658,0.0319348748696251,TREM2/GRIN2D/FCGR3A/ADGRB2/HOMER3/CCL3/CXCL8/PLEK/C3AR1/PDGFRB/ACKR3/GBP1/NFATC1/TNFSF11/CXCR4/CCR1/CCL4/FPR2/TRPM2/CCRL2/SELE/TNNI3/CHP2/CCR8/TRPA1,25
GO:0000724,double-strand break repair via homologous recombination,22/935,192/15250,0.114583333333333,1.86887254901961,3.09637716402335,0.0034609223996638,0.0385342246271658,0.0319348748696251,MAD2L2/UHRF1/RAD51AP1/CGAS/RAD51/RAD54L/CDC45/FEN1/GINS4/MCM7/TONSL/MCM2/XRCC2/BRCA1/GINS2/BLM/TIMELESS/PLK1/ACTL6A/MCM8/HELLS/POLQ,22
GO:0071622,regulation of granulocyte chemotaxis,9/935,51/15250,0.176470588235294,2.8782636049072,3.43372045239425,0.0034882607249321,0.0387505426109804,0.0321141463565177,C5AR1/XCL1/MDK/TNFAIP6/CXCL8/C3AR1/RARRES2/DPP4/THBS1,9
GO:0048246,macrophage chemotaxis,8/935,42/15250,0.19047619047619,3.10669722434428,3.4939889551117,0.00354508396435189,0.0392926840302261,0.0325634409395219,C5AR1/MDK/CCL3/MMP2/C3AR1/CYP19A1/RARRES2/THBS1,8
GO:0030512,negative regulation of transforming growth factor beta receptor signaling pathway,13/935,91/15250,0.142857142857143,2.33002291825821,3.25218584861247,0.00356205800552945,0.0393029778583081,0.0325719718523639,HTRA4/ONECUT2/BAMBI/RASL11B/ASPN/CDH3/PMEPA1/FBN2/HTRA3/CHST11/HTRA1/EMILIN1/FBN1,13
GO:0071229,cellular response to acid chemical,13/935,91/15250,0.142857142857143,2.33002291825821,3.25218584861247,0.00356205800552945,0.0393029778583081,0.0325719718523639,SIX1/GRIN2D/MMP3/COL3A1/SOCS1/COL4A1/COL1A1/MMP2/COL1A2/COL5A2/NTRK2/COL6A1/PNPLA3,13
GO:0042733,embryonic digit morphogenesis,10/935,61/15250,0.163934426229508,2.67379679144385,3.34760238755059,0.00371447953423984,0.0407730609454906,0.0337902893322498,MSX2/HOXC11/ECE1/GNA12/HOXD13/TWIST1/CHST11/FREM2/HOXA11/SALL1,10
GO:0060675,ureteric bud morphogenesis,10/935,61/15250,0.163934426229508,2.67379679144385,3.34760238755059,0.00371447953423984,0.0407730609454906,0.0337902893322498,HOXB7/SIX1/HOXD11/SIX4/KIF26B/GPC3/GREM1/FOXD1/HOXA11/SALL1,10
GO:0042303,molting cycle,15/935,113/15250,0.132743362831858,2.16506554351427,3.17687762617741,0.00374461394132332,0.0407730609454906,0.0337902893322498,HOXC13/MSX2/KRT17/CDH3/GLI2/INHBA/SNAI1/FST/PDGFA/KRT14/FOXE1/LGR5/TP63/COL6A1/TRPV3,15
GO:0042633,hair cycle,15/935,113/15250,0.132743362831858,2.16506554351427,3.17687762617741,0.00374461394132332,0.0407730609454906,0.0337902893322498,HOXC13/MSX2/KRT17/CDH3/GLI2/INHBA/SNAI1/FST/PDGFA/KRT14/FOXE1/LGR5/TP63/COL6A1/TRPV3,15
GO:0060231,mesenchymal to epithelial transition,5/935,18/15250,0.277777777777778,4.53060011883541,3.83033827290608,0.00375355184454302,0.0407730609454906,0.0337902893322498,DSG2/GREM1/LIF/TCF15/SALL1,5
GO:0140131,positive regulation of lymphocyte chemotaxis,5/935,18/15250,0.277777777777778,4.53060011883541,3.83033827290608,0.00375355184454302,0.0407730609454906,0.0337902893322498,XCL1/CCL3/NEDD9/CCL4/CXCL13,5
GO:0150078,positive regulation of neuroinflammatory response,5/935,18/15250,0.277777777777778,4.53060011883541,3.83033827290608,0.00375355184454302,0.0407730609454906,0.0337902893322498,TREM2/TTBK1/CCL3/CTSC/CCR1,5
GO:0019233,sensory perception of pain,11/935,71/15250,0.154929577464789,2.52692626346313,3.29576676901416,0.00376931651323251,0.0408537203502789,0.0338571350524867,GRIN2D/MC1R/EPHB1/KCND2/CCL3/ANO1/MME/HOXB8/SCN9A/PROK2/TRPA1,11
GO:0090101,negative regulation of transmembrane receptor protein serine/threonine kinase signaling pathway,18/935,147/15250,0.122448979591837,1.99716250136418,3.10472977022696,0.00386636139055875,0.041813034111142,0.0346521572752065,HTRA4/ERFE/ONECUT2/BAMBI/TNFAIP6/RASL11B/ASPN/CDH3/PMEPA1/FBN2/FST/HTRA3/GREM1/CHST11/HTRA1/CHRDL2/EMILIN1/FBN1,18
GO:0051924,regulation of calcium ion transport,23/935,206/15250,0.111650485436893,1.82103732931831,3.03211495531065,0.0039303443987714,0.0424113594924694,0.0351480137863698,CEMIP/STC2/XCL1/THY1/PLPP4/HOMER3/P2RY6/CCL3/PDGFRB/STC1/CXCL9/F2R/CXCL11/CCR1/NOS1AP/LILRB2/CCL4/LILRA5/CXCL10/HAP1/F2RL3/TRPV3/EGF,23
GO:0051180,vitamin transport,9/935,52/15250,0.173076923076923,2.82291238173591,3.36515488568884,0.00399395533811329,0.0430030487943231,0.0356383707093186,SLC19A1/STRA6/SLC2A14/SLC2A1/TCN2/SLC2A3/ABCC5/SLC52A1/SLC2A6,9
GO:0070372,regulation of ERK1 and ERK2 cascade,28/935,268/15250,0.104477611940299,1.70404661186048,2.97176678916264,0.00408576271546491,0.0438950691733829,0.0363776241771656,TREM2/EPHB2/DUSP9/NOX4/C5AR1/EPHB1/P2RY6/CCL3/APOE/MFHAS1/CHI3L1/SPRY4/PDGFRB/ACKR3/INHBA/GPNMB/GBP1/ALOX15/F2R/TNFSF11/CCR1/ROS1/PDGFA/FPR2/NRG1/LIF/FN1/EMILIN1,28
GO:0002696,positive regulation of leukocyte activation,35/935,357/15250,0.0980392156862745,1.59903533605956,2.92702388388599,0.00410245682388027,0.0439779780748128,0.0364463341465075,TREM2/MAD2L2/EPHB2/IL2RA/IL4I1/TNFRSF4/FCGR3A/SOX4/RAG1/CD276/CD80/XCL1/THY1/MDK/TTBK1/ACTL6A/EFNB1/CCL3/LILRB4/SOCS1/FADD/CTSC/TFRC/GLI2/RUNX1/MMP14/TNFSF11/CD70/LILRB2/VCAM1/LGALS1/IGF2/DPP4/WNT3A/THBS1,35
GO:2000403,positive regulation of lymphocyte migration,8/935,43/15250,0.186046511627907,3.03444845168511,3.41420785025792,0.00412616328489301,0.0441355326041285,0.0365769059752525,XCL1/ASCL2/CCL3/FADD/NEDD9/CCL4/CXCL10/CXCL13,8
GO:0003338,metanephros morphogenesis,6/935,26/15250,0.230769230769231,3.76388317564788,3.60473032481595,0.00417025994735711,0.0444132684393532,0.0368070769266736,KIF26B/GREM1/WNT7B/LIF/SALL1/CALB1,6
GO:0010818,T cell chemotaxis,6/935,26/15250,0.230769230769231,3.76388317564788,3.60473032481595,0.00417025994735711,0.0444132684393532,0.0368070769266736,XCL1/CCL3/CXCL11/CXCL10/CCL26/CXCL13,6
GO:0050795,regulation of behavior,10/935,62/15250,0.161290322580645,2.63067103674314,3.28808260439025,0.00419124450254213,0.0444435212509824,0.0368321486587035,EPHB2/MC1R/STRA6/RAG1/MDK/CCL3/APOE/HTR1D/SGIP1/GRP,10
GO:0072171,mesonephric tubule morphogenesis,10/935,62/15250,0.161290322580645,2.63067103674314,3.28808260439025,0.00419124450254213,0.0444435212509824,0.0368321486587035,HOXB7/SIX1/HOXD11/SIX4/KIF26B/GPC3/GREM1/FOXD1/HOXA11/SALL1,10
GO:0072088,nephron epithelium morphogenesis,11/935,72/15250,0.152777777777778,2.49183006535948,3.24271769039172,0.00420868729636313,0.0445320930127062,0.0369055516700525,HOXB7/SIX1/HOXD11/SIX4/KIF26B/GPC3/GREM1/FOXD1/LIF/HOXA11/SALL1,11
GO:0016064,immunoglobulin mediated immune response,16/935,126/15250,0.126984126984127,2.07113148289619,3.08549988131278,0.00438109533965877,0.0462564354935093,0.0383345842220143,TREM2/MAD2L2/FCGR3A/XCL1/C2/EXO1/C1QB/FCER1G/FCGR3B/FCGR2A/TFRC/RNF168/C4B/C4A/IL13RA2/C1S,16
GO:0044706,multi-multicellular organism process,22/935,196/15250,0.112244897959184,1.83073229291717,2.99153428385334,0.00444049134328409,0.0467827249263414,0.038770741620932,SLC19A1/TEAD4/SPP1/STC2/IDO1/MMP2/SLC2A1/ACVR1C/FBN2/MMP9/STC1/DSG2/TIMP1/LAMB1/CBS/LOC102724560/PTHLH/IGFBP7/PTGS2/CYP27B1/LIF/ITGA5,22
GO:0021545,cranial nerve development,9/935,53/15250,0.169811320754717,2.76964988396731,3.29820136045467,0.00455518083280268,0.047888049141417,0.0396867686291392,EPHB2/SIX1/PLXNA1/EPHB1/SIX4/EGR2/ACKR3/CNGB1/SALL1,9
GO:0032490,detection of molecule of bacterial origin,4/935,12/15250,0.333333333333333,5.4367201426025,3.92933887743334,0.004671639533945,0.0485910022861923,0.0402693344115004,TREM2/TLR2/LY96/C4B,4
GO:0043252,sodium-independent organic anion transport,4/935,12/15250,0.333333333333333,5.4367201426025,3.92933887743334,0.004671639533945,0.0485910022861923,0.0402693344115004,SLCO1A2/SLCO1B3-SLCO1B7/SLCO1B3/SLCO6A1,4
GO:0048012,hepatocyte growth factor receptor signaling pathway,4/935,12/15250,0.333333333333333,5.4367201426025,3.92933887743334,0.004671639533945,0.0485910022861923,0.0402693344115004,ESM1/ADAMTS12/STMN1/MET,4
GO:0060272,embryonic skeletal joint morphogenesis,4/935,12/15250,0.333333333333333,5.4367201426025,3.92933887743334,0.004671639533945,0.0485910022861923,0.0402693344115004,SHOX2/HOXD11/HOXC11/HOXA11,4
GO:0072710,response to hydroxyurea,4/935,12/15250,0.333333333333333,5.4367201426025,3.92933887743334,0.004671639533945,0.0485910022861923,0.0402693344115004,RAD51/BLM/TIMELESS/DDX11,4
GO:0035904,aorta development,10/935,63/15250,0.158730158730159,2.58891435362024,3.22972524394263,0.00471500223836574,0.0485920877486667,0.0402702339782786,SIX1/LOX/SOX4/HEY1/COL3A1/EGR2/FKBP10/PDGFRB/PLXND1/ADAMTS6,10
GO:0051653,spindle localization,10/935,63/15250,0.158730158730159,2.58891435362024,3.22972524394263,0.00471500223836574,0.0485920877486667,0.0402702339782786,NDC80/CENPA/SKA1/SPAG5/PLK1/SAPCD2/MAD2L1/NUSAP1/ASPM/MISP,10
GO:0016202,regulation of striated muscle tissue development,7/935,35/15250,0.2,3.2620320855615,3.4239515932926,0.0047213377767637,0.0485920877486667,0.0402702339782786,SHOX2/LOX/CENPF/TWIST1/RPL3L/IGF2/WNT3A,7
GO:0032147,activation of protein kinase activity,7/935,35/15250,0.2,3.2620320855615,3.4239515932926,0.0047213377767637,0.0485920877486667,0.0402702339782786,ECT2/CLSPN/TPX2/KIF14/CHI3L1/NRG1/FBN1,7
GO:0048730,epidermis morphogenesis,7/935,35/15250,0.2,3.2620320855615,3.4239515932926,0.0047213377767637,0.0485920877486667,0.0402702339782786,KRT17/GLI2/PLOD3/SNAI1/FST/FOXE1/TP63,7
GO:0007416,synapse assembly,28/935,271/15250,0.103321033210332,1.68518262722734,2.90857582052177,0.00476507081492884,0.0488664591171041,0.0404976166596127,EPHB2/SIX1/LRFN4/AGRN/SYNDIG1/ELFN1/PLXNA1/EPHB1/ADGRB2/GABRA3/LRRC15/THBS2/CSMD2/PCDHB10/SIX4/PCDHB9/TLR2/PCDHB16/PCDH17/SDK1/PLXND1/NRCAM/PCDHB6/PCDHB11/NTRK2/WNT3A/GAP43/CDH2,28
GO:0003176,aortic valve development,8/935,44/15250,0.181818181818182,2.96548371414682,3.33671494300859,0.00477792078324002,0.0488664591171041,0.0404976166596127,CDH11/HEY1/SNAI2/SNAI1/NFATC1/TWIST1/HEYL/EMILIN1,8
GO:0048247,lymphocyte chemotaxis,8/935,44/15250,0.181818181818182,2.96548371414682,3.33671494300859,0.00477792078324002,0.0488664591171041,0.0404976166596127,XCL1/CCL3/CXCL11/NEDD9/CCL4/CXCL10/CCL26/CXCL13,8
GO:0006275,regulation of DNA replication,15/935,116/15250,0.129310344827586,2.10907246911304,3.06438174172863,0.00480511247373272,0.0490421791850346,0.0406432430069893,DSCC1/CDC6/MCM7/MCM2/CDT1/CDC25A/TIMELESS/GLI1/CDK1/ACTL6A/FBXO5/GLI2/ESCO2/E2F7/MCIDAS,15
GO:0010715,regulation of extracellular matrix disassembly,5/935,19/15250,0.263157894736842,4.29214748100197,3.66963344503383,0.00484045075515329,0.0491978594387883,0.0407722615475567,MELTF/FSCN1/FAP/PDPN/DPP4,5
GO:0060973,cell migration involved in heart development,5/935,19/15250,0.263157894736842,4.29214748100197,3.66963344503383,0.00484045075515329,0.0491978594387883,0.0407722615475567,SNAI2/PDGFRB/TWIST1/PITX2/SEMA3C,5
GO:0006310,DNA recombination,33/935,335/15250,0.0985074626865672,1.60667251975417,2.86943181611856,0.00485925111923698,0.0492866899236894,0.0408458789732964,MAD2L2/TRIP13/HROB/UHRF1/RAD51AP1/CGAS/RAD51/RAD54L/CDC45/FEN1/GINS4/MCM7/TONSL/MCM2/KPNA2/HMGB3/XRCC2/BRCA1/GINS2/BLM/TIMELESS/PLK1/RAG1/TOP2A/ACTL6A/EXO1/MCM8/TFRC/HELLS/RNF168/MND1/POLQ/SHOC1,33
GO:0050769,positive regulation of neurogenesis,24/935,222/15250,0.108108108108108,1.76326058679,2.92772001938736,0.0049212725028341,0.0498126322136038,0.0412817486807984,EPHB2/E2F1/SHOX2/WNT2/WDR62/LRP8/XRCC2/MDK/TTBK1/EGR2/ETV5/MME/PLXND1/ASPM/ITPKA/CXCR4/TNFRSF12A/HAP1/NTRK2/CHODL/SOX11/LIF/FN1/WNT3A,24
