Gene_ID,Gene_Symbol,Gene_Description,Gene_Biotype,baseMean,log2FoldChange,lfcSE,stat,pvalue,padj
SDF4,SDF4,stromal cell derived factor 4,protein_coding,15.9706978786661,0.0664952036220036,0.294326763857272,0.225923061669815,0.821261260878558,0.887900320578132
CCNL2,CCNL2,cyclin L2,protein_coding,20.8198088191282,0.248203329697658,0.275430163266175,0.901147959810761,0.367509655957933,0.532186113818865
CDK11B,CDK11B,cyclin dependent kinase 11B,protein_coding,19.203314718971,0.214974306814583,0.260365472887129,0.825663650524721,0.408994917473668,0.574471659702413
CDK11A,CDK11A,cyclin dependent kinase 11A,protein_coding,13.2817411456136,0.505152330226345,0.29685670855064,1.70167058946614,0.0888171366586314,0.196866980418992
RER1,RER1,retention in endoplasmic reticulum sorting receptor 1,protein_coding,16.5685603964318,0.00374850223507473,0.287690185984562,0.0130296493161428,0.98960413813277,0.994189498503225
TPRG1L,TPRG1L,tumor protein p63 regulated 1 like,protein_coding,10.4626672598998,0.467115849299282,0.298026122266564,1.56736545691615,0.11702929331432,0.234877430980274
RPL22,RPL22,ribosomal protein L22,protein_coding,46.8930354464402,0.219192279336905,0.211784544002779,1.03497769570015,0.300679327656335,0.462956873118372
PARK7,PARK7,Parkinsonism associated deglycase,protein_coding,33.4279048671758,0.223840010549967,0.252794477861328,0.885462421662374,0.375907278586276,0.541061472195696
ERRFI1,ERRFI1,ERBB receptor feedback inhibitor 1,protein_coding,215.557795177075,0.839082496758481,0.603619214692962,1.39008579636632,0.164502825846866,0.30296466381836
ENO1,ENO1,enolase 1,protein_coding,53.3473326105525,-0.598998825060674,0.404403394301834,-1.48119138835318,0.138555580353408,0.266711105038643
PGD,PHGDH,phosphoglycerate dehydrogenase,protein_coding,16.0213982056406,-0.820252948616669,0.339022558438821,-2.41946421616864,0.0155433899517093,0.0505743315618372
TARDBP,TARDBP,TAR DNA binding protein,protein_coding,36.594316456831,-0.0650865868162896,0.182080075188189,-0.35746133534391,0.720746466587467,0.81943211886783
MASP2,MASP2,MBL associated serine protease 2,protein_coding,10.3786515561281,1.53573721668937,0.407116788509976,3.77222767528227,0.000161796514807697,0.00125695338050931
DHRS3,DHRS3,dehydrogenase/reductase 3,protein_coding,17.6973772037432,0.54991729416057,0.307860743583723,1.78625338118505,0.0740582414326855,0.169357579287398
EFHD2,EFHD2,EF-hand domain family member D2,protein_coding,13.0056145863399,0.0702031236845336,0.292878107192898,0.239700824200888,0.810562195948884,0.882332650542258
ALDH4A1,ALDH4A1,aldehyde dehydrogenase 4 family member A1,protein_coding,11.1403584557243,-0.117226908562515,0.301895830163701,-0.38830250983907,0.697792180119142,0.805534535132697
CAPZB,CAPZB,capping actin protein of muscle Z-line subunit beta,protein_coding,14.5773642076472,0.0949401220704931,0.282739950181282,0.33578601824617,0.737032234451209,0.828981387277148
CAMK2N1,CAMK2N1,calcium/calmodulin dependent protein kinase II inhibitor 1,protein_coding,32.6925972893456,-0.205423109079045,0.363108638120938,-0.565734569527442,0.571574231411025,0.712973086775781
PINK1,PINK1,PTEN induced kinase 1,protein_coding,9.88162532772278,0.698885399397543,0.345271116979227,2.02416409896108,0.0429532701472454,0.112575328902396
DDOST,DDOST,dolichyl-diphosphooligosaccharide--protein glycosyltransferase non-catalytic subunit,protein_coding,21.147082790382,-0.922022919256323,0.304604725047854,-3.02694884037492,0.00247035764488627,0.0120733667685528
HP1BP3,HP1BP3,heterochromatin protein 1 binding protein 3,protein_coding,16.6781753919388,0.260212005338206,0.258376479412591,1.00710407514565,0.31388476309066,0.47682494265683
CDC42,CDC42,cell division cycle 42,protein_coding,44.7055405463793,-0.0318355825198711,0.230206468399465,-0.1382914335171,0.890010095523827,0.932748594974409
C1QC,C1QC,complement C1q C chain,protein_coding,29.1213387786052,2.16102784986194,0.684777609423884,3.15580974044997,0.00160053226121249,0.00852069072096379
HNRNPR,HNRNPR,heterogeneous nuclear ribonucleoprotein R,protein_coding,12.3169798382046,-0.402364248525696,0.290785451444786,-1.38371519801463,0.166445678071757,0.305598877752996
TCEA3,TCEA3,transcription elongation factor A3,protein_coding,21.5603922402403,0.136875078070332,0.258548363622975,0.529398353763818,0.596529139938808,0.732911360632009
RPL11,RPL11,ribosomal protein L11,protein_coding,114.441716442589,0.251661873301633,0.222963627180109,1.12871268055907,0.259019058270061,0.419104785599794
LYPLA2,LYPLA2,lysophospholipase 2,protein_coding,11.4278649834981,-0.542895785075296,0.299972956693783,-1.80981576159044,0.0703243628480404,0.162680509595128
PNRC2,PNRC2,proline rich nuclear receptor coactivator 2,protein_coding,28.8548360563097,0.328637229217484,0.218571773920866,1.50356664688309,0.132692984413669,0.257023567954409
SRSF10,SRSF10,serine and arginine rich splicing factor 10,protein_coding,10.7586717781267,0.303588129032512,0.297189352575175,1.02153097478726,0.30700294158014,0.47026462149559
SYF2,SYF2,SYF2 pre-mRNA splicing factor,protein_coding,22.2549651522245,0.351736329567712,0.245133198187211,1.43487839333409,0.151321753747284,0.284175104478168
RSRP1,RSRP1,arginine and serine rich protein 1,protein_coding,10.570076929041,0.687063958791828,0.304366378247363,2.25735826259181,0.0239856974901056,0.0708870985302377
HMGN2,HMGN2,high mobility group nucleosomal binding domain 2,protein_coding,45.3051435101487,-0.409782375111837,0.296572073344676,-1.38172947469531,0.167054780708535,0.306481270761428
NUDC,NUDC,"nuclear distribution C, dynein complex regulator",protein_coding,38.8776301804919,-0.174314942018236,0.293843152977227,-0.593224447301466,0.553030953638015,0.70046671504337
IFI6,IFI6,interferon alpha inducible protein 6,protein_coding,45.9474773712467,0.312235217097501,0.611655441359601,0.510475663231995,0.6097182602904,0.740222039618818
DNAJC8,DNAJC8,DnaJ heat shock protein family (Hsp40) member C8,protein_coding,17.8252809447986,-0.19224190726479,0.259055815102909,-0.742086824757912,0.45803473190341,0.619632918655492
ATPIF1,ATP5IF1,ATP synthase inhibitory factor subunit 1,protein_coding,20.6289593472905,0.243785000727157,0.244485785525758,0.997133637863267,0.318699647345301,0.481990271983857
SRSF4,SRSF4,serine and arginine rich splicing factor 4,protein_coding,14.589999367397,0.498779485060503,0.290294005829096,1.71818733781967,0.0857624503610611,0.19152007875574
PTP4A2,PTP4A2,protein tyrosine phosphatase 4A2,protein_coding,16.0020879930484,0.111825699394288,0.29704436598065,0.376461270440567,0.706574003032976,0.810571908241293
EIF3I,EIF3I,eukaryotic translation initiation factor 3 subunit I,protein_coding,13.5692342926066,-0.0791290134690703,0.294136500968219,-0.269021400637455,0.787913214223968,0.866155379734871
MARCKSL1,MARCKSL1,MARCKS like 1,protein_coding,27.0996392842786,-0.215049698027373,0.483114197826281,-0.445132225455111,0.656224201687408,0.775951770463295
AK2,AK2,adenylate kinase 2,protein_coding,13.8764492082439,0.248208331603245,0.311511730629349,0.796786468046609,0.425575055397671,0.592179992487424
SFPQ,SFPQ,splicing factor proline and glutamine rich,protein_coding,56.7064147357813,0.26293140684818,0.208495990319674,1.26108615539821,0.207277808087344,0.353870846305165
THRAP3,THRAP3,thyroid hormone receptor associated protein 3,protein_coding,22.1434682357829,0.197653040111079,0.223133697631205,0.885805426116141,0.375722385387484,0.541061472195696
AKIRIN1,AKIRIN1,akirin 1,protein_coding,12.1529043230143,0.592312252244766,0.319614030593146,1.85321104691663,0.0638521149190055,0.150036742937762
NDUFS5,NDUFS5,NADH:ubiquinone oxidoreductase subunit S5,protein_coding,90.7839378450842,0.187490070654658,0.225619565488865,0.831000938453238,0.405973099207294,0.57157369634557
PABPC4,PABPC4,poly(A) binding protein cytoplasmic 4,protein_coding,18.284225375583,0.306447363927837,0.261516498110576,1.17180891508521,0.241273782604282,0.397951570892955
CAP1,CAP1,cyclase associated actin cytoskeleton regulatory protein 1,protein_coding,10.9030740994499,0.349158843008049,0.305025679030409,1.14468671660015,0.25233895593481,0.41164733919598
ZMPSTE24,ZMPSTE24,zinc metallopeptidase STE24,protein_coding,10.1700761239674,-0.495521815079151,0.310817965230387,-1.59425088157905,0.110879854293069,0.22602431836664
SMAP2,BRD8,bromodomain containing 8,protein_coding,13.7502703840136,0.573197970990449,0.308289684789826,1.85928365193672,0.0629869429899269,0.149013365732146
PPCS,PPCS,phosphopantothenoylcysteine synthetase,protein_coding,11.0663936705502,0.664541434917383,0.300884332471513,2.20862757943802,0.027200555420103,0.0787297629574584
YBX1,YBX1,Y-box binding protein 1,protein_coding,149.14087806168,0.378819604130574,0.334836393193923,1.13135731906889,0.257904728006025,0.417585048400793
EBNA1BP2,EBNA1BP2,EBNA1 binding protein 2,protein_coding,19.3125918962589,1.02122684293916,0.322489780440656,3.16669520982569,0.00154181824132261,0.0082634528214706
HYI,HYI,hydroxypyruvate isomerase (putative),protein_coding,21.4144247320489,0.69918448036747,0.388966662653632,1.79754345937375,0.0722493852200317,0.16586524678193
RPS8,RPS8,ribosomal protein S8,protein_coding,84.3340235178438,-0.0802730862337549,0.219304861828059,-0.366034229996649,0.714339533505737,0.817514293383485
PRDX1,PRDX1,peroxiredoxin 1,protein_coding,65.6110493340764,-0.107177412320286,0.333468817365209,-0.321401602605941,0.74790606879165,0.835091748159216
AKR1A1,AKR1A1,aldo-keto reductase family 1 member A1,protein_coding,11.4174263097436,0.358840834952751,0.340354383174934,1.05431530396456,0.291738584353124,0.45390826616013
NASP,NASP,nuclear autoantigenic sperm protein,protein_coding,14.7297750587087,0.138640718537316,0.308585797286388,0.449277704147377,0.653231339440149,0.774632540118865
GPBP1L1,GPBP1L1,GC-rich promoter binding protein 1 like 1,protein_coding,18.0409912985543,0.285811171143464,0.254119119359704,1.12471337010617,0.260710514217998,0.420699984039191
UQCRH,UQCRH,ubiquinol-cytochrome c reductase hinge protein,protein_coding,31.0813038661399,-0.35427360751235,0.280382604094233,-1.26353633334999,0.206396497686941,0.353124567419909
CYP4A11,CYP4A11,cytochrome P450 family 4 subfamily A member 11,protein_coding,119.900034835436,2.35461055957925,0.646870864050706,3.64000094985679,0.00027263703515708,0.00200691150879518
CYP4A22,CYP4A22,cytochrome P450 family 4 subfamily A member 22,protein_coding,55.9364994239348,3.4079987141189,0.891179556290225,3.82414373182618,0.000131227348440221,0.00105735549334435
CMPK1,CMPK1,cytidine/uridine monophosphate kinase 1,protein_coding,36.6727800651274,0.375125080296188,0.301700796398184,1.24336788226803,0.213732300018488,0.362296755894878
RNF11,RNF11,ring finger protein 11,protein_coding,10.0078603256801,0.985532352405775,0.323122288179617,3.05002900901078,0.00228819263696387,0.0113694571649142
OSBPL9,OSBPL9,oxysterol binding protein like 9,protein_coding,12.0473347476945,0.803589467609334,0.288085269354549,2.78941533320938,0.00528033007488964,0.0216906031624666
NRDC,NRDC,nardilysin convertase,protein_coding,10.8025773355537,0.622953915247738,0.308161494725129,2.02151769741185,0.04322620223192,0.112918392467831
ECHDC2,ECHDC2,enoyl-CoA hydratase domain containing 2,protein_coding,19.0808777028674,1.7380903514048,0.377093756137888,4.60917297917086,4.04273877445111e-06,5.35662887614772e-05
SCP2,CTDSP2,CTD small phosphatase 2,protein_coding,42.3159939385657,2.0580016215298,0.331790291168193,6.20271803097017,5.54962201172338e-10,3.07810430185122e-08
MAGOH,MAGOH,"mago homolog, exon junction complex subunit",protein_coding,17.3328413138146,0.179477241308218,0.271426192583367,0.661237736859508,0.50845986397364,0.665940019537139
DIO1,DIDO1,death inducer-obliterator 1,protein_coding,12.9356382120135,0.791200148288839,0.483237006777265,1.63729213034697,0.101569444474065,0.214374446965172
TMEM59,TMEM59,transmembrane protein 59,protein_coding,17.8823744808063,0.650840252241814,0.265251997391003,2.453667676939,0.0141407596067995,0.0466469040971186
MRPL37,MRPL37,mitochondrial ribosomal protein L37,protein_coding,10.2845229629113,0.599063518164425,0.354078298631819,1.69189560749485,0.090665879657782,0.199481663269198
DHCR24,DHCR24,24-dehydrocholesterol reductase,protein_coding,95.0952460418713,-0.279671503778363,0.297784876236625,-0.9391729604029,0.347641949403075,0.509917619511891
C8A,C8A,complement C8 alpha chain,protein_coding,115.342448877525,2.72071070885071,0.370053762906812,7.35220387297034,1.94965125728323e-13,2.58328791590027e-11
C8B,C8B,complement C8 beta chain,protein_coding,47.4340664085963,1.38882813039119,0.465453585019352,2.98381659329888,0.00284677356228911,0.0133652656418494
JUN,JUN,"Jun proto-oncogene, AP-1 transcription factor subunit",protein_coding,41.7052101855518,2.14838153780367,0.491825612513018,4.36817742538124,1.25287694543423e-05,0.000142971842816298
ANGPTL3,ANGPTL3,angiopoietin like 3,protein_coding,116.625622973745,1.72711050646312,0.364779905649304,4.73466460108015,2.19417639609535e-06,3.29126459414302e-05
PGM1,PGM1,phosphoglucomutase 1,protein_coding,13.2922637516682,1.109753266998,0.407066481007587,2.72622119180901,0.00640640505883466,0.0252550017608606
JAK1,JAK1,Janus kinase 1,protein_coding,9.22549794273871,1.02489841115392,0.335392190432246,3.05582073879851,0.00224445401918576,0.0111987925434269
SERBP1,SERBP1,SERPINE1 mRNA binding protein 1,protein_coding,30.9451436283491,0.27845399796186,0.248673827143203,1.11975595164467,0.262817774648557,0.422670527671483
GADD45A,GADD45A,growth arrest and DNA damage inducible alpha,protein_coding,66.1381626273156,1.77202055871801,0.452167433499721,3.91894777782376,8.89363797117413e-05,0.000746877695818673
SRSF11,SRSF11,serine and arginine rich splicing factor 11,protein_coding,25.6614766951062,0.957423461899459,0.253123390481576,3.78243772761549,0.000155299952600778,0.00121042610115312
ZRANB2,ZRANB2,zinc finger RANBP2-type containing 2,protein_coding,15.5759116616745,0.435390572397426,0.277065667028231,1.57143458829586,0.116081737088277,0.233435870957455
CRYZ,CRYZ,crystallin zeta,protein_coding,22.7778711073216,1.03499705862251,0.269207931428237,3.8446009117618,0.000120748789012425,0.000986252951351485
ACADM,ACADM,acyl-CoA dehydrogenase medium chain,protein_coding,24.6365778588425,1.40836783838417,0.33652111222058,4.18508018439279,2.85065456429017e-05,0.000291794469349015
FUBP1,FUBP1,far upstream element binding protein 1,protein_coding,9.76081870231741,0.287123120768337,0.324735055421916,0.884176549388204,0.376600915365789,0.54173292107805
DNAJB4,DNAJB4,DnaJ heat shock protein family (Hsp40) member B4,protein_coding,12.2090067102616,1.72526022407825,0.375971087263854,4.58881090201352,4.45778008657072e-06,5.84165137718196e-05
IFI44,IFI44,interferon induced protein 44,protein_coding,12.7009250351642,1.2736480368198,0.428830011288696,2.97005340879083,0.00297747978320346,0.0138366565657397
GNG5,GNG5,G protein subunit gamma 5,protein_coding,18.3724458095647,0.00105440352691614,0.310919623348274,0.003391241490522,0.997294185959137,0.998550223976718
DDAH1,DDAH1,dimethylarginine dimethylaminohydrolase 1,protein_coding,12.7448333153381,-0.171062702945974,0.507713890845445,-0.336927364073337,0.736171656600872,0.828583955164266
CYR61,CCN1,cellular communication network factor 1,protein_coding,17.5486378271986,3.3887402746846,0.507752840183489,6.67399570519388,2.48930904270655e-11,2.047242092019e-09
GBP1,GBP1,guanylate binding protein 1,protein_coding,15.9934896102112,1.95302014136743,0.374252905508288,5.21845017800185,1.80426496811482e-07,3.87673148554401e-06
GBP2,GBP2,guanylate binding protein 2,protein_coding,24.5325835207626,-0.634040710530493,0.478055731546829,-1.32629036467976,0.184743537159407,0.329307426102531
RPL5,RPL5,ribosomal protein L5,protein_coding,164.954828345308,0.206161666871732,0.243700375409192,0.845963681941691,0.397573004932267,0.563458036858439
ABCD3,ABCD3,ATP binding cassette subfamily D member 3,protein_coding,12.2276098599008,0.436038951062182,0.281743579099568,1.54764467909342,0.121707868072739,0.241687599091198
CNN3,CNN3,calponin 3,protein_coding,32.7437141609497,0.61708791980141,0.205666569967898,3.00042889759737,0.00269599688981387,0.0128086704824822
TMEM56,TLCD4,TLC domain containing 4,protein_coding,14.6545395126104,1.77515662070415,0.45105794458195,3.93554008310264,8.3009807679628e-05,0.000730547569431413
TMEM56-RWDD3,TLCD4-RWDD3,TLCD4-RWDD3 readthrough,protein_coding,20.0757487051408,0.661105962823634,0.318411357688751,2.07626376025779,0.0378695630856716,0.101481919055423
RWDD3,RWDD3,RWD domain containing 3,protein_coding,19.2633176174695,0.387607509497129,0.305171607772077,1.27012965697196,0.204038449143118,0.350561928997325
RTCA,RTCA,RNA 3'-terminal phosphate cyclase,protein_coding,11.5630396078287,0.179626469732292,0.290887640022655,0.617511523412621,0.536897382909629,0.686758303069398
PRPF38B,PRPF38B,pre-mRNA processing factor 38B,protein_coding,37.9059246766738,0.481018304907807,0.250597446470614,1.91948605894599,0.0549228489440723,0.135181625110023
AHCYL1,AHCYL1,adenosylhomocysteinase like 1,protein_coding,9.81463088254688,0.35761449157623,0.311006041891168,1.14986348625784,0.250200101949239,0.408717289828037
ATP5F1,ATP5PB,ATP synthase peripheral stalk-membrane subunit b,protein_coding,14.3475089129322,-0.0174844980983878,0.27740267450749,-0.0630293061500953,0.949743167776903,0.970963429163395
CAPZA1,CAPZA1,capping actin protein of muscle Z-line subunit alpha 1,protein_coding,12.4521233857241,0.154209002819811,0.284914707396673,0.541246200411528,0.588337897092439,0.725160663858122
SLC16A1,SLC16A1,solute carrier family 16 member 1,protein_coding,21.8342708658449,0.656819234502277,0.474537235120536,1.38412580908522,0.166319935449175,0.305598877752996
BCAS2,BCAS2,BCAS2 pre-mRNA processing factor,protein_coding,18.9695941340021,0.193631349652207,0.28588120333228,0.677314029027465,0.498206731673427,0.657203017168763
CSDE1,CSDE1,cold shock domain containing E1,protein_coding,40.172332547728,0.244770730021325,0.219828564344721,1.11346189586851,0.265510104597786,0.42556559103879
ATP1A1,ATP1A1,ATPase Na+/K+ transporting subunit alpha 1,protein_coding,18.2020080016555,-0.766275347680639,0.32050718122826,-2.39082115022849,0.0168107397169912,0.0536728436747308
HAO2,HAO2,hydroxyacid oxidase 2,protein_coding,29.8300911404793,3.98782515427059,0.492836851763586,8.09157257619921,5.88992805447036e-16,2.80949568198236e-13
HMGCS2,HMGCS2,3-hydroxy-3-methylglutaryl-CoA synthase 2,protein_coding,162.755491975503,0.80112942138965,0.302035865875595,2.65243142256365,0.00799143596728316,0.0301099127677257
NBPF8,NBPF8,NBPF member 8,protein_coding,14.2456291715923,0.27229669105422,0.36463422545073,0.746766683016741,0.455204409956168,0.617520942142721
PDZK1,PDZK1,PDZ domain containing 1,protein_coding,41.4944267501017,-1.03391624372177,0.391263435394801,-2.64250668524266,0.00822948406693768,0.0307638236671573
PEX11B,PEX11B,peroxisomal biogenesis factor 11 beta,protein_coding,11.1642387560224,-1.18062133475774,0.346504874509635,-3.40722864700973,0.000656261264058625,0.00412977075139794
RBM8A,RBM8A,RNA binding motif protein 8A,protein_coding,16.2256440929459,-1.01445251436868,0.27132470994541,-3.7388873080258,0.000184836555602161,0.00141747647945709
POLR3GL,POLR3GL,RNA polymerase III subunit GL,protein_coding,38.5365497051532,-0.889182703330798,0.338517155718464,-2.6266990854381,0.00862175408522865,0.0320793814247587
TXNIP,TXNIP,thioredoxin interacting protein,protein_coding,62.7862268741418,-0.185403769733007,0.482998082715081,-0.383860260253613,0.701082021796609,0.806988717174186
HFE2,HJV,hemojuvelin BMP co-receptor,protein_coding,23.9068436829766,-0.599640358614086,0.438372809521569,-1.36787762742065,0.171350383797933,0.311558859382226
PRKAB2,PRKAB2,protein kinase AMP-activated non-catalytic subunit beta 2,protein_coding,21.3610503443967,-1.1011728983279,0.418287918271161,-2.63257160971609,0.0084741156961602,0.031579321773972
FMO5,FMO5,flavin containing dimethylaniline monoxygenase 5,protein_coding,23.2401934976885,0.204979052169098,0.398531665078714,0.514335672997559,0.607017324995371,0.739603506523941
CHD1L,CHD1L,chromodomain helicase DNA binding protein 1 like,protein_coding,14.8836294827619,-1.41684024722272,0.311791185120969,-4.54419597100866,5.51453364254214e-06,6.99583124333138e-05
NUDT4P1,NUDT4B,nudix hydrolase 4B,protein_coding,11.9273082899581,0.456899576623003,0.401870486700154,1.13693239922818,0.2555665466406,0.414643682814851
NBPF9,NBPF10,NBPF member 10,protein_coding,15.3983445423117,-0.341273398968022,0.437326615636923,-0.780362746664736,0.43517738904377,0.602029044587814
SF3B4,SF3B4,splicing factor 3b subunit 4,protein_coding,20.9394273227689,-1.73940852549535,0.365020094681735,-4.7652404643968,1.88628554935909e-06,2.90244582917511e-05
ANP32E,ANP32E,acidic nuclear phosphoprotein 32 family member E,protein_coding,34.3868386559828,-1.17852649122527,0.294090480159946,-4.00736021983545,6.14011786407192e-05,0.000561079735854848
APH1A,APH1A,"aph-1 homolog A, gamma-secretase subunit",protein_coding,21.415430663223,-1.46948943853789,0.299713721749298,-4.90297684724316,9.43951138590588e-07,1.60808818967039e-05
MRPS21,MRPS21,mitochondrial ribosomal protein S21,protein_coding,16.0285040859975,-1.23729149447431,0.285021508582271,-4.34104605167778,1.41805995884854e-05,0.000157305721016454
PRPF3,PRPF3,pre-mRNA processing factor 3,protein_coding,11.6823356586116,-0.820053468338604,0.331584132153939,-2.47313845512334,0.0133932243736981,0.0448808380415565
MCL1,MCL1,"MCL1 apoptosis regulator, BCL2 family member",protein_coding,81.5500454729736,0.717429255541018,0.352159248520112,2.03722962993557,0.0416270359080867,0.109945161285478
ENSA,ENSA,endosulfine alpha,protein_coding,19.8781678047738,-1.28241503312852,0.320989676366872,-3.99519089723868,6.46421456362868e-05,0.000583983020236909
CERS2,CERS2,ceramide synthase 2,protein_coding,79.8925984063818,-1.22389868138623,0.257314066439618,-4.75643907976337,1.97037663126628e-06,3.0124027343398e-05
PSMD4,PSMD4,"proteasome 26S subunit ubiquitin receptor, non-ATPase 4",protein_coding,35.6398010921557,-1.50913674122322,0.283027124481505,-5.33212759726792,9.70686909600506e-08,2.33847300949213e-06
SELENBP1,SELENBP1,selenium binding protein 1,protein_coding,15.5332939975046,0.188727104448,0.275463927487881,0.685124568465696,0.493265318043132,0.652127374463897
PSMB4,PSMB4,proteasome 20S subunit beta 4,protein_coding,21.4687445375003,-1.19165273780999,0.325742486757979,-3.65826622639917,0.000253927207078949,0.00189848397769057
S100A11,S100A11,S100 calcium binding protein A11,protein_coding,76.4572532529808,-0.573973517391142,0.509913866704055,-1.12562837543751,0.260322852227272,0.420500449008579
S100A6,S100A6,S100 calcium binding protein A6,protein_coding,60.1753236334341,-0.346589867402747,0.535325815931624,-0.647437237450577,0.51734900228055,0.673513848492966
S100A13,S100A13,S100 calcium binding protein A13,protein_coding,14.027329145142,-1.55768522638715,0.436279827840261,-3.57038104213582,0.000356462310896197,0.00248585558914453
ILF2,ILF2,interleukin enhancer binding factor 2,protein_coding,38.0294282031285,-1.85401060417867,0.355731471863709,-5.21182619706191,1.86990695760022e-07,3.94666202997923e-06
SLC39A1,SLC39A1,solute carrier family 39 member 1,protein_coding,22.4021568886364,-2.06187749921332,0.316172232473429,-6.52137438851973,6.96660505361506e-11,5.03495547056725e-09
JTB,JTB,jumping translocation breakpoint,protein_coding,22.9550007675026,-1.34576801236065,0.303266005842252,-4.43758280333166,9.09747295852111e-06,0.000108487365030364
RAB13,RAB13,"RAB13, member RAS oncogene family",protein_coding,61.28430503232,-0.889540969896147,0.221669194225215,-4.01292102407508,5.99719824258078e-05,0.000554392163122293
RPS27,RPS27,ribosomal protein S27,protein_coding,74.2085684225673,-1.05982360538324,0.309872421203249,-3.42019338561301,0.000625766337066989,0.00397987390374605
TPM3,TPM3,tropomyosin 3,protein_coding,31.1308927104535,-0.887996505146236,0.263826635230946,-3.36583341696683,0.000763127789752694,0.00462485071787118
C1orf43,C1orf43,chromosome 1 open reading frame 43,protein_coding,38.2278496209446,-1.09844433849134,0.237806700935108,-4.61906386225458,3.85475212576478e-06,5.13608034634022e-05
UBAP2L,UBAP2L,ubiquitin associated protein 2 like,protein_coding,14.2606379666648,-1.11057565741801,0.282447764318397,-3.93196830606202,8.42531756852604e-05,0.000735655938086329
IL6R,IL6R,interleukin 6 receptor,protein_coding,18.8213881399905,-0.388384859501772,0.374974476944765,-1.03576345426567,0.300312511013603,0.462690787317469
UBE2Q1,UBE2Q1,ubiquitin conjugating enzyme E2 Q1,protein_coding,11.2066764270688,-1.28566090313622,0.348637187123772,-3.68767575754846,0.000226311771761012,0.00170808093560131
ADAR,ADAR,adenosine deaminase RNA specific,protein_coding,12.2707889721148,-1.0742240668132,0.28993129041509,-3.70509876762612,0.000211308377762574,0.00161012933215252
PMVK,PMVK,phosphomevalonate kinase,protein_coding,24.8129894074379,-1.64989834076082,0.389627979113864,-4.23454790005894,2.29011968493094e-05,0.000239558572305276
PBXIP1,PBXIP1,PBX homeobox interacting protein 1,protein_coding,13.9646327086785,-1.06186462063132,0.300684122139566,-3.53149548794079,0.00041321691166328,0.0027997793588549
PYGO2,PYGO2,pygopus family PHD finger 2,protein_coding,12.8242847295381,-2.14048597471167,0.374813477278334,-5.71080311800571,1.12444269084548e-08,3.62404840225198e-07
SHC1,SHC1,SHC adaptor protein 1,protein_coding,13.6218811502218,-1.89693880286345,0.360975332266875,-5.25503720974764,1.47994546791249e-07,3.29875695417877e-06
EFNA1,EFNA1,ephrin A1,protein_coding,19.4550111924568,-1.38348116319482,0.424598060801546,-3.25833132771054,0.00112069476047513,0.00633378436903598
SLC50A1,SLC50A1,solute carrier family 50 member 1,protein_coding,28.142757393909,-1.95883528764397,0.42169468654102,-4.64515050856213,3.39828612792709e-06,4.63785147097908e-05
SCAMP3,SCAMP3,secretory carrier membrane protein 3,protein_coding,10.3757551294304,-2.03924058662368,0.383629256330631,-5.31565451010899,1.06274625589492e-07,2.50955427753405e-06
PKLR,PKLR,pyruvate kinase L/R,protein_coding,23.1936876569349,-1.39104661924196,0.510690331341627,-2.72385540487434,0.00645247493401944,0.0253946414482448
FDPS,FDPS,farnesyl diphosphate synthase,protein_coding,45.1571443111316,-2.04961032445564,0.415782280223033,-4.9295278369155,8.24285904631473e-07,1.42458107430874e-05
DAP3,DAP3,death associated protein 3,protein_coding,12.9949361754847,-1.15690104535687,0.307283163422001,-3.76493470215961,0.000166592611484283,0.00129001096879875
KIAA0907,KHDC4,"KH domain containing 4, pre-mRNA splicing factor",protein_coding,14.5200409366761,-1.36443085514474,0.347516778432005,-3.92623015585333,8.62875946267335e-05,0.000737401097210123
UBQLN4,UBQLN4,ubiquilin 4,protein_coding,11.0169427951768,-1.96178280613904,0.331844333844292,-5.91175622440958,3.38479228691802e-09,1.39953967053788e-07
LAMTOR2,LAMTOR2,"late endosomal/lysosomal adaptor, MAPK and MTOR activator 2",protein_coding,23.4548952371858,-1.36497058783771,0.373540584124835,-3.65414267109875,0.000258042758926583,0.00191723358267882
LMNA,LMNA,lamin A/C,protein_coding,10.9223001898665,-0.971662080524094,0.352714087558016,-2.75481506069494,0.00587253193318429,0.0234999809742358
PMF1-BGLAP,PMF1-BGLAP,PMF1-BGLAP readthrough,protein_coding,16.2470914342916,-1.2315036161391,0.316716326542795,-3.88834901434329,0.0001009284246202,0.000832921428094035
SMG5,SMG5,SMG5 nonsense mediated mRNA decay factor,protein_coding,9.00668912021162,-2.09955903723488,0.429918231859943,-4.88362409789325,1.04153547235028e-06,1.72504312608016e-05
GLMP,GLMP,glycosylated lysosomal membrane protein,protein_coding,7.50514434332622,-1.79031872957409,0.411220366350006,-4.3536723277229,1.33875766225195e-05,0.000150610237003344
CCT3,CCT3,chaperonin containing TCP1 subunit 3,protein_coding,18.8530100509234,-1.67574151986047,0.318187336654924,-5.26652486386606,1.3903042426439e-07,3.12818454594877e-06
GPATCH4,GPATCH4,G-patch domain containing 4 (gene/pseudogene),protein_coding,15.4744453259766,-1.62030416819892,0.337365427934191,-4.80281627587221,1.56449424347321e-06,2.4548149807129e-05
MRPL24,MRPL24,mitochondrial ribosomal protein L24,protein_coding,17.0072060284942,-1.17685355610213,0.322623061814146,-3.64776637319275,0.000264530004404047,0.00195932938044613
HDGF,HDGF,heparin binding growth factor,protein_coding,65.3244810152281,-1.07611553473282,0.274347542163668,-3.9224537105233,8.76517368967729e-05,0.000738801942513429
APCS,APCS,"amyloid P component, serum",protein_coding,283.197847559037,0.146373219258807,0.472893291999218,0.309526951926079,0.756920713409707,0.842789869972993
CRP,CSRP1,cysteine and glycine rich protein 1,protein_coding,167.069269494463,-0.700803666908951,1.27294243869005,-0.550538379119585,0.581950160639311,0.720951859629571
TAGLN2,TAGLN2,transgelin 2,protein_coding,20.4565653344703,-1.07452134133278,0.266761326085358,-4.02802519053665,5.62473182510603e-05,0.000526077858936387
DCAF8,DCAF8,DDB1 and CUL4 associated factor 8,protein_coding,18.6194623608354,0.212072922357054,0.318969208214261,0.66486957642193,0.506133916317547,0.663987563485891
COPA,COPA,COPI coat complex subunit alpha,protein_coding,12.9521385135338,-0.422693503570656,0.303789752788986,-1.39140145343961,0.16410372413756,0.30246320097997
NCSTN,NCSTN,nicastrin,protein_coding,12.720384482007,-0.911667125244622,0.342264479089769,-2.66363347920048,0.00773017369621503,0.0293514701643717
F11R,F11R,F11 receptor,protein_coding,17.487701475565,-0.324927507183465,0.344089112239852,-0.944312085518618,0.345010191868428,0.507618326715732
PFDN2,PFDN2,prefoldin subunit 2,protein_coding,68.3035842732724,-0.659447511367268,0.190313494858015,-3.46505912184134,0.000530114925962239,0.00344502479133499
NDUFS2,NDUFS2,NADH:ubiquinone oxidoreductase core subunit S2,protein_coding,24.2949468070944,-0.287360300836211,0.251628014316883,-1.14200440525803,0.253452188570823,0.412616702895163
APOA2,APOA2,apolipoprotein A2,protein_coding,1435.01631492371,-0.362525668665951,0.543870632159547,-0.666565994244754,0.505049396460958,0.662929449950129
UAP1,UAP1,UDP-N-acetylglucosamine pyrophosphorylase 1,protein_coding,23.9439756511014,0.111980866664716,0.334011188823263,0.335260824822155,0.737428342599372,0.828981387277148
ALDH9A1,ALDH9A1,aldehyde dehydrogenase 9 family member A1,protein_coding,19.0572473332845,0.695913591647355,0.342217854086515,2.03353969799432,0.0419980271137514,0.110802317108736
TMCO1,TMCO1,transmembrane and coiled-coil domains 1,protein_coding,21.1364342376072,-1.16405358367862,0.314808606310323,-3.69765489362495,0.000217600443541889,0.00165279317785798
CREG1,CREG1,cellular repressor of E1A stimulated genes 1,protein_coding,19.9294082534744,-0.0705535628766519,0.472690231364897,-0.149259616965064,0.881348779251904,0.927633203228504
MPC2,MPC2,mitochondrial pyruvate carrier 2,protein_coding,36.9752856193435,-0.779231460803724,0.327542463773936,-2.379024239561,0.0173585344643447,0.0548119664689349
DCAF6,DCAF6,DDB1 and CUL4 associated factor 6,protein_coding,32.8031550633219,-0.0536783962801318,0.263028576866542,-0.20407819150148,0.838292396358036,0.896961581567481
TIPRL,TIPRL,TOR signaling pathway regulator,protein_coding,12.4310360225667,-0.771219817625826,0.312126085370278,-2.47085986648928,0.0134788625644755,0.044898166503176
ATP1B1,ATP1B1,ATPase Na+/K+ transporting subunit beta 1,protein_coding,48.5138593228218,-0.398844596205882,0.322829808524499,-1.23546396793038,0.21665787854448,0.365955410997581
SLC19A2,SLC19A2,solute carrier family 19 member 2,protein_coding,19.4437903472511,0.746407516185746,0.411164848734952,1.81534856027272,0.069470360814747,0.161017308593947
F5,F5,coagulation factor V,protein_coding,54.9275830040443,0.297386623431463,0.371854551544544,0.799739097440735,0.423861975476679,0.590933785413857
FMO3,FMO3,flavin containing dimethylaniline monoxygenase 3,protein_coding,48.196682829814,1.02854871960125,0.429689316261783,2.39370326576753,0.0166792365530491,0.0533959452067412
PRRC2C,PRRC2C,proline rich coiled-coil 2C,protein_coding,13.3618511195436,-0.498543020637227,0.34188353618713,-1.4582247106639,0.144778614765388,0.275796322855791
PRDX6,PRDX6,peroxiredoxin 6,protein_coding,60.6954364575002,0.80997428003052,0.250408733439244,3.23460874908759,0.00121809522900361,0.0067249007434574
SERPINC1,SERPINC1,serpin family C member 1,protein_coding,194.696071127554,1.64770270557075,0.33659593531182,4.89519489902436,9.82083479580057e-07,1.64948528084397e-05
CACYBP,CACYBP,calcyclin binding protein,protein_coding,14.039417841211,-0.617677191127439,0.302653641895491,-2.04087149673463,0.0412636016296423,0.109106086348888
GLUL,GLUL,glutamate-ammonia ligase,protein_coding,132.215536547443,-0.680877802079705,0.593894817592516,-1.14646193553228,0.251604068412636,0.410729434061696
DHX9,DHX9,DExH-box helicase 9,protein_coding,9.279011387034,-0.193200399782944,0.330013427439308,-0.585431936155008,0.558257320166669,0.704467570686511
IVNS1ABP,IVNS1ABP,influenza virus NS1A binding protein,protein_coding,17.7585710079395,-0.802286187664811,0.351348204659656,-2.28345036924828,0.0224038531683938,0.0672115595051813
PRG4,PRG4,proteoglycan 4,protein_coding,63.4727368196198,0.0279757818028223,0.417226066534373,0.0670518552093331,0.946540421563521,0.969993351889141
TPR,TPR,"translocated promoter region, nuclear basket protein",protein_coding,16.7714914423678,-0.755200421737621,0.318240147509272,-2.37305201008813,0.0176417795496627,0.0554356313912325
CFH,CFH,complement factor H,protein_coding,184.756739077958,0.196261775834769,0.416943555309845,0.470715456169888,0.637843945415271,0.762153211330371
CFHR3,CFHR3,complement factor H related 3,protein_coding,63.8702784342804,2.10336847034904,0.71074249005014,2.95939598348856,0.00308242740535744,0.0142472662049951
CFHR1,CFHR1,complement factor H related 1,protein_coding,226.86704861393,0.399547144526523,0.422746609749839,0.945122054941981,0.344596566783717,0.507322723320472
CFHR2,CFHR2,complement factor H related 2,protein_coding,154.730571802336,0.919303102983518,0.375632671193636,2.44734596717127,0.0143912624128877,0.0474076807385872
CFHR5,CFHR5,complement factor H related 5,protein_coding,17.5792985870613,1.06858030214965,0.520154111206145,2.05435327555481,0.0399415118632861,0.106317528787876
F13B,F13B,coagulation factor XIII B chain,protein_coding,32.6182978496064,0.718488010221856,0.471865226909273,1.52265513381431,0.127845008328828,0.250267836757881
ADIPOR1,ADIPOR1,adiponectin receptor 1,protein_coding,21.2564477616448,-0.70561139814922,0.254671989767149,-2.77066747228218,0.00559415241360142,0.0226905671878221
CHI3L1,CHI3L1,chitinase 3 like 1,protein_coding,67.266197252508,-1.46031323110981,1.25655565968482,-1.16215562745235,0.24517225501267,0.401604277613475
ZC3H11A,ZC3H11A,zinc finger CCCH-type containing 11A,protein_coding,23.2439760604847,-0.0871064470407214,0.315901629891589,-0.275739150414053,0.782748423193124,0.862288678667714
PPP1R15B,PPP1R15B,protein phosphatase 1 regulatory subunit 15B,protein_coding,10.6350638263565,0.35947650349306,0.334410476210406,1.07495586731225,0.282394487557713,0.443683038751742
NUCKS1,NUCKS1,nuclear casein kinase and cyclin dependent kinase substrate 1,protein_coding,39.6661724756995,-0.525481015758396,0.292199810974176,-1.79836192914183,0.0721196717132362,0.16586524678193
C4BPB,C4BPB,complement component 4 binding protein beta,protein_coding,34.104477183434,0.850143281255156,0.375604331870678,2.26340116212468,0.0236109711841934,0.0698662112584382
C4BPA,C4BPA,complement component 4 binding protein alpha,protein_coding,73.8932175205751,1.11396104520433,0.466279492374059,2.38904147281409,0.0168923953520027,0.0537895366015038
CD46,CD46,CD46 molecule,protein_coding,16.0338255761159,-0.418016319317354,0.298908285400717,-1.39847685639413,0.161969917808338,0.299688327364535
G0S2,G0S2,G0/G1 switch 2,protein_coding,51.6062085814967,-0.593747534969364,0.865732387732304,-0.685832646881358,0.492818646724247,0.652127374463897
HSD11B1,HSD11B1,hydroxysteroid 11-beta dehydrogenase 1,protein_coding,121.239124549947,0.772747859847688,0.995114664254024,0.776541525922511,0.437429311960715,0.602948711076726
SLC30A1,SLC30A1,solute carrier family 30 member 1,protein_coding,14.8548039810507,-0.02558628924972,0.377299452659629,-0.0678142760859025,0.94593347925147,0.969927492697659
LPGAT1,LPGAT1,lysophosphatidylglycerol acyltransferase 1,protein_coding,22.5539703238236,-1.60323977777542,0.392780564660111,-4.08176962412273,4.46940879581815e-05,0.000426381599121051
NENF,NENF,neudesin neurotrophic factor,protein_coding,11.3998163076371,-1.20624834716655,0.378490153039602,-3.18700060616991,0.00143756473583019,0.00773948509019187
PROX1,PROX1,prospero homeobox 1,protein_coding,17.2659883027548,0.417492011973517,0.294578984837919,1.41724981570979,0.156409901831583,0.292120294336982
KCTD3,KCTD3,potassium channel tetramerization domain containing 3,protein_coding,20.0316205220957,-0.16441462642788,0.320275667361067,-0.51335347384516,0.607704084788924,0.739603506523941
IARS2,IARS2,"isoleucyl-tRNA synthetase 2, mitochondrial",protein_coding,27.0413352722361,-0.682404394531384,0.268622874941943,-2.54038080218921,0.0110731831360803,0.0389521265185127
C1orf115,C1orf115,chromosome 1 open reading frame 115,protein_coding,28.786060364569,-0.535145179671207,0.39124286095207,-1.36780816490545,0.171372131297982,0.311558859382226
MIA3,MIA3,MIA SH3 domain ER export factor 3,protein_coding,12.6987371035583,0.311170990298884,0.350359435135267,0.888147882127811,0.374461209206266,0.540284321813033
SRP9,SRP9,signal recognition particle 9,protein_coding,68.4258522877333,-0.524626375274714,0.24026763407346,-2.1835083085486,0.0289983977719947,0.0831264166901532
EPHX1,EPHX1,epoxide hydrolase 1,protein_coding,116.41607147472,-0.406815478156392,0.248133333512379,-1.63950353786746,0.101108434472538,0.213779801610818
H3F3A,H3-3A,H3.3 histone A,protein_coding,17.1629879429284,-0.26052775179107,0.271699284910224,-0.958882729033144,0.33761782631818,0.502006555965622
ACBD3,ACBD3,acyl-CoA binding domain containing 3,protein_coding,12.1220277509119,-0.495190068408997,0.301684503250994,-1.64141698719278,0.100710886031599,0.21350707838699
ARF1,ARF1,ADP ribosylation factor 1,protein_coding,35.4017796436474,-0.765015545372818,0.223080716930422,-3.42932170874914,0.000605091836999586,0.00386901885052014
GUK1,GUK1,guanylate kinase 1,protein_coding,10.571172673868,-0.262835287941041,0.295034049535551,-0.890864252294954,0.373002000140628,0.538504703592856
RHOU,RHOU,ras homolog family member U,protein_coding,10.344853024532,0.279439694667353,0.349469497501474,0.799611115319654,0.42393614542688,0.590933785413857
RAB4A,RAB4A,"RAB4A, member RAS oncogene family",protein_coding,12.3066091979953,-0.207415100400478,0.434413578526002,-0.477459984340852,0.633034608930998,0.758687207186146
AGT,AGT,angiotensinogen,protein_coding,181.282178186956,-1.03834992314614,0.26537383584082,-3.91278183041743,9.12389588305856e-05,0.000760856352485827
IRF2BP2,IRF2BP2,interferon regulatory factor 2 binding protein 2,protein_coding,41.0807427134436,-1.00707524992709,0.289661931562824,-3.47672628050768,0.000507575716089563,0.00335337419078562
TOMM20,TOMM20,translocase of outer mitochondrial membrane 20,protein_coding,28.1150597750367,-1.13948221950835,0.274375507906904,-4.15300267943367,3.28140895078511e-05,0.000325347302124634
NID1,NID1,nidogen 1,protein_coding,18.5872882532437,-0.24165776061334,0.295547901693196,-0.817660214228829,0.413551234379925,0.579506283193961
FH,CFH,complement factor H,protein_coding,20.9134672931017,0.065931550275636,0.296884932305297,0.222077792105112,0.824253325550741,0.889547460973207
OPN3,OPN3,opsin 3,protein_coding,10.3625406896942,0.163201848947947,0.308976300793844,0.52820183466705,0.597359256148202,0.733248495066115
ZBTB18,ZBTB18,zinc finger and BTB domain containing 18,protein_coding,18.6510113303914,-0.944823515191846,0.292816699270965,-3.22667224083942,0.00125238829242659,0.00688236423372677
ADSS,ADSS2,adenylosuccinate synthase 2,protein_coding,13.5350111670976,-0.667984532063984,0.332382822278426,-2.00968427756003,0.0444646150387414,0.115395110845918
COX20,COX20,cytochrome c oxidase assembly factor COX20,protein_coding,30.497468312389,-0.319035209948962,0.323825061118349,-0.985208522302613,0.32452165532259,0.488010181553832
HNRNPU,HNRNPU,heterogeneous nuclear ribonucleoprotein U,protein_coding,39.4658524966353,-0.308387992540701,0.232869983045145,-1.32429258811307,0.185405891154569,0.330241262437376
SCCPDH,SCCPDH,saccharopine dehydrogenase (putative),protein_coding,34.4163835780474,-0.935473789579811,0.376191665390068,-2.48669461778169,0.0128936024807798,0.0437542753735117
IDI1,IDI1,isopentenyl-diphosphate delta isomerase 1,protein_coding,24.0089813907996,-0.881906561628209,0.296237307221496,-2.97702733629296,0.00291058057061995,0.0136112444331933
KLF6,KLF6,KLF transcription factor 6,protein_coding,30.7542490599624,1.83332392386582,0.506585602152896,3.61898150297705,0.000295764775508661,0.00211197302271903
AKR1C1,AKR1C1,aldo-keto reductase family 1 member C1,protein_coding,37.792373503911,0.163975986906758,0.539546753793165,0.303914323928298,0.761193164729327,0.845855944842311
AKR1C2,AKR1C2,aldo-keto reductase family 1 member C2,protein_coding,28.5152436116958,-0.553653815833393,0.514716541107446,-1.07564799577292,0.282084713525394,0.44348849160057
AKR1C3,AKR1C3,aldo-keto reductase family 1 member C3,protein_coding,22.670653276095,-1.33171033841973,0.540856917779207,-2.46222299215072,0.0138078788228955,0.0457385986008413
AKR1C4,AKR1C4,aldo-keto reductase family 1 member C4,protein_coding,23.9831928186309,0.746502000458903,0.684707970760112,1.09024873718089,0.275603589807652,0.435701477498266
NET1,NET1,neuroepithelial cell transforming 1,protein_coding,25.7666823589219,0.322268908585305,0.328727358549491,0.980353171720528,0.326911816559596,0.490519829568959
GDI2,GDI2,GDP dissociation inhibitor 2,protein_coding,40.0191392000662,0.0721018497496734,0.186231164432879,0.387163179531427,0.698635407071217,0.805727971888227
RBM17,RBM17,RNA binding motif protein 17,protein_coding,21.2863916853441,-0.239706191649945,0.230965887098621,-1.03784240461273,0.299343431265303,0.461794361945502
ITIH2,ITIH2,inter-alpha-trypsin inhibitor heavy chain 2,protein_coding,220.533569473582,-0.227688283377457,0.479989858944786,-0.474360612280453,0.635242775493635,0.760950362654024
ATP5C1,ATP5F1C,ATP synthase F1 subunit gamma,protein_coding,21.6151629101839,-0.0640366357560931,0.22522286378624,-0.284325643851464,0.776160835784163,0.857805186906964
DHTKD1,DHTKD1,dehydrogenase E1 and transketolase domain containing 1,protein_coding,20.0570523629981,0.670560051824235,0.260749858011795,2.57166027601021,0.0101212154671632,0.0361824687779458
OPTN,OPTN,optineurin,protein_coding,16.4342140486162,-0.339576986510245,0.283801312410567,-1.19653071237031,0.231489520843017,0.384883674997121
PHYH,PHYH,phytanoyl-CoA 2-hydroxylase,protein_coding,29.0984525313612,1.3107105119168,0.258758402636663,5.06538337909452,4.0757923816146e-07,7.77661186412066e-06
FAM107B,FAM107B,family with sequence similarity 107 member B,protein_coding,19.2792477525312,0.158279938972349,0.243829741892698,0.649141231679619,0.516247093255325,0.672446377615483
VIM,VIM,vimentin,protein_coding,10.6654859136874,0.750741161318268,0.361347353072831,2.07761632936869,0.0377447109611567,0.101261119957659
NSUN6,NSUN6,NOP2/Sun RNA methyltransferase 6,protein_coding,23.0791108166686,0.715752264784518,0.287549044139017,2.48914847527187,0.012804947723942,0.0436907014615189
COMMD3-BMI1,COMMD3-BMI1,COMMD3-BMI1 readthrough,protein_coding,21.5376448212739,-0.152714397250145,0.304532408804323,-0.501471741052925,0.616039161033517,0.744875859652416
YME1L1,YME1L1,YME1 like 1 ATPase,protein_coding,9.80224285461577,-0.0368316583241336,0.31051750775004,-0.118613789576665,0.905581339980248,0.94397355587976
ACBD5,ACBD5,acyl-CoA binding domain containing 5,protein_coding,9.81834812143334,1.10370959715943,0.32576857176329,3.38801742348985,0.000703997920542216,0.00434983171112224
KIF5B,KIF5B,kinesin family member 5B,protein_coding,12.8579447929955,-0.413094410740511,0.285616836541726,-1.44632373827221,0.148086420638397,0.279419393372293
ITGB1,ITGB1,integrin subunit beta 1,protein_coding,53.8053085745884,-0.350907359091558,0.22737997266055,-1.5432641449712,0.122766699370191,0.242583743163136
HNRNPF,HNRNPF,heterogeneous nuclear ribonucleoprotein F,protein_coding,35.3033460209978,0.105583484989152,0.224070558694003,0.471206416427693,0.637493337088956,0.762153211330371
C10orf10,DEPP1,DEPP autophagy regulator 1,protein_coding,17.2389894076994,0.251631546007539,0.519563608646542,0.484313261783359,0.62816356551753,0.753985960623708
TIMM23,TIMM23,translocase of inner mitochondrial membrane 23,protein_coding,14.0386454908001,-0.204786993713546,0.268652819842865,-0.762273754778847,0.445896634567402,0.609499820149803
NCOA4,NCOA4,nuclear receptor coactivator 4,protein_coding,23.4811620779279,0.0745524060285272,0.243016159331051,0.306779624177038,0.759011118457314,0.844723059972325
A1CF,A1CF,APOBEC1 complementation factor,protein_coding,23.3197700213179,0.896764479229509,0.291762360520834,3.07361264019344,0.00211483833473618,0.0107545616809079
MBL2,MBL2,mannose binding lectin 2,protein_coding,15.7063623964535,0.696338371451343,0.669253095805525,1.0404709007931,0.298121176545511,0.460802985133535
PBLD,PBLD,phenazine biosynthesis like protein domain containing,protein_coding,24.6817467280117,1.81435884081447,0.333109768548802,5.44672961324055,5.13043615646879e-08,1.39046479922478e-06
HNRNPH3,HNRNPH3,heterogeneous nuclear ribonucleoprotein H3,protein_coding,62.2240773945718,0.49961742314018,0.217403988980103,2.29810605354581,0.0215557538071387,0.0649942766498429
CCAR1,CCAR1,cell division cycle and apoptosis regulator 1,protein_coding,11.9812925824836,-0.133560763392342,0.292008845405723,-0.45738601927202,0.647393611462249,0.771245636032699
SRGN,SRGN,serglycin,protein_coding,16.9544863426816,2.62036436386953,0.514328349484448,5.0947305675375,3.4923757070145e-07,6.94109671769133e-06
SAR1A,SAR1A,secretion associated Ras related GTPase 1A,protein_coding,9.78321120425714,0.0223335800385881,0.300865350997946,0.0742311468054046,0.940826462643987,0.965936768577663
EIF4EBP2,EIF4EBP2,eukaryotic translation initiation factor 4E binding protein 2,protein_coding,15.8434277170543,0.0222449685297326,0.305689592031573,0.0727697936390164,0.94198930839219,0.966485566700884
PCBD1,PCBD1,pterin-4 alpha-carbinolamine dehydratase 1,protein_coding,24.7954797961346,0.433130668513353,0.266492678272856,1.62530044472697,0.10409855673455,0.217023651933481
PSAP,SFTPA1,surfactant protein A1,protein_coding,82.5026811937277,-0.0307739543559139,0.252927789670993,-0.121670910088387,0.90315965242228,0.942272865716158
ANAPC16,ANAPC16,anaphase promoting complex subunit 16,protein_coding,16.9187611747993,0.594131782528902,0.254781300276428,2.33192852805246,0.0197044514076597,0.0603274924355177
DDIT4,DDIT4,DNA damage inducible transcript 4,protein_coding,19.2173078147239,0.660434531468941,0.500576377034038,1.31934817895738,0.187052737774762,0.332606845897487
P4HA1,P4HA1,prolyl 4-hydroxylase subunit alpha 1,protein_coding,12.9653399245346,1.40032636298609,0.416081406697928,3.36551054780181,0.000764021460310795,0.00462485071787118
ANXA7,ANXA7,annexin A7,protein_coding,13.7225771199003,0.334972162761601,0.276598796647447,1.21103984117674,0.225880135694061,0.377257789657098
VDAC2,VDAC2,voltage dependent anion channel 2,protein_coding,10.9793970524072,-0.166875317394312,0.28999589744714,-0.57544026954633,0.564993576030568,0.709090851929656
RPS24,RPS24,ribosomal protein S24,protein_coding,49.341582823175,-0.150888660287591,0.241211492693085,-0.625545070854397,0.531613377085025,0.683871577318115
MAT1A,MAT1A,methionine adenosyltransferase 1A,protein_coding,73.9992196264893,1.90320122638832,0.4071385701108,4.67457854919118,2.94557882780835e-06,4.15692633391888e-05
FAM213A,PRXL2A,peroxiredoxin like 2A,protein_coding,11.5048496610658,-0.226661245557425,0.302014725314422,-0.75049733194781,0.45295523009004,0.61590548675299
GHITM,GHITM,growth hormone inducible transmembrane protein,protein_coding,51.1152493425232,0.750016662534029,0.207812705741586,3.60909916387245,0.000307262147361498,0.00218752304912589
GLUD1,GLUD1,glutamate dehydrogenase 1,protein_coding,68.4238840080743,0.393629059076349,0.354005823769256,1.11192820187309,0.266169021885859,0.426335202953508
LIPA,LIPA,"lipase A, lysosomal acid type",protein_coding,9.29570009592765,-0.00815427813438229,0.363825970746797,-0.022412578512866,0.982118846670444,0.990005684407866
PPP1R3C,PPP1R3C,protein phosphatase 1 regulatory subunit 3C,protein_coding,34.5520570169595,-1.20501500981641,0.487982039571128,-2.46938393649786,0.0135345916158162,0.0450209219019828
RBP4,POLR2D,RNA polymerase II subunit D,protein_coding,349.715138374026,1.12671490344727,0.361982747931581,3.11262044913873,0.00185434328081267,0.00967748079811424
CYP2C18,CYP2C18,cytochrome P450 family 2 subfamily C member 18,protein_coding,19.0925276743766,1.02366587582069,0.546576892487688,1.8728670931579,0.0610867402685766,0.145983843227009
CYP2C9,CYP2C9,cytochrome P450 family 2 subfamily C member 9,protein_coding,262.40365843884,2.97782791167797,1.02702193027667,2.89947840829044,0.00373784088233435,0.0165100233100778
CYP2C8,CYP2C8,cytochrome P450 family 2 subfamily C member 8,protein_coding,123.577525295948,2.85199519533345,0.50348936094813,5.66445970171605,1.47488517550324e-08,4.50974505586568e-07
PDLIM1,PDLIM1,PDZ and LIM domain 1,protein_coding,23.8273358271877,0.319070249597708,0.366452711158397,0.870699656141423,0.383918166296316,0.548618829608576
TM9SF3,TM9SF3,transmembrane 9 superfamily member 3,protein_coding,24.3116383113057,-0.0165611139646943,0.216267873983198,-0.0765768565606786,0.938960170668967,0.965683487298614
GOT1,GOLT1B,golgi transport 1B,protein_coding,27.64846609845,1.10527828990028,0.352449533370638,3.13599022058561,0.00171274914859906,0.00905744283682654
CUTC,CUTC,cutC copper transporter,protein_coding,9.62278110167522,0.41590493195833,0.318477181702779,1.30591752204865,0.191580607203561,0.33721540924094
ABCC2,ABCC2,ATP binding cassette subfamily C member 2,protein_coding,21.4846788309843,0.711949672112432,0.35473089277713,2.00701344768338,0.0447482311180802,0.115753287653602
SCD,SCD,stearoyl-CoA desaturase,protein_coding,244.495000291929,-1.21616736939868,0.565093510254186,-2.1521524266871,0.031385351127149,0.0883755164560217
NDUFB8,NDUFB8,NADH:ubiquinone oxidoreductase subunit B8,protein_coding,114.800611309537,0.102428039196491,0.200910687953093,0.509818766935908,0.610178436603289,0.740222039618818
MGEA5,OGA,O-GlcNAcase,protein_coding,29.4575818350195,0.499834160350658,0.253452920538885,1.97209864178295,0.0485983469948399,0.122523316683608
NOLC1,NOLC1,nucleolar and coiled-body phosphoprotein 1,protein_coding,10.1810127385936,-0.0260160315764878,0.314414212389445,-0.0827444515907041,0.93405473877932,0.962595316755077
BORCS7,BORCS7,BLOC-1 related complex subunit 7,protein_coding,10.853481769467,-0.164574589905861,0.323370967662895,-0.508934339700604,0.610798248866198,0.740596758284638
BORCS7-ASMT,BORCS7-ASMT,BORCS7-ASMT readthrough (NMD candidate),protein_coding,20.7391208000002,-0.0459743026654329,0.351781407305839,-0.13068997312147,0.89602056460027,0.937284669548967
AS3MT,AS3MT,arsenite methyltransferase,protein_coding,21.6112451281695,-0.0481579105784095,0.375348059563067,-0.128302010231434,0.897909974320656,0.938836985722259
USMG5,ATP5MK,ATP synthase membrane subunit k,protein_coding,21.9271288243431,-0.0414880101792396,0.222614256674646,-0.186367265057399,0.852156761385021,0.907070609705114
GSTO1,GSTO1,glutathione S-transferase omega 1,protein_coding,22.5370476831,0.477769723205298,0.22883433087348,2.0878411092497,0.0368121699029191,0.0990937079215146
SMC3,SMC3,structural maintenance of chromosomes 3,protein_coding,21.1174333568995,-0.447747740558505,0.303273641944557,-1.476381981921,0.139841376935751,0.268319938850979
PDCD4,PDCD4,programmed cell death 4,protein_coding,32.1813052442496,0.42480797354923,0.347243016945611,1.22337369743498,0.221188583140036,0.370720148129998
GPAM,GPAM,"glycerol-3-phosphate acyltransferase, mitochondrial",protein_coding,18.5514438209063,-0.0415311130680922,0.659579954119369,-0.0629660025425455,0.949793576619791,0.970963429163395
ACSL5,ACSL5,acyl-CoA synthetase long chain family member 5,protein_coding,9.89554343759104,1.19594401678029,0.432150053830344,2.76742767050493,0.00565005813715912,0.0228396417917364
HABP2,HABP2,hyaluronan binding protein 2,protein_coding,25.8485617969355,1.82012791390603,0.629824461384435,2.88989714674651,0.00385367889302081,0.0169201010282083
EIF3A,EIF3A,eukaryotic translation initiation factor 3 subunit A,protein_coding,52.2560497793933,0.0862199955871032,0.238369073730918,0.361707977623106,0.717570264886477,0.817856599487075
PRDX3,PRDX3,peroxiredoxin 3,protein_coding,24.6182629840143,0.56692853692649,0.222456583374748,2.54849071367534,0.0108190167238803,0.0382839093270839
HTRA1,HTRA1,HtrA serine peptidase 1,protein_coding,15.1041222488062,-0.510110086774418,0.465963333368688,-1.09474297706339,0.273629254552438,0.434491193147513
ACADSB,ACADSB,acyl-CoA dehydrogenase short/branched chain,protein_coding,42.0563240508293,1.86296103761142,0.379918866794403,4.90357600118761,9.41075073728807e-07,1.60808818967039e-05
BCCIP,BCCIP,BRCA2 and CDKN1A interacting protein,protein_coding,15.2489054107052,-0.0840601717858733,0.275826559123776,-0.304757352058152,0.760550965362614,0.845647576871718
ZNF511-PRAP1,ZNF511-PRAP1,ZNF511-PRAP1 readthrough,protein_coding,32.508969356388,0.750465764791212,0.350466024856481,2.14133671045156,0.0322468947379288,0.0900571943207966
PRAP1,PRAP1,proline rich acidic protein 1,protein_coding,31.4019318047985,0.784721034575129,0.383379470970749,2.04685199389563,0.040672618810439,0.108022489825052
FUOM,FUOM,fucose mutarotase,protein_coding,10.3539533215218,0.937039990545117,0.339444725813009,2.76050832223361,0.00577114875991339,0.0232503205952592
ECHS1,ECHS1,"enoyl-CoA hydratase, short chain 1",protein_coding,45.3397591069504,0.887136510828513,0.301032819264129,2.9469760572854,0.00320898048873656,0.0146617211985377
CYP2E1,CYP2E1,cytochrome P450 family 2 subfamily E member 1,protein_coding,90.9655157639243,4.12500954738274,0.609485505460496,6.76801910861866,1.30557516867005e-11,1.19761414510695e-09
IFITM2,IFITM2,interferon induced transmembrane protein 2,protein_coding,45.6876484703523,-0.00330361936546006,0.428073801216771,-0.00771740610163421,0.993842461944262,0.996491754307766
IFITM1,IFITM1,interferon induced transmembrane protein 1,protein_coding,20.67854847249,1.90297628369445,0.622569248325466,3.05664998522319,0.00223825470321519,0.0111912735160759
IFITM3,IFITM3,interferon induced transmembrane protein 3,protein_coding,103.932741320007,-0.598254488583118,0.383296723433545,-1.56081294727488,0.118567891674754,0.236789267140631
CDHR5,CDHR5,cadherin related family member 5,protein_coding,17.2123420623547,0.549345224949232,0.484342514413483,1.13420814527187,0.256707248145587,0.416211275885264
TALDO1,TALDO1,transaldolase 1,protein_coding,14.4846280847198,-0.464393003751392,0.342687305607176,-1.35515087997957,0.175369490858765,0.317093453583653
RPLP2,RPLP2,ribosomal protein lateral stalk subunit P2,protein_coding,70.0590987787865,-0.371270324471456,0.227976011578003,-1.6285499597155,0.103408324857374,0.216678819303197
POLR2L,POLR2L,"RNA polymerase II, I and III subunit L",protein_coding,12.9573819188124,-0.461295640879977,0.335706450456345,-1.37410419207885,0.169409338206627,0.308929188467352
CTSD,CTSD,cathepsin D,protein_coding,50.4933311370973,-1.30811793189673,0.40349932368506,-3.24193339396462,0.00118721765874131,0.00660816658542384
IGF2,IGF2,insulin like growth factor 2,protein_coding,951.695261209635,-1.8043484449763,0.720578732332433,-2.50402678293853,0.0122788738817061,0.0421975709047105
INS-IGF2,INS-IGF2,INS-IGF2 readthrough,protein_coding,119.746810741218,-2.4178853858342,0.666914097261873,-3.62548249581352,0.000288422433616975,0.0020719503137846
CD81,CD81,CD81 molecule,protein_coding,11.5618269601985,0.459751092405332,0.436083026801917,1.0542742187812,0.29175738868909,0.45390826616013
NAP1L4,NAP1L4,nucleosome assembly protein 1 like 4,protein_coding,13.3101232426402,-0.271880980440892,0.267018375167406,-1.01821075149019,0.308577811086707,0.471163943304607
HPX,HPX,hemopexin,protein_coding,175.511432132835,1.12796786472809,0.370215271888944,3.04678912615592,0.00231299913917952,0.0114315463092717
TPP1,TPP1,tripeptidyl peptidase 1,protein_coding,22.1595928257761,-0.293723527146743,0.221346455790902,-1.32698545408024,0.184513494432132,0.329143368900998
RPL27A,RPL27A,ribosomal protein L27a,protein_coding,23.6568225939664,-0.339746827996875,0.234481448055179,-1.44892839418547,0.147357580658446,0.278484809722974
TMEM41B,TMEM41B,transmembrane protein 41B,protein_coding,11.0286700529787,-0.367655032435879,0.28118118028975,-1.30753783755022,0.191030113084335,0.336738225946888
EIF4G2,EIF4G2,eukaryotic translation initiation factor 4 gamma 2,protein_coding,23.1502251592852,-0.0580125658003942,0.246228632114909,-0.235604467693754,0.813739606329876,0.883373473485994
PSMA1,PSMA1,proteasome 20S subunit alpha 1,protein_coding,10.8024862289237,-0.118869625547838,0.287992837104969,-0.412752020997356,0.679788306914108,0.792945565078863
C11orf58,C11orf58,chromosome 11 open reading frame 58,protein_coding,13.4538485455459,0.00757547651098103,0.285970942022171,0.0264903715650722,0.978866213283694,0.988816568691915
RPS13,RPS13,ribosomal protein S13,protein_coding,21.5955140185847,0.0490648587027474,0.237376727875248,0.206696162433131,0.836247154620122,0.896381781469209
SAA4,SAA4,"serum amyloid A4, constitutive",protein_coding,86.7991203992248,1.51924000524867,0.48836011879119,3.11090104779472,0.0018651742948892,0.00969159192442429
SAA2-SAA4,SAA2-SAA4,SAA2-SAA4 readthrough,protein_coding,123.86454380821,1.32496103483798,0.466114620938116,2.84256484418216,0.0044752126455357,0.019093706904477
SAA1,SAA1,serum amyloid A1,protein_coding,171.052382472143,1.70356038663159,1.17149484358525,1.4541765983519,0.145897351257015,0.276601894076296
LDHA,LDHA,lactate dehydrogenase A,protein_coding,45.3771538623621,0.366979632335858,0.380008368846855,0.965714606363716,0.334187008575363,0.498459046561751
HTATIP2,HTATIP2,HIV-1 Tat interactive protein 2,protein_coding,20.8959076736645,-0.228102038082995,0.316022408766791,-0.721790707732129,0.470423163336662,0.631378303071434
LGR4,LGR4,leucine rich repeat containing G protein-coupled receptor 4,protein_coding,9.9829960240297,0.204270844635384,0.304432675883477,0.670988566002585,0.502227813547681,0.660763316192868
RCN1,RCN1,reticulocalbin 1,protein_coding,14.099261766708,-0.197751255119499,0.395896339969588,-0.499502610038503,0.617425348509701,0.745599724656019
HIPK3,HIPK3,homeodomain interacting protein kinase 3,protein_coding,12.5114121269344,0.770890702184264,0.297320546918018,2.59279323334766,0.00951999862796472,0.0345318751345519
CD59,CD59,CD59 molecule (CD59 blood group),protein_coding,14.6589247279454,0.340884444646339,0.288055433383748,1.18339876683462,0.236651145820033,0.391768543961758
CAPRIN1,CAPRIN1,cell cycle associated protein 1,protein_coding,8.66709890677779,-0.321062574511277,0.331484910071654,-0.968558642509172,0.332765446639928,0.497271673080344
CAT,CRAT,carnitine O-acetyltransferase,protein_coding,49.8347613523971,1.60935701629241,0.317203334934189,5.07358164007421,3.90396866177502e-07,7.50884295026889e-06
API5,API5,apoptosis inhibitor 5,protein_coding,10.0114049321284,0.298925263883174,0.294844853952227,1.01383917635411,0.310659498240645,0.47343316505044
F2,F2,"coagulation factor II, thrombin",protein_coding,120.386008583183,0.35027894082418,0.230131661254775,1.52208061643631,0.127988882202372,0.250267836757881
PSMC3,PSMC3,"proteasome 26S subunit, ATPase 3",protein_coding,24.0630030835915,-0.125093631752866,0.228561321778801,-0.547308839392914,0.584166572051382,0.721510758333789
CELF1,CELF1,CUGBP Elav-like family member 1,protein_coding,9.65188198437175,0.0226989620142242,0.304524446481797,0.0745390469516247,0.940581472592895,0.965936768577663
MTCH2,MTCH2,mitochondrial carrier 2,protein_coding,17.4915929982103,0.0979046287263028,0.248458411329691,0.394048356835014,0.693545337877998,0.802574299291133
FNBP4,FNBP4,formin binding protein 4,protein_coding,12.5446207612573,0.301150588204902,0.298841974439355,1.00772519914539,0.313586404149695,0.476675317971334
SLC43A3,SLC43A3,solute carrier family 43 member 3,protein_coding,13.2747408710732,-0.0995465585501159,0.406460997081709,-0.244910481607918,0.80652574565758,0.880034960278794
TIMM10,TIMM10,translocase of inner mitochondrial membrane 10,protein_coding,13.3865686250337,0.0117111578371794,0.261472406514643,0.0447892685629278,0.964275278956069,0.980451809190712
SERPING1,SERPING1,serpin family G member 1,protein_coding,343.391087614521,1.32702942406534,0.205348919204367,6.46231511325683,1.03113093002218e-10,6.83124241139691e-09
TMX2-CTNND1,TMX2-CTNND1,TMX2-CTNND1 readthrough (NMD candidate),protein_coding,9.45041119740777,0.142768638756727,0.335217923085875,0.425897987322572,0.670182181571854,0.786734861909107
C11orf31,SELENOH,selenoprotein H,protein_coding,18.7734269644073,-0.313118308800028,0.241379343517698,-1.29720424389617,0.194560920903657,0.340141058025104
CTNND1,CTNND1,catenin delta 1,protein_coding,13.4194118876483,0.453721803426677,0.28062996112018,1.61679744249535,0.105922011669021,0.218939904020949
GLYAT,GLYAT,glycine-N-acyltransferase,protein_coding,29.3159592778345,4.02066635346575,0.656999322271568,6.11974201063761,9.37269804999777e-10,4.85954018461841e-08
BEST1,BEST1,bestrophin 1,protein_coding,31.6989351038756,-0.556088738024603,0.276226213800866,-2.01316424814588,0.0440973530269026,0.114816798001269
FTH1,FTH1,ferritin heavy chain 1,protein_coding,217.094779533478,-0.580699242364202,0.277499867560763,-2.09261088110988,0.0363839044415123,0.0983609548754592
EEF1G,EEF1G,eukaryotic translation elongation factor 1 gamma,protein_coding,187.570764867397,-0.212838944992931,0.295585569502352,-0.720058646135083,0.471488887747645,0.632452754374653
GANAB,GANAB,glucosidase II alpha subunit,protein_coding,22.4853999450996,-0.357446101231924,0.211589164478615,-1.68934029354821,0.0911542358277285,0.200021793343351
C11orf98,C11orf98,chromosome 11 open reading frame 98,protein_coding,13.7471059931486,-0.348205674221229,0.270913918214088,-1.28530005588735,0.198687450663997,0.344883238597986
UBXN1,UBXN1,UBX domain protein 1,protein_coding,33.4977217183426,-0.0960393757225744,0.238823135002351,-0.402135981179667,0.687583953686642,0.799555206993
HNRNPUL2-BSCL2,HNRNPUL2-BSCL2,HNRNPUL2-BSCL2 readthrough (NMD candidate),protein_coding,16.7880291459519,-0.0600900677800284,0.252056926878527,-0.238398795558543,0.811571801506163,0.882625967438304
HNRNPUL2,HNRNPUL2,heterogeneous nuclear ribonucleoprotein U like 2,protein_coding,16.4141656977784,-0.152606241351727,0.254739050922594,-0.599068893438322,0.549126944006587,0.697667294072876
SLC22A10,SLC22A10,solute carrier family 22 member 10,protein_coding,17.8963906985897,2.69872686750586,0.646974973174769,4.17130025024453,3.02866480084499e-05,0.000305325757213315
COX8A,COX8A,cytochrome c oxidase subunit 8A,protein_coding,50.6268261035255,-0.49287253218366,0.199700558816935,-2.46805785173328,0.0135848362464337,0.045125117615243
FKBP2,FKBP2,FKBP prolyl isomerase 2,protein_coding,56.8046372758055,-0.363804401884029,0.271940749960525,-1.33780759940112,0.180959163979738,0.324746129489598
TRMT112,TRMT112,tRNA methyltransferase activator subunit 11-2,protein_coding,26.8067122421037,-0.292102836697586,0.234834727453489,-1.24386558949395,0.213549035720079,0.362296755894878
PRDX5,PRDX5,peroxiredoxin 5,protein_coding,165.102344075777,-0.270838380477177,0.222819658451407,-1.2155048722339,0.224173591641353,0.374932690087397
SF1,SF1,splicing factor 1,protein_coding,18.8810140341149,0.575359796332621,0.253366776121537,2.27085731262819,0.0231556171155164,0.0690326835256331
FAU,FAU,FAU ubiquitin like and ribosomal protein S30 fusion,protein_coding,22.6378399209992,-0.18749987541228,0.21763822901624,-0.861520865427958,0.388951234322524,0.552829972502514
SYVN1,SYVN1,synoviolin 1,protein_coding,12.5733532036294,-0.36989608853093,0.276052131965456,-1.33995012426572,0.180261560576246,0.324446896798138
CFL1,CFL1,cofilin 1,protein_coding,23.7130746032126,-0.727528436358221,0.24631136093902,-2.95369419252382,0.00313994985577239,0.0144103627060862
DRAP1,DRAP1,DR1 associated protein 1,protein_coding,16.8166031688873,-0.567290249816587,0.296075544541629,-1.9160321082744,0.0553610088843215,0.135855984357151
BANF1,BANF1,BAF nuclear assembly factor 1,protein_coding,24.0152859501371,-0.640488070341016,0.218908639398696,-2.92582363172292,0.00343545639864959,0.0154595537939231
SF3B2,SF3B2,splicing factor 3b subunit 2,protein_coding,14.0385793450791,-0.335465722820255,0.264278268229237,-1.26936552546678,0.204310725914584,0.350561928997325
RAB1B,RAB1B,"RAB1B, member RAS oncogene family",protein_coding,16.3344852470681,-0.366892354151265,0.268761581478718,-1.36512202425896,0.172214700855136,0.312819544203731
CCS,CCS,copper chaperone for superoxide dismutase,protein_coding,9.93624254107029,0.586161543699775,0.301741087088564,1.94259770638306,0.0520647842588446,0.129483326858545
RBM14-RBM4,RBM14-RBM4,RBM14-RBM4 readthrough,protein_coding,10.5583279522737,-0.192311272231759,0.31038617993516,-0.619587097183041,0.535529663698347,0.686318241762793
PPP1CA,PPP1CA,protein phosphatase 1 catalytic subunit alpha,protein_coding,9.98230653533697,-0.404459579187206,0.301918043271476,-1.33963367940726,0.180364468689333,0.324446896798138
CPT1A,CPT1A,carnitine palmitoyltransferase 1A,protein_coding,11.7442861518508,0.804641496139329,0.335933379714631,2.3952412732038,0.0166094317112363,0.0532439443969066
CCND1,CCND1,cyclin D1,protein_coding,19.5545959576199,1.281136313085,0.574435240759401,2.23025368602271,0.0257306059729104,0.0752027237084243
CTTN,CTTN,cortactin,protein_coding,15.8970698780928,-0.593884057138201,0.38057403542268,-1.56049546700844,0.118642840349289,0.236789267140631
RAB6A,RAB6A,"RAB6A, member RAS oncogene family",protein_coding,19.7067726844852,0.302263650154101,0.232102586746471,1.30228471121809,0.192819076097318,0.337893825490157
SPCS2,SPCS2,signal peptidase complex subunit 2,protein_coding,20.542040520597,-0.672667422040984,0.235686511362492,-2.85407687589895,0.00431620853300757,0.0185815114643015
RPS3,RPS3,ribosomal protein S3,protein_coding,20.9979142485692,-0.495639903766533,0.280998239851677,-1.76385412246053,0.0777565425758136,0.176786800803923
TSKU,TSKU,"tsukushi, small leucine rich proteoglycan",protein_coding,11.3462991178378,0.977234644589783,0.520482146719743,1.87755651322269,0.0604418594644532,0.144878225952483
NDUFC2-KCTD14,NDUFC2-KCTD14,NDUFC2-KCTD14 readthrough,protein_coding,57.3985386955296,-0.557059340012789,0.305883004673465,-1.82115165439629,0.0685838071310847,0.159427270962609
THRSP,THRSP,thyroid hormone responsive,protein_coding,52.2411280911027,3.06915786016214,0.658999078418218,4.65730220371321,3.20379986653049e-06,4.41679923796255e-05
NDUFC2,NDUFC2,NADH:ubiquinone oxidoreductase subunit C2,protein_coding,21.7032885822096,-0.444222213913841,0.286087189524236,-1.55275115482306,0.120482596065396,0.239995964409009
CREBZF,CREBZF,CREB/ATF bZIP transcription factor,protein_coding,19.2154795120757,0.222260439202404,0.264382994600592,0.840676003152838,0.40052946754311,0.56658527881988
PICALM,PICALM,phosphatidylinositol binding clathrin assembly protein,protein_coding,18.6782009629312,0.232536185499065,0.238760215360413,0.973931880351369,0.330090363187075,0.493893046550297
CEP57,CEP57,centrosomal protein 57,protein_coding,13.2374451027268,0.1218974723654,0.313553767648387,0.388760987563999,0.697452962485658,0.805532840449537
TMEM123,TMEM123,transmembrane protein 123,protein_coding,57.0475779734039,0.311821629879118,0.266408808858969,1.17046291079733,0.241814731443851,0.398068613008378
ACAT1,ACAT1,acetyl-CoA acetyltransferase 1,protein_coding,26.7890894047026,1.21985570618648,0.261373808508327,4.66709236533015,3.05492022258365e-06,4.26080978412983e-05
RDX,RDX,radixin,protein_coding,13.4702592821074,-0.175861686065945,0.294473899311793,-0.597206361843771,0.550369612251709,0.698579843118853
FDX1,FDX1,ferredoxin 1,protein_coding,9.48061936641742,0.646529172561696,0.316421699295898,2.04325169228392,0.0410275289919207,0.10872295182859
PPP2R1B,PPP2R1B,protein phosphatase 2 scaffold subunit Abeta,protein_coding,15.8251334972825,0.508996142226806,0.301191707457811,1.68994075740981,0.0910392891232361,0.200021793343351
TIMM8B,TIMM8B,translocase of inner mitochondrial membrane 8 homolog B,protein_coding,11.5129338624547,-0.402392584095807,0.287707952636433,-1.3986147425139,0.161928543025007,0.299688327364535
SDHD,SDHD,succinate dehydrogenase complex subunit D,protein_coding,12.6184628179939,0.806812700235226,0.280260535096527,2.87879526083594,0.00399197401944586,0.0173738285335372
PTS,PTS,6-pyruvoyltetrahydropterin synthase,protein_coding,11.5177807627823,1.32770717209263,0.31832667317562,4.17089513375505,3.03405469432099e-05,0.000305325757213315
NNMT,NNMT,nicotinamide N-methyltransferase,protein_coding,36.866040580799,1.85896175631415,0.956716184949568,1.94306502341877,0.0520083023877525,0.129477871810845
APOA5,APOA5,apolipoprotein A5,protein_coding,43.4819719749042,2.93628162914871,0.46641239264478,6.29546228928138,3.06485066498604e-10,1.82741720899793e-08
APOC3,APOC3,apolipoprotein C3,protein_coding,307.784992169471,1.12853435385869,0.39717956028117,2.84137067139048,0.00449200674663704,0.0191311358763024
APOA1,APOA1,apolipoprotein A1,protein_coding,1054.61216900424,0.758536352553639,0.389771367461284,1.94610588636679,0.0516420216648389,0.129105054162097
ATP5L,ATP5MG,ATP synthase membrane subunit g,protein_coding,11.9234459836621,-0.0175104656943983,0.274576400895935,-0.0637726535756975,0.949151253207449,0.970963429163395
ARCN1,ARCN1,archain 1,protein_coding,12.896732958338,-0.0953657538187772,0.273730331010006,-0.348393082589344,0.727544996815221,0.822367212039953
RPS25,RPS25,ribosomal protein S25,protein_coding,94.8236899342723,-0.0196968693689691,0.158991701632519,-0.123886147306573,0.901405421295677,0.941678462457376
OAF,OAF,out at first homolog,protein_coding,13.5684563818666,0.135803685457445,0.289317049341597,0.469393994465572,0.638788040251255,0.762517255254877
SC5D,SC5D,sterol-C5-desaturase,protein_coding,12.9680904925985,1.13803647184716,0.418346818277759,2.72031821953901,0.00652191196196711,0.0255414778806101
HSPA8,HSPA8,heat shock protein family A (Hsp70) member 8,protein_coding,42.4605254110124,0.0206419930734445,0.383709329744752,0.0537959113143686,0.957097767102821,0.97592055345884
EI24,EI24,EI24 autophagy associated transmembrane protein,protein_coding,33.5206540945593,0.3637863902206,0.275918338091603,1.31845673157043,0.187350800290194,0.332711585027633
STT3A,STT3A,STT3 oligosaccharyltransferase complex catalytic subunit A,protein_coding,16.251441697879,-0.862766682235476,0.253834484761423,-3.39893408512395,0.000676490178149463,0.00423472198132932
SRPRA,SRPRA,SRP receptor subunit alpha,protein_coding,14.5647809268413,0.109238079562824,0.261051252648728,0.418454531263312,0.675614823825082,0.790676024314021
APLP2,APLP2,amyloid beta precursor like protein 2,protein_coding,59.7633183167922,-0.21018473698009,0.22490803621429,-0.934536357695233,0.350027290507187,0.512785680503465
ADIPOR2,ADIPOR2,adiponectin receptor 2,protein_coding,10.6959789671319,-0.0687662508122363,0.315511949628931,-0.217951335577341,0.82746702844898,0.89097465591459
CD9,CD9,CD9 molecule,protein_coding,25.4368517972847,0.160923713076605,0.463491586261787,0.347198779538822,0.728441987666878,0.82299106612293
MRPL51,MRPL51,mitochondrial ribosomal protein L51,protein_coding,22.354268153691,-0.234620527510114,0.235518313906149,-0.996188039982348,0.319158789395088,0.48237877864847
GAPDH,GAPDH,glyceraldehyde-3-phosphate dehydrogenase,protein_coding,69.3326270986763,-0.4526535988554,0.338861581086549,-1.33580678400892,0.181612435023152,0.325428743448698
CHD4,CHD4,chromodomain helicase DNA binding protein 4,protein_coding,12.6319096026863,-0.0943207525348219,0.282266549686416,-0.334154906557676,0.738262669424177,0.828981387277148
MLF2,MLF2,myeloid leukemia factor 2,protein_coding,18.0101966371619,0.180940571855836,0.242602132325847,0.745832570065,0.45576856235699,0.617520942142721
PTMS,PTMS,parathymosin,protein_coding,379.048726205809,0.576220339784416,0.296361907101023,1.94431310494974,0.0518577052793537,0.12937657573754
TPI1,TPI1,triosephosphate isomerase 1,protein_coding,22.2816797529951,-0.167997163916167,0.303918999712998,-0.552769534233836,0.58042123254348,0.720241747979292
ATN1,ATN1,atrophin 1,protein_coding,14.2754267305291,-0.531860608652738,0.353900053989838,-1.50285540410799,0.132876335131147,0.257023567954409
PHB2,PHB2,prohibitin 2,protein_coding,18.1032740010506,0.0665069173229465,0.244681129756725,0.27181056989998,0.785767677503318,0.864815833338908
C1S,C1S,complement C1s,protein_coding,122.187288748217,1.5272726165587,0.347342698688474,4.39701949206216,1.09747492646607e-05,0.000127062024253475
C1R,C1R,complement C1r,protein_coding,75.8709805680396,2.03840492459508,0.353180435474956,5.77156807073371,7.85372200028503e-09,2.71465608270722e-07
C1RL,C1RL,complement C1r subcomponent like,protein_coding,26.2243154615395,1.54708642933865,0.288301315594852,5.36621356078986,8.04067307341993e-08,1.99760471667776e-06
RBP5,CRABP1,cellular retinoic acid binding protein 1,protein_coding,13.8353209149198,2.34132153240799,0.41312765467562,5.66730768543286,1.45058722114239e-08,4.49305262652547e-07
M6PR,M6PR,"mannose-6-phosphate receptor, cation dependent",protein_coding,12.9749205736363,0.225073868651447,0.297457189861924,0.756659702042917,0.449253763442903,0.612618768331231
A2M,A2M,alpha-2-macroglobulin,protein_coding,91.5657776523921,0.464438894820715,0.399410280822321,1.16281156775562,0.244905962765301,0.401604277613475
GABARAPL1,GABARAPL1,GABA type A receptor associated protein like 1,protein_coding,32.9305416513418,2.28576123040661,0.330482984708197,6.91642637040708,4.63178975947518e-12,5.17193940898813e-10
CDKN1B,CDKN1B,cyclin dependent kinase inhibitor 1B,protein_coding,14.8123061699404,0.464131862088346,0.317637641317794,1.46119918332974,0.143960787107528,0.275117369592512
ARHGDIB,ARHGDIB,Rho GDP dissociation inhibitor beta,protein_coding,17.5895964032049,1.06280435854886,0.366000033666068,2.90383677810956,0.00368620279651919,0.0164022269957057
STRAP,STRAP,serine/threonine kinase receptor associated protein,protein_coding,17.7087906655584,0.125879279339372,0.246910135802354,0.50981819328849,0.610178838528552,0.740222039618818
MGST1,MGST1,microsomal glutathione S-transferase 1,protein_coding,29.7601627997212,1.27040648500125,0.334727235009832,3.79534842739622,0.000147436248821332,0.00117211817812959
SLCO1B3,SLCO1B3,solute carrier organic anion transporter family member 1B3,protein_coding,31.8558911915565,4.27491451618998,0.659466883935311,6.48237935873263,9.02872732098709e-11,6.33338666486889e-09
SLCO1B1,SLCO1B1,solute carrier organic anion transporter family member 1B1,protein_coding,74.8810880113812,1.88251659078707,0.379857906452693,4.95584416911832,7.20169195197527e-07,1.27229891151563e-05
CMAS,CMAS,cytidine monophosphate N-acetylneuraminic acid synthetase,protein_coding,35.0601190972,0.101594862583709,0.284476342988842,0.357129389095438,0.720994943941078,0.81943211886783
TM7SF3,TM7SF3,transmembrane 7 superfamily member 3,protein_coding,16.3886074439962,0.822099234321879,0.32271888319979,2.54741596206172,0.0108523988517307,0.0383059654731285
MRPS35,MRPS35,mitochondrial ribosomal protein S35,protein_coding,13.6899757862483,-0.376760269466217,0.278103841012024,-1.35474673091598,0.175498263618625,0.317093453583653
ZCRB1,ZCRB1,zinc finger CCHC-type and RNA binding motif containing 1,protein_coding,12.0417847501296,0.0517316247142131,0.300171258529805,0.172340366521389,0.863169951189633,0.914147572640885
SLC38A2,SLC38A2,solute carrier family 38 member 2,protein_coding,78.183980714505,1.88909851967866,0.36158839571238,5.22444453992188,1.74678671293747e-07,3.7873511912326e-06
SLC38A4,SLC38A4,solute carrier family 38 member 4,protein_coding,57.946098271841,1.53348375116988,0.442402678601855,3.46626235631353,0.000527748038616795,0.00344502479133499
TUBA1B,TUBA1B,tubulin alpha 1b,protein_coding,46.2876031661578,-1.25211343066443,0.309974875710744,-4.03940296062206,5.3587432605934e-05,0.00050716677287759
TUBA1C,TUBA1C,tubulin alpha 1c,protein_coding,14.9654041727407,-1.18856060514868,0.394563558152233,-3.01234257597125,0.00259239857656643,0.0124654196455508
DNAJC22,DNAJC22,DnaJ heat shock protein family (Hsp40) member C22,protein_coding,12.2852219669371,-0.674365533459049,0.328260730367193,-2.0543594498943,0.039940914708827,0.106317528787876
TMBIM6,TMBIM6,transmembrane BAX inhibitor motif containing 6,protein_coding,44.4869105431221,0.519749576877179,0.215860175721475,2.40780669773851,0.0160486759093798,0.05193499598897
LARP4,LARP4,La ribonucleoprotein 4,protein_coding,10.6852463091648,0.893765915434991,0.308592390623658,2.89626686396483,0.00377631116704748,0.0166478782502925
METTL7A,TMT1A,thiol methyltransferase 1A,protein_coding,67.5574750848747,0.831309111637707,0.298067914458464,2.78899227764266,0.00528723257235524,0.0216906031624666
DAZAP2,DAZAP2,DAZ associated protein 2,protein_coding,23.944325803146,0.376307667490861,0.225344440965507,1.66992212400954,0.0949347724458705,0.205090065474095
KRT8,KRT8,keratin 8,protein_coding,39.8063497875899,0.395886238544777,0.225890104794775,1.75256122398299,0.0796773520984896,0.180330627138259
KRT18,KRT18,keratin 18,protein_coding,17.7998561252749,0.448609652973406,0.297063453918687,1.51014756967109,0.13100577362486,0.255559091601596
EIF4B,EIF4B,eukaryotic translation initiation factor 4B,protein_coding,45.4570542296963,0.284243061930322,0.281225805498591,1.0107289458248,0.312146179058083,0.475243509993512
PFDN5,PFDN5,prefoldin subunit 5,protein_coding,32.9329826102754,0.0442760912100584,0.202033642661052,0.219152071045611,0.826531589666857,0.890771731294828
PRR13,PRR13,proline rich 13,protein_coding,18.6622398413389,0.154404744378312,0.247210055768554,0.624589254261044,0.532240674134774,0.683940736967369
PCBP2,PCBP2,poly(rC) binding protein 2,protein_coding,55.6549046368361,0.166493498107921,0.191071824491176,0.871366035004339,0.383554324951804,0.548427497008424
MAP3K12,MAP3K12,mitogen-activated protein kinase kinase kinase 12,protein_coding,21.1935735765774,0.162009398622172,0.265614522913083,0.60994179401548,0.541900365603596,0.691020398431806
ATP5G2,ATP5MC2,ATP synthase membrane subunit c locus 2,protein_coding,11.6689521351146,-0.42191046847467,0.295657275261385,-1.42702549126067,0.15357254711736,0.287496487342938
HNRNPA1,HNRNPA1,heterogeneous nuclear ribonucleoprotein A1,protein_coding,129.424526555834,-0.117506331297011,0.203465759031972,-0.577523863750195,0.563585622680556,0.708940775365573
PPP1R1A,PPP1R1A,protein phosphatase 1 regulatory inhibitor subunit 1A,protein_coding,14.332749486643,0.223759964748659,0.429559335789883,0.520905835598252,0.602432370004063,0.736682409053041
METTL7B,TMT1B,thiol methyltransferase 1B,protein_coding,21.8428412629968,0.413163269918649,0.353014379459193,1.17038651669545,0.241845459223958,0.398068613008378
CD63,CD63,CD63 molecule,protein_coding,102.264791593249,-0.0356458724511498,0.181129482240598,-0.196797738337267,0.843985821053389,0.901435818724734
RAB5B,RAB5B,"RAB5B, member RAS oncogene family",protein_coding,9.68560354375714,-0.171570988695863,0.298722031078432,-0.574349967012698,0.56573100288745,0.709090851929656
RPS26,RPS26,ribosomal protein S26,protein_coding,38.5972714333606,-0.488855043974303,0.209543368802045,-2.33295401696115,0.019650558846365,0.0603162423909108
ERBB3,ERBB3,erb-b2 receptor tyrosine kinase 3,protein_coding,12.2967975379085,-0.209419302953067,0.319997047840558,-0.654441359275953,0.51282749552052,0.669770694136616
PA2G4,PA2G4,proliferation-associated 2G4,protein_coding,14.5467275270056,-0.549867742305625,0.277062794661016,-1.98463219494477,0.0471854076775415,0.120103732455642
RPL41,RPL41,ribosomal protein L41,protein_coding,67.9966467077611,-0.394420661696301,0.209236576959483,-1.88504642652741,0.059423570029272,0.142868159798199
MYL6B,MYL6B,myosin light chain 6B,protein_coding,70.6940400493108,0.0867234821812372,0.162248132439904,0.534511435522126,0.592987739802878,0.729522701209392
MYL6,MYL6,myosin light chain 6,protein_coding,85.049594272743,0.103093715810002,0.145167022399938,0.710173110294822,0.477596793522657,0.638491229008709
SLC39A5,SLC39A5,solute carrier family 39 member 5,protein_coding,11.7734968396153,1.45122803614142,0.624623544717147,2.32336428624155,0.0201595909851374,0.0614841745518576
CNPY2,CNPY2,canopy FGF signaling regulator 2,protein_coding,9.91087017407292,-0.69978229106292,0.299805187896074,-2.33412335514853,0.0195892636965994,0.0602066931912237
STAT2,STAT2,signal transducer and activator of transcription 2,protein_coding,12.610073216304,0.696257401393075,0.287194305856203,2.42434263909706,0.0153361281696226,0.0499681225198769
ATP5B,ATP5F1B,ATP synthase F1 subunit beta,protein_coding,38.1226319645121,0.210169114993818,0.192798474385823,1.09009739658641,0.275670242995758,0.435701477498266
PTGES3,PTGES3,prostaglandin E synthase 3,protein_coding,50.9921577344985,-0.50097385166022,0.212523303620041,-2.35726550042665,0.0184100788846488,0.0570975788555102
NACA,NACA,nascent polypeptide associated complex subunit alpha,protein_coding,28.1975899001047,-0.0903534908251841,0.215938572764588,-0.418422191405728,0.675638464382379,0.790676024314021
HSD17B6,HSD17B6,hydroxysteroid 17-beta dehydrogenase 6,protein_coding,99.0358894802568,1.29969441511827,0.359080797657702,3.61950408820586,0.000295168148020825,0.00211197302271903
STAT6,STAT6,signal transducer and activator of transcription 6,protein_coding,12.3357801360349,0.398499733773758,0.322027946634975,1.23746941201182,0.21591286335965,0.365214311427493
R3HDM2,R3HDM2,R3H domain containing 2,protein_coding,11.1183710325891,-0.050817795028581,0.291866998956437,-0.174112850066225,0.861776774556536,0.913483381029928
INHBC,INHBC,inhibin subunit beta C,protein_coding,11.5110765842647,-0.583430282730253,0.294520504663877,-1.98094962317172,0.047596923326198,0.120893143911589
OS9,OS9,OS9 endoplasmic reticulum lectin,protein_coding,47.6283022698563,-0.232738533482641,0.171021909651081,-1.36086969182764,0.173554873009153,0.314774427472874
TMBIM4,TMBIM4,transmembrane BAX inhibitor motif containing 4,protein_coding,12.3591017297774,-0.0731839372548337,0.3507301241479,-0.208661680922431,0.834712355818127,0.895916019826798
LYZ,LYZ,lysozyme,protein_coding,31.4466138781555,0.126138827214548,0.508513920054429,0.248053833415311,0.804092755012289,0.878900651101883
NAP1L1,NAP1L1,nucleosome assembly protein 1 like 1,protein_coding,16.7909454626384,-0.142186583807286,0.334680423341785,-0.42484284675976,0.670951240722484,0.786734861909107
BTG1,BTG1,BTG anti-proliferation factor 1,protein_coding,15.9325290468112,0.593232278247218,0.317070485426502,1.87097918448399,0.0613479662531761,0.146314899513825
NDUFA12,NDUFA12,NADH:ubiquinone oxidoreductase subunit A12,protein_coding,16.0700834171036,-0.0537041772613906,0.25793881191862,-0.208205104388611,0.835068823199542,0.895916019826798
METAP2,METAP2,methionyl aminopeptidase 2,protein_coding,14.0628719556361,0.197906021571288,0.312735221833684,0.632822936958911,0.526849276521101,0.68105170588419
SNRPF,SNRPF,small nuclear ribonucleoprotein polypeptide F,protein_coding,22.7426562526918,-0.514714749811234,0.246931696523357,-2.08444179932384,0.0371199990477906,0.099809693042819
AMDHD1,AMDHD1,amidohydrolase domain containing 1,protein_coding,21.4475370612472,2.11890098632788,0.382114766747646,5.54519524163597,2.93626342993496e-08,8.23880974164103e-07
HAL,HAL,histidine ammonia-lyase,protein_coding,29.8793190641642,1.3898027101153,0.470283100217853,2.95524697670719,0.00312418842205695,0.0144103627060862
TMPO,TMPO,thymopoietin,protein_coding,9.24293011063227,0.0641293773791537,0.336149548314258,0.190776330656261,0.848700833481914,0.904446598683809
SLC25A3,SLC25A3,solute carrier family 25 member 3,protein_coding,18.0858275836725,0.158791194848614,0.251447374878165,0.631508660313333,0.527707988458693,0.68105170588419
NR1H4,NR1H4,nuclear receptor subfamily 1 group H member 4,protein_coding,10.2699434912831,0.582303414344896,0.322852499444912,1.80362058632368,0.0712908065750762,0.164437692148507
CHPT1,CHPT1,choline phosphotransferase 1,protein_coding,10.1135515129145,0.152611324174811,0.315576588367215,0.483595202560552,0.628673180156455,0.75421807579132
PAH,PAH,phenylalanine hydroxylase,protein_coding,78.9954583328836,1.52148488076846,0.42742414390763,3.559660591137,0.000371334404014419,0.0025577199078097
HSP90B1,HSP90B1,heat shock protein 90 beta family member 1,protein_coding,327.288588214205,-0.368230984680507,0.265816940993039,-1.38528034859204,0.165966760253764,0.305189455054146
TMEM263,TMEM263,transmembrane protein 263,protein_coding,14.9536617060063,0.0708875307391726,0.3048552977801,0.232528452860627,0.816127590567006,0.88397426912158
ISCU,ISCU,iron-sulfur cluster assembly enzyme,protein_coding,10.2111736982133,0.447496503344827,0.306800324225413,1.45859201575042,0.144677432451473,0.275796322855791
UNG,UNG,uracil DNA glycosylase,protein_coding,12.1830683655436,-0.807584032552106,0.291124685707434,-2.77401427017319,0.00553692493782192,0.0224967052414059
ATP2A2,ATP2A2,ATPase sarcoplasmic/endoplasmic reticulum Ca2+ transporting 2,protein_coding,9.4988488728793,-0.75606027435234,0.305277356001546,-2.47663398378133,0.0132627834722881,0.0446775968663944
ARPC3,ARPC3,actin related protein 2/3 complex subunit 3,protein_coding,15.8700273239273,-0.369801519735717,0.262473872901085,-1.40890792538075,0.15886239576582,0.296005323360531
ALDH2,ALDH2,aldehyde dehydrogenase 2 family member,protein_coding,29.6204884859981,1.71938936302081,0.331671950653163,5.18400594212086,2.17170009180474e-07,4.54061069867849e-06
ERP29,ERP29,endoplasmic reticulum protein 29,protein_coding,29.7626799800961,0.399347873346258,0.230958129121708,1.72909208636607,0.0837926152781531,0.187824612254131
RPL6,RPL6,ribosomal protein L6,protein_coding,45.6412782879881,-0.108451912619342,0.262381385244081,-0.413336916101934,0.679359786536847,0.792945565078863
PTPN11,PTPN11,protein tyrosine phosphatase non-receptor type 11,protein_coding,15.0608492390191,-0.0435261422754317,0.2988987589775,-0.145621689512295,0.88422004475139,0.929267166174141
PLBD2,PLBD2,phospholipase B domain containing 2,protein_coding,19.2810815018704,-0.332918442314176,0.292348174639719,-1.13877380190403,0.254797511447075,0.413959172207952
PEBP1,PEBP1,phosphatidylethanolamine binding protein 1,protein_coding,180.581242451119,0.556792803054717,0.201814266527857,2.75893678199337,0.00579897519602304,0.0233230284022174
RPLP0,RPLP0,ribosomal protein lateral stalk subunit P0,protein_coding,52.1788367541828,-0.520384796451084,0.268723876694064,-1.93650375565075,0.0528060330182653,0.130917244021375
COX6A1,COX6A1,cytochrome c oxidase subunit 6A1,protein_coding,40.315411803951,0.1073611474653,0.248890757460255,0.431358514718828,0.666207709519583,0.783870442626643
TRIAP1,TRIAP1,TP53 regulated inhibitor of apoptosis 1,protein_coding,14.3252506862779,0.134277815180832,0.296262772271512,0.45323890730953,0.650376718952092,0.773515669700786
SRSF9,SRSF9,serine and arginine rich splicing factor 9,protein_coding,17.8844465741726,-0.168241915774204,0.295586991215599,-0.569179026053585,0.569234652786309,0.711543315982886
DYNLL1,DYNLL1,dynein light chain LC8-type 1,protein_coding,21.1156616756431,-0.403608791310401,0.292407497794953,-1.3802956297428,0.167495640011351,0.306818050251208
MLEC,MLEC,malectin,protein_coding,15.3183833237491,-1.07056280638396,0.44877536510684,-2.38552043989556,0.0170549745996616,0.054189206391759
HPD,HPD,4-hydroxyphenylpyruvate dioxygenase,protein_coding,188.124001516998,5.16256775559075,0.785219398206885,6.5746818881193,4.87572949985492e-11,3.7511660829529e-09
RSRC2,RSRC2,arginine and serine rich coiled-coil 2,protein_coding,12.2246756110974,0.284794137215655,0.32649888702128,0.872266793353857,0.383062848647065,0.5480533257488
DENR,DENR,density regulated re-initiation and release factor,protein_coding,15.6482746393402,-0.11897560381597,0.311382076644883,-0.38208879938731,0.702395499486683,0.807978077442338
ARL6IP4,ARL6IP4,ADP ribosylation factor like GTPase 6 interacting protein 4,protein_coding,28.6191885878923,0.0481295286267059,0.204465744475884,0.235391648366714,0.813904767626847,0.883373473485994
TMED2,TMED2,transmembrane p24 trafficking protein 2,protein_coding,73.2375986879266,-0.362747509396765,0.274444903459613,-1.32174984787118,0.186251463636823,0.331499806547628
ZNF664,ZNF664,zinc finger protein 664,protein_coding,14.7547044266318,-0.38666185620599,0.299972348675469,-1.28899166177582,0.197400985398913,0.343650620566721
UBC,RPS27A,ribosomal protein S27a,protein_coding,39.6926157962289,0.741842011345416,0.278556384640638,2.66316642608087,0.0077409118378993,0.0293514701643717
RAN,RAN,"RAN, member RAS oncogene family",protein_coding,11.3457220723889,-0.348132050910483,0.327636254500225,-1.06255655816089,0.287983096422694,0.449208427055673
PXMP2,PXMP2,peroxisomal membrane protein 2,protein_coding,11.3832247214939,1.03691365073249,0.347816689524818,2.98120729097017,0.00287114374347125,0.0134531980907248
CRYL1,CRYL1,crystallin lambda 1,protein_coding,25.6600324807944,-0.386248907352191,0.658533628638403,-0.586528751995258,0.557520245865352,0.70390989221221
SAP18,SAP18,Sin3A associated protein 18,protein_coding,22.8183631262341,-0.441895973342928,0.54535133138538,-0.810295946688826,0.417770104383909,0.584388093229105
RPL21,RPL21,ribosomal protein L21,protein_coding,19.5978714062737,0.00747391915189801,0.318377006496903,0.0234750594401695,0.981271332685275,0.989988210006083
GTF3A,GTF3A,general transcription factor IIIA,protein_coding,12.3644042448823,0.0720860343977361,0.277091905552698,0.260152075730796,0.794746469755574,0.870724532128672
MTIF3,MTIF3,mitochondrial translational initiation factor 3,protein_coding,18.119577869072,0.210637794624711,0.314511216357368,0.669730628574373,0.503029523039934,0.661005736887186
POMP,NT5C3A,"5'-nucleotidase, cytosolic IIIA",protein_coding,49.6762161257334,0.164827893321661,0.204788934695559,0.804867184678194,0.420896326690773,0.587727013558252
HMGB1,HMGB1,high mobility group box 1,protein_coding,36.1339656513425,0.137655083124597,0.22071243908452,0.623685206396018,0.532834340384587,0.684334895970512
UFM1,UFM1,ubiquitin fold modifier 1,protein_coding,14.0343772539318,0.485018232375355,0.341162383662924,1.42166386331315,0.155123855434162,0.28994545079191
LHFP,LHFPL6,LHFPL tetraspan subfamily member 6,protein_coding,11.6534327973382,0.545267040726049,0.438482164641989,1.2435329979071,0.213671489047243,0.362296755894878
TPT1,TPT1,"tumor protein, translationally-controlled 1",protein_coding,133.567606952046,1.10075987755828,0.282549272513714,3.8958156493036,9.78688105820474e-05,0.000813300046126073
SLC25A30,SLC25A30,solute carrier family 25 member 30,protein_coding,17.7584557068547,0.334189524105673,0.399291439975536,0.836956394873249,0.402617078919306,0.567921079568717
ZC3H13,ZC3H13,zinc finger CCCH-type containing 13,protein_coding,23.428791519044,1.48058140607055,0.419053086681559,3.53315952829541,0.000410624612909162,0.00279156909757398
CPB2,CPB2,carboxypeptidase B2,protein_coding,91.1003979807994,0.800249084358063,0.293937000580806,2.72251905264328,0.00647862976066062,0.0254137039131177
ITM2B,ITM2B,integral membrane protein 2B,protein_coding,22.5117072837905,0.733685196741716,0.2912864836752,2.51877528776726,0.0117763786477614,0.0408236381902775
EBPL,EBPL,EBP like,protein_coding,18.1820937229351,0.871415022750851,0.351731948009455,2.47749750252265,0.0132307334762349,0.0446382233361176
COMMD6,COMMD6,COMM domain containing 6,protein_coding,11.8600202785809,0.424870114802142,0.364038819988205,1.16710112074286,0.243169535323993,0.399421034261517
TM9SF2,TM9SF2,transmembrane 9 superfamily member 2,protein_coding,23.6066166618384,-0.556455465681522,0.369164812322198,-1.5073361466419,0.13172451681727,0.256116220423606
BIVM-ERCC5,BIVM-ERCC5,BIVM-ERCC5 readthrough,protein_coding,13.7820624703298,-0.0366525429257543,0.415167142380848,-0.0882838239933052,0.929651095334527,0.96103431736514
ERCC5,ERCC5,"ERCC excision repair 5, endonuclease",protein_coding,12.1790335618301,-0.115892270848265,0.418083695072295,-0.277198733684711,0.78162751191985,0.861451763368227
ARGLU1,ARGLU1,arginine and glutamate rich 1,protein_coding,61.0637119377793,0.20217436387919,0.386527332372412,0.523053214990755,0.600937221693007,0.735369560665892
IRS2,IRS2,insulin receptor substrate 2,protein_coding,11.3561643615371,-0.0304762578390982,0.460359705709611,-0.0662009673329713,0.947217826645623,0.969993351889141
ANKRD10,ANKRD10,ankyrin repeat domain 10,protein_coding,17.1272867754215,-0.54374389466812,0.343647827672914,-1.58227071694356,0.113587782665646,0.230167257143216
F7,F7,coagulation factor VII,protein_coding,122.362241492504,-0.261666588788715,0.471912923174374,-0.554480659331357,0.579249938339423,0.719826132633922
F10,F10,coagulation factor X,protein_coding,20.8539085608336,-0.77195864059566,0.409254213605806,-1.88625703763483,0.0592603256830975,0.142619451820573
LAMP1,LAMP1,lysosomal associated membrane protein 1,protein_coding,30.2708433694363,-1.24729107708213,0.437237929368208,-2.85265982959077,0.00433550040151475,0.0186309341578607
UPF3A,UPF3A,UPF3A regulator of nonsense mediated mRNA decay,protein_coding,18.56656530364,-0.851346938757516,0.389471038787619,-2.18590563603309,0.028822509826103,0.082721643724736
APEX1,APEX1,apurinic/apyrimidinic endodeoxyribonuclease 1,protein_coding,32.7969836509792,-0.344483021235524,0.207105921636242,-1.66331806697719,0.0962487840726332,0.206991298479017
RNASE4,ANG,angiogenin,protein_coding,31.9490153787556,1.32227083987053,0.318816714386264,4.14743261631047,3.36224380286415e-05,0.000331361630984752
ANG,ANG,angiogenin,protein_coding,46.0208916007801,1.68328062598617,0.358052074280202,4.70121735607899,2.58615050340373e-06,3.6714100896535e-05
NDRG2,NDRG2,NDRG family member 2,protein_coding,16.513980665577,1.19882698591182,0.355049112395766,3.37651030253953,0.000734116226581797,0.00449942083861174
HNRNPC,HNRNPC,heterogeneous nuclear ribonucleoprotein C,protein_coding,46.3367615174504,-0.297342444536731,0.173558528338921,-1.71321137245464,0.0866736601800159,0.193012772669783
DAD1,DAD1,defender against cell death 1,protein_coding,34.6181643790752,-0.658904364963496,0.221884056381363,-2.96958860275659,0.00298198803974433,0.0138366565657397
PSMB5,PSMB5,proteasome 20S subunit beta 5,protein_coding,10.9179049168517,-0.625005211959269,0.293809491476186,-2.12724649846762,0.0333996075146419,0.0923036661905225
ACIN1,ACIN1,apoptotic chromatin condensation inducer 1,protein_coding,15.957058221483,-0.286561045753592,0.260957053127238,-1.09811573329605,0.272153956024695,0.432830565238197
BCL2L2-PABPN1,BCL2L2-PABPN1,BCL2L2-PABPN1 readthrough,protein_coding,47.5799985551855,-0.360924067998447,0.194478978423913,-1.85585131577423,0.0634747538636955,0.149297128170526
PABPN1,PABPN1,poly(A) binding protein nuclear 1,protein_coding,48.2762220182959,-0.361973100415283,0.194909181780193,-1.85713724263383,0.0632916308120185,0.149013365732146
DHRS4,DHRS4,dehydrogenase/reductase 4,protein_coding,13.1581551516511,0.599727682154761,0.309006024182919,1.94082844740835,0.0522790892626474,0.12988086238689
PCK2,PCK2,"phosphoenolpyruvate carboxykinase 2, mitochondrial",protein_coding,18.0826430287311,1.6345171458676,0.323683943302093,5.04973193663213,4.42430467702032e-07,8.32065704661432e-06
DCAF11,DCAF11,DDB1 and CUL4 associated factor 11,protein_coding,12.6893509202298,0.454932956144715,0.338339746688453,1.34460393908027,0.178753170617577,0.322242110296993
PSME1,PSME1,proteasome activator subunit 1,protein_coding,52.7825882267073,0.0164355451537225,0.187116782228709,0.0878357620196442,0.930007213617922,0.96103431736514
PSME2,PSME2,proteasome activator subunit 2,protein_coding,23.0539107101261,-0.205850987694048,0.238883966433092,-0.861719565225419,0.38884185639837,0.552829972502514
CHMP4A,CHMP4A,charged multivesicular body protein 4A,protein_coding,14.9197093626957,0.386437271536277,0.326943124834754,1.18197093678478,0.237217232988918,0.39234611697543
NEDD8-MDP1,NEDD8-MDP1,NEDD8-MDP1 readthrough,protein_coding,52.1624480620821,-0.427713838635383,0.185617347006032,-2.30427729700007,0.0212070825473331,0.06410505941114
NEDD8,NEDD8,NEDD8 ubiquitin like modifier,protein_coding,13.4926146577187,-0.475321656658194,0.272619621310245,-1.74353428551377,0.0812403307932301,0.182963351219881
NOP9,LTB4R2,leukotriene B4 receptor 2,protein_coding,17.8891353215804,1.26904031679644,0.334884095933682,3.78949114695416,0.000150956190928656,0.0011921540243869
CIDEB,CIDEB,cell death inducing DFFA like effector b,protein_coding,31.3192712406888,1.36232076976171,0.331314412796171,4.11186690691848,3.9247254002623e-05,0.000377438309662322
SPTSSA,SPTSSA,serine palmitoyltransferase small subunit A,protein_coding,10.8087582898337,-0.171101298953875,0.320205430577731,-0.534348523212632,0.593100426685539,0.729522701209392
EAPP,EAPP,E2F associated phosphoprotein,protein_coding,10.7644792383201,0.180406087527311,0.289655410166875,0.62283002904512,0.533396222728256,0.684687831650641
SRP54,SRP54,signal recognition particle 54,protein_coding,22.4145636573979,0.0870535472726727,0.2183610167629,0.398667988284725,0.690137858180172,0.800573342295579
NFKBIA,NFKBIA,NFKB inhibitor alpha,protein_coding,34.2364118786544,0.598535907859134,0.385539514750275,1.55246319757087,0.120551432017607,0.239995964409009
PNN,PNN,"pinin, desmosome associated protein",protein_coding,150.925198628098,0.289692634227579,0.22333704601795,1.29710963493399,0.194593466849005,0.340141058025104
CTAGE5,MIA2,MIA SH3 domain ER export factor 2,protein_coding,14.9177628332027,0.794733907512233,0.271260197078889,2.92978445076151,0.00339197203331932,0.0152927283543792
FKBP3,FKBP3,FKBP prolyl isomerase 3,protein_coding,15.4890138535574,-0.134381857840345,0.263197042302358,-0.510575106258104,0.609648610795999,0.740222039618818
RPL36AL,RPL36AL,ribosomal protein L36a like,protein_coding,89.1569901181896,0.251341887948938,0.187628407675809,1.3395726748543,0.180384312433682,0.324446896798138
ARF6,ARF6,ADP ribosylation factor 6,protein_coding,15.3220532918031,0.242933070685601,0.266853407840729,0.910361507658151,0.362631890650468,0.525761130213596
PYGL,PYGL,glycogen phosphorylase L,protein_coding,15.6821755398597,0.200937330543739,0.339034022912606,0.592676005840085,0.553398002215397,0.700559572868218
GNPNAT1,GNPNAT1,glucosamine-phosphate N-acetyltransferase 1,protein_coding,13.2166243486108,1.01648588940582,0.376670103315773,2.69861048290757,0.0069629621236357,0.0270027067721482
CNIH1,CNIH1,cornichon family member 1,protein_coding,12.2365113985331,0.026489401436645,0.299717664632448,0.0883811819004049,0.929573717428859,0.96103431736514
KTN1,KTN1,kinectin 1,protein_coding,13.4662883505559,-0.192115329288487,0.341480457136601,-0.562595385104677,0.573710435224488,0.714143730694366
PSMA3,PSMA3,proteasome 20S subunit alpha 3,protein_coding,14.0463968074064,0.0679674650822721,0.278876528840839,0.243718843478085,0.80744857837828,0.880550918807589
DHRS7,DHRS7,dehydrogenase/reductase 7,protein_coding,36.1168377141826,-1.26737390428258,0.363985999954747,-3.48193036116814,0.000497813135828209,0.00331643667304547
MTHFD1,MTHFD1,"methylenetetrahydrofolate dehydrogenase, cyclohydrolase and formyltetrahydrofolate synthetase 1",protein_coding,12.9874784052687,2.0728081992797,0.415440768966122,4.98941932068475,6.05610606320507e-07,1.10345234073701e-05
RDH11,RDH11,retinol dehydrogenase 11,protein_coding,15.8650971803442,-0.425138218355182,0.271676055134056,-1.56487187707949,0.117612954017657,0.23552216232755
ZFP36L1,ZFP36L1,ZFP36 ring finger protein like 1,protein_coding,49.0712728671452,0.888959948797885,0.323708570258042,2.74617365888477,0.0060294838596873,0.023967198342257
ERH,ERH,ERH mRNA splicing and mitosis factor,protein_coding,23.4117093540213,-0.571634988171119,0.235151185247009,-2.43092539623247,0.0150603152041308,0.0493154579500954
SRSF5,SRSF5,serine and arginine rich splicing factor 5,protein_coding,117.94280356927,1.15635261631397,0.245453036683456,4.71109517298513,2.4638913117461e-06,3.55148269201208e-05
SLC10A1,SLC10A1,solute carrier family 10 member 1,protein_coding,26.7554357723566,3.11012374801172,0.857076456218344,3.62875881777739,0.000284787144392085,0.0020582343617428
SMOC1,SMOC1,SPARC related modular calcium binding 1,protein_coding,9.80835400088117,0.505022843756064,0.305906738111794,1.65090460861801,0.0987580546400822,0.210261728548055
SYNJ2BP-COX16,SYNJ2BP-COX16,SYNJ2BP-COX16 readthrough,protein_coding,12.9666550839857,0.120807037182519,0.302795096624273,0.398972897941025,0.689913174107273,0.800573342295579
RBM25,RBM25,RNA binding motif protein 25,protein_coding,21.8053784510804,0.73064042283871,0.283275350575,2.57925873661663,0.00990125951295587,0.0357254219945533
ENTPD5,ENTPD5,ectonucleoside triphosphate diphosphohydrolase 5 (inactive),protein_coding,15.5268983826447,0.415197147893342,0.316230522869386,1.31295721907538,0.189197364257645,0.335036064950419
ALDH6A1,ALDH6A1,aldehyde dehydrogenase 6 family member A1,protein_coding,27.7159039144894,1.81218520134104,0.317625895720873,5.70540760610266,1.16065002744039e-08,3.69086708726045e-07
NPC2,NPC2,NPC intracellular cholesterol transporter 2,protein_coding,15.5482390998556,-0.0512079314414546,0.279596038740512,-0.183149702950477,0.854680557960045,0.908788734166165
TMED10,TMED10,transmembrane p24 trafficking protein 10,protein_coding,21.6110930850969,-0.438249817625388,0.270140078195332,-1.62230580724308,0.104737885885998,0.217785403520581
FOS,FOS,"Fos proto-oncogene, AP-1 transcription factor subunit",protein_coding,103.138239825591,4.05873221331911,0.707069582561635,5.74021611651681,9.45558035523056e-09,3.08925467770204e-07
AHSA1,AHSA1,activator of HSP90 ATPase activity 1,protein_coding,13.7257703148496,-0.382195959118805,0.342969307847629,-1.11437364910974,0.265118923101012,0.425510519243549
SLIRP,SLIRP,SRA stem-loop interacting RNA binding protein,protein_coding,15.4105548212989,-0.192038665619637,0.253775401056244,-0.756726872740025,0.449213511697009,0.612618768331231
SNW1,SNW1,SNW domain containing 1,protein_coding,24.4712976576948,-0.27036428267975,0.230358016966522,-1.17366995184302,0.240527250352376,0.396994804214821
CALM1,CALM1,calmodulin 1,protein_coding,13.8060128302552,0.877320154781135,0.303685844276078,2.88890697843517,0.00386583414998351,0.0169201010282083
PPP4R3A,PPP4R3A,protein phosphatase 4 regulatory subunit 3A,protein_coding,21.5303436999694,0.365991694827835,0.262360484100541,1.39499550049458,0.163017196414168,0.301158802050961
LGMN,LGMN,legumain,protein_coding,10.9614346895197,0.675588587375869,0.351719807683228,1.92081472984408,0.0547550687971227,0.13504740339311
SERPINA10,SERPINA10,serpin family A member 10,protein_coding,20.9963880843422,0.963162065495007,0.331618555612832,2.9044275393911,0.0036792535796636,0.0164019061448555
SERPINA6,SERPINA6,serpin family A member 6,protein_coding,24.5743349260229,0.914237866440591,0.385766817591444,2.36992355161256,0.0177917636136021,0.0556138351486775
SERPINA1,SERPINA1,serpin family A member 1,protein_coding,839.258086648763,-0.0622769476735811,0.250120054058864,-0.248988222507439,0.803369891661747,0.878900651101883
SERPINA11,SERPINA9,serpin family A member 9,protein_coding,37.1322079123457,1.79540061688345,0.48076251882195,3.73448541970962,0.000188099387545745,0.00143787512595065
SERPINA4,SERPINA4,serpin family A member 4,protein_coding,29.6947098353829,0.940175836321123,0.314545184773079,2.98900088710431,0.00279891319076102,0.0132448570634227
SERPINA5,SERPINA5,serpin family A member 5,protein_coding,29.3779085360161,0.11849721278246,0.34923755214636,0.339302609510902,0.734381777025452,0.827350277848702
SERPINA3,SERPINA3,serpin family A member 3,protein_coding,92.4523341671259,0.973079871872204,0.545074217365719,1.78522454533804,0.0742249021508047,0.169403245578631
HSP90AA1,HSP90AA1,heat shock protein 90 alpha family class A member 1,protein_coding,111.400296786655,-0.0166249427047478,0.319832889504093,-0.0519800910110437,0.95854455703645,0.976978106210228
EIF5,EIF5,eukaryotic translation initiation factor 5,protein_coding,25.9298792265989,0.879031228371509,0.285135071176704,3.08285902798241,0.00205022252203987,0.0104930916632298
SNURF,RNF4,ring finger protein 4,protein_coding,21.1259154232358,-0.812371627628187,0.477932106679563,-1.69976366156303,0.0891753892721857,0.197111495286527
EMC7,EMC7,ER membrane protein complex subunit 7,protein_coding,9.62699126608061,-0.159063357254199,0.300663812417492,-0.529040578496119,0.596777300774575,0.732911360632009
GOLGA8A,GOLGA8A,golgin A8 family member A,protein_coding,21.9050376335449,0.377122335587973,0.411442652332156,0.916585418284546,0.359359928262327,0.522605749332714
GOLGA8B,GOLGA8A,golgin A8 family member A,protein_coding,14.9324941674309,-0.177744696311172,0.308988833605908,-0.575246342195885,0.565124705125203,0.709090851929656
ZNF770,ZNF770,zinc finger protein 770,protein_coding,12.4774579851409,-0.166228330065462,0.268782490004797,-0.618449252637309,0.536279239812747,0.686758303069398
THBS1,THBS1,thrombospondin 1,protein_coding,32.7413591063543,3.15508602064132,0.874667985792633,3.60718132124402,0.000309541356893905,0.0021971908815237
SRP14,SRP14,signal recognition particle 14,protein_coding,62.1061923012651,-0.606975472926079,0.158111006300896,-3.83891980151568,0.000123576783475044,0.00100248513125164
CHP1,CHP1,calcineurin like EF-hand protein 1,protein_coding,22.7281198234217,0.757586735507149,0.271669286351991,2.78863593923376,0.00529305284719311,0.0216906031624666
PDIA3,PDIA3,protein disulfide isomerase family A member 3,protein_coding,75.3200393385712,-0.873789290923677,0.268858684106671,-3.24999467220853,0.0011540717056586,0.00649165334432962
SERF2,SERF2,small EDRK-rich factor 2,protein_coding,25.9537048356043,-0.263473103161461,0.214618562758545,-1.22763427252041,0.219584290132019,0.369329007027409
HYPK,HYPK,huntingtin interacting protein K,protein_coding,14.7699452861056,-0.0939660811394698,0.283392992901354,-0.331575174733338,0.740210067735896,0.829714172388389
MFAP1,MFAP1,microfibril associated protein 1,protein_coding,16.1380070195825,-0.211931663637702,0.259507803172134,-0.816667788201828,0.414118304298367,0.579960161921084
EIF3J,EIF3J,eukaryotic translation initiation factor 3 subunit J,protein_coding,18.7330715070476,-0.165498312824527,0.237882549293165,-0.6957143906364,0.486607711510647,0.647272388149968
B2M,B2M,beta-2-microglobulin,protein_coding,193.996008122886,0.762402083781709,0.286075977850569,2.66503356734115,0.00769806383920044,0.0292821088620304
SORD,SORD,sorbitol dehydrogenase,protein_coding,37.5523282424067,1.31887326906998,0.244441723835364,5.39545069629055,6.83517604315637e-08,1.80405084727936e-06
GATM,GATM,glycine amidinotransferase,protein_coding,71.3442089997267,0.358834361265943,0.425259239494845,0.843801446130114,0.398780367280117,0.564780983350996
EID1,EID1,EP300 interacting inhibitor of differentiation 1,protein_coding,28.7883358999933,0.306749506922967,0.218137915539973,1.40621819991104,0.159659341402874,0.297026153857921
SLC27A2,SLC27A2,solute carrier family 27 member 2,protein_coding,33.7503883072304,1.40391698956745,0.298044048641522,4.71043456820046,2.47189151729143e-06,3.55148269201208e-05
LEO1,LEO1,"LEO1 homolog, Paf1/RNA polymerase II complex component",protein_coding,13.3655938376599,-0.618047673996573,0.280429743185116,-2.20393053524494,0.0275292297093425,0.0794881511583317
RSL24D1,RSL24D1,ribosomal L24 domain containing 1,protein_coding,9.12172512094025,-0.12596222479281,0.318340829130723,-0.3956835355891,0.692338503006568,0.801955963900275
CCPG1,CCPG1,cell cycle progression 1,protein_coding,11.9984220269758,0.499520800124658,0.295927697902648,1.68798258380325,0.0914145722198125,0.200021793343351
AQP9,AQP9,aquaporin 9,protein_coding,45.4621283093224,1.27740472428014,0.50630213222155,2.52300877872102,0.0116355496262976,0.0404530406103786
SLTM,SLTM,SAFB like transcription modulator,protein_coding,16.166302298586,0.160466547609761,0.255379317146437,0.628345902881979,0.529777367242629,0.682245691616453
FAM96A,CIAO2A,cytosolic iron-sulfur assembly component 2A,protein_coding,20.5964953123303,-0.201047368318788,0.282935090607128,-0.710577708432617,0.477345960779521,0.638491229008709
SNX22,SNX22,sorting nexin 22,protein_coding,16.9199387709028,-0.890067016116966,0.264021070344446,-3.37119690847314,0.000748423426185253,0.00455354559043834
PPIB,PPIB,peptidylprolyl isomerase B,protein_coding,79.6676125234233,-0.835762980628349,0.220141318432999,-3.79648394303006,0.000146762864021736,0.0011706669922804
SPG21,SPG21,"SPG21 abhydrolase domain containing, maspardin",protein_coding,10.7444109041617,-0.30824365315236,0.287801232019062,-1.07102965122798,0.28415609752922,0.445863350399467
CLPX,CLPX,caseinolytic mitochondrial matrix peptidase chaperone subunit X,protein_coding,10.2988322986858,0.484220308445019,0.299997617098457,1.61408051546657,0.106509963101592,0.219555974068536
HACD3,HACD3,3-hydroxyacyl-CoA dehydratase 3,protein_coding,10.7113955737892,-0.369609255278028,0.337875037311754,-1.0939229432833,0.273988775294932,0.434772607503933
MAP2K1,MAP2K1,mitogen-activated protein kinase kinase 1,protein_coding,11.3917425495167,1.07500988458118,0.341916319212804,3.14407304996784,0.0016661384223776,0.00883053363860126
RPL4,RPL4,ribosomal protein L4,protein_coding,46.7100136817222,-0.148971859106075,0.224592330813903,-0.663298958456034,0.507139103508214,0.664940495803788
ANP32A,ANP32A,acidic nuclear phosphoprotein 32 family member A,protein_coding,18.46148949101,-0.308829448563604,0.242472463013614,-1.27366813008479,0.202781055700421,0.349612605666047
RPLP1,RPLP1,ribosomal protein lateral stalk subunit P1,protein_coding,76.5727260310167,-0.873480925237771,0.206186740008322,-4.23635838658934,2.27174083815292e-05,0.000238682903039414
NPTN,NPTN,neuroplastin,protein_coding,11.4572523799631,-0.792743947746998,0.297458207640758,-2.66505992231486,0.00769746055773477,0.0292821088620304
COX5A,COX5A,cytochrome c oxidase subunit 5A,protein_coding,15.4747063584928,-0.392916231602844,0.266002254947625,-1.47711616835808,0.139644500213745,0.268157917077119
ETFA,ETFA,electron transfer flavoprotein subunit alpha,protein_coding,16.6904581507049,0.405695466105134,0.308177152518573,1.31643589665747,0.188027780747235,0.333417291510897
PSMA4,PSMA4,proteasome 20S subunit alpha 4,protein_coding,10.9095338627865,-0.393232360821118,0.30550373165948,-1.28716058126394,0.198038323450013,0.344508680837551
MORF4L1,MORF4L1,mortality factor 4 like 1,protein_coding,20.2527704917058,-0.117737149946952,0.265501716407547,-0.443451558581357,0.657439150047068,0.776233847951612
MTHFS,MTHFS,methenyltetrahydrofolate synthetase,protein_coding,13.0351021193953,0.918898796368995,0.303006693323573,3.03260230422609,0.00242454898112452,0.0119227821030556
ST20-MTHFS,ST20-MTHFS,ST20-MTHFS readthrough,protein_coding,21.5257686137012,0.827359197184804,0.284765664016349,2.90540364142112,0.00366779763512598,0.0163814557299166
ZFAND6,ZFAND6,zinc finger AN1-type containing 6,protein_coding,10.9808295731509,-0.17994504367957,0.296999179776366,-0.605877241193275,0.544596273293184,0.693203855115472
RPS17,RPS17,ribosomal protein S17,protein_coding,20.3913604897555,-0.508336971074871,0.234403254607874,-2.16864297351695,0.0301097999437837,0.085694359028549
SEC11A,SEC11A,"SEC11 homolog A, signal peptidase complex subunit",protein_coding,17.0980539438594,-0.400922251573189,0.249588560823927,-1.60633263900272,0.10820084262512,0.222081763907841
ABHD2,ABHD2,"abhydrolase domain containing 2, acylglycerol lipase",protein_coding,10.0897553864729,0.509998254280248,0.306295722633158,1.66505183257508,0.0959024152863805,0.206432545539727
ANPEP,ANPEP,"alanyl aminopeptidase, membrane",protein_coding,35.3336863964897,0.132333133695664,0.363604663463758,0.363947844989217,0.715896955938884,0.817856599487075
IDH2,IDH2,isocitrate dehydrogenase (NADP(+)) 2,protein_coding,16.3755923111948,-0.377980219537963,0.399343602152066,-0.946503756416841,0.343891707218864,0.506981552683264
FURIN,FURIN,"furin, paired basic amino acid cleaving enzyme",protein_coding,23.1445911944482,-0.505374522491371,0.266809363235701,-1.89414088157364,0.058206312612014,0.140650512238757
STUB1,STUB1,STIP1 homology and U-box containing protein 1,protein_coding,13.5044536305696,-0.279151536059341,0.295819286254306,-0.943655633795845,0.345345652643758,0.507621066644854
TSR3,TSR3,TSR3 ribosome maturation factor,protein_coding,20.6174225522179,-0.0872295496103794,0.310079409706989,-0.281313582520063,0.778469893450953,0.859167662334363
MRPS34,MRPS34,mitochondrial ribosomal protein S34,protein_coding,14.7732876616111,-0.121991559639126,0.305797248142981,-0.398929553421249,0.689945112470116,0.800573342295579
NDUFB10,NDUFB10,NADH:ubiquinone oxidoreductase subunit B10,protein_coding,21.2237295469078,0.203971977621671,0.321711508627481,0.634021389200148,0.526066863315047,0.68105170588419
RPS2,RPS2,ribosomal protein S2,protein_coding,104.552911906562,-0.483417972008303,0.355852174565313,-1.35847974681851,0.174311504864113,0.31588475310606
SLC9A3R2,NHERF2,NHERF family PDZ scaffold protein 2,protein_coding,20.6920113433261,0.631520413502202,0.248796833424627,2.53829763349267,0.0111393204586933,0.0391097775208111
ATP6V0C,ATP6V0C,ATPase H+ transporting V0 subunit c,protein_coding,26.0079875460882,-0.184448317216344,0.289530580783962,-0.63705988057259,0.524085839871333,0.679940817065592
SRRM2,SRRM2,serine/arginine repetitive matrix 2,protein_coding,39.8055610686324,1.08764483201608,0.332452169523609,3.27158289739734,0.00106947229862412,0.00613146978898684
IL32,IL32,interleukin 32,protein_coding,89.6013181349601,1.22438721727417,0.61213830776524,2.00018068097077,0.0454807571406911,0.117013598468768
ABAT,ABAT,4-aminobutyrate aminotransferase,protein_coding,12.6913974294575,1.54411453038176,0.34516853770372,4.4735089143819,7.69463487180041e-06,9.41989853524277e-05
PDXDC1,PDXDC1,pyridoxal dependent decarboxylase domain containing 1,protein_coding,8.88999042476705,0.667484043704103,0.332026219703415,2.01033534128822,0.0443957088142947,0.115341792507726
RRN3,RRN3,"RRN3 homolog, RNA polymerase I transcription factor",protein_coding,14.9589102061079,0.714569498104723,0.296031291272374,2.41383096710293,0.0157857838082263,0.0512930441180105
NPIPA5,NPIPA5,nuclear pore complex interacting protein family member A5,protein_coding,19.6293569793501,-0.0425372469025426,0.257917227502678,-0.164925962156215,0.869002257372834,0.917611418125806
ABCC6,ABCC6,ATP binding cassette subfamily C member 6,protein_coding,12.6265223087477,0.214846071547567,0.375446177619525,0.572241999931322,0.567158037216838,0.710063999350214
NPIPA7,NPIPA8,nuclear pore complex interacting protein family member A8,protein_coding,15.7502434679373,0.191138650584445,0.30820890982506,0.620159393487151,0.535152852564669,0.686204060949857
RPS15A,RPS15A,ribosomal protein S15a,protein_coding,10.8799378805128,0.258549063299981,0.31014973406316,0.833626583885218,0.404491440504634,0.569824031661874
ARL6IP1,ARL6IP1,ADP ribosylation factor like GTPase 6 interacting protein 1,protein_coding,46.4512109975138,0.60365673241874,0.316720723138874,1.9059590620916,0.0566555172172204,0.137873943897094
ACSM2A,ACSM2A,acyl-CoA synthetase medium chain family member 2A,protein_coding,62.6075233194895,1.39580558791522,0.701928508418767,1.98852955988289,0.0467531531202082,0.119513687236545
ACSM2B,ACSM2B,acyl-CoA synthetase medium chain family member 2B,protein_coding,44.9436393141739,1.52737904087778,0.582814248216987,2.62069612325114,0.00877504403835743,0.032598878553711
NDUFAB1,NDUFAB1,NADH:ubiquinone oxidoreductase subunit AB1,protein_coding,8.53394112708252,0.542148798736791,0.350979003108848,1.54467587500856,0.122424683112001,0.242251932000846
NUPR1,NUPR1,"nuclear protein 1, transcriptional regulator",protein_coding,20.9658459305668,-1.23111522801695,0.438255026919266,-2.80912973587807,0.00496756237870218,0.0207102742333967
EIF3C,EIF3C,eukaryotic translation initiation factor 3 subunit C,protein_coding,18.2949594854957,-0.0100659521875394,0.267576606118896,-0.0376189545623679,0.969991495062746,0.984019445225287
TUFM,TUFM,"Tu translation elongation factor, mitochondrial",protein_coding,23.8001300563492,0.200440945056363,0.254458595933953,0.787715362181707,0.4308632177113,0.597446961768285
QPRT,QPRT,quinolinate phosphoribosyltransferase,protein_coding,19.8140242822168,-0.114918176078382,0.321992630376421,-0.356896913895324,0.721168980085357,0.81943211886783
MAZ,MAZ,MYC associated zinc finger protein,protein_coding,10.0153029121062,-1.05610603924218,0.30652958488507,-3.44536413879319,0.000570290569782286,0.00365629841110417
SEPHS2,SEPHS2,selenophosphate synthetase 2,protein_coding,93.2358727250287,-0.104853730366847,0.315466189348946,-0.332377078454088,0.739604544400731,0.829706885416624
VKORC1,VKORC1,vitamin K epoxide reductase complex subunit 1,protein_coding,10.7122680718002,0.318004724255413,0.430315242548328,0.739004090053117,0.459904513770611,0.621457374131959
FUS,FUS,FUS RNA binding protein,protein_coding,22.2143849944336,0.276337687768519,0.28771052297386,0.960471257402101,0.336818090068106,0.501480203384559
C16orf58,RUSF1,RUS family member 1,protein_coding,12.4626724354867,0.285500110092166,0.285388864500967,1.00038980354539,0.317121902536993,0.480518257656118
GPT2,GPT2,glutamic--pyruvic transaminase 2,protein_coding,52.8015350025109,2.85919195039954,0.496191911480119,5.762270372104,8.29899114913052e-09,2.82758484152519e-07
DNAJA2,DNAJA2,DnaJ heat shock protein family (Hsp40) member A2,protein_coding,11.3415343536063,0.339588499662929,0.285320428620148,1.19020043992373,0.233967620333963,0.388588283075558
LONP2,LONP2,"lon peptidase 2, peroxisomal",protein_coding,12.411831568184,0.690419453625577,0.319477380335868,2.16109025590399,0.0306883681295943,0.0868951337861139
RBL2,RBL2,RB transcriptional corepressor like 2,protein_coding,14.7770594320697,1.46736532437772,0.306814475184769,4.78258179798736,1.7305792787149e-06,2.69766769917323e-05
CES1,CES1,carboxylesterase 1,protein_coding,237.024707323599,0.578061763866189,0.264075809595783,2.18899930573353,0.0285968904797388,0.0822721155538928
MT2A,MT2A,metallothionein 2A,protein_coding,362.690884021587,3.00512326578771,0.44735883149142,6.71747835125805,1.84896224965176e-11,1.57491963050695e-09
MT1E,MT1E,metallothionein 1E,protein_coding,169.623617756372,3.82033095248762,0.498823062784819,7.65868949835551,1.87839924646715e-14,4.02144029925459e-12
MT1G,MT1G,metallothionein 1G,protein_coding,119.224210841318,5.12314144938125,0.649377441926846,7.88931231454508,3.03856230122681e-15,1.16186141659233e-12
MT1X,MT1X,metallothionein 1X,protein_coding,142.852299269456,3.72192369159414,0.489337760016773,7.60604227939934,2.82616868955074e-14,4.8145802318418e-12
HERPUD1,HERPUD1,homocysteine inducible ER protein with ubiquitin like domain 1,protein_coding,17.3435350127198,0.249596913262578,0.264041752523996,0.945293351815242,0.344509131579297,0.507322723320472
FAM192A,PSME3IP1,proteasome activator subunit 3 interacting protein 1,protein_coding,17.199347651727,-0.134526228712523,0.250797225471299,-0.536394405718488,0.591685996916108,0.728534384432068
GOT2,GOT2,glutamic-oxaloacetic transaminase 2,protein_coding,24.7226359223308,0.886654431175873,0.295435128537503,3.001181462628,0.00268934247587895,0.0128086704824822
FAM96B,CIAO2B,cytosolic iron-sulfur assembly component 2B,protein_coding,13.4767010473631,0.274778112683993,0.281580562879029,0.975841904265392,0.329142815320197,0.493093978981577
CES2,CES2,carboxylesterase 2,protein_coding,20.7021453776405,0.780641076685181,0.517946008096722,1.50718620180851,0.13176293604183,0.256116220423606
CDH1,CDH1,cadherin 1,protein_coding,22.5149235784681,0.783421134204686,0.4163248914091,1.88175425099639,0.0598693900191906,0.143650397581257
AARS,AARS1,alanyl-tRNA synthetase 1,protein_coding,10.8019059829625,-0.280441386553397,0.295689834254654,-0.948430936965777,0.342910116141627,0.506264666564482
MTSS1L,MTSS2,MTSS I-BAR domain containing 2,protein_coding,12.1537340079882,-0.371172813844922,0.291362637443728,-1.27392042130525,0.202691620282474,0.349612605666047
TAT,ATAT1,alpha tubulin acetyltransferase 1,protein_coding,383.840740498093,4.94182874928415,0.643541763077059,7.6791111825518,1.60196157096202e-14,3.82067834674442e-12
HP,DLC1,DLC1 Rho GTPase activating protein,protein_coding,2669.80974707202,1.91307569844244,0.597464911453591,3.2019883708117,0.00136482507787438,0.00738119684972879
HPR,HPR,haptoglobin-related protein,protein_coding,117.910431411298,1.84578740888564,0.416446647447472,4.43223020331424,9.32633653077002e-06,0.000110663246894958
PSMD7,PSMD7,"proteasome 26S subunit, non-ATPase 7",protein_coding,23.5612839443447,-0.108245033702842,0.239600513319203,-0.451772962433659,0.651432549563585,0.773738361906947
CFDP1,CFDP1,craniofacial development protein 1,protein_coding,25.2068515302223,0.224275794264258,0.265133581799156,0.845897350091815,0.397610010915201,0.563458036858439
GABARAPL2,GABARAPL2,GABA type A receptor associated protein like 2,protein_coding,13.5087643656047,0.0454410399396508,0.262476988677336,0.173123899998379,0.862554039115848,0.913901103194712
TERF2IP,TERF2IP,TERF2 interacting protein,protein_coding,16.0392838733943,0.521195582826057,0.253504832271848,2.05595916320502,0.0397864526001753,0.10614171079577
MAF,MAF,MAF bZIP transcription factor,protein_coding,16.4201469408932,1.33948657811753,0.320706029236226,4.17668037394736,2.95794202117569e-05,0.000301482552158292
GCSH,GCSH,glycine cleavage system protein H,protein_coding,31.2331984037956,0.843374937719149,0.283470107648719,2.97518120945674,0.00292815520375101,0.0136666343658437
COX4I1,COX4I1,cytochrome c oxidase subunit 4I1,protein_coding,28.1733078040342,0.592055106815565,0.232084546085638,2.55103201312293,0.0107404459776106,0.0381038836342621
RPL13,RPL13,ribosomal protein L13,protein_coding,20.4011908154102,0.379037141941664,0.242088817566056,1.56569454860607,0.117420143116105,0.235333648178077
YWHAE,YWHAE,tyrosine 3-monooxygenase/tryptophan 5-monooxygenase activation protein epsilon,protein_coding,62.3454639763197,0.150375639757278,0.192914361586596,0.779494271554152,0.435688610729158,0.602283024302055
SERPINF2,SERPINF2,serpin family F member 2,protein_coding,78.7333805585479,0.551614764065894,0.355570291392254,1.55135222885472,0.120817296728993,0.240324647788698
SERPINF1,SERPINF1,serpin family F member 1,protein_coding,40.4185422880167,0.294474454257978,0.342070156033972,0.86085982382144,0.389315251486567,0.553017793207542
PELP1,PELP1,"proline, glutamate and leucine rich protein 1",protein_coding,10.8863911391473,-0.479619661846203,0.294743337626287,-1.6272451337113,0.103685045512988,0.216678819303197
TM4SF5,TM4SF5,transmembrane 4 L six family member 5,protein_coding,16.3613104666332,-1.07405321363063,0.481683185260552,-2.22979179364471,0.0257612684569319,0.0752027237084243
RNF167,RNF167,ring finger protein 167,protein_coding,10.4594894785507,-0.0626667666708245,0.296340926527011,-0.211468484644535,0.832521721741608,0.895204827030538
PFN1,PFN1,profilin 1,protein_coding,67.0722551804577,-0.159653923526878,0.214015831089728,-0.74599118539012,0.455672739781046,0.617520942142721
ENO3,ENO3,enolase 3,protein_coding,13.9255452249982,0.207701381924464,0.345538776617707,0.601094279367256,0.547777193389368,0.696401176030726
C1QBP,C1QBP,complement C1q binding protein,protein_coding,13.4132567931267,-0.00659303202110273,0.277899151342342,-0.0237245489569014,0.981072324278967,0.989988210006083
SLC13A5,SLC13A5,solute carrier family 13 member 5,protein_coding,11.3914237425219,1.42368245261328,0.603550321368689,2.35884631688167,0.0183318458478123,0.0569289744101984
XAF1,XAF1,XIAP associated factor 1,protein_coding,22.3091072438346,0.831006575899836,0.416710537497593,1.99420581224116,0.0461295672391537,0.118300019210088
RNASEK-C17orf49,RNASEK-C17orf49,RNASEK-C17orf49 readthrough,protein_coding,12.7029815172524,-0.237242429589071,0.275902383036604,-0.859878145951337,0.389856216421719,0.553456592955833
ASGR2,ASGR2,asialoglycoprotein receptor 2,protein_coding,100.769936758144,0.310920121980997,0.328525942992119,0.946409647741138,0.343939686474432,0.506981552683264
ASGR1,ASGR1,asialoglycoprotein receptor 1,protein_coding,51.3123583576397,0.547558675184275,0.410456440936515,1.33402383438043,0.18219604544599,0.32598467245963
ACADVL,ACADVL,acyl-CoA dehydrogenase very long chain,protein_coding,52.9803067887772,0.595051190100361,0.23788205962717,2.50145467477866,0.0123684273320602,0.0424441714920338
GABARAP,GABARAP,GABA type A receptor-associated protein,protein_coding,29.2180559879575,0.29108539744132,0.205715945667009,1.41498704195006,0.157072295355708,0.293127875135652
EIF5A,EIF5A,eukaryotic translation initiation factor 5A,protein_coding,54.6934971387481,0.0754326697253428,0.179484568764394,0.420273844401419,0.674285414927024,0.790255879410788
GPS2,GPS2,G protein pathway suppressor 2,protein_coding,36.2167012562834,-0.0401463145279823,0.216692413311042,-0.185268666837708,0.853018312805169,0.90742581446937
TMEM256,TMEM256,transmembrane protein 256,protein_coding,14.9323916799791,1.12510716515,0.332822249606574,3.38050465820714,0.000723528486521536,0.00444746247513882
POLR2A,POLR2A,RNA polymerase II subunit A,protein_coding,22.1901115696976,0.532073977658293,0.244561211261787,2.17562701342995,0.029583161735232,0.0844980128605129
SENP3-EIF4A1,SENP3-EIF4A1,SENP3-EIF4A1 readthrough (NMD candidate),protein_coding,28.7431032903877,-0.00809494506046166,0.298825835616042,-0.0270891740125936,0.97838860947993,0.988816568691915
EIF4A1,EIF4A1,eukaryotic translation initiation factor 4A1,protein_coding,19.6909068342547,0.0946184000478437,0.316465820571025,0.298984578736231,0.764951812068508,0.848957688126288
CD68,CD68,CD68 molecule,protein_coding,29.8929780131227,1.42600346880759,0.475232125515636,3.00064619423686,0.00269407394204837,0.0128086704824822
SAT2,SLC38A2,solute carrier family 38 member 2,protein_coding,26.1906837151639,0.735602743965455,0.329414279297415,2.23306271220049,0.0255448091097299,0.0747538278855287
RPL26,RPL26,ribosomal protein L26,protein_coding,125.742710655947,0.683205896278104,0.27030217165288,2.52756347498189,0.0114857059775392,0.0401074798776441
TMEM220,TMEM220,transmembrane protein 220,protein_coding,21.7645477483404,1.30785514299629,0.552166059394522,2.3685902469819,0.017856023506426,0.0557416440612905
UBB,UBB,ubiquitin B,protein_coding,143.969098036951,0.534215711193774,0.201896555421551,2.64598724865987,0.00814528868091126,0.0305814098918125
ALKBH5,ALKBH5,"alkB homolog 5, RNA demethylase",protein_coding,17.0585764449285,-0.217835474634637,0.27970505290315,-0.778804216704889,0.436095053426606,0.602283024302055
SLC47A1,SLC47A1,solute carrier family 47 member 1,protein_coding,9.64510020748691,0.214167580438232,0.362940509396209,0.590090042014112,0.555130284567186,0.701635256328955
ALDH3A2,ALDH3A2,aldehyde dehydrogenase 3 family member A2,protein_coding,17.4519936335989,0.6596847509518,0.315299331762352,2.09224912486976,0.0364162361237025,0.0983609548754592
WSB1,WSB1,WD repeat and SOCS box containing 1,protein_coding,14.5997295165837,0.736347898803273,0.309692724746906,2.37767257660007,0.0174222883008686,0.0548905648580868
TMEM97,TMEM97,transmembrane protein 97,protein_coding,15.2260462914261,-1.39621091065565,0.355956744236685,-3.92241735340536,8.76649684407968e-05,0.000738801942513429
POLDIP2,POLDIP2,DNA polymerase delta interacting protein 2,protein_coding,17.0769656912218,-0.374290847039315,0.252789006749688,-1.48064526955454,0.138701125401225,0.266775954904775
VTN,VTN,vitronectin,protein_coding,242.84086783528,-0.137239410153337,0.263604965690939,-0.520625284101219,0.602627832311313,0.736682409053041
RPL23A,RPL23A,ribosomal protein L23a,protein_coding,17.6217475046146,-0.461545859634553,0.282429950082205,-1.63419587582767,0.102217728255813,0.215537495085617
FLOT2,FLOT2,flotillin 2,protein_coding,12.1040771534621,-0.744491179281155,0.285331100141162,-2.60921847955878,0.00907492819130239,0.0332980057480865
PIPOX,PIPOX,pipecolic acid and sarcosine oxidase,protein_coding,36.6316313771396,0.653064396718829,0.242832835635519,2.68935786632681,0.00715896263459304,0.0276280354102013
MYO18A,MYO18A,myosin XVIIIA,protein_coding,11.8465331644854,0.518842921187008,0.321103784810078,1.61581066848492,0.10613525424242,0.218972821252744
NSRP1,NSRP1,nuclear speckle splicing regulatory protein 1,protein_coding,14.1395844003779,0.295014892175113,0.272822733145108,1.08134277805289,0.279544665256992,0.440075265107541
TAF15,TAF15,TATA-box binding protein associated factor 15,protein_coding,30.7771341489098,-0.217409648356354,0.212446764528174,-1.02336059972107,0.306137381117864,0.469982443710111
CCL16,CCL16,C-C motif chemokine ligand 16,protein_coding,25.7554545309438,1.3831711971717,0.984815192717267,1.40449823215593,0.160170537737273,0.297744920111766
CCL15-CCL14,CCL15-CCL14,CCL15-CCL14 readthrough (NMD candidate),protein_coding,32.9344555721992,2.00587313046609,0.391569621966826,5.12264746276978,3.01275312504122e-07,6.14138137027633e-06
PSMB3,PSMB3,proteasome 20S subunit beta 3,protein_coding,10.7623547147717,-0.509782933824656,0.288242148525941,-1.76859261017747,0.0769618848748127,0.175147037620638
RPL23,RPL23,ribosomal protein L23,protein_coding,59.153246838296,-0.307168306913742,0.195775018484488,-1.56898622353127,0.116651149112322,0.234383311400917
LASP1,LASP1,LIM and SH3 protein 1,protein_coding,13.1504825178058,-0.945847252954321,0.362099301998803,-2.61212117154936,0.00899823552580106,0.033079207978937
RPL19,RPL19,ribosomal protein L19,protein_coding,74.1038524416729,-0.228103532390732,0.16462566914361,-1.38558909784444,0.165872409106499,0.305189455054146
GSDMB,GSDMB,gasdermin B,protein_coding,12.2019698180226,0.88437484975875,0.34220841442104,2.58431649395579,0.00975722117623486,0.035312553118847
ORMDL3,ORMDL3,ORMDL sphingolipid biosynthesis regulator 3,protein_coding,21.700456739372,-0.136684516380766,0.237788538138741,-0.574815411418256,0.56541614270722,0.709090851929656
CASC3,CASC3,CASC3 exon junction complex subunit,protein_coding,11.7029680480299,-0.492739140645127,0.281668655281183,-1.74935737934076,0.0802292632694688,0.181028186279738
IGFBP4,IGFBP4,insulin like growth factor binding protein 4,protein_coding,105.483958972353,0.18287304018909,0.266861170772051,0.685274068385536,0.493170992176784,0.652127374463897
EIF1,EIF1,eukaryotic translation initiation factor 1,protein_coding,21.5465834433853,0.0610037721603931,0.290682684778652,0.20986379772447,0.83377397821854,0.895340359320674
RAB5C,RAB5C,"RAB5C, member RAS oncogene family",protein_coding,13.1603280725589,-0.527942975581558,0.293710778719158,-1.79749268271277,0.0722574387448326,0.16586524678193
G6PC,G6PC1,glucose-6-phosphatase catalytic subunit 1,protein_coding,152.900074036488,1.7961819168408,0.393461719464002,4.565074130433,4.99317865435613e-06,6.47213646230401e-05
RPL27,RPL27,ribosomal protein L27,protein_coding,35.8294245937226,-0.74794338028232,0.290843773879576,-2.57163277145485,0.0101220194939983,0.0361824687779458
NBR1,NBR1,NBR1 autophagy cargo receptor,protein_coding,15.5470816590268,0.326134953842908,0.248633183453327,1.311711290155,0.189617565921311,0.335239358578448
TMEM101,TMEM101,transmembrane protein 101,protein_coding,9.17056454730027,-1.40817866829801,0.341039276213949,-4.12908062652174,3.64216677243288e-05,0.000353112510254163
UBTF,UBTF,upstream binding transcription factor,protein_coding,11.1981791574533,-0.312982038117982,0.29403557032272,-1.06443597206442,0.287131245304662,0.448466286870739
KPNB1,KPNB1,karyopherin subunit beta 1,protein_coding,13.12425716904,-0.512582366982534,0.275997992065761,-1.85719600039845,0.0632832738244313,0.149013365732146
PNPO,PNPO,pyridoxamine 5'-phosphate oxidase,protein_coding,9.92949132048964,0.431381844452992,0.319718679745471,1.34925442828807,0.177255257794016,0.320025578984655
CDK5RAP3,CDK5RAP3,CDK5 regulatory subunit associated protein 3,protein_coding,17.3298399270208,-0.434389517362598,0.290141191090423,-1.49716596850676,0.134350078031813,0.259453389559412
NFE2L1,NFE2L1,NFE2 like bZIP transcription factor 1,protein_coding,37.4602323019986,-0.109133123063827,0.197960547629801,-0.551287235615822,0.581436787195093,0.720751942546932
CBX1,CBX1,chromobox 1,protein_coding,11.613118340877,-1.12138148725256,0.337317842677598,-3.32440608048224,0.000886070726668105,0.00521797205704551
CALCOCO2,CALCOCO2,calcium binding and coiled-coil domain 2,protein_coding,8.52298831780398,0.401190686757411,0.318655334818076,1.25901136093157,0.208026228367336,0.354894531227537
LUC7L3,LUC7L3,LUC7 like 3 pre-mRNA splicing factor,protein_coding,44.3732297018789,-0.115792636556659,0.213087379674519,-0.543404479108647,0.586851342441239,0.724076798614773
TOB1,TOB1,"transducer of ERBB2, 1",protein_coding,55.4665488149361,0.940874667188329,0.311664982519374,3.01886551252142,0.00253723134944409,0.0122890721066871
NME1-NME2,NME1-NME2,NME1-NME2 readthrough,protein_coding,49.4828137258864,-1.07997733767786,0.261172803740175,-4.13510642077521,3.54790183660309e-05,0.000348219995074007
NME2,NME2,NME/NM23 nucleoside diphosphate kinase 2,protein_coding,15.437783890568,-0.932612655637901,0.304526695351145,-3.0624988543698,0.00219497315685608,0.0110443269601303
HLF,EPAS1,endothelial PAS domain protein 1,protein_coding,15.5130446093256,1.6982548322769,0.448738655994954,3.78450755153128,0.000154013231455599,0.00120972469938219
AKAP1,AKAP1,A-kinase anchoring protein 1,protein_coding,13.7736316958374,-0.36907835156984,0.291533778619559,-1.26598829582445,0.205517272601987,0.352378644971775
SRSF1,SRSF1,serine and arginine rich splicing factor 1,protein_coding,91.2663412368164,-0.484827223085161,0.155540385086542,-3.11705042272722,0.0018267032595641,0.00959622747590389
DYNLL2,DYNLL2,dynein light chain LC8-type 2,protein_coding,12.1421198457001,0.00880879866854767,0.280740980955912,0.0313769604941682,0.974968914964973,0.987388901142871
VMP1,VMP1,vacuole membrane protein 1,protein_coding,34.3691352915174,0.799724150542554,0.317380697421327,2.5197630386479,0.0117433861291434,0.0407685238981179
TACO1,TACO1,translational activator of cytochrome c oxidase I,protein_coding,16.3299126099351,-0.201526797245654,0.284338287084836,-0.708757161449476,0.478475185874491,0.639307181126421
CCDC47,CCDC47,coiled-coil domain containing 47,protein_coding,26.0032884261174,-0.448207214256523,0.244201034697084,-1.83540260102704,0.0664460586209672,0.155062475353236
DDX42,DDX42,DEAD-box helicase 42,protein_coding,12.0772356674107,-0.0928297405775806,0.284604796075226,-0.326170682496314,0.744295221479992,0.832228834144295
FTSJ3,FTSJ3,FtsJ RNA 2'-O-methyltransferase 3,protein_coding,15.2401274436554,-0.39012785518982,0.258365686422991,-1.5099832357425,0.131047701898848,0.255559091601596
PSMC5,PSMC5,"proteasome 26S subunit, ATPase 5",protein_coding,12.3983330533121,-0.130302250814697,0.283653645086726,-0.45937097256359,0.645967789478544,0.769931623141593
DDX5,DDX5,DEAD-box helicase 5,protein_coding,123.844870012364,0.273558784201869,0.271102020340752,1.0090621377813,0.312944834704556,0.47600346350151
APOH,APOH,apolipoprotein H,protein_coding,1335.27033121332,0.854192092305422,0.379813255295401,2.24897915066464,0.0245138225839284,0.0722688094717791
PSMD12,PSMD12,"proteasome 26S subunit, non-ATPase 12",protein_coding,10.1868921326135,-0.0625867235933987,0.334598035344152,-0.187050481420266,0.851621052912033,0.907070609705114
PRKAR1A,PRKAR1A,protein kinase cAMP-dependent type I regulatory subunit alpha,protein_coding,26.767568754002,0.0891396451412649,0.241078691324642,0.369753314369985,0.711566303419299,0.815514480372431
RPL38,RPL38,ribosomal protein L38,protein_coding,18.3318731916823,-0.501413325730242,0.247301396035518,-2.02753940644244,0.0426072786626955,0.111834703673001
SLC9A3R1,NHERF1,NHERF family PDZ scaffold protein 1,protein_coding,30.6697882462357,-0.797027644040627,0.297332287195134,-2.68059567818664,0.00734912520057018,0.0282405745766983
ATP5H,ATP5PD,ATP synthase peripheral stalk subunit d,protein_coding,19.3108055307255,-0.279696554784486,0.233799447758783,-1.19630973240388,0.231575712210008,0.384883674997121
HN1,NOTCH1,notch receptor 1,protein_coding,9.39453944186845,-0.782497682863858,0.314050983709802,-2.49162627551877,0.0127159757174324,0.0435116242267952
SUMO2,SUMO2,small ubiquitin like modifier 2,protein_coding,26.6802869775727,-0.580231722355316,0.211879377874916,-2.73850021731637,0.00617201196382541,0.0244412630521316
H3F3B,H3-3B,H3.3 histone B,protein_coding,16.7240658080441,-0.0991706536998682,0.249373919837327,-0.397678529352868,0.690867166006527,0.800640520371996
ACOX1,ACOX1,acyl-CoA oxidase 1,protein_coding,17.1063145942441,0.708479958231034,0.282891720748243,2.50442097194332,0.0122652002324438,0.0421975709047105
SRSF2,SRSF2,serine and arginine rich splicing factor 2,protein_coding,32.4150505647207,-0.129248394577169,0.210099156752068,-0.615178073892467,0.538437126195052,0.687826751995286
TIMP2,TIMP2,TIMP metallopeptidase inhibitor 2,protein_coding,12.5737855644062,0.823824531908992,0.333322568301255,2.47155341478235,0.0134527452497607,0.0448808380415565
LGALS3BP,LGALS3BP,galectin 3 binding protein,protein_coding,12.168958174301,-0.316141118742648,0.442732349616972,-0.714068260465169,0.475184971148208,0.635979885627652
C17orf89,NDUFAF8,NADH:ubiquinone oxidoreductase complex assembly factor 8,protein_coding,20.3305359789631,-0.279114953789033,0.251752966772547,-1.10868585728011,0.267565725092598,0.427138055117702
ACTG1,ACTG1,actin gamma 1,protein_coding,121.012778507866,-0.0112186706884478,0.253683504706596,-0.0442230987837506,0.964726569895606,0.980451809190712
MRPL12,MRPL12,mitochondrial ribosomal protein L12,protein_coding,14.7017310870421,-0.520965168538652,0.272851903420433,-1.90933309245017,0.0562191359261491,0.137098813071437
P4HB,P4HB,prolyl 4-hydroxylase subunit beta,protein_coding,79.1819684587244,-0.962652188331826,0.27822565068109,-3.4599692227344,0.000540237131720352,0.00350126510639413
ARHGDIA,ARHGDIA,Rho GDP dissociation inhibitor alpha,protein_coding,23.6290152162801,-0.297459072279391,0.218342563564043,-1.36235037009695,0.173087338417419,0.314165374524767
DCXR,DCXR,dicarbonyl and L-xylulose reductase,protein_coding,46.3577645598792,1.80173535712716,0.323470261918723,5.57001854340438,2.54712225042163e-08,7.4998599595748e-07
FASN,FASN,fatty acid synthase,protein_coding,18.8330786985222,-1.78636515059786,0.382335000934311,-4.67225115731631,2.97916347344244e-06,4.17959110832953e-05
FN3K,FN3K,fructosamine 3 kinase,protein_coding,14.2880086784381,-0.5927554091189,0.34430345318642,-1.72160750533616,0.0851406426855213,0.190488210886462
YES1,YES1,"YES proto-oncogene 1, Src family tyrosine kinase",protein_coding,17.5283168224131,0.0878839804203366,0.262680689041687,0.334565821115193,0.737952631223374,0.828981387277148
LPIN2,LPIN2,lipin 2,protein_coding,10.9060358242069,0.956662685055434,0.333168792975085,2.87140544140632,0.0040865102114575,0.017720594280593
MYL12A,MYL12A,myosin light chain 12A,protein_coding,41.9721255403712,0.274523499694969,0.223528328690841,1.22813739673533,0.219395394636374,0.369271712214362
MYL12B,MYL12B,myosin light chain 12B,protein_coding,72.740037345293,0.119249774574402,0.184990756006577,0.644625586427476,0.51916984973375,0.67477934147956
RAB12,RAB12,"RAB12, member RAS oncogene family",protein_coding,13.4645317223595,0.0292774680910345,0.266504818695721,0.109857180948243,0.912522641586011,0.949549083849317
NDUFV2,NDUFV2,NADH:ubiquinone oxidoreductase core subunit V2,protein_coding,36.5173735565761,0.041511842035967,0.22296689796926,0.186179394403604,0.852304082326692,0.907070609705114
CHMP1B,CHMP1B,charged multivesicular body protein 1B,protein_coding,16.5829542167236,0.0628555430632971,0.263449998128252,0.238586234617083,0.811426440102929,0.882625967438304
SS18,SS18,SS18 subunit of BAF chromatin remodeling complex,protein_coding,13.2718068176039,0.209496638541497,0.284509775735745,0.736342496491509,0.461522290141401,0.62293755630291
CDH2,CDH2,cadherin 2,protein_coding,28.0716563267867,-0.39252745416193,0.266950693529835,-1.47041181639807,0.141450252982912,0.270970966557626
TTR,TTR,transthyretin,protein_coding,674.663376604143,1.71324981319545,0.457676448133643,3.74336459781119,0.000181572465673996,0.00139693655042736
ATP5A1,ATP5F1A,ATP synthase F1 subunit alpha,protein_coding,9.27220568520714,0.115610787311635,0.314009783741569,0.368175748965781,0.712742191787772,0.816469801831814
RPL17-C18orf32,RPL17-C18orf32,RPL17-C18orf32 readthrough,protein_coding,75.4347471338708,-0.278977611764134,0.192300089227723,-1.45074093769019,0.146852011466172,0.278007777429332
RPL17,RPL23,ribosomal protein L23,protein_coding,35.2843925852448,-0.469936077465046,0.227625853514291,-2.0645109956086,0.0389692924497107,0.104194801000628
ACAA2,ACAA2,acetyl-CoA acyltransferase 2,protein_coding,35.5651215387119,1.66494734971637,0.440066854594791,3.78339639155383,0.000154702739333991,0.00120972469938219
NARS,NARS1,asparaginyl-tRNA synthetase 1,protein_coding,20.5917251898154,-0.0691156619962175,0.285603424592649,-0.241998715858523,0.80878115825918,0.88160103402566
SEC11C,SEC11C,"SEC11 homolog C, signal peptidase complex subunit",protein_coding,15.4363001436145,-0.795888985947509,0.33482334428562,-2.37704150421656,0.0174521243105953,0.0549120270194853
LMAN1,LMAN1,"lectin, mannose binding 1",protein_coding,38.6990812136435,0.209335880201073,0.233230709746327,0.897548527930806,0.369426290746906,0.534312737071784
CYB5A,CYB5A,cytochrome b5 type A,protein_coding,10.487030915719,0.987950987865614,0.334501283128057,2.95350432927158,0.00314188201558274,0.0144103627060862
BSG,BSG,basigin (Ok blood group),protein_coding,10.0754312009802,-1.28812813219627,0.379401381907139,-3.39515930522241,0.000685886789560802,0.00428230364686522
TMEM259,TMEM259,transmembrane protein 259,protein_coding,10.1105905681469,0.0613521513814823,0.303244286301441,0.202319232885711,0.83966716520239,0.898029681169372
GPX4,GPX4,glutathione peroxidase 4,protein_coding,19.4939830087046,0.103164608593186,0.337651865960028,0.305535431589763,0.759958388726124,0.845382815817074
CIRBP,CIRBP,cold inducible RNA binding protein,protein_coding,14.6177612959727,0.25302938219503,0.366741820897848,0.689938719220977,0.49023272539714,0.651010636505031
GAMT,GAMT,guanidinoacetate N-methyltransferase,protein_coding,15.4057889217009,0.198722434993475,0.348419270511174,0.570354316803215,0.568437407478015,0.710919358592063
RPS15,RPS15,ribosomal protein S15,protein_coding,14.911749189551,-0.174444304187645,0.275384097207201,-0.633458162460239,0.526434493635754,0.68105170588419
REEP6,REEP6,receptor accessory protein 6,protein_coding,25.7633693797365,0.599820507775905,0.602582103236987,0.995417063589763,0.319533462917532,0.482601987100297
UQCR11,UQCR11,"ubiquinol-cytochrome c reductase, complex III subunit XI",protein_coding,15.0842707542724,0.0796057300665331,0.291900180728627,0.272715590198763,0.785071849577727,0.864448920241403
OAZ1,OAZ1,ornithine decarboxylase antizyme 1,protein_coding,18.0624202874794,-0.163474621936517,0.238298548468143,-0.686007627773574,0.492708298370965,0.652127374463897
GADD45B,GADD45B,growth arrest and DNA damage inducible beta,protein_coding,24.8477100327279,1.63147787549436,0.542683663392583,3.00631470145092,0.00264435166466471,0.012638835110672
AES,TLE5,"TLE family member 5, transcriptional modulator",protein_coding,12.1144030625108,-0.18434014365813,0.32416264635203,-0.568665593437754,0.569583101528504,0.711605917834198
EEF2,EEF2,eukaryotic translation elongation factor 2,protein_coding,69.8932615478946,0.257348734306683,0.184747279347103,1.39297712646245,0.163626707671204,0.301817245008369
CREB3L3,CREB3L3,cAMP responsive element binding protein 3 like 3,protein_coding,66.9438348483831,-0.0679548877627672,0.40542364779873,-0.167614514179752,0.866886552085862,0.916049812461134
LRG1,LRG1,leucine rich alpha-2-glycoprotein 1,protein_coding,13.7533701931564,-0.230293891657476,0.487308180423793,-0.472583676837106,0.636510230336542,0.761704415129279
MYDGF,MYDGF,myeloid derived growth factor,protein_coding,14.8783698859745,-1.0211420840002,0.262754634633875,-3.88629523290071,0.000101785707322967,0.000837099696431987
SAFB2,SAFB2,scaffold attachment factor B2,protein_coding,14.1121936682742,-0.0211065521247298,0.281573653398465,-0.0749592579773831,0.940247128075849,0.965936768577663
SAFB,SAFB,scaffold attachment factor B,protein_coding,16.5260362369424,0.069058131524323,0.257907376512336,0.267763305021328,0.788881517944999,0.866643215245888
RPL36,RPL36,ribosomal protein L36,protein_coding,12.0743810707938,-0.308696091530705,0.288988452131295,-1.06819524882073,0.285432447504773,0.447277521221343
TNFSF14,TNFSF14,TNF superfamily member 14,protein_coding,33.9586734148193,-0.210787145107466,0.417881368219603,-0.504418624849276,0.613967232731906,0.74330550764751
C3,C3,complement C3,protein_coding,327.171060150456,0.920524789475487,0.274208269718167,3.3570278183864,0.000787851853822728,0.00473306466339346
PET100,PET100,PET100 cytochrome c oxidase chaperone,protein_coding,33.9606841493379,-0.1759387823013,0.184340113852302,-0.95442483258021,0.339868641281167,0.504096212347999
RPS28,RPS28,ribosomal protein S28,protein_coding,25.1221869318505,-0.194336388596571,0.222278761548677,-0.874291305397674,0.381959633074421,0.546802956111942
RAB11B,RAB11B,"RAB11B, member RAS oncogene family",protein_coding,17.5648021736983,0.250327834822298,0.254422917983506,0.983904424987872,0.325162507801198,0.488358048555325
HNRNPM,HNRNPM,heterogeneous nuclear ribonucleoprotein M,protein_coding,37.0408026667158,-0.0502823432172412,0.214210606370715,-0.234733209849667,0.814415810049749,0.883373473485994
C19orf66,SHFL,shiftless antiviral inhibitor of ribosomal frameshifting,protein_coding,14.4383796643012,0.788916372454479,0.319019296686323,2.47294248545155,0.0134005707265775,0.0448808380415565
CDC37,CDC37,"cell division cycle 37, HSP90 cochaperone",protein_coding,18.5955518510829,-0.0211984081539894,0.242947410974651,-0.0872551309312006,0.93046871826636,0.961094799941649
ILF3,ILF3,interleukin enhancer binding factor 3,protein_coding,11.2729941688721,-0.635866036878927,0.302916724578088,-2.09914469980019,0.0358041470827315,0.0973693167529242
ANGPTL8,ANGPTL8,angiopoietin like 8,protein_coding,45.880863540649,-2.61536821263798,0.597213846266364,-4.37928261206372,1.19070633425977e-05,0.000136530509961997
TMEM205,TMEM205,transmembrane protein 205,protein_coding,15.4113133481462,0.302032139223024,0.295985270584322,1.02042962687557,0.307524748870959,0.470761569998227
PRKCSH,PRKCSH,PRKCSH beta subunit of glucosidase II,protein_coding,17.025451010652,-0.233568913554428,0.25463392926763,-0.917273335200109,0.358999426454451,0.52240001958137
C19orf43,TRIR,telomerase RNA component interacting RNase,protein_coding,70.0437645798746,0.263980514722288,0.183891620070441,1.43552226371799,0.151138328701762,0.284094135131937
JUNB,JUNB,"JunB proto-oncogene, AP-1 transcription factor subunit",protein_coding,22.7976848690435,1.9501827496795,0.435959681602504,4.47330987698451,7.70180383384629e-06,9.41989853524277e-05
PRDX2,PRDX2,peroxiredoxin 2,protein_coding,12.3717939449393,-0.161608363848691,0.321874345845918,-0.502085257599414,0.615607549895732,0.744875859652416
CALR,CALR,calreticulin,protein_coding,390.622289565526,-0.75720208948509,0.311528679475024,-2.43060154449054,0.0150737814866329,0.0493154579500954
PALM3,PALM3,paralemmin 3,protein_coding,21.3876566090659,1.96127146868131,0.912915734494638,2.14835980427811,0.0316851833692664,0.0889862962892743
DNAJB1,DNAJB1,DnaJ heat shock protein family (Hsp40) member B1,protein_coding,16.010603341908,1.29023517579025,0.518702411999781,2.48742852537727,0.0128670305808864,0.0437542753735117
NDUFB7,NDUFB7,NADH:ubiquinone oxidoreductase subunit B7,protein_coding,18.6282535882747,0.114274044590364,0.268869807747173,0.425016276642782,0.67082480937346,0.786734861909107
CYP4F3,CYP4F3,cytochrome P450 family 4 subfamily F member 3,protein_coding,40.5534763608904,1.07689358732699,0.301358384488001,3.57346482712468,0.000352288583088736,0.00246395387292269
TPM4,TPM4,tropomyosin 4,protein_coding,21.2823582176244,0.20444948285357,0.291377054514026,0.701666379305541,0.482887244657225,0.644119730708882
FAM32A,FAM32A,family with sequence similarity 32 member A,protein_coding,15.5177828076151,-0.157133540808109,0.262448158778353,-0.598722206852338,0.54935814602468,0.697667294072876
BST2,BST2,bone marrow stromal cell antigen 2,protein_coding,51.208805868001,0.902246326133883,0.535494986965142,1.68488286183081,0.0920111737407729,0.201142666701873
IFI30,IFI30,IFI30 lysosomal thiol reductase,protein_coding,13.7625234409502,-0.511857818862929,0.449383373810586,-1.13902260006325,0.254693728045082,0.413959172207952
JUND,JUND,"JunD proto-oncogene, AP-1 transcription factor subunit",protein_coding,65.7056005664251,1.39959033451918,0.43498764579749,3.21754042451762,0.00129294805597842,0.00705647852061447
FKBP8,FKBP8,FKBP prolyl isomerase 8,protein_coding,18.2300529558889,-0.65612990469949,0.250817775963688,-2.61596253367018,0.00889763201739501,0.0328496166586487
PDCD5,PDCD5,programmed cell death 5,protein_coding,14.2696510300885,-0.806799430889496,0.328619335368266,-2.45511856441849,0.0140838128354475,0.0465233983553216
CEBPA,CEBPA,CCAAT enhancer binding protein alpha,protein_coding,24.868460575708,-2.08374472440079,0.449772182381231,-4.63288928490156,3.60597407036488e-06,4.85889726430522e-05
CEBPG,CEBPG,CCAAT enhancer binding protein gamma,protein_coding,17.0989703523684,-0.814878845682652,0.298231933294701,-2.73236617112166,0.00628812118455107,0.0248297500416462
LSM14A,LSM14A,LSM14A mRNA processing body assembly factor,protein_coding,40.7495643128744,-0.568736988671003,0.185983644278414,-3.05799464720464,0.0022282355623583,0.0111645836475306
HPN,HPN,hepsin,protein_coding,34.749616911453,0.0705648652384346,0.237442424051504,0.297187267693697,0.766323541906217,0.850084487184338
FXYD1,FXYD1,FXYD domain containing ion transport regulator 1,protein_coding,11.1120314765806,1.24375633838843,0.438166389877488,2.83854801993414,0.00453192997844567,0.0192667611383118
LSR,LSR,lipolysis stimulated lipoprotein receptor,protein_coding,15.8122409796732,-0.320449150254933,0.382912863885377,-0.836872250786691,0.402664379685828,0.567921079568717
COX6B1,COX6B1,cytochrome c oxidase subunit 6B1,protein_coding,24.3721978995249,-0.718399356861718,0.265403335855508,-2.70682112772249,0.00679308476887399,0.026429864883792
CAPNS1,CAPNS1,calpain small subunit 1,protein_coding,21.8361975767825,-0.52381883315811,0.243964570457275,-2.14711026349559,0.0317845044044513,0.0890787814390322
ZNF146,ZNF146,zinc finger protein 146,protein_coding,15.4533986436195,-0.746848026614791,0.270918846688261,-2.75672230169416,0.00583839116874554,0.0234119632007113
ECH1,ECH1,enoyl-CoA hydratase 1,protein_coding,25.8748700801893,-0.0756622041426495,0.281468751138798,-0.26881209312411,0.788074286802797,0.866155379734871
HNRNPL,HNRNPL,heterogeneous nuclear ribonucleoprotein L,protein_coding,23.3887483160896,-0.392085180060039,0.225647810665606,-1.73759798024844,0.082281675980417,0.184838553969017
PAF1,PEX2,peroxisomal biogenesis factor 2,protein_coding,30.6883813794887,-0.0766077561883131,0.232098658811529,-0.330065484137592,0.741350482750381,0.829714172388389
ZFP36,ZFP36,ZFP36 ring finger protein,protein_coding,83.5938387117259,1.6030175240012,0.468681898588706,3.42026762464734,0.000625595575941029,0.00397987390374605
RPS16,RPS16,ribosomal protein S16,protein_coding,37.7566368492102,-0.257435347341725,0.206186493785562,-1.24855582252377,0.211827579004347,0.360348627621517
CYP2A6,CYP2A6,cytochrome P450 family 2 subfamily A member 6,protein_coding,171.090295583124,5.25653386010518,0.694020130606318,7.57403658523984,3.61802453315689e-14,5.39311781973699e-12
CYP2B7P,CYP2B6,cytochrome P450 family 2 subfamily B member 6,protein_coding,40.5114999018452,3.69077911917073,0.705705795397931,5.22991187438043,1.69590862824753e-07,3.71077254896363e-06
CYP2B6,CYP2B6,cytochrome P450 family 2 subfamily B member 6,protein_coding,152.565752968308,4.61196354078726,0.602939270902681,7.64913443750734,2.0233661883042e-14,4.02144029925459e-12
HNRNPUL1,HNRNPUL1,heterogeneous nuclear ribonucleoprotein U like 1,protein_coding,16.673305288104,-0.875280297576276,0.293075099439219,-2.98653928379132,0.00282154584580451,0.0132729523515656
RPS19,RPS19,ribosomal protein S19,protein_coding,13.914723154335,-0.634160884541426,0.297277152938458,-2.13323115575151,0.0329057685158494,0.0913172909960728
ERF,ERF,ETS2 repressor factor,protein_coding,8.987748689703,-0.1615843405599,0.326990158670286,-0.494156586292954,0.621195597276267,0.748636432291004
PVR,PVR,PVR cell adhesion molecule,protein_coding,17.7910694439352,-0.529757698936732,0.291103498207594,-1.81982594574988,0.0687855152111872,0.159740461322962
APOE,APOE,apolipoprotein E,protein_coding,890.960012906623,0.00302518777545995,0.261491761133708,0.0115689601934077,0.990769511180326,0.994941172280032
APOC1,APOC1,apolipoprotein C1,protein_coding,253.846805605682,0.341137425537499,0.319033074970112,1.06928545126382,0.284941064255337,0.44680107708677
APOC4,APOC4,apolipoprotein C4,protein_coding,88.8230381615311,2.09978264486077,0.415843362641346,5.0494557169878,4.43070626800847e-07,8.32065704661432e-06
APOC4-APOC2,APOC4-APOC2,APOC4-APOC2 readthrough (NMD candidate),protein_coding,311.790591310623,-0.0281399232096359,0.327896848821831,-0.0858194377614355,0.931609954384407,0.961371105422102
APOC2,APOC2,apolipoprotein C2,protein_coding,402.116610175997,-0.224687526525223,0.329603923202811,-0.681689478516823,0.495435321838927,0.654633375393817
CALM3,CALM3,calmodulin 3,protein_coding,37.341686088575,-0.305436590485599,0.236249566631821,-1.29285566462689,0.196060983857761,0.341567163258408
GLTSCR2,NOP53,NOP53 ribosome biogenesis factor,protein_coding,12.1003257845907,-0.049725619635394,0.292662797816958,-0.169907552330906,0.86508284158383,0.915360504515277
SULT2A1,SULT2A1,sulfotransferase family 2A member 1,protein_coding,106.943267889612,1.91563663424466,0.406454599000848,4.71303963334085,2.44048706651078e-06,3.5491229595294e-05
KDELR1,KDELR1,KDEL endoplasmic reticulum protein retention receptor 1,protein_coding,40.3039077853774,-0.828547582731635,0.221037215333934,-3.74845286337823,0.000177928768420624,0.00137333369800384
RPL18,RPL18,ribosomal protein L18,protein_coding,18.0158906018408,-0.440802046387631,0.271454745294452,-1.62385095132334,0.104407622809588,0.217353291703184
PPP1R15A,PPP1R15A,protein phosphatase 1 regulatory subunit 15A,protein_coding,24.6190689486917,1.56517801727138,0.346432358354998,4.5179902498239,6.24293582630916e-06,7.79549840091485e-05
NUCB1,NUCB1,nucleobindin 1,protein_coding,24.3321150744547,-0.238690989492103,0.239978325281305,-0.994635616413717,0.319913518492901,0.482601987100297
FTL,FTL,ferritin light chain,protein_coding,1118.31041829961,-0.718749453090438,0.401814310880758,-1.78876021492359,0.0736534407831048,0.168744914762445
SNRNP70,SNRNP70,small nuclear ribonucleoprotein U1 subunit 70,protein_coding,47.8070059119042,0.0743780362127865,0.214664596513824,0.346484876503596,0.728978347973967,0.823207083294465
RPL13A,RPL13A,ribosomal protein L13a,protein_coding,122.34569624884,-0.468942274505647,0.221274231587549,-2.11928099870096,0.0340667264973074,0.0939763982892591
RPS11,RPS11,ribosomal protein S11,protein_coding,132.593149769595,-0.380389565030811,0.238725616473658,-1.59341745829268,0.111066571772883,0.226211591527179
FCGRT,FCGRT,Fc gamma receptor and transporter,protein_coding,8.2647923762517,0.662124834867957,0.328148842955309,2.01775763981021,0.043616508549576,0.113688932121026
IRF3,IRF3,interferon regulatory factor 3,protein_coding,15.4529398218551,0.191133488316233,0.328236302377392,0.582304537712212,0.56036156953771,0.706748991722601
BCL2L12,BCL2L12,BCL2 like 12,protein_coding,17.4362422542479,0.246075288430241,0.322219669976577,0.763687978602079,0.445053206317658,0.60897986062399
IL4I1,IL4I1,interleukin 4 induced 1,protein_coding,22.7457460196143,-1.13451718761048,0.421062505179612,-2.69441513707456,0.00705122800461562,0.0273006149204679
ATF5,ATF5,activating transcription factor 5,protein_coding,174.661459906944,-1.17143637138816,0.455595741086116,-2.57121888057057,0.0101341254271144,0.0361824687779458
ETFB,ETFB,electron transfer flavoprotein subunit beta,protein_coding,16.0947453815828,0.125225256024587,0.245442737330016,0.510201513342041,0.609910292075963,0.740222039618818
RPS9,RPS9,ribosomal protein S9,protein_coding,16.3489856239529,0.0173503656899865,0.264669676931988,0.0655547922644916,0.947732282193787,0.97010364507819
LENG8,LENG8,leukocyte receptor cluster member 8,protein_coding,34.8593257772189,-0.170281832019536,0.218673486983723,-0.778703602198519,0.436154333680695,0.602283024302055
U2AF2,U2AF2,U2 small nuclear RNA auxiliary factor 2,protein_coding,14.1991879359567,-0.466678333268277,0.278612182507745,-1.67501050768052,0.093932170037917,0.204052258521952
A1BG,A1BG,alpha-1-B glycoprotein,protein_coding,27.7577323646563,0.864658148657321,0.307652931940145,2.81049864600524,0.00494647970679355,0.0206608653252235
CHMP2A,CHMP2A,charged multivesicular body protein 2A,protein_coding,45.5490018270622,-0.189440284756398,0.276215066102348,-0.685843416977854,0.492811854386363,0.652127374463897
UBE2M,UBE2M,ubiquitin conjugating enzyme E2 M,protein_coding,10.4468054802874,-0.943404233963788,0.321351843268814,-2.93573618364037,0.003327571879382,0.0151166836806211
ADI1,ADI1,acireductone dioxygenase 1,protein_coding,23.4531704331096,1.56780713769218,0.320044738853075,4.89871242161527,9.64667112354464e-07,1.63172415813149e-05
RPS7,RPS7,ribosomal protein S7,protein_coding,22.623433415454,-0.169985237731352,0.280619568769407,-0.60574976462541,0.544680932698698,0.693203855115472
COLEC11,COLEC11,collectin subfamily member 11,protein_coding,16.6558221816513,1.44015308329653,0.537396360564253,2.67987129980636,0.00736504712230873,0.0282405745766983
ID2,ID2,inhibitor of DNA binding 2,protein_coding,43.8391569603189,1.52138672807214,0.387442713444935,3.92673981282234,8.61050381099857e-05,0.000737401097210123
YWHAQ,YWHAQ,tyrosine 3-monooxygenase/tryptophan 5-monooxygenase activation protein theta,protein_coding,12.41698997336,-0.14959378530014,0.311372892800608,-0.480432911017512,0.630919597125397,0.756532548589277
ATP6V1C2,ATP6V1C2,ATPase H+ transporting V1 subunit C2,protein_coding,19.0783618886073,-0.72356116904968,0.274847818105159,-2.63258836849431,0.0084736976267715,0.031579321773972
PDIA6,PDIA6,protein disulfide isomerase family A member 6,protein_coding,34.6094448360355,-0.677941348777025,0.25625410605002,-2.64558238393531,0.00815504263781666,0.0305814098918125
DDX1,DDX1,DEAD-box helicase 1,protein_coding,18.0706322163942,-0.287706290555285,0.281593197122267,-1.02170895282802,0.306918672488687,0.47026462149559
RDH14,RDH14,retinol dehydrogenase 14,protein_coding,11.2749875911873,-0.149595269370449,0.295861053867459,-0.505626771131103,0.613118684349036,0.742655186476613
LAPTM4A,LAPTM4A,lysosomal protein transmembrane 4 alpha,protein_coding,113.021036661272,0.0711504279129331,0.188235531331304,0.377986171950209,0.705440866454711,0.810051259746984
SDC1,SDC1,syndecan 1,protein_coding,51.051327929298,-0.414026684584068,0.349482222495696,-1.18468596664932,0.236141633025792,0.39165354295307
PUM2,PUM2,pumilio RNA binding family member 2,protein_coding,12.5463562860495,-0.159358112545956,0.309987750483292,-0.514078741168016,0.607196939859425,0.739603506523941
RHOB,RHOB,ras homolog family member B,protein_coding,233.177593896823,0.858000879615119,0.525569501599923,1.63251649306746,0.102570726905249,0.215914548692867
APOB,APOB,apolipoprotein B,protein_coding,141.60531409376,0.353423964838499,0.280139248402755,1.26160103182109,0.207092384709438,0.353870846305165
SF3B6,SF3B6,splicing factor 3b subunit 6,protein_coding,24.2282611648029,-0.250482299483312,0.274296346883961,-0.913181317683666,0.361147187946545,0.524074946854666
RAB10,RAB10,"RAB10, member RAS oncogene family",protein_coding,18.0911285562657,-0.445501114996252,0.275517571731412,-1.61696080651636,0.105886741393145,0.218939904020949
HADHA,HADHA,hydroxyacyl-CoA dehydrogenase trifunctional multienzyme complex subunit alpha,protein_coding,36.9129957306593,0.257442577350933,0.240304757865013,1.07131702109513,0.284026909024895,0.445863350399467
HADHB,HADHB,hydroxyacyl-CoA dehydrogenase trifunctional multienzyme complex subunit beta,protein_coding,16.2770133694446,0.272861859378039,0.278388513528936,0.98014769330516,0.327013219712639,0.490519829568959
OST4,OST4,"oligosaccharyltransferase complex subunit 4, non-catalytic",protein_coding,48.5800127753846,-0.230171800904432,0.208489632709912,-1.10399638539672,0.269594705664345,0.429801719926112
KHK,KHK,ketohexokinase,protein_coding,21.5111190214613,0.509925027357689,0.391080522921977,1.30388755632154,0.192271923625847,0.33721540924094
CGREF1,CGREF1,cell growth regulator with EF-hand domain 1,protein_coding,11.9549761634247,0.178093317563704,0.314637661307672,0.566026701392094,0.571375629278419,0.712973086775781
PPM1G,PPM1G,"protein phosphatase, Mg2+/Mn2+ dependent 1G",protein_coding,16.9910793575807,-0.547279577347961,0.28329486822894,-1.93183724353837,0.053379597619618,0.131927813805999
GCKR,GCKR,glucokinase regulator,protein_coding,14.1716744010744,1.26979842056802,0.383494774240125,3.31112313872872,0.000929223087580873,0.00544520163115573
MRPL33,MRPL33,mitochondrial ribosomal protein L33,protein_coding,9.82321495334434,-0.11079701503129,0.324264328572661,-0.341687337361447,0.732586202512876,0.82610784538686
PPP1CB,PPP1CB,protein phosphatase 1 catalytic subunit beta,protein_coding,26.4462860023337,0.261073910237675,0.232734121355857,1.1217689469714,0.261960692679271,0.422146116243285
SPDYA,SPDYA,speedy/RINGO cell cycle regulator family member A,protein_coding,11.7424384831754,0.602037723505001,0.315158975513472,1.91026678686251,0.0560988718401027,0.136945557153168
WDR43,WDR43,WD repeat domain 43,protein_coding,10.503230971237,-0.127721888276945,0.313399120308166,-0.407537481762413,0.683613270997137,0.795325683574717
YPEL5,YPEL5,yippee like 5,protein_coding,13.5415910873034,0.0346372630572296,0.285934983323618,0.121136849554458,0.903582642353958,0.942301968523913
CEBPZ,DDIT3,DNA damage inducible transcript 3,protein_coding,14.5204702309753,0.0105228077805693,0.286253717180992,0.036760423180517,0.970676030431385,0.984295209429784
SRSF7,SRSF7,serine and arginine rich splicing factor 7,protein_coding,14.8151480629545,0.402489550167361,0.286717988824046,1.40378199434972,0.160383777287493,0.297909119027003
EML4,EML4,EMAP like 4,protein_coding,12.5031243432456,-0.210732498808467,0.285955231960457,-0.736942273668934,0.461157454901539,0.622797582072577
COX7A2L,COX7A2L,cytochrome c oxidase subunit 7A2 like,protein_coding,10.531954940327,-0.587763577308254,0.360829321159605,-1.62892410023483,0.103329087493982,0.216678819303197
HAAO,HAAO,"3-hydroxyanthranilate 3,4-dioxygenase",protein_coding,14.7446621053227,1.76480489154392,0.39550611029026,4.4621431771275,8.11439767644441e-06,9.8738971726122e-05
ZFP36L2,ZFP36L2,ZFP36 ring finger protein like 2,protein_coding,19.9876928282829,0.541237641684626,0.259980860559295,2.08183648796402,0.0373574076500687,0.100334929330421
PPM1B,PPM1B,"protein phosphatase, Mg2+/Mn2+ dependent 1B",protein_coding,13.1579954745611,0.0491467823579053,0.325154421346298,0.151149051439663,0.879858139494093,0.926473140261992
EPAS1,EPAS1,endothelial PAS domain protein 1,protein_coding,11.9663231234633,0.377122814976894,0.305812119100325,1.2331846628131,0.217506876183406,0.366980699747268
MCFD2,MCFD2,"multiple coagulation factor deficiency 2, ER cargo receptor complex subunit",protein_coding,13.5349137843332,-0.254633644254491,0.276504492650611,-0.920902375992294,0.357101398007796,0.520590974479581
CALM2,CALM2,calmodulin 2,protein_coding,32.8728504804456,-0.28912457549227,0.237062130352406,-1.21961519143724,0.222610784799782,0.372841798979973
EPCAM,EPCAM,epithelial cell adhesion molecule,protein_coding,33.0305689564675,0.18536566014893,0.860583822356129,0.215395241385587,0.829459179764734,0.892314002588584
ERLEC1,ERLEC1,endoplasmic reticulum lectin 1,protein_coding,9.65883876282037,-0.508522601391275,0.316562140748865,-1.60639108703367,0.108188007989432,0.222081763907841
SPTBN1,SPTBN1,"spectrin beta, non-erythrocytic 1",protein_coding,15.9270558842686,0.509790108117619,0.318943813202665,1.59836964071689,0.109960737010843,0.224608211944571
RTN4,RTN4,reticulon 4,protein_coding,21.2822100960738,0.601268499479718,0.301710563616606,1.99286525560229,0.0462762037950389,0.118421401342455
RPS27A,RPS27A,ribosomal protein S27a,protein_coding,80.3466410136554,-0.51073245513403,0.255438566727629,-1.99943360815447,0.0455614586330741,0.117094912542976
MTIF2,MTIF2,mitochondrial translational initiation factor 2,protein_coding,12.6731479696788,0.270175788912344,0.312990142377158,0.863208620119343,0.388022775081909,0.552498100639017
C2orf74,C2orf74,chromosome 2 open reading frame 74,protein_coding,11.1100475782367,0.634724721313255,0.317204106920879,2.00099780382596,0.0453926265649823,0.116912974468124
CCT4,CCT4,chaperonin containing TCP1 subunit 4,protein_coding,15.0523522196499,-0.452700473803933,0.284635660472724,-1.59045592900091,0.111732072051357,0.226792333482968
UGP2,UGP2,UDP-glucose pyrophosphorylase 2,protein_coding,36.5145236887114,0.837261028905112,0.260721549186965,3.21132269854958,0.00132125474300815,0.0071781151755682
RAB1A,RAB1A,"RAB1A, member RAS oncogene family",protein_coding,41.5456637877883,-0.595841315687834,0.22392398670699,-2.66090883987122,0.00779300528851289,0.0294553369462809
ACTR2,ACTR2,actin related protein 2,protein_coding,34.689875951192,0.0161302500888904,0.242897323681474,0.0664076896542632,0.947053248260291,0.969993351889141
PPP3R1,PPP3R1,"protein phosphatase 3 regulatory subunit B, alpha",protein_coding,12.4913669830514,-0.0462182485921258,0.282427247122642,-0.163646564072679,0.870009385974166,0.918129374136453
SNRNP27,SNRNP27,small nuclear ribonucleoprotein U4/U6.U5 subunit 27,protein_coding,12.5970147669746,0.158514703724656,0.308718014582577,0.513461140060085,0.607628786986177,0.739603506523941
PCBP1,PCBP1,poly(rC) binding protein 1,protein_coding,243.719941273268,-0.122633012599236,0.20576544996327,-0.595984469798631,0.55118560164402,0.698871695864428
TIA1,TIA1,TIA1 cytotoxic granule associated RNA binding protein,protein_coding,10.9815151750736,-0.00662108308961136,0.380624725864713,-0.0173953047179723,0.986121254882173,0.99236252864725
PCYOX1,PCYOX1,prenylcysteine oxidase 1,protein_coding,14.4997060243116,0.333314807972751,0.319947232016902,1.0417805644749,0.297513426973142,0.460161817983751
SNRPG,SNRPG,small nuclear ribonucleoprotein polypeptide G,protein_coding,15.8590134007415,-0.467255009141849,0.292361921304728,-1.59820747878733,0.109996809874742,0.224608211944571
FAM136A,FAM136A,family with sequence similarity 136 member A,protein_coding,15.6294569728211,-0.371069855019653,0.283366208099533,-1.30950637166064,0.190362880857431,0.33581025950072
MPHOSPH10,MPHOSPH10,M-phase phosphoprotein 10,protein_coding,11.3505016072923,0.119848140877642,0.328705427101504,0.364606516948784,0.715405149449544,0.817856599487075
ZNF638,ZNF638,zinc finger protein 638,protein_coding,12.4079849801897,0.101682560977472,0.3078793647041,0.330267541883484,0.741197816035695,0.829714172388389
SPR,SPR,sepiapterin reductase,protein_coding,18.7086442018417,-0.275101074604795,0.328324547864424,-0.837893713382629,0.402090399829724,0.567783069031315
CCT7,CCT7,chaperonin containing TCP1 subunit 7,protein_coding,12.7623478173703,-0.377836398108799,0.300969675890666,-1.25539690000549,0.209334714144851,0.356871546272673
AUP1,AUP1,AUP1 lipid droplet regulating VLDL assembly factor,protein_coding,20.7363736891789,-0.730953219900747,0.319321405461228,-2.28908305988745,0.0220745268829898,0.0663069856623812
EVA1A,EVA1A,"eva-1 homolog A, regulator of programmed cell death",protein_coding,14.2146696031209,0.667750650691812,0.329366661605708,2.02737777842006,0.0426237927206533,0.111834703673001
SUCLG1,SUCLG1,succinate-CoA ligase GDP/ADP-forming subunit alpha,protein_coding,10.8113178828279,0.0798421410745012,0.28583237378759,0.279332043520844,0.779990017392427,0.860044471327295
TMSB10,TMSB10,thymosin beta 10,protein_coding,167.835350419862,-0.281026257576263,0.454607365901789,-0.618173568346833,0.536460931364934,0.686758303069398
TGOLN2,TGOLN2,trans-golgi network protein 2,protein_coding,26.7606305284512,-0.00625147923076309,0.349241712594838,-0.0179001505413403,0.985718508919344,0.99236252864725
RETSAT,RETSAT,retinol saturase,protein_coding,11.6080177867728,0.667343691851722,0.312066021764133,2.13846957153226,0.0324786511949759,0.0905983428070381
MAT2A,MAT2A,methionine adenosyltransferase 2A,protein_coding,46.8716629716065,-0.559181192000613,0.292361700834303,-1.91263489850038,0.0557948087403983,0.136342847178125
GGCX,GGCX,gamma-glutamyl carboxylase,protein_coding,19.2683655087064,-0.423874285624879,0.249466873721064,-1.69912052571286,0.0892964767137955,0.197196386076298
VAMP8,VAMP8,vesicle associated membrane protein 8,protein_coding,32.8545212933518,-0.193032610749904,0.265218035007916,-0.72782611010651,0.466720039150798,0.628530374576315
RNF181,RNF181,ring finger protein 181,protein_coding,9.09946545339992,-0.589997747106929,0.308236960815763,-1.91410447840347,0.0556068074243263,0.136081595570655
RNF103-CHMP3,RNF103-CHMP3,RNF103-CHMP3 readthrough,protein_coding,14.7437747152784,0.0136349866840378,0.298813329053077,0.0456304500446693,0.963604798816648,0.980451809190712
RNF103,RNF103,ring finger protein 103,protein_coding,10.0684346337919,-0.128877335522689,0.312359767037204,-0.412592622747534,0.679905107164057,0.792945565078863
RGPD1,RGPD1,RANBP2 like and GRIP domain containing 1,protein_coding,10.5324463141415,1.49231859032143,0.585853378931446,2.54725609510576,0.0108573721844171,0.0383059654731285
PLGLB1,PLGLB1,plasminogen like B1,protein_coding,28.1326897313189,1.10836088463643,0.554544200419221,1.9986880825704,0.0456421132489719,0.117175931215068
PLGLB2,PLGLB2,plasminogen like B2,protein_coding,55.084338051098,1.67812881196658,0.462164963905783,3.63101693772849,0.000282306654450377,0.00204808770558519
RGPD2,RGPD2,RANBP2 like and GRIP domain containing 2,protein_coding,15.5881527572815,1.77776200743916,0.332898612255096,5.3402505807891,9.28181967589452e-08,2.25889182928658e-06
KRCC1,KRCC1,lysine rich coiled-coil 1,protein_coding,41.2467289363634,0.219552902070435,0.362220181159894,0.606131059201028,0.544427727811233,0.693203855115472
FABP1,FABP1,fatty acid binding protein 1,protein_coding,184.309534945887,1.10977296331758,0.554154841895198,2.00264056075407,0.0452158829588704,0.116583654980439
MRPS5,MRPS5,mitochondrial ribosomal protein S5,protein_coding,11.7031158633645,-0.00756745235524583,0.281636448730418,-0.026869577390849,0.978563758477758,0.988816568691915
STARD7,STARD7,StAR related lipid transfer domain containing 7,protein_coding,15.9578415373365,-0.19080865269819,0.255079471091678,-0.7480360998146,0.4544383832317,0.617218419138728
CIAO1,CIAO1,cytosolic iron-sulfur assembly component 1,protein_coding,11.0194189715728,0.394164137351672,0.290321259785274,1.35768265005188,0.174564404441839,0.31588475310606
COX5B,COX5B,cytochrome c oxidase subunit 5B,protein_coding,38.370512256005,0.180167237762093,0.232861476691238,0.773709934000742,0.439102344105036,0.603918077552922
EIF5B,EIF5B,eukaryotic translation initiation factor 5B,protein_coding,15.4731038907252,-0.55986739786038,0.337193892191252,-1.66037229862642,0.0968395793403587,0.207886945748655
RPL31,RPL31,ribosomal protein L31,protein_coding,30.5373182160329,0.0536440642860459,0.24610023506116,0.21797648536465,0.827447432870485,0.89097465591459
IL1R1,IL1R1,interleukin 1 receptor type 1,protein_coding,11.0235907454023,0.918563215038086,0.303664705719602,3.02492584003578,0.00248694098609061,0.0121295587971904
MRPS9,MRPS9,mitochondrial ribosomal protein S9,protein_coding,17.0012616383634,-0.174323329222047,0.273766291689953,-0.636759654177849,0.524281409888312,0.679940817065592
PLGLA,PLGLB2,plasminogen like B2,protein_coding,25.0016727904141,2.60083006001352,0.450454994468879,5.77378448890348,7.75105632472279e-09,2.71465608270722e-07
INSIG2,INSIG2,insulin induced gene 2,protein_coding,11.4866752291963,0.943209310511723,0.321765801743963,2.93135350431759,0.00337488499734641,0.0152507655761755
DBI,DBI,"diazepam binding inhibitor, acyl-CoA binding protein",protein_coding,107.008210542312,-0.189761988168287,0.271660241230374,-0.69852690739299,0.484847736511873,0.645651508420334
PROC,PROC,"protein C, inactivator of coagulation factors Va and VIIIa",protein_coding,32.81907469196,0.506431370178999,0.257658232401793,1.9655159684138,0.0493545493204766,0.12416729971449
IWS1,IWS1,"interacts with SUPT6H, CTD assembly factor 1",protein_coding,12.6348121568445,0.0689825264797325,0.28644463219893,0.240823247236923,0.809692111105978,0.882190810866952
UBXN4,UBXN4,UBX domain protein 4,protein_coding,21.8916260049951,0.395098588761512,0.230110225059237,1.71699709849835,0.0859797021339637,0.191825621692707
MMADHC,MMADHC,metabolism of cobalamin associated D,protein_coding,18.1645209635128,0.663847589624425,0.267848638192653,2.47844302701643,0.0131957183440675,0.0446382233361176
PKP4,PKP4,plakophilin 4,protein_coding,10.0044687106441,-0.318276938521261,0.318749136009258,-0.998518592100644,0.31802795356969,0.481585186834102
CD302,CD302,CD302 molecule,protein_coding,18.2169395411584,1.16373902328644,0.305993523488626,3.80314919746887,0.000142868252462031,0.00114342544336223
GRB14,GRB14,growth factor receptor bound protein 14,protein_coding,12.6694112820274,0.668835230821597,0.336723998116234,1.98630104941532,0.0469999061977862,0.119844759755617
PPIG,PPIG,peptidylprolyl isomerase G,protein_coding,19.5760792377505,0.125681069483118,0.259315589946516,0.484664533702121,0.627914328450919,0.753985960623708
SSB,SSB,small RNA binding exonuclease protection factor La,protein_coding,30.730312887875,-0.219497965081481,0.240017256197649,-0.91450910054871,0.360449398144952,0.523551653212978
METTL5,METTL5,"methyltransferase 5, N6-adenosine",protein_coding,19.9303584898278,-0.276220505643111,0.259118983815521,-1.06599872219229,0.286424219535818,0.448028478982035
ITGA6,ITGA6,integrin subunit alpha 6,protein_coding,19.8526739559554,-1.37532448691855,0.402333326195393,-3.41837078206795,0.00062997222915328,0.00399596746417706
CIR1,UBE2V1,ubiquitin conjugating enzyme E2 V1,protein_coding,13.0299822910806,-0.0340355782958269,0.277624405233907,-0.122595772036507,0.902427202614424,0.94225718101536
HNRNPA3,HNRNPA3,heterogeneous nuclear ribonucleoprotein A3,protein_coding,96.4801690911743,-0.4228018851644,0.176511253454091,-2.39532537949127,0.016605621826758,0.0532439443969066
CWC22,CWC22,CWC22 spliceosome associated protein homolog,protein_coding,10.7805754062446,0.111206519872284,0.307857518300212,0.361227234229308,0.717929584710583,0.817856599487075
SSFA2,ITPRID2,ITPR interacting domain containing 2,protein_coding,10.4163175675148,0.441680131999102,0.360408835437563,1.22549751440713,0.22038782602653,0.370158426107939
ZC3H15,ZC3H15,zinc finger CCCH-type containing 15,protein_coding,15.4606280546977,0.401639916536718,0.275078870148452,1.46009003279665,0.144265331567348,0.275478635538932
TFPI,TFPI,tissue factor pathway inhibitor,protein_coding,10.2180806353419,0.585935937967145,0.334556512418999,1.75138105586574,0.0798802939534909,0.180582465477797
COL3A1,COL3A1,collagen type III alpha 1 chain,protein_coding,16.6258586361292,1.13723489232651,0.406746451591816,2.79593070296227,0.00517504953221518,0.0213908026591563
SLC40A1,SLC40A1,solute carrier family 40 member 1,protein_coding,22.1101231093577,0.775399857714905,0.239251453456941,3.24094105390443,0.00119135816162613,0.00660816658542384
STAT1,STAT1,signal transducer and activator of transcription 1,protein_coding,12.0511417431597,0.364079214131203,0.380176244577326,0.957659031368414,0.338234721748659,0.502449060380191
MYO1B,MYO1B,myosin IB,protein_coding,27.8413884555861,0.957875204546097,0.295555771759212,3.24092877240941,0.00119140948919591,0.00660816658542384
SF3B1,SF3B1,splicing factor 3b subunit 1,protein_coding,25.0927244714676,0.548092023955448,0.287698582594299,1.90509115134691,0.0567682234410678,0.137873943897094
HSPD1,HSPD1,heat shock protein family D (Hsp60) member 1,protein_coding,136.207001629223,0.000394191608430641,0.184272337470856,0.00213917950920325,0.998293182998579,0.998589261976235
HSPE1,HSPE1,heat shock protein family E (Hsp10) member 1,protein_coding,137.489986321336,-0.0383482282816163,0.163761297365366,-0.234171497774947,0.814851841370728,0.883373473485994
HSPE1-MOB4,HSPE1-MOB4,HSPE1-MOB4 readthrough,protein_coding,297.123811988172,-0.0745159164270513,0.158291312379642,-0.470751775993457,0.637818005646245,0.762153211330371
AOX1,AOX1,aldehyde oxidase 1,protein_coding,41.0239292882146,2.60623312394178,0.468396055623147,5.56416539518994,2.63410026492454e-08,7.66137699005492e-07
BZW1,BZW1,basic leucine zipper and W2 domains 1,protein_coding,17.9897195027073,0.212830303504385,0.25651394394696,0.829702667346587,0.406706912999708,0.57226901917658
CLK1,COQ7,"coenzyme Q7, hydroxylase",protein_coding,41.453522170719,1.08083180648905,0.267989131341742,4.03311806369774,5.50416081066566e-05,0.000518870495392791
NDUFB3,NDUFB3,NADH:ubiquinone oxidoreductase subunit B3,protein_coding,12.8585992230417,0.0373202808471139,0.277655971681302,0.134411950951844,0.893076831896044,0.935025568073777
SUMO1,SUMO1,small ubiquitin like modifier 1,protein_coding,39.173997898475,0.09592862610764,0.193160849837969,0.496625616361228,0.619453085411533,0.747291658425142
NOP58,NOP58,NOP58 ribonucleoprotein,protein_coding,24.4708321003443,-0.0849725342276844,0.240040639474179,-0.353992284030825,0.723344665782041,0.819951058883159
RAPH1,RAPH1,Ras association (RalGDS/AF-6) and pleckstrin homology domains 1,protein_coding,14.7601078714848,1.26073916132356,0.412062116814153,3.05958521756606,0.00221643721400356,0.0111288479061021
EEF1B2,EEF1B2,eukaryotic translation elongation factor 1 beta 2,protein_coding,96.6693832968807,0.0209940960394699,0.276622420132981,0.0758944124246233,0.939503102279123,0.965825387472288
IDH1,IDH1,isocitrate dehydrogenase (NADP(+)) 1,protein_coding,30.6938496356779,0.264041992035029,0.28528800755905,0.925527835166279,0.354691411625412,0.518662793823793
CPS1,CPS1,carbamoyl-phosphate synthase 1,protein_coding,174.960379534419,1.79795508733784,0.518849509685671,3.46527278868796,0.000529693900038245,0.00344502479133499
FN1,FN1,fibronectin 1,protein_coding,69.0214113159435,0.0262467142028083,0.361819570059072,0.0725408915789799,0.942171464393943,0.966485566700884
PECR,PECR,peroxisomal trans-2-enoyl-CoA reductase,protein_coding,19.5064546472393,0.66776837462732,0.36131080692015,1.84818267773235,0.0645759204529608,0.15129034408675
XRCC5,XRCC5,X-ray repair cross complementing 5,protein_coding,23.5310440933686,-0.0636210867935458,0.226650702908484,-0.280701034574927,0.778939715167552,0.859283635834695
CYP27A1,CYP27A1,cytochrome P450 family 27 subfamily A member 1,protein_coding,38.2652267865309,0.465137220030827,0.319251752379662,1.45696058538051,0.145127260473944,0.276174593365932
ACSL3,ACSL3,acyl-CoA synthetase long chain family member 3,protein_coding,9.89991117241125,-0.937979259687014,0.354816488243396,-2.64356164599539,0.00820388251509197,0.0307162634199283
C2orf72,C2orf72,chromosome 2 open reading frame 72,protein_coding,18.082803784524,-0.45025073937401,0.367843045350194,-1.22402950134714,0.220941098706815,0.370652925864304
NCL,NCL,nucleolin,protein_coding,117.725197331062,0.0265176790437913,0.300477088950581,0.0882519167647842,0.929676454636954,0.96103431736514
PTMA,PTMA,prothymosin alpha,protein_coding,220.516081626026,-0.162330008970615,0.235693103939629,-0.688734656454755,0.490990262742502,0.651648178431201
UGT1A8,UGT1A8,UDP glucuronosyltransferase family 1 member A8,protein_coding,154.488914387533,0.734249032929492,0.451592953038183,1.62590896954809,0.103969021743859,0.216943234347423
UGT1A10,UGT1A10,UDP glucuronosyltransferase family 1 member A10,protein_coding,120.430494824448,0.741488680315471,0.441759754020702,1.67848853039864,0.0932517676892319,0.203295672704587
UGT1A9,UGT1A9,UDP glucuronosyltransferase family 1 member A9,protein_coding,162.749922566411,0.700498869985173,0.443265383251687,1.58031485528259,0.114034779526294,0.230681042553191
UGT1A7,UGT1A7,UDP glucuronosyltransferase family 1 member A7,protein_coding,89.1034371068486,0.735340910160241,0.4411724822192,1.66678779796352,0.0955566073885451,0.206060134377649
UGT1A6,UGT1A6,UDP glucuronosyltransferase family 1 member A6,protein_coding,76.8969651417584,0.640241922253502,0.425145020273287,1.50593771942089,0.132083162447079,0.256320864472159
UGT1A5,UGT1A5,UDP glucuronosyltransferase family 1 member A5,protein_coding,157.856865127421,0.733810796500566,0.447234815617426,1.64077296953617,0.100844551270284,0.213600581509439
UGT1A4,UGT1A4,UDP glucuronosyltransferase family 1 member A4,protein_coding,157.732328695447,0.829062704191752,0.452460732586987,1.8323417801397,0.0669005161150698,0.155818096615665
UGT1A3,UGT1A3,UDP glucuronosyltransferase family 1 member A3,protein_coding,157.989694013179,0.737313086231617,0.445548959392428,1.65484189938868,0.0979565723199683,0.209906940685646
UGT1A1,UGT1A1,UDP glucuronosyltransferase family 1 member A1,protein_coding,92.7833342503538,0.687003561278729,0.45551571368685,1.50818850071771,0.131506289535636,0.256034694320402
SPP2,GPKOW,G-patch domain and KOW motifs,protein_coding,41.7428725336581,1.43715959854155,0.641086613648268,2.2417557439907,0.0249771629456512,0.0733627261396283
AGXT,AGXT,alanine--glyoxylate aminotransferase,protein_coding,44.6317311796983,0.886742101527311,0.35838551304733,2.47426882294264,0.0133509194941322,0.0448808380415565
HDLBP,HDLBP,high density lipoprotein binding protein,protein_coding,15.1909318750861,-0.23767888659983,0.297477121107306,-0.798982072016539,0.424300807543802,0.591096627331757
FKBP1A,FKBP1A,FKBP prolyl isomerase 1A,protein_coding,17.3387275719993,-0.384951202236374,0.279766845320889,-1.3759714872391,0.168830460945486,0.308552221727958
MRPS26,MRPS26,mitochondrial ribosomal protein S26,protein_coding,11.8241979352601,0.114523069386411,0.312271384582085,0.36674211932572,0.71381138566357,0.817302042634477
DDRGK1,DDRGK1,DDRGK domain containing 1,protein_coding,35.6944121223555,0.232083706909922,0.248770609760815,0.932922531054062,0.350859968271218,0.513690008794877
CENPB,CENPB,centromere protein B,protein_coding,22.030029197189,-0.423157376443908,0.255969765333167,-1.65315374608064,0.0982995772937855,0.210183432625612
PCNA,PCNA,proliferating cell nuclear antigen,protein_coding,15.9161634147782,-0.729458916511842,0.303937463470994,-2.4000296251122,0.016393745015417,0.0528726688364601
CRLS1,CRLS1,cardiolipin synthase 1,protein_coding,10.9567282477842,-0.00613546029290865,0.371252854691544,-0.016526365293558,0.986814468495856,0.992641293699964
HAO1,HAO1,hydroxyacid oxidase 1,protein_coding,78.2503887770523,1.83367523103636,0.356856256911384,5.13841412479901,2.77066757767547e-07,5.69658807996206e-06
TMX4,TMX4,thioredoxin related transmembrane protein 4,protein_coding,10.9211711598571,-0.376119806827641,0.36910164280981,-1.0190141771367,0.30819623601336,0.471163943304607
ESF1,ESF1,ESF1 nucleolar pre-rRNA processing protein homolog,protein_coding,11.8216533038337,-0.173041079629968,0.332819583564116,-0.519924572276958,0.603116148118366,0.736749166418059
DSTN,DSTN,"destrin, actin depolymerizing factor",protein_coding,15.518328680652,0.22831900458247,0.28306159140988,0.806605387347867,0.419893868922601,0.586670695594847
RRBP1,RRBP1,ribosome binding protein 1,protein_coding,37.9553505755381,-0.418360379962064,0.278113823311059,-1.50427754716149,0.132509917817245,0.256939962596854
NAA20,NAA20,"N-alpha-acetyltransferase 20, NatB catalytic subunit",protein_coding,21.4327824867358,-0.388872792211674,0.30245175987828,-1.28573492965679,0.198535586442173,0.344870629034655
CST3,CST3,cystatin C,protein_coding,12.3184654363534,0.29411289671237,0.383339295448903,0.767239101767414,0.442939368529825,0.607619335154987
APMAP,APMAP,adipocyte plasma membrane associated protein,protein_coding,37.7375454893699,-0.113099839332751,0.229421037531626,-0.492979373424552,0.622027161784327,0.748881767216365
CHMP4B,CHMP4B,charged multivesicular body protein 4B,protein_coding,40.4594867608525,-0.256376566490353,0.251709271446149,-1.01854240416886,0.308420259727842,0.471163943304607
EIF2S2,EIF2S2,eukaryotic translation initiation factor 2 subunit beta,protein_coding,15.0667937557119,-0.150256114778303,0.272310524206239,-0.551782253793848,0.581097547189453,0.72070600626461
AHCY,AHCY,adenosylhomocysteinase,protein_coding,23.3972690720919,-0.137543264983209,0.278916562694123,-0.493134088756312,0.621917845755351,0.748881767216365
ROMO1,ROMO1,reactive oxygen species modulator 1,protein_coding,17.8709798327559,-0.572965490200627,0.276266012748191,-2.07396300580364,0.0380827467295342,0.101938665488147
RBM39,RBM39,RNA binding motif protein 39,protein_coding,35.9833296898689,0.0409774396398234,0.263262919583179,0.155652150727123,0.87630721553292,0.924025248016647
TGIF2-C20orf24,TGIF2-RAB5IF,TGIF2-RAB5IF readthrough,protein_coding,17.7879810163373,-0.384156688686031,0.335862734713429,-1.14379074836572,0.252710427558785,0.411690143256627
C20orf24,RAB5IF,RAB5 interacting factor,protein_coding,16.7718240798559,-0.227296959877483,0.347971388640975,-0.653205887889825,0.513623554924341,0.670127012305554
RPN2,PSMD1,"proteasome 26S subunit, non-ATPase 1",protein_coding,30.3626396978212,-1.0705475049743,0.235415950290132,-4.54747226623739,5.42940722949907e-06,6.96190120556736e-05
CTNNBL1,CTNNBL1,catenin beta like 1,protein_coding,8.84500651885218,0.341848380954469,0.33174901234848,1.03044279931535,0.302802190789596,0.465924661311734
LBP,LBP,lipopolysaccharide binding protein,protein_coding,40.1225990543107,-0.11609112613119,0.490009993574478,-0.236915833663595,0.812722086151644,0.883071606137435
TOP1,TOP1,DNA topoisomerase I,protein_coding,17.5459516706339,0.120055153855054,0.247701382269694,0.484676963668858,0.627905509825501,0.753985960623708
SRSF6,SRSF6,serine and arginine rich splicing factor 6,protein_coding,29.8422315362974,0.675128772046556,0.242969988199522,2.77865088214991,0.00545851563565139,0.0222539483607326
OSER1,OSER1,oxidative stress responsive serine rich 1,protein_coding,10.2607684972714,0.35185872277324,0.320464898902592,1.09796337751234,0.272220481281885,0.432830565238197
HNF4A,HNF4A,hepatocyte nuclear factor 4 alpha,protein_coding,19.1635529054879,-0.244845347002646,0.247914371331892,-0.987620627587024,0.323338480075191,0.48684487056776
SERINC3,SERINC3,serine incorporator 3,protein_coding,34.1224546096961,0.437593128284221,0.255829541204103,1.71048709318173,0.0871758381262617,0.193769220811868
SLPI,SLPI,secretory leukocyte peptidase inhibitor,protein_coding,98.0533996092621,-2.59678254612234,1.04252621402087,-2.4908558760426,0.0127435801651191,0.0435436084438527
SDC4,SDC4,syndecan 4,protein_coding,94.5691041790463,0.522543073599052,0.272186920329819,1.91979494446635,0.0548838057117161,0.135181625110023
STAU1,STAU1,staufen double-stranded RNA binding protein 1,protein_coding,19.9073784899116,-0.3111806589389,0.2514512139327,-1.23753890097419,0.215887081572871,0.365214311427493
UBE2V1,UBE2V1,ubiquitin conjugating enzyme E2 V1,protein_coding,11.3449749349826,-0.34834982942796,0.280694075697107,-1.24103021612704,0.21459458676429,0.363500063517635
TMEM189-UBE2V1,PEDS1-UBE2V1,PEDS1-UBE2V1 readthrough,protein_coding,20.4832769509079,-0.422650854665568,0.227555630195854,-1.85735177943872,0.0632611221277444,0.149013365732146
CEBPB,CEBPB,CCAAT enhancer binding protein beta,protein_coding,25.4547573076402,0.264109823507214,0.314415388726184,0.840002852841341,0.400906786969989,0.566782861246843
DPM1,DPM1,"dolichyl-phosphate mannosyltransferase subunit 1, catalytic",protein_coding,25.3968784324561,-0.0376902340942369,0.215877636555999,-0.174590729709327,0.861401233323726,0.913483381029928
FAM210B,FAM210B,family with sequence similarity 210 member B,protein_coding,12.225167039598,0.515644758768127,0.303690214228112,1.69793010972954,0.0895209535948171,0.197509226941387
PCK1,PCK1,phosphoenolpyruvate carboxykinase 1,protein_coding,118.552466805165,4.65840432647415,1.09073023695422,4.27090417836256,1.94682048325764e-05,0.000208213760204909
STX16,STX16,syntaxin 16,protein_coding,12.2137197388737,0.405958514550654,0.3033836283728,1.33810290531502,0.180862893826373,0.324746129489598
STX16-NPEPL1,STX16-NPEPL1,STX16-NPEPL1 readthrough (NMD candidate),protein_coding,9.37907955582214,0.444567361507551,0.323247835710609,1.37531427095325,0.169034034047601,0.308687726802089
CTSZ,CTSZ,cathepsin Z,protein_coding,106.92243686809,0.443537532600364,0.236514877213708,1.87530500332795,0.0607507754408899,0.145472489384059
PSMA7,PSMA7,proteasome 20S subunit alpha 7,protein_coding,17.1396674709099,0.185217792091692,0.274273900894161,0.675302285371895,0.499483732252432,0.658523328591514
RPS21,RPS21,ribosomal protein S21,protein_coding,194.696505980335,-0.518114531265424,0.182231030844765,-2.84317401302956,0.00446666760598037,0.0190914018642709
YTHDF1,YTHDF1,YTH N6-methyladenosine RNA binding protein F1,protein_coding,10.907000445945,-0.37215112698082,0.283922247797595,-1.31075014327909,0.189942191649332,0.335316156242529
PPDPF,PPDPF,pancreatic progenitor cell differentiation and proliferation factor,protein_coding,42.6763327172754,-0.574559559338043,0.627752607102197,-0.915264314058844,0.360052888524573,0.523294417508292
ZGPAT,ZGPAT,zinc finger CCCH-type and G-patch domain containing,protein_coding,10.1864331526243,1.08249442388435,0.387108268279137,2.7963608958716,0.00516816534710035,0.0213908026591563
SLC2A4RG,SLC2A4RG,SLC2A4 regulator,protein_coding,22.169737014113,-0.347887847409899,0.266697978218235,-1.30442626424872,0.192088285047567,0.33721540924094
PRPF6,PRPF6,pre-mRNA processing factor 6,protein_coding,15.5471746359662,-0.394775915364235,0.259386866682487,-1.52195799430152,0.128019606224157,0.250267836757881
MRPL39,MRPL39,mitochondrial ribosomal protein L39,protein_coding,12.8213634996209,0.366648731683869,0.269984907410032,1.35803417754397,0.174452839502433,0.31588475310606
ATP5J,ATP5PF,ATP synthase peripheral stalk subunit F6,protein_coding,26.902766980625,0.235724807283133,0.221153888827547,1.0658858794337,0.286475232892077,0.448028478982035
APP,APP,amyloid beta precursor protein,protein_coding,42.8503345724882,0.224432296581681,0.330487066141913,0.679095551912791,0.497077320672052,0.656076043056361
CCT8,CCT8,chaperonin containing TCP1 subunit 8,protein_coding,24.153997338982,-0.460126624371949,0.234645678457594,-1.96094224874082,0.0498857601338486,0.125371483581906
SOD1,SOD1,superoxide dismutase 1,protein_coding,344.256251277192,0.893892883091067,0.215262406262418,4.15257312510647,3.28757651203508e-05,0.000325347302124634
C21orf59,CFAP298,cilia and flagella associated protein 298,protein_coding,17.5338120427008,-0.173814016868921,0.266559918466875,-0.652063588061609,0.514360152319641,0.670721139028072
DONSON,DONSON,DNA replication fork stabilization factor DONSON,protein_coding,14.690797030281,-0.257450980822405,0.259851558313013,-0.99076173525303,0.321801937917943,0.484918144055935
CBR1,CBR1,carbonyl reductase 1,protein_coding,18.4142354130325,0.390729262349293,0.307732845136223,1.26970282348746,0.204190506682005,0.350561928997325
ETS2,ETS2,"ETS proto-oncogene 2, transcription factor",protein_coding,51.8908906996888,1.19485582931668,0.391128316979164,3.05489471727593,0.00225139540194091,0.0112099750180148
HMGN1,HMGN1,high mobility group nucleosome binding domain 1,protein_coding,42.7124074649873,-0.903429585651885,0.226740547990993,-3.98442005039069,6.76451261408974e-05,0.000606517390398648
UBE2G2,UBE2G2,ubiquitin conjugating enzyme E2 G2,protein_coding,12.379592474531,-0.123303413598511,0.272378153575008,-0.45269200917964,0.650770534377122,0.773515669700786
PTTG1IP,PTTG1IP,PTTG1 interacting protein,protein_coding,18.0817992121507,-0.371223032854708,0.240187771334657,-1.54555342593807,0.122212456624155,0.242181188217562
COL18A1,COL18A1,collagen type XVIII alpha 1 chain,protein_coding,24.0451706241984,0.170342680238997,0.306745807344076,0.555321951142186,0.578674466969797,0.719571743338356
FTCD,FTCD,formimidoyltransferase cyclodeaminase,protein_coding,25.7209362525453,0.919345211191831,0.479830433786429,1.91597936783024,0.055367721926688,0.135855984357151
ATP6V1E1,ATP6V1E1,ATPase H+ transporting V1 subunit E1,protein_coding,12.3920486284021,-0.389818628424764,0.28302743534935,-1.37731746020875,0.168414119319553,0.30802735780455
SLC25A1,SLC25A1,solute carrier family 25 member 1,protein_coding,14.1968563045686,-0.482743845268792,0.288839677882263,-1.67132108998393,0.0946582729024959,0.204863866490429
SERPIND1,SERPIND1,serpin family D member 1,protein_coding,63.626046857309,-0.0806481334592095,0.225247890111725,-0.358041682073947,0.720312120653506,0.81943211886783
CRKL,CRKL,"CRK like proto-oncogene, adaptor protein",protein_coding,10.3135447254997,-0.737578035991874,0.296620875656022,-2.48660191013397,0.0128969625105152,0.0437542753735117
SDF2L1,SDF2L1,stromal cell derived factor 2 like 1,protein_coding,11.156219228993,-1.81816873505069,0.373800494153176,-4.8640083774358,1.15032041419928e-06,1.86633618222127e-05
CHCHD10,CHCHD10,coiled-coil-helix-coiled-coil-helix domain containing 10,protein_coding,12.8770145149677,0.131077434666403,0.327834831429934,0.399827663505662,0.689283453923752,0.800573342295579
MIF,AMH,anti-Mullerian hormone,protein_coding,34.3114034493457,-1.11038381947049,0.366538041105393,-3.02938220579188,0.00245054445307719,0.012001126325645
DDTL,DDTL,D-dopachrome tautomerase like,protein_coding,22.7432230803204,0.402667171522681,0.398474984378648,1.01052057797448,0.312245945559679,0.475243509993512
DDT,DDT,D-dopachrome tautomerase,protein_coding,23.0222471571005,0.557171254336414,0.382749946675372,1.45570563543142,0.145474011364071,0.276253070002629
UPB1,UPB1,beta-ureidopropionase 1,protein_coding,14.0958484700959,0.107571154840884,0.438823428286599,0.245135395940228,0.806351596856997,0.880034960278794
GUCD1,GUCD1,guanylyl cyclase domain containing 1,protein_coding,27.7634839112657,-0.387919559332117,0.254841591297537,-1.52219877986559,0.127959280772166,0.250267836757881
SNRPD3,SNRPD3,small nuclear ribonucleoprotein D3 polypeptide,protein_coding,22.6520118709613,-0.662012313036371,0.21613481189841,-3.06296013687762,0.00219159252236716,0.0110443269601303
PITPNB,PITPNB,phosphatidylinositol transfer protein beta,protein_coding,15.0950946494306,-0.198650019613345,0.274816816455426,-0.722845210768116,0.469774987581252,0.630863370147121
CCDC117,CCDC117,coiled-coil domain containing 117,protein_coding,12.4938908513575,-0.566003190766112,0.283961127182645,-1.99324180877073,0.0462349750079238,0.118421401342455
XBP1,XBP1,X-box binding protein 1,protein_coding,53.5046227832071,-0.162305531771863,0.19361425531693,-0.838293293570677,0.40186600149532,0.567783069031315
EWSR1,EWSR1,EWS RNA binding protein 1,protein_coding,15.8009402708029,-0.0954024837105289,0.251228717346667,-0.379743544918411,0.704135793022704,0.808942132157586
NIPSNAP1,NIPSNAP1,nipsnap homolog 1,protein_coding,37.2290196166782,-0.171611824341912,0.22715319658594,-0.755489365420334,0.449955410823265,0.612874731475435
UQCR10,UQCR10,"ubiquinol-cytochrome c reductase, complex III subunit X",protein_coding,10.2207157098457,-0.319544031098757,0.306606331825118,-1.04219645170609,0.297320607810776,0.460161817983751
TUG1,TUG1,taurine up-regulated 1,protein_coding,8.95026061871356,-0.351650722629823,0.329452897817879,-1.0673778405319,0.285801250757102,0.447561380863879
YWHAH,YWHAH,tyrosine 3-monooxygenase/tryptophan 5-monooxygenase activation protein eta,protein_coding,20.5181967185632,-0.710998247119831,0.276419583631262,-2.57217031362108,0.0101063160955841,0.0361824687779458
TIMP3,TIMP3,TIMP metallopeptidase inhibitor 3,protein_coding,11.7450485242375,0.789188220102405,0.529475169900433,1.49051034867378,0.136090097468833,0.262388748959715
APOL2,APOL2,apolipoprotein L2,protein_coding,17.5599365352254,-0.621055550080578,0.327860314420924,-1.8942687564291,0.0581893458747649,0.140650512238757
APOL1,APOL1,apolipoprotein L1,protein_coding,44.9067534022923,-0.0140269078550706,0.490620857749801,-0.028590117263673,0.977191494145127,0.988816568691915
MYH9,MYH9,myosin heavy chain 9,protein_coding,28.1627268209915,-0.365058829635393,0.239250707486016,-1.52584221577163,0.127049164297306,0.2495982346368
TXN2,TXN2,thioredoxin 2,protein_coding,11.2897849465682,-0.476879696969592,0.276195350452258,-1.72660291416464,0.084239002217457,0.188647906374305
EIF3D,EIF3D,eukaryotic translation initiation factor 3 subunit D,protein_coding,13.9473714324336,-0.578489873983187,0.291197933582816,-1.98658646668818,0.0469682421632294,0.119844759755617
TST,TSTD1,thiosulfate sulfurtransferase like domain containing 1,protein_coding,23.1653351501337,-0.310744817449439,0.390779183921908,-0.795192861428201,0.426501323643798,0.592897103387937
CDC42EP1,CDC42EP1,CDC42 effector protein 1,protein_coding,14.0011966994105,-1.32177831183396,0.359973997414682,-3.67187163885978,0.000240780617690149,0.00181012304592025
H1F0,H1-0,H1.0 linker histone,protein_coding,65.8059555678988,-1.35761776807739,0.279358535182744,-4.85976835176809,1.17523183215471e-06,1.89387021600607e-05
DDX17,DDX17,DEAD-box helicase 17,protein_coding,51.9355314885549,-0.249399050628893,0.264474475151397,-0.942998565310037,0.345681636761508,0.507666689455786
RPL3,RPL3,ribosomal protein L3,protein_coding,71.2102296955766,-0.0199015943129747,0.189031783411565,-0.105281735980052,0.916152255002524,0.951250817666966
ATF4,ATF4,activating transcription factor 4,protein_coding,55.5323572098839,-0.448051899702891,0.172088006099036,-2.60362072790267,0.00922447731748715,0.0337368535620084
ST13,ST13,ST13 Hsp70 interacting protein,protein_coding,61.9438343245115,-0.21788290104979,0.209893011268818,-1.03806648793437,0.299239102002594,0.461794361945502
RBX1,RBX1,ring-box 1,protein_coding,8.36770331728633,-0.853509078669073,0.331648847606909,-2.57353247215472,0.0100666200008084,0.0361824687779458
TOB2,TOB2,"transducer of ERBB2, 2",protein_coding,11.2190665428642,-0.380930217900983,0.297453552909477,-1.28063764636528,0.200320970467475,0.346709371962937
XRCC6,XRCC6,X-ray repair cross complementing 6,protein_coding,16.6869620833699,-0.912385409402076,0.317556700387467,-2.87314173591308,0.00406411739302935,0.0176555919533242
NDUFA6,NDUFA6,NADH:ubiquinone oxidoreductase subunit A6,protein_coding,17.5261116759179,-0.832780178556911,0.266053215800334,-3.13012633976914,0.00174731136602208,0.00919942076812948
CYP2D6,CYP2D6,cytochrome P450 family 2 subfamily D member 6,protein_coding,46.4605931088355,0.452217018434101,0.403446571789835,1.12088452363817,0.262337019384818,0.422316683331553
ARFGAP3,ARFGAP3,ADP ribosylation factor GTPase activating protein 3,protein_coding,16.5825511644983,-0.771500691106632,0.283313823684565,-2.72313112390027,0.00646663860648961,0.0254084564686618
TTC38,TTC38,tetratricopeptide repeat domain 38,protein_coding,12.6358847657668,0.556932032287653,0.281383103875353,1.97926607751957,0.04778605676634,0.120957999521001
BHLHE40,BHLHE40,basic helix-loop-helix family member e40,protein_coding,13.8953533214029,-0.0462732989081248,0.429950499761466,-0.107624712458288,0.914293393142816,0.9504603562228
ARL8B,ARL8B,ADP ribosylation factor like GTPase 8B,protein_coding,13.286906205787,-0.184484442793126,0.268107906877936,-0.688097732519012,0.491391238290687,0.651817632549104
BRK1,BRK1,BRICK1 subunit of SCAR/WAVE actin nucleating complex,protein_coding,25.5226000915668,-0.141759358438111,0.241369649401344,-0.587312277205145,0.556993997108549,0.703617946559263
SLC6A1,SLC6A1,solute carrier family 6 member 1,protein_coding,20.3690942285342,0.0107970599480054,0.478012801041773,0.0225873866232755,0.981979405278738,0.990005684407866
RPL32,RPL32,ribosomal protein L32,protein_coding,21.7808977024789,-0.285845365546178,0.298546504959006,-0.957456747267659,0.338336767702552,0.502449060380191
RPL15,RPL15,ribosomal protein L15,protein_coding,16.1335596754994,0.352792306547731,0.344943776603893,1.0227530701412,0.306424612146425,0.469982443710111
STT3B,STT3B,STT3 oligosaccharyltransferase complex catalytic subunit B,protein_coding,17.7537706397482,-0.0588427531049529,0.3040799705009,-0.193510782732659,0.84655896225466,0.903374999989872
CMTM6,CMTM6,CKLF like MARVEL transmembrane domain containing 6,protein_coding,17.3849236032211,0.206332174784698,0.260086498721857,0.793321359619497,0.427590615301289,0.593599311695911
GOLGA4,GOLGA4,golgin A4,protein_coding,15.2093023967988,0.555430954554177,0.32510829970833,1.70844901545879,0.0875530589727381,0.194426485707617
ACAA1,ACAA1,acetyl-CoA acyltransferase 1,protein_coding,18.7040343463415,1.97833051619128,0.331159872685563,5.97394394480189,2.31585403840264e-09,1.00423852392551e-07
RPSA,RPSA,ribosomal protein SA,protein_coding,36.790540313212,-0.751155901224965,0.33016462873262,-2.27509501580583,0.0229002306008388,0.068356758426784
RPL14,RPL14,ribosomal protein L14,protein_coding,15.7951069884761,-0.049307189185364,0.323652052483635,-0.152346289192333,0.878913817483494,0.925887568329564
CTNNB1,CTNNB1,catenin beta 1,protein_coding,25.0136689051931,-0.0972421832803647,0.246710248209093,-0.394155427211721,0.693466291334215,0.802574299291133
HIGD1A,HIGD1A,HIG1 hypoxia inducible domain family member 1A,protein_coding,32.1445930565577,0.75671973817901,0.243192775260311,3.11160451772889,0.00186073592562852,0.00968964013673366
CYP8B1,CYP8B1,cytochrome P450 family 8 subfamily B member 1,protein_coding,41.4453965770338,2.6865585581406,0.556413112627775,4.8283523467892,1.37667352371156e-06,2.18891090270139e-05
CCDC51,CCDC51,coiled-coil domain containing 51,protein_coding,28.9124073408404,0.00226648682908805,0.22740889348613,0.00996657076310114,0.992047958713591,0.995386782302025
TMA7,TMA7,translation machinery associated 7 homolog,protein_coding,90.1371868014657,0.0455834922452351,0.183563557038266,0.248325391928054,0.80388265425017,0.878900651101883
UQCRC1,UQCRC1,ubiquinol-cytochrome c reductase core protein 1,protein_coding,9.35571519531696,0.248299648964928,0.303041919525419,0.819357431980962,0.412582514165375,0.579022571078049
SLC25A20,SLC25A20,solute carrier family 25 member 20,protein_coding,14.6116988591964,0.47648631967339,0.294478239937849,1.61806970788047,0.105647575848245,0.218939904020949
GPX1,GPX1,glutathione peroxidase 1,protein_coding,10.7186389484478,0.206060989701963,0.312966875310318,0.658411499612047,0.510273748020573,0.667948896283791
RHOA,RHOA,ras homolog family member A,protein_coding,53.40266389374,-0.109129860382438,0.19604011890746,-0.556671057896838,0.577752194659209,0.718799678801363
MST1,MST1,macrophage stimulating 1,protein_coding,20.3899480066994,0.72454774911496,0.301072411730247,2.40655643255728,0.0161037158089313,0.0520424962117902
RBM6,RBM6,RNA binding motif protein 6,protein_coding,26.9777886970402,0.596409521147882,0.250224937667275,2.38349353468889,0.0171491857028886,0.0543171419673165
SLC38A3,SLC38A3,solute carrier family 38 member 3,protein_coding,31.1862540514294,-0.467310198249736,0.323610553599472,-1.44405116907318,0.14872458238318,0.280401682991213
ABHD14B,ABHD14B,abhydrolase domain containing 14B,protein_coding,10.2000177296632,0.407690934854448,0.310530522716944,1.31288522393037,0.189221626619796,0.335036064950419
ABHD14A-ACY1,ABHD14A-ACY1,ABHD14A-ACY1 readthrough,protein_coding,10.2126092507128,0.849183478860208,0.32739701012989,2.59374231463906,0.00949376126549449,0.0345161899667749
RPL29,RPL29,ribosomal protein L29,protein_coding,23.8150769458199,-0.12313543330142,0.252900866426638,-0.486892097450127,0.626334799449804,0.752927669701504
ALAS1,ALAS1,5'-aminolevulinate synthase 1,protein_coding,27.7492146772808,1.87144967202364,0.448518802622649,4.1725110766385,3.01260948855133e-05,0.000305325757213315
GLYCTK,GLYCTK,glycerate kinase,protein_coding,14.3371560961683,0.667543240150834,0.332761909217725,2.00606866849673,0.0448489221246175,0.115762639899581
GNL3,GNL3,G protein nucleolar 3,protein_coding,36.0461519732523,-0.519380840899762,0.324307484599725,-1.60150741368429,0.109264579305332,0.223495730397271
ITIH1,ITIH1,inter-alpha-trypsin inhibitor heavy chain 1,protein_coding,78.2069546572771,0.702208894966295,0.27725400586971,2.5327276796725,0.0113178841749437,0.0396375238726003
ITIH3,ITIH3,inter-alpha-trypsin inhibitor heavy chain 3,protein_coding,72.9397582801519,0.399861238489607,0.332603904663212,1.2022145046508,0.229280431042911,0.382134051738185
ITIH4,ITIH4,inter-alpha-trypsin inhibitor heavy chain 4,protein_coding,111.731246709689,1.24971080202394,0.236328552411398,5.28802292093956,1.23645487850727e-07,2.80851893832365e-06
SELK,SELENOK,selenoprotein K,protein_coding,14.287003938348,-0.141954502076603,0.291461092040047,-0.487044432184788,0.626226843863738,0.752927669701504
ARF4,ARF4,ADP ribosylation factor 4,protein_coding,29.0415058335668,-0.17864071560192,0.229516262603601,-0.778335763990944,0.436371096852809,0.602283024302055
PDHB,PDHB,pyruvate dehydrogenase E1 subunit beta,protein_coding,16.8585429868374,0.103841436360964,0.310091080817159,0.334873986337557,0.737720146152363,0.828981387277148
THOC7,THOC7,THO complex subunit 7,protein_coding,13.9266513428704,-0.244977927706951,0.304543246425173,-0.804410968171452,0.421159668834905,0.587750620345962
SUCLG2,SUCLG2,succinate-CoA ligase GDP-forming subunit beta,protein_coding,23.7341761673412,1.44127006984475,0.303490321974461,4.74898197895758,2.04443157079358e-06,3.08605651667259e-05
PPP4R2,PPP4R2,protein phosphatase 4 regulatory subunit 2,protein_coding,11.8861186820672,-0.21753783057044,0.352391709177211,-0.617318242470468,0.537024836572087,0.686758303069398
CHMP2B,CHMP2B,charged multivesicular body protein 2B,protein_coding,11.8090259673329,-0.0474766746256619,0.320319889227048,-0.148216443069539,0.882171955449508,0.928090036941807
PROS1,PROS1,protein S,protein_coding,79.780493706076,0.70780679086226,0.156216738899396,4.53092796488401,5.87251616485481e-06,7.37155318588354e-05
CPOX,CPOX,coproporphyrinogen oxidase,protein_coding,8.90540370935591,0.188524100091372,0.308318188414475,0.611459547880894,0.540895390815974,0.690227665647993
TOMM70,TOMM70,translocase of outer mitochondrial membrane 70,protein_coding,12.6266654513743,-0.0118350239180693,0.267208345528869,-0.0442913708201926,0.964672150014099,0.980451809190712
TFG,TFG,trafficking from ER to golgi regulator,protein_coding,9.8794007626072,-0.163625572486478,0.297596312240528,-0.549823925083555,0.582440147045134,0.720951859629571
PCNP,PCNP,PEST proteolytic signal containing nuclear protein,protein_coding,13.4548469275197,0.114780156717599,0.287511739276376,0.399219026696033,0.689731824872698,0.800573342295579
RPL24,RPL24,ribosomal protein L24,protein_coding,36.1397210694929,-0.057647535670549,0.22117855802338,-0.260637993961672,0.794371687122934,0.870724532128672
COX17,COX17,cytochrome c oxidase copper chaperone COX17,protein_coding,12.7646951469654,0.43819551178188,0.278342829176001,1.57430142202371,0.115417781182509,0.232437653323878
HGD,HGD,"homogentisate 1,2-dioxygenase",protein_coding,41.2188734917122,1.77098744658699,0.317665452292729,5.57500802748617,2.47518451778094e-08,7.37914384363443e-07
GOLGB1,GOLGB1,golgin B1,protein_coding,12.5912646929666,0.283734244317919,0.339825621373012,0.834940706270279,0.403751093975439,0.569117233529209
PARP14,PARP14,poly(ADP-ribose) polymerase family member 14,protein_coding,9.3915978326885,0.492047918012456,0.326018753056913,1.50926262185464,0.131231682707657,0.255708793511243
SNX4,SNX4,sorting nexin 4,protein_coding,11.4079723257096,0.269575513093768,0.291575242358179,0.924548706239652,0.355200704919294,0.519089265461101
KLF15,KLF15,KLF transcription factor 15,protein_coding,12.1096392508853,-0.152363607695314,0.429022483218248,-0.355141312297624,0.722483728489473,0.819951058883159
SEC61A1,SEC61A1,SEC61 translocon subunit alpha 1,protein_coding,23.0226582694523,-0.951395481302171,0.2366698275576,-4.01992721725639,5.82161237449079e-05,0.000540254689228036
RPN1,PSMD2,"proteasome 26S subunit ubiquitin receptor, non-ATPase 2",protein_coding,34.8204795261172,-0.489153615148639,0.194823187970299,-2.51075665194028,0.0120472712821707,0.0415813921967832
RAB7A,RAB7A,"RAB7A, member RAS oncogene family",protein_coding,88.9756764931886,0.144905380153511,0.2061026467977,0.703073844052777,0.482009731427377,0.643309014803746
CNBP,CNBP,CCHC-type zinc finger nucleic acid binding protein,protein_coding,98.6987577385386,0.451072532398494,0.185833488986134,2.42729410538136,0.0152119185767128,0.0496312254520656
COPG1,COPG1,COPI coat complex subunit gamma 1,protein_coding,13.3969035808664,-0.435784600317965,0.275625383767683,-1.58107571356808,0.11386072702044,0.230524477032045
NUDT16,NUDT16,nudix hydrolase 16,protein_coding,11.3716378877954,0.587164752563546,0.318203441431599,1.84524953571177,0.065001247676921,0.152137365760016
MRPL3,MRPL3,mitochondrial ribosomal protein L3,protein_coding,11.0232104859283,-0.0159010684138809,0.292316152615719,-0.0543968175264832,0.95661901434864,0.975849593336829
ACAD11,ACAD11,acyl-CoA dehydrogenase family member 11,protein_coding,12.8350367314596,1.21995416810089,0.346484471569617,3.52094904159584,0.000430005244158587,0.00290527622469753
NPHP3-ACAD11,NPHP3-ACAD11,NPHP3-ACAD11 readthrough (NMD candidate),protein_coding,10.9559705049293,1.1557133671406,0.332801570642743,3.47268002644508,0.000515289292976995,0.00339493083908877
CDV3,CDV3,CDV3 homolog,protein_coding,35.0569371712631,-0.277257705108609,0.254468624518071,-1.08955556164811,0.275908967261369,0.435789991336665
TF,TF,transferrin,protein_coding,421.146774211458,0.485050181438341,0.507156045872517,0.956412105082679,0.338864071366264,0.502918985817386
SRPRB,SRPRB,SRP receptor subunit beta,protein_coding,11.5064969231313,-1.42502465650265,0.422205453743391,-3.37519244213448,0.000737640900585824,0.00449942083861174
ANAPC13,ANAPC13,anaphase promoting complex subunit 13,protein_coding,16.5111444411865,-0.107829344711138,0.25176404273207,-0.428295254322281,0.668436173591274,0.786104671605123
COPB2,COPB2,COPI coat complex subunit beta 2,protein_coding,9.99549977979841,-0.0436727971556788,0.305778428232889,-0.142824977576301,0.886428410058591,0.930106360752195
RBP1,RBP1,retinol binding protein 1,protein_coding,17.1949089207148,0.216310058083209,0.666274909549528,0.324655866494294,0.745441540140641,0.833119996830097
PLOD2,PLOD2,"procollagen-lysine,2-oxoglutarate 5-dioxygenase 2",protein_coding,11.6748050160802,-1.0823064430372,0.328297357300277,-3.29672602891918,0.000978188697535556,0.0057041076861181
HPS3,HPS3,HPS3 biogenesis of lysosomal organelles complex 2 subunit 1,protein_coding,90.2558279741298,1.2147646348477,0.450119718525716,2.69875898533493,0.00695985604727281,0.0270027067721482
CP,CP,ceruloplasmin,protein_coding,170.99128733007,1.39656461300118,0.538311981970693,2.59434056787763,0.00947725570417994,0.0345087860373575
TM4SF1,TM4SF1,transmembrane 4 L six family member 1,protein_coding,24.9140710458221,-0.255504449835872,0.380888276867138,-0.670812060527128,0.502340263351048,0.660763316192868
TM4SF4,TM4SF4,transmembrane 4 L six family member 4,protein_coding,62.0526307448437,-0.292234404447941,0.339004803345408,-0.862036176372955,0.388667610715963,0.552829972502514
SERP1,SERP1,stress associated endoplasmic reticulum protein 1,protein_coding,13.8462327615629,-0.0171747509192065,0.286181615443738,-0.0600134669467717,0.952144908950937,0.972533450898495
EIF2A,EIF2S1,eukaryotic translation initiation factor 2 subunit alpha,protein_coding,10.7434270496629,0.00815475699732777,0.298005475094837,0.0273644536051984,0.978169049538689,0.988816568691915
AADAC,AADAC,arylacetamide deacetylase,protein_coding,67.6893935569173,0.599330683076476,0.41072440788476,1.45920396151532,0.144508978798825,0.275723131548158
SSR3,SSR3,signal sequence receptor subunit 3,protein_coding,13.159490663707,-0.724285724090809,0.286720521064326,-2.52610354292818,0.0115335482930517,0.0401569528159538
CCNL1,MCM2,minichromosome maintenance complex component 2,protein_coding,20.7804791929349,1.34521375192864,0.315345579542747,4.26583988866821,1.99151570029496e-05,0.000211100664231265
MFSD1,MFSD1,major facilitator superfamily domain containing 1,protein_coding,13.4455547334339,0.467566111175393,0.284421602406385,1.64391912294808,0.100192909534369,0.212597944163229
GOLIM4,GOLIM4,golgi integral membrane protein 4,protein_coding,26.0062896654183,0.0900498089577977,0.235863774332805,0.381787365238788,0.702619091243358,0.807978077442338
SEC62,SEC62,"SEC62 homolog, preprotein translocation factor",protein_coding,27.7310599039546,0.543860424759536,0.249373316354586,2.18090865819106,0.0291901731941905,0.0835757059641589
SLC2A2,SLC2A2,solute carrier family 2 member 2,protein_coding,78.9789274589499,0.971217295616167,0.336194214725692,2.88885784786214,0.00386643818045011,0.0169201010282083
PARL,PARL,presenilin associated rhomboid like,protein_coding,10.4610184838512,-0.316416275026865,0.321481059887897,-0.984245464218647,0.324994836685538,0.488358048555325
PSMD2,PSMD2,"proteasome 26S subunit ubiquitin receptor, non-ATPase 2",protein_coding,11.0284224259211,-0.354848473691161,0.374234681898374,-0.948197724195757,0.343028805521259,0.506264666564482
EIF4G1,EIF4G1,eukaryotic translation initiation factor 4 gamma 1,protein_coding,22.1537955615192,-0.047528552778543,0.266801836241703,-0.178141775364266,0.858611634704044,0.911343457396148
MAGEF1,MAGEF1,MAGE family member F1,protein_coding,23.7096058453357,-0.522422659785537,0.258214579410906,-2.02321131896347,0.0430513651884851,0.112708568577977
EHHADH,EHHADH,enoyl-CoA hydratase and 3-hydroxyacyl CoA dehydrogenase,protein_coding,31.0696923494395,1.5167047146237,0.225547484594996,6.72454723823311,1.76139271309009e-11,1.55589689656291e-09
DNAJB11,DNAJB11,DnaJ heat shock protein family (Hsp40) member B11,protein_coding,27.6560195605796,-1.39097580178152,0.349392122854288,-3.9811309723248,6.85881417357987e-05,0.000612669355954607
AHSG,AHSG,alpha 2-HS glycoprotein,protein_coding,264.826522973366,1.02721594422146,0.524971195263518,1.95670915564393,0.0503816728487176,0.12638573130031
HRG,NRG1,neuregulin 1,protein_coding,222.481387603319,1.77383784885651,0.519360023764066,3.41543008258626,0.000636813756223615,0.00401799155712519
KNG1,KNG1,kininogen 1,protein_coding,354.864477164784,0.445140244307755,0.435060318266218,1.02316903109368,0.30622793266935,0.469982443710111
EIF4A2,EIF4A2,eukaryotic translation initiation factor 4A2,protein_coding,78.4394974892408,0.00769945544102093,0.198224212007102,0.0388421543617743,0.969016235856641,0.983448392560889
ST6GAL1,ST6GAL1,"ST6 beta-galactoside alpha-2,6-sialyltransferase 1",protein_coding,24.9310768630173,0.306218658424348,0.23672626005244,1.29355593399953,0.195818851836338,0.34153010682749
CLDN1,CLDN1,claudin 1,protein_coding,71.1092426721154,0.147382010293035,0.203700341386108,0.723523629318205,0.469358242293891,0.630658821335735
CPN2,CPN2,carboxypeptidase N subunit 2,protein_coding,24.0205473376659,0.501849802348219,0.237143245315263,2.11623064228985,0.0343251962974132,0.0942066664779408
ATP13A3,ATP13A3,ATPase 13A3,protein_coding,12.4023153327236,0.188027506924454,0.29736261639425,0.632317233431799,0.527179604741486,0.68105170588419
NCBP2,NCBP2,nuclear cap binding protein subunit 2,protein_coding,12.1349336785774,-0.223191179257114,0.33114791734137,-0.673992399073534,0.500316146081194,0.659256358234059
BDH1,BDH1,3-hydroxybutyrate dehydrogenase 1,protein_coding,19.3878558527981,0.8446744312232,0.356404426238865,2.36998861135662,0.0177886331887803,0.0556138351486775
RPL35A,RPL35A,ribosomal protein L35a,protein_coding,66.2986896629186,-0.408582396422376,0.250081314415324,-1.63379818031435,0.102301234564745,0.215537495085617
ATP5I,ATP5ME,ATP synthase membrane subunit e,protein_coding,41.6468549868238,0.0883475550674495,0.255746380754252,0.345449874234361,0.729756187932233,0.823695460586074
HGFAC,HGFAC,HGF activator,protein_coding,13.6704122737078,2.96315360893584,0.652823073051842,4.53898419227675,5.65258729388103e-06,7.13302682323082e-05
MRFAP1,MRFAP1,Morf4 family associated protein 1,protein_coding,69.6593844392565,-0.121840642021474,0.195040608846898,-0.624693712462291,0.532172100566454,0.683940736967369
MRFAP1L1,MRFAP1L1,Morf4 family associated protein 1 like 1,protein_coding,52.4419173228235,-0.337853892291641,0.245173550809282,-1.3780193302925,0.168197320053725,0.307866928878076
QDPR,QDPR,quinoid dihydropteridine reductase,protein_coding,25.5653501366494,1.38011773266034,0.293094826277831,4.70877548466891,2.49209383311295e-06,3.55906813890681e-05
RPL9,RPL9,ribosomal protein L9,protein_coding,36.7581090737145,-0.240328304005234,0.226451497095375,-1.06127937809135,0.2885629546433,0.449721586466396
UGDH,UGDH,UDP-glucose 6-dehydrogenase,protein_coding,21.4454549023401,-0.535784906134367,0.34281205726158,-1.5629114985461,0.118073412703645,0.23624588028372
SMIM14,SMIM14,small integral membrane protein 14,protein_coding,28.095625446165,1.01122518677737,0.357782244604129,2.82637051454649,0.00470787736269533,0.0198379637986367
UBE2K,UBE2K,ubiquitin conjugating enzyme E2 K,protein_coding,14.3296983560467,-0.415400113809697,0.297592760255518,-1.39586767316862,0.162754346961331,0.300906292637811
OCIAD1,OCIAD1,OCIA domain containing 1,protein_coding,18.8545432534348,0.219826849129805,0.280892232394539,0.782602093535424,0.433860811726925,0.600680692836018
IGFBP7,IGFBP7,insulin like growth factor binding protein 7,protein_coding,33.5523262670556,0.805257791272003,0.375469037387833,2.14467162691828,0.0319791109779183,0.0895189902374824
UGT2B15,UGT2B15,UDP glucuronosyltransferase family 2 member B15,protein_coding,92.1916514493177,0.0907308335011775,1.11403504019003,0.0814434288222214,0.935089312595311,0.962948191079368
UGT2B10,UGT2B10,UDP glucuronosyltransferase family 2 member B10,protein_coding,64.4256260844707,2.04876303112466,0.859006335687423,2.38503832394336,0.0170773422219064,0.054189206391759
UGT2B7,UGT2B7,UDP glucuronosyltransferase family 2 member B7,protein_coding,42.4324207772543,3.63835841190475,0.535482351888993,6.79454402011552,1.08655636784161e-11,1.03657477492089e-09
UGT2B4,UGT2B4,UDP glucuronosyltransferase family 2 member B4,protein_coding,98.3360961919325,-0.222524558906205,0.354092628892464,-0.628436010097756,0.529718353443637,0.682245691616453
SULT1E1,SULT1E1,sulfotransferase family 1E member 1,protein_coding,14.5868306658451,3.97034491175478,0.952486417704451,4.16840055454391,3.06744537538633e-05,0.000306761971895583
GC,GC,GC vitamin D binding protein,protein_coding,200.622675123703,0.68285713471655,0.419414535286629,1.6281198605811,0.103499473088753,0.216678819303197
ALB,ALB,albumin,protein_coding,4296.79510218427,1.58563853433116,0.521018074111395,3.04334650392982,0.00233962764976574,0.0115289502989489
AFM,AFM,afamin,protein_coding,127.999373819419,1.09201744650347,0.646689302276455,1.68862766503077,0.0912908055836703,0.200021793343351
CXCL2,CXCL2,C-X-C motif chemokine ligand 2,protein_coding,57.330220175338,2.74675643744081,0.912436388119535,3.01035389776779,0.00260943453569078,0.0124969906980372
USO1,USO1,USO1 vesicle transport factor,protein_coding,12.427052124359,0.89945285872047,0.29670172039457,3.03150537018906,0.00243337591884473,0.0119415670091454
SCARB2,SCARB2,scavenger receptor class B member 2,protein_coding,16.1285259768034,0.408633896965843,0.277570046129972,1.47218297746184,0.14097147290558,0.270270870482162
FAM47E-STBD1,FAM47E-STBD1,FAM47E-STBD1 readthrough,protein_coding,26.2733756155052,0.152163846955122,0.30431990301056,0.500012800509605,0.617066064249624,0.745543345104029
STBD1,STBD1,starch binding domain 1,protein_coding,26.1026901159956,0.178017591892393,0.313844631182974,0.567215667259917,0.570567664865807,0.712462764766989
CCNI,CCNI,cyclin I,protein_coding,11.2545766148242,0.830730569304708,0.334753795268022,2.48161658223944,0.0130787919469098,0.0443081232860511
HNRNPD,HNRNPD,heterogeneous nuclear ribonucleoprotein D,protein_coding,33.2289361909013,0.385659007351271,0.217023883461945,1.77703486454704,0.07556250370751,0.172291177191598
HNRNPDL,HNRNPDL,heterogeneous nuclear ribonucleoprotein D like,protein_coding,58.9853014500828,0.57185863609867,0.231301981406973,2.47234646508493,0.0134229357483674,0.0448808380415565
HSD17B13,HSD17B13,hydroxysteroid 17-beta dehydrogenase 13,protein_coding,65.3036894814117,4.85564019259923,0.600013217574262,8.09255538107918,5.84258224378529e-16,2.80949568198236e-13
HSD17B11,HSD17B11,hydroxysteroid 17-beta dehydrogenase 11,protein_coding,21.7811928679729,0.503800244727712,0.264512514826347,1.90463670521774,0.0568273118486674,0.137877048585017
PYURF,PYURF,PIGY upstream open reading frame,protein_coding,14.6977168037761,0.14388682549941,0.267206943760664,0.538484604757459,0.590242530863537,0.727132456668148
PIGY,PIGY,phosphatidylinositol glycan anchor biosynthesis class Y,protein_coding,19.0129258671869,0.15191871739035,0.269444863174822,0.563821167716162,0.572875844371111,0.713849994161494
ADH5,ADH5,"alcohol dehydrogenase 5 (class III), chi polypeptide",protein_coding,17.111603161968,0.540089190130678,0.267375027014175,2.01996871645775,0.0433866325906089,0.113213477821228
ADH4,ADH7,"alcohol dehydrogenase 7 (class IV), mu or sigma polypeptide",protein_coding,400.925114708006,5.36485541774811,1.12289485775517,4.77770058407179,1.77311141490295e-06,2.7460199510023e-05
ADH6,ADH6,alcohol dehydrogenase 6 (class V),protein_coding,35.4243656033205,2.24668312890123,0.453169660294508,4.95770861500556,7.13294341133779e-07,1.271182038997e-05
ADH1A,ADH1A,"alcohol dehydrogenase 1A (class I), alpha polypeptide",protein_coding,140.065925204732,2.18166699118183,0.364430899221286,5.98650387726071,2.14399480348255e-09,9.46931038204794e-08
ADH1B,ADH1B,"alcohol dehydrogenase 1B (class I), beta polypeptide",protein_coding,144.271407157013,3.48056569021034,0.441982044367723,7.87490291645097,3.41007543653932e-15,1.16186141659233e-12
ADH1C,ADH1C,"alcohol dehydrogenase 1C (class I), gamma polypeptide",protein_coding,249.385339673879,3.80898606636964,0.808124542770644,4.71336516189767,2.43658979853158e-06,3.5491229595294e-05
MTTP,MTTP,microsomal triglyceride transfer protein,protein_coding,20.7286874424616,0.857972795461277,0.398588332891085,2.15252862329947,0.0313557433901295,0.0883755164560217
UBE2D3,UBE2D3,ubiquitin conjugating enzyme E2 D3,protein_coding,11.877997709277,0.695643250995051,0.285857058725792,2.43353532739713,0.014952176261907,0.049052187599241
HADH,HADH,hydroxyacyl-CoA dehydrogenase,protein_coding,8.60876549406626,0.364571390428055,0.316002343461266,1.15369837588797,0.248623849998829,0.406420755481293
RPL34,RPL34,ribosomal protein L34,protein_coding,13.4429411843488,0.310381386130751,0.311950296440793,0.994970640105356,0.319750544071277,0.482601987100297
OSTC,OSTC,oligosaccharyltransferase complex non-catalytic subunit,protein_coding,24.6147140638513,-0.45685125096943,0.313628145317161,-1.45666534649635,0.145208779908125,0.276174593365932
CFI,CFI,complement factor I,protein_coding,92.8627569576128,0.896267339672887,0.420652053768549,2.13066198451519,0.0331169990641971,0.0917352413102324
C4orf3,C4orf3,chromosome 4 open reading frame 3,protein_coding,28.2330572759249,0.229507126654182,0.30839099859571,0.744208254129549,0.456750495216214,0.618246271901629
ANXA5,ANXA5,annexin A5,protein_coding,17.3092634119121,-0.328074837232743,0.347730101187039,-0.943475517686853,0.345437732144486,0.507621066644854
PGRMC2,PGRMC2,progesterone receptor membrane component 2,protein_coding,18.9030416542079,-0.00223597633271875,0.344046481354444,-0.00649905304630975,0.994814542418162,0.996904488935847
NDUFC1,NDUFC1,NADH:ubiquinone oxidoreductase subunit C1,protein_coding,14.2748585198522,0.0966174374363716,0.290261533672065,0.332863387766459,0.739237407283204,0.829685278291972
ZNF330,ZNF330,zinc finger protein 330,protein_coding,17.3715212663681,0.962194970291628,0.283641823582726,3.39228876100846,0.00069311352760062,0.00431612470842684
RPS3A,RPS3A,ribosomal protein S3A,protein_coding,84.5208370168091,-0.133806123915337,0.367437821950327,-0.364159909301405,0.715738602320853,0.817856599487075
SH3D19,SH3D19,SH3 domain containing 19,protein_coding,18.6183440031934,0.190635554017706,0.34402023126833,0.554140532127639,0.579482672812214,0.719826132633922
FGB,FGB,fibrinogen beta chain,protein_coding,3277.4214103627,0.627038840519916,0.686798975526077,0.912987442999044,0.361249145756424,0.524074946854666
FGA,FGA,fibrinogen alpha chain,protein_coding,806.856032064111,0.2727321468473,0.717042490839858,0.380357022535518,0.70368041253582,0.80880857055322
FGG,FGG,fibrinogen gamma chain,protein_coding,867.047152220392,0.536877957097712,0.716178075208305,0.749643106487947,0.453469681510863,0.616253669745532
TDO2,TDO2,"tryptophan 2,3-dioxygenase",protein_coding,50.2300875057373,1.80881567836228,0.551209756911187,3.28153784595241,0.00103242668469375,0.00596207661742032
CTSO,CTSK,cathepsin K,protein_coding,16.9547639622106,1.19318869544408,0.298213865435441,4.00111743195386,6.30440588228411e-05,0.000571711331910555
ETFDH,ETFDH,electron transfer flavoprotein dehydrogenase,protein_coding,21.0734127099354,1.49328385985112,0.293520777781396,5.08748944840716,3.62834566359865e-07,7.0931183669531e-06
PPID,PPID,peptidylprolyl isomerase D,protein_coding,23.8514288200509,0.422654886878704,0.259516657381812,1.62862334596456,0.103392778941174,0.216678819303197
MSMO1,MSMO1,methylsterol monooxygenase 1,protein_coding,31.6285614295143,0.675341968592536,0.365212982605523,1.84917295046434,0.0644328432582139,0.151103570472802
CBR4,CBR4,carbonyl reductase 4,protein_coding,11.5533255733951,1.21171530880338,0.314881510288653,3.8481627825419,0.000119006969143574,0.000975366396589082
HMGB2,HMGB2,high mobility group box 2,protein_coding,55.9439030625295,-1.06850231585271,0.389859225563596,-2.74073882516963,0.00613012134519922,0.0243266878673879
ACSL1,ACSL1,acyl-CoA synthetase long chain family member 1,protein_coding,57.3438932646489,2.10562834804094,0.356464911382423,5.9069722735823,3.48452369515241e-09,1.39953967053788e-07
CYP4V2,CYP4V2,cytochrome P450 family 4 subfamily V member 2,protein_coding,17.4529849060516,1.60985062941223,0.35708845831466,4.50826844701225,6.5358847568743e-06,8.11879434642979e-05
KLKB1,KLKB1,kallikrein B1,protein_coding,27.7451908588069,1.82524005947958,0.315291493385373,5.78905583490841,7.07831677291198e-09,2.55784628839319e-07
F11,F11,coagulation factor XI,protein_coding,34.3833300740851,2.29204067820282,0.373159680373538,6.1422516921133,8.13598025099332e-10,4.41007111332251e-08
NDUFS6,NDUFS6,NADH:ubiquinone oxidoreductase subunit S6,protein_coding,55.7267601082177,-0.670360611768767,0.238181834047714,-2.81449093063276,0.00488545561683595,0.0204777006083545
CMBL,CMBL,carboxymethylenebutenolidase homolog,protein_coding,20.4832318792785,1.3356538545044,0.484530870242615,2.75659186345672,0.00584072037921309,0.0234119632007113
DAP,IAPP,islet amyloid polypeptide,protein_coding,11.0872119840045,-0.524923207941903,0.324766598474216,-1.61630909831258,0.106027500689391,0.218939904020949
ZNF622,ZNF622,zinc finger protein 622,protein_coding,17.4423385701583,-0.49250817928114,0.253379258698839,-1.94375886096708,0.0519245368593402,0.129404410041302
GOLPH3,GOLPH3,golgi phosphoprotein 3,protein_coding,23.6719511492307,-0.446410827732386,0.260083927947971,-1.71641066502844,0.0860869059443121,0.191885299698303
C1QTNF3-AMACR,C1QTNF3-AMACR,C1QTNF3-AMACR readthrough (NMD candidate),protein_coding,20.5255228171292,0.662790508830021,0.507819096514588,1.30517050929963,0.191834793723311,0.33721540924094
NADK2,NADK2,"NAD kinase 2, mitochondrial",protein_coding,48.5502861081277,0.895608022647619,0.361503519275056,2.47745312256886,0.0132323789931384,0.0446382233361176
C9,AKR1C1,aldo-keto reductase family 1 member C1,protein_coding,160.566200769472,1.99692451704918,1.39931429865958,1.42707361667215,0.153558676346982,0.287496487342938
PRKAA1,PRKAA1,protein kinase AMP-activated catalytic subunit alpha 1,protein_coding,10.9067672769749,-0.0410950452925691,0.299473458115173,-0.137224332170247,0.89085347854816,0.933107398479297
RPL37,RPL37,ribosomal protein L37,protein_coding,42.3521184029576,-0.459520136147955,0.193772974999966,-2.37143562536538,0.0177191330684316,0.0556054373265912
C7,CXCL10,C-X-C motif chemokine ligand 10,protein_coding,20.9471995872992,4.48187532452878,0.650864569470172,6.88603364625793,5.73694274699924e-12,5.94896019634487e-10
C6,PSMA7,proteasome 20S subunit alpha 7,protein_coding,33.273551546498,2.66546863481413,0.502704312525165,5.30225933695506,1.14378198461214e-07,2.64846605174753e-06
CCDC152,CCDC152,coiled-coil domain containing 152,protein_coding,231.911208617732,1.02864725251849,0.343046897746647,2.9985615939841,0.00271257320193622,0.0128618033531171
SEPP1,SELENOP,selenoprotein P,protein_coding,172.087203934402,1.09017873505182,0.347741056558764,3.13503026027527,0.001718363851599,0.00906703050014072
HMGCS1,HMGCS1,3-hydroxy-3-methylglutaryl-CoA synthase 1,protein_coding,58.5025427510506,0.188429903117384,0.443456849261611,0.424911473193241,0.670901210556915,0.786734861909107
PAIP1,PAIP1,poly(A) binding protein interacting protein 1,protein_coding,10.9270790497841,-0.210984831714665,0.298761821674553,-0.706197433567986,0.480065366171737,0.641072731421944
NNT,NNT,nicotinamide nucleotide transhydrogenase,protein_coding,11.5220761263752,0.654625364861673,0.317517017570667,2.06170166837114,0.0392361476435352,0.104790831052443
MOCS2,MOCS2,molybdenum cofactor synthesis 2,protein_coding,13.3315282487921,0.059156809462046,0.265827475965948,0.222538355928353,0.8238948180291,0.889547460973207
FST,FST,follistatin,protein_coding,21.4088708741826,0.648098545627876,0.569651160291118,1.13771127104642,0.255241065453772,0.414397509262931
NDUFS4,NDUFS4,NADH:ubiquinone oxidoreductase subunit S4,protein_coding,25.2246167306595,-0.189567938695699,0.299986366391565,-0.631921846902405,0.527437946906893,0.68105170588419
PLPP1,PLPP1,phospholipid phosphatase 1,protein_coding,12.6626216185882,-0.0353297896847231,0.324823999239279,-0.108765946381621,0.913388134384172,0.950035194289686
IL6ST,IL6ST,interleukin 6 cytokine family signal transducer,protein_coding,19.5615938350454,0.896654440172795,0.38158360421558,2.3498243380138,0.0187822726637613,0.0579504790466631
NDUFAF2,NDUFAF2,NADH:ubiquinone oxidoreductase complex assembly factor 2,protein_coding,18.287723276321,-0.620945579255445,0.288760115263131,-2.1503855499213,0.0315247303885872,0.0886633042179014
SMIM15,SMIM15,small integral membrane protein 15,protein_coding,25.8519839552923,-0.35644807195139,0.211164215385931,-1.68801362153115,0.0914086141692315,0.200021793343351
PIK3R1,PIK3R1,phosphoinositide-3-kinase regulatory subunit 1,protein_coding,15.2205768106497,0.713237216846442,0.30389123692899,2.3470147545357,0.0189245053671605,0.0583138828174132
AK6,AK3,adenylate kinase 3,protein_coding,14.6240382352715,-0.429765235860224,0.265809175575813,-1.61681866297218,0.105917429643695,0.218939904020949
TAF9,TAF9,TATA-box binding protein associated factor 9,protein_coding,11.161173910617,-0.269535591010645,0.292917732628395,-0.920175055951926,0.357481287150884,0.52082643240981
SMN2,SMN2,"survival of motor neuron 2, centromeric",protein_coding,12.4259803512676,-0.188710441077806,0.277459605727078,-0.680136629558359,0.496417953027794,0.655568559231057
SMN1,SMN1,"survival of motor neuron 1, telomeric",protein_coding,17.1158401713772,-0.279163405413096,0.267401076929821,-1.04398758830116,0.296491132085708,0.459804549256218
MCCC2,MCCC2,methylcrotonyl-CoA carboxylase subunit 2,protein_coding,11.5684774669057,0.412296530655398,0.294315452069872,1.40086606991167,0.16125412676053,0.29882757756322
BTF3,BTN3A3,butyrophilin subfamily 3 member A3,protein_coding,45.8556038065433,-0.0880841346716625,0.258248708987574,-0.341082575076496,0.73304141861372,0.826230521452609
HEXB,HEXB,hexosaminidase subunit beta,protein_coding,13.1141467789927,-0.656594967015238,0.29530442308991,-2.22345117673814,0.0261853920919276,0.0762541637841848
NSA2,NSA2,NSA2 ribosome biogenesis factor,protein_coding,13.482040040497,-0.073522409174727,0.279937489248823,-0.262638667554014,0.792829093602701,0.870178273466379
IQGAP2,IQGAP2,IQ motif containing GTPase activating protein 2,protein_coding,18.8979949067067,0.655476172018286,0.238448598914313,2.74892020755312,0.00597919397267586,0.0238467853258059
TBCA,TBCA,tubulin folding cofactor A,protein_coding,55.3351603146083,-0.098447080372652,0.216400443092937,-0.45493012382776,0.649159510257207,0.772963271075107
DMGDH,DMGDH,dimethylglycine dehydrogenase,protein_coding,22.3872285352523,2.36623928126433,0.400419775297802,5.90939665630775,3.43363005855847e-09,1.39953967053788e-07
BHMT2,BHMT2,betaine--homocysteine S-methyltransferase 2,protein_coding,88.9264565737999,1.23729368820175,0.287799277498714,4.29915494908521,1.71450578133453e-05,0.000187573224242332
BHMT,BHMT,betaine--homocysteine S-methyltransferase,protein_coding,98.9505664378336,2.76451924722575,0.484980054749993,5.70027410436675,1.1961494034651e-08,3.75370569376876e-07
DHFR,DHFR,dihydrofolate reductase,protein_coding,10.7824947388137,-0.170925297624433,0.295788618234541,-0.577862997719879,0.563356618785056,0.708940775365573
ATG10,ATG10,autophagy related 10,protein_coding,14.2395446196147,-0.308156306185277,0.297180702123932,-1.03693242523119,0.299767351057191,0.462149406768844
RPS23,RPS23,ribosomal protein S23,protein_coding,23.7747630245665,-0.192361781038676,0.253171829923462,-0.759807207211128,0.447369834206843,0.611097969406255
TMEM167A,TMEM167A,transmembrane protein 167A,protein_coding,11.3934455465155,-0.354491095905145,0.303525518639371,-1.16791200125195,0.24284226268633,0.399158371128117
COX7C,COX7C,cytochrome c oxidase subunit 7C,protein_coding,17.4444794298492,0.0813256553618027,0.247789572440894,0.328204510628475,0.742757037589885,0.830898468410824
ARRDC3,ARRDC3,arrestin domain containing 3,protein_coding,23.8842544473033,-0.0743337183777414,0.451166908640412,-0.164758799801487,0.86913383377199,0.917611418125806
ELL2,ELL2,elongation factor for RNA polymerase II 2,protein_coding,45.5571138213346,0.987921939947578,0.381063456916659,2.59253917429202,0.00952703305598959,0.0345318751345519
PJA2,PJA2,praja ring finger ubiquitin ligase 2,protein_coding,13.3022980840962,0.30543897339918,0.273780108632423,1.1156361027282,0.264577931826935,0.424928193540229
REEP5,REEP5,receptor accessory protein 5,protein_coding,13.9738047692675,0.273737060805979,0.262377140748723,1.04329615005652,0.296811153628361,0.459970501236934
TMED7,TMED7,transmembrane p24 trafficking protein 7,protein_coding,15.265860915123,-0.455886725522534,0.243898605367079,-1.86916495416775,0.0615998684252681,0.146768917276987
CDO1,CDO1,cysteine dioxygenase type 1,protein_coding,33.2453344043982,1.5036716321134,0.5314670248918,2.82928490703545,0.00466521474764468,0.0196947635946037
AP3S1,AP3S1,adaptor related protein complex 3 subunit sigma 1,protein_coding,12.0959224991905,-0.248586130838874,0.28220760935269,-0.880862608237479,0.378392187942075,0.542781102983323
HSD17B4,HSD17B4,hydroxysteroid 17-beta dehydrogenase 4,protein_coding,34.5975930304557,0.593907108776292,0.25614891169245,2.31860094525554,0.0204166838167764,0.0619513879173177
SNX2,SNX2,sorting nexin 2,protein_coding,11.8178115942286,0.365126642528672,0.288816132365458,1.26421830919976,0.206151680938868,0.352958908140129
PPIC,PPIC,peptidylprolyl isomerase C,protein_coding,16.5190545309064,-0.796699972240803,0.319449960575875,-2.49397423873393,0.012632171209628,0.0432869659985096
ISOC1,ISOC1,isochorismatase domain containing 1,protein_coding,17.4483339947686,0.569900130034106,0.270914095575965,2.10361933668492,0.0354116658238215,0.0965714079323813
HINT1,HINT1,histidine triad nucleotide binding protein 1,protein_coding,27.8511402260111,-0.390855482655323,0.216376879647703,-1.80636435506279,0.0708614455340116,0.163605563987045
UQCRQ,UQCRQ,ubiquinol-cytochrome c reductase complex III subunit VII,protein_coding,23.5914707025651,0.0445367159123604,0.264558040532963,0.168343837982166,0.866312788218475,0.916049812461134
LEAP2,LEAP2,liver enriched antimicrobial peptide 2,protein_coding,19.8139217738045,0.511007915671027,0.28608265224869,1.78622475586814,0.0740628742963339,0.169357579287398
HSPA4,HSPA4,heat shock protein family A (Hsp70) member 4,protein_coding,19.3663094615866,-0.753019624425838,0.256895788029255,-2.93122604384656,0.00337627011497721,0.0152507655761755
C5orf15,C5orf15,chromosome 5 open reading frame 15,protein_coding,26.7850273484168,-0.1061072460745,0.223895454188464,-0.473914249215546,0.63556105761292,0.760950362654024
VDAC1,VDAC1,voltage dependent anion channel 1,protein_coding,30.8998067432317,-0.424680166238626,0.211365890248091,-2.00921807080677,0.0445140120971686,0.115397737882334
PPP2CA,PPP2CA,protein phosphatase 2 catalytic subunit alpha,protein_coding,8.73864320943328,0.0306116518433441,0.311605972158071,0.0982383348795878,0.921743042837158,0.956103489059949
UBE2B,UBE2B,ubiquitin conjugating enzyme E2 B,protein_coding,17.2455469117137,-0.0580487036882491,0.244002818789566,-0.237901774972165,0.8119572788055,0.882642711919379
LECT2,LECT2,leukocyte cell derived chemotaxin 2,protein_coding,19.9382198308478,2.30012879453826,0.970535137347474,2.3699593204061,0.0177900424970009,0.0556138351486775
EGR1,EGR1,early growth response 1,protein_coding,106.338510508359,3.45478529757568,0.5409145756802,6.38693326618402,1.69245449885521e-10,1.09094702155937e-08
ETF1,ETF1,eukaryotic translation termination factor 1,protein_coding,12.1033873441109,0.164711882380468,0.283831054100838,0.580316635550211,0.561701111092338,0.708064032745891
HSPA9,HSPA9,heat shock protein family A (Hsp70) member 9,protein_coding,77.4895355601995,-0.219292633416616,0.206282270485275,-1.06307067932079,0.287749899977206,0.449138423720965
MATR3,MATR3,matrin 3,protein_coding,13.366893217863,0.0264392601299513,0.282305152739101,0.0936548974519984,0.925383299351608,0.958748552977231
PAIP2,PAIP2,poly(A) binding protein interacting protein 2,protein_coding,16.740680489105,-0.0421737245332326,0.329947522030845,-0.127819491638098,0.898291824494002,0.938836985722259
CD14,NDUFA2,NADH:ubiquinone oxidoreductase subunit A2,protein_coding,13.912230013036,1.56637587186463,0.424399460407509,3.69080552166724,0.000223545007598309,0.00169255505753005
IK,IK,IK cytokine,protein_coding,39.3482383260464,-0.187779194133013,0.216768806834465,-0.86626483245078,0.38634494708936,0.551096111727347
ZMAT2,ZMAT2,zinc finger matrin-type 2,protein_coding,44.8903630976671,-0.3458793170938,0.195368193079808,-1.77039727727076,0.0766609830113663,0.174628886802396
TAF7,TAF7,TATA-box binding protein associated factor 7,protein_coding,17.2791419964692,-0.475347878884226,0.255812085941803,-1.85819163756152,0.0631418051255691,0.149013365732146
DIAPH1,DIAPH1,diaphanous related formin 1,protein_coding,12.5661846330887,0.184407088046196,0.283362295497415,0.650782023495706,0.51518720608019,0.671432506284838
NDFIP1,NDFIP1,Nedd4 family interacting protein 1,protein_coding,15.8610477021037,-0.110826430892612,0.249502027309594,-0.444190502528835,0.656904858240249,0.776233847951612
CD74,CD74,CD74 molecule,protein_coding,69.3704260085188,1.30269541691441,0.435993644911534,2.98787707600356,0.00280922516995478,0.013261846488249
RPS14,RPS14,ribosomal protein S14,protein_coding,12.9634544203555,-0.500552156017609,0.298523495023476,-1.67675966669975,0.0935894877114347,0.20365960601439
GPX3,GPX3,glutathione peroxidase 3,protein_coding,77.1743520677775,-0.299675196586917,0.401665475622297,-0.746081539924815,0.455618159933279,0.617520942142721
SPARC,SPARC,secreted protein acidic and cysteine rich,protein_coding,29.2582105535911,-0.176870050555759,0.404240064604399,-0.437537161807177,0.661721831588678,0.780131768827977
CLINT1,CLINT1,clathrin interactor 1,protein_coding,16.7486154511605,0.450642229499009,0.263236795806714,1.71192719512473,0.0869100862565794,0.193358727352558
TTC1,TTC1,tetratricopeptide repeat domain 1,protein_coding,12.8858329323631,-0.174402312061044,0.2765063121428,-0.630735373487515,0.528213565871305,0.681335508168232
CCNG1,CCNG1,cyclin G1,protein_coding,16.2714812736101,0.109819929013024,0.279131974880582,0.393433711992353,0.693999174487523,0.802710005408701
RARS,RARS1,arginyl-tRNA synthetase 1,protein_coding,10.9151688419205,-0.0862338988416635,0.291401810444992,-0.29592780741471,0.767285214408705,0.850647937772089
NPM1,NPM1,nucleophosmin 1,protein_coding,128.92409921227,-0.301224788632091,0.282783383025439,-1.06521389414523,0.286779147515333,0.448209873410268
DUSP1,DUSP1,dual specificity phosphatase 1,protein_coding,86.6396923533417,1.71687559617898,0.493348971280211,3.48004292321475,0.000501333455862058,0.00332133414508613
ATP6V0E1,ATP6V0E1,ATPase H+ transporting V0 subunit e1,protein_coding,19.2317012128046,-0.274513807920822,0.237864045524631,-1.15407861375332,0.248467940400958,0.406420755481293
HIGD2A,HIGD2A,HIG1 hypoxia inducible domain family member 2A,protein_coding,10.8926472934654,-0.328819029810221,0.337361900545979,-0.974677428832558,0.329720292501285,0.493649025496274
PRELID1,PRELID1,PRELI domain containing 1,protein_coding,18.3585637333764,-0.919000290457902,0.294894593987895,-3.11636872697512,0.00183093178347996,0.00959730176615322
LMAN2,LMAN2,"lectin, mannose binding 2",protein_coding,55.2255147156857,-1.13370502092228,0.229886861076777,-4.93157814940823,8.15679220756828e-07,1.41999630766791e-05
F12,F12,coagulation factor XII,protein_coding,20.9061895608717,1.03869008571141,0.413982210806095,2.50902106080573,0.0121066265943338,0.0417258734501244
TMED9,TMED9,transmembrane p24 trafficking protein 9,protein_coding,20.848104223204,-1.13317071752912,0.28253313800592,-4.0107533067692,6.05253254581932e-05,0.000557347108948999
HNRNPAB,HNRNPAB,heterogeneous nuclear ribonucleoprotein A/B,protein_coding,26.8829969291115,-0.414541798921554,0.263368679507457,-1.57399809156053,0.115487890645197,0.232437653323878
HNRNPH1,HNRNPH1,heterogeneous nuclear ribonucleoprotein H1,protein_coding,98.6443386688629,0.342265980130125,0.238303533810653,1.43626061543039,0.150928196504276,0.284094135131937
CANX,CANX,calnexin,protein_coding,142.85022515765,-1.14258997001531,0.217930942292461,-5.24289923218876,1.58072877852327e-07,3.49077605257221e-06
SQSTM1,SQSTM1,sequestosome 1,protein_coding,43.7174229727075,-1.46370860144025,0.480452588639227,-3.04652037693432,0.00231506786892169,0.0114315463092717
C5orf45,MRNIP,MRN complex interacting protein,protein_coding,23.7262497985735,-1.33731560005198,0.461220227145211,-2.89951637275211,0.00373738825375738,0.0165100233100778
RACK1,RACK1,receptor for activated C kinase 1,protein_coding,27.297545569217,-0.232691628782763,0.263836062908113,-0.881955355981047,0.377800950081255,0.542477583349665
PXDC1,PXDC1,PX domain containing 1,protein_coding,27.9438655610781,0.623165865515622,0.328330102252417,1.89798578089723,0.0576979551499131,0.139705201048267
PRPF4B,PRPF4B,pre-mRNA processing factor 4B [Source:HGNC Symbol;Acc:HGNC:17346],protein_coding,11.5850221982055,-0.198044693388012,0.307206830482861,-0.644662402449613,0.51914598602501,0.67477934147956
ECI2,ECI2,enoyl-CoA delta isomerase 2,protein_coding,14.2167663097025,0.139437250560912,0.266488782393653,0.523238724378792,0.600808136411402,0.735369560665892
SSR1,SSR1,signal sequence receptor subunit 1,protein_coding,10.0381182335912,-1.17602969279007,0.299815140844402,-3.92251601929739,8.76290650840445e-05,0.000738801942513429
DSP,DSP,desmoplakin,protein_coding,15.3291762474392,-0.398678329866428,0.364121382752327,-1.0949050200043,0.273558249557832,0.434491193147513
TXNDC5,TXNDC5,thioredoxin domain containing 5,protein_coding,12.9829899245948,-0.866777332832552,0.272189137147854,-3.18446702875477,0.00145020830471684,0.00778997028547223
BLOC1S5-TXNDC5,BLOC1S5-TXNDC5,BLOC1S5-TXNDC5 readthrough (NMD candidate),protein_coding,18.5856166620484,-0.861216808400285,0.240609503637364,-3.57931334956026,0.000344498197714946,0.00242368201047241
TMEM14C,TMEM14C,transmembrane protein 14C,protein_coding,11.4579170840854,-0.476796419698582,0.284911057656527,-1.67349215443011,0.0942304497565738,0.204308747881299
NOL7,NOL7,nucleolar protein 7,protein_coding,17.930880144407,-0.674906773801681,0.245447842656885,-2.74969527740011,0.00596507082076175,0.0238303080527919
FAM8A1,FAM8A1,family with sequence similarity 8 member A1,protein_coding,11.7298979826348,-0.174110237091268,0.294218072166248,-0.591772748048213,0.554002774359295,0.700581451138345
TPMT,TPMT,thiopurine S-methyltransferase,protein_coding,17.1831013715649,-0.0612221649475216,0.313012037895269,-0.195590448722633,0.844930736704997,0.902041095363213
DEK,DEK,DEK proto-oncogene,protein_coding,15.7052490943823,-0.682801191252591,0.314001025326188,-2.17451898618257,0.0296661811106622,0.0846337822355615
ALDH5A1,ALDH5A1,aldehyde dehydrogenase 5 family member A1,protein_coding,12.0472100918836,0.393851110772226,0.32389603104922,1.21598004611663,0.223992523289541,0.374892749505653
ACOT13,ACOT13,acyl-CoA thioesterase 13,protein_coding,13.2388229264531,0.211087781869498,0.275519765892375,0.766143877865931,0.443590697473271,0.607979222658008
C6orf62,C6orf62,chromosome 6 open reading frame 62,protein_coding,25.4404375164268,-0.339266449269492,0.222555463827724,-1.52441303140557,0.127405566834043,0.250049391044994
SLC17A4,SLC17A4,solute carrier family 17 member 4,protein_coding,21.4924725192727,-0.989074889504054,0.360101159570589,-2.74665844087673,0.0060205797989022,0.023967198342257
SLC17A1,SLC17A1,solute carrier family 17 member 1,protein_coding,17.2690678702899,1.14170105410252,0.534534385112936,2.13587953534795,0.032689234060047,0.0910792327490794
HIST1H1C,H1-2,"H1.2 linker histone, cluster member",protein_coding,35.8433243718356,-0.329601650564066,0.454337918676179,-0.7254548586313,0.468173028718026,0.629775901575009
HIST1H2AC,H2AC6,H2A clustered histone 6,protein_coding,25.1004116428491,-0.583356142159118,0.268962763480432,-2.16891042689468,0.0300894849802782,0.085694359028549
HIST1H2BD,H2BC5,H2B clustered histone 5,protein_coding,20.3404685949563,0.209615467234569,0.398813646357101,0.525597529445815,0.599167873638073,0.734712276928948
HIST1H2BK,H2BC12,H2B clustered histone 12,protein_coding,32.2421394459582,-1.10644150640406,0.342767439700646,-3.22796560656508,0.00124673963001834,0.006867145537168
UBD,UBD,ubiquitin D,protein_coding,46.2426138771898,-1.54004736280681,0.588690651480276,-2.61605540861627,0.00889521215396796,0.0328496166586487
HLA-H,HFE,homeostatic iron regulator,protein_coding,24.3772436191982,-0.149009227145927,0.504908978830108,-0.295120969112465,0.767901471707886,0.850647937772089
HLA-A,HLA-A,"major histocompatibility complex, class I, A",protein_coding,66.866483432137,-0.133864171897766,0.309487863413567,-0.43253447945028,0.665352998134999,0.783251184872642
HLA-E,HLA-E,"major histocompatibility complex, class I, E",protein_coding,47.0173585935554,0.527392488668804,0.311486836099715,1.69314535173478,0.0904278036024023,0.199141561949889
ABCF1,ABCF1,ATP binding cassette subfamily F member 1,protein_coding,12.2181738014942,-0.510274082993695,0.314265407638646,-1.62370426585552,0.104438940164297,0.217353291703184
MRPS18B,MRPS18B,mitochondrial ribosomal protein S18B,protein_coding,12.0744570487309,-0.560331004111671,0.2792866907639,-2.00629325579054,0.0448249691601046,0.115762639899581
TUBB,TUBB,tubulin beta class I,protein_coding,32.5690554998357,-1.18282081214544,0.354575699592184,-3.33587669292019,0.000850308695898657,0.00505732229356184
FLOT1,FLOT1,flotillin 1,protein_coding,17.4419062356016,-1.05804929353556,0.290972158097602,-3.63625612997879,0.000276629285065165,0.00203003336886282
HLA-C,HLA-C,"major histocompatibility complex, class I, C",protein_coding,85.0795210139214,-0.371724324556796,0.300510572584071,-1.2369758619817,0.216096044034105,0.365265106322708
HLA-B,HLA-B,"major histocompatibility complex, class I, B",protein_coding,93.3774304731636,0.0560862144988941,0.388594012723352,0.144331133940612,0.885238994359601,0.929267166174141
DDX39B,DDX39B,DExD-box helicase 39B,protein_coding,39.7734667651602,-0.07494937150368,0.261739920808144,-0.286350554673767,0.774609641351024,0.856487711924984
ATP6V1G2-DDX39B,ATP6V1G2-DDX39B,ATP6V1G2-DDX39B readthrough (NMD candidate),protein_coding,38.2685564131714,-0.151343001235933,0.224996540911075,-0.672645902124105,0.501172591777138,0.660020227160947
APOM,APOM,apolipoprotein M,protein_coding,17.4299125036294,0.191374786617307,0.534238586570814,0.358219700762741,0.720178905117479,0.81943211886783
HSPA1A,HSPA1A,heat shock protein family A (Hsp70) member 1A,protein_coding,95.8595974097097,0.73040363925233,0.571446494484444,1.27816627856173,0.201190803399992,0.347962339455389
HSPA1B,HSPA1B,heat shock protein family A (Hsp70) member 1B,protein_coding,101.861960241387,0.960375514942674,0.642483450996924,1.49478638469596,0.134970200793346,0.260440071919199
C2,HNRNPC,heterogeneous nuclear ribonucleoprotein C,protein_coding,30.4091654945822,-0.542640673266837,0.244611990624182,-2.21837315448915,0.0265293999817033,0.0771352988485411
CFB,CFB,complement factor B,protein_coding,238.936373595938,0.636737005916641,0.296433259308124,2.14799448416412,0.0317141936460726,0.0889862962892743
C4A,C4A,complement C4A (Chido/Rodgers blood group),protein_coding,31.60370330429,0.249491591037361,0.398388393427365,0.626252157827607,0.531149561154267,0.683643660740921
C4B,C4B,complement C4B (Chido/Rodgers blood group),protein_coding,64.7739024989714,0.342195102450656,0.39945373112728,0.856657669675442,0.391634103977519,0.555649814388092
RNF5,RNF5,ring finger protein 5,protein_coding,23.4724737033381,-0.615024805672851,0.228672047691144,-2.68954956184034,0.00715485216917299,0.0276280354102013
PBX2,PBX2,PBX homeobox 2,protein_coding,16.973967621092,-0.638208995722264,0.312480138971543,-2.0423985915482,0.0411120093534722,0.108825907112132
HLA-DRA,HLA-DRA,"major histocompatibility complex, class II, DR alpha",protein_coding,84.0877003249893,1.80613888692183,0.516413843982589,3.49746411326401,0.000469703902406168,0.00314675226752447
HLA-DRB1,HLA-DRB1,"major histocompatibility complex, class II, DR beta 1",protein_coding,39.7936014054762,2.21119151685929,0.563215969648556,3.92600997844408,8.63665741161948e-05,0.000737401097210123
PSMB8,PSMB8,proteasome 20S subunit beta 8,protein_coding,27.8227706282241,-0.113143677511008,0.392262970378907,-0.288438333604919,0.773011227992987,0.855116780502446
BRD2,BRD2,bromodomain containing 2,protein_coding,16.3726144197907,0.200695259399636,0.260919214750159,0.769185433858562,0.441783236286706,0.606593562777083
SLC39A7,SLC39A7,solute carrier family 39 member 7,protein_coding,32.7764162588056,-1.42387509494101,0.256465108477678,-5.55192518542906,2.82540520044488e-08,8.02213262269172e-07
RPS18,RPS18,ribosomal protein S18,protein_coding,148.93157172935,-0.725104134666705,0.311706300826155,-2.32624150601021,0.0200056705733062,0.0610928608416584
TAPBP,TAPBP,TAP binding protein,protein_coding,12.6904779317424,-0.601439275006137,0.281883899918251,-2.13364181203879,0.0328721125733596,0.0913172909960728
RPS10-NUDT3,RPS10-NUDT3,RPS10-NUDT3 readthrough,protein_coding,97.6870202330737,-0.70703320586068,0.197726313112383,-3.57581747584005,0.000349135190870571,0.00244908067713621
RPS10,RPS10,ribosomal protein S10,protein_coding,36.4079299004116,-0.819598057832503,0.251412659344633,-3.25997131556136,0.00111423481957123,0.00632468643232861
C6orf106,ILRUN,inflammation and lipid regulator with UBA-like and NBR1-like domains,protein_coding,24.6508225620985,-0.804884237040211,0.226148324041749,-3.55909883679538,0.000372129479249462,0.0025577199078097
RPL10A,RPL10A,ribosomal protein L10a,protein_coding,70.8746437125888,-0.440167705413674,0.236928268094901,-1.85780999858306,0.0631960007525088,0.149013365732146
FKBP5,FKBP5,FKBP prolyl isomerase 5,protein_coding,28.3263768123568,0.633912586647535,0.517948246052632,1.22389175265808,0.220993065232302,0.370652925864304
SRSF3,SRSF3,serine and arginine rich splicing factor 3,protein_coding,13.8264437795626,0.112050730260278,0.286950931639913,0.390487424522069,0.696176152518634,0.804447734378363
CDKN1A,CDKN1A,cyclin dependent kinase inhibitor 1A,protein_coding,13.8011438076533,-0.255539331641299,0.56474844647794,-0.452483460972709,0.65092073337085,0.773515669700786
MTCH1,MTCH1,mitochondrial carrier 1,protein_coding,17.7984217160318,-0.565342943112314,0.252322121370697,-2.24056036007142,0.0250545668221969,0.0734995594968508
GLO1,GLO1,glyoxalase I,protein_coding,17.5637855049942,-0.467926037468415,0.261380025571423,-1.79021345049395,0.0734196036042658,0.168370917880936
NFYA,NFYA,nuclear transcription factor Y subunit alpha,protein_coding,11.3656324443071,-1.02059435840226,0.306091520147897,-3.33427844688129,0.000855209996542277,0.00507382050187395
TOMM6,TOMM6,translocase of outer mitochondrial membrane 6,protein_coding,37.3513429258717,-1.1147957577557,0.215108000221145,-5.18249324343873,2.18939299936279e-07,4.54061069867849e-06
MRPS10,MRPS10,mitochondrial ribosomal protein S10,protein_coding,18.3116214202257,-0.818074398308866,0.265274263220463,-3.0838815208733,0.0020431894624615,0.0104795846623025
CNPY3,CNPY3,canopy FGF signaling regulator 3,protein_coding,13.9357197965944,-0.112911066562331,0.293414352323839,-0.384817803451251,0.700372407765436,0.806950817642785
GNMT,GNMT,glycine N-methyltransferase,protein_coding,39.6783556095722,2.22934371891487,0.547772345046799,4.06983619942406,4.70462034527581e-05,0.000447032650337961
MEA1,MEA1,male-enhanced antigen 1,protein_coding,25.3244218838107,-0.978811084503235,0.24519612693509,-3.9919516541236,6.55317347355165e-05,0.000589785612619649
DNPH1,DNPH1,2'-deoxynucleoside 5'-phosphate N-hydrolase 1,protein_coding,11.5188205371951,-0.678247118464335,0.318689897733908,-2.12823538896938,0.0333175720508806,0.0921837695375292
SLC22A7,SLC22A7,solute carrier family 22 member 7,protein_coding,31.1418212660624,0.0207870226101077,0.500129722472712,0.0415632618420151,0.966846860721866,0.981664437131397
YIPF3,YIPF3,Yip1 domain family member 3,protein_coding,13.6011179264409,-0.866662296763152,0.287148021533099,-3.01817262099176,0.002543040030867,0.0122890721066871
VEGFA,VEGFA,vascular endothelial growth factor A,protein_coding,13.5374188858058,-0.169924606157302,0.380148928793447,-0.446994830938035,0.65487879208908,0.775129488403204
HSP90AB1,HSP90AB1,heat shock protein 90 alpha family class B member 1,protein_coding,225.006110770623,-0.807587948712709,0.240520367140303,-3.35766969888923,0.000786024780090016,0.00473306466339346
MUT,MMUT,methylmalonyl-CoA mutase,protein_coding,29.1978148774743,0.959457748812862,0.277626971825737,3.45592412186487,0.000548409676097978,0.00354459912599912
TMEM14A,TMEM14A,transmembrane protein 14A,protein_coding,45.5135561712457,-0.247815478808693,0.24394125103821,-1.01588180659891,0.309685673513335,0.472377324751078
GSTA2,GSTA2,glutathione S-transferase alpha 2,protein_coding,26.9992866510834,3.99719150696704,1.29513334271914,3.08631657847285,0.00202652933364605,0.0104165354757453
GSTA1,GSTA1,glutathione S-transferase alpha 1,protein_coding,328.406329620178,1.26205504659388,0.57402937669115,2.19858965035672,0.0279071135496028,0.0803846205504863
ELOVL5,ELOVL5,ELOVL fatty acid elongase 5,protein_coding,38.5175420920283,-0.859134168758632,0.245255703504796,-3.50301402365483,0.000460025243196763,0.00309059212682895
GCLC,GCLC,glutamate-cysteine ligase catalytic subunit,protein_coding,12.7552039061073,0.612432728127378,0.361228955700075,1.6954142752495,0.0899968597620521,0.198375702895096
PTP4A1,PTP4A1,protein tyrosine phosphatase 4A1,protein_coding,118.27449483581,0.886608356886643,0.262647216121289,3.3756624950375,0.000736381924584511,0.00449942083861174
LMBRD1,LMBRD1,LMBR1 domain containing 1,protein_coding,20.8212492781862,0.191685298993146,0.273877095943698,0.699895324699046,0.483992677389922,0.645233390483491
EEF1A1,EEF1A1,eukaryotic translation elongation factor 1 alpha 1,protein_coding,194.345735196802,0.581121307284607,0.307925964193228,1.8872111314392,0.059131933695733,0.142454203903357
COX7A2,COX7A2,cytochrome c oxidase subunit 7A2,protein_coding,36.2571474012025,0.278313468143454,0.220645149942841,1.26136227429224,0.207178353917088,0.353870846305165
TMEM30A,TMEM30A,transmembrane protein 30A,protein_coding,18.0214862226358,0.392877748624432,0.249447045540489,1.57499459563919,0.115257692008695,0.232437653323878
HMGN3,HMGN3,high mobility group nucleosomal binding domain 3,protein_coding,68.3960319177751,0.57475938753016,0.35076393923466,1.63859314838418,0.101298020232552,0.213990946195426
IBTK,IBTK,inhibitor of Bruton tyrosine kinase,protein_coding,10.6776076492896,0.27076313360474,0.30745245570725,0.880666680582818,0.378498256000617,0.542781102983323
SYNCRIP,SYNCRIP,synaptotagmin binding cytoplasmic RNA interacting protein,protein_coding,13.9153212349558,0.135935853294938,0.324343375859689,0.419110928147162,0.675135064411246,0.790676024314021
PNRC1,PNRC1,proline rich nuclear receptor coactivator 1,protein_coding,20.4493243518292,1.25475327471654,0.301050942880719,4.16791013079037,3.07405078754903e-05,0.000306761971895583
PNISR,PNISR,PNN interacting serine and arginine rich protein,protein_coding,29.5648786311637,0.270002674030896,0.2629172454374,1.02694927288512,0.304444350996039,0.467870543911431
C6orf203,MTRES1,mitochondrial transcription rescue factor 1,protein_coding,26.6819118632311,-0.168631035776016,0.342572860743209,-0.492248672034826,0.622543560526659,0.749125323842625
SEC63,SEC63,"SEC63 homolog, protein translocation regulator",protein_coding,22.0627579134162,-0.170582111968085,0.227102118108819,-0.751125147526577,0.452577342662589,0.615888771105167
SNX3,SNX3,sorting nexin 3,protein_coding,26.4253792570375,-0.207240157634407,0.235419064620311,-0.880303207255741,0.378695075624423,0.542781102983323
CD164,CD164,CD164 molecule,protein_coding,23.3310257442132,0.22309330695245,0.227757181438354,0.979522601849698,0.327321826568676,0.490674139765112
GTF3C6,GTF3C6,general transcription factor IIIC subunit 6,protein_coding,28.5085448340951,-0.854586140938342,0.288154519413437,-2.96572180328084,0.00301973508661908,0.0139845984108476
MARCKS,MARCKS,myristoylated alanine rich protein kinase C substrate,protein_coding,16.1365585560243,0.155260305844875,0.440587931723321,0.352393460341929,0.724543205742106,0.820140268483589
TSPYL1,TSPYL1,TSPY like 1,protein_coding,11.2103056327065,0.435390214447439,0.299366249483442,1.4543730804615,0.145842899104707,0.276601894076296
MAN1A1,MAN1A1,mannosidase alpha class 1A member 1,protein_coding,19.051770344739,-0.0227218274148392,0.270106913487389,-0.0841216062242705,0.932959746245736,0.962001294767003
SERINC1,SERINC1,serine incorporator 1,protein_coding,78.7430067817861,0.697884455534735,0.201038845170665,3.47139108833564,0.000517769316249278,0.0034018727803155
HINT3,HINT3,histidine triad nucleotide binding protein 3,protein_coding,12.0487559178296,-0.39649532228732,0.311893482259596,-1.2712523500485,0.203638888130064,0.350164922992215
TRMT11,TRMT11,tRNA methyltransferase 11 homolog,protein_coding,12.8900787080437,0.101303222352617,0.314757258547837,0.321845547962863,0.74756970635377,0.835091748159216
ARG1,TINAGL1,tubulointerstitial nephritis antigen like 1,protein_coding,123.523460220461,1.60016994184947,0.441366827185006,3.62548756111826,0.000288416779932896,0.0020719503137846
ENPP1,ENPP1,ectonucleotide pyrophosphatase/phosphodiesterase 1,protein_coding,9.92951262716932,0.622120049035041,0.315212837851901,1.97365073476905,0.0484214705773377,0.122206568599947
CTGF,CCN2,cellular communication network factor 2,protein_coding,16.2231351016394,0.432127003645624,0.450059960075985,0.960154294935873,0.336977565789998,0.501480203384559
VNN1,VNN1,vanin 1,protein_coding,24.0889388440599,0.757730309765388,0.648556094952709,1.16833426693899,0.242671958268648,0.399153531359122
RPS12,RPS12,ribosomal protein S12,protein_coding,257.015729545008,-0.573106420226774,0.24234134460874,-2.36487265989241,0.018036271296491,0.0561573198983434
ALDH8A1,ALDH8A1,aldehyde dehydrogenase 8 family member A1,protein_coding,30.5702772932644,2.11485544126666,0.335345357318638,6.30649983699394,2.85416279758442e-10,1.74543032621509e-08
BCLAF1,BCLAF1,BCL2 associated transcription factor 1,protein_coding,11.9145391834099,0.506205018342882,0.304533899631649,1.66222879933947,0.0964669076666138,0.207273490797184
IFNGR1,IFNGR1,interferon gamma receptor 1,protein_coding,17.0065475641163,0.750338094837533,0.311594813371117,2.40805707489059,0.0160376735574173,0.05193499598897
PERP,PERP,p53 apoptosis effector related to PMP22,protein_coding,28.226158865318,-0.856302152674953,0.320524995769864,-2.67156123227836,0.00754992964596268,0.0288105315289936
CCDC28A,CCDC28A,coiled-coil domain containing 28A,protein_coding,10.8706986866932,0.401786948695889,0.302500165345471,1.32822059200208,0.184105243619301,0.328660932658708
AIG1,AIG1,androgen induced 1,protein_coding,8.27310761590833,0.656574178357887,0.333206131411893,1.97047447949348,0.0487840170237549,0.122861542345993
FUCA2,FUCA2,alpha-L-fucosidase 2,protein_coding,12.5452774511599,-0.641150492591753,0.303690821040152,-2.1111948342587,0.0347555686699998,0.0950596688967311
LTV1,LTV1,LTV1 ribosome biogenesis factor,protein_coding,20.7215782001586,-0.315111682206793,0.262422331937175,-1.20078074103172,0.229836264428886,0.382792940407048
PPIL4,PPIL4,peptidylprolyl isomerase like 4,protein_coding,11.3077122529802,0.446433658964118,0.301995806672521,1.47827767505468,0.139333470660135,0.267776251026931
PCMT1,PCMT1,protein-L-isoaspartate (D-aspartate) O-methyltransferase,protein_coding,14.7131179290351,-0.199773434868683,0.286280818338724,-0.697823333145268,0.485287685066582,0.645876746028906
EZR,EZR,ezrin,protein_coding,16.9682766008969,0.442374809730689,0.267844820553861,1.65160860238375,0.0986143652444697,0.210183432625612
SOD2,SOD2,superoxide dismutase 2,protein_coding,16.1899250410762,0.545290636923429,0.43108107650022,1.26493754110116,0.205893718539648,0.352770487584096
TCP1,TCP1,t-complex 1,protein_coding,14.2494262380139,-0.210108124039661,0.277429950572709,-0.757337567937159,0.44884764914384,0.612618768331231
MRPL18,MRPL18,mitochondrial ribosomal protein L18,protein_coding,22.4080787223919,-0.371549503749267,0.261283303755848,-1.42201778073219,0.155021089224676,0.28994545079191
SLC22A1,SLC22A1,solute carrier family 22 member 1,protein_coding,30.0747493873979,3.94692893666005,1.18183489230738,3.3396618786184,0.000838804486248097,0.00501390651554314
PLG,PLG,plasminogen,protein_coding,111.710836034472,1.24089985885319,0.244365865012868,5.07804090717762,3.81346600568203e-07,7.39440359638344e-06
MPC1,MPC1,mitochondrial pyruvate carrier 1,protein_coding,31.058871848576,0.956448997166473,0.325719748157972,2.93641697371878,0.00332027687370414,0.0151123289003518
MLLT4,AFDN,"afadin, adherens junction formation factor",protein_coding,12.4316657661144,0.470013937433093,0.30666810409653,1.53264695987146,0.125362864337364,0.246488401850465
PHF10,PHF10,PHD finger protein 10,protein_coding,9.89517799937552,0.267626636933019,0.301650381068251,0.887208018717755,0.374966916041296,0.540686877121216
PSMB1,PSMB1,proteasome 20S subunit beta 1,protein_coding,16.8703710554272,-0.0354766724932383,0.256793417138771,-0.138152577618712,0.890119833191511,0.932748594974409
ACTB,ACTB,actin beta,protein_coding,368.501037618505,0.0693103155476801,0.219663503105718,0.315529501112995,0.752359655519824,0.838494288978869
EIF2AK1,EIF2AK1,eukaryotic translation initiation factor 2 alpha kinase 1,protein_coding,18.7694066259203,-0.679046604710439,0.255101275053824,-2.66187068083907,0.00777077267525563,0.0294179251277535
RAC1,RAC1,Rac family small GTPase 1,protein_coding,30.1377483133691,-0.319648905898488,0.203976308628342,-1.56708839398064,0.11709403162916,0.234877430980274
KDELR2,KDELR2,KDEL endoplasmic reticulum protein retention receptor 2,protein_coding,36.3081337718742,-0.511962920154699,0.198221940140616,-2.58277625469472,0.00980088615247881,0.0354168385964575
NDUFA4,NDUFA4,NDUFA4 mitochondrial complex associated,protein_coding,11.0708409999416,0.00223020701893855,0.29582519260898,0.00753893540732491,0.993984856812652,0.996491754307766
TOMM7,TOMM7,translocase of outer mitochondrial membrane 7,protein_coding,25.4189441855819,-0.136077552867169,0.237139497500762,-0.573829135598683,0.566083430639021,0.709090851929656
TRA2A,TRA2A,transformer 2 alpha homolog,protein_coding,60.3513032247819,0.134564734782137,0.290697662520931,0.462902706596233,0.643434107370292,0.767295173039073
CYCS,CYCS,"cytochrome c, somatic",protein_coding,15.4491705092923,-0.369996100429071,0.262038761697908,-1.41198995916345,0.157952917676582,0.29454081990512
HNRNPA2B1,HNRNPA2B1,heterogeneous nuclear ribonucleoprotein A2/B1,protein_coding,247.967648873998,0.0489212107896863,0.208687441961002,0.234423357390275,0.814656327201665,0.883373473485994
CBX3,CBX3,chromobox 3,protein_coding,27.647344989875,-0.56535026971592,0.25420980471743,-2.22395147324999,0.0261517093417062,0.0762491769926276
HIBADH,HIBADH,3-hydroxyisobutyrate dehydrogenase,protein_coding,42.2618941327575,0.875923122211454,0.228407366764847,3.83491624905972,0.000125607086804182,0.00101550136280669
GGCT,GGCT,gamma-glutamylcyclotransferase,protein_coding,19.7268024887354,-0.842658314312088,0.25519336988361,-3.30203842951097,0.000959849186124369,0.00561088311006525
PPIA,PPIA,peptidylprolyl isomerase A,protein_coding,22.6904031272312,-0.558089648176292,0.265003613268576,-2.10596995751405,0.0352069620478847,0.0961839684813346
IGFBP1,IGFBP1,insulin like growth factor binding protein 1,protein_coding,175.343186430169,2.59636332335469,0.595591556917545,4.35930176175102,1.30478089156373e-05,0.000148185829827595
IGFBP3,IGFBP3,insulin like growth factor binding protein 3,protein_coding,71.090136378157,2.68464970897215,0.317402423448383,8.45818907053412,2.71561574850856e-17,2.15891452006431e-14
SEC61G,SEC61G,SEC61 translocon subunit gamma,protein_coding,23.1580811025513,-0.60374845779911,0.294218392248085,-2.052041863141,0.0401655941386197,0.106794807157868
CCT6A,CCT6A,chaperonin containing TCP1 subunit 6A,protein_coding,26.3821292657967,-0.452635837937483,0.232801277622867,-1.94430134816847,0.051859122182427,0.12937657573754
CHCHD2,CHCHD2,coiled-coil-helix-coiled-coil-helix domain containing 2,protein_coding,20.468764451638,-0.0921725662790233,0.262830940372658,-0.350691460253254,0.725819832907533,0.8211955889395
GUSB,GUSB,glucuronidase beta,protein_coding,11.0103636053293,-0.181132962610931,0.330513192362262,-0.548035499933686,0.583667527353731,0.721267902973393
ASL,ASL,argininosuccinate lyase,protein_coding,22.1244236844707,1.53860464373586,0.38394091996354,4.00739948188374,6.13909757033847e-05,0.000561079735854848
SBDS,SBDS,SBDS ribosome maturation factor,protein_coding,29.7098450984519,0.331159976366726,0.197830174982964,1.67396089294893,0.0941382853961356,0.204294641191796
MLXIPL,MLXIPL,MLX interacting protein like,protein_coding,63.4621285466711,0.475665350411582,0.370885310072722,1.28251332013747,0.199662635348573,0.346072227693567
EIF4H,EIF4H,eukaryotic translation initiation factor 4H,protein_coding,29.9009840028572,0.0475434029422931,0.192601646540479,0.246848372255742,0.805025572948825,0.879517174293608
POR,POR,cytochrome p450 oxidoreductase,protein_coding,21.9015230850946,0.736081614619557,0.280931010430506,2.62015081030594,0.00878908893341511,0.0326002754373173
MDH2,MDH2,malate dehydrogenase 2,protein_coding,10.1802486966541,-0.182621254051125,0.297958322635797,-0.612908719701542,0.539936697335307,0.68937313872843
HSPB1,HSPB1,heat shock protein family B (small) member 1,protein_coding,35.3094230360964,-1.13810615216876,0.289557140874283,-3.93050625079523,8.47671896253529e-05,0.000735655938086329
YWHAG,YWHAG,tyrosine 3-monooxygenase/tryptophan 5-monooxygenase activation protein gamma,protein_coding,21.5594088926422,-0.374463362905965,0.233604138487452,-1.60298257269992,0.108938501718156,0.223020022830732
CYP51A1,CYP51A1,cytochrome P450 family 51 subfamily A member 1,protein_coding,38.9136648233579,-0.352345468549164,0.315601346290178,-1.11642574624888,0.264239937961573,0.424671328866814
LRRD1,LRRD1,leucine rich repeats and death domain containing 1,protein_coding,21.2925962621248,-0.399120595760008,0.329361786123264,-1.21179994940469,0.225588967698306,0.377035520645031
PON1,PON1,paraoxonase 1,protein_coding,45.4742214138496,2.08446174117614,0.430820687230728,4.83835108888305,1.30920728995865e-06,2.09561032654456e-05
PON3,PON3,paraoxonase 3,protein_coding,18.0783369395285,1.52335620088442,0.396422548387757,3.84275871057254,0.000121659062475058,0.000990296464174107
PON2,PON2,paraoxonase 2,protein_coding,23.0751178815473,-0.694982727744823,0.2298308446641,-3.02388797622246,0.00249548824207651,0.0121464070558214
PDK4,PDK4,pyruvate dehydrogenase kinase 4,protein_coding,158.277846364792,3.07187131085095,0.74342994924316,4.13202523516604,3.5958093194105e-05,0.000351475624048936
SLC25A13,SLC25A13,solute carrier family 25 member 13,protein_coding,13.7245900156617,0.528803667028236,0.272801532224097,1.93841897703801,0.0525721270248618,0.130472968734959
ARPC1A,ARPC1A,actin related protein 2/3 complex subunit 1A,protein_coding,17.2764317371048,-0.513655013768273,0.245110112862006,-2.09560922546453,0.0361168701744223,0.0978849265522695
PDAP1,PDAP1,PDGFA associated protein 1,protein_coding,35.7177289247329,-0.225513496576473,0.203029304658461,-1.11074357938542,0.266678738216835,0.426393363179087
ATP5J2,ATP5MF,ATP synthase membrane subunit f,protein_coding,10.1662257322785,-0.670687517422002,0.296106705416478,-2.26501968767871,0.0235114713939936,0.0696889570694931
CYP3A5,CYP3A5,cytochrome P450 family 3 subfamily A member 5,protein_coding,90.3805423799025,1.64853300788827,0.417204094415222,3.9513826205348,7.77009805165885e-05,0.000688910180416593
CYP3A7-CYP3A51P,CYP3A7-CYP3A51P,CYP3A7-CYP3A51P readthrough,protein_coding,65.6152504497723,0.281791840411886,1.04806043489575,0.268869839018315,0.788029847549348,0.866155379734871
CYP3A4,CYP3A4,cytochrome P450 family 3 subfamily A member 4,protein_coding,169.115649469609,6.8033471095444,1.18190401802263,5.75626024262671,8.59977766158689e-09,2.88879855251898e-07
AZGP1,AZGP1,"alpha-2-glycoprotein 1, zinc-binding",protein_coding,304.210171845134,1.50106010813064,0.25419459322185,5.90516143205525,3.52301598462903e-09,1.39953967053788e-07
ZKSCAN1,ZKSCAN1,zinc finger with KRAB and SCAN domains 1,protein_coding,24.7906018585117,0.898849229133155,0.322479366379831,2.78730772521567,0.00531479833223728,0.0217051267506608
COPS6,COPS6,COP9 signalosome subunit 6,protein_coding,14.0405026397373,-0.359186859628209,0.268595709681732,-1.33727698053637,0.181132242084041,0.324812328849954
TFR2,TFR2,transferrin receptor 2,protein_coding,29.0443968375381,0.535746237722477,0.225227589109675,2.37868832961487,0.0173743591826058,0.0548119664689349
SRRT,SRRT,"serrate, RNA effector molecule",protein_coding,20.2737754255957,-0.198588228115703,0.228376345322058,-0.869565662922105,0.384537809426958,0.549175254780416
MUC3A,MUC3A,"mucin 3A, cell surface associated",protein_coding,29.8759873153723,2.6124253225661,0.857402430228643,3.0469068321505,0.00231209361627575,0.0114315463092717
SERPINE1,SERPINE1,serpin family E member 1,protein_coding,38.2204101663859,0.240367155191937,0.587920256550796,0.408843125430173,0.682654789406047,0.794598180933832
FIS1,FIS1,"fission, mitochondrial 1",protein_coding,21.2765472117399,-0.0280658770350884,0.245748959089471,-0.114205476755937,0.909074910494377,0.946787625121873
POLR2J,POLR2J,RNA polymerase II subunit J,protein_coding,14.3915030987672,-0.274673026231215,0.2635246182133,-1.04230499637377,0.297270296640097,0.460161817983751
PSMC2,PSMC2,"proteasome 26S subunit, ATPase 2",protein_coding,12.8282336090799,-0.0534722032797159,0.26984144045655,-0.198161569213555,0.842918654530274,0.900699368752108
SYPL1,SYPL1,synaptophysin like 1,protein_coding,16.3732263084615,-0.83396397988409,0.285642426736128,-2.91960822981837,0.00350471672495817,0.0157415242731172
NAMPT,NAMPT,nicotinamide phosphoribosyltransferase,protein_coding,20.2954989121452,1.77293982930696,0.401319652094362,4.41777475898461,9.97222614183411e-06,0.000116587055628796
DLD,DLD,dihydrolipoamide dehydrogenase,protein_coding,18.948265329984,-0.0377019618218103,0.266698045567795,-0.141365722202964,0.887581032008366,0.930906227502178
DNAJB9,DNAJB9,DnaJ heat shock protein family (Hsp40) member B9,protein_coding,14.4319972031588,-0.035569682028011,0.313435708573367,-0.11348318348892,0.909647494582566,0.946970438489489
FAM3C,FAM3C,FAM3 metabolism regulating signaling molecule C,protein_coding,13.5999328405827,0.202589000846123,0.305714145191818,0.66267460643344,0.507538976609296,0.66509915341383
AASS,AASS,aminoadipate-semialdehyde synthase,protein_coding,21.7026692062964,3.07583560158537,0.623504944484086,4.9331374655424,8.09191624096531e-07,1.41906031137517e-05
ARF5,ARF5,ADP ribosylation factor 5,protein_coding,15.9857835669202,-0.322736912369209,0.272592695268952,-1.18395290105181,0.236431707467442,0.391768543961758
CALU,CALU,calumenin,protein_coding,13.8546229632102,-0.540675267968743,0.310861607532406,-1.73927965006866,0.0819855850371264,0.184467566333534
ATP6V1F,ATP6V1F,ATPase H+ transporting V1 subunit F,protein_coding,19.4874702518526,-0.615866683413809,0.256692686931593,-2.39923735567089,0.0164292612486215,0.0528796060431338
CALD1,CALD1,caldesmon 1,protein_coding,32.4871868712877,0.881145770678206,0.34331700468175,2.56656605604204,0.0102711060094238,0.0366167232174524
AKR1D1,AKR1D1,aldo-keto reductase family 1 member D1,protein_coding,18.9502637955082,3.50609371503626,0.685203551401926,5.11686448189417,3.10656656169463e-07,6.27895021156076e-06
LUC7L2,LUC7L2,"LUC7 like 2, pre-mRNA splicing factor",protein_coding,18.9194870403701,0.711713186809346,0.280429775664032,2.53793729686541,0.0111507961065625,0.0391097775208111
C7orf55-LUC7L2,FMC1-LUC7L2,FMC1-LUC7L2 readthrough,protein_coding,43.7739570870712,0.858113601354391,0.251125065228768,3.41707666884098,0.000632974511055658,0.00400436129673142
KIAA1147,DENND11,DENN domain containing 11,protein_coding,10.9456430223735,-0.0707203796148093,0.31000349138634,-0.22812768752554,0.819546976006419,0.886448769966127
SSBP1,SSBP1,single stranded DNA binding protein 1,protein_coding,19.1812243321209,-0.302793134179361,0.255545353817979,-1.18488999958511,0.236060941884467,0.39165354295307
GSTK1,GSTK1,glutathione S-transferase kappa 1,protein_coding,16.7678989726548,0.302908865152841,0.260628294686579,1.16222555773197,0.245143855729598,0.401604277613475
TCAF1,TCAF1,TRPM8 channel associated factor 1,protein_coding,16.436897408454,0.142529524405961,0.274274337798995,0.519660444902487,0.603300260802713,0.736749166418059
ARHGEF35,ARHGEF35,Rho guanine nucleotide exchange factor 35,protein_coding,16.4304443273741,-0.0500577200517762,0.324155861458908,-0.154424849288501,0.877274761759958,0.924569291558772
CUL1,CUL1,cullin 1,protein_coding,11.5180944478724,0.243858641006664,0.289847125667771,0.841335377899109,0.400160076659642,0.566398684174033
PDIA4,PDIA4,protein disulfide isomerase family A member 4,protein_coding,52.5508984670319,-0.88945318441081,0.276796971563408,-3.21337758642008,0.00131183705024278,0.00714322229413023
RARRES2,RARRES2,retinoic acid receptor responder 2,protein_coding,353.495772103326,0.111565413960138,0.211578705612546,0.527299822716763,0.597985397359575,0.73363949213096
GIMAP4,GIMAP4,"GTPase, IMAP family member 4",protein_coding,15.885241952785,1.81024672828727,0.440400830863341,4.11045257280406,3.94884384921088e-05,0.000378232633749717
TMEM176B,TMEM176B,transmembrane protein 176B,protein_coding,122.117110988025,0.3616022357597,0.252619086693497,1.43141296444648,0.152311894975089,0.285809496078354
TMEM176A,TMEM176A,transmembrane protein 176A,protein_coding,29.7561579158002,0.0383049209885001,0.261965904985378,0.14622101677941,0.883746914881695,0.929267166174141
INSIG1,INSIG1,insulin induced gene 1,protein_coding,141.00068625444,1.62682520455599,0.42908979994421,3.79133972601425,0.000149836829345883,0.00118724530893665
DEFB1,DEFB1,defensin beta 1,protein_coding,23.2050475366809,-0.485374552271744,0.610701102858357,-0.794782504894738,0.426740029558588,0.592897103387937
PPP1R3B,PPP1R3B,protein phosphatase 1 regulatory subunit 3B,protein_coding,25.8624639631402,0.471106528616949,0.402279168237634,1.17109352363644,0.241561186793355,0.398068613008378
CTSB,CTSB,cathepsin B,protein_coding,38.5761242019434,1.26687098110331,0.291611324959874,4.34438196554141,1.39668315125846e-05,0.00015565837924072
SLC7A2,SLC7A2,solute carrier family 7 member 2,protein_coding,24.582898875249,2.05733447994007,0.476315939349931,4.31926439990206,1.56550135552631e-05,0.000172857441339363
FGL1,FGL1,fibrinogen like 1,protein_coding,100.312886923604,0.36996225890172,0.584387087896167,0.633077401202702,0.526683099100287,0.68105170588419
SLC39A14,SLC39A14,solute carrier family 39 member 14,protein_coding,28.595086783794,0.899117902392182,0.289548243636058,3.10524384849079,0.00190122214588506,0.0098574235172519
CLU,CLU,clusterin,protein_coding,112.592136562709,0.554223910139041,0.320179897172884,1.73097660106931,0.0834559378983281,0.187245918991075
SARAF,SARAF,store-operated calcium entry associated regulatory factor,protein_coding,48.7223749995878,0.526457772978317,0.274970051640306,1.91460040770908,0.0555434831064467,0.136081595570655
GSR,GSR,glutathione-disulfide reductase,protein_coding,12.6436784620051,-0.676484396284279,0.290706750227781,-2.32703367140332,0.0199634732104363,0.0610421584703726
C8orf4,TCIM,transcriptional and immune response regulator,protein_coding,64.6086002949884,3.07715076350184,0.483184322396063,6.36848221449437,1.9090790463043e-10,1.1981982961673e-08
VDAC3,VDAC3,voltage dependent anion channel 3,protein_coding,11.8785401097178,-0.0666718289710021,0.277748294389543,-0.240044062619858,0.810296097977908,0.882332650542258
TCEA1,TCEA1,transcription elongation factor A1,protein_coding,12.5754313886656,-0.487202893442312,0.369358899389877,-1.31905010072072,0.187152363603534,0.332606845897487
LYPLA1,LYPLA1,lysophospholipase 1,protein_coding,14.4338067691304,-0.176751501974535,0.337189294164217,-0.524190729164888,0.600145888400488,0.735369560665892
MRPL15,MRPL15,mitochondrial ribosomal protein L15,protein_coding,12.4289508469777,-0.533392476622803,0.41817381526441,-1.27552815875269,0.202122363929964,0.349067225179554
RPS20,RPS20,ribosomal protein S20,protein_coding,94.3702740625453,-0.660020398227426,0.377962116459532,-1.74626072160355,0.0807656577650011,0.182066251199932
IMPAD1,BPNT2,"3'(2'), 5'-bisphosphate nucleotidase 2",protein_coding,15.1158861026843,-0.487726293311834,0.379201234180363,-1.2861938447169,0.198375418710476,0.344843566781694
SDCBP,SDCBP,syndecan binding protein,protein_coding,13.9482545773638,0.143954504000764,0.408019399360772,0.352812891314218,0.724228718626977,0.820140268483589
RAB2A,RAB2A,"RAB2A, member RAS oncogene family",protein_coding,20.4055302600303,-0.542020859663555,0.321097338445764,-1.68802663481157,0.0914061162125323,0.200021793343351
GGH,GGH,gamma-glutamyl hydrolase,protein_coding,20.6904139580831,-0.944749361866635,0.418690463696334,-2.25643869107045,0.0240431708335548,0.0709690129183516
TTPA,TTPA,alpha tocopherol transfer protein,protein_coding,30.1713198463007,0.82228382017228,0.275250771615689,2.98739878310085,0.0028136244541107,0.013261846488249
TRAM1,TRAM1,translocation associated membrane protein 1,protein_coding,52.8209718789547,-1.17806349481556,0.36612069941013,-3.21769158835755,0.00129226689284038,0.00705647852061447
RPL7,RPL7,ribosomal protein L7,protein_coding,125.734462640399,-0.693748138738471,0.480696978457678,-1.44321302156791,0.148960472472038,0.280624586766043
MRPS28,MRPS28,mitochondrial ribosomal protein S28,protein_coding,11.9952589709231,-0.0841115609116364,0.41004059708807,-0.205129837164808,0.83747068538699,0.896484553253129
IMPA1,IMPA1,inositol monophosphatase 1,protein_coding,15.7678825176301,0.213706159532038,0.335186125787892,0.637574598380819,0.523750635364329,0.679940817065592
CA2,CA2,carbonic anhydrase 2,protein_coding,13.4499497852932,1.92172707529915,0.552035814510373,3.48116376652776,0.000499240146907177,0.00331667897040005
WWP1,WWP1,WW domain containing E3 ubiquitin protein ligase 1,protein_coding,14.1016156613901,-0.278990743523153,0.426008277865128,-0.654895122980405,0.512535280478279,0.669770694136616
DECR1,DECR1,"2,4-dienoyl-CoA reductase 1",protein_coding,24.6487293787246,0.690163011516289,0.253909647789134,2.71814410175328,0.00656492395995114,0.0256257670122479
TP53INP1,TP53INP1,tumor protein p53 inducible nuclear protein 1,protein_coding,80.3470127630341,-0.644781350209954,0.471417203258496,-1.36775099795498,0.171390030821585,0.311558859382226
UQCRB,UQCRB,ubiquinol-cytochrome c reductase binding protein,protein_coding,22.7742842344566,-0.430815021670913,0.337621221131581,-1.2760306364244,0.201944689412508,0.349013104528139
SDC2,SDC2,syndecan 2,protein_coding,29.2504446773523,-0.338242163551998,0.270864493938271,-1.24875046793354,0.211756355648122,0.360348627621517
MTDH,MTDH,metadherin,protein_coding,18.3799446756365,-0.870896104750865,0.439099692337146,-1.98336760409793,0.0473263830131005,0.120334140177233
LAPTM4B,LAPTM4B,lysosomal protein transmembrane 4 beta,protein_coding,24.8916611812309,-3.1308241083994,0.573186840256257,-5.46213536060892,4.70441140002904e-08,1.289657607939e-06
RPL30,RPL30,ribosomal protein L30,protein_coding,14.4905548693134,-0.639628914104891,0.380272634491884,-1.68202719861648,0.0925635659099802,0.202164931039655
RIDA,RIDA,reactive intermediate imine deaminase A homolog,protein_coding,174.079389304889,1.93867582251952,0.275378350596561,7.04004442731138,1.92178546789452e-12,2.29172917046422e-10
COX6C,COX6C,cytochrome c oxidase subunit 6C,protein_coding,99.4564554354841,-0.484952482746294,0.289919272180842,-1.67271557733422,0.0943833011773629,0.204454290016358
POLR2K,POLR2K,"RNA polymerase II, I and III subunit K",protein_coding,15.3346679645622,-0.80279621091247,0.354008563459396,-2.267731048841,0.0233456042183809,0.0693390610969346
RNF19A,RNF19A,"ring finger protein 19A, RBR E3 ubiquitin protein ligase",protein_coding,13.4563793098745,0.407736160682361,0.312721167916009,1.30383294293615,0.192290547827119,0.33721540924094
PABPC1,PABPC1,poly(A) binding protein cytoplasmic 1,protein_coding,164.595080453314,-0.794412617977548,0.478815564904726,-1.65912028807088,0.0970915558494802,0.208240432285081
YWHAZ,YWHAZ,tyrosine 3-monooxygenase/tryptophan 5-monooxygenase activation protein zeta,protein_coding,40.5702562157965,-0.720745260575711,0.398098819348305,-1.81046821931194,0.0702232084525948,0.162604225397513
KLF10,KLF10,KLF transcription factor 10,protein_coding,16.5694108325596,-0.163542842647255,0.318669978943217,-0.513204422925564,0.607808332405419,0.739603506523941
AZIN1,AZIN1,antizyme inhibitor 1,protein_coding,17.997379472441,-0.828606108865702,0.336366520042218,-2.46340244790624,0.0137625340875271,0.0456517994419361
DPYS,DPYS,dihydropyrimidinase,protein_coding,37.1922031698296,1.19370923845421,0.267692298354372,4.45925880495065,8.22435654245059e-06,9.93255381999389e-05
EIF3E,EIF3E,eukaryotic translation initiation factor 3 subunit E,protein_coding,24.008616374401,-0.527509431653924,0.427823058695187,-1.23300841535463,0.21757262450425,0.366980699747268
EIF3H,EIF3H,eukaryotic translation initiation factor 3 subunit H,protein_coding,15.3794009380457,-0.478879492776321,0.425511312133616,-1.12542129696883,0.260410550601958,0.420500449008579
RAD21,RAD21,RAD21 cohesin complex component,protein_coding,18.0357134273782,-0.853055900946566,0.44773412691408,-1.90527335234883,0.0567445474990363,0.137873943897094
SNTB1,SNTB1,syntrophin beta 1,protein_coding,14.3401414537555,-0.13637262808166,0.377526730363454,-0.361226416869531,0.717930195679203,0.817856599487075
NDUFB9,NDUFB9,NADH:ubiquinone oxidoreductase subunit B9,protein_coding,18.9717680501339,-0.822720425207902,0.341343408616749,-2.41024260155446,0.0159419159336449,0.0517298904785621
MTSS1,MTSS1,MTSS I-BAR domain containing 1,protein_coding,11.4837816861601,-0.0172188030492017,0.314178759209353,-0.0548057516444897,0.95629321814207,0.975849593336829
SQLE,SQLE,squalene epoxidase,protein_coding,20.409316766748,-2.38764349563705,0.543927561922537,-4.3896350594881,1.13541043203518e-05,0.000130819028038836
TRIB1,TRIB1,tribbles pseudokinase 1,protein_coding,26.6472828950792,1.11759798885911,0.363761598179966,3.07233637209332,0.00212390240806968,0.0107776749856302
LY6E,LY6E,lymphocyte antigen 6 family member E,protein_coding,13.3612523571648,2.26820420313847,0.635908707743817,3.56687080317862,0.000361269481011727,0.00250752092945872
EEF1D,EEF1D,eukaryotic translation elongation factor 1 delta,protein_coding,13.5948460628343,-0.369667181780765,0.35113338500602,-1.05278278160428,0.292440558182867,0.454378326557745
NRBP2,NRBP2,nuclear receptor binding protein 2,protein_coding,20.4021729979538,-0.675641379433574,0.448602232402539,-1.50610347125359,0.13204061366131,0.256320864472159
GRINA,GRINA,glutamate ionotropic receptor NMDA type subunit associated protein 1,protein_coding,22.586362915493,-0.81641557325595,0.38936793901747,-2.09677143761782,0.0360138131590813,0.0977636108546857
RPL8,RPL8,ribosomal protein L8,protein_coding,50.1632769867923,-0.944349700978088,0.338203761877142,-2.7922507299642,0.00523427796534627,0.0215981884902264
CDC37L1,CDC37L1,"cell division cycle 37 like 1, HSP90 cochaperone",protein_coding,16.7242714507147,1.70480276979815,0.311204771325137,5.4780740106874,4.29980293144582e-08,1.19244534784864e-06
AK3,AK3,adenylate kinase 3,protein_coding,15.866794876627,0.604114873809252,0.366004886601032,1.65056504960759,0.0988274204202807,0.210261728548055
PLIN2,PLIN2,perilipin 2,protein_coding,25.044479782985,1.08886583307353,0.469208318192133,2.32064477728986,0.0203060234144119,0.0618516805151627
RPS6,RPS6,ribosomal protein S6,protein_coding,119.946542543676,0.113509249340189,0.295412927423285,0.384239275952694,0.700801110441684,0.806988717174186
NDUFB6,NDUFB6,NADH:ubiquinone oxidoreductase subunit B6,protein_coding,7.99600620838838,0.149474665831442,0.331224864811203,0.451278517138628,0.651788826168946,0.773776182385733
DNAJA1,DNAJA1,DnaJ heat shock protein family (Hsp40) member A1,protein_coding,70.9504809955671,0.601046791697592,0.287796125046623,2.08844643617152,0.0367575823892271,0.0990585694896121
B4GALT1,B4GALT1,"beta-1,4-galactosyltransferase 1",protein_coding,15.8672600747687,0.438636333290041,0.265517036001236,1.65200824736534,0.0985328695875433,0.210183432625612
CHMP5,CHMP5,charged multivesicular body protein 5,protein_coding,21.6075831508619,0.657984186111173,0.257094110152102,2.55931256348851,0.0104879396151661,0.0372782950553967
AQP3,AQP3,aquaporin 3 (Gill blood group),protein_coding,13.3072637629088,0.419648666055699,0.372859848775005,1.12548633872597,0.260383003013993,0.420500449008579
SIGMAR1,SIGMAR1,sigma non-opioid intracellular receptor 1,protein_coding,42.6503885296201,-0.61260165468046,0.184065228413539,-3.32817697269867,0.000874163162233669,0.00517339737450943
VCP,VCP,valosin containing protein,protein_coding,17.0573705479723,-0.333601315001874,0.332147311349442,-1.00437758669948,0.315196649146671,0.478208656625197
STOML2,STOML2,stomatin like 2,protein_coding,13.7773394847865,-0.543942269060091,0.284203779448493,-1.91391638111087,0.0556308409565571,0.136081595570655
TPM2,TPM2,tropomyosin 2,protein_coding,17.6603312391704,-1.46239705013144,0.331606426945398,-4.41003832043412,1.03352328351719e-05,0.000120241611277487
CLTA,CLTA,clathrin light chain A,protein_coding,23.968032279136,-0.617328306756969,0.285348700888888,-2.16341726748338,0.0305091006569705,0.086727300437276
GRHPR,GRHPR,glyoxylate and hydroxypyruvate reductase,protein_coding,12.2505067853389,1.24058882070161,0.315668471659351,3.93003714998937,8.49327380788868e-05,0.000735655938086329
ALDH1B1,ALDH1B1,aldehyde dehydrogenase 1 family member B1,protein_coding,26.2329029571782,1.0613568094146,0.429096005353577,2.47347166175559,0.0133807415632994,0.0448808380415565
KLF9,KLF9,KLF transcription factor 9,protein_coding,13.4694657739175,1.22574510406393,0.398420794591145,3.07650885873509,0.00209440079260257,0.0106962438765677
TMEM2,CEMIP2,cell migration inducing hyaluronidase 2,protein_coding,12.3952558171828,-0.39315458363726,0.287141137140884,-1.36920326899855,0.170935744465849,0.311445187586745
ZFAND5,ZFAND5,zinc finger AN1-type containing 5,protein_coding,41.3867416761514,1.95049052447746,0.487107884417412,4.00422696259633,6.22206072892434e-05,0.000566397512919258
ALDH1A1,ALDH1A1,aldehyde dehydrogenase 1 family member A1,protein_coding,321.989499189522,0.706468718886759,0.250967337636391,2.81498272062125,0.00487798566321026,0.0204777006083545
OSTF1,OSTF1,osteoclast stimulating factor 1,protein_coding,28.7497769268835,0.566106430369918,0.23019004802164,2.45930019666488,0.0139208160813939,0.0460487466770104
PSAT1,PSAT1,phosphoserine aminotransferase 1,protein_coding,31.6422563087916,0.626562954484759,0.492266506089673,1.27281248416,0.203084590078986,0.349716063060203
UBQLN1,UBQLN1,ubiquilin 1,protein_coding,8.88661923263233,0.0320110676726287,0.312762698530551,0.102349378052517,0.918479363039476,0.953252080439143
HNRNPK,HNRNPK,heterogeneous nuclear ribonucleoprotein K,protein_coding,57.9996882085102,-0.00227260443908224,0.163523446462436,-0.0138977283578982,0.988911574063247,0.994189498503225
ZCCHC6,TUT7,terminal uridylyl transferase 7,protein_coding,13.4464439287857,1.97620098453887,0.522298997054935,3.78365839429521,0.000154539897536021,0.00120972469938219
CTSL,CTSL,cathepsin L,protein_coding,96.1913661749743,0.459186217586527,0.202346842890002,2.26930260451924,0.0232499302677519,0.0692053086358113
AUH,AUH,AU RNA binding methylglutaconyl-CoA hydratase,protein_coding,9.64541613348976,0.706172277554579,0.335959906565093,2.10195402414114,0.0355573034071719,0.0968084116736359
NFIL3,NFIL3,"nuclear factor, interleukin 3 regulated",protein_coding,12.5022833722624,2.08859401601705,0.388045274443044,5.38234621981875,7.35211800539823e-08,1.90595667857334e-06
FBP1,FBP1,fructose-bisphosphatase 1,protein_coding,69.6600995902804,2.86735732847947,0.437064334121141,6.56049259714869,5.36303172951918e-11,3.99713458590727e-09
SLC35D2,SLC35D2,solute carrier family 35 member D2,protein_coding,13.9308913566207,-0.557397258963617,0.309606186426929,-1.8003427689749,0.071806531590438,0.165307507570651
XPA,XPA,"XPA, DNA damage recognition and repair factor",protein_coding,10.4666897152448,0.00738171001787838,0.309786543978854,0.0238283752517742,0.980989506293966,0.989988210006083
ANP32B,ANP32B,acidic nuclear phosphoprotein 32 family member B,protein_coding,127.531210533321,-0.163695943835333,0.160648042959514,-1.01897253660654,0.308216004891543,0.471163943304607
SEC61B,SEC61B,SEC61 translocon subunit beta,protein_coding,10.0894338664489,-0.346313101416081,0.305950421398445,-1.13192555785067,0.257665732631248,0.417481502938538
BAAT,BAAT,bile acid-CoA:amino acid N-acyltransferase,protein_coding,107.408119894487,2.0509467068585,0.401148026743844,5.11269299641388,3.17598232430613e-07,6.36530911215976e-06
ALDOB,ALDOB,"aldolase, fructose-bisphosphate B",protein_coding,660.773564046579,2.37834850098986,0.411982061817074,5.77294188611027,7.78993144944829e-09,2.71465608270722e-07
RAD23B,RAD23B,"RAD23 homolog B, nucleotide excision repair protein",protein_coding,32.4456999844599,-0.0708716692569036,0.187790142309325,-0.377398240319584,0.705877674394051,0.810162778358908
TXN,TXN,thioredoxin,protein_coding,88.8336119911051,-0.611005327596504,0.268026586932998,-2.27964447328968,0.022628783019127,0.0676311372188195
PTGR1,PTGR1,prostaglandin reductase 1,protein_coding,86.9119036144395,0.297755055136666,0.396506216391972,0.750946751468623,0.452684702619438,0.615888771105167
DNAJC25,DNAJC25,DnaJ heat shock protein family (Hsp40) member C25,protein_coding,28.6946485430035,1.21806401636912,0.270720499620225,4.49934163861937,6.81642361041863e-06,8.42340430613909e-05
DNAJC25-GNG10,DNAJC25-GNG10,DNAJC25-GNG10 readthrough,protein_coding,16.3343528578553,0.0900119480652938,0.261892313172168,0.343698320027132,0.731073174722713,0.824791637518292
GNG10,GNG10,G protein subunit gamma 10,protein_coding,13.904288445985,-0.102980583473213,0.285231332207037,-0.361042325456952,0.718067806845256,0.817856599487075
HSDL2,HSDL2,hydroxysteroid dehydrogenase like 2,protein_coding,23.6725517334867,0.0770768281522714,0.240723227766025,0.320188578674209,0.748825380719204,0.835688058860649
SLC31A1,SLC31A1,solute carrier family 31 member 1,protein_coding,11.3316300215347,-0.0137861398835883,0.285602453825135,-0.0482703831810532,0.961500757826889,0.97957253627387
CDC26,CDC26,cell division cycle 26,protein_coding,24.9660811072661,-0.339165876148861,0.240901854370128,-1.40790064499777,0.159160492087554,0.296329253418279
ALAD,ALAD,aminolevulinate dehydratase,protein_coding,23.2427563198352,0.649522558372154,0.266903465073195,2.43354861726516,0.0149516273694116,0.049052187599241
POLE3,POLE3,"DNA polymerase epsilon 3, accessory subunit",protein_coding,14.5497004342823,-0.87274273862078,0.284772610672765,-3.06470041679555,0.00217888132897509,0.0110098134949271
AMBP,AMBP,alpha-1-microglobulin/bikunin precursor,protein_coding,550.075006191963,0.526918761135577,0.2065819943282,2.5506519232187,0.0107521650674459,0.0381038836342621
COL27A1,COL27A1,collagen type XXVII alpha 1 chain,protein_coding,16.4349591100757,-0.531493301896921,0.318828867057233,-1.6670175031595,0.0955109245292136,0.206060134377649
ORM1,ORM1,orosomucoid 1,protein_coding,2064.44089397549,0.240924775435309,0.268216899657746,0.898246067800863,0.369054378274223,0.53409872098545
ORM2,ORM2,orosomucoid 2,protein_coding,758.761554028686,0.24871000000804,0.258744989366146,0.961216681402454,0.336443230577782,0.501480203384559
ATP6V1G1,ATP6V1G1,ATPase H+ transporting V1 subunit G1,protein_coding,32.3547991897901,-0.303423205041548,0.188891573227874,-1.60633531637489,0.108200254673138,0.222081763907841
C5,C5,complement C5,protein_coding,50.1569981604994,0.249422377181458,0.38574193089514,0.646604263639829,0.517888097873031,0.673847852387986
RAB14,RAB14,"RAB14, member RAS oncogene family",protein_coding,12.3031338810951,-0.0844491201466924,0.278177227671026,-0.3035802781332,0.761447678648403,0.845855944842311
STOM,STOM,stomatin,protein_coding,48.4041920290358,0.875731306349207,0.395315603910502,2.21527128624922,0.0267414494747562,0.0775892420891649
PSMB7,PSMB7,proteasome 20S subunit beta 7,protein_coding,16.1366642765647,-0.0510660358242321,0.248249237579789,-0.205704703555511,0.83702158422993,0.896484553253129
RPL35,RPL35,ribosomal protein L35,protein_coding,55.3717348536284,-0.53652558148322,0.22887572871253,-2.34417858329182,0.0190690384686827,0.058683428061688
HSPA5,HSPA5,heat shock protein family A (Hsp70) member 5,protein_coding,172.757104567781,-0.971074801792679,0.330944019745305,-2.93425698563769,0.00334347256446707,0.0151600419510532
RPL12,RPL12,ribosomal protein L12,protein_coding,71.9801248171107,0.0521011777211703,0.235206762606445,0.221512243711919,0.824693604273657,0.889547460973207
SLC25A25,SLC25A25,solute carrier family 25 member 25,protein_coding,21.5706097621064,1.56335807171199,0.367651036975678,4.25228794286091,2.11597548943901e-05,0.000223300953199647
GOLGA2,GOLGA2,golgin A2,protein_coding,9.94613042026171,-0.158884151011504,0.303516180230914,-0.52347835588411,0.600641409216413,0.735369560665892
SET,SET,SET nuclear proto-oncogene,protein_coding,56.3130024553528,-0.431827508401799,0.192145586870186,-2.2473974835214,0.0246146356971935,0.0724764273306253
C9orf78,C9orf78,chromosome 9 open reading frame 78,protein_coding,19.4970025514905,0.344595004120348,0.266439863701084,1.29333125806935,0.195896514104824,0.34153010682749
USP20,USP20,ubiquitin specific peptidase 20,protein_coding,8.29194936648765,0.356733628831552,0.328860226871735,1.08475759511863,0.278029031304686,0.438847941536516
ASS1,ASS1,argininosuccinate synthase 1,protein_coding,96.1092090456565,2.54571928531078,0.42449861629715,5.99700255213264,2.00992903107746e-09,9.04468063984858e-08
FUBP3,FUBP3,far upstream element binding protein 3,protein_coding,20.8115408515011,-0.262708631358131,0.226772853785044,-1.15846595821892,0.246673935928447,0.403786779127898
RPL7A,RPL7A,ribosomal protein L7a,protein_coding,52.7634510856387,-0.373925366996076,0.254899982359761,-1.46694936396004,0.142389830478483,0.272551962834014
SURF4,SURF4,surfeit 4,protein_coding,23.9017009525157,-0.777912522843512,0.222015864617194,-3.5038600695712,0.000458566249358003,0.00308949295118315
AGPAT2,AGPAT2,1-acylglycerol-3-phosphate O-acyltransferase 2,protein_coding,9.97294077369707,-0.399399426513563,0.412768811184408,-0.967610477563743,0.333238942546479,0.497667425155512
EDF1,EDF1,endothelial differentiation related factor 1,protein_coding,83.8619058827073,-0.0663388140108329,0.187309154564117,-0.354167494723941,0.723213362264295,0.819951058883159
C8G,C8G,complement C8 gamma chain,protein_coding,16.9900816106317,-0.31560036060765,0.395489978356557,-0.797998376391522,0.424871432308334,0.591546039728767
TUBB4B,TUBB4B,tubulin beta 4B class IVb,protein_coding,21.2989135660535,-0.41728761524919,0.290702039308079,-1.43544784289235,0.151159520956993,0.284094135131937
MRPL41,MRPL41,mitochondrial ribosomal protein L41,protein_coding,21.4565793734673,-0.0387222288929122,0.296254989126088,-0.130705744423537,0.896008087940932,0.937284669548967
MT-ND1,MT-ND1,mitochondrially encoded NADH:ubiquinone oxidoreductase core subunit 1 [Source:HGNC Symbol;Acc:HGNC:7455],protein_coding,39030.7375316808,0.832704264080873,0.136725467426313,6.09033766536327,1.12672783842378e-09,5.71754445668238e-08
MT-ND2,MT-ND2,mitochondrially encoded NADH:ubiquinone oxidoreductase core subunit 2 [Source:HGNC Symbol;Acc:HGNC:7456],protein_coding,55212.4921039626,0.956653791519449,0.226002262352332,4.23293900495584,2.3065707759598e-05,0.0002402258209897
MT-CO1,MT-CO1,mitochondrially encoded cytochrome c oxidase I [Source:HGNC Symbol;Acc:HGNC:7419],protein_coding,30642.0216229955,0.707879283629013,0.149889201618939,4.72268366222034,2.32752734857701e-06,3.42663748540504e-05
MT-CO2,MT-CO2,mitochondrially encoded cytochrome c oxidase II [Source:HGNC Symbol;Acc:HGNC:7421],protein_coding,31911.9188113878,0.652114899332975,0.181617748481509,3.59059015313897,0.000329930085737558,0.00233496514683702
MT-ATP8,MT-ATP8,mitochondrially encoded ATP synthase membrane subunit 8 [Source:HGNC Symbol;Acc:HGNC:7415],protein_coding,270669.752125259,0.896336319695729,0.143529336221513,6.24496944870134,4.23882959883718e-10,2.40704966505397e-08
MT-ATP6,MT-ATP6,mitochondrially encoded ATP synthase membrane subunit 6 [Source:HGNC Symbol;Acc:HGNC:7414],protein_coding,79694.0824171367,0.827734189964048,0.137958218294684,5.99989040302026,1.9745075248706e-09,9.04468063984858e-08
MT-CO3,MT-CO3,mitochondrially encoded cytochrome c oxidase III [Source:HGNC Symbol;Acc:HGNC:7422],protein_coding,26779.440633474,0.45737704177212,0.116094136325391,3.93970838019048,8.15807150581839e-05,0.000720629649680625
MT-ND3,MT-ND3,mitochondrially encoded NADH:ubiquinone oxidoreductase core subunit 3 [Source:HGNC Symbol;Acc:HGNC:7458],protein_coding,19972.7108073054,1.19401930524183,0.13952188180331,8.55793578619514,1.14906332174757e-17,1.37025801118398e-14
MT-ND4L,MT-ND4L,mitochondrially encoded NADH:ubiquinone oxidoreductase core subunit 4L [Source:HGNC Symbol;Acc:HGNC:7460],protein_coding,74118.3106014583,1.03099138192698,0.177180403359146,5.81887930256681,5.92434925497151e-09,2.17378045740109e-07
MT-ND4,MT-ND4,mitochondrially encoded NADH:ubiquinone oxidoreductase core subunit 4 [Source:HGNC Symbol;Acc:HGNC:7459],protein_coding,54318.0555170045,0.894719046686997,0.151597495728334,5.90193817113149,3.59255810134052e-09,1.39953967053788e-07
MT-ND5,MT-ND5,mitochondrially encoded NADH:ubiquinone oxidoreductase core subunit 5 [Source:HGNC Symbol;Acc:HGNC:7461],protein_coding,15307.6374978148,1.28681393106707,0.252885294469313,5.08852811614642,3.60853287526225e-07,7.0931183669531e-06
MT-ND6,MT-ND6,mitochondrially encoded NADH:ubiquinone oxidoreductase core subunit 6 [Source:HGNC Symbol;Acc:HGNC:7462],protein_coding,31954.9423719549,1.30051822687108,0.314816615623688,4.13103426670984,3.61134738958719e-05,0.000351553613231242
MT-CYB,MT-CYB,mitochondrially encoded cytochrome b [Source:HGNC Symbol;Acc:HGNC:7427],protein_coding,17711.4534843946,0.949440386794094,0.132880027775894,7.14509473459287,8.99338437360033e-13,1.12890640689667e-10
GTPBP6,GTPBP6,GTP binding protein 6 (putative),protein_coding,12.9766269533518,0.383197918835405,0.307441620668757,1.24640872631968,0.21261437920944,0.361429290388107
AKAP17A,AKAP17A,A-kinase anchoring protein 17A,protein_coding,11.980372745159,0.187683645502718,0.286278646915882,0.655597780430566,0.512082954014638,0.669582152042166
CD99,CD99,CD99 molecule (Xg blood group),protein_coding,21.810606544174,-0.027716711072808,0.262982756290825,-0.105393644297183,0.916063459094212,0.951250817666966
ARSE,ARSL,arylsulfatase L,protein_coding,9.7053237295717,0.370447866328249,0.342991961845117,1.08004824467441,0.280120697046127,0.440691202147106
TMSB4X,TMSB4X,thymosin beta 4 X-linked,protein_coding,174.694496914972,0.2419653424024,0.279849748118329,0.864625907399746,0.387244148119113,0.551807456157007
ZRSR2,ZRSR2,"zinc finger CCCH-type, RNA binding motif and serine/arginine rich 2",protein_coding,11.962467909304,0.510082102469123,0.306177905000871,1.66596640102973,0.0957201067111189,0.206226246166232
PDHA1,PDHA1,pyruvate dehydrogenase E1 subunit alpha 1,protein_coding,20.5290005560883,-0.14124678647493,0.25720538657464,-0.54915951938643,0.582895982094697,0.720951859629571
EIF1AX,EIF1AX,eukaryotic translation initiation factor 1A X-linked,protein_coding,12.8736407483248,0.242272572761899,0.29236244535734,0.828672001514357,0.407290033075567,0.572751609012516
SMS,SMS,spermine synthase,protein_coding,24.344839904335,-0.487099785316577,0.305124030870479,-1.59639928696191,0.110399675247574,0.225238002964469
PRDX4,PRDX4,peroxiredoxin 4,protein_coding,15.7083498825725,-0.28220812039149,0.440014178245628,-0.641361425026521,0.521287889341296,0.677163189585507
SAT1,SLC38A1,solute carrier family 38 member 1,protein_coding,194.415654886315,1.85337854178357,0.270366796513151,6.85505234254392,7.12864129565355e-12,7.08408728755572e-10
EIF2S3,EIF2S3,eukaryotic translation initiation factor 2 subunit gamma,protein_coding,24.8324939481849,-0.0907836338120334,0.234214903942966,-0.387608270369251,0.698305947653982,0.805727971888227
OTC,OTC,ornithine transcarbamylase,protein_coding,29.0510648695275,1.95614817506163,0.649509315014377,3.01173228750127,0.0025976157500372,0.0124654196455508
DDX3X,DDX3X,DEAD-box helicase 3 X-linked,protein_coding,27.4387662494969,1.1775467260612,0.330161400701713,3.56657902334581,0.000361671781859035,0.00250752092945872
MAOB,MAOB,monoamine oxidase B,protein_coding,30.3266455608473,0.812520856838733,0.281441947672014,2.88699272997367,0.00388943217361641,0.0169895526265112
RGN,RGN,regucalcin,protein_coding,61.8885728589739,1.5836241198585,0.294559572518774,5.37624395064455,7.60557283687127e-08,1.94543204170825e-06
NDUFB11,NDUFB11,NADH:ubiquinone oxidoreductase subunit B11,protein_coding,14.1429995476396,-0.360636341840851,0.293976323165498,-1.2267530186022,0.219915433806203,0.36962530629161
TIMP1,TIMP1,TIMP metallopeptidase inhibitor 1,protein_coding,26.6559994176737,0.0346135414320485,0.385900833710373,0.0896954305572365,0.928529247193898,0.96103431736514
UXT,UXT,ubiquitously expressed prefoldin like chaperone,protein_coding,25.4411805866701,0.0576407280894232,0.235454494551396,0.244806233999671,0.806606466737712,0.880034960278794
EBP,SH3D19,SH3 domain containing 19,protein_coding,33.0093709270896,-0.267633295365383,0.291513179635903,-0.918083002969726,0.358575412640576,0.522101562361278
RBM3,RBM3,RNA binding motif protein 3,protein_coding,22.0744411986217,-0.293219917684451,0.303548717096912,-0.96597317389036,0.334057604701093,0.498459046561751
PQBP1,PQBP1,polyglutamine binding protein 1,protein_coding,13.8757315207354,-0.211367734225655,0.291932490135879,-0.72402949780367,0.46904762576955,0.630596723483865
TSPYL2,TSPYL2,TSPY like 2,protein_coding,17.8376759966277,0.496890857737836,0.454978632382112,1.09211910708045,0.2747807520905,0.435546917936874
HSD17B10,HSD17B10,hydroxysteroid 17-beta dehydrogenase 10,protein_coding,13.8590461863907,0.444373864731929,0.321867966005591,1.38060916793506,0.167399162936252,0.306818050251208
TSR2,TSR2,TSR2 ribosome maturation factor,protein_coding,43.3922527662545,-0.213605148851617,0.202819265706775,-1.05317977612855,0.292258605558221,0.454378326557745
MSN,MSN,moesin,protein_coding,21.043833209021,-0.0744416090599643,0.320520727640442,-0.232252090552697,0.816342221237623,0.88397426912158
GJB1,GJB1,gap junction protein beta 1,protein_coding,25.2488259903696,0.0705912878614203,0.271401234930144,0.260099361300216,0.794787130584536,0.870724532128672
NONO,NONO,non-POU domain containing octamer binding,protein_coding,44.8655907128232,-0.531561985166881,0.240669578176391,-2.20867958964589,0.0271969350606257,0.0787297629574584
OGT,OGT,O-linked N-acetylglucosamine (GlcNAc) transferase,protein_coding,15.3982039053288,-0.0101101968138752,0.287987326050028,-0.0351063949672525,0.971994902110645,0.985207598514112
RPS4X,RPS4X,ribosomal protein S4 X-linked,protein_coding,67.7717391648195,0.000462326314822114,0.247653688594798,0.00186682587869126,0.998510489318852,0.998589261976235
PBDC1,PBDC1,polysaccharide biosynthesis domain containing 1,protein_coding,32.7548224068343,-0.0554121985587291,0.256204437725641,-0.216281181741543,0.828768576729929,0.891973400496787
MAGT1,MAGT1,magnesium transporter 1,protein_coding,13.3570974411278,-0.67762333954295,0.288028151051927,-2.35262885613144,0.0186412297939889,0.0576645046156466
COX7B,COX7B,cytochrome c oxidase subunit 7B,protein_coding,18.8562911953215,-0.00293663803487325,0.275353936917134,-0.0106649575007058,0.991490756377639,0.995246403182099
PGK1,PGK1,phosphoglycerate kinase 1,protein_coding,20.6502967910267,-0.137743867824204,0.346007537626225,-0.398094991713741,0.690560165993003,0.800640520371996
RPL36A,RPL36A,ribosomal protein L36a,protein_coding,42.7513514248389,-0.59105105354308,0.305387191111445,-1.93541533746708,0.0529393486934558,0.131111471063232
RPL36A-HNRNPH2,RPL36A-HNRNPH2,RPL36A-HNRNPH2 readthrough,protein_coding,259.728762901667,-0.475623127298307,0.287901221004634,-1.65203581158363,0.0985272506716302,0.210183432625612
HNRNPH2,HNRNPH2,heterogeneous nuclear ribonucleoprotein H2,protein_coding,32.0398743100419,0.0955044388916695,0.263590721418512,0.362320943535921,0.71711220921684,0.817856599487075
ARMCX3,ARMCX3,armadillo repeat containing X-linked 3,protein_coding,13.6300276520199,0.464523486743775,0.600594537729453,0.773439413052117,0.439262372184701,0.603918077552922
TCEAL8,TCEAL8,transcription elongation factor A like 8,protein_coding,15.7894062821801,-0.600367297293329,0.377202421494539,-1.59163160966617,0.111467503300269,0.226448036943051
TCEAL9,TCEAL9,transcription elongation factor A like 9,protein_coding,48.2203612563399,0.247805149208305,0.406473589340633,0.609646372376336,0.542096086149229,0.691020398431806
BEX3,BEX3,brain expressed X-linked 3,protein_coding,38.2205146279771,-0.0337661272169643,0.418648817654885,-0.0806550163120239,0.935716311990718,0.963013828684442
TCEAL4,TCEAL4,transcription elongation factor A like 4,protein_coding,75.1314299961374,0.283193147206907,0.307409937958315,0.921223136401361,0.35693394130928,0.520590974479581
MORF4L2,MORF4L2,mortality factor 4 like 2,protein_coding,29.1762145558523,0.0696220660458839,0.21772384681425,0.319772349536344,0.749140909787869,0.835688058860649
SERPINA7,SERPINA7,serpin family A member 7,protein_coding,15.0263084013676,0.613616810027268,0.350721501800648,1.74958423386329,0.08019008220651,0.181028186279738
RNF128,RNF128,ring finger protein 128,protein_coding,28.7609157324265,0.317312350606231,0.290875403298329,1.09088753125264,0.275322374285275,0.435701477498266
TSC22D3,TSC22D3,TSC22 domain family member 3,protein_coding,18.4195568786029,1.2836534622813,0.45239137438145,2.83748438845995,0.00454705703920677,0.019296674445744
PLS3,PLS3,plastin 3,protein_coding,23.3979933136396,0.0714172106383044,0.310731839387018,0.229835509548006,0.818219590618531,0.885414575147548
IL13RA1,IL13RA1,interleukin 13 receptor subunit alpha 1,protein_coding,21.8955375863025,0.467711213961014,0.248259165872765,1.88396352785911,0.0595699090433695,0.143075763412323
PGRMC1,PGRMC1,progesterone receptor membrane component 1,protein_coding,65.1067818635825,0.416215341098565,0.298523809281652,1.39424504229702,0.163243620509522,0.30134368027493
SLC25A5,SLC25A5,solute carrier family 25 member 5,protein_coding,36.7921130895968,-0.164382385687891,0.366181606865098,-0.448909455325127,0.653496974916231,0.774632540118865
RPL39,RPL39,ribosomal protein L39,protein_coding,13.717005524552,-0.498076976495724,0.387683448019207,-1.28475171958089,0.198879058676981,0.344964767232436
NDUFA1,NDUFA1,NADH:ubiquinone oxidoreductase subunit A1,protein_coding,90.7818258931857,-0.30666280473083,0.263652221413671,-1.16313377936488,0.244775228803743,0.401604277613475
LAMP2,LAMP2,lysosomal associated membrane protein 2,protein_coding,24.0362631544048,-0.0344916664693036,0.321613009924633,-0.107245868186073,0.914593927686091,0.9504603562228
C1GALT1C1,C1GALT1C1,C1GALT1 specific chaperone 1,protein_coding,13.2181103165915,-0.0037221225127825,0.284828639375721,-0.0130679362894846,0.98957359214852,0.994189498503225
SMARCA1,SMARCA1,"SWI/SNF related, matrix associated, actin dependent regulator of chromatin, subfamily a, member 1",protein_coding,28.5569560790335,-0.2351462401908,0.3196772286988,-0.735573944844082,0.461990023857369,0.623216180373205
AIFM1,AIFM1,apoptosis inducing factor mitochondria associated 1,protein_coding,11.565041823365,0.2629294571668,0.342771096912414,0.76707009294306,0.443039842278626,0.607619335154987
RAP2C,RAP2C,"RAP2C, member of RAS oncogene family",protein_coding,19.5813462439171,0.0806276170002669,0.266422607635301,0.302630537685586,0.762171439413839,0.8462657742095
HTATSF1,HTATSF1,HIV-1 Tat specific factor 1,protein_coding,35.9625636598866,-0.528111863182335,0.267527357228011,-1.97404806990349,0.0483762773143496,0.122206568599947
RBMX,RBMX,RNA binding motif protein X-linked,protein_coding,22.5822753784007,0.26830264767634,0.239408864620317,1.12068802507312,0.262420681214827,0.422316683331553
F9,F9,coagulation factor IX,protein_coding,75.7090482507631,1.8733045542866,0.311160117889152,6.02038772511955,1.73999765045308e-09,8.13704783594233e-08
FMR1,FMR1,fragile X messenger ribonucleoprotein 1,protein_coding,10.268702025775,0.500416823891622,0.304166937068001,1.64520453378451,0.09992763888469,0.212223881335695
HMGB3,HMGB3,high mobility group box 3,protein_coding,19.6060561749428,-1.15564587447478,0.592663601208075,-1.9499187601856,0.0511858027360009,0.128233339837565
BGN,BGN,biglycan,protein_coding,58.8302508757896,2.06355580023745,0.434272100951331,4.75175770148934,2.01655935329186e-06,3.06337201121088e-05
BCAP31,BCAP31,B cell receptor associated protein 31,protein_coding,26.9827985321683,-1.0424651355031,0.265566414224619,-3.92544041590054,8.65711979953184e-05,0.000737401097210123
RPL10,RPL10,ribosomal protein L10,protein_coding,24.2080241469928,-0.37305705939817,0.357353500213604,-1.04394404749129,0.296511277465855,0.459804549256218
FAM50A,FAM50A,family with sequence similarity 50 member A,protein_coding,24.3431965848713,-0.818671712384236,0.342256128531873,-2.39198554572558,0.0167575023108467,0.0535745884870902
RPS4Y1,RPS4Y1,ribosomal protein S4 Y-linked 1,protein_coding,18.9680699903463,1.62182918780599,1.46023919196996,1.11065994990727,0.266714747454591,0.426393363179087
