Symbol,Drug,Approved,InteractionType,Sources,Score,PMIDs
DNMT3B,ZILURGISERTIB,FALSE,inhibitor,GuideToPharmacology,1.74012661862952,""
DNMT3B,COMPOUND 13D [PMID: 23639540],FALSE,inhibitor,GuideToPharmacology,1.24294758473537,""
DNMT3B,CURCUMIN,TRUE,"",TTD,0.1318277741386,""
DNMT3B,GALUNISERTIB,FALSE,inhibitor,GuideToPharmacology,1.4501055155246,""
DNMT3B,COMPOUND 13R [PMID: 23639540],FALSE,inhibitor,GuideToPharmacology,1.4501055155246,""
DNMT3B,COMPOUND 13A [PMID: 23639540],FALSE,inhibitor,GuideToPharmacology,1.24294758473537,""
PDCD4,PACLITAXEL,TRUE,"",CIViC,0.474579986898959,""
CFHR4,PHENYTOIN SODIUM,TRUE,"",PharmGKB,2.48589516947074,29288229
PLOD1,ASCORBIC ACID,TRUE,"",TTD,2.00783840611098,""
SLC19A1,CAPECITABINE,TRUE,"",PharmGKB,0.113733765923498,24143213
SLC19A1,IMATINIB,TRUE,"",PharmGKB,0.0805614175291443,30237583
SLC19A1,RALTITREXED,TRUE,"",PharmGKB; DTC,1.65726344631383,21879757; 11705857
SLC19A1,PEMETREXED DISODIUM,TRUE,"",PharmGKB; DTC,0.669279468703661,21879757; 24732178; 19841321; 12571805
SLC19A1,CYCLOSPORINE,TRUE,"",PharmGKB,0.0666715179551539,25425682
SLC19A1,FOLIC ACID,TRUE,"",TTD; PharmGKB,0.36252637888115,18322994
SLC19A1,CISPLATIN,TRUE,"",PharmGKB,0.0394586534836625,16875718
SLC19A1,LOMETREXOL,FALSE,"",DTC,1.16008441241968,21879757
SLC19A1,PREDNISONE,TRUE,"",PharmGKB,0.128898268046631,17325736
SLC19A1,SULFASALAZINE,TRUE,"",PharmGKB,0.241684252587433,18322994
SLC19A1,METHOTREXATE,TRUE,"",TTD,0.02636555482772,""
SLC19A1,CARBOPLATIN,TRUE,"",PharmGKB,0.0674467681639348,16875718
SLC19A1,TALOTREXIN,FALSE,"",DTC,1.93347402069946,21879757
SLC19A1,BEVACIZUMAB,TRUE,"",PharmGKB,0.14501055155246,19841321
SLC19A1,HYDROXYCHLOROQUINE,TRUE,"",PharmGKB,0.322245670116577,18322994
SLC19A1,IRINOTECAN HYDROCHLORIDE,TRUE,"",PharmGKB,0.0920701914618792,24143213
SLC19A1,FLUOROURACIL,TRUE,"",PharmGKB,0.0750054576995482,24143213; 16875718
SLC19A1,LEUCOVORIN CALCIUM,TRUE,"",PharmGKB; DTC,0.483368505174866,24143213; 20335220; 16115875; 21879757
SDS,DEXAMETHASONE,TRUE,"",NCI,1.22832467197378,12210718
TEAD4,GNE-7883,FALSE,inhibitor,GuideToPharmacology,6.52547481986069,""
TEAD4,IAG933,FALSE,inhibitor,GuideToPharmacology,5.22037985588855,""
EPHB2,FILGOTINIB,TRUE,inhibitor,GuideToPharmacology,0.0743643854115178,""
EPHB2,COMPOUND 30 [PMID: 37057760],FALSE,inhibitor,GuideToPharmacology,0.0956113526719515,""
EPHB2,GUSACITINIB,FALSE,inhibitor,GuideToPharmacology,0.33463973435183,""
EPHB2,COMPOUND 18E [PMID: 31670517],FALSE,inhibitor,GuideToPharmacology,0.167319867175915,""
EPHB2,BREPOCITINIB,FALSE,inhibitor,GuideToPharmacology,0.133855893740732,""
EPHB2,ROPSACITINIB,FALSE,inhibitor,GuideToPharmacology,0.223093156234554,""
EPHB2,AZ960,FALSE,inhibitor,GuideToPharmacology,0.33463973435183,""
EPHB2,GIROCITINIB,FALSE,inhibitor,GuideToPharmacology,0.33463973435183,""
EPHB2,UPADACITINIB,FALSE,inhibitor,GuideToPharmacology,0.133855893740732,""
EPHB2,JAK INHIBITOR 20A,FALSE,inhibitor,GuideToPharmacology,0.167319867175915,""
EPHB2,REPOTRECTINIB,TRUE,inhibitor,GuideToPharmacology,0.0478056763359758,""
EPHB2,MOMELOTINIB,TRUE,inhibitor,GuideToPharmacology,0.0514830360541277,""
EPHB2,LONDAMOCITINIB,FALSE,inhibitor,GuideToPharmacology,0.33463973435183,""
EPHB2,WXFL10203614,FALSE,inhibitor,GuideToPharmacology,0.33463973435183,""
EPHB2,JNJ-7706621,FALSE,inhibitor,GuideToPharmacology,0.0121687176127938,""
EPHB2,ZOTIRACICLIB,FALSE,inhibitor,GuideToPharmacology,0.0557732890586384,""
EPHB2,DECERNOTINIB,FALSE,inhibitor,GuideToPharmacology,0.167319867175915,""
EPHB2,AT-9283,FALSE,inhibitor,GuideToPharmacology,0.0557732890586384,""
EPHB2,RGB-286638,FALSE,inhibitor,GuideToPharmacology,0.0352252351949295,""
EPHB2,COMPOUND 8L [PMID: 36053746],FALSE,inhibitor,GuideToPharmacology,0.223093156234554,""
EPHB2,RUXOLITINIB,TRUE,inhibitor,GuideToPharmacology,0.0418299667939788,""
EPHB2,PF-956980,FALSE,inhibitor,GuideToPharmacology,0.167319867175915,""
EPHB2,BMS-911543,FALSE,inhibitor,GuideToPharmacology,0.167319867175915,""
EPHB2,JAK3 INHIBITOR II,FALSE,inhibitor,GuideToPharmacology,0.133855893740732,""
EPHB2,JAK3 INHIBITOR 32,FALSE,inhibitor,GuideToPharmacology,0.167319867175915,""
EPHB2,FEDRATINIB,TRUE,inhibitor,GuideToPharmacology,0.0956113526719515,""
EPHB2,PEFICITINIB,TRUE,inhibitor,GuideToPharmacology,0.0836599335879576,""
EPHB2,TYK2 INHIBITOR 14L,FALSE,inhibitor,GuideToPharmacology,0.33463973435183,""
EPHB2,GOLIDOCITINIB,FALSE,inhibitor,GuideToPharmacology,0.223093156234554,""
EPHB2,SAR-20347,FALSE,inhibitor,GuideToPharmacology,0.167319867175915,""
EPHB2,GSK2646264,FALSE,inhibitor,GuideToPharmacology,0.0743643854115178,""
EPHB2,IVARMACITINIB,FALSE,inhibitor,GuideToPharmacology,0.33463973435183,""
EPHB2,CEE321,FALSE,inhibitor,GuideToPharmacology,0.167319867175915,""
EPHB2,LASW1393,FALSE,inhibitor,GuideToPharmacology,0.167319867175915,""
EPHB2,XL019,FALSE,inhibitor,GuideToPharmacology,0.223093156234554,""
EPHB2,JAK INHIBITOR 17B,FALSE,inhibitor,GuideToPharmacology,0.167319867175915,""
EPHB2,DEURUXOLITINIB,FALSE,inhibitor,GuideToPharmacology,0.33463973435183,""
EPHB2,ILGINATINIB,FALSE,inhibitor,GuideToPharmacology,0.167319867175915,""
EPHB2,ABROCITINIB,TRUE,inhibitor,GuideToPharmacology,0.111546578117277,""
EPHB2,EMZELTRECTINIB,FALSE,inhibitor,GuideToPharmacology,0.167319867175915,""
EPHB2,ITACNOSERTIB,FALSE,inhibitor,GuideToPharmacology,0.33463973435183,""
EPHB2,OCLACITINIB,FALSE,inhibitor,GuideToPharmacology,0.167319867175915,""
EPHB2,ITACITINIB,FALSE,inhibitor,GuideToPharmacology,0.33463973435183,""
EPHB2,ULIXERTINIB,FALSE,"",TTD,0.0669279468703661,""
EPHB2,GANDOTINIB,FALSE,inhibitor,GuideToPharmacology,0.223093156234554,""
EPHB2,TOFACITINIB,TRUE,inhibitor,GuideToPharmacology,0.0478056763359758,""
EPHB2,COMPOUND 1D [PMID: 21493067],FALSE,inhibitor,GuideToPharmacology,0.111546578117277,""
EPHB2,VANDETANIB,TRUE,inhibitor,ChEMBL,0.0115393011845459,""
EPHB2,TINENGOTINIB,FALSE,inhibitor,GuideToPharmacology,0.0956113526719515,""
EPHB2,MK-8353,FALSE,"",TTD,0.111546578117277,""
EPHB2,COMPOUND 13AC [PMID: 33256400],FALSE,inhibitor,GuideToPharmacology,0.133855893740732,""
EPHB2,KO-947,FALSE,"",TTD,0.133855893740732,""
EPHB2,PACRITINIB,TRUE,inhibitor,GuideToPharmacology,0.0836599335879576,""
EPHB2,CEP-33779,FALSE,inhibitor,GuideToPharmacology,0.33463973435183,""
EPHB2,NEZULCITINIB,FALSE,inhibitor,GuideToPharmacology,0.0956113526719515,""
EPHB2,ROVADICITINIB,FALSE,inhibitor,GuideToPharmacology,0.669279468703661,""
EPHB2,BARICITINIB,TRUE,inhibitor,GuideToPharmacology,0.0608435880639691,""
EPHB2,COMPOUND 19A [PMID: 24359159],FALSE,inhibitor,GuideToPharmacology,0.223093156234554,""
EPHB2,CERDULATINIB,FALSE,inhibitor,GuideToPharmacology,0.0557732890586384,""
EPHB2,JAK3 INHIBITOR 34,FALSE,inhibitor,GuideToPharmacology,0.167319867175915,""
EPHB2,COMPOUND 11 [PMID: 35653642],FALSE,inhibitor,GuideToPharmacology,0.669279468703661,""
EPHB2,IZENCITINIB,FALSE,inhibitor,GuideToPharmacology,0.0836599335879576,""
EPHB2,GDC-0214,FALSE,inhibitor,GuideToPharmacology,0.167319867175915,""
EPHB2,SJ988497,FALSE,"",GuideToPharmacology,0.167319867175915,""
EPHB2,AC430,FALSE,inhibitor,GuideToPharmacology,0.33463973435183,""
EPHB2,RG-1530,FALSE,inhibitor,GuideToPharmacology,0.00711999434791128,""
EPHB2,AZD1480,FALSE,inhibitor,GuideToPharmacology,0.0836599335879576,""
EPHB2,SAFIMALTIB,FALSE,inhibitor,GuideToPharmacology,0.33463973435183,""
EPHB2,DELGOCITINIB,FALSE,inhibitor,GuideToPharmacology,0.0956113526719515,""
EPHB2,"2-TERT-BUTYL-9-FLUORO-1,6-DIHYDROBENZO[H]IMIDAZO[4,5-F]ISOQUINOLIN-7-ONE",FALSE,inhibitor,GuideToPharmacology,0.133855893740732,""
EPHB2,ZEMPROCITINIB,FALSE,inhibitor,GuideToPharmacology,0.223093156234554,""
EPHB2,BIIB068,FALSE,inhibitor,GuideToPharmacology,0.167319867175915,""
EPHB2,SOLCITINIB,FALSE,inhibitor,GuideToPharmacology,0.133855893740732,""
EPHB2,COMPOUND 13 [PMID: 35653642],FALSE,inhibitor,GuideToPharmacology,0.669279468703661,""
EPHB2,COMPOUND 25AP [PMID: 37796543],FALSE,inhibitor,GuideToPharmacology,0.0743643854115178,""
EPHB2,HG-10-102-01,FALSE,inhibitor,GuideToPharmacology,0.33463973435183,""
EPHB2,PF-06263276,FALSE,inhibitor,GuideToPharmacology,0.167319867175915,""
EPHB2,LORPUCITINIB,FALSE,inhibitor,GuideToPharmacology,0.167319867175915,""
HPGD,EBSELEN,FALSE,"",DTC,0.00601426250678405,""
HPGD,DEMETHYLENCECALIN,FALSE,"",DTC,0.105249593868721,""
HPGD,ATHRAQUINONES A,FALSE,"",DTC,0.0210499187737442,""
HPGD,KOPARIN,FALSE,"",DTC,0.0210499187737442,""
HPGD,OMEPRAZOLE,TRUE,"",DTC,0.00568916723614707,""
HPGD,CHEMBL:CHEMBL120806,FALSE,"",DTC,0.0420998375474883,""
HPGD,FPL-55712,FALSE,"",DTC,0.105249593868721,""
HPGD,CHEMBL:CHEMBL242172,FALSE,"",DTC,0.0526247969343604,""
HPGD,NONSTEROIDAL ANTIINFLAMMATORY DRUG,FALSE,"",NCI,0.024764610322052,16997128
HPGD,CHEMBL:CHEMBL222808,FALSE,"",DTC,0.105249593868721,""
HPGD,CHEMBL:CHEMBL523200,FALSE,"",DTC,0.012382305161026,""
HPGD,DALCETRAPIB,FALSE,inhibitor,GuideToPharmacology,0.0701663959124806,""
HPGD,CHEMBL:CHEMBL469309,FALSE,"",DTC,0.0420998375474883,""
HPGD,(4-CHLOROPHENYL)(MORPHOLINO)METHANETHIONE,FALSE,"",DTC,0.0526247969343604,""
HPGD,SUPROFEN METHYL ESTER,FALSE,"",DTC,0.210499187737442,""
HPGD,OBTUSAQUINONE,FALSE,"",DTC,0.0350831979562403,""
HPGD,MANGOSTIN,FALSE,"",DTC,0.0210499187737442,""
HPGD,KAINIC ACID,FALSE,"",DTC,0.0263123984671802,""
HPGD,HOMIDIUM BROMIDE,FALSE,"",DTC,0.00725859268060144,""
HPGD,CHEMBL:CHEMBL1091971,FALSE,"",DTC,0.0526247969343604,""
HPGD,3-METHOXYCATECHOL,FALSE,"",DTC,0.0210499187737442,""
HPGD,HEXACHLOROPHENE,TRUE,"",DTC,0.0051341265301815,""
HPGD,CHEMBL:CHEMBL1214274,FALSE,"",DTC,0.0300713125339202,""
HPGD,7-CHLOROKYNURENIC ACID,FALSE,"",DTC,0.210499187737442,""
HPGD,IRIGINOL HEXAACEATATE,FALSE,"",DTC,0.0191362897943129,""
HPGD,SILVER SULFADIAZINE,TRUE,"",DTC,0.0263123984671802,""
HPGD,CHEMBL:CHEMBL166486,FALSE,"",DTC,0.0263123984671802,""
HPGD,BRIMONIDINE,TRUE,"",DTC,0.0175415989781201,""
HPGD,HEMATOXYLIN,FALSE,"",DTC,0.0350831979562403,""
HPGD,CISPLATIN,TRUE,"",DTC,0.00143196726352001,""
HPGD,REV-5901,FALSE,"",DTC,0.0526247969343604,""
HPGD,CHEMBL:CHEMBL56393,FALSE,"",DTC,0.00751782813348006,""
HPGD,2-BENZOYL-5-METHOXYBENZOQUINONE,FALSE,"",DTC,0.0420998375474883,""
HPGD,CHEMBL:CHEMBL602807,FALSE,"",DTC,0.0263123984671802,""
HPGD,CHEMBL:CHEMBL471005,FALSE,"",DTC,0.0526247969343604,""
HPGD,CHEMBL:CHEMBL421215,FALSE,"",DTC,0.0233887986374935,""
HPGD,LUZINDOLE,FALSE,"",DTC,0.0300713125339202,""
HPGD,CHEMBL:CHEMBL242171,FALSE,"",DTC,0.0210499187737442,""
HPGD,OXYTETRACYCLINE HYDROCHLORIDE,TRUE,"",DTC,0.0233887986374935,""
HPGD,TYRPHOSTIN AG 555,FALSE,"",DTC,0.0110789046177601,""
HPGD,FENTICLOR,FALSE,"",DTC,0.0110789046177601,""
HPGD,2-ARACHIDONOYLGLYCEROL,FALSE,"",DTC,0.0350831979562403,""
HPGD,ZEARALENONE,FALSE,"",DTC,0.0161922452105724,""
HPGD,AM404,FALSE,"",DTC,0.0300713125339202,""
HPGD,SOFALCONE,FALSE,"",DTC,0.0300713125339202,""
HPGD,E927A,FALSE,"",DTC,0.0701663959124806,""
HPGD,ZARDAVERINE,FALSE,"",DTC,0.0701663959124806,""
HPGD,U-0126,FALSE,"",DTC,0.0210499187737442,""
HPGD,"PYRROLIDINE DITHIOCARBAMIC ACID, AMMONIUM SALT",FALSE,"",DTC,0.0350831979562403,""
HPGD,DANTHRON,TRUE,"",DTC,0.0526247969343604,""
HPGD,PHLORETIN,TRUE,"",DTC,0.0131561992335901,""
HPGD,MK-8262,FALSE,inhibitor,GuideToPharmacology,0.210499187737442,""
HPGD,CHEMBL:CHEMBL598663,FALSE,"",DTC,0.0191362897943129,""
HPGD,PYRROLIDINE DITHIOCARBAMATE,FALSE,"",DTC,0.0161922452105724,""
HPGD,ALPRAZOLAM,TRUE,"",DTC,0.00619115258051299,""
HPGD,DIHYDROXIDINE,FALSE,"",DTC,0.0263123984671802,""
HPGD,N-ACETYLSEROTONIN,FALSE,"",DTC,0.105249593868721,""
HPGD,ZAPRINAST,FALSE,"",DTC,0.0161922452105724,""
HPGD,ONONETIN,FALSE,"",DTC,0.0701663959124806,""
HPGD,"1,2-NAPHTHOQUINONE",FALSE,"",DTC,0.0233887986374935,""
HPGD,MASOPROCOL,TRUE,"",DTC,0.00447870612207323,""
HPGD,PENTACHLOROPHENOL,FALSE,"",DTC,0.0150356562669601,""
HPGD,LORECLEZOLE,FALSE,"",DTC,0.105249593868721,""
HPGD,MUNDULONE,FALSE,"",DTC,0.0526247969343604,""
HPGD,GW405833,FALSE,"",DTC,0.0263123984671802,""
HPGD,BENZBROMARONE,TRUE,"",DTC,0.0131561992335901,""
HPGD,CHEMBL:CHEMBL225513,FALSE,"",DTC,0.0263123984671802,""
HPGD,BENZOTHIAZYL DISULFIDE,FALSE,"",DTC,0.0526247969343604,""
HPGD,PYROGALLOL,TRUE,"",DTC,0.0140332791824961,""
HPGD,LUTEOLIN,FALSE,"",DTC,0.00657809961679505,""
HPGD,CHLORANIL,FALSE,"",DTC,0.0140332791824961,""
HPGD,CHEMBL:CHEMBL601618,FALSE,"",DTC,0.0526247969343604,""
HPGD,DITHIOLETHIONE,FALSE,"",DTC,0.0350831979562403,""
HPGD,NORSTICTIC ACID,FALSE,"",DTC,0.0300713125339202,""
HPGD,CHEMBL:CHEMBL68534,FALSE,"",DTC,0.0110789046177601,""
HPGD,DIALLYLDISULFIDE,FALSE,"",DTC,0.0701663959124806,""
HPGD,N-ARACHIDONOYLGLYCINE,FALSE,"",DTC,0.0110789046177601,""
HPGD,LY-255283,FALSE,"",DTC,0.0526247969343604,""
HPGD,CADMIUM DICHLORIDE,FALSE,"",DTC,0.0191362897943129,""
HPGD,CHEMBL:CHEMBL529138,FALSE,"",DTC,0.105249593868721,""
HPGD,CHEMBL:CHEMBL581929,FALSE,"",DTC,0.0350831979562403,""
HPGD,PURPUROGALLIN,FALSE,"",DTC,0.00584719965937338,""
HPGD,"3,4-DIMETHOXYDALBERGIONE",FALSE,"",DTC,0.0701663959124806,""
HPGD,CHEMBL:CHEMBL607309,FALSE,"",DTC,0.0233887986374935,""
HPGD,AMENTOFLAVONE,FALSE,"",DTC,0.0263123984671802,""
HPGD,HAEMATOXYLIN,FALSE,"",DTC,0.00809612260528622,""
HPGD,BITHIONOL,TRUE,"",DTC,0.00877079948906007,""
HPGD,CHEMBL:CHEMBL80155,FALSE,"",DTC,0.0210499187737442,""
HPGD,PLUMBAGIN,FALSE,"",DTC,0.0161922452105724,""
HPGD,"IBUPROFEN, SODIUM SALT",TRUE,"",NCI,0.0107948301403816,16997128
HPGD,CHEMBL:CHEMBL1465049,FALSE,"",DTC,0.0150356562669601,""
HPGD,MECYSTEINE HYDROCHLORIDE,FALSE,"",DTC,0.0701663959124806,""
HPGD,METHYLDOPA (RACEMIC),FALSE,"",DTC,0.0175415989781201,""
HPGD,PAEONOL,FALSE,"",DTC,0.105249593868721,""
HPGD,CHEMBL:CHEMBL585628,FALSE,"",DTC,0.0350831979562403,""
HPGD,TARENFLURBIL,FALSE,"",DTC,0.0175415989781201,""
HPGD,THIRAM,FALSE,"",DTC,0.00915213859728007,""
HPGD,CHEMBL:CHEMBL484663,FALSE,"",DTC,0.0263123984671802,""
HPGD,PAPAVERINE HYDROCHLORIDE,TRUE,"",DTC,0.0350831979562403,""
HPGD,PIRINIXIC ACID,FALSE,"",DTC,0.0350831979562403,""
HPGD,CARMINE,FALSE,"",DTC,0.0175415989781201,""
HPGD,IRIGENOL,FALSE,"",DTC,0.0150356562669601,""
HPGD,GW0742X,FALSE,"",DTC,0.0263123984671802,""
HPGD,THIMEROSAL,TRUE,"",DTC,0.00915213859728007,""
HPGD,MERCURIC CHLORIDE,FALSE,"",DTC,0.0105249593868721,""
HPGD,FUMARPROTOCETRARIC ACID,FALSE,"",DTC,0.0175415989781201,""
HPGD,METHYL 7-DESHYDROXYPYROGALLIN-4-CARBOXYLATE,FALSE,"",DTC,0.0233887986374935,""
HPGD,ARACHIDONIC ACID,FALSE,"",DTC,0.0161922452105724,""
HPGD,DERRUBONE,FALSE,"",DTC,0.0350831979562403,""
HPGD,DIHYDREXIDINE HYDROCHLORIDE,FALSE,"",DTC,0.0526247969343604,""
HPGD,"5,7-DIHYDROXYISOFLAVONE",FALSE,"",DTC,0.0191362897943129,""
HPGD,MYRICETIN,FALSE,"",DTC,0.00526247969343604,""
HPGD,GW5074,FALSE,"",DTC,0.00956814489715644,""
HPGD,EPHEDRINE,TRUE,"",DTC,0.012382305161026,""
HPGD,PEUCENIN,FALSE,"",DTC,0.210499187737442,""
HPGD,PIPERINE,TRUE,"",DTC,0.0191362897943129,""
HPGD,TOLMETIN SODIUM,TRUE,"",DTC,0.0701663959124806,""
HPGD,TPCK,FALSE,"",DTC,0.0116943993187468,""
HPGD,EVACETRAPIB,FALSE,inhibitor,GuideToPharmacology,0.105249593868721,""
HPGD,THIOGUANINE,TRUE,"",DTC,0.00637876326477096,""
HPGD,NITRAZEPAM,FALSE,"",DTC,0.0100237708446401,""
HPGD,HYDROQUINONE,TRUE,"",DTC,0.012382305161026,""
HPGD,QUINALIZARIN,FALSE,"",DTC,0.0140332791824961,""
HPGD,ELLAGIC ACID,FALSE,"",DTC,0.00751782813348006,""
HPGD,TANSHINONE IIA,FALSE,"",DTC,0.0161922452105724,""
HPGD,"2',4'-DIHYDROXYCHALCONE",FALSE,"",DTC,0.0526247969343604,""
HPGD,CHEMBL:CHEMBL515505,FALSE,"",DTC,0.00915213859728007,""
HPGD,MESALAMINE,TRUE,"",DTC,0.00956814489715644,""
HPGD,CHEMBL:CHEMBL1214407,FALSE,"",DTC,0.0526247969343604,""
HPGD,FLAVANONE,FALSE,"",DTC,0.0263123984671802,""
HPGD,CHEMBL:CHEMBL222556,FALSE,"",DTC,0.0191362897943129,""
HPGD,DIOXYBENZONE,FALSE,"",DTC,0.0526247969343604,""
HPGD,CHEMBL:CHEMBL516616,FALSE,"",DTC,0.0300713125339202,""
HPGD,ZAPA,FALSE,"",DTC,0.0300713125339202,""
HPGD,ALLITRIDIN,FALSE,"",DTC,0.0526247969343604,""
HPGD,CHEMBL:CHEMBL239439,FALSE,"",DTC,0.0300713125339202,""
HPGD,CHEMBL:CHEMBL261123,FALSE,"",DTC,0.0350831979562403,""
HPGD,GOSSYPOL,FALSE,"",DTC,0.00438539974453003,""
HPGD,BERGAPTOL,FALSE,"",DTC,0.0701663959124806,""
HPGD,TYRPHOSTIN 47,FALSE,"",DTC,0.0131561992335901,""
HPGD,CHEMBL:CHEMBL77387,FALSE,"",DTC,0.0526247969343604,""
HPGD,CHEMBL:CHEMBL1481974,FALSE,"",DTC,0.0263123984671802,""
HPGD,CONGO RED,FALSE,"",DTC,0.0140332791824961,""
HPGD,FLUFENAMIC ACID,FALSE,"",DTC,0.00553945230888004,""
HPGD,CATECHOL,FALSE,"",DTC,0.00956814489715644,""
HPGD,ANACETRAPIB,FALSE,inhibitor,GuideToPharmacology,0.105249593868721,""
HPGD,THIORPHAN,FALSE,"",DTC,0.0526247969343604,""
HPGD,CHEMBL:CHEMBL531709,FALSE,"",DTC,0.105249593868721,""
HPGD,CHEMBL:CHEMBL429095,FALSE,"",DTC,0.00420998375474883,""
HPGD,LEOIDIN,FALSE,"",DTC,0.210499187737442,""
HPGD,LINOLEIC ACID,TRUE,"",DTC,0.0350831979562403,""
HPGD,KETANSERIN,FALSE,"",DTC,0.00915213859728007,""
HPGD,DRL-17822,FALSE,inhibitor,GuideToPharmacology,0.105249593868721,""
HPGD,APIGENIN,TRUE,"",DTC,0.00809612260528622,""
HPGD,TRICLOSAN,TRUE,"",DTC,0.0350831979562403,""
HPGD,HYPERICIN,FALSE,"",DTC,0.0161922452105724,""
HPGD,ALTANSERIN,FALSE,"",DTC,0.105249593868721,""
HPGD,JUGLONE,FALSE,"",DTC,0.0105249593868721,""
HPGD,CARBIDOPA ANHYDROUS,TRUE,"",DTC,0.0210499187737442,""
HPGD,FOSFONET,FALSE,"",DTC,0.0701663959124806,""
HPGD,CHEMBL:CHEMBL1332182,FALSE,"",DTC,0.0701663959124806,""
HPGD,DNQX,FALSE,"",DTC,0.0420998375474883,""
HPGD,CHEMBL:CHEMBL1485420,FALSE,"",DTC,0.210499187737442,""
HPGD,"5,7-DICHLOROKYNURENIC ACID",FALSE,"",DTC,0.0300713125339202,""
HPGD,"3,4-DIDESMETHYL-5-DESHYDROXY-3'-ETHOXYSCLEROIN",FALSE,"",DTC,0.0300713125339202,""
HPGD,"7,8-DIHYDROXYFLAVONE",FALSE,"",DTC,0.0263123984671802,""
HPGD,CHEMBL:CHEMBL1368535,FALSE,"",DTC,0.210499187737442,""
HPGD,GOSSYPETIN,FALSE,"",DTC,0.0210499187737442,""
HPGD,7-NITROINDAZOLE,FALSE,"",DTC,0.0300713125339202,""
HPGD,LIOTHYRONINE SODIUM,TRUE,"",DTC,0.0210499187737442,""
HPGD,CLORGYLINE HYDROCHLORIDE,FALSE,"",DTC,0.0701663959124806,""
HPGD,PROSTAGLANDIN A2,FALSE,"",DTC,0.0350831979562403,""
HPGD,DISULFIRAM,TRUE,"",DTC,0.00489532994738237,""
HPGD,BAY-11-7085,FALSE,"",DTC,0.0175415989781201,""
HPGD,CHEMBL:CHEMBL1256191,FALSE,"",DTC,0.0263123984671802,""
HPGD,OXOGLAUCINE,FALSE,"",DTC,0.0300713125339202,""
HPGD,PHOSMET,FALSE,"",DTC,0.0420998375474883,""
HPGD,NBQX,FALSE,"",DTC,0.0131561992335901,""
HPGD,CHEMBL:CHEMBL1256291,FALSE,"",DTC,0.0191362897943129,""
HPGD,CHEMBL:CHEMBL452954,FALSE,"",DTC,0.0420998375474883,""
HPGD,TRANILAST,FALSE,"",DTC,0.0191362897943129,""
HPGD,OBICETRAPIB,FALSE,inhibitor,GuideToPharmacology,0.105249593868721,""
HPGD,CHEMBL:CHEMBL67535,FALSE,"",DTC,0.0110789046177601,""
HPGD,BAICALEIN,FALSE,"",DTC,0.00841996750949767,""
HPGD,CHEMBL:CHEMBL592124,FALSE,"",DTC,0.00679029637862715,""
HPGD,SULFANITRAN,FALSE,"",DTC,0.105249593868721,""
HPGD,CHEMBL:CHEMBL1388908,FALSE,"",DTC,0.105249593868721,""
HPGD,GALLIC ACID,FALSE,"",DTC,0.0175415989781201,""
HPGD,CHLORPROPHAM,FALSE,"",DTC,0.210499187737442,""
HPGD,CHEMBL:CHEMBL1255936,FALSE,"",DTC,0.0350831979562403,""
HPGD,OXYBENZONE,TRUE,"",DTC,0.0526247969343604,""
HPGD,2-MERCAPTOBENZOTHIAZOLE,FALSE,"",DTC,0.0263123984671802,""
HPGD,CEAROIN,FALSE,"",DTC,0.0701663959124806,""
HPGD,THIOTEPA,TRUE,"",DTC,0.0210499187737442,""
HPGD,"2',BETA-DIHYDROXYCHALCONE",FALSE,"",DTC,0.210499187737442,""
HPGD,CHEMBL:CHEMBL502257,FALSE,"",DTC,0.210499187737442,""
HPGD,CURCUMIN,TRUE,"",DTC,0.00318938163238548,""
HPGD,PYRITHIONE ZINC,TRUE,"",DTC,0.0116943993187468,""
HPGD,GUTHION,FALSE,"",DTC,0.0175415989781201,""
HPGD,QUERCETIN,TRUE,"",DTC,0.00266454668022078,""
HPGD,SULFASALAZINE,TRUE,"",DTC,0.00877079948906007,""
HPGD,CHEMBL:CHEMBL244707,FALSE,"",DTC,0.0191362897943129,""
HPGD,DEPHOSTATIN,FALSE,"",DTC,0.00841996750949767,""
HPGD,SODIUM CHLORIDE,TRUE,"",NCI,0.0150356562669601,9603077
HPGD,SAPPANONE A DIMETHYL ETHER,FALSE,"",DTC,0.0350831979562403,""
HPGD,4-CHLOROMERCURIBENZOIC ACID,FALSE,"",DTC,0.00751782813348006,""
HPGD,CHEMBL:CHEMBL271023,FALSE,"",DTC,0.0350831979562403,""
HPGD,PENTABROMOPHENOL,FALSE,"",DTC,0.0161922452105724,""
HPGD,AMBUNOL,FALSE,"",DTC,0.0420998375474883,""
HPGD,SULFINPYRAZONE,TRUE,"",DTC,0.0150356562669601,""
HPGD,5-HYDROXYINDOLEACETIC ACID,FALSE,"",DTC,0.0526247969343604,""
HPGD,BROMOENOL LACTONE,FALSE,"",DTC,0.0263123984671802,""
HPGD,KAEMPHEROL,FALSE,"",DTC,0.0116943993187468,""
HPGD,CLOROPHENE,FALSE,"",DTC,0.0420998375474883,""
HPGD,PD-98059,FALSE,"",DTC,0.00568916723614707,""
HPGD,CAPSAZEPINE,FALSE,"",DTC,0.00956814489715644,""
HPGD,GENISTEIN,TRUE,"",DTC,0.00362929634030072,""
HPGD,EMODIC ACID,FALSE,"",DTC,0.0175415989781201,""
HPGD,CHLOROTHALONIL,FALSE,"",DTC,0.0175415989781201,""
HPGD,TYRPHOSTIN 23,FALSE,"",DTC,0.0100237708446401,""
HPGD,CHEMBL:CHEMBL595227,FALSE,"",DTC,0.0210499187737442,""
HPGD,CHEMBL:CHEMBL277148,FALSE,"",DTC,0.0526247969343604,""
HPGD,EMBELIN,FALSE,"",DTC,0.0140332791824961,""
HPGD,CHEMBL:CHEMBL472656,FALSE,"",DTC,0.0526247969343604,""
HPGD,BW373U86,FALSE,"",DTC,0.0350831979562403,""
HPGD,3-HYDROXYCOUMARIN,FALSE,"",DTC,0.105249593868721,""
HPGD,PHENYLMERCURIC ACETATE,FALSE,"",DTC,0.0105249593868721,""
HPGD,PHENAMIPHOS,FALSE,"",DTC,0.105249593868721,""
HPGD,DICHLOROPHEN,FALSE,"",DTC,0.0116943993187468,""
HPGD,PURPURIN,FALSE,"",DTC,0.0100237708446401,""
HPGD,LECANORIC ACID,FALSE,"",DTC,0.105249593868721,""
HPGD,CHEMBL:CHEMBL220845,FALSE,"",DTC,0.0233887986374935,""
HPGD,NIFEDIPINE,TRUE,"",DTC,0.00375891406674003,""
HPGD,CHEMBL:CHEMBL1459280,FALSE,"",DTC,0.0350831979562403,""
HPGD,CHEMBL:CHEMBL585269,FALSE,"",DTC,0.105249593868721,""
HPGD,KETANSERIN TARTRATE,FALSE,"",DTC,0.0526247969343604,""
HPGD,TOLFENAMIC ACID,FALSE,"",DTC,0.0210499187737442,""
HPGD,CHEMBL:CHEMBL592106,FALSE,"",DTC,0.0701663959124806,""
HPGD,IODOPHTHALEIN,FALSE,"",DTC,0.0263123984671802,""
HPGD,CARNOSIC ACID,FALSE,"",DTC,0.0420998375474883,""
HPGD,FLAVONE,TRUE,"",DTC,0.0350831979562403,""
HPGD,KHELLIN,FALSE,"",DTC,0.0526247969343604,""
HPGD,AURIN,FALSE,"",DTC,0.0191362897943129,""
HPGD,CAPTAN,FALSE,"",DTC,0.0161922452105724,""
HPGD,DIETHYLTOLUAMIDE,FALSE,"",DTC,0.210499187737442,""
HPGD,GW282974X,FALSE,"",DTC,0.0263123984671802,""
HPGD,STICTIC ACID,FALSE,"",DTC,0.0116943993187468,""
HPGD,TRICLOFENOL,FALSE,"",DTC,0.0701663959124806,""
APOC1,PF-04852946,FALSE,inhibitor,GuideToPharmacology,1.93347402069946,""
APOC1,CARBACYCLIN,FALSE,agonist,GuideToPharmacology,0.241684252587433,""
APOC1,RITONAVIR,TRUE,"",PharmGKB,0.14322029782959,15809899
APOC1,DINOPROSTONE,TRUE,agonist,GuideToPharmacology,0.0966737010349732,""
APOC1,MB-28767,FALSE,agonist,GuideToPharmacology,0.322245670116577,""
APOC1,MISOPROSTOL,TRUE,agonist,GuideToPharmacology,0.241684252587433,""
APOC1,19(R)-OH-PGE2,FALSE,agonist,GuideToPharmacology,1.93347402069946,""
APOC1,TG6-129,FALSE,inhibitor,GuideToPharmacology,0.483368505174866,""
APOC1,U46619,FALSE,agonist,GuideToPharmacology,0.214830446744385,""
APOC1,MRE-269,FALSE,agonist,GuideToPharmacology,0.644491340233155,""
APOC1,COMPOUND 1 [PMID: 20080612],FALSE,modulator,GuideToPharmacology,1.93347402069946,""
APOC1,PF-04418948,FALSE,inhibitor,GuideToPharmacology,1.93347402069946,""
APOC1,OMIDENEPAG,FALSE,agonist,GuideToPharmacology,1.93347402069946,""
APOC1,AH13205,FALSE,agonist,GuideToPharmacology,1.93347402069946,""
APOC1,ALPROSTADIL,TRUE,agonist,GuideToPharmacology,0.0840640878564985,""
APOC1,TG11-77,FALSE,inhibitor,GuideToPharmacology,0.644491340233155,""
APOC1,TG8-260,FALSE,inhibitor,GuideToPharmacology,1.93347402069946,""
APOC1,TREPROSTINIL,TRUE,agonist,GuideToPharmacology,0.214830446744385,""
APOC1,ILOPROST,TRUE,agonist,GuideToPharmacology,0.161122835058289,""
APOC1,AH6809,FALSE,inhibitor,GuideToPharmacology,0.483368505174866,""
APOC1,TG4-155,FALSE,inhibitor,GuideToPharmacology,1.93347402069946,""
APOC1,BUTAPROST (FREE ACID FORM),FALSE,agonist,GuideToPharmacology,0.322245670116577,""
APOC1,TAPRENEPAG,FALSE,agonist,GuideToPharmacology,0.966737010349732,""
APOC1,DINOPROST,FALSE,agonist,GuideToPharmacology,0.120842126293716,""
APOC1,PGN-9856,FALSE,agonist,GuideToPharmacology,1.93347402069946,""
APOC1,TG7-171,FALSE,inhibitor,GuideToPharmacology,1.93347402069946,""
APOC1,PGD2,FALSE,agonist,GuideToPharmacology,0.322245670116577,""
HOXD11,CW85319,FALSE,inhibitor,GuideToPharmacology,52.2037985588855,""
SLK,CEDIRANIB,FALSE,"",DTC,0.0310736896183842,""
SLK,CYC-116,FALSE,"",DTC,0.017939449676593,""
SLK,BAY 61-3606,FALSE,"",DTC,0.0424421126495004,""
SLK,TOZASERTIB,FALSE,"",DTC,0.0238373509401304,""
SLK,DASATINIB ANHYDROUS,TRUE,"",DTC,0.0228964028767042,""
SLK,LADUVIGLUSIB,FALSE,"",DTC,0.116008441241968,""
SLK,DOVITINIB,FALSE,"",DTC,0.0172289764220744,""
SLK,SNS-314,FALSE,"",DTC,0.0414315861578457,""
SLK,NVP-TAE684,FALSE,"",DTC,0.0168944331905778,""
SLK,ILORASERTIB,FALSE,"",DTC,0.0150010915399096,""
SLK,SORAFENIB,TRUE,"",DTC,0.0151315358141697,""
SLK,SOTRASTAURIN,FALSE,"",DTC,0.0285266658791724,""
SLK,CP-547632,FALSE,"",DTC,0.03954833224158,""
SLK,LINIFANIB,FALSE,"",DTC,0.021751582732869,""
SLK,PHA-767491,FALSE,"",DTC,0.02636555482772,""
SLK,ALISERTIB,FALSE,"",DTC,0.0362526378881149,""
SLK,ERLOTINIB,TRUE,"",DTC,0.0310736896183842,""
SLK,GW843682X,FALSE,"",DTC,0.0446186312469107,""
SLK,LY-2090314,FALSE,"",DTC,0.0669279468703661,""
SLK,GEFITINIB,TRUE,"",DTC,0.0259720390840227,""
SLK,TAMATINIB,FALSE,"",DTC,0.0214830446744385,""
SLK,GW441756X,FALSE,"",DTC,0.0267711787481464,""
SLK,GSK-269962A,FALSE,"",DTC,0.03954833224158,""
SLK,ENTRECTINIB,TRUE,"",DTC,0.0305285371689389,""
SLK,PF-562271,FALSE,"",DTC,0.0161122835058289,""
SLK,HESPERADIN,FALSE,inhibitor,DTC,0.0435031654657379,19035792
SLK,RG-1530,FALSE,"",DTC,0.0185119853045693,""
SLK,SP-600125,FALSE,"",DTC,0.0195519844789833,""
SLK,SB203580,FALSE,"",DTC,0.0600043661596385,""
SLK,TAK-715,FALSE,"",DTC,0.0725052757762299,""
TNFRSF18,TRX-518,FALSE,agonist,TTD; ChEMBL,26.1018992794428,""
TNFRSF18,ANTI-GITR MONOCLONAL ANTIBODY MK-4166,FALSE,"",TTD,13.0509496397214,""
TNFRSF18,ANTI-HUMAN GITR MONOCLONAL ANTIBODY TRX518,FALSE,"",TdgClinicalTrial,13.0509496397214,""
TNFRSF18,RAGIFILIMAB,FALSE,agonist,ChEMBL,13.0509496397214,""
CDC25B,NSC-663284,FALSE,"",DTC,0.710255762705926,25703307
CDC25B,CHEMBL:CHEMBL1600564,FALSE,"",DTC,4.97179033894148,22524450
CDC25B,CHEMBL:CHEMBL1331754,FALSE,"",DTC,4.97179033894148,22524450
CDC25B,CHEMBL:CHEMBL2059068,FALSE,"",DTC,4.97179033894148,22524450
CDC25B,CHEMBL:CHEMBL2059274,FALSE,"",DTC,4.97179033894148,22524450
CDC25B,CHEMBL:CHEMBL1172911,FALSE,"",DTC,1.65726344631383,22524450
CDC25B,CHEMBL:CHEMBL1481974,FALSE,"",DTC,0.621473792367685,22524450
CDC25B,CHEMBL:CHEMBL507159,FALSE,"",DTC,4.97179033894148,22524450
CDC25B,CHEMBL:CHEMBL1370674,FALSE,"",DTC,1.65726344631383,22524450
CDC25B,CHEMBL:CHEMBL2003658,FALSE,"",DTC,4.97179033894148,22524450
CDC25B,CHEMBL:CHEMBL1481453,FALSE,"",DTC,4.97179033894148,22524450
CDC25B,CHEMBL:CHEMBL1270061,FALSE,"",DTC,4.97179033894148,22524450
CDC25B,CHEMBL:CHEMBL471004,FALSE,"",DTC,2.48589516947074,22524450
CDC25B,CHEMBL:CHEMBL2059074,FALSE,"",DTC,4.97179033894148,22524450
CDC25B,CHEMBL:CHEMBL1408031,FALSE,"",DTC,4.97179033894148,22524450
CDC25B,CHEMBL:CHEMBL1414990,FALSE,"",DTC,4.97179033894148,22524450
CDC25B,P6949,FALSE,"",DTC,1.65726344631383,22705189
CDC25B,TYROSINE KINASE INHIBITOR,FALSE,"",NCI,0.191222705343903,15498512
CDC25B,CHEMBL:CHEMBL357170,FALSE,"",DTC,4.97179033894148,22524450
CDC25B,CHEMBL:CHEMBL1333982,FALSE,"",DTC,4.97179033894148,22524450
CDC25B,CHEMBL:CHEMBL2059067,FALSE,"",DTC,4.97179033894148,22524450
GGTA1,COMPOUND 9  [DOI:10.26434/CHEMRXIV.7072592.V1],FALSE,inhibitor,GuideToPharmacology,8.70063309314759,""
GGTA1,KDOAM25,FALSE,inhibitor,GuideToPharmacology,8.70063309314759,""
GGTA1,GSK-J1,FALSE,inhibitor,GuideToPharmacology,1.74012661862952,""
GGTA1,KDM5 INHIBITOR N71,FALSE,inhibitor,GuideToPharmacology,2.1751582732869,""
GGTA1,PBIT,FALSE,inhibitor,GuideToPharmacology,2.9002110310492,""
GGTA1,GSK-J4,FALSE,inhibitor,GuideToPharmacology,2.1751582732869,""
TDO2,THERAPEUTIC HORMONE,FALSE,"",NCI,0.474579986898959,60273
TDO2,HYDROGEN PEROXIDE,TRUE,"",NCI,1.04407597117771,17212352
TDO2,DEXAMETHASONE,TRUE,"",NCI,0.245664934394755,6136271
TDO2,TCDD,FALSE,"",NCI,0.835260776942168,7716779
TDO2,"INSULIN, REGULAR, HUMAN",TRUE,"",NCI,0.393990932519891,2875868
CAST,DOXORUBICIN HYDROCHLORIDE,TRUE,"",NCI,0.100779533897462,12650523
CAST,STAUROSPORINE,FALSE,"",NCI,0.532691822029444,12576481
CAST,THERAPEUTIC ANDROSTANOLONE,FALSE,"",NCI,0.785019527201286,12646165
CAST,THROMBIN,TRUE,"",NCI,0.621473792367685,8358337
CAST,ACE INHIBITOR,FALSE,"",NCI,2.13076728811778,11159730
CAST,TETRADECANOYLPHORBOL ACETATE,FALSE,"",NCI,0.324247196017923,1995645
CAST,EPINEPHRINE,TRUE,"",NCI,0.372884275420611,10863002
GRIN2D,CNS-5161,FALSE,blocker,TdgClinicalTrial; ChEMBL,0.552421148771276,""
GRIN2D,AZD8108,FALSE,inhibitor,ChEMBL,0.276210574385638,""
GRIN2D,DELUCEMINE,FALSE,inhibitor,ChEMBL,0.276210574385638,""
GRIN2D,ORPHENADRINE CITRATE,TRUE,inhibitor,ChEMBL,0.0920701914618792,""
GRIN2D,ACAMPROSATE CALCIUM,TRUE,inhibitor,ChEMBL,0.0773389608279785,""
GRIN2D,GW468816,FALSE,inhibitor,ChEMBL,0.276210574385638,""
GRIN2D,PERZINFOTEL,FALSE,inhibitor,ChEMBL,0.276210574385638,""
GRIN2D,MEMANTINE HYDROCHLORIDE,TRUE,negative modulator,ChEMBL,0.214830446744385,""
GRIN2D,ESKETAMINE,TRUE,negative modulator,ChEMBL,0.276210574385638,""
GRIN2D,AV-101,FALSE,inhibitor,ChEMBL,0.276210574385638,""
GRIN2D,KETAMINE HYDROCHLORIDE,TRUE,negative modulator,ChEMBL,0.113733765923498,""
GRIN2D,LANICEMINE,FALSE,blocker,TdgClinicalTrial; ChEMBL,0.552421148771276,""
GRIN2D,RALFINAMIDE,FALSE,inhibitor,ChEMBL,0.0966737010349732,""
GRIN2D,ORPHENADRINE,TRUE,"",TEND; TdgClinicalTrial,0.773389608279786,""
GRIN2D,APIMOSTINEL,FALSE,agonist,ChEMBL,0.276210574385638,""
GRIN2D,DEXANABINOL,FALSE,"",TdgClinicalTrial,0.322245670116577,""
GRIN2D,RAPASTINEL,FALSE,agonist,ChEMBL,0.276210574385638,""
GRIN2D,LATREPIRDINE,FALSE,"",TdgClinicalTrial,0.241684252587433,""
GRIN2D,DIMIRACETAM,FALSE,"",TdgClinicalTrial,0.483368505174866,""
GRIN2D,AMANTADINE HYDROCHLORIDE,TRUE,inhibitor,ChEMBL,0.193347402069946,""
GRIN2D,INDANTADOL,FALSE,"",TdgClinicalTrial,0.214830446744385,""
GRIN2D,NEBOGLAMINE,FALSE,positive modulator,ChEMBL,0.276210574385638,""
GRIN2D,FELBAMATE,TRUE,inhibitor,ChEMBL,0.161122835058289,""
GRIN2D,INDANTADOL,FALSE,inhibitor,ChEMBL,0.241684252587433,""
GRIN2D,ORPHENADRINE HYDROCHLORIDE,TRUE,inhibitor,ChEMBL,0.10176179056313,""
GRIN2D,NERAMEXANE MESYLATE,FALSE,inhibitor,ChEMBL,0.214830446744385,""
GRIN2D,ESKETAMINE HYDROCHLORIDE,FALSE,"",TdgClinicalTrial,0.276210574385638,""
E2F1,ARGIPRESSIN,TRUE,"",NCI,0.13847161421455,12063292
E2F1,THERAPEUTIC HORMONE,FALSE,"",NCI,0.0818241356722344,8918469
E2F1,ETOPOSIDE,TRUE,"",NCI,0.0931102233511632,16849574; 9766655
E2F1,CARMUSTINE,TRUE,"",NCI,0.327296542688937,11445852
E2F1,EDIFOLIGIDE,FALSE,inhibitor,ChEMBL,0.225016373098644,""
E2F1,HOECHST 33258,FALSE,"",NCI,1.80013098478916,11151061
E2F1,BORTEZOMIB,TRUE,"",NCI,0.0423560231715095,11489836
E2F1,IRINOTECAN HYDROCHLORIDE,TRUE,"",NCI,0.0571470153901319,9766655
E2F1,URSODIOL,TRUE,"",NCI,0.225016373098644,15222754
E2F1,FLUOROURACIL,TRUE,"",NCI,0.0310367411170544,9766655
E2F1,ESTRADIOL VALERATE,TRUE,"",NCI,0.0766013185016662,12697671
E2F1,ASCORBIC ACID,TRUE,"",NCI,0.207707421321826,16944783; 16640900
E2F1,RAS INHIBITOR,FALSE,"",NCI,0.900065492394578,16496386
E2F1,GP-120 ANTIGEN,FALSE,"",NCI,0.276943228429101,12775414
E2F1,NERVE GROWTH FACTOR,FALSE,"",NCI,0.300021830798193,10454552
E2F1,PRIMAQUINE,TRUE,"",NCI,0.327296542688937,15450938
E2F1,METHOTREXATE,TRUE,"",NCI,0.0327296542688938,14654896
E2F1,CISPLATIN,TRUE,"",NCI,0.0244915780243423,16849574
E2F1,RECOMBINANT HEPATOCYTE GROWTH FACTOR,FALSE,"",NCI,0.540039295436747,12064460; 11821989
E2F1,ACETYLCYSTEINE,TRUE,"",NCI,0.240017464638554,12754095
E2F1,NICOTINE POLACRILEX,TRUE,"",NCI,0.0782665645560503,16601104
E2F1,ADRIAMYCIN,FALSE,"",NCI,0.189487472083069,9863003
E2F1,QUERCETIN,TRUE,"",NCI,0.0455729363237761,16274926
E2F1,PACLITAXEL,TRUE,"",NCI,0.0327296542688938,16849574
E2F1,DIETHYLSTILBESTROL,TRUE,"",NCI,0.109098847562979,15545218
E2F1,LARGAZOLE,FALSE,"",DTC,0.0620734822341088,""
E2F1,ANTISENSE OLIGONUCLEOTIDES,FALSE,"",NCI,0.109098847562979,10207094
E2F1,TETRADECANOYLPHORBOL ACETATE,FALSE,"",NCI,0.0782665645560503,12947120
E2F1,EDIFOLIGIDE SODIUM,FALSE,inhibitor,ChEMBL,0.225016373098644,""
MEGF11,FLUOROURACIL,TRUE,"",PharmGKB,0.450032746197289,""
RAD51,AMUVATINIB,FALSE,inhibitor,TdgClinicalTrial; TALC,14.9153710168244,""
AMPD1,LTD4,FALSE,agonist,GuideToPharmacology,0.966737010349732,""
AMPD1,[3H]LTC4,FALSE,agonist,GuideToPharmacology,2.9002110310492,""
AMPD1,N-METHYL LTC4,FALSE,agonist,GuideToPharmacology,1.4501055155246,""
AMPD1,COMPOUND 15B [PMID: 31811124],FALSE,inhibitor,GuideToPharmacology,1.4501055155246,""
AMPD1,REGADENOSON ANHYDROUS,TRUE,"",PharmGKB,0.966737010349732,26554440
AMPD1,FOLIC ACID,TRUE,"",PharmGKB,0.241684252587433,16947783
AMPD1,BAYU9773,FALSE,inhibitor; agonist,GuideToPharmacology,1.4501055155246,""
AMPD1,ONO-2570366,FALSE,inhibitor,GuideToPharmacology,2.9002110310492,""
AMPD1,PRANLUKAST,TRUE,inhibitor,GuideToPharmacology,0.966737010349732,""
AMPD1,ICI198615,FALSE,inhibitor,GuideToPharmacology,1.4501055155246,""
AMPD1,LTE4,FALSE,agonist,GuideToPharmacology,1.4501055155246,""
AMPD1,POBILUKAST,FALSE,inhibitor,GuideToPharmacology,1.4501055155246,""
AMPD1,IRALUKAST,FALSE,inhibitor,GuideToPharmacology,0.966737010349732,""
AMPD1,LTC4,FALSE,agonist,GuideToPharmacology,0.966737010349732,""
AMPD1,COMPOUND 13E [PMID: 31811124],FALSE,inhibitor,GuideToPharmacology,1.4501055155246,""
AMPD1,BAYCYSLT2,FALSE,inhibitor,GuideToPharmacology,1.4501055155246,""
AMPD1,ZAFIRLUKAST,TRUE,inhibitor,GuideToPharmacology,0.161122835058289,""
AMPD1,HAMI3379,FALSE,inhibitor,GuideToPharmacology,2.9002110310492,""
AURKA,VIC 1911,FALSE,inhibitor,TTD; ChEMBL,0.600043661596386,""
AURKA,CENISERTIB,FALSE,inhibitor,TTD; MyCancerGenome; TdgClinicalTrial; DTC; TALC; ChEMBL,0.045766041986165,""
AURKA,BI-847325,FALSE,inhibitor,MyCancerGenome,0.0818241356722344,""
AURKA,GSK-269962A,FALSE,"",DTC,0.0204560339180586,""
AURKA,XL228,FALSE,inhibitor,TdgClinicalTrial; TALC,0.257161569255594,""
AURKA,BETA-CARBOLINE,FALSE,"",DTC,0.225016373098644,""
AURKA,AMG-900,FALSE,inhibitor,ClearityFoundationClinicalTrial; MyCancerGenome; TALC,0.337524559647967,""
AURKA,PF-03814735,FALSE,inhibitor,MyCancerGenome; TALC; ChEMBL,1.35009823859187,""
AURKA,ALISERTIB,FALSE,inhibitor,TTD; MyCancerGenomeClinicalTrial; MyCancerGenome; CIViC; TdgClinicalTrial; CancerCommons; DTC; TALC; ChEMBL,0.168762279823983,""
AURKA,ENMD-981693,FALSE,inhibitor,ChEMBL,0.0473718680207673,""
AURKA,PLATINUM COMPOUND,FALSE,"",CIViC,0.112508186549322,""
AURKA,ANACARDIC ACID,FALSE,"",DTC,0.257161569255594,18215015
AURKA,GO-6976,FALSE,"",DTC,0.0209317556370832,""
AURKA,CYC-116,FALSE,inhibitor,DTC; ChEMBL,0.0278370770843684,20462263
AURKA,CYC116,FALSE,inhibitor,TTD; TdgClinicalTrial; TALC,0.675049119295934,""
AURKA,PAZOPANIB,TRUE,"",DTC,0.0157906226735891,""
AURKA,SNS-314,FALSE,inhibitor,TTD; MyCancerGenome; TdgClinicalTrial; DTC; ChEMBL,0.107150653856497,""
AURKA,CHEMBL:CHEMBL546797,FALSE,"",DTC,0.0281270466373306,""
AURKA,AT9283,FALSE,inhibitor,TTD; MyCancerGenome; TdgClinicalTrial; TALC,0.327296542688937,""
AURKA,DANUSERTIB,FALSE,inhibitor,TTD; MyCancerGenome; ChEMBL,0.300021830798193,""
AURKA,NVP-TAE684,FALSE,"",DTC,0.00873849992616095,""
AURKA,DIMETHYLADENINE,FALSE,"",DTC,0.100007276932731,""
AURKA,ALISERTIB SODIUM,FALSE,inhibitor,ClearityFoundationClinicalTrial,0.900065492394578,""
AURKA,TAMOXIFEN,TRUE,"",CIViC,0.013847161421455,""
AURKA,NERVIANO,FALSE,"",DTC,0.900065492394578,20621725
AURKA,TOZASERTIB,FALSE,inhibitor,TdgClinicalTrial; DTC; TALC; ChEMBL,0.0616483213968889,19035792
AURKA,PF-562271,FALSE,"",DTC,0.00833393974439424,""
AURKA,MLN8054,FALSE,"",TTD,0.900065492394578,""
AURKA,KENPAULLONE,FALSE,"",DTC,0.018751364424887,""
AURKA,TOZASERTIB LACTATE,FALSE,"",TTD,0.300021830798193,""
AURKA,CHEMBL:CHEMBL578061,FALSE,"",DTC,0.0360026196957831,""
AURKA,MLN-8054,FALSE,inhibitor,DTC; ChEMBL,0.124146964468218,20684549; 17360485
AURKA,JNJ-7706621,FALSE,"",DTC,0.0163648271344469,""
AURKA,ENTRECTINIB,TRUE,"",DTC,0.0157906226735891,""
AURKA,CP-547632,FALSE,"",DTC,0.0204560339180586,""
AURKA,TAMATINIB,FALSE,"",DTC,0.0111119196591923,""
AURKA,HESPERADIN,FALSE,inhibitor,DTC,0.0225016373098645,19035792
AURKA,ILORASERTIB,FALSE,inhibitor,TTD; DTC; ChEMBL,0.0232775558377908,""
AURKA,RG-1530,FALSE,inhibitor,DTC; ChEMBL,0.0191503296254166,""
AURKA,AURORA A KINASE INHIBITOR MK5108,FALSE,inhibitor,MyCancerGenome; TALC,1.80013098478916,""
AURKA,AMG-900,FALSE,inhibitor,ChEMBL,0.300021830798193,""
AURKA,KW-2449,FALSE,inhibitor,ChEMBL,0.112508186549322,""
AURKA,GW441756X,FALSE,"",DTC,0.013847161421455,""
AURKA,ZM447439,FALSE,"",DTC,0.0473718680207673,""
AURKA,MK-5108,FALSE,inhibitor,TTD; ChEMBL,0.600043661596386,""
AURKA,MK-6592,FALSE,inhibitor,ChEMBL,0.300021830798193,""
AURKA,PACLITAXEL,TRUE,"",CIViC,0.00818241356722344,""
AURKA,BARASERTIB-HQPA,FALSE,"",DTC,0.0391332822780251,""
AURKA,AURORA KINASE INHIBITOR AMG 900,FALSE,"",TTD,0.225016373098644,""
AURKA,TTP-607,FALSE,inhibitor,ChEMBL,0.300021830798193,""
AURKA,AST-487,FALSE,"",DTC,0.0219528168876726,""
AURKA,BARASERTIB,FALSE,"",DTC,0.0692358071072752,""
AURKA,FLUOROURACIL,TRUE,"",CIViC,0.0077591852792636,""
AURKA,AT-9283,FALSE,inhibitor,ChEMBL,0.0750054576995482,""
AURKA,SORAFENIB,TRUE,"",DTC,0.00782665645560503,""
AURKA,CISPLATIN,TRUE,"",CIViC,0.00612289450608557,""
AURKA,ENMD-2076,FALSE,inhibitor,ClearityFoundationClinicalTrial; TTD; MyCancerGenome; TdgClinicalTrial; ChEMBL,0.145171853612029,""
AURKA,EUPATORIN,FALSE,"",DTC,0.300021830798193,""
HOXD10,LY3522348,FALSE,inhibitor,GuideToPharmacology,26.1018992794428,""
HOXD10,PF-06835919,FALSE,inhibitor,GuideToPharmacology,26.1018992794428,""
MMP12,MARIMASTAT,FALSE,inhibitor,ChEMBL,0.386694804139893,""
MMP12,ILOMASTAT,FALSE,"",TTD,0.232016882483936,""
MMP12,ACETAZOLAMIDE,TRUE,"",DTC,0.828631723156913,24074025
MMP12,NEOVASTAT,FALSE,inhibitor,TALC,1.16008441241968,""
MMP12,DEFEROXAMINE,TRUE,"",DTC,0.682402595540987,24074025
MMP12,CTS-1027,FALSE,inhibitor,ChEMBL,0.828631723156913,""
MMP12,CAPTOPRIL,TRUE,"",DTC,0.892372624938214,24074025
MMP12,ZILEUTON,TRUE,"",DTC,1.28898268046631,24074025
MMP12,AZD-1236,FALSE,inhibitor,ChEMBL,2.9002110310492,""
MMP13,CURCUMIN,TRUE,"",TTD,0.0988708306039499,""
MMP13,REBIMASTAT,FALSE,inhibitor,ChEMBL,1.08757913664345,""
MMP13,DOXYCYCLINE CALCIUM,TRUE,inhibitor,ChEMBL,1.63136870496517,""
MMP13,APRATASTAT,FALSE,inhibitor,TTD; ChEMBL,2.61018992794428,""
MMP13,PRINOMASTAT,FALSE,vaccine,TALC,0.932210688551528,""
MMP13,DOXYCYCLINE ANHYDROUS,TRUE,inhibitor,ChEMBL,0.283716296515682,""
MMP13,CTS-1027,FALSE,inhibitor,ChEMBL,0.932210688551528,""
MMP13,ILOMASTAT,FALSE,"",TTD,0.261018992794428,""
MC1R,BREMELANOTIDE,TRUE,"",TdgClinicalTrial,1.06538364405889,""
MC1R,AFAMELANOTIDE,TRUE,agonist,TTD; TdgClinicalTrial; ChEMBL,4.47461130504733,""
MC1R,DERSIMELAGON,FALSE,agonist,ChEMBL,7.45768550841222,""
MC1R,AFAMELANOTIDE ACETATE,TRUE,agonist,ChEMBL,7.45768550841222,""
MC1R,MODIMELANOTIDE,FALSE,agonist,ChEMBL,3.72884275420611,""
MC1R,ISOFLURANE,TRUE,"",PharmGKB,0.481141000542724,29318929
MC1R,DESIPRAMINE,TRUE,"",PharmGKB,0.382445410687806,21052032
GPX3,COMPOUND 14B [PMID: 25742366],FALSE,inhibitor,GuideToPharmacology,6.52547481986069,""
GPX3,DOXORUBICIN HYDROCHLORIDE,TRUE,"",PharmGKB,0.176364184320559,26230641
GPX3,DAUNORUBICIN LIPOSOMAL,TRUE,"",PharmGKB,0.286834058015855,26230641
GPX3,CL-AMIDINE,FALSE,inhibitor,GuideToPharmacology,6.52547481986069,""
SLC11A1,COBALT,FALSE,"",NCI,9.49159973797919,12750164
MMP3,PRINOMASTAT,FALSE,vaccine,TALC,0.532691822029444,""
MMP3,CTS-1027,FALSE,inhibitor,ChEMBL,0.532691822029444,""
MMP3,BERKELEYTRIONE,FALSE,"",DTC,3.72884275420611,17970594
MMP3,MARIMASTAT,FALSE,inhibitor,TEND; TdgClinicalTrial; ChEMBL,0.745768550841222,""
MMP3,PRAVASTATIN SODIUM,TRUE,"",PharmGKB,0.276210574385638,10190398
MMP3,BERKELEYACETAL B,FALSE,"",DTC,3.72884275420611,17970594
MMP3,BERKELEYAMIDE B,FALSE,"",DTC,3.72884275420611,18330993
MMP3,LISINOPRIL ANHYDROUS,TRUE,"",PharmGKB,0.932210688551527,21183746
MMP3,ILOMASTAT,FALSE,"",TTD,0.149153710168244,""
MMP3,BERKELEYDIONE,FALSE,"",DTC,3.72884275420611,17970594
MMP3,CHLORTHALIDONE,TRUE,"",PharmGKB,0.828631723156913,21183746
MMP3,BERKELEYAMIDE C,FALSE,"",DTC,3.72884275420611,18330993
MMP3,BERKELEYACETAL C,FALSE,"",DTC,3.72884275420611,17970594
MMP3,BERKELEYACETAL A,FALSE,"",DTC,3.72884275420611,17970594
UBE2T,MK-2206,FALSE,"",TTD,8.70063309314759,""
TLR3,POLY ICLC,FALSE,"",TTD,5.22037985588855,""
TLR3,POLY(I:C),FALSE,agonist,GuideToPharmacology,5.22037985588855,""
TLR3,BEVASIRANIB,FALSE,activator,ChEMBL,2.61018992794428,""
TLR3,ASPIRIN,TRUE,"",PharmGKB,0.1173119068739,21461252
TLR3,RINTATOLIMOD,FALSE,agonist,TTD; ChEMBL,10.4407597117771,""
TLR3,IL-4,FALSE,"",NCI,1.49153710168244,16670286
TLR3,IL-13,FALSE,"",NCI,2.61018992794428,16670286
TLR3,MEASLES VACCINE,FALSE,"",PharmGKB,2.61018992794428,18325643
TLR3,BEVASIRANIB SODIUM,FALSE,activator,ChEMBL,5.22037985588855,""
TLR3,HYDROXYCHLOROQUINE,TRUE,"",NCI,0.580042206209839,16142732
UHRF1,AFATINIB,TRUE,"",PharmGKB,1.93347402069946,34629889
UHRF1,GEFITINIB,TRUE,"",PharmGKB,0.519440781680453,34629889
UHRF1,ERLOTINIB,TRUE,"",PharmGKB,0.621473792367685,34629889
SLC16A7,METHOTREXATE,TRUE,"",PharmGKB,1.42373996069688,29589488; 20827233
EMP1,COMPOUND 20 [PMID: 30998356],FALSE,inhibitor,GuideToPharmacology,1.16008441241968,""
EMP1,COMPOUND 1A [PMID: 24900749],FALSE,inhibitor,GuideToPharmacology,2.61018992794428,""
EMP1,GEFITINIB,TRUE,"",NCI,0.311664469008272,16087880
EMP1,COMPOUND 3B [PMID: 23454515],FALSE,inhibitor,GuideToPharmacology,2.61018992794428,""
EMP1,KINASE INHIBITOR 2 [PMID: 30199702],FALSE,inhibitor,GuideToPharmacology,1.74012661862952,""
FEN1,LEVODOPA,TRUE,"",DTC,0.00690526435964094,""
FEN1,SRT-1720,FALSE,"",DTC,0.124294758473537,""
FEN1,CHEMBL:CHEMBL521171,FALSE,"",DTC,0.0621473792367685,""
FEN1,CETYLPYRIDINIUM BROMIDE,FALSE,"",DTC,0.0191222705343903,""
FEN1,CHEMBL:CHEMBL1312050,FALSE,"",DTC,0.0310736896183842,""
FEN1,CHEMBL:CHEMBL483206,FALSE,"",DTC,0.0414315861578457,""
FEN1,CHEMBL:CHEMBL533954,FALSE,"",DTC,0.0414315861578457,""
FEN1,CHEMBL:CHEMBL579742,FALSE,"",DTC,0.0621473792367685,""
FEN1,LOMOFUNGIN,FALSE,"",DTC,0.0165726344631383,""
FEN1,ISOTHYMONIN,FALSE,"",DTC,0.0248589516947074,""
FEN1,EBSELEN,FALSE,"",DTC,0.00710255762705926,""
FEN1,CHEMBL:CHEMBL1092508,FALSE,"",DTC,0.0828631723156913,""
FEN1,CHEMBL:CHEMBL1481974,FALSE,"",DTC,0.0310736896183842,""
FEN1,COUMESTROL,FALSE,"",DTC,0.0248589516947074,""
FEN1,CHEMBL:CHEMBL95704,FALSE,"",DTC,0.0497179033894148,""
FEN1,PROTOPORPHYRIN,FALSE,"",DTC,0.00994358067788296,""
FEN1,CARMINIC ACID,TRUE,"",DTC,0.0310736896183842,""
FEN1,CHEMBL:CHEMBL585622,FALSE,"",DTC,0.0355127881352963,""
FEN1,TOLONIUM CHLORIDE,FALSE,"",DTC,0.0138105287192819,""
FEN1,CHEMBL:CHEMBL1256291,FALSE,"",DTC,0.0225990469951885,""
FEN1,CHEMBL:CHEMBL583558,FALSE,"",DTC,0.0414315861578457,""
FEN1,CHEMBL:CHEMBL585502,FALSE,"",DTC,0.0225990469951885,""
FEN1,CHEMBL:CHEMBL461193,FALSE,"",DTC,0.0414315861578457,""
FEN1,CHEMBL:CHEMBL522983,FALSE,"",DTC,0.0225990469951885,""
FEN1,CATECHIN,TRUE,"",DTC,0.0191222705343903,""
FEN1,SR8185,FALSE,inhibitor,GuideToPharmacology,0.124294758473537,""
FEN1,TYRPHOSTIN 23,FALSE,"",DTC,0.0118375960450987,""
FEN1,MITOXANTRONE HYDROCHLORIDE,TRUE,"",DTC,0.00776842240459606,""
FEN1,CLOSANTEL,FALSE,"",DTC,0.0225990469951885,""
FEN1,STICTIC ACID,FALSE,"",DTC,0.0138105287192819,""
FEN1,CHEMBL:CHEMBL589915,FALSE,"",DTC,0.248589516947074,""
FEN1,SURAMIN,FALSE,"",DTC,0.00654182939334405,""
FEN1,CHEMBL:CHEMBL602127,FALSE,"",DTC,0.0355127881352963,""
FEN1,THIMEROSAL,TRUE,"",DTC,0.0108082398672641,""
FEN1,METHYLDOPA ANHYDROUS,TRUE,"",DTC,0.00801901667571206,""
FEN1,HOMIDIUM BROMIDE,FALSE,"",DTC,0.00857205230851979,""
FEN1,CHEMBL:CHEMBL579919,FALSE,"",DTC,0.0497179033894148,""
FEN1,DOXYCYCLINE ANHYDROUS,TRUE,"",DTC,0.0108082398672641,""
FEN1,COMPOUND 6 [PMID: 34333981],FALSE,inhibitor,GuideToPharmacology,0.0497179033894148,""
FEN1,CEFSULODIN SODIUM,FALSE,"",DTC,0.0310736896183842,""
FEN1,CHEMBL:CHEMBL223575,FALSE,"",DTC,0.0621473792367685,""
FEN1,CHEMBL:CHEMBL67535,FALSE,"",DTC,0.0130836587866881,""
FEN1,CHEMBL:CHEMBL592124,FALSE,"",DTC,0.00801901667571206,""
FEN1,QUERCETIN,TRUE,"",DTC,0.00314670274616549,""
FEN1,CHEMBL:CHEMBL578257,FALSE,"",DTC,0.0310736896183842,""
FEN1,FAGARONINE,FALSE,"",DTC,0.0414315861578457,""
FEN1,CHEMBL:CHEMBL515252,FALSE,"",DTC,0.0177563940676481,""
FEN1,CHEMBL:CHEMBL338115,FALSE,"",DTC,0.0414315861578457,""
FEN1,METHOXSALEN,TRUE,"",NCI,0.0552421148771275,3319774
FEN1,CLINAFLOXACIN,FALSE,"",DTC,0.0828631723156913,""
FEN1,OXIDOPAMINE HYDROCHLORIDE,FALSE,"",DTC,0.0146229127615926,""
FEN1,CHEMBL:CHEMBL601137,FALSE,"",DTC,0.0497179033894148,""
FEN1,CHEMBL:CHEMBL493863,FALSE,"",DTC,0.0155368448091921,""
FEN1,PURPUROGALLIN,FALSE,"",DTC,0.00690526435964094,""
FEN1,CHEMBL:CHEMBL585591,FALSE,"",DTC,0.0103578965394614,""
FEN1,CHEMBL:CHEMBL136344,FALSE,"",DTC,0.0355127881352963,""
FEN1,CEPHALOCHROMIN,FALSE,"",DTC,0.0130836587866881,""
FEN1,AURINTRICARBOXYLIC ACID,FALSE,"",DTC,0.00801901667571206,""
FEN1,THUNBERGINOL B,FALSE,"",DTC,0.0248589516947074,""
FEN1,PAMOIC ACID,FALSE,"",DTC,0.124294758473537,""
FEN1,CHEMBL:CHEMBL592316,FALSE,"",DTC,0.0355127881352963,""
FEN1,AZ13102909,FALSE,inhibitor,GuideToPharmacology,0.248589516947074,""
FEN1,CHEMBL:CHEMBL525103,FALSE,"",DTC,0.0310736896183842,""
FEN1,CHEMBL:CHEMBL1287983,FALSE,"",DTC,0.0355127881352963,""
FEN1,LAVENDUSTIN C,FALSE,"",DTC,0.0414315861578457,""
FEN1,AKT INHIBITOR IV,FALSE,"",DTC,0.0225990469951885,""
FEN1,DECYNIUM 22,FALSE,"",DTC,0.0108082398672641,""
FEN1,CHEMBL:CHEMBL68534,FALSE,"",DTC,0.0130836587866881,""
FEN1,CHEMBL:CHEMBL592598,FALSE,"",DTC,0.248589516947074,""
FEN1,AMARANTH,FALSE,"",DTC,0.0414315861578457,""
FEN1,METHYLENE BLUE ANHYDROUS,TRUE,"",DTC,0.00671863559316416,""
FEN1,BAICALEIN,FALSE,"",DTC,0.00994358067788296,""
FEN1,CHEMBL:CHEMBL494668,FALSE,"",DTC,0.0414315861578457,""
FEN1,COMPOUND II [PMID: 21329883],FALSE,inhibitor,GuideToPharmacology,0.124294758473537,""
FEN1,MPI-0485520,FALSE,inhibitor,GuideToPharmacology,0.124294758473537,""
FEN1,CHEMBL:CHEMBL516616,FALSE,"",DTC,0.0355127881352963,""
FEN1,CHEMBL:CHEMBL22062,FALSE,"",DTC,0.0248589516947074,""
FEN1,TRANSPLATIN,FALSE,"",DTC,0.0355127881352963,""
FEN1,SANGUINARIUM CHLORIDE,FALSE,"",DTC,0.0310736896183842,""
FEN1,SANGUINARINE SULFATE,FALSE,"",DTC,0.0191222705343903,""
FEN1,DOPAMINE,TRUE,"",DTC,0.00857205230851979,""
FEN1,CHEMBL:CHEMBL578719,FALSE,"",DTC,0.0621473792367685,""
FEN1,CHEMBL:CHEMBL477936,FALSE,"",DTC,0.0355127881352963,""
FEN1,BENSERAZIDE HYDROCHLORIDE,FALSE,"",DTC,0.0155368448091921,""
FEN1,CHEMBL:CHEMBL1601846,FALSE,"",DTC,0.0108082398672641,""
FEN1,ASTERRIC ACID,FALSE,"",DTC,0.0138105287192819,""
FEN1,TYRPHOSTIN 51,FALSE,"",DTC,0.0276210574385638,""
FEN1,GSK8612,FALSE,inhibitor,GuideToPharmacology,0.124294758473537,""
FEN1,LUTEOLIN,FALSE,"",DTC,0.00776842240459606,""
FEN1,GOSSYPOL,FALSE,"",DTC,0.00517894826973071,""
FEN1,FRAXETIN,FALSE,"",DTC,0.0497179033894148,""
FEN1,IDARUBICIN,TRUE,"",DTC,0.00517894826973071,""
FEN1,AMINODIMETHOXYQUINAZOLINYLPIPERAZINE,FALSE,"",DTC,0.0414315861578457,""
FEN1,CHEMBL:CHEMBL1534034,FALSE,"",DTC,0.0248589516947074,""
FEN1,ALEXIDINE HYDROCHLORIDE,FALSE,"",DTC,0.0146229127615926,""
FEN1,PHENYLSTIBONIC ACID,FALSE,"",DTC,0.0497179033894148,""
FEN1,CHEMBL:CHEMBL584458,FALSE,"",DTC,0.0177563940676481,""
FEN1,METHACYCLINE HYDROCHLORIDE,TRUE,"",DTC,0.0177563940676481,""
FEN1,SENNOSIDE B,FALSE,"",DTC,0.0155368448091921,""
FEN1,3-O-METHYLQUERCETIN,FALSE,"",DTC,0.0165726344631383,""
FEN1,DEOXIEPINEPHRINE,FALSE,"",DTC,0.0414315861578457,""
FEN1,CHEMBL:CHEMBL124006,FALSE,"",DTC,0.0207157930789228,""
FEN1,PYRONIN Y,FALSE,"",DTC,0.0138105287192819,""
FEN1,ACID BLUE 129,FALSE,"",DTC,0.0130836587866881,""
FEN1,APOMORPHINE HYDROCHLORIDE HEMIHYDRATE,FALSE,"",DTC,0.0138105287192819,""
FEN1,DEMECLOCYCLINE,TRUE,"",DTC,0.124294758473537,""
FEN1,CCG-63802,FALSE,"",DTC,0.0621473792367685,""
FEN1,MITONAFIDE,FALSE,"",DTC,0.0310736896183842,""
FEN1,CHEMBL:CHEMBL56393,FALSE,"",DTC,0.00887819703382407,""
FEN1,CATECHOL,FALSE,"",DTC,0.0112995234975943,""
FEN1,CHEMBL:CHEMBL1287980,FALSE,"",DTC,0.0355127881352963,""
FEN1,"2-METHOXY-1,4-NAPHTHOQUINONE",FALSE,"",DTC,0.0310736896183842,""
FEN1,CHEMBL:CHEMBL601364,FALSE,"",DTC,0.0191222705343903,""
FEN1,CHEMBL:CHEMBL151146,FALSE,"",DTC,0.124294758473537,""
FEN1,METHYLDOPA (RACEMIC),FALSE,"",DTC,0.0207157930789228,""
FEN1,CHEMBL:CHEMBL1255944,FALSE,"",DTC,0.0276210574385638,""
FEN1,GENTIAN VIOLET CATION,TRUE,"",DTC,0.0130836587866881,""
FEN1,HOMIDIUM,FALSE,"",DTC,0.0310736896183842,""
FEN1,CHEMBL:CHEMBL1726814,FALSE,"",DTC,0.124294758473537,""
FEN1,PINAFIDE,FALSE,"",DTC,0.0207157930789228,""
FEN1,CARMINE,FALSE,"",DTC,0.0207157930789228,""
FEN1,TYRPHOSTIN B48,FALSE,"",DTC,0.0130836587866881,""
FEN1,CHEMBL:CHEMBL526763,FALSE,"",DTC,0.248589516947074,""
FEN1,GMQ,FALSE,"",DTC,0.0621473792367685,""
FEN1,CHEMBL:CHEMBL486706,FALSE,"",DTC,0.0310736896183842,""
FEN1,CHEMBL:CHEMBL463783,FALSE,"",DTC,0.0248589516947074,""
FEN1,OXYTETRACYCLINE ANHYDROUS,TRUE,"",DTC,0.0124294758473537,""
FEN1,MORIN,FALSE,"",DTC,0.0130836587866881,""
FEN1,SLAZINIC ACID,FALSE,"",DTC,0.0118375960450987,""
FEN1,OXOPURPUREINE,FALSE,"",DTC,0.0355127881352963,""
FEN1,CHEMBL:CHEMBL585240,FALSE,"",DTC,0.0414315861578457,""
FEN1,CHEMBL:CHEMBL19954,FALSE,"",DTC,0.0138105287192819,""
FEN1,CHEMBL:CHEMBL581251,FALSE,"",DTC,0.0497179033894148,""
FEN1,AMLEXANOX,TRUE,inhibitor,GuideToPharmacology,0.0191222705343903,""
FEN1,DEPHOSTATIN,FALSE,"",DTC,0.00994358067788296,""
FEN1,AMENTOFLAVONE,FALSE,"",DTC,0.0310736896183842,""
FEN1,ERBSTATIN,FALSE,"",DTC,0.0177563940676481,""
FEN1,CHEMBL:CHEMBL505670,FALSE,"",DTC,0.00710255762705926,""
FEN1,CHEMBL:CHEMBL596633,FALSE,"",DTC,0.0225990469951885,""
FEN1,EUFLAVINE,FALSE,"",DTC,0.0155368448091921,""
FEN1,BAY-985,FALSE,inhibitor,GuideToPharmacology,0.0497179033894148,""
FEN1,CHEMBL:CHEMBL1509103,FALSE,"",DTC,0.0497179033894148,""
FEN1,4-CHLOROMERCURIBENZOIC ACID,FALSE,"",DTC,0.00887819703382407,""
FEN1,STREPTONIGRIN,FALSE,"",DTC,0.0124294758473537,""
FEN1,CHEMBL:CHEMBL478754,FALSE,"",DTC,0.0497179033894148,""
FEN1,CHEMBL:CHEMBL1451216,FALSE,"",DTC,0.0146229127615926,""
FEN1,CHEMBL:CHEMBL1701915,FALSE,"",DTC,0.0355127881352963,""
FEN1,ML 10302,FALSE,"",DTC,0.0621473792367685,""
FEN1,MASOPROCOL,TRUE,"",DTC,0.00528913865844838,""
FEN1,INDOCYANINE GREEN ACID FORM,TRUE,"",DTC,0.0248589516947074,""
FEN1,CHEMBL:CHEMBL1528359,FALSE,"",DTC,0.0828631723156913,""
FEN1,CHEMBL:CHEMBL582503,FALSE,"",DTC,0.0828631723156913,""
FEN1,AMINACRINE HYDROCHLORIDE,FALSE,"",DTC,0.0355127881352963,""
FEN1,EMODIN,FALSE,"",DTC,0.00956113526719515,""
FEN1,SB-415286,FALSE,"",DTC,0.0124294758473537,""
FEN1,CHARTREUSIN,FALSE,"",DTC,0.0828631723156913,""
FEN1,PROTOPORPHYRIN DISODIUM,FALSE,"",DTC,0.0225990469951885,""
FEN1,MITOXANTRONE,TRUE,"",DTC,0.00564976174879714,""
FEN1,ISOKAEMPFERIDE,FALSE,"",DTC,0.0225990469951885,""
FEN1,EPINEPHRINE,TRUE,"",DTC,0.00621473792367685,""
FEN1,DAUNORUBICIN HYDROCHLORIDE,TRUE,"",DTC,0.00753301566506285,""
FEN1,ELLAGIC ACID,FALSE,"",DTC,0.00887819703382407,""
FEN1,CHEMBL:CHEMBL1622802,FALSE,"",DTC,0.0828631723156913,""
FEN1,EUPAFOLIN,FALSE,"",DTC,0.0155368448091921,""
FEN1,CHEMBL:CHEMBL547833,FALSE,"",DTC,0.0310736896183842,""
FEN1,CHEMBL:CHEMBL1448793,FALSE,"",DTC,0.0310736896183842,""
FEN1,CHEMBL:CHEMBL86464,FALSE,"",DTC,0.0207157930789228,""
FEN1,ELLIPTECINE,FALSE,"",DTC,0.00776842240459606,""
FEN1,MYRICETIN,FALSE,"",DTC,0.00621473792367685,""
FEN1,"3,5-DIIODO-L-TYROSINE",FALSE,"",DTC,0.0310736896183842,""
FEN1,CHEMBL:CHEMBL1341830,FALSE,"",DTC,0.0248589516947074,""
FEN1,CHEMBL:CHEMBL1576310,FALSE,"",DTC,0.0225990469951885,""
FEN1,HISPIDIN,FALSE,"",DTC,0.0276210574385638,""
FEN1,HAEMATOXYLIN,FALSE,"",DTC,0.00956113526719515,""
FEN1,CHEMBL:CHEMBL578741,FALSE,"",DTC,0.0118375960450987,""
FEN1,PURPURIN,FALSE,"",DTC,0.0118375960450987,""
FEN1,FURAMIDINE,FALSE,"",DTC,0.0497179033894148,""
FEN1,PICEATANNOL,FALSE,"",DTC,0.0118375960450987,""
FEN1,DITHIAZANINE,FALSE,"",DTC,0.0414315861578457,""
FEN1,ATHRAQUINONES A,FALSE,"",DTC,0.0248589516947074,""
FEN1,TBK1 PROTAC 3I,FALSE,inhibitor,GuideToPharmacology,0.248589516947074,""
FEN1,MRT67307,FALSE,inhibitor,GuideToPharmacology,0.124294758473537,""
FEN1,CHEMBL:CHEMBL581225,FALSE,"",DTC,0.0310736896183842,""
FEN1,TAXIFOLIN,FALSE,"",DTC,0.0355127881352963,""
FEN1,DEQUALINIUM,TRUE,"",DTC,0.0155368448091921,""
FEN1,CHEMBL:CHEMBL576781,FALSE,"",DTC,0.124294758473537,""
FEN1,RHEIN,FALSE,"",DTC,0.0112995234975943,""
FEN1,CHEMBL:CHEMBL532504,FALSE,"",DTC,0.124294758473537,""
FEN1,TETRAIDOFLUORESCEIN,FALSE,"",DTC,0.0276210574385638,""
FEN1,PIRARUBICIN,FALSE,"",DTC,0.0276210574385638,""
FEN1,BX-795,FALSE,inhibitor,GuideToPharmacology,0.0276210574385638,""
FEN1,CHEMBL:CHEMBL234338,FALSE,"",DTC,0.0118375960450987,""
FEN1,COMPOUND 17D [PMID: 23099093],FALSE,inhibitor,GuideToPharmacology,0.0621473792367685,""
FEN1,CHEMBL:CHEMBL533082,FALSE,"",DTC,0.0414315861578457,""
FEN1,CHEMBL:CHEMBL589924,FALSE,"",DTC,0.0621473792367685,""
FEN1,CHEMBL:CHEMBL68096,FALSE,"",DTC,0.0276210574385638,""
FEN1,HYCANTHONE,FALSE,"",DTC,0.0130836587866881,""
FEN1,CHEMBL:CHEMBL1453126,FALSE,"",DTC,0.0207157930789228,""
FEN1,GW305074X,FALSE,"",DTC,0.0621473792367685,""
FEN1,DAPHNETIN,FALSE,"",DTC,0.0276210574385638,""
FEN1,BIX-01294,FALSE,"",DTC,0.0310736896183842,""
FEN1,HYDROXYZINE PAMOATE,TRUE,"",DTC,0.0248589516947074,""
FEN1,OXOGLAUCINE,FALSE,"",DTC,0.0355127881352963,""
FEN1,NOREPINEPHRINE,TRUE,"",DTC,0.00776842240459606,""
FEN1,CALMIDAZOLIUM CHLORIDE,FALSE,"",DTC,0.0124294758473537,""
FEN1,CHEMBL:CHEMBL528724,FALSE,"",DTC,0.0828631723156913,""
FEN1,PENTABROMOPHENOL,FALSE,"",DTC,0.0191222705343903,""
FEN1,JP1302,FALSE,"",DTC,0.0276210574385638,""
FEN1,CHEMBL:CHEMBL515505,FALSE,"",DTC,0.0108082398672641,""
FEN1,QUINACRINE,FALSE,"",DTC,0.0248589516947074,""
FLG,PROPIONIBACTERIUM ACNES,FALSE,"",NCI,52.2037985588855,17684752
RAD54L,AMINODIMETHOXYQUINAZOLINYLPIPERAZINE,FALSE,"",DTC,0.174012661862952,""
RAD54L,CHEMBL:CHEMBL375673,FALSE,"",DTC,0.208815194235542,""
RAD54L,HARMAN,FALSE,"",DTC,0.174012661862952,""
RAD54L,CHEMBL:CHEMBL578512,FALSE,"",DTC,0.0360026196957831,""
RAD54L,CHEMBL:CHEMBL606456,FALSE,"",DTC,0.348025323725904,""
RAD54L,CHEMBL:CHEMBL602127,FALSE,"",DTC,0.149153710168244,""
RAD54L,CHEMBL:CHEMBL592838,FALSE,"",DTC,1.04407597117771,""
RAD54L,CHEMBL:CHEMBL1092508,FALSE,"",DTC,0.348025323725904,""
RAD54L,CHEMBL:CHEMBL596836,FALSE,"",DTC,0.348025323725904,""
RAD54L,CHEMBL:CHEMBL601774,FALSE,"",DTC,0.522037985588855,""
RAD54L,CHLOROQUINE-PYROLIDINYL,FALSE,"",DTC,1.04407597117771,""
RAD54L,CHEMBL:CHEMBL124006,FALSE,"",DTC,0.0870063309314759,""
RAD54L,AMSACRINE HYDROCHLORIDE,FALSE,"",DTC,0.104407597117771,""
RAD54L,CHEMBL:CHEMBL534047,FALSE,"",DTC,0.522037985588855,""
RAD54L,CHEMBL:CHEMBL602135,FALSE,"",DTC,0.261018992794428,""
RAD54L,CHEMBL:CHEMBL591613,FALSE,"",DTC,0.208815194235542,""
RAD54L,CHEMBL:CHEMBL1509103,FALSE,"",DTC,0.208815194235542,""
RAD54L,CHEMBL:CHEMBL592558,FALSE,"",DTC,0.261018992794428,""
RAD54L,CHEMBL:CHEMBL588250,FALSE,"",DTC,0.522037985588855,""
RAD54L,CHEMBL:CHEMBL579742,FALSE,"",DTC,0.261018992794428,""
RAD54L,CHEMBL:CHEMBL597857,FALSE,"",DTC,0.522037985588855,""
RAD54L,CHEMBL:CHEMBL600841,FALSE,"",DTC,0.522037985588855,""
RAD54L,AMINACRINE HYDROCHLORIDE,FALSE,"",DTC,0.149153710168244,""
RAD54L,CHEMBL:CHEMBL580076,FALSE,"",DTC,0.174012661862952,""
RAD54L,CHEMBL:CHEMBL582478,FALSE,"",DTC,0.130509496397214,""
RAD54L,CHEMBL:CHEMBL547833,FALSE,"",DTC,0.130509496397214,""
RAD54L,CHEMBL:CHEMBL596633,FALSE,"",DTC,0.0949159973797919,""
RAD54L,CHEMBL:CHEMBL494668,FALSE,"",DTC,0.174012661862952,""
RAD54L,CHEMBL:CHEMBL579045,FALSE,"",DTC,0.348025323725904,""
RAD54L,CHEMBL:CHEMBL146525,FALSE,"",DTC,0.149153710168244,""
RAD54L,CHEMBL:CHEMBL1312050,FALSE,"",DTC,0.130509496397214,""
RAD54L,CHEMBL:CHEMBL353764,FALSE,"",DTC,0.348025323725904,""
RAD54L,CHEMBL:CHEMBL590168,FALSE,"",DTC,0.208815194235542,""
RAD54L,PRAZOSIN HYDROCHLORIDE,TRUE,"",DTC,0.104407597117771,""
RAD54L,CHEMBL:CHEMBL1344912,FALSE,"",DTC,1.04407597117771,""
RAD54L,HYCANTHONE,FALSE,"",DTC,0.05495136690409,""
RAD54L,CLINAFLOXACIN,FALSE,"",DTC,0.348025323725904,""
RAD54L,CHEMBL:CHEMBL602400,FALSE,"",DTC,1.04407597117771,""
RAD54L,CHEMBL:CHEMBL1448793,FALSE,"",DTC,0.130509496397214,""
RAD54L,CHEMBL:CHEMBL585622,FALSE,"",DTC,0.149153710168244,""
RAD54L,CHEMBL:CHEMBL599943,FALSE,"",DTC,0.208815194235542,""
RAD54L,CHEMBL:CHEMBL530049,FALSE,"",DTC,0.116008441241968,""
RAD54L,PINAFIDE,FALSE,"",DTC,0.0870063309314759,""
RAD54L,HARMOL,FALSE,"",DTC,0.208815194235542,""
RAD54L,GR 127935,FALSE,"",DTC,0.0360026196957831,""
RAD54L,CHEMBL:CHEMBL1415258,FALSE,"",DTC,0.261018992794428,""
RAD54L,OLAPARIB,TRUE,"",CIViC; CKB-CORE,0.0680919111637638,32343890
RAD54L,HARMINE HYDROCHLORIDE,FALSE,"",DTC,0.208815194235542,""
RAD54L,CHEMBL:CHEMBL592842,FALSE,"",DTC,1.04407597117771,""
RAD54L,CHEMBL:CHEMBL547304,FALSE,"",DTC,0.348025323725904,""
SPP1,IMMUNOSUPPRESSANT,FALSE,"",NCI,0.386694804139893,15978615
SPP1,CALCITONIN,TRUE,"",NCI,1.16008441241968,8013390
SPP1,GENTAMICIN,TRUE,"",NCI,0.302630716283394,11274264
SPP1,CHONDROITIN SULFATES,TRUE,"",NCI,0.773389608279786,12118914
SPP1,TETRADECANOYLPHORBOL ACETATE,FALSE,"",NCI,0.151315358141697,12009309
SPP1,ALTEPLASE,TRUE,"",NCI,0.331452689262765,12009309
SPP1,ZOLEDRONIC ACID ANHYDROUS,TRUE,"",PharmGKB,0.464033764967871,21396799
SPP1,ANHYDROUS TACROLIMUS,TRUE,"",NCI,0.248589516947074,16103732
SPP1,SODIUM BUTYRATE,FALSE,"",NCI,0.497179033894148,9224725
SPP1,PROTEIN PHOSPHATASE INHIBITOR,FALSE,"",NCI,1.39210129490361,11818502
SPP1,TRETINOIN,TRUE,"",NCI,0.0764890821375612,9224725
SPP1,PAMIDRONATE,TRUE,"",PharmGKB,0.632773315865279,21396799
SPP1,ASK-8007,FALSE,inhibitor,ChEMBL,3.48025323725904,""
SPP1,WORTMANNIN,FALSE,"",NCI,0.248589516947074,14703434
SPP1,TYROSINE KINASE INHIBITOR,FALSE,"",NCI,0.267711787481464,12176960
SCNN1B,AMILORIDE,TRUE,"",TEND; TdgClinicalTrial; PharmGKB,1.53540583996722,23788015
SCNN1B,ALDOSTERONE,FALSE,"",PharmGKB,2.1751582732869,18004211
SCNN1B,FARGLITAZAR,FALSE,"",PharmGKB,3.26273740993035,18004211
SCNN1B,AMILORIDE HYDROCHLORIDE,TRUE,blocker,ChEMBL,1.63136870496517,""
SCNN1B,GLYBURIDE,TRUE,"",PharmGKB,0.450032746197289,18004211
SCNN1B,TRIAMTERENE,TRUE,blocker,TEND; TdgClinicalTrial; PharmGKB; ChEMBL,1.81263189440575,23788015
SCNN1B,552-02,FALSE,"",TdgClinicalTrial,1.63136870496517,""
SCNN1B,IDREVLORIDE,FALSE,blocker,ChEMBL,2.1751582732869,""
IL2RA,CAFFEINE,TRUE,"",NCI,0.055329940178999,3129507
IL2RA,DENILEUKIN DIFTITOX,TRUE,binder,ChEMBL; TEND; TTD; FDA; PharmGKB,0.853003244426234,""
IL2RA,MEGESTROL ACETATE,TRUE,"",NCI,0.25590097332787,8562975
IL2RA,HUMAN CHORIONIC GONADOTROPIN,TRUE,"",NCI,0.107747778243314,9334854
IL2RA,LENTINAN,FALSE,"",NCI,2.04720778662296,10681809
IL2RA,PROPYLTHIOURACIL,TRUE,"",NCI,0.102360389331148,8340196
IL2RA,STAUROSPORINE,FALSE,"",NCI,0.0731145638079629,1560050
IL2RA,ANTISERUM,FALSE,"",NCI,0.0584916510463703,1634253
IL2RA,BASILIXIMAB,TRUE,antibody; inhibitor,TTD; TdgClinicalTrial; TEND; GuideToPharmacology; ChEMBL,1.70600648885247,""
IL2RA,ALDESLEUKIN,TRUE,agonist,ChEMBL; TEND; NCI; TdgClinicalTrial,0.170600648885247,9167045
IL2RA,ISOTRETINOIN,TRUE,"",NCI,0.127950486663935,8952316
IL2RA,ATORVASTATIN CALCIUM TRIHYDRATE,TRUE,"",NCI,0.0372219597567811,16207471
IL2RA,HEPATITIS B VACCINE,FALSE,"",NCI,1.02360389331148,11135687
IL2RA,CAMIDANLUMAB TESIRINE,FALSE,binder,ChEMBL,1.02360389331148,""
IL2RA,CETIRIZINE HYDROCHLORIDE,TRUE,"",NCI,0.292458255231852,7591422
IL2RA,PROGESTERONE,TRUE,"",NCI,0.0346984370614061,12405159
IL2RA,FLUOROURACIL,TRUE,"",NCI,0.017648342988129,9238541
IL2RA,VERAPAMIL,TRUE,"",NCI,0.0454935063693992,2645720
IL2RA,DINITROCHLOROBENZENE,FALSE,"",NCI,0.682402595540987,9607619
IL2RA,THERAPEUTIC HORMONE,FALSE,"",NCI,0.0465274496959764,3090550
IL2RA,CHINESE HERBS,FALSE,"",NCI,0.511801946655741,16152828
IL2RA,ANTITUBERCULAR AGENT,FALSE,"",NCI,1.02360389331148,10566174
IL2RA,DRUGSATFDA.NDA:008378,FALSE,"",NCI,0.227467531846996,11895146
IL2RA,DHA-PACLITAXEL,FALSE,"",NCI,2.04720778662296,9193586
IL2RA,METHIMAZOLE,TRUE,"",NCI,0.194972170154568,8340196; 7647571; 1760523
IL2RA,MONOCLONAL ANTIBODY R24,FALSE,"",NCI,2.04720778662296,8814260
IL2RA,SHO-SAIKO-TO,FALSE,"",NCI,0.511801946655741,8980988
IL2RA,THEOPHYLLINE,TRUE,"",NCI,0.0758225106156653,3129507
IL2RA,BRYOSTATIN 1,FALSE,"",NCI,0.170600648885247,10988359
IL2RA,RECOMBINANT INTERLEUKIN-2,FALSE,"",TdgClinicalTrial,0.341201297770494,""
IL2RA,METHYLPREDNISOLONE,TRUE,"",NCI,0.113733765923498,8981122
IL2RA,BECLOMETHASONE DIPROPIONATE,TRUE,"",NCI,0.204720778662296,9314351
IL2RA,INTERFERON BETA-1B,TRUE,"",NCI,0.204720778662296,9762669
IL2RA,INTERLEUKIN-2 GENE,FALSE,"",NCI,2.04720778662296,2594781
IL2RA,DEXTRAN SULFATE,FALSE,"",NCI,0.341201297770494,10653436
IL2RA,FLUTAMIDE,TRUE,"",NCI,0.102360389331148,11312147
IL2RA,PACLITAXEL,TRUE,"",NCI,0.0186109798783906,16595340
IL2RA,DECITABINE,TRUE,"",NCI,0.0853003244426234,15814281
IL2RA,MERCAPTOPURINE,TRUE,"",NCI,0.0454935063693992,1580639
IL2RA,INOLIMOMAB,FALSE,inhibitor,TTD; ChEMBL,2.04720778662296,""
IL2RA,LMB-2,FALSE,binder,TTD; ChEMBL,2.04720778662296,""
IL2RA,ALDESLEUKIN,FALSE,"",TdgClinicalTrial,0.341201297770494,""
IL2RA,DACLIZUMAB,TRUE,inhibitor; antibody,TdgClinicalTrial; TEND; ChEMBL; GuideToPharmacology,1.02360389331148,""
IL2RA,ANTI-TAC 90 Y-HAT,FALSE,binder,ChEMBL,1.02360389331148,""
IL2RA,GARLIC,FALSE,"",NCI,0.204720778662296,10737264
IL2RA,DIDANOSINE,TRUE,"",NCI,0.146229127615926,1774603
IL2RA,HUMAN THYMOSIN-FRACTION 5,FALSE,"",NCI,1.02360389331148,3090550
IL2RA,THYROXINE,FALSE,"",NCI,0.170600648885247,15068404
IL2RA,"FARNESYLTRANSFERASE/GERANYLGERANYLTRANSFERASE INHIBITOR L-778,123",FALSE,"",NCI,2.04720778662296,15528977
IL2RA,IL-2/9/15 GAMMA CHAIN RECEPTOR INHIBITOR BNZ-1,FALSE,"",TTD,0.25590097332787,""
IL2RA,CLADRIBINE,TRUE,"",NCI,0.136480519108197,9619876
MGLL,ABX-1431,FALSE,"",TTD,8.70063309314759,""
MGLL,ELCUBRAGISTAT,FALSE,inhibitor,ChEMBL,8.70063309314759,""
MGLL,OCTHILINONE,FALSE,"",DTC,17.4012661862952,22056744
MGLL,URB597,FALSE,"",DTC,3.48025323725904,19232787
MGLL,CHEMBL:CHEMBL565711,FALSE,"",DTC,17.4012661862952,19583260
MGLL,CHEMBL:CHEMBL76012,FALSE,"",DTC,8.70063309314759,19583260
KAT2B,CHEMBL:CHEMBL1797708,FALSE,"",DTC,3.86694804139893,21292492
KAT2B,CHEMBL:CHEMBL1797709,FALSE,"",DTC,11.6008441241968,21292492
KAT2B,ANACARDIC ACID,FALSE,"",DTC,1.65726344631383,20655754
KAT2B,CHEMBL:CHEMBL404916,FALSE,"",DTC,8.70063309314759,18434144; 21292492
KAT2B,TRIAZOLAM,TRUE,"",DTC,0.351540731036266,22137933
KAT2B,CHEMBL:CHEMBL1797711,FALSE,"",DTC,5.80042206209839,21292492
KAT2B,CHEMBL:CHEMBL1797707,FALSE,"",DTC,3.86694804139893,21292492
KAT2B,CHEMBL:CHEMBL416038,FALSE,"",DTC,3.86694804139893,20655754
KAT2B,CHEMBL:CHEMBL257748,FALSE,"",DTC,3.86694804139893,21292492
AR,ENOBOSARM,FALSE,modulator,DTC; ChEMBL; TdgClinicalTrial,0.232274965779246,21506597
AR,SULISOBENZONE,TRUE,"",DTC,0.0290343707224057,""
AR,RITANSERIN,FALSE,"",DTC,0.00263948824749143,""
AR,INDOCATE,FALSE,"",DTC,0.0290343707224057,""
AR,DITHIODIMORPHOLINE,FALSE,"",DTC,0.0580687414448115,""
AR,CHENODEOXYCHOLIC ACID,TRUE,"",DTC,0.00580687414448115,""
AR,CALCIPOTRIENE,TRUE,"",DTC,0.0145171853612029,""
AR,DICYCLOHEXYLCARBODIIMIDE,FALSE,"",DTC,0.0145171853612029,""
AR,NOCODAZOLE,FALSE,"",DTC,0.00241953089353381,""
AR,CHEMBL:CHEMBL375971,FALSE,"",DTC,0.0580687414448115,""
AR,CHEMBL:CHEMBL84472,FALSE,"",DTC,0.0290343707224057,""
AR,CHEMBL:CHEMBL593110,FALSE,"",DTC,0.0580687414448115,""
AR,"D(CH2)5[D-ILE2,ILE4,ALA-NH29]AVP",FALSE,inhibitor,GuideToPharmacology,0.0193562471482705,""
AR,BICALUTAMIDE,TRUE,inhibitor,CGI; TEND; TdgClinicalTrial; ChEMBL; TTD; DTC; CIViC,0.0638756155892926,21050768; 20381361; 23017882; 22175694
AR,TRIPHENYLSTANNANOL,FALSE,"",DTC,0.0116137482889623,""
AR,CHEMBL:CHEMBL297304,FALSE,"",DTC,0.0038712494296541,""
AR,NANDROLONE DECANOATE,TRUE,agonist,ChEMBL; TTD; DTC; TdgClinicalTrial; TEND,0.0967812357413525,""
AR,HALOPERIDOL DECANOATE,TRUE,"",DTC,0.00076406238743173,""
AR,TRIPHENYLSTANNYL ACETATE,FALSE,"",DTC,0.0145171853612029,""
AR,DICHLOROPHEN,FALSE,"",DTC,0.00322604119137842,""
AR,ANECORTAVE ACETATE,FALSE,"",DTC,0.0580687414448115,""
AR,MICHLER'S KETONE,FALSE,"",DTC,0.00645208238275683,""
AR,MEZLOCILLIN,FALSE,"",DTC,0.0580687414448115,""
AR,CILNIDIPINE,FALSE,"",DTC,0.00829553449211593,""
AR,NAPROPAMIDE,FALSE,"",DTC,0.0580687414448115,""
AR,FENAMIDONE,FALSE,"",DTC,0.0290343707224057,""
AR,PIRETANIDE,FALSE,"",DTC,0.00967812357413525,""
AR,DISULFIRAM,TRUE,"",DTC,0.00135043584755375,""
AR,TOLUIC ACID,FALSE,"",DTC,0.0580687414448115,""
AR,TEBUCONAZOLE,FALSE,"",DTC,0.0290343707224057,""
AR,LIRANAFTATE,FALSE,"",DTC,0.0290343707224057,""
AR,HYMECROMONE,FALSE,"",DTC,0.0116137482889623,""
AR,LOTEPREDNOL,TRUE,"",DTC,0.0145171853612029,""
AR,TROPOLONE,TRUE,"",DTC,0.0580687414448115,""
AR,AMDINOCILLIN,TRUE,"",DTC,0.0580687414448115,""
AR,CARBOSULFAN,FALSE,"",DTC,0.0580687414448115,""
AR,TRIFORINE,FALSE,"",DTC,0.0580687414448115,""
AR,FURAZABOL,FALSE,"",DTC,0.0290343707224057,""
AR,SPIRAMIDE,FALSE,"",DTC,0.0193562471482705,""
AR,OXAPIUM IODIDE,FALSE,"",DTC,0.0580687414448115,""
AR,RIFAMPIN,TRUE,"",DTC,0.00207388362302898,""
AR,"[TBAA1,D-TYR(ET)2,VAL4,LYS6,ARG-NH28,DES-GLY9]AVP",FALSE,inhibitor,GuideToPharmacology,0.0193562471482705,""
AR,VINCLOZOLIN,FALSE,"",DTC,0.0580687414448115,""
AR,ORTHO-PHTHALALDEHYDE,FALSE,"",DTC,0.00967812357413525,""
AR,OXYPHENISATIN,FALSE,"",DTC,0.0580687414448115,""
AR,GEMCITABINE,TRUE,"",DTC,0.000631181972226212,""
AR,FLUOROSALAN,FALSE,"",DTC,0.0193562471482705,""
AR,PRUXELUTAMIDE,FALSE,inhibitor,ChEMBL,0.0290343707224057,""
AR,CLOMIPRAMINE HYDROCHLORIDE,TRUE,"",DTC,0.0193562471482705,""
AR,DUTASTERIDE,TRUE,"",DTC,0.0145171853612029,""
AR,CHEMBL:CHEMBL81782,FALSE,"",DTC,0.00483906178706762,""
AR,DASATINIB ANHYDROUS,TRUE,"",DTC,0.00076406238743173,""
AR,OXANDROLONE,TRUE,agonist,TTD; TEND; ChEMBL; TdgClinicalTrial,0.116137482889623,""
AR,[3H]D[CHA4]AVP,FALSE,agonist,GuideToPharmacology,0.0580687414448115,""
AR,NORETHINDRONE,TRUE,"",DTC,0.00580687414448115,""
AR,ROCURONIUM BROMIDE,TRUE,"",DTC,0.00967812357413525,""
AR,GRAMICIDIN S,FALSE,"",DTC,0.0580687414448115,""
AR,METHYLTESTOSTERONE,TRUE,agonist,DTC; ChEMBL; TdgClinicalTrial,0.0290343707224057,""
AR,GALETERONE,FALSE,inhibitor,TTD; TdgClinicalTrial; ChEMBL; DTC,0.0725859268060144,23713567
AR,EFONIDIPINE,FALSE,"",DTC,0.0290343707224057,""
AR,ANDROSTENEDIONE,FALSE,"",DTC,0.00580687414448115,""
AR,CHEMBL:CHEMBL480626,FALSE,"",DTC,0.0145171853612029,""
AR,CANRENOATE POTASSIUM,TRUE,"",DTC,0.0290343707224057,""
AR,SALINAZID,FALSE,"",DTC,0.0145171853612029,""
AR,REPAGLINIDE,TRUE,"",DTC,0.00414776724605796,""
AR,CHLORALIN,FALSE,"",DTC,0.0580687414448115,""
AR,PREDNISONE,TRUE,"",DTC,0.00129041647655137,""
AR,AMPIROXICAM,FALSE,"",DTC,0.0290343707224057,""
AR,NEFAZODONE HYDROCHLORIDE,TRUE,"",DTC,0.00967812357413525,""
AR,MIRISTALKONIUM CHLORIDE,FALSE,"",DTC,0.0580687414448115,""
AR,ESTRADIOL CYPIONATE,TRUE,"",DTC,0.0290343707224057,""
AR,DIBENZOYLMETHANE,FALSE,"",DTC,0.0145171853612029,""
AR,NORGESTREL,TRUE,"",DTC,0.00967812357413525,""
AR,TOLYLFLUANID,FALSE,"",DTC,0.0580687414448115,""
AR,BROMUCONAZOLE,FALSE,"",DTC,0.0580687414448115,""
AR,CARBOQUONE,FALSE,"",DTC,0.0193562471482705,""
AR,VATALANIB,FALSE,"",DTC,0.00322604119137842,""
AR,NILUTAMIDE,TRUE,inhibitor,TdgClinicalTrial; DTC; CIViC; TTD; TEND; ChEMBL,0.0348412448668869,""
AR,MELENGESTROL ACETATE,TRUE,"",DTC,0.0193562471482705,""
AR,"[PHAA1,D-TYR(ET)2,LYS6,DES-GLY9]AVP",FALSE,inhibitor,GuideToPharmacology,0.0193562471482705,""
AR,MELPHALAN,TRUE,"",DTC,0.00290343707224057,""
AR,FLUSPIRILENE,TRUE,"",DTC,0.00263948824749143,""
AR,TOREMIFENE,TRUE,"",DTC,0.0044668262649855,""
AR,DROMOSTANOLONE,TRUE,agonist,TdgClinicalTrial; ChEMBL; TTD; TEND,0.116137482889623,""
AR,EQUILIN,FALSE,"",DTC,0.0145171853612029,""
AR,CHEMBL:CHEMBL118280,FALSE,"",DTC,0.0580687414448115,""
AR,MOCLOBEMIDE,TRUE,"",DTC,0.0116137482889623,""
AR,FLUOCINOLONE ACETONIDE,TRUE,"",DTC,0.0116137482889623,""
AR,BRUCINE,FALSE,"",DTC,0.0580687414448115,""
AR,CHEMBL:CHEMBL333177,FALSE,"",DTC,0.0193562471482705,""
AR,CHEMBL:CHEMBL423081,FALSE,"",DTC,0.0290343707224057,""
AR,CELECOXIB,TRUE,"",DTC,0.000866697633504649,""
AR,TRITON X,FALSE,"",DTC,0.0193562471482705,""
AR,PYRIPROXYFEN,FALSE,"",DTC,0.0290343707224057,""
AR,TIOCONAZOLE,TRUE,"",DTC,0.0580687414448115,""
AR,TIBOLONE,FALSE,"",DTC,0.0193562471482705,""
AR,MONATEPIL,FALSE,"",DTC,0.0580687414448115,""
AR,MESTRANOL,TRUE,"",DTC,0.00645208238275683,""
AR,EPITIOSTANOL,FALSE,"",DTC,0.0580687414448115,""
AR,GLPG0492,FALSE,modulator,TdgClinicalTrial; TTD; ChEMBL,0.174206224334434,""
AR,PYRIMETHAMINE,TRUE,"",DTC,0.00527897649498286,""
AR,BECLOMETHASONE DIPROPIONATE,TRUE,"",DTC,0.00580687414448115,""
AR,ZOXAMIDE,FALSE,"",DTC,0.0580687414448115,""
AR,ESTRAMUSTINE,TRUE,"",DTC,0.00527897649498286,""
AR,TETRAMETHRIN,FALSE,"",DTC,0.0580687414448115,""
AR,DITHIANON,FALSE,"",DTC,0.0580687414448115,""
AR,CHLORDANE,FALSE,"",DTC,0.00967812357413525,""
AR,NITROSCANATE,FALSE,"",DTC,0.0580687414448115,""
AR,CYPROTERONE,TRUE,"",DTC; TEND; TdgClinicalTrial; TTD,0.0331821379684637,""
AR,AMSACRINE HYDROCHLORIDE,FALSE,"",DTC,0.00580687414448115,""
AR,NONIVAMIDE,TRUE,"",DTC,0.0116137482889623,""
AR,METHIDATHION,FALSE,"",DTC,0.0580687414448115,""
AR,TESTOSTERONE PROPIONATE,TRUE,agonist,DTC; ChEMBL,0.0145171853612029,""
AR,FLUTAMIDE,TRUE,inhibitor,TTD; DTC; TEND; TdgClinicalTrial; CGI; ChEMBL; CIViC,0.020324059505684,""
AR,CHEMBL:CHEMBL1521156,FALSE,"",DTC,0.0290343707224057,""
AR,NITROFEN,FALSE,"",DTC,0.0290343707224057,""
AR,APALUTAMIDE,TRUE,inhibitor,TdgClinicalTrial; CIViC; CGI; TTD; ChEMBL,0.145171853612029,""
AR,SIROLIMUS,TRUE,"",DTC,0.00100118519732433,""
AR,CHEMBL:CHEMBL329673,FALSE,"",DTC,0.00527897649498286,""
AR,BARDOXOLONE METHYL,FALSE,"",DTC,0.00725859268060144,""
AR,HE3235,FALSE,modulator,ChEMBL; TdgClinicalTrial,0.0580687414448115,""
AR,CALCITRIOL,TRUE,"",DTC,0.00483906178706762,""
AR,MASOPROCOL,TRUE,"",DTC,0.0024710102742473,22047606
AR,BENZOFURAN,FALSE,"",DTC,0.0193562471482705,""
AR,TILIQUINOL,FALSE,"",DTC,0.0290343707224057,""
AR,SYROSINGOPINE,FALSE,"",DTC,0.0145171853612029,""
AR,"TRIS(2,3-DIBROMOPROPYL)PHOSPHATE",FALSE,"",DTC,0.0193562471482705,""
AR,CLOTRIMAZOLE,TRUE,"",DTC,0.00156942544445436,""
AR,ABIRATERONE ACETATE,TRUE,inhibitor,ChEMBL; CGI; CIViC,0.0124433017381739,""
AR,IOPAMIDOL,TRUE,"",DTC,0.0580687414448115,""
AR,BIFENAZATE,FALSE,"",DTC,0.0193562471482705,""
AR,DIFLOXACIN HYDROCHLORIDE,FALSE,"",DTC,0.0580687414448115,""
AR,CHEMBL:CHEMBL458602,FALSE,"",DTC,0.0290343707224057,""
AR,CHEMBL:CHEMBL184450,FALSE,"",DTC,0.00414776724605796,""
AR,NITRALIN,FALSE,"",DTC,0.0580687414448115,""
AR,RESVERATROL,TRUE,"",DTC,0.00118507635601656,""
AR,HPTE,FALSE,"",DTC,0.0193562471482705,""
AR,PALMATINE CHLORIDE HYDRATE,FALSE,"",DTC,0.0580687414448115,""
AR,PYRIDOSTIGMINE BROMIDE,TRUE,"",DTC,0.0290343707224057,""
AR,SODIUM DIMETHYLCARBAMODITHIOATE,FALSE,"",DTC,0.0580687414448115,""
AR,CALCIUM PANTOTHENATE,TRUE,"",DTC,0.0580687414448115,""
AR,PIPERONAL,TRUE,"",DTC,0.0580687414448115,""
AR,OXENDOLONE,FALSE,"",DTC,0.0290343707224057,""
AR,D[D-PAL2]AVP,FALSE,agonist,GuideToPharmacology,0.0193562471482705,""
AR,TRIAMCINOLONE,TRUE,"",DTC,0.00252472788890485,""
AR,CHEMBL:CHEMBL1873684,FALSE,"",DTC,0.0193562471482705,""
AR,FLUDROCORTISONE,TRUE,"",DTC; TTD,0.0580687414448115,""
AR,CYPRODINIL,FALSE,"",DTC,0.0193562471482705,""
AR,DESOGESTREL,TRUE,"",DTC,0.0145171853612029,""
AR,DICHLOROXYLENOL,FALSE,"",DTC,0.0580687414448115,""
AR,TOMATINE,FALSE,"",DTC,0.0580687414448115,""
AR,DINOTERB,FALSE,"",DTC,0.0580687414448115,""
AR,NORTRIPTYLINE HYDROCHLORIDE,TRUE,"",DTC,0.00967812357413525,""
AR,VANOXERINE,FALSE,"",DTC,0.00290343707224057,""
AR,FLUTOLANIL,FALSE,"",DTC,0.0580687414448115,""
AR,CHEMBL:CHEMBL1436543,FALSE,"",DTC,0.0290343707224057,""
AR,FLUORODIFEN,FALSE,"",DTC,0.0193562471482705,""
AR,LIMONIN,FALSE,"",DTC,0.0580687414448115,""
AR,FENCHLORAZOL-ETHYL,FALSE,"",DTC,0.0580687414448115,""
AR,BENORILATE,TRUE,"",DTC,0.0580687414448115,""
AR,ATROPINE METHYLBROMIDE,FALSE,"",DTC,0.0580687414448115,""
AR,ALDOSTERONE,FALSE,"",DTC,0.00967812357413525,""
AR,MIBEFRADIL DIHYDROCHLORIDE,TRUE,"",DTC,0.00829553449211593,""
AR,TRICLOSAN,TRUE,"",DTC,0.00967812357413525,""
AR,DEVAZEPIDE,FALSE,"",DTC,0.0290343707224057,""
AR,"D(CH2)5[TYR(ME)2,THR4,PHE(3I,4N3)-NH29]OVT",FALSE,inhibitor,GuideToPharmacology,0.0145171853612029,""
AR,HEPTANE,TRUE,"",DTC,0.0580687414448115,""
AR,[3H]NELIVAPTAN,FALSE,inhibitor,GuideToPharmacology,0.0580687414448115,""
AR,METHENOLONE ENANTHATE,FALSE,"",DTC,0.0580687414448115,""
AR,OCTAVERINE,FALSE,"",DTC,0.0290343707224057,""
AR,PITAVASTATIN CALCIUM,TRUE,"",DTC,0.0290343707224057,""
AR,RETINYL ACETATE,FALSE,"",DTC,0.00725859268060144,""
AR,DIHYDROTESTOSTERONE,FALSE,"",TTD; NCI,0.0348412448668869,12500968
AR,CLOSTEBOL,FALSE,"",DTC,0.0580687414448115,""
AR,FLUROCHLORIDONE,FALSE,"",DTC,0.0580687414448115,""
AR,ESTRADIOL PHOSPHATE,FALSE,"",DTC,0.0580687414448115,""
AR,DIFLUPREDNATE,TRUE,"",DTC,0.0145171853612029,""
AR,ALLANTOIN,TRUE,"",DTC,0.0580687414448115,""
AR,CHEMBL:CHEMBL609570,FALSE,"",DTC,0.0290343707224057,""
AR,BENAZEPRIL HYDROCHLORIDE,TRUE,"",DTC,0.0290343707224057,""
AR,ASTEMIZOLE,TRUE,"",DTC,0.00362929634030072,""
AR,ESTRADIOL VALERATE,TRUE,"",DTC,0.00123550513712365,""
AR,INDINAVIR SULFATE,TRUE,"",DTC,0.0193562471482705,""
AR,2-ACETYLAMINOFLUORENE,FALSE,"",DTC,0.0290343707224057,""
AR,ZERANOL,FALSE,"",DTC,0.00829553449211593,""
AR,RALOXIFENE HYDROCHLORIDE,TRUE,"",DTC,0.00116137482889623,""
AR,NIFEDIPINE,TRUE,"",DTC,0.00103694181151449,""
AR,PYRITHIONE SODIUM,FALSE,"",DTC,0.0290343707224057,""
AR,TEMEFOS,FALSE,"",DTC,0.0193562471482705,""
AR,CHLOROPHACINONE,FALSE,"",DTC,0.0290343707224057,""
AR,CHEMBL:CHEMBL561679,FALSE,"",DTC,0.0580687414448115,""
AR,BUNAMIDINE HYDROCHLORIDE,FALSE,"",DTC,0.0580687414448115,""
AR,EXALAMIDE,FALSE,"",DTC,0.0580687414448115,""
AR,TOFISOPAM,FALSE,"",DTC,0.0580687414448115,""
AR,GRISEOFULVIN,TRUE,"",DTC,0.0145171853612029,""
AR,GENTIAN VIOLET CATION,TRUE,"",DTC,0.00305624954972692,""
AR,ARGIPRESSIN,TRUE,agonist,GuideToPharmacology,0.00223341313249275,""
AR,IODOCARB,FALSE,"",DTC,0.0580687414448115,""
AR,PHENYLETHYL ALCOHOL,TRUE,"",DTC,0.0580687414448115,""
AR,DODINE,FALSE,"",DTC,0.0580687414448115,""
AR,DICOFOL,FALSE,"",DTC,0.0290343707224057,""
AR,CHLORBROMURON,FALSE,"",DTC,0.0580687414448115,""
AR,CHEMBL:CHEMBL224318,FALSE,"",DTC,0.0193562471482705,""
AR,BENFURACARB,FALSE,"",DTC,0.0580687414448115,""
AR,CYCLANDELATE,TRUE,"",DTC,0.0580687414448115,""
AR,LANATOSIDE C,TRUE,"",DTC,0.0038712494296541,""
AR,AMLEXANOX,TRUE,"",DTC,0.0044668262649855,""
AR,TESTOSTERONE BUCYCLATE,FALSE,"",TTD,0.0580687414448115,""
AR,SULFACARBAMIDE,TRUE,"",DTC,0.0580687414448115,""
AR,HOMIDIUM BROMIDE,FALSE,"",DTC,0.00200237039464867,""
AR,FLUOXYMESTERONE,TRUE,agonist,ChEMBL; TdgClinicalTrial; TTD; DTC; TEND,0.0725859268060144,""
AR,VINDESINE SULFATE,FALSE,"",DTC,0.0580687414448115,""
AR,THIOGUANINE,TRUE,"",DTC,0.00175965883166095,""
AR,HEXACHLOROPHENE,TRUE,"",DTC,0.00141631076694662,""
AR,DESONIDE,TRUE,"",DTC,0.0193562471482705,""
AR,DACTOLISIB,FALSE,"",CIViC,0.00120976544676691,""
AR,CLASCOTERONE,TRUE,inhibitor,TdgClinicalTrial; TTD; ChEMBL,0.0871031121672172,""
AR,MEGESTROL ACETATE,TRUE,"",DTC,0.00725859268060144,""
AR,AZARIBINE,TRUE,"",DTC,0.0145171853612029,""
AR,MILBEMYCIN A4,FALSE,"",DTC,0.0580687414448115,""
AR,TRIPARANOL,TRUE,"",DTC,0.0145171853612029,""
AR,METHYLPREDNISOLONE ACETATE,FALSE,"",DTC,0.0290343707224057,""
AR,DIBUTYLDICHLOROSTANNANE,FALSE,"",DTC,0.0116137482889623,""
AR,METHYLPREDNISOLONE SODIUM SUCCINATE,TRUE,"",DTC,0.0290343707224057,""
AR,"[PHAA1,D-TYR2,VAL4,ARG6,ARG-NH29]AVP",FALSE,inhibitor,GuideToPharmacology,0.0193562471482705,""
AR,LASALOCID A SODIUM,FALSE,"",DTC,0.00645208238275683,""
AR,BUFOGENIN,FALSE,"",DTC,0.0145171853612029,""
AR,BENSULIDE,FALSE,"",DTC,0.0290343707224057,""
AR,PHENYLARSINE OXIDE,FALSE,"",DTC,0.0290343707224057,""
AR,TRELANSERIN,FALSE,"",DTC,0.0193562471482705,""
AR,TRIPHENYL PHOSPHATE,FALSE,"",DTC,0.0290343707224057,""
AR,VALNEMULIN,FALSE,"",DTC,0.0580687414448115,""
AR,4-AMINOPHENOL,TRUE,"",DTC,0.00725859268060144,""
AR,ETHYNODIOL DIACETATE,TRUE,"",DTC,0.0145171853612029,""
AR,AMIODARONE HYDROCHLORIDE,TRUE,"",DTC,0.00223341313249275,""
AR,ETHYLESTRENOL,TRUE,agonist,TTD; DTC; ChEMBL,0.0580687414448115,""
AR,ALEXIDINE DIHYDROCHLORIDE,FALSE,"",DTC,0.0145171853612029,""
AR,D[LEU4]LVP,FALSE,agonist,GuideToPharmacology,0.0580687414448115,""
AR,CARBAMAZEPINE,TRUE,"",DTC,0.00118507635601656,""
AR,MAPROTILINE HYDROCHLORIDE,TRUE,"",DTC,0.00829553449211593,""
AR,PIMOZIDE,TRUE,"",DTC,0.00170790416014151,""
AR,ALPHA-TOCOPHEROL ACETATE,TRUE,"",DTC,0.0290343707224057,""
AR,LAUROCAPRAM,TRUE,"",DTC,0.0580687414448115,""
AR,HYDROCORTISONE BUTYRATE,TRUE,"",DTC,0.00138258908201932,""
AR,BROQUINALDOL,FALSE,"",DTC,0.0290343707224057,""
AR,SPIPERONE,FALSE,"",DTC,0.00305624954972692,""
AR,MALTOTRIOSE,FALSE,"",DTC,0.0580687414448115,""
AR,PRAZOSIN,TRUE,"",DTC,0.0038712494296541,""
AR,DIMETHOMORPH,FALSE,"",DTC,0.0580687414448115,""
AR,NITROXOLINE,FALSE,"",DTC,0.0044668262649855,""
AR,STANOZOLOL,TRUE,agonist,ChEMBL,0.0193562471482705,""
AR,OSATERONE ACETATE,FALSE,inhibitor,ChEMBL,0.0580687414448115,""
AR,ARGIPRESTOCIN,FALSE,agonist,GuideToPharmacology,0.0145171853612029,""
AR,BIAPENEM,FALSE,"",DTC,0.0580687414448115,""
AR,"[PHAA1,D-TYR(ET)2,VAL4,LYS6,TYR-NH28,DES-GLY9]AVP",FALSE,inhibitor,GuideToPharmacology,0.0193562471482705,""
AR,APLAVIROC HYDROCHLORIDE,FALSE,"",DTC,0.0290343707224057,""
AR,HEXACONAZOLE,FALSE,"",DTC,0.0580687414448115,""
AR,DIBEKACIN,FALSE,"",DTC,0.0580687414448115,""
AR,GLPG-0492,FALSE,"",TTD,0.0580687414448115,""
AR,PENFLURIDOL,FALSE,"",DTC,0.0193562471482705,""
AR,ISOFLUPREDONE ACETATE,FALSE,"",DTC,0.0290343707224057,""
AR,ESTRIOL,TRUE,"",DTC,0.0145171853612029,""
AR,TRIAMCINOLONE DIACETATE,TRUE,"",DTC,0.0290343707224057,""
AR,FEBANTEL,TRUE,"",DTC,0.0290343707224057,""
AR,BATILOL,FALSE,"",DTC,0.0580687414448115,""
AR,FERBAM,FALSE,"",DTC,0.0290343707224057,""
AR,PYRVINIUM PAMOATE,TRUE,"",DTC,0.0580687414448115,""
AR,CHEMBL:CHEMBL595911,FALSE,"",DTC,0.0580687414448115,""
AR,DESERPIDINE,TRUE,"",DTC,0.0145171853612029,""
AR,PUROMYCIN HYDROCHLORIDE,FALSE,"",DTC,0.0580687414448115,""
AR,OCTYL_GALLATE,FALSE,"",DTC,0.0290343707224057,""
AR,TANSHINONE IIA,FALSE,"",DTC,0.008933652529971,22175694
AR,CHEMBL:CHEMBL83159,FALSE,"",DTC,0.0580687414448115,""
AR,ETHOFUMESATE,FALSE,"",DTC,0.0580687414448115,""
AR,OCTOCRYLENE,TRUE,"",DTC,0.0580687414448115,""
AR,TRENBOLONE ACETATE,TRUE,"",DTC,0.0580687414448115,""
AR,MIRIPIRIUM CHLORIDE,FALSE,"",DTC,0.0580687414448115,""
AR,FLUDIOXONIL,FALSE,"",DTC,0.0193562471482705,""
AR,CHLORHEXIDINE GLUCONATE,TRUE,"",DTC,0.00305624954972692,""
AR,CEFONICID SODIUM,TRUE,"",DTC,0.0580687414448115,""
AR,PARAOXON,FALSE,"",DTC,0.0580687414448115,""
AR,HEXESTROL,FALSE,"",DTC,0.00967812357413525,""
AR,PROCHLORAZ,FALSE,"",DTC,0.0193562471482705,""
AR,AZD3514,FALSE,modulator,TTD; ChEMBL,0.0580687414448115,""
AR,CHEMBL:CHEMBL135115,FALSE,"",DTC,0.0580687414448115,""
AR,ANDROGEN RECEPTOR ANTISENSE OLIGONUCLEOTIDE AZD5312,FALSE,"",TTD,0.0580687414448115,""
AR,PREDNISOLONE,TRUE,"",DTC,0.00207388362302898,""
AR,DIMETHISOQUIN HYDROCHLORIDE,FALSE,"",DTC,0.0580687414448115,""
AR,CRIDANIMOD,FALSE,"",DTC,0.0145171853612029,""
AR,FIDUXOSIN HYDROCHLORIDE,FALSE,"",DTC,0.00967812357413525,""
AR,PACLITAXEL,TRUE,"",DTC,0.000527897649498286,""
AR,EMETINE HYDROCHLORIDE,FALSE,"",DTC,0.0290343707224057,""
AR,DIGITOXIN,TRUE,"",DTC,0.00305624954972692,""
AR,PERHEXILINE MALEATE,TRUE,"",DTC,0.00527897649498286,""
AR,DIETHYLCARBAMAZINE CITRATE,TRUE,"",DTC,0.0116137482889623,""
AR,ALACHLOR,FALSE,"",DTC,0.0193562471482705,""
AR,KRESOXIM-METHYL,FALSE,"",DTC,0.0193562471482705,""
AR,SERTINDOLE,TRUE,"",DTC,0.00276517816403864,""
AR,CARUBICIN,FALSE,"",DTC,0.00645208238275683,""
AR,CHEMBL:CHEMBL77675,FALSE,"",DTC,0.0145171853612029,""
AR,CR 1447,FALSE,agonist,ChEMBL,0.0290343707224057,""
AR,DACTINOMYCIN,TRUE,"",DTC,0.00165910689842319,""
AR,ALL-TRANS-RETINAL,FALSE,"",DTC,0.00829553449211593,""
AR,CHEMBL:CHEMBL539954,FALSE,"",DTC,0.0580687414448115,""
AR,IDEBENONE,TRUE,"",DTC,0.0145171853612029,""
AR,PROPYLPARABEN,TRUE,"",DTC,0.0116137482889623,""
AR,CHLORMIDAZOLE,FALSE,"",DTC,0.0193562471482705,""
AR,CITICOLINE SODIUM,FALSE,"",DTC,0.0290343707224057,""
AR,PREDNICARBATE,TRUE,"",DTC,0.0145171853612029,""
AR,PAZOPANIB,TRUE,"",DTC,0.00101874984990897,""
AR,METHYL YELLOW,FALSE,"",DTC,0.0290343707224057,""
AR,RHODAMINE,FALSE,"",DTC,0.0580687414448115,""
AR,SPARFLOXACIN,TRUE,"",DTC,0.0193562471482705,""
AR,ALPHA-TERTHIENYL,FALSE,"",DTC,0.0145171853612029,""
AR,MIDAZOLAM HYDROCHLORIDE,TRUE,"",DTC,0.00161302059568921,""
AR,PROBENECID,TRUE,"",DTC,0.00527897649498286,""
AR,BUTACHLOR,FALSE,"",DTC,0.0290343707224057,""
AR,NARASIN,FALSE,"",DTC,0.0580687414448115,""
AR,WHILE OLIVETOL,FALSE,"",DTC,0.0193562471482705,""
AR,LY2452473,FALSE,modulator,ChEMBL,0.0580687414448115,""
AR,CHEMBL:CHEMBL259327,FALSE,"",DTC,0.0193562471482705,""
AR,DIMETHYLCURCUMIN,FALSE,cleavage,ChEMBL,0.0116137482889623,""
AR,ROTENONE,FALSE,"",DTC,0.00414776724605796,""
AR,PENCYCURON,FALSE,"",DTC,0.0580687414448115,""
AR,ORYZALIN,FALSE,"",DTC,0.0193562471482705,""
AR,ETHINYL ESTRADIOL,TRUE,"",DTC,0.00290343707224057,""
AR,RELCOVAPTAN,FALSE,inhibitor,GuideToPharmacology,0.00645208238275683,""
AR,PENCONAZOLE,FALSE,"",DTC,0.0580687414448115,""
AR,ATROPINE,TRUE,"",DTC,0.00341580832028303,""
AR,DIPYRITHIONE,FALSE,"",DTC,0.00967812357413525,""
AR,ETHACRYNIC ACID,TRUE,"",DTC,0.00362929634030072,""
AR,ENZALUTAMIDE,TRUE,inhibitor,TTD; CIViC; TdgClinicalTrial; CGI; CancerCommons; DTC; ChEMBL,0.0290343707224057,25634130
AR,MITOXANTRONE HYDROCHLORIDE,TRUE,"",DTC,0.00181464817015036,""
AR,DEXAMETHASONE VALARATE,FALSE,"",DTC,0.0580687414448115,""
AR,BENZETHONIUM CHLORIDE,TRUE,"",DTC,0.00362929634030072,""
AR,CANNABINOL,FALSE,"",DTC,0.0193562471482705,""
AR,AZELNIDIPINE,FALSE,"",DTC,0.00967812357413525,""
AR,DRONEDARONE,TRUE,"",DTC,0.00645208238275683,""
AR,BERBERINE CHLORIDE,FALSE,"",DTC,0.00725859268060144,""
AR,DYCLONINE HYDROCHLORIDE,TRUE,"",DTC,0.00362929634030072,""
AR,NICARDIPINE,TRUE,"",DTC,0.00362929634030072,""
AR,METHYLENE BLUE,FALSE,"",DTC,0.00645208238275683,""
AR,NITROFURAZONE,TRUE,"",DTC,0.0193562471482705,""
AR,SAQUINAVIR MESYLATE,TRUE,"",DTC,0.00645208238275683,""
AR,ALFATRADIOL,FALSE,"",DTC,0.0290343707224057,""
AR,CETRIMONIUM BROMIDE,TRUE,"",DTC,0.0116137482889623,""
AR,THIRAM,FALSE,"",DTC,0.00252472788890485,""
AR,ANETHOLE TRITHIONE,FALSE,"",DTC,0.0145171853612029,""
AR,ETHINYLESTRADIOL/DROSPIRENONE/PRASTERONE,FALSE,"",TTD,0.0193562471482705,""
AR,FLUNISOLIDE ANHYDROUS,TRUE,"",DTC,0.00527897649498286,""
AR,ANDROSTENEDIOL,FALSE,"",DTC,0.0580687414448115,""
AR,MONENSIN SODIUM,FALSE,"",DTC,0.0580687414448115,""
AR,CICLOPIROX OLAMINE,TRUE,"",DTC,0.0116137482889623,""
AR,TIZANIDINE HYDROCHLORIDE,TRUE,"",DTC,0.00967812357413525,""
AR,DICHLORODIMETHYLSTANNANE,FALSE,"",DTC,0.0290343707224057,""
AR,MEVASTATIN,FALSE,"",DTC,0.0145171853612029,""
AR,HALOBETASOL,TRUE,"",DTC,0.0193562471482705,""
AR,AZACITIDINE,TRUE,"",DTC,0.00145171853612029,""
AR,CHLORANIL,FALSE,"",DTC,0.0038712494296541,""
AR,DOMIPHEN BROMIDE,FALSE,"",DTC,0.00829553449211593,""
AR,PHENOXYCARB,FALSE,"",DTC,0.0290343707224057,""
AR,"3,3',4',5-TETRACHLOROSALICYLANILIDE",TRUE,"",DTC,0.0580687414448115,""
AR,TEBUFENPYRAD,FALSE,"",DTC,0.0290343707224057,""
AR,TESTOSTERONE ENANTHATE,TRUE,agonist,ChEMBL,0.0290343707224057,""
AR,FLUOXETINE HYDROCHLORIDE,TRUE,"",DTC,0.00207388362302898,""
AR,CHLOROBENZILATE,FALSE,"",DTC,0.0580687414448115,""
AR,CAPTAN,FALSE,"",DTC,0.0044668262649855,""
AR,FLUAZINAM,FALSE,"",DTC,0.0116137482889623,""
AR,CHEMBL:CHEMBL1099140,FALSE,"",DTC,0.116137482889623,20381361
AR,LORACARBEF,TRUE,"",DTC,0.0580687414448115,""
AR,FLUROGESTONE ACETATE,FALSE,"",DTC,0.0580687414448115,""
AR,MEDROXYPROGESTERONE ACETATE,TRUE,"",DTC,0.00580687414448115,""
AR,CHOLECALCIFEROL,TRUE,"",DTC,0.00483906178706762,""
AR,LACTOFEN,FALSE,"",DTC,0.0290343707224057,""
AR,ALVOCIDIB HYDROCHLORIDE,FALSE,"",DTC,0.0580687414448115,""
AR,CODEINE ANHYDROUS,TRUE,"",DTC,0.00483906178706762,""
AR,MECHLORETHAMINE HYDROCHLORIDE,TRUE,"",DTC,0.00967812357413525,""
AR,AFLOQUALONE,FALSE,"",DTC,0.0580687414448115,""
AR,OH-LVA,FALSE,inhibitor,GuideToPharmacology,0.0193562471482705,""
AR,CETYLPYRIDINIUM BROMIDE,FALSE,"",DTC,0.0044668262649855,""
AR,RIMONABANT,TRUE,"",DTC,0.00645208238275683,""
AR,CETRIMIDE,TRUE,"",DTC,0.0193562471482705,""
AR,ERGOCALCIFEROL,TRUE,"",DTC,0.0145171853612029,""
AR,CHEMBL:CHEMBL610767,FALSE,"",DTC,0.0290343707224057,""
AR,BETAMETHASONE VALERATE,TRUE,"",DTC,0.0290343707224057,""
AR,CHEMBL:CHEMBL1738937,FALSE,"",DTC,0.116137482889623,22047606
AR,AZOXYSTROBIN,FALSE,"",DTC,0.0290343707224057,""
AR,CHEMBL:CHEMBL1946449,FALSE,"",DTC,0.116137482889623,22148427
AR,"D(CH2)5[D-ILE2,ILE4,ALA-NH2]AVP",FALSE,inhibitor,GuideToPharmacology,0.0193562471482705,""
AR,EVEROLIMUS,TRUE,"",DTC,0.00170790416014151,""
AR,FLUPREDNISOLONE,TRUE,"",DTC,0.0290343707224057,""
AR,CHEMBL:CHEMBL2164761,FALSE,"",DTC,0.0580687414448115,""
AR,SOTALOL,TRUE,"",DTC,0.00414776724605796,""
AR,ETHISTERONE,FALSE,"",DTC,0.0580687414448115,""
AR,NORETHYNODREL,TRUE,"",DTC,0.0290343707224057,""
AR,NELFINAVIR MESYLATE,TRUE,"",DTC,0.00967812357413525,""
AR,MELOXICAM,TRUE,"",DTC,0.00725859268060144,""
AR,ESTRADIOL DIPROPIONATE,FALSE,"",DTC,0.0290343707224057,""
AR,PHENYL SALICYLATE,TRUE,"",DTC,0.0580687414448115,""
AR,DIHYDROERGOCRISTINE,TRUE,"",DTC,0.0145171853612029,""
AR,IPCONAZOLE,FALSE,"",DTC,0.0193562471482705,""
AR,FRENTIZOLE,FALSE,"",DTC,0.00829553449211593,""
AR,DIDANOSINE,TRUE,"",DTC,0.00414776724605796,""
AR,ENDOSULFAN SULFATE,FALSE,"",DTC,0.0580687414448115,""
AR,RUBITECAN,FALSE,"",DTC,0.0290343707224057,""
AR,PROMAZINE HYDROCHLORIDE,TRUE,"",DTC,0.00725859268060144,""
AR,TAMOXIFEN CITRATE,TRUE,"",DTC,0.00305624954972692,""
AR,CETALKONIUM CHLORIDE,TRUE,"",DTC,0.0580687414448115,""
AR,"2,4-DINITROPHENOL",FALSE,"",DTC,0.0145171853612029,""
AR,DODECYL GALLATE,TRUE,"",DTC,0.0580687414448115,""
AR,4-CHLOROMERCURIBENZOIC ACID,FALSE,"",DTC,0.00207388362302898,""
AR,D[LEU4]AVP,FALSE,agonist,GuideToPharmacology,0.0145171853612029,""
AR,PROROXAN,FALSE,"",DTC,0.0145171853612029,""
AR,PHENYLMERCURIC ACETATE,FALSE,"",DTC,0.00290343707224057,""
AR,DOXORUBICIN HYDROCHLORIDE,TRUE,"",DTC,0.000392356361113591,""
AR,NILVADIPINE,FALSE,"",DTC,0.0116137482889623,""
AR,HYDROCORTISONE SODIUM SUCCINATE,TRUE,"",DTC,0.0193562471482705,""
AR,FENBUCONAZOLE,FALSE,"",DTC,0.0290343707224057,""
AR,SPIRONOLACTONE,TRUE,"",DTC,0.00362929634030072,""
AR,DIFLORASONE DIACETATE,TRUE,"",DTC,0.00967812357413525,""
AR,DROSPIRENONE,TRUE,"",TdgClinicalTrial; DTC,0.0290343707224057,""
AR,NORELGESTROMIN,TRUE,"",DTC,0.0193562471482705,""
AR,EFAROXAN,FALSE,"",DTC,0.0193562471482705,""
AR,ESTRADIOL PROPIONATE,FALSE,"",DTC,0.0580687414448115,""
AR,CHEMBL:CHEMBL594772,FALSE,"",DTC,0.0290343707224057,""
AR,BIFONAZOLE,TRUE,"",DTC,0.00527897649498286,""
AR,HALAZONE,FALSE,"",DTC,0.0290343707224057,""
AR,CARBARIL,TRUE,"",DTC,0.00829553449211593,""
AR,ATRACURIUM BESYLATE,TRUE,"",DTC,0.00967812357413525,""
AR,CAMBENDAZOLE,FALSE,"",DTC,0.0290343707224057,""
AR,CHEMBL:CHEMBL225563,FALSE,"",DTC,0.0290343707224057,""
AR,DICHLOROTRIPHENYLBISMUTHANE,FALSE,"",DTC,0.0580687414448115,""
AR,HYDROCORTISONE PROBUTATE,TRUE,"",DTC,0.0290343707224057,""
AR,NITROBLUE TETRAZOLIUM CHLORIDE,FALSE,"",DTC,0.0580687414448115,""
AR,DYDROGESTERONE,TRUE,"",DTC,0.0145171853612029,""
AR,ERGONOVINE,FALSE,"",DTC,0.0145171853612029,""
AR,NIMETAZEPAM,FALSE,"",DTC,0.0580687414448115,""
AR,D[D-PHE2]AVP,FALSE,agonist,GuideToPharmacology,0.0193562471482705,""
AR,QUININE ETHYLCARBONATE,FALSE,"",DTC,0.0580687414448115,""
AR,CHLORAMPHENICOL PALMITATE,TRUE,"",DTC,0.0193562471482705,""
AR,MENADIONE SODIUM BISULPHITE,FALSE,"",DTC,0.0580687414448115,""
AR,ZOMEPIRAC SODIUM,TRUE,"",DTC,0.0193562471482705,""
AR,PERICIAZINE,FALSE,"",DTC,0.0232274965779246,17606915
AR,D[CHA4]AVP,FALSE,agonist,GuideToPharmacology,0.0145171853612029,""
AR,CHEMBL:CHEMBL194881,FALSE,"",DTC,0.0580687414448115,""
AR,CHLORPROMAZINE HYDROCHLORIDE,TRUE,"",DTC,0.00341580832028303,""
AR,BETAMETHASONE BUTYRATE PROPIONATE,FALSE,"",DTC,0.0580687414448115,""
AR,OXYFLUORFEN,FALSE,"",DTC,0.0580687414448115,""
AR,BENOXACOR,FALSE,"",DTC,0.0290343707224057,""
AR,HOMATROPINE HYDROBROMIDE,TRUE,"",DTC,0.0580687414448115,""
AR,CHEMBL:CHEMBL306147,FALSE,"",DTC,0.0580687414448115,""
AR,DIMETHENAMID,FALSE,"",DTC,0.0193562471482705,""
AR,OXYPHENBUTAZONE,TRUE,"",DTC,0.0044668262649855,""
AR,BUPRENORPHINE,TRUE,"",DTC,0.00483906178706762,""
AR,OXYPHENISATIN ACETATE,TRUE,"",DTC,0.0580687414448115,""
AR,NALED,FALSE,"",DTC,0.0145171853612029,""
AR,ZEARALENONE,FALSE,"",DTC,0.0044668262649855,""
AR,DESLANOSIDE,TRUE,"",DTC,0.00580687414448115,""
AR,DIAZEPAM,TRUE,"",DTC,0.00200237039464867,""
AR,MERCURIC IODIDE,FALSE,"",DTC,0.0580687414448115,""
AR,PHENELZINE SULFATE,TRUE,"",DTC,0.00829553449211593,""
AR,OXYQUINOLINE,TRUE,"",DTC,0.0116137482889623,""
AR,ESTRAMUSTINE PHOSPHATE SODIUM,TRUE,"",DTC,0.0290343707224057,""
AR,BORTEZOMIB,TRUE,"",DTC,0.000683161664056606,""
AR,QUIFENADINE,FALSE,"",DTC,0.0580687414448115,""
AR,LGD-4033,FALSE,"",TdgClinicalTrial,0.0580687414448115,""
AR,ESTRONE,TRUE,"",DTC,0.00527897649498286,""
AR,POLIDOCANOL,TRUE,"",DTC,0.0580687414448115,""
AR,CHEMBL:CHEMBL76012,FALSE,"",DTC,0.0290343707224057,""
AR,CHEMBL:CHEMBL555242,FALSE,"",DTC,0.0290343707224057,""
AR,ACETOPHENAZINE,TRUE,"",DTC,0.038712494296541,17606915
AR,BUPIRIMATE,FALSE,"",DTC,0.0290343707224057,""
AR,PROGESTERONE,TRUE,"",DTC,0.00098421595669172,""
AR,HEXADECYLTRIMETHYLAMMONIUM CHLORIDE,FALSE,"",DTC,0.0580687414448115,""
AR,MOZAVAPTAN,TRUE,inhibitor,GuideToPharmacology,0.00967812357413525,""
AR,FENTANYL CITRATE,TRUE,"",DTC,0.00193562471482705,""
AR,CHEMBL:CHEMBL595682,FALSE,"",DTC,0.0580687414448115,""
AR,FLUFENAMIC ACID,FALSE,"",TTD; DTC,0.00458437432459038,17911242
AR,FENRETINIDE,TRUE,"",DTC,0.00215069412758561,""
AR,VINBURNINE,FALSE,"",DTC,0.0290343707224057,""
AR,KEPONE,FALSE,"",DTC,0.00483906178706762,""
AR,NICARDIPINE HYDROCHLORIDE,TRUE,"",DTC,0.00645208238275683,""
AR,SCLAREOL,FALSE,"",DTC,0.0580687414448115,""
AR,TETRADIFON,FALSE,"",DTC,0.0290343707224057,""
AR,DEXBUDESONIDE,FALSE,"",DTC,0.0290343707224057,""
AR,DICHLON,FALSE,"",DTC,0.0193562471482705,""
AR,BISACODYL,TRUE,"",DTC,0.0145171853612029,""
AR,BROMEBRIC ACID,FALSE,"",DTC,0.0580687414448115,""
AR,HYDROXYPROGESTERONE,FALSE,"",DTC,0.0193562471482705,""
AR,PAPAVERINE HYDROCHLORIDE,TRUE,"",DTC,0.00967812357413525,""
AR,ECONAZOLE NITRATE,TRUE,"",DTC,0.00414776724605796,""
AR,CEFPODOXIME PROXETIL,TRUE,"",DTC,0.0580687414448115,""
AR,PILSICAINIDE,FALSE,"",DTC,0.0193562471482705,""
AR,DOCUSATE SODIUM,TRUE,"",DTC,0.0290343707224057,""
AR,1-NAPHTHYLISOTHIOCYANATE,FALSE,"",DTC,0.0145171853612029,""
AR,PROPANIL,FALSE,"",DTC,0.0290343707224057,""
AR,PHOSALONE,FALSE,"",DTC,0.0145171853612029,""
AR,ACIVICIN,FALSE,"",DTC,0.0145171853612029,""
AR,ISOFENPHOS,FALSE,"",DTC,0.0290343707224057,""
AR,HYDROCORTISONE SODIUM PHOSPHATE,TRUE,"",DTC,0.0290343707224057,""
AR,BISPHENOL A,FALSE,"",DTC,0.0145171853612029,""
AR,ALLETHRIN,FALSE,"",DTC,0.0580687414448115,""
AR,CHEMBL:CHEMBL1474,FALSE,"",DTC,0.0580687414448115,""
AR,CHRYSIN,TRUE,"",DTC,0.00829553449211593,19592245
AR,THIOPHENE,FALSE,"",DTC,0.0580687414448115,""
AR,SULFAQUINOXALINE,FALSE,"",DTC,0.0580687414448115,""
AR,MESTANOLONE,FALSE,"",DTC,0.0580687414448115,""
AR,CHLORHEXIDINE HYDROCHLORIDE,TRUE,"",DTC,0.00967812357413525,""
AR,METHOXYCHLOR,FALSE,"",DTC,0.0116137482889623,""
AR,FLUCYTOSINE,TRUE,"",DTC,0.0290343707224057,""
AR,"N,N'-DIPHENYL-P-PHENYLENEDIAMINE",FALSE,"",DTC,0.00829553449211593,""
AR,HYCANTHONE,FALSE,"",DTC,0.00305624954972692,""
AR,CARFILZOMIB,TRUE,"",DTC,0.000967812357413525,""
AR,REZVILUTAMIDE,FALSE,inhibitor,ChEMBL,0.0580687414448115,""
AR,DESMOPRESSIN,TRUE,agonist,GuideToPharmacology,0.00645208238275683,""
AR,ZIPRASIDONE,TRUE,"",DTC,0.00187318520789714,""
AR,NORETHINDRONE ACETATE,TRUE,"",DTC,0.00967812357413525,""
AR,SANGUINARIUM,FALSE,"",DTC,0.00232274965779246,""
AR,AMPEROZIDE HYDROCHLORIDE,FALSE,"",DTC,0.0193562471482705,""
AR,FENTICLOR,FALSE,"",DTC,0.00305624954972692,""
AR,CHEMBL:CHEMBL1784521,FALSE,"",DTC,0.0580687414448115,""
AR,ANDROGEN RECEPTOR ANTAGONIST TAS3681,FALSE,"",TTD,0.0580687414448115,""
AR,MITOMYCIN,TRUE,"",DTC,0.00241953089353381,""
AR,ESTRADIOL ENANTHATE,FALSE,"",DTC,0.0580687414448115,""
AR,STILONIUM IODIDE,FALSE,"",DTC,0.00829553449211593,""
AR,AMCINONIDE,TRUE,"",DTC,0.00829553449211593,""
AR,TEROXIRONE,FALSE,"",DTC,0.0116137482889623,""
AR,ZOLPIDEM TARTRATE,TRUE,"",DTC,0.0044668262649855,""
AR,BIFENOX,FALSE,"",DTC,0.0580687414448115,""
AR,PREDNISOLONE HEMISUCCINATE,FALSE,"",DTC,0.0580687414448115,""
AR,BENZOPHENONE,TRUE,"",DTC,0.0290343707224057,""
AR,ZANOTERONE,FALSE,"",TTD,0.0580687414448115,""
AR,PYRAZOPHOS,FALSE,"",DTC,0.0290343707224057,""
AR,NORGESTIMATE,TRUE,"",DTC,0.0116137482889623,""
AR,TRIBUTYLTIN-OXIDE,FALSE,"",DTC,0.0116137482889623,""
AR,LOPERAMIDE,TRUE,"",DTC,0.00483906178706762,""
AR,DEFERASIROX,TRUE,"",DTC,0.00725859268060144,""
AR,LGD-2941,FALSE,modulator,TdgClinicalTrial; ChEMBL,0.116137482889623,""
AR,FLUOCINONIDE,TRUE,"",DTC,0.0145171853612029,""
AR,IDARUBICIN,TRUE,"",DTC,0.00120976544676691,""
AR,ZAFIRLUKAST,TRUE,"",DTC,0.00322604119137842,""
AR,MINOPAFANT,FALSE,"",DTC,0.0580687414448115,""
AR,LULICONAZOLE,TRUE,"",DTC,0.0580687414448115,""
AR,PARBENDAZOLE,FALSE,"",DTC,0.0193562471482705,""
AR,BMS-564929,FALSE,"",DTC,0.0580687414448115,""
AR,DINITRAMINE,FALSE,"",DTC,0.0580687414448115,""
AR,HALCINONIDE,TRUE,"",DTC,0.0193562471482705,""
AR,TO-901317,FALSE,"",DTC,0.00362929634030072,""
AR,TOPOTECAN HYDROCHLORIDE,TRUE,"",DTC,0.00241953089353381,""
AR,TRIPHENYLBISMUTHINE,FALSE,"",DTC,0.0580687414448115,""
AR,PREDNISOLONE ACETATE,TRUE,"",DTC,0.0193562471482705,""
AR,ACLARUBICIN HYDROCHLORIDE,FALSE,"",DTC,0.0580687414448115,""
AR,AMOROLFINE,FALSE,"",DTC,0.0580687414448115,""
AR,SATAVAPTAN,FALSE,inhibitor,GuideToPharmacology,0.0145171853612029,""
AR,ALCLOMETASONE,TRUE,"",DTC,0.0145171853612029,""
AR,"D(CH2)5[TYR(ET)2,VAL4,DES-GLY9]AVP",FALSE,inhibitor,GuideToPharmacology,0.0193562471482705,""
AR,MERCURIC CHLORIDE,FALSE,"",DTC,0.00290343707224057,""
AR,THIMEROSAL,TRUE,"",DTC,0.00252472788890485,""
AR,(2-NITROVINYL)BENZENE,FALSE,"",DTC,0.0580687414448115,""
AR,BROMOCRESOL GREEN,FALSE,"",DTC,0.0580687414448115,""
AR,PENTAMIDINE ISETHIONATE,FALSE,"",DTC,0.00967812357413525,""
AR,FINASTERIDE,TRUE,"",DTC,0.00414776724605796,""
AR,THIOACETAZONE,FALSE,"",DTC,0.0580687414448115,""
AR,STANOLONE,FALSE,"",DTC,0.0193562471482705,22014751
AR,CLOXYQUIN,FALSE,"",DTC,0.00580687414448115,""
AR,RABEPRAZOLE,TRUE,"",DTC,0.00223341313249275,""
AR,EPIGALLOCATECHIN-3-GALLATE,FALSE,"",DTC,0.00322604119137842,""
AR,CORTICOSTERONE,FALSE,"",DTC,0.0290343707224057,""
AR,DINOSEB,FALSE,"",DTC,0.0145171853612029,""
AR,VITAMIN A,TRUE,"",DTC,0.00215069412758561,""
AR,PODOFILOX,TRUE,"",DTC,0.00241953089353381,""
AR,PIMETHIXENE MALEATE,FALSE,"",DTC,0.0193562471482705,""
AR,CHEMBL:CHEMBL595912,FALSE,"",DTC,0.0580687414448115,""
AR,BENZOXIQUINE,FALSE,"",DTC,0.0580687414448115,""
AR,PROCYMIDONE,FALSE,"",DTC,0.0580687414448115,""
AR,ENCLOMIPHENE CITRATE,FALSE,"",DTC,0.00725859268060144,""
AR,ACETOCHLOR,FALSE,"",DTC,0.0116137482889623,""
AR,FANDOSENTAN POTASSIUM,FALSE,"",DTC,0.0580687414448115,""
AR,DEMECOLCINE,FALSE,"",DTC,0.00967812357413525,""
AR,TRIFLUMIZOLE,FALSE,"",DTC,0.0290343707224057,""
AR,FLUFENOXURON,FALSE,"",DTC,0.0580687414448115,""
AR,CHEMBL:CHEMBL528316,FALSE,"",DTC,0.0580687414448115,""
AR,TIOXOLONE,FALSE,"",DTC,0.0116137482889623,""
AR,RO3280,FALSE,"",DTC,0.0116137482889623,""
AR,VINORELBINE TARTRATE,FALSE,"",DTC,0.0290343707224057,""
AR,E319,FALSE,"",DTC,0.00527897649498286,""
AR,METILDIGOXIN,FALSE,"",DTC,0.0580687414448115,""
AR,CHEMBL:CHEMBL109873,FALSE,"",DTC,0.0580687414448115,""
AR,LESTAURTINIB,FALSE,"",DTC,0.00483906178706762,""
AR,ATALUREN,TRUE,"",DTC,0.000708155383473311,""
AR,CHEMBL:CHEMBL1606,FALSE,"",DTC,0.0145171853612029,""
AR,DAUNORUBICIN HYDROCHLORIDE,TRUE,"",DTC,0.00175965883166095,""
AR,2-MERCAPTOBENZIMIDAZOLE,FALSE,"",DTC,0.0193562471482705,""
AR,FENOVERINE,FALSE,"",DTC,0.0580687414448115,""
AR,PHENFORMIN HYDROCHLORIDE,TRUE,"",DTC,0.0145171853612029,""
AR,DEQUALINIUM CHLORIDE,FALSE,"",DTC,0.0116137482889623,""
AR,GSK2849466,FALSE,modulator,ChEMBL,0.0580687414448115,""
AR,D(CH2)5[TYR(ME)2]AVP,FALSE,inhibitor,GuideToPharmacology,0.0145171853612029,""
AR,SERTRALINE HYDROCHLORIDE,TRUE,"",DTC,0.00290343707224057,""
AR,CHEMBL:CHEMBL1235854,FALSE,"",DTC,0.0580687414448115,""
AR,ETOCRYLENE,FALSE,"",DTC,0.0580687414448115,""
AR,TETRABUTYLAMMONIUM BROMIDE,FALSE,"",DTC,0.0580687414448115,""
AR,COUMAPHOS,FALSE,"",DTC,0.0290343707224057,""
AR,CADMIUM DICHLORIDE,FALSE,"",DTC,0.00527897649498286,""
AR,TESTOLACTONE,TRUE,"",DTC,0.0145171853612029,""
AR,CHLOROXINE,TRUE,"",DTC,0.00580687414448115,""
AR,CHEMBL:CHEMBL1923999,FALSE,"",DTC,0.116137482889623,22047606
AR,BUTACLAMOL HYDROCHLORIDE,FALSE,"",DTC,0.0193562471482705,""
AR,MINOCYCLINE HYDROCHLORIDE,TRUE,"",DTC,0.0145171853612029,""
AR,NISOLDIPINE,TRUE,"",DTC,0.00341580832028303,""
AR,METHYLPREDNISOLONE,TRUE,"",DTC,0.00322604119137842,""
AR,PHANQUONE,FALSE,"",DTC,0.0116137482889623,""
AR,CARBONYL CYANIDE M-CHLOROPHENYLHYDRAZONE,FALSE,"",DTC,0.0145171853612029,""
AR,RIFAPENTINE,TRUE,"",DTC,0.0193562471482705,""
AR,ANTI-ANDROGEN,FALSE,"",TTD,0.0145171853612029,""
AR,THIDIAZURON,FALSE,"",DTC,0.0580687414448115,""
AR,PROPICONAZOLE,FALSE,"",DTC,0.0145171853612029,""
AR,IDAZOXAN,FALSE,"",DTC,0.00483906178706762,""
AR,FENARIMOL,FALSE,"",DTC,0.0580687414448115,""
AR,CINNAMIC ALDEHYDE,TRUE,"",DTC,0.0290343707224057,""
AR,VALRUBICIN,TRUE,"",DTC,0.0290343707224057,""
AR,CLOROPHENE,FALSE,"",DTC,0.0116137482889623,""
AR,ENDOSULFAN,FALSE,"",DTC,0.0116137482889623,""
AR,TRIMETHYL-TETRADECYL-AMMONIUM CHLORIDE,FALSE,"",DTC,0.0580687414448115,""
AR,METHYLTHIOURACIL,FALSE,"",DTC,0.0580687414448115,""
AR,CHEMBL:CHEMBL1946014,FALSE,"",DTC,0.116137482889623,22148427
AR,OXYQUINOLINE SULFATE,TRUE,"",DTC,0.0290343707224057,""
AR,MEPANIPYRIM,FALSE,"",DTC,0.0290343707224057,""
AR,LEUPROLIDE ACETATE,TRUE,"",CIViC,0.00580687414448115,""
AR,EMETINE,FALSE,"",DTC,0.0116137482889623,""
AR,RESERPINE,TRUE,"",DTC,0.00223341313249275,""
AR,DEXAMETHASONE DIPROPIONATE,FALSE,"",DTC,0.0580687414448115,""
AR,FEPRAZONE,TRUE,"",DTC,0.0116137482889623,""
AR,ALCLOFENAC,TRUE,"",DTC,0.0290343707224057,""
AR,CHEMBL:CHEMBL332670,FALSE,"",DTC,0.0580687414448115,""
AR,VITAMIN K3,TRUE,"",DTC,0.00200237039464867,""
AR,PIPERILATE ETHOBROMIDE,FALSE,"",DTC,0.0580687414448115,""
AR,HEXYLRESORCINOL,TRUE,"",DTC,0.0145171853612029,""
AR,TRILOSTANE,TRUE,"",DTC,0.00967812357413525,""
AR,(R)-BICALUTAMIDE,FALSE,"",DTC,0.116137482889623,25121586
AR,OUABAIN,FALSE,"",DTC,0.00645208238275683,""
AR,"D(CH2)5[TYR(ME)2,THR4,TYR-NH29]OVT",FALSE,inhibitor,GuideToPharmacology,0.0145171853612029,""
AR,CHEMBL:CHEMBL593366,FALSE,"",DTC,0.0290343707224057,""
AR,DESOXYCORTICOSTERONE ACETATE,TRUE,"",DTC,0.0290343707224057,""
AR,TRIAMTERENE,TRUE,"",DTC,0.00322604119137842,""
AR,YM 218,FALSE,inhibitor,GuideToPharmacology,0.0193562471482705,""
AR,BUTONATE,FALSE,"",DTC,0.0580687414448115,""
AR,OXADIAZON,FALSE,"",DTC,0.0290343707224057,""
AR,CHLOROTHALONIL,FALSE,"",DTC,0.00483906178706762,""
AR,BIOALLETHRIN S-CYCLOPENTENYL ISOMER,FALSE,"",DTC,0.0193562471482705,""
AR,BIS(DIMETHYLAMINETHIOCARBONYL)MONOSULFIDE,FALSE,"",DTC,0.00725859268060144,""
AR,DIFLUCORTOLONE 21-VALERATE,FALSE,"",DTC,0.0580687414448115,""
AR,MYCOPHENOLATE MOFETIL,TRUE,"",DTC,0.00362929634030072,""
AR,VINCRISTINE,TRUE,"",DTC,0.000716898042528537,""
AR,CHLORDIAZEPOXIDE,TRUE,"",DTC,0.00276517816403864,""
AR,IRINOTECAN HYDROCHLORIDE,TRUE,"",DTC,0.000921726054679547,""
AR,SULFISOXAZOLE,TRUE,"",DTC,0.0145171853612029,""
AR,BETAMETHASONE SODIUM PHOSPHATE,TRUE,"",DTC,0.0290343707224057,""
AR,ZIRAM,FALSE,"",DTC,0.0044668262649855,""
AR,DINALINE,FALSE,"",DTC,0.0145171853612029,""
AR,EPITESTOSTERONE,FALSE,"",DTC,0.0580687414448115,""
AR,FUDOSTEINE,FALSE,"",DTC,0.0580687414448115,""
AR,SEVITERONEL,FALSE,inhibitor,ChEMBL,0.0290343707224057,""
AR,CHEMBL:CHEMBL1738936,FALSE,"",DTC,0.116137482889623,22047606
AR,NONYL 4-HYDROXYBENZOATE,FALSE,"",DTC,0.0580687414448115,""
AR,CLOBETASOL PROPIONATE,TRUE,"",DTC,0.0116137482889623,""
AR,CHLORFENAPYR,FALSE,"",DTC,0.0145171853612029,""
AR,TOLVAPTAN,TRUE,"",DTC,0.0145171853612029,""
AR,CHLORMADINONE ACETATE,TRUE,"",DTC,0.0193562471482705,""
AR,CHEMBL:CHEMBL168075,FALSE,"",DTC,0.0290343707224057,""
AR,CANDESARTAN CILEXETIL,TRUE,"",DTC,0.0038712494296541,""
AR,AMBAZONE,FALSE,"",DTC,0.0193562471482705,""
AR,AZASERINE,FALSE,"",DTC,0.0116137482889623,""
AR,BENZODODECINIUM CHLORIDE,TRUE,"",DTC,0.0290343707224057,""
AR,SALMETEROL,TRUE,"",DTC,0.0116137482889623,""
AR,BROMOXYNIL,FALSE,"",DTC,0.0145171853612029,""
AR,ORBIFLOXACIN,FALSE,"",DTC,0.0580687414448115,""
AR,LOFEPRAMINE HYDROCHLORIDE,FALSE,"",DTC,0.0580687414448115,""
AR,TILNOPROFEN ARBAMEL,FALSE,"",DTC,0.0580687414448115,""
AR,DULOXETINE HYDROCHLORIDE,TRUE,"",DTC,0.00223341313249275,""
AR,ALTRENOGEST,TRUE,"",DTC,0.0580687414448115,""
AR,FLUOXASTROBIN,FALSE,"",DTC,0.0145171853612029,""
AR,TECTOQUINONE,FALSE,"",DTC,0.0290343707224057,""
AR,GESTODENE,TRUE,"",DTC,0.0290343707224057,""
AR,APC-100,FALSE,inhibitor,ChEMBL; TTD; TdgClinicalTrial,0.174206224334434,""
AR,PARAMETHASONE ACETATE,TRUE,"",DTC,0.0290343707224057,""
AR,DIGOXIN,TRUE,"",DTC,0.00170790416014151,""
AR,FLUOROMETHOLONE,TRUE,"",DTC,0.0145171853612029,""
AR,TANNIC ACID,TRUE,"",DTC,0.00580687414448115,""
AR,DANAZOL,TRUE,agonist,DTC; ChEMBL,0.00725859268060144,""
AR,"D[PEN1,TYR(ME)2]AVP",FALSE,inhibitor,GuideToPharmacology,0.0193562471482705,""
AR,HYDRAMETHYLNON,FALSE,"",DTC,0.0145171853612029,""
AR,NAFOXIDINE,FALSE,"",NCI,0.0580687414448115,2580656
AR,AZAMETHIPHOS,FALSE,"",DTC,0.0290343707224057,""
AR,FEBUXOSTAT,TRUE,"",DTC,0.0044668262649855,""
AR,"[PHAA1,D-TYR(ME)2,ARG6,TYR-NH29]AVP",FALSE,inhibitor,GuideToPharmacology,0.0193562471482705,""
AR,NELIVAPTAN,FALSE,inhibitor,DTC; GuideToPharmacology,0.0145171853612029,""
AR,CALCIFEDIOL ANHYDROUS,TRUE,"",DTC,0.0145171853612029,""
AR,DARBUFELONE MESYLATE,FALSE,"",DTC,0.0580687414448115,""
AR,PYRIDABEN,FALSE,"",DTC,0.0145171853612029,""
AR,CICLESONIDE,TRUE,"",DTC,0.0145171853612029,""
AR,PYRACLOSTROBIN,FALSE,"",DTC,0.0116137482889623,""
AR,LINURON,FALSE,"",DTC,0.0290343707224057,""
AR,FENPYROXYMATE,FALSE,"",DTC,0.0290343707224057,""
AR,DAZOMET,FALSE,"",DTC,0.0290343707224057,""
AR,LVP,FALSE,agonist,GuideToPharmacology,0.0193562471482705,""
AR,TRICLOCARBAN,FALSE,"",DTC,0.00829553449211593,""
AR,MOMETASONE,TRUE,"",DTC,0.00645208238275683,""
AR,METITEPINE,FALSE,"",DTC,0.00276517816403864,""
AR,GIPARMEN,FALSE,"",DTC,0.0290343707224057,""
AR,DICHLORVOS,FALSE,"",DTC,0.0145171853612029,""
AR,OXIGLUTATIONE,TRUE,"",DTC,0.0290343707224057,""
AR,BUTAMBEN,TRUE,"",DTC,0.00967812357413525,""
AR,CORTODOXONE,FALSE,"",DTC,0.0290343707224057,""
AR,MERADIMATE,FALSE,"",DTC,0.0290343707224057,""
AR,INGLIFORIB,FALSE,"",DTC,0.0580687414448115,""
AR,DVDAVP,FALSE,agonist,GuideToPharmacology,0.0193562471482705,""
AR,CROMOLYN SODIUM,TRUE,"",DTC,0.0290343707224057,""
AR,FIPRONIL,FALSE,"",DTC,0.0290343707224057,""
AR,TRIBUTYLCHLOROSTANNANE,FALSE,"",DTC,0.0145171853612029,""
AR,FORMESTANE,FALSE,"",DTC,0.0145171853612029,""
AR,BROMOCRIPTINE,TRUE,"",DTC,0.00187318520789714,""
AR,PROMETHAZINE HYDROCHLORIDE,TRUE,"",DTC,0.00263948824749143,""
AR,HYDROXYFLUTAMIDE,FALSE,"",DTC; TTD,0.116137482889623,26295173; 18571420
AR,TRIBROMSALAN,TRUE,"",DTC,0.0145171853612029,""
AR,CLOFARABINE,TRUE,"",DTC,0.00305624954972692,""
AR,QUESTIOMYCIN B,FALSE,"",DTC,0.0116137482889623,""
AR,PYRROLNITRIN,FALSE,"",DTC,0.0580687414448115,""
AR,TESTOSTERONE,TRUE,agonist,DTC; ChEMBL; TdgClinicalTrial; TTD; TEND,0.0074447104416425,""
AR,DEFLAZACORT,TRUE,"",DTC,0.0290343707224057,""
AR,BROMOCRIPTINE MESYLATE,TRUE,"",DTC,0.00829553449211593,""
AR,FLUMETHASONE PIVALATE,TRUE,"",DTC,0.0145171853612029,""
AR,DITHIAZANINE IODIDE,FALSE,"",DTC,0.0044668262649855,""
AR,SORAFENIB,TRUE,"",DTC,0.00050494557778097,""
AR,SORBIC ACID,TRUE,"",DTC,0.0580687414448115,""
AR,4-NITROANILINE,FALSE,"",DTC,0.0580687414448115,""
AR,CHEMBL:CHEMBL598270,FALSE,"",DTC,0.0116137482889623,""
AR,OXABOLONE CIPIONATE,FALSE,"",DTC,0.0580687414448115,""
AR,FENOFIBRATE MICRONIZED,TRUE,"",DTC,0.00223341313249275,""
AR,INDOXACARB,FALSE,"",DTC,0.0580687414448115,""
AR,CHEMBL:CHEMBL73380,FALSE,"",DTC,0.0290343707224057,""
AR,ARTEMISININ,TRUE,"",DTC,0.00645208238275683,""
AR,PRULIFLOXACIN,FALSE,"",DTC,0.0290343707224057,""
AR,VINBLASTINE SULFATE,TRUE,"",DTC,0.00290343707224057,""
AR,ABAMECTIN,FALSE,"",DTC,0.0193562471482705,""
AR,CRUFOMATE,FALSE,"",DTC,0.0290343707224057,""
AR,GESTRINONE,FALSE,"",DTC,0.0290343707224057,""
AR,GLYCYRRHIZIC ACID,TRUE,"",DTC,0.0145171853612029,""
AR,"D(CH2)5[TYR(ME)2,THR4]OVT",FALSE,inhibitor,GuideToPharmacology,0.0193562471482705,""
AR,ESTRADIOL 3-BENZOATE,TRUE,"",DTC; NCI,0.0174206224334434,521021
AR,LORATADINE,TRUE,"",DTC,0.00305624954972692,""
AR,PYRITHIONE ZINC,TRUE,"",DTC,0.00322604119137842,""
AR,PRIMIDONE,TRUE,"",DTC,0.00165910689842319,""
AR,BETAMETHASONE,TRUE,"",DTC,0.00580687414448115,""
AR,DAROLUTAMIDE,TRUE,inhibitor,CancerCommons; ChEMBL,0.0580687414448115,""
AR,DEXAMETHASONE,TRUE,"",DTC,0.000683161664056606,""
AR,BECLOMETHASONE,TRUE,"",DTC,0.00483906178706762,""
AR,TESTOSTERONE CYPIONATE,TRUE,agonist,ChEMBL,0.0580687414448115,""
AR,RAD-140,FALSE,"",TTD,0.0580687414448115,""
AR,DOFETILIDE,TRUE,"",DTC,0.0044668262649855,""
AR,DICHLOFLUANID,FALSE,"",DTC,0.0580687414448115,""
AR,ESTRAMUSTINE PHOSPHATE,FALSE,"",DTC,0.0290343707224057,""
AR,CHEMBL:CHEMBL1946013,FALSE,"",DTC,0.116137482889623,22148427
AR,MIFEPRISTONE,TRUE,"",DTC,0.00207388362302898,""
AR,PERBROMOBENZENE,FALSE,"",DTC,0.0580687414448115,""
AR,COLFORSIN,FALSE,"",DTC,0.00725859268060144,""
AR,OXAZEPAM,TRUE,"",DTC,0.00223341313249275,""
AR,FENHEXAMID,FALSE,"",DTC,0.0290343707224057,""
AR,CHEMBL:CHEMBL2059711,FALSE,"",DTC,0.038712494296541,24915879
AR,MORICIZINE HYDROCHLORIDE,TRUE,"",DTC,0.00483906178706762,""
AR,ALFAXALONE,FALSE,"",DTC,0.0580687414448115,""
AR,CLOBETASOL,TRUE,"",DTC,0.0145171853612029,""
AR,UNOPROSTONE ISOPROPYL,TRUE,"",DTC,0.0580687414448115,""
AR,APRINDINE HYDROCHLORIDE,FALSE,"",DTC,0.0580687414448115,""
AR,LERCANIDIPINE HYDROCHLORIDE,TRUE,"",DTC,0.0116137482889623,""
AR,APOMORPHINE,TRUE,"",DTC,0.00215069412758561,""
AR,DINITRO CRESOL,FALSE,"",DTC,0.0145171853612029,""
AR,DITIOCARB SODIUM,FALSE,"",DTC,0.0580687414448115,""
AR,TOLONIUM CHLORIDE,FALSE,"",DTC,0.00322604119137842,""
AR,LEMILDIPINE,FALSE,"",DTC,0.0580687414448115,""
AR,TRIMETHYL-OCTADECYL-AMMONIUM CHLORIDE,FALSE,"",DTC,0.0580687414448115,""
AR,DIMETHYLAMINOETHANOL,FALSE,"",DTC,0.0580687414448115,""
AR,DL-LACTIC ACID,TRUE,"",DTC,0.0580687414448115,""
AR,FLUACIZINE,FALSE,"",DTC,0.0290343707224057,""
AR,TELITHROMYCIN,TRUE,"",DTC,0.0116137482889623,""
AR,4'-DEMETHYLEPIPODOPHYLLOTOXIN,FALSE,"",DTC,0.0580687414448115,""
AR,METHYLENE BLUE ANHYDROUS,TRUE,"",DTC,0.00156942544445436,""
AR,CHLOROXURON,FALSE,"",DTC,0.0290343707224057,""
AR,CETYLPYRIDINIUM CHLORIDE,TRUE,"",DTC,0.0193562471482705,""
AR,ERLOTINIB,TRUE,"",DTC,0.00103694181151449,""
AR,METIPRANOLOL,TRUE,"",DTC,0.0193562471482705,""
AR,GUGGULSTERONE,FALSE,"",DTC,0.00645208238275683,""
AR,FOLPET,FALSE,"",DTC,0.0290343707224057,""
AR,OXYMETHOLONE,TRUE,agonist,ChEMBL; DTC,0.0129041647655137,""
AR,PROADIFEN HYDROCHLORIDE,FALSE,"",DTC,0.0145171853612029,""
AR,SIMVASTATIN,TRUE,"",DTC,0.00116137482889623,""
AR,FIPEXIDE HYDROCHLORIDE,FALSE,"",DTC,0.0193562471482705,""
AR,DOCEBENONE,FALSE,"",DTC,0.00362929634030072,""
AR,ANDROGEN RECEPTOR ANTISENSE OLIGONUCLEOTIDE EZN-4176,FALSE,"",TdgClinicalTrial,0.0580687414448115,""
AR,EXIFONE,TRUE,"",DTC,0.0580687414448115,""
AR,FLURANDRENOLIDE,TRUE,"",DTC,0.0193562471482705,""
AR,RIFAMYCIN SODIUM,TRUE,"",DTC,0.0580687414448115,""
AR,AMLODIPINE BESYLATE,TRUE,"",DTC,0.0038712494296541,""
AR,ANDROGEN RECEPTOR ANTAGONIST ONC1-0013B,FALSE,"",TTD,0.0580687414448115,""
AR,ACETALDEHYDE,TRUE,"",DTC,0.0116137482889623,""
AR,FLUSILAZOLE,FALSE,"",DTC,0.0290343707224057,""
AR,DESOXYCORTICOSTERONE PIVALATE,TRUE,"",DTC,0.0290343707224057,""
AR,MK-0773,FALSE,modulator,ChEMBL; TTD,0.116137482889623,""
AR,FLUFENACET,FALSE,"",DTC,0.0290343707224057,""
AR,CAFFEINE,TRUE,"",DTC,0.00156942544445436,""
AR,MEPREDNISONE,TRUE,"",DTC,0.0290343707224057,""
AR,CLOFLUCARBAN,FALSE,"",DTC,0.0290343707224057,""
AR,"1,10-PHENANTHROLINE",FALSE,"",DTC,0.00276517816403864,""
AR,AZINPHOS-ETHYL,FALSE,"",DTC,0.0193562471482705,""
AR,ARANIDIPINE,FALSE,"",DTC,0.0580687414448115,""
AR,DESOXIMETASONE,TRUE,"",DTC,0.00967812357413525,""
AR,CHEMBL:CHEMBL577673,FALSE,"",DTC,0.0290343707224057,""
AR,CYAZOFAMID,FALSE,"",DTC,0.0290343707224057,""
AR,CHLORMADINONE,FALSE,"",DTC,0.0580687414448115,""
AR,TAZOBACTAM SODIUM,TRUE,"",DTC,0.0580687414448115,""
AR,METCONAZOLE,FALSE,"",DTC,0.0580687414448115,""
AR,"[3H]AVP (HUMAN, MOUSE, RAT)",FALSE,agonist,GuideToPharmacology,0.0145171853612029,""
AR,WARFARIN POTASSIUM,TRUE,"",DTC,0.0290343707224057,""
AR,TETRACONAZOLE,FALSE,"",DTC,0.0580687414448115,""
AR,BROTIZOLAM,FALSE,"",DTC,0.0580687414448115,""
AR,MITOBRONITOL,TRUE,"",DTC,0.0580687414448115,""
AR,EFAVIRENZ,TRUE,"",DTC,0.00290343707224057,""
AR,ISOTRETINOIN,TRUE,"",DTC,0.00362929634030072,""
AR,TANESPIMYCIN,FALSE,"",DTC,0.0044668262649855,""
AR,DIFENOCONAZOLE,FALSE,"",DTC,0.0116137482889623,""
AR,FANETIZOLE,FALSE,"",DTC,0.0580687414448115,""
AR,YM 471,FALSE,inhibitor,GuideToPharmacology,0.0193562471482705,""
AR,GSK2881078,FALSE,modulator,ChEMBL,0.0290343707224057,""
AR,CHLORQUINALDOL,TRUE,"",DTC,0.0145171853612029,""
AR,PRAZEPAM,TRUE,"",DTC,0.00263948824749143,""
AR,NITAZOXANIDE,TRUE,"",DTC,0.00483906178706762,""
AR,CYCLOHEXIMIDE,FALSE,"",DTC,0.000611249909945384,""
AR,FURFURAL,FALSE,"",DTC,0.0580687414448115,""
AR,TREQUINSIN HYDROCHLORIDE,FALSE,"",DTC,0.0116137482889623,""
AR,DIDECYLDIMETHYLAMMONIUM CHLORIDE,TRUE,"",DTC,0.0580687414448115,""
AR,EMODIN,FALSE,"",DTC,0.00223341313249275,""
AR,TAMSULOSIN HYDROCHLORIDE,TRUE,"",DTC,0.00645208238275683,""
AR,BITHIONOLATE SODIUM,TRUE,"",DTC,0.00725859268060144,""
AR,CHEMBL:CHEMBL44011,FALSE,"",DTC,0.0580687414448115,""
AR,ETONITAZENE,FALSE,"",DTC,0.0145171853612029,""
AR,HALOPROGIN,TRUE,"",DTC,0.0145171853612029,""
AR,DIPHENOXYLATE HYDROCHLORIDE,TRUE,"",DTC,0.0193562471482705,""
AR,METHANDROSTENOLONE,TRUE,agonist,ChEMBL; DTC,0.116137482889623,""
AR,ATOSIBAN,TRUE,inhibitor,GuideToPharmacology,0.00725859268060144,""
AR,MYCOPHENOLATE,TRUE,"",DTC,0.00263948824749143,""
AR,ANHYDROUS TACROLIMUS,TRUE,"",DTC,0.00207388362302898,""
AR,BIS(PIPERIDINYLTHIOCARBONYL)DISULFIDE,FALSE,"",DTC,0.0580687414448115,""
AR,ETONOGESTREL,TRUE,"",DTC,0.0116137482889623,""
AR,BITHIONOL,TRUE,"",DTC,0.00241953089353381,""
AR,THIOTEPA,TRUE,"",DTC,0.00580687414448115,""
AR,SECURININE,FALSE,"",DTC,0.0580687414448115,""
AR,BENFLUOREX HYDROCHLORIDE,FALSE,"",DTC,0.0193562471482705,""
AR,MEDRYSONE,TRUE,"",DTC,0.0145171853612029,""
AR,PENTACHLORONITROBENZENE,FALSE,"",DTC,0.0290343707224057,""
AR,METFORMIN HYDROCHLORIDE,TRUE,"",DTC,0.00103694181151449,""
AR,ALLISAN,FALSE,"",DTC,0.0580687414448115,""
AR,PROPACHLOR,FALSE,"",DTC,0.00829553449211593,""
AR,TEBUFENOZIDE,FALSE,"",DTC,0.0193562471482705,""
AR,VK5211,FALSE,modulator,ChEMBL,0.0580687414448115,""
AR,ESCULIN,FALSE,"",DTC,0.0290343707224057,""
AR,GOSSYPOL,FALSE,"",NCI; DTC,0.00362929634030072,3158419
AR,AMI-1,FALSE,"",DTC,0.038712494296541,17432842
AR,ENILCONAZOLE,FALSE,"",DTC,0.0290343707224057,""
AR,DESOXYCORTICOSTERONE,FALSE,"",DTC,0.0145171853612029,""
AR,ISRAPAFANT,FALSE,"",DTC,0.0193562471482705,""
AR,COLCHICINE,TRUE,"",DTC,0.00111670656624637,""
AR,2-CHLORO-5-NITRO-N-PHENYLBENZAMIDE,FALSE,"",DTC,0.00725859268060144,""
AR,MEPHOBARBITAL,TRUE,"",DTC,0.00483906178706762,""
AR,QUININE,TRUE,"",DTC,0.0044668262649855,""
AR,DIELDRIN,FALSE,"",DTC,0.0290343707224057,""
AR,MK-2206,FALSE,"",DTC,0.00967812357413525,""
AR,[VAL4]AVP,FALSE,agonist,GuideToPharmacology,0.0193562471482705,""
AR,STIROFOS,FALSE,"",DTC,0.0290343707224057,""
AR,PK 11195,FALSE,"",DTC,0.0290343707224057,""
AR,CHLOROTRIANISENE,TRUE,"",DTC,0.0116137482889623,""
AR,CLOCORTOLONE,TRUE,"",DTC,0.0116137482889623,""
AR,SPIRADOLINE,FALSE,"",DTC,0.0580687414448115,""
AR,TRICHLOROMONOFLUOROMETHANE,FALSE,"",DTC,0.0580687414448115,""
AR,FENDILINE HYDROCHLORIDE,FALSE,"",DTC,0.0116137482889623,""
AR,CYPROTERONE ACETATE,TRUE,inhibitor,CIViC; ChEMBL; DTC,0.0248866034763478,""
AR,PRASTERONE,TRUE,"",DTC; TTD; TdgClinicalTrial,0.00967812357413525,""
AR,CERIVASTATIN SODIUM,TRUE,"",DTC,0.0290343707224057,""
AR,"PAROXETINE HYDROCHLORIDE, HEMIHYDRATE",TRUE,"",DTC,0.00232274965779246,""
AR,RO 40-6055,FALSE,"",DTC,0.00967812357413525,""
AR,DIETHYLSTILBESTROL,TRUE,"",DTC,0.00175965883166095,""
AR,THONZONIUM BROMIDE,TRUE,"",DTC,0.00645208238275683,""
AR,PROPARGITE,FALSE,"",DTC,0.0145171853612029,""
AR,DAUNORUBICIN LIPOSOMAL,TRUE,"",DTC,0.000638118037855071,""
AR,CANRENONE,TRUE,"",DTC,0.0193562471482705,""
AR,THIOSEMICARBAZIDE,FALSE,"",DTC,0.0290343707224057,""
AR,NIHYDRAZONE,FALSE,"",DTC,0.0193562471482705,""
AR,HYDROCORTISONE VALERATE,TRUE,"",DTC,0.0193562471482705,""
AR,OXYCARBOXIN,FALSE,"",DTC,0.0145171853612029,""
AR,EXEMESTANE,TRUE,"",DTC,0.00362929634030072,""
CHST1,IMATINIB,TRUE,"",PharmGKB,1.4501055155246,30237583
OCLN,TRETINOIN,TRUE,"",NCI,1.14733623206342,15500294
TK1,PENCICLOVIR,TRUE,"",TTD,8.70063309314759,""
TK1,VALNIVUDINE HYDROCHLORIDE,FALSE,"",TTD,8.70063309314759,""
TK1,RILAPLADIB,FALSE,"",TTD,2.1751582732869,""
TK1,ZIDOVUDINE,TRUE,"",PharmGKB,0.644491340233155,22960662
TK1,ARGININE BUTYRATE,FALSE,"",TTD,8.70063309314759,""
TK1,DEOXYCYTIDINE,FALSE,"",TTD,2.1751582732869,""
CTLA4,TREMELIMUMAB,TRUE,inhibitor; immunotherapy; antibody,TTD; MyCancerGenome; TdgClinicalTrial; TALC; ChEMBL,1.20285250135681,""
CTLA4,IPILIMUMAB,TRUE,antibody; inhibitor; immunotherapy,ClearityFoundationClinicalTrial; TTD; MyCancerGenome; TdgClinicalTrial; PharmGKB; CancerCommons; TALC; ChEMBL,0.898129867679751,""
CTLA4,CYCLOSPORINE,TRUE,"",PharmGKB,0.038712494296541,18021981
CTLA4,ATEZOLIZUMAB,TRUE,"",CIViC,0.0935551945499741,""
CTLA4,VISILIZUMAB,FALSE,"",NCI,0.673597400759813,10712669
CTLA4,BLEOMYCIN,TRUE,"",NCI,0.210499187737442,11489978
CTLA4,ANTIBIOTIC,FALSE,"",NCI,0.198116882576416,10030847
CTLA4,METHIMAZOLE,TRUE,"",NCI,0.160380333514241,15504312
CTLA4,RETRO-INVERSO PEPTIDE,FALSE,"",NCI,3.36798700379907,11418697
CTLA4,MELPHALAN,TRUE,"",PharmGKB,0.168399350189953,21228734
CTLA4,RECOMBINANT FAS LIGAND,FALSE,"",NCI,0.841996750949767,11159548
CTLA4,ZALIFRELIMAB,FALSE,inhibitor,TTD; ChEMBL,3.36798700379907,""
CTLA4,RIBAVIRIN,TRUE,"",PharmGKB,0.0886312369420807,23133602
CTLA4,ANTI-THYMOCYTE GLOBULIN,TRUE,"",NCI,0.306180636709006,7732566
CTLA4,QUAVONLIMAB,FALSE,inhibitor,TTD; ChEMBL,3.36798700379907,""
CTLA4,COMPOUND 32 [PMID: 20471253],FALSE,inhibitor,GuideToPharmacology,0.561331167299844,""
CTLA4,SIROLIMUS,TRUE,"",NCI,0.0871031121672172,11698435; 7982907
CTLA4,BISPECIFIC ANTIBODY,FALSE,"",NCI,0.561331167299844,10048973
CTLA4,CADONILIMAB,FALSE,inhibitor,ChEMBL,0.841996750949767,""
CTLA4,APLITHIANINE A,FALSE,inhibitor,GuideToPharmacology,0.336798700379907,""
CTLA4,PEGINTERFERON ALFA-2A,TRUE,"",PharmGKB,0.116137482889623,23133602
CTLA4,INOSINE 5'-MONOPHOSPHATE DEHYDROGENASE INHIBITOR FF-10501-01,FALSE,"",TTD,1.68399350189953,""
CTLA4,ABATACEPT,TRUE,"",NCI,0.673597400759813,9758890
CTLA4,WORTMANNIN,FALSE,"",NCI,0.120285250135681,10464177
CTLA4,ERFONRILIMAB,FALSE,inhibitor,ChEMBL,0.841996750949767,""
CTLA4,THALIDOMIDE,TRUE,"",NCI,0.0910266757783531,10823791
CTLA4,FF-10501-01,FALSE,"",TTD,1.68399350189953,""
CTLA4,PEGINTERFERON ALFA-2B,TRUE,"",PharmGKB,0.105249593868721,23133602
CTLA4,TETRADECANOYLPHORBOL ACETATE,FALSE,"",NCI,0.109825663167361,10777098; 8946678
CTLA4,DEHYDRATED ALCOHOL,TRUE,"",NCI,0.0426327468835325,11025487
CTLA4,PREDNISONE,TRUE,"",PharmGKB,0.0748441556399793,21228734
CDC6,BAY-8002,FALSE,inhibitor,GuideToPharmacology,8.70063309314759,""
CDC6,7ACC2,FALSE,inhibitor,GuideToPharmacology,17.4012661862952,""
CDC6,AZD3965,FALSE,inhibitor,GuideToPharmacology,8.70063309314759,""
SERPINH1,DL-TBOA,FALSE,inhibitor,GuideToPharmacology,1.08757913664345,""
SERPINH1,ANTISENSE OLIGONUCLEOTIDES,FALSE,"",NCI,0.527311096554399,9714184
SERPINH1,ASPARTIC ACID,TRUE,"",GuideToPharmacology,0.870063309314759,""
SERPINH1,[3H]D-ASPARTIC ACID,FALSE,"",GuideToPharmacology,0.790966644831599,""
SERPINH1,THREO-3-METHYLGLUTAMATE,FALSE,inhibitor,GuideToPharmacology,4.35031654657379,""
SERPINH1,MONOCLONAL ANTIBODY 11D10,FALSE,"",NCI,17.4012661862952,8567753
SERPINB1,"ETHYL 3-[(E)-2-AMINO-1-CYANOETHENYL]-6,7-DICHLORO-1-METHYL-1H-INDOLE-2-CARBOXYLATE",FALSE,inhibitor,GuideToPharmacology,8.70063309314759,""
SERPINB1,CIRTUVIVINT,FALSE,inhibitor,GuideToPharmacology,8.70063309314759,""
ETV4,COMPOUND 25 [PMID: 17935989],FALSE,inhibitor,GuideToPharmacology,2.9002110310492,""
ETV4,TRAMETINIB DIMETHYL SULFOXIDE,TRUE,"",CIViC,0.55535955913708,""
SLC6A4,CENTANAFADINE,FALSE,inhibitor,ChEMBL,0.1977416612079,""
SLC6A4,METHAMPHETAMINE,TRUE,inhibitor,TdgClinicalTrial; ChEMBL,0.0494354153019749,""
SLC6A4,VENLAFAXINE HYDROCHLORIDE,TRUE,inhibitor,ChEMBL,0.29661249181185,""
SLC6A4,LUMATEPERONE,TRUE,inhibitor,TTD; TdgClinicalTrial; ChEMBL,0.254239278695871,""
SLC6A4,TIANEPTINE,FALSE,"",TTD,0.29661249181185,""
SLC6A4,IMIPRAMINE HYDROCHLORIDE,TRUE,inhibitor,TEND; TdgClinicalTrial; ChEMBL,0.0889837475435549,""
SLC6A4,ONDANSETRON HYDROCHLORIDE,TRUE,"",PharmGKB,0.0624447351182841,21247998
SLC6A4,PEGINTERFERON ALFA-2B,TRUE,"",PharmGKB,0.0370765614764812,18458677
SLC6A4,DEXFENFLURAMINE,TRUE,"",TEND; TdgClinicalTrial,0.395483322415799,""
SLC6A4,BUPROPION HYDROCHLORIDE,TRUE,"",TTD,0.0348955872719823,""
SLC6A4,CITALOPRAM,TRUE,inhibitor,TEND; TTD; TdgClinicalTrial; ChEMBL,0.0677971409855656,""
SLC6A4,TRIMIPRAMINE,TRUE,"",TEND; TdgClinicalTrial; PharmGKB,0.0539295439657908,""
SLC6A4,VENLAFAXINE,TRUE,"",TEND; TTD; TdgClinicalTrial,0.148306245905925,""
SLC6A4,DISULFIRAM,TRUE,"",PharmGKB,0.0275918597034279,22925276
SLC6A4,CHLORPHENTERMINE HYDROCHLORIDE,TRUE,other/unknown,TTD; ChEMBL,1.1864499672474,""
SLC6A4,PROTRIPTYLINE,TRUE,"",TEND; TdgClinicalTrial,0.1318277741386,""
SLC6A4,MILNACIPRAN HYDROCHLORIDE,TRUE,inhibitor,ChEMBL,0.29661249181185,""
SLC6A4,CLOMIPRAMINE,TRUE,"",TEND; TTD; TdgClinicalTrial; PharmGKB,0.0780559188978552,10867985
SLC6A4,NORTRIPTYLINE,TRUE,"",TEND; TTD; TdgClinicalTrial,0.0556148422147218,""
SLC6A4,DAPOXETINE,TRUE,inhibitor,TdgClinicalTrial; ChEMBL,0.593224983623699,""
SLC6A4,AMITRIPTYLINE HYDROCHLORIDE,TRUE,inhibitor,TEND; TTD; TdgClinicalTrial; ChEMBL,0.0527311096554399,""
SLC6A4,TEDATIOXETINE,FALSE,inhibitor,TdgClinicalTrial; ChEMBL,0.107859087931582,""
SLC6A4,TRAZODONE,TRUE,inhibitor,TEND; TTD; TdgClinicalTrial; ChEMBL,0.15819332896632,""
SLC6A4,SERTRALINE HYDROCHLORIDE,TRUE,inhibitor,TEND; TTD; TdgClinicalTrial; ChEMBL,0.11864499672474,""
SLC6A4,EVODIAMINE,FALSE,"",PharmGKB,0.593224983623699,21647174
SLC6A4,PSEUDOEPHEDRINE,TRUE,"",TdgClinicalTrial,0.0348955872719823,""
SLC6A4,FLUOXETINE HYDROCHLORIDE,TRUE,inhibitor,TEND; TTD; NCI; TdgClinicalTrial; ChEMBL,0.127119639347935,11487610
SLC6A4,SIBUTRAMINE,FALSE,"",TEND; TTD; TdgClinicalTrial,0.1977416612079,""
SLC6A4,TRAMADOL,TRUE,"",TEND; TdgClinicalTrial,0.0494354153019749,""
SLC6A4,VORTIOXETINE HYDROBROMIDE,TRUE,inhibitor,TTD; TdgClinicalTrial; PharmGKB; ChEMBL,0.182530764191907,""
SLC6A4,BL-1021,FALSE,"",TTD,0.29661249181185,""
SLC6A4,DOXEPIN HYDROCHLORIDE,TRUE,"",TEND; TdgClinicalTrial; PharmGKB,0.0404471579743431,""
SLC6A4,DOTHIEPIN,TRUE,inhibitor,ChEMBL,0.0593224983623699,""
SLC6A4,DEXTROMETHORPHAN POLISTIREX,TRUE,"",TTD,0.0370765614764812,""
SLC6A4,DESIPRAMINE,TRUE,"",TEND; TdgClinicalTrial; PharmGKB,0.0456326910479769,""
SLC6A4,PHENTERMINE RESIN,TRUE,"",TEND; TdgClinicalTrial,0.395483322415799,""
SLC6A4,NORTRIPTYLINE HYDROCHLORIDE,TRUE,inhibitor,ChEMBL,0.0988708306039499,""
SLC6A4,MONOAMINE OXIDASE INHIBITOR,FALSE,"",PharmGKB,0.0204560339180586,""
SLC6A4,MILNACIPRAN,TRUE,"",TEND; TdgClinicalTrial,0.169492852463914,""
SLC6A4,RIBAVIRIN,TRUE,"",PharmGKB,0.0312223675591421,18458677
SLC6A4,DESVENLAFAXINE SUCCINATE,TRUE,inhibitor,TEND; TTD; TdgClinicalTrial; ChEMBL,0.29661249181185,""
SLC6A4,AMITIFADINE HYDROCHLORIDE,FALSE,"",TTD; TdgClinicalTrial,0.395483322415799,""
SLC6A4,TESOFENSINE,FALSE,inhibitor,TdgClinicalTrial; ChEMBL,0.29661249181185,""
SLC6A4,DASOTRALINE,FALSE,inhibitor,TTD; ChEMBL,0.395483322415799,""
SLC6A4,NEFAZODONE,TRUE,"",TEND; TdgClinicalTrial,0.084746426231957,""
SLC6A4,INDALPINE,TRUE,inhibitor,ChEMBL,0.593224983623699,""
SLC6A4,"3,4-METHYLENEDIOXYMETHAMPHETAMINE",FALSE,"",TTD,0.0539295439657908,""
SLC6A4,CLOMIPRAMINE HYDROCHLORIDE,TRUE,inhibitor,ChEMBL,0.1977416612079,""
SLC6A4,FAXELADOL,FALSE,inhibitor,ChEMBL,0.1977416612079,""
SLC6A4,LEVOMILNACIPRAN,TRUE,"",TTD; TdgClinicalTrial; PharmGKB,0.29661249181185,""
SLC6A4,SIBUTRAMINE HYDROCHLORIDE,TRUE,inhibitor,ChEMBL,0.0988708306039499,""
SLC6A4,LEVOMILNACIPRAN HYDROCHLORIDE,TRUE,inhibitor,ChEMBL,0.29661249181185,""
SLC6A4,MAZINDOL,TRUE,inhibitor,ChEMBL,0.11864499672474,""
SLC6A4,METHYLPHENIDATE HYDROCHLORIDE,TRUE,"",TEND; TdgClinicalTrial,0.0257923905923348,""
SLC6A4,BERBERINE,FALSE,"",PharmGKB,0.23728999344948,21647174
SLC6A4,CLOZAPINE,TRUE,"",PharmGKB,0.0122314429613134,20452607
SLC6A4,AMITIFADINE,FALSE,inhibitor,TTD; ChEMBL,0.395483322415799,""
SLC6A4,IMIPRAMINE PAMOATE,TRUE,inhibitor,ChEMBL,0.29661249181185,""
SLC6A4,NEFAZODONE HYDROCHLORIDE,TRUE,inhibitor,ChEMBL,0.0988708306039499,""
SLC6A4,DIETHYLPROPION,TRUE,"",TTD,0.1977416612079,""
SLC6A4,NOMIFENSINE MALEATE,TRUE,inhibitor,ChEMBL,0.11864499672474,""
SLC6A4,ACETAMINOPHEN,TRUE,"",TTD,0.0114081727619942,""
SLC6A4,BICIFADINE,FALSE,inhibitor,TTD; ChEMBL,0.593224983623699,19357320
SLC6A4,DA-8031,FALSE,"",TTD,0.593224983623699,""
SLC6A4,LIAFENSINE,FALSE,inhibitor,ChEMBL,0.1977416612079,""
SLC6A4,LITOXETINE,FALSE,"",TTD,0.29661249181185,""
SLC6A4,OPC-14523,FALSE,"",TdgClinicalTrial,0.148306245905925,""
SLC6A4,DESVENLAFAXINE FUMARATE,TRUE,inhibitor,ChEMBL,0.29661249181185,""
SLC6A4,THERAPEUTIC HORMONE,FALSE,"",NCI,0.0269647719828954,12660809
SLC6A4,FLUVOXAMINE MALEATE,TRUE,inhibitor,TTD; ChEMBL,1.1864499672474,""
SLC6A4,CITALOPRAM HYDROBROMIDE,TRUE,inhibitor,ChEMBL,0.29661249181185,""
SLC6A4,PAROXETINE HYDROCHLORIDE,FALSE,"",TTD,0.593224983623699,""
SLC6A4,SOLRIAMFETOL,FALSE,"",TdgClinicalTrial,0.29661249181185,""
SLC6A4,AMOXAPINE,TRUE,inhibitor,TEND; TdgClinicalTrial; ChEMBL,0.11864499672474,""
SLC6A4,BRASOFENSINE,FALSE,"",TTD,0.593224983623699,""
SLC6A4,MINAPRINE,TRUE,"",TEND; TdgClinicalTrial,0.1318277741386,""
SLC6A4,COCAINE,TRUE,"",TEND; TTD; TdgClinicalTrial,0.136898073143931,""
SLC6A4,GSK163090,FALSE,inhibitor,ChEMBL,0.148306245905925,""
SLC6A4,AMPRELOXETINE,FALSE,"",TTD,0.29661249181185,""
SLC6A4,DULOXETINE HYDROCHLORIDE,TRUE,inhibitor,TEND; TTD; TdgClinicalTrial; ChEMBL,0.0912653820959537,""
SLC6A4,BUPRENORPHINE,TRUE,"",PharmGKB,0.0988708306039499,29333880
SLC6A4,NS-2359,FALSE,inhibitor,ChEMBL,0.1977416612079,""
SLC6A4,FLUVOXAMINE,TRUE,"",TEND; TTD; TdgClinicalTrial,0.136898073143931,""
SLC6A4,4-METHYLTHIOAMPHETAMINE,FALSE,"",DTC,1.1864499672474,19717215
SLC6A4,"PAROXETINE HYDROCHLORIDE, HEMIHYDRATE",TRUE,inhibitor,TEND; TTD; TdgClinicalTrial; ChEMBL,0.0949159973797919,""
SLC6A4,METHADONE HYDROCHLORIDE,TRUE,"",PharmGKB,0.0348955872719823,29333880
SLC6A4,PROTRIPTYLINE HYDROCHLORIDE,TRUE,inhibitor,ChEMBL,0.1977416612079,""
SLC6A4,VILAZODONE HYDROCHLORIDE,TRUE,inhibitor,TTD; PharmGKB; ChEMBL,0.17796749508711,""
BIRC5,GENISTEIN,TRUE,"",NCI,0.0204560339180586,17375591
BIRC5,EPOETIN ALFA,TRUE,"",NCI,0.0348955872719823,17112829
BIRC5,FLUOROURACIL,TRUE,"",NCI,0.0102280169590293,15067352
BIRC5,PTHRP-(1-34) (HUMAN),FALSE,agonist,GuideToPharmacology,0.593224983623699,""
BIRC5,LY2181308,FALSE,inhibitor,TdgClinicalTrial; TALC,1.1864499672474,""
BIRC5,[ILE5]PTHRP-(1-36),FALSE,agonist,GuideToPharmacology,0.593224983623699,""
BIRC5,PTH-(1-34) (RAT),FALSE,agonist,GuideToPharmacology,0.29661249181185,""
BIRC5,TRETINOIN,TRUE,"",NCI,0.0260758234559868,11939262; 16403261; 14587026
BIRC5,AS101,FALSE,"",NCI,0.23728999344948,16889755
BIRC5,TIP39-(7-39) (MOUSE),FALSE,inhibitor,GuideToPharmacology,0.593224983623699,""
BIRC5,EPIRUBICIN,TRUE,"",NCI,0.03295694353465,16608080
BIRC5,MYCOPHENOLATE,TRUE,"",NCI,0.0539295439657908,15571295
BIRC5,[HIS5]PTH-(1-34) (HUMAN),FALSE,agonist,GuideToPharmacology,0.29661249181185,""
BIRC5,"[ILE5,TRP23,TYR36]PTHRP-(1-36)-NH2 (HUMAN)",FALSE,agonist,GuideToPharmacology,0.29661249181185,""
BIRC5,TRASTUZUMAB,TRUE,"",NCI; CIViC,0.0659138870692999,16452223
BIRC5,INTERLEUKIN-11,TRUE,"",NCI,0.11864499672474,14734714
BIRC5,"[ILE5,TRP23]PTHRP-(1-36) (HUMAN)",FALSE,agonist,GuideToPharmacology,0.29661249181185,""
BIRC5,TIP39,FALSE,agonist,GuideToPharmacology,0.593224983623699,""
BIRC5,PTHRP-(1-21)/PTH-(22-34) (HUMAN),FALSE,inhibitor,GuideToPharmacology,0.29661249181185,""
BIRC5,VORINOSTAT,TRUE,"",NCI,0.0211866065579893,16951239
BIRC5,"[125I][NLE8,21,TYR34]PTH-(1-34)-NH2 (RAT)",FALSE,agonist,GuideToPharmacology,0.29661249181185,""
BIRC5,IAP INHIBITOR HGS1029,FALSE,"",TdgClinicalTrial,0.148306245905925,""
BIRC5,DEXAMETHASONE,TRUE,"",NCI,0.0139582349087929,16787583
BIRC5,DOXORUBICIN HYDROCHLORIDE,TRUE,"",NCI,0.00801655383275269,16211302
BIRC5,OMACETAXINE MEPESUCCINATE,TRUE,"",NCI,0.23728999344948,15854289
BIRC5,TIP39-(7-39) (HUMAN/BOVINE),FALSE,inhibitor,GuideToPharmacology,0.29661249181185,""
BIRC5,ARSENIC TRIOXIDE,TRUE,"",NCI,0.0684490365719653,16950207; 15587394
BIRC5,IL-12,FALSE,"",NCI,0.1318277741386,12895357
BIRC5,"[D-TRP12,TYR34]PTH-(7-34) (BOVINE)",FALSE,inhibitor,GuideToPharmacology,0.29661249181185,""
BIRC5,ROFECOXIB,TRUE,"",NCI,0.1977416612079,14627349; 16707021
BIRC5,CAMPTOTHECIN,TRUE,"",NCI,0.0338985704927828,16211302
BIRC5,SEPANTRONIUM BROMIDE,FALSE,inhibitor,TALC,0.593224983623699,""
BIRC5,STAUROSPORINE,FALSE,"",NCI,0.0423732131159785,17255535
BIRC5,[TRP23]PTHRP-(1-36) (HUMAN),FALSE,agonist,GuideToPharmacology,0.29661249181185,""
BIRC5,TERIPARATIDE,TRUE,agonist,GuideToPharmacology,0.148306245905925,""
BIRC5,CALCITONIN,TRUE,"",NCI,0.1977416612079,16222118
BIRC5,VALDECOXIB,TRUE,"",NCI,0.395483322415799,16707021
BIRC5,"[ILE5,TRP23]PTHRP-(2-36) (HUMAN)",FALSE,agonist,GuideToPharmacology,0.29661249181185,""
BIRC5,IMATINIB,TRUE,"",NCI,0.016478471767325,16254145
BIRC5,SURVAXM,FALSE,"",TTD,0.593224983623699,""
BIRC5,ANTIOXIDANT,FALSE,"",NCI,0.0564976174879714,16139439
BIRC5,PROTEASOME INHIBITOR,FALSE,"",NCI,0.0593224983623699,15890091
BIRC5,DOCETAXEL ANHYDROUS,TRUE,"",ClearityFoundationBiomarkers,0.00714728895932168,""
BIRC5,LONAFARNIB,TRUE,"",NCI,0.1318277741386,15090542
BIRC5,ERLOTINIB,TRUE,"",NCI,0.0211866065579893,17047074
BIRC5,INTERFERON BETA-1A,TRUE,"",NCI,0.0790966644831599,12117359
BIRC5,"[TRP23,TYR36]PTHRP-(1-36)-NH2 (HUMAN)",FALSE,agonist,GuideToPharmacology,0.29661249181185,""
BIRC5,"[ILE5,TRP23]PTHRP-(5-36)",FALSE,inhibitor,GuideToPharmacology,0.29661249181185,""
BIRC5,PLICAMYCIN,TRUE,"",NCI,0.1977416612079,17124180
BIRC5,RAS INHIBITOR,FALSE,"",NCI,0.29661249181185,16985068
BIRC5,INDOMETHACIN,TRUE,"",NCI,0.029661249181185,17270149
BIRC5,PACLITAXEL,TRUE,"",NCI; ClearityFoundationBiomarkers,0.0215718175863163,16211241; 15347474
BIRC5,SURVIVIN MRNA ANTAGONIST EZN-3042,FALSE,"",TTD,0.593224983623699,""
BIRC5,PLATINUM COMPOUND,FALSE,"",CIViC,0.0741531229529624,""
BIRC5,FLUTAMIDE,TRUE,"",NCI,0.0593224983623699,15735703
BIRC5,PTHRP-(1-36),FALSE,agonist,GuideToPharmacology,0.29661249181185,""
BIRC5,ANTINEOPLASTIC VACCINE,FALSE,"",NCI,0.23728999344948,15746049
BIRC5,MAVEROPEPIMUT-S,FALSE,"",TTD,0.593224983623699,""
BIRC5,CISPLATIN,TRUE,"",NCI,0.00807108821256734,15970709
BIRC5,"[ILE5,TRP23]PTHRP-(4-36) (HUMAN)",FALSE,agonist,GuideToPharmacology,0.29661249181185,""
BIRC5,RESVERATROL,TRUE,"",NCI,0.048426529275404,17270149; 15837718; 14729643
BIRC5,[D-TRP12]PTH-(7-34) (BOVINE),FALSE,inhibitor,GuideToPharmacology,0.593224983623699,""
BIRC5,PLEVITREXED,FALSE,"",NCI,1.1864499672474,14695155
BIRC5,ACELLULAR DERMAL MATRIX,FALSE,"",NCI,0.29661249181185,17121723
BIRC5,COMPOUND III [PMID: 24080463],FALSE,inhibitor,GuideToPharmacology,0.593224983623699,""
BIRC5,TETRADECANOYLPHORBOL ACETATE,FALSE,"",NCI,0.0257923905923348,12118374
BIRC5,[PHE23]PTH-(1-34) (HUMAN),FALSE,agonist,GuideToPharmacology,0.29661249181185,""
BIRC5,UCN-01,FALSE,"",NCI,0.0593224983623699,15255949
BIRC5,TIP39,FALSE,agonist,GuideToPharmacology,0.29661249181185,""
BIRC5,"[ILE5,TRP23]PTHRP-(3-36) (HUMAN)",FALSE,agonist,GuideToPharmacology,0.29661249181185,""
BIRC5,RECOMBINANT INTERLEUKIN-1,FALSE,"",NCI,0.0659138870692999,10666367
BIRC5,PRASTERONE,TRUE,"",NCI,0.0659138870692999,16461558
BIRC5,CYTARABINE,TRUE,"",NCI,0.0148306245905925,14713572
BIRC5,LAPATINIB,TRUE,"",NCI,0.0382725795886258,16452223
BIRC5,NONSTEROIDAL ANTIINFLAMMATORY DRUG,FALSE,"",NCI,0.0697911745439646,17270149
BIRC5,TRAIL,FALSE,"",NCI,0.0790966644831599,15569667
BIRC5,IRINOTECAN HYDROCHLORIDE,TRUE,"",NCI,0.0188325391626571,15956246
BIRC5,"PTHRP-(7-34) (HUMAN, RAT, MOUSE)",FALSE,inhibitor,GuideToPharmacology,0.29661249181185,""
BIRC5,PD-98059,FALSE,"",NCI,0.0320662153310108,11313272
BIRC5,CARBOPLATIN,TRUE,"",NCI,0.0137959298517139,15347474
BIRC5,DACTINOMYCIN,TRUE,"",NCI,0.0338985704927828,15883285
BIRC5,SVN53-67/M57-KLH PEPTIDE VACCINE,FALSE,vaccine,ChEMBL,0.593224983623699,""
BIRC5,ENZYME INHIBITOR,FALSE,"",NCI,0.0988708306039499,17059765
BIRC5,METHOTREXATE,TRUE,"",NCI; PharmGKB,0.0215718175863163,15670151; 26651826
BIRC5,"[ILE5,TRP23]PTHRP-(5-36) (HUMAN)",FALSE,agonist,GuideToPharmacology,0.593224983623699,""
BIRC5,ROMIDEPSIN,TRUE,"",NCI,0.0423732131159785,14767553
BIRC5,SULINDAC,TRUE,"",NCI,0.084746426231957,16950207; 16707021
BIRC5,GM-CSF,FALSE,"",NCI,0.0741531229529624,16403261
TNFRSF4,TREBANANIB,FALSE,"",TTD,0.543789568321724,""
TNFRSF4,VONLEROLIZUMAB,FALSE,"",TTD,3.26273740993035,""
TNFRSF4,TAVOLIMAB,FALSE,"",TTD,3.26273740993035,""
TNFRSF4,ROCATINLIMAB,FALSE,antibody,GuideToPharmacology,3.26273740993035,""
TNFRSF4,VONLEROLIZUMAB,FALSE,antibody,GuideToPharmacology,3.26273740993035,""
TNFRSF4,IVUXOLIMAB,FALSE,agonist,TTD; ChEMBL,6.52547481986069,""
TNFRSF4,ROCATINLIMAB,FALSE,inhibitor,ChEMBL,3.26273740993035,""
TNFRSF4,COMPOUND 1 [PMID: 24930776],FALSE,"",GuideToPharmacology,3.26273740993035,""
TNFRSF4,OX-40 LIGAND,FALSE,"",GuideToPharmacology,3.26273740993035,""
TNFRSF4,TELAZORLIMAB,FALSE,"",TTD,3.26273740993035,""
TNFRSF4,AGONISTIC ANTI-OX40 MONOCLONAL ANTIBODY INCAGN01949,FALSE,"",TTD,3.26273740993035,""
TNFRSF4,MEDI-6469,FALSE,agonist,ChEMBL,3.26273740993035,""
TNFRSF4,TELAZORLIMAB,FALSE,inhibitor,ChEMBL,3.26273740993035,""
TNFRSF4,LIPID NANOPARTICLE ENCAPSULATED OX40L MRNA-2416,FALSE,"",TTD,3.26273740993035,""
TNFRSF4,GSK-3174998,FALSE,agonist,ChEMBL,3.26273740993035,""
TNFRSF4,EFIZONERIMOD,FALSE,"",TTD,3.26273740993035,""
FSCN1,NP-G2-044,FALSE,"",TTD,52.2037985588855,""
HOXC10,BEVACIZUMAB,TRUE,"",CIViC,1.30509496397214,""
STK39,LOSARTAN POTASSIUM,TRUE,"",PharmGKB,9.49159973797919,21993215
NPEPPS,TOSEDOSTAT,FALSE,inhibitor,TTD; ChEMBL,1.74012661862952,""
NPEPPS,ANTAQ,FALSE,inhibitor,GuideToPharmacology,17.4012661862952,""
NPEPPS,PUROMYCIN,FALSE,inhibitor,GuideToPharmacology,1.93347402069946,""
CYP3A5,BUPRENORPHINE,TRUE,"",PharmGKB,0.0966737010349732,18695978
CYP3A5,FENOFIBRATE MICRONIZED,TRUE,"",PharmGKB,0.0446186312469107,18695978
CYP3A5,LOSARTAN POTASSIUM,TRUE,"",PharmGKB,0.10546221931088,18695978
CYP3A5,LANSOPRAZOLE,TRUE,"",PharmGKB,0.0400029107730924,18695978
CYP3A5,PROPOXYPHENE,TRUE,"",PharmGKB,0.435031654657379,20133509; 18695978
CYP3A5,VARDENAFIL,TRUE,"",PharmGKB,0.580042206209839,21934637
CYP3A5,ETHINYL ESTRADIOL,TRUE,"",PharmGKB,0.0580042206209839,18695978
CYP3A5,ONDANSETRON HYDROCHLORIDE,TRUE,"",PharmGKB,0.0610570743378778,21596874
CYP3A5,ITRACONAZOLE,TRUE,"",PharmGKB,0.128898268046631,23723360
CYP3A5,ZOLPIDEM TARTRATE,TRUE,"",PharmGKB,0.0446186312469107,""
CYP3A5,"IBUPROFEN, SODIUM SALT",TRUE,"",PharmGKB,0.0148728770823036,""
CYP3A5,MEPERIDINE HYDROCHLORIDE,TRUE,"",PharmGKB,0.116008441241968,18695978
CYP3A5,PAREGORIC,TRUE,"",PharmGKB,0.0126096131784748,""
CYP3A5,PREDNISOLONE,TRUE,"",NCI,0.0414315861578457,12673034
CYP3A5,NIMODIPINE,TRUE,"",PharmGKB,0.0915856115068167,32284009; 19205682
CYP3A5,OXYMORPHONE,TRUE,"",PharmGKB,0.0527311096554399,""
CYP3A5,CLOPIDOGREL,TRUE,"",DTC,0.0165726344631383,""
CYP3A5,TESTOSTERONE,TRUE,"",PharmGKB,0.0297457541646071,12893984
CYP3A5,CHLORPHENIRAMINE POLISTIREX,TRUE,"",PharmGKB,0.29002110310492,18695978
CYP3A5,IMATINIB,TRUE,"",PharmGKB,0.0322245670116577,29427770; 28330783; 27426203
CYP3A5,PHENYTOIN SODIUM,TRUE,"",NCI,0.0276210574385638,12673034
CYP3A5,NIFEDIPINE,TRUE,"",PharmGKB,0.0414315861578457,22875663; 17035598; 12893984
CYP3A5,GEFITINIB,TRUE,"",NCI,0.0173146927226818,17575239
CYP3A5,FLUCONAZOLE,TRUE,"",PharmGKB,0.116008441241968,23837476
CYP3A5,MARAVIROC,TRUE,"",PharmGKB,0.29002110310492,30192390
CYP3A5,PRASUGREL,TRUE,"",FDA,0.0966737010349732,""
CYP3A5,HYDROCODONE,TRUE,"",PharmGKB,0.0725052757762299,18695978
CYP3A5,HYDROXYCHLOROQUINE,TRUE,"",PharmGKB,0.0644491340233155,35135554
CYP3A5,LIOTHYRONINE,TRUE,"",NCI,0.0351540731036266,1322573
CYP3A5,ARTEMETHER,TRUE,"",PharmGKB,0.116008441241968,""
CYP3A5,CYCLOBENZAPRINE,TRUE,"",PharmGKB,0.128898268046631,18695978
CYP3A5,MEDROXYPROGESTERONE,TRUE,"",PharmGKB,0.165726344631383,18695978
CYP3A5,CABAZITAXEL,TRUE,"",PharmGKB,0.0527311096554399,27020167
CYP3A5,LOVASTATIN,TRUE,"",PharmGKB,0.0446186312469107,18695978; 15284534
CYP3A5,AMIODARONE HYDROCHLORIDE,TRUE,"",PharmGKB,0.0446186312469107,18695978
CYP3A5,FLECAINIDE ACETATE,TRUE,"",PharmGKB,0.116008441241968,22718623
CYP3A5,RIFAMPIN,TRUE,"",PharmGKB; DTC,0.0828631723156913,18695978; 26291341
CYP3A5,ISOPROPYL ALCOHOL,TRUE,"",NCI,0.386694804139893,6409434
CYP3A5,TRETINOIN,TRUE,"",PharmGKB,0.0127481803562602,18695978
CYP3A5,TESMILIFENE,FALSE,"",TdgClinicalTrial,0.0725052757762299,""
CYP3A5,MONTELUKAST SODIUM,TRUE,"",PharmGKB,0.0527311096554399,18695978
CYP3A5,ALPRAZOLAM,TRUE,"",PharmGKB,0.0341201297770494,18695978
CYP3A5,COBICISTAT,TRUE,inhibitor,ChEMBL,0.116008441241968,""
CYP3A5,WARFARIN,TRUE,"",PharmGKB,0.0351540731036266,18695978
CYP3A5,PACLITAXEL,TRUE,"",NCI,0.010546221931088,16753005
CYP3A5,RITONAVIR,TRUE,inhibitor,ChEMBL,0.0214830446744385,""
CYP3A5,KETOCONAZOLE,TRUE,"",PharmGKB,0.0527311096554399,23723360
CYP3A5,CLOMIPRAMINE,TRUE,"",PharmGKB,0.0305285371689389,27800629
CYP3A5,SIMVASTATIN,TRUE,"",NCI,0.0232016882483936,16321621
CYP3A5,GRANISETRON,TRUE,"",PharmGKB,0.10546221931088,27809336
CYP3A5,MYCOPHENOLATE,TRUE,"",PharmGKB,0.0527311096554399,24220207
CYP3A5,APIXABAN,TRUE,"",PharmGKB,0.386694804139893,36309848; 29457840; 28678049
CYP3A5,MELOXICAM,TRUE,"",PharmGKB,0.14501055155246,18695978
CYP3A5,AMPRENAVIR,TRUE,"",NCI,0.232016882483936,16433896
CYP3A5,OMEPRAZOLE,TRUE,"",PharmGKB,0.0313536327680994,18695978
CYP3A5,ARTEMOTIL,TRUE,"",PharmGKB,0.14501055155246,""
CYP3A5,LAPATINIB,TRUE,"",DTC,0.0561331167299844,23404373; 22511346
CYP3A5,FELODIPINE,TRUE,"",PharmGKB,0.0682402595540987,28244604
CYP3A5,CLINDAMYCIN,TRUE,"",PharmGKB,0.232016882483936,18695978
CYP3A5,ESOMEPRAZOLE SODIUM,TRUE,"",PharmGKB,0.193347402069946,18695978
CYP3A5,RIVAROXABAN,TRUE,"",PharmGKB,0.128898268046631,36309848
CYP3A5,HYDROMORPHONE HYDROCHLORIDE,TRUE,"",PharmGKB,0.0892372624938214,18695978
CYP3A5,DABIGATRAN,TRUE,"",PharmGKB,0.193347402069946,36309848; 32564268
CYP3A5,SIBUTRAMINE,FALSE,"",PharmGKB,0.128898268046631,18695978
CYP3A5,ESZOPICLONE,TRUE,"",PharmGKB,0.0644491340233155,18695978
CYP3A5,LORATADINE,TRUE,"",PharmGKB,0.0610570743378778,18695978
CYP3A5,CELECOXIB,TRUE,"",PharmGKB,0.0173146927226818,18695978
CYP3A5,PANTOPRAZOLE SODIUM,TRUE,"",PharmGKB,0.116008441241968,18695978
CYP3A5,PROGESTERONE,TRUE,"",PharmGKB,0.0196624476681301,18695978
CYP3A5,EDOXABAN,TRUE,"",PharmGKB,0.232016882483936,36309848
CYP3A5,GABAPENTIN,TRUE,"",PharmGKB,0.014501055155246,""
CYP3A5,CILOSTAZOL,TRUE,"",PharmGKB,0.0828631723156913,26426352
CYP3A5,ATROPINE,TRUE,"",NCI,0.0682402595540987,2128054
CYP3A5,ERLOTINIB,TRUE,"",PharmGKB,0.0207157930789228,18309947
CYP3A5,4-HYDROXYCYCLOPHOSPHAMIDE,TRUE,"",PharmGKB,0.580042206209839,28976264
CYP3A5,SALMETEROL,TRUE,"",PharmGKB,0.232016882483936,18695978
CYP3A5,DOLUTEGRAVIR SODIUM,TRUE,"",PharmGKB,0.0966737010349732,""
CYP3A5,LENVATINIB,TRUE,"",PharmGKB,0.0610570743378778,36982571
CYP3A5,PITAVASTATIN,TRUE,"",PharmGKB,0.116008441241968,""
CYP3A5,ISOTRETINOIN,TRUE,"",PharmGKB,0.0725052757762299,18695978
CYP3A5,HYDROXYZINE,TRUE,"",PharmGKB,0.128898268046631,18695978
CYP3A5,FLUTICASONE,TRUE,"",PharmGKB,0.0610570743378778,18695978
CYP3A5,TERAZOSIN,TRUE,"",PharmGKB,0.0892372624938214,18695978
CYP3A5,CARBOPLATIN,TRUE,"",PharmGKB,0.013489353632787,26179145
CYP3A5,CARBAMAZEPINE,TRUE,"",NCI,0.0236751920901975,12673034
CYP3A5,CYCLOSPORINE,TRUE,"",NCI,0.0133343035910308,12673034
CYP3A5,TRIAZOLAM,TRUE,"",PharmGKB,0.0175770365518133,""
CYP3A5,TADALAFIL,TRUE,"",PharmGKB,0.29002110310492,18695978
CYP3A5,PREDNISONE,TRUE,"",PharmGKB,0.0257796536093262,36100194
CYP3A5,CLARITHROMYCIN,TRUE,"",PharmGKB,0.0682402595540987,18695978
RPS6KA6,TAS0612,FALSE,inhibitor,ChEMBL,0.870063309314759,""
RPS6KA6,CEP-1347,FALSE,"",DTC,1.93347402069946,24044867
RPS6KA6,BAY-985,FALSE,inhibitor,GuideToPharmacology,1.74012661862952,""
RPS6KA6,BI-D1870,FALSE,inhibitor,GuideToPharmacology,1.24294758473537,""
RPS6KA6,AT-9283,FALSE,inhibitor,GuideToPharmacology,0.725052757762299,""
RPS6KA6,COMPOUND 25B [PMID: 22564207],FALSE,inhibitor,GuideToPharmacology,1.08757913664345,""
ACADM,VALSARTAN,TRUE,inhibitor,GuideToPharmacology,0.561331167299844,""
ACADM,"[SAR1,ILE8]ANG-II",FALSE,inhibitor,GuideToPharmacology,1.68399350189953,""
ACADM,OLMESARTAN MEDOXOMIL,TRUE,inhibitor,GuideToPharmacology,0.420998375474883,""
ACADM,LOSARTAN POTASSIUM,TRUE,inhibitor,GuideToPharmacology,0.153090318354503,""
ACADM,COMPOUND 1 [PMID: 28379944],FALSE,inhibitor,GuideToPharmacology,0.841996750949767,""
ACADM,IRBESARTAN,TRUE,inhibitor,GuideToPharmacology,0.210499187737442,""
ACADM,ANGIOTENSIN A,FALSE,agonist,GuideToPharmacology,0.841996750949767,""
ACADM,TRV-120027,FALSE,inhibitor,GuideToPharmacology,0.841996750949767,""
ACADM,CANDESARTAN CILEXETIL,TRUE,inhibitor,GuideToPharmacology,0.112266233459969,""
ACADM,SPARSENTAN,TRUE,inhibitor,GuideToPharmacology,0.336798700379907,""
ACADM,LY301875,FALSE,inhibitor,GuideToPharmacology,1.68399350189953,""
ACADM,5-BUTYL-METHYL IMMIDAZOLE CARBOXYLATE 30,FALSE,inhibitor,GuideToPharmacology,1.68399350189953,""
ACADM,TELMISARTAN,TRUE,inhibitor,GuideToPharmacology,0.153090318354503,""
ACADM,"N,N`-BIS-ALKYL BUTYLIMMIDAZOLE 12B",FALSE,inhibitor,GuideToPharmacology,1.68399350189953,""
ACADM,TASOSARTAN,FALSE,inhibitor,GuideToPharmacology,0.841996750949767,""
ACADM,LY303336,FALSE,inhibitor,GuideToPharmacology,1.68399350189953,""
ACADM,TRV023,FALSE,agonist,GuideToPharmacology,1.68399350189953,""
ACADM,"[SAR1,ALA8]ANG-II",FALSE,inhibitor,GuideToPharmacology,1.68399350189953,""
ACADM,TRV026,FALSE,agonist,GuideToPharmacology,1.68399350189953,""
ACADM,"L-163,101",FALSE,agonist,GuideToPharmacology,1.68399350189953,""
ACADM,ANGIOTENSIN II,TRUE,agonist,GuideToPharmacology,0.420998375474883,""
ACADM,AZILSARTAN MEDOXOMIL,TRUE,inhibitor,GuideToPharmacology,0.841996750949767,""
ACADM,EXP3174,FALSE,inhibitor,GuideToPharmacology,1.68399350189953,""
ACADM,"L-162,313",FALSE,agonist,GuideToPharmacology,0.187110389099948,""
ACADM,"[SAR1,GLY4,GLY8]ANG-II",FALSE,inhibitor,GuideToPharmacology,1.68399350189953,""
ACADM,COMPOUND 2 [PMID: 28379944],FALSE,inhibitor,GuideToPharmacology,0.841996750949767,""
ACADM,ANGIOTENSIN III,FALSE,agonist,GuideToPharmacology,0.841996750949767,""
ACADM,ANGIOTENSIN IV,FALSE,agonist,GuideToPharmacology,1.68399350189953,""
ACADM,THERAPEUTIC HORMONE,FALSE,"",NCI,0.0765451591772515,9164869
ACADM,EPROSARTAN,TRUE,inhibitor,GuideToPharmacology,0.841996750949767,""
ACADM,"[SAR1,ILE4,ILE8]ANG-II",FALSE,inhibitor,GuideToPharmacology,1.68399350189953,""
MAML3,PERPHENAZINE,TRUE,"",PharmGKB,4.01567681222196,22920393
BGN,COMPOUND 6N [PMID: 31419141],FALSE,agonist,GuideToPharmacology,26.1018992794428,""
BGN,RJW100,FALSE,agonist,GuideToPharmacology,13.0509496397214,""
CIP2A,GEMCITABINE,TRUE,"",CIViC,0.567432593031365,""
FCGR3A,AFM-13,FALSE,"",TTD,0.966737010349732,""
FCGR3A,TRASTUZUMAB,TRUE,"",NCI; PharmGKB,0.179025372286987,21109570; 18347005; 18089830
FCGR3A,TOMIVOSERTIB,FALSE,inhibitor,GuideToPharmacology,0.241684252587433,""
FCGR3A,PUROMYCIN,FALSE,"",NCI,0.214830446744385,8423352
FCGR3A,MAFOSFAMIDE,FALSE,"",NCI,0.483368505174866,1515095
FCGR3A,PICIBANIL,FALSE,"",NCI,0.386694804139893,1371977
FCGR3A,RECOMBINANT INTERLEUKIN-8,FALSE,"",NCI,0.483368505174866,1827816
FCGR3A,RECOMBINANT FLT3 LIGAND,FALSE,"",NCI,0.644491340233155,15102482
FCGR3A,PREDNISOLONE,TRUE,"",NCI; PharmGKB,0.138105287192819,17329922; 21900198
FCGR3A,FAS LIGAND,FALSE,"",NCI,0.161122835058289,10729215
FCGR3A,MATRIX METALLOPROTEINASE INHIBITOR,FALSE,"",NCI,1.93347402069946,15030579
FCGR3A,GELDANAMYCIN,FALSE,"",NCI,0.128898268046631,7662976
FCGR3A,PROTEASE INHIBITOR,FALSE,"",NCI,0.0966737010349732,16103765
FCGR3A,DOXORUBICIN HYDROCHLORIDE,TRUE,"",NCI; PharmGKB,0.0261280273067495,1830717; 21900198
FCGR3A,IMGATUZUMAB,FALSE,modulator,ChEMBL,0.483368505174866,""
FCGR3A,TETRADECANOYLPHORBOL ACETATE,FALSE,"",NCI,0.0420320439282492,1827816
FCGR3A,RECOMBINANT HUMAN STEM CELL FACTOR,FALSE,"",NCI,0.386694804139893,10432289
FCGR3A,EPOETIN ALFA,TRUE,"",NCI,0.0568668829617489,1300984
FCGR3A,CA19-9 ANTIGEN,FALSE,"",NCI,0.966737010349732,1394194
FCGR3A,CETUXIMAB,TRUE,"",NCI,0.052256054613499,17704420
FCGR3A,IL-18,FALSE,"",NCI,0.644491340233155,16313368
FCGR3A,LACTULOSE,TRUE,"",NCI,0.483368505174866,1418064
FCGR3A,DIMETHYL SULFOXIDE,TRUE,"",NCI,0.120842126293716,16896803
FCGR3A,UBENIMEX,FALSE,"",NCI,0.276210574385638,9003465
FCGR3A,POLY IC,FALSE,"",NCI,0.483368505174866,15315972
FCGR3A,ANTI-THYMOCYTE GLOBULIN,TRUE,"",PharmGKB,0.175770365518133,24322002
FCGR3A,HEPARIN,TRUE,"",NCI,0.0604210631468582,18492254
FCGR3A,BAY-985,FALSE,inhibitor,GuideToPharmacology,0.193347402069946,""
FCGR3A,IMMUNOSUPPRESSANT,FALSE,"",NCI,0.107415223372192,14987319
FCGR3A,THALIDOMIDE,TRUE,"",NCI,0.052256054613499,15457133
FCGR3A,SODIUM CHLORIDE,TRUE,"",NCI,0.0690526435964094,17187818
FCGR3A,PENICILLIN,FALSE,"",NCI,0.483368505174866,17257217
FCGR3A,VINCRISTINE,TRUE,"",PharmGKB,0.023870049638265,21900198
FCGR3A,CIMETIDINE,TRUE,"",NCI,0.138105287192819,11556524
FCGR3A,LIF,FALSE,"",NCI,0.241684252587433,7686393
FCGR3A,IMMUNOTHERAPEUTIC AGENT,FALSE,"",NCI,0.193347402069946,1832500
FCGR3A,H2O2,FALSE,"",NCI,0.0743643854115179,2138680
FCGR3A,COMPOUND 7 [PMID: 34333981],FALSE,inhibitor,GuideToPharmacology,0.966737010349732,""
FCGR3A,ANGIOGENESIS INHIBITOR,FALSE,"",NCI,0.161122835058289,15457133
FCGR3A,CYTARABINE,TRUE,"",NCI,0.0241684252587433,17852453
FCGR3A,CYCLOSPORINE,TRUE,"",NCI,0.0222238393183846,17852453
FCGR3A,RECOMBINANT EOTAXIN,FALSE,"",NCI,0.322245670116577,12489019
FCGR3A,GMA-161,FALSE,"",TTD,0.966737010349732,""
FCGR3A,TOCILIZUMAB,TRUE,"",PharmGKB,0.386694804139893,30457672
FCGR3A,INDOMETHACIN,TRUE,"",NCI,0.0483368505174866,17329922
FCGR3A,TESMILIFENE,FALSE,"",NCI,0.241684252587433,11556524
FCGR3A,MUROMONAB-CD3,TRUE,"",NCI,0.276210574385638,11599102
FCGR3A,MARGETUXIMAB,TRUE,"",PharmGKB,0.193347402069946,""
FCGR3A,AT-9283,FALSE,inhibitor,GuideToPharmacology,0.0805614175291443,""
FCGR3A,RITUXIMAB,TRUE,"",PharmGKB,0.42966089348877,30457672; 26167726; 23505228; 21900198; 19018870; 16609067; 12975461
FCGR3A,CHONDROITIN SULFATES,TRUE,"",NCI,0.214830446744385,18006074
FCGR3A,ALDESLEUKIN,TRUE,"",NCI,0.0966737010349732,2528593; 1827816
FCGR3A,FENTANYL CITRATE,TRUE,"",NCI,0.0644491340233155,11772808
FCGR3A,CYCLOPHOSPHAMIDE ANHYDROUS,TRUE,"",PharmGKB,0.023870049638265,21900198
CNGA1,MS023,FALSE,inhibitor,GuideToPharmacology,3.48025323725904,""
CNGA1,MS049,FALSE,inhibitor,GuideToPharmacology,5.80042206209839,""
CNGA1,DEQUALINIUM,TRUE,"",TTD,1.08757913664345,""
ANXA1,METHYLPREDNISOLONE,TRUE,"",TEND,0.0659138870692999,""
ANXA1,EFWSLAAPQRF-NH2,FALSE,agonist,GuideToPharmacology,0.593224983623699,""
ANXA1,BIBP3226,FALSE,inhibitor,GuideToPharmacology,0.395483322415799,""
ANXA1,FLUMETHASONE PIVALATE,TRUE,"",TEND,0.29661249181185,""
ANXA1,PANCREATIC POLYPEPTIDE,FALSE,agonist,GuideToPharmacology,0.593224983623699,""
ANXA1,ST 638,FALSE,"",NCI,2.3728999344948,2144851
ANXA1,NEUROPEPTIDE FF,FALSE,agonist,GuideToPharmacology,0.593224983623699,""
ANXA1,BETAMETHASONE,TRUE,"",TEND,0.11864499672474,""
ANXA1,PHORBOL 12-MYRISTATE 13-ACETATE,FALSE,"",NCI,0.15819332896632,8503863
ANXA1,DIFLORASONE DIACETATE,TRUE,"",TEND,0.1977416612079,""
ANXA1,PREDNISOLONE,TRUE,"",TEND,0.0423732131159785,""
ANXA1,RFRP-3,FALSE,agonist,GuideToPharmacology,0.593224983623699,""
ANXA1,ALCLOMETASONE,TRUE,"",TEND,0.29661249181185,""
ANXA1,CLOBETASOL,TRUE,"",TEND,0.29661249181185,""
ANXA1,RIMEXOLONE,TRUE,"",TEND,0.23728999344948,""
ANXA1,1DME,FALSE,agonist,GuideToPharmacology,0.593224983623699,""
ANXA1,DEXAMETHASONE,TRUE,"",TEND; NCI,0.0418747047263788,15022342
ANXA1,[125I]EYF,FALSE,agonist,GuideToPharmacology,1.1864499672474,""
ANXA1,PREDNICARBATE,TRUE,"",TEND,0.29661249181185,""
ANXA1,DNPA,FALSE,agonist,GuideToPharmacology,1.1864499672474,""
ANXA1,[3H]EYF,FALSE,agonist,GuideToPharmacology,1.1864499672474,""
ANXA1,TRIAMCINOLONE,TRUE,"",TEND,0.0515847811846695,""
ANXA1,4-PHENYLENEDIAMINE,FALSE,"",NCI,0.338985704927828,11468004
ANXA1,CLOCORTOLONE,TRUE,"",TEND,0.23728999344948,""
ANXA1,TETRADECANOYLPHORBOL ACETATE,FALSE,"",NCI,0.0515847811846695,8503863
ANXA1,HYDROCORTISONE BUTYRATE,TRUE,"",NCI,0.0564976174879714,1712816
ANXA1,TRASTUZUMAB,TRUE,"",CGI,0.0439425913795333,""
ANXA1,DESOXIMETASONE,TRUE,"",TEND,0.1977416612079,""
ANXA1,THERAPEUTIC GLUCOCORTICOID,FALSE,"",NCI,0.104686761815947,12887795; 12639897
ANXA1,Y-RFRP-3,FALSE,agonist,GuideToPharmacology,0.593224983623699,""
ANXA1,[125I]NPFF,FALSE,agonist,GuideToPharmacology,0.593224983623699,""
ANXA1,AMCINONIDE,TRUE,"",TEND,0.169492852463914,""
ANXA1,LOTEPREDNOL,TRUE,"",TEND,0.29661249181185,""
ANXA1,BECLOMETHASONE,TRUE,"",TEND,0.0988708306039499,""
ANXA1,MOMETASONE,TRUE,"",TEND,0.1318277741386,""
ANXA1,PREDNISONE,TRUE,"",TEND,0.02636555482772,""
ANXA1,RF9,FALSE,inhibitor,GuideToPharmacology,0.593224983623699,""
ANXA1,THERAPEUTIC CORTICOSTEROID,FALSE,"",NCI,0.0564976174879714,2144977
ANXA1,DESONIDE,TRUE,"",TEND,0.395483322415799,""
ANXA1,AC263093,FALSE,agonist,GuideToPharmacology,1.1864499672474,""
ANXA1,HALOBETASOL,TRUE,"",TEND,0.395483322415799,""
ANXA1,HYDROCORTAMATE,TRUE,"",TEND,0.593224983623699,""
ANXA1,COMPOUND 46 [PMID: 25268943],FALSE,inhibitor,GuideToPharmacology,0.593224983623699,""
ANXA1,STAUROSPORINE,FALSE,"",NCI,0.084746426231957,1444457
EPCAM,CITATUZUMAB BOGATOX,FALSE,binder,TTD; TdgClinicalTrial; ChEMBL,6.26445582706626,""
EPCAM,LEUCOVORIN CALCIUM,TRUE,"",NCI,0.116008441241968,10470170
EPCAM,TRASTUZUMAB,TRUE,"",NCI,0.154677921655957,15655555
EPCAM,CATUMAXOMAB,TRUE,modulator; antibody,TdgClinicalTrial; TALC; ChEMBL,1.25289116541325,""
EPCAM,SOLITOMAB,FALSE,modulator,TdgClinicalTrial; TALC; ChEMBL,1.56611395676657,""
EPCAM,ADJUVANT,FALSE,"",NCI,0.278420258980723,15567937
EPCAM,LYMPHOKINE-ACTIVATED KILLER CELLS,FALSE,"",NCI,0.379663989519168,10431685
EPCAM,INCOMPLETE FREUND'S ADJUVANT,FALSE,"",NCI,1.39210129490361,11768621
EPCAM,OPORTUZUMAB MONATOX,FALSE,binder,TTD; TdgClinicalTrial; ChEMBL,4.17630388471084,23900680
EPCAM,KEYHOLE LIMPET HEMOCYANIN,FALSE,"",NCI,1.04407597117771,11768621
EPCAM,ADECATUMUMAB,FALSE,inhibitor,TdgClinicalTrial; ChEMBL,4.17630388471084,""
EPCAM,HEAVY MINERAL OIL,TRUE,"",NCI,4.17630388471084,14741172
EPCAM,VACCINE,FALSE,"",NCI,0.379663989519168,15328177
EPCAM,MOC31-PE,FALSE,binder,ChEMBL,2.08815194235542,""
EPCAM,ANTINEOPLASTIC VACCINE,FALSE,"",NCI,0.835260776942168,16619291
EPCAM,"ALUM, POTASSIUM",TRUE,"",NCI,1.04407597117771,11768621
EPCAM,IGN-101,FALSE,binder,ChEMBL,2.08815194235542,""
EPCAM,ALDESLEUKIN,TRUE,"",NCI,0.139210129490361,12174877
EPCAM,DNA VACCINE,FALSE,"",NCI,0.835260776942168,15382049
EPCAM,EDRECOLOMAB,FALSE,modulator,ChEMBL,0.696050647451807,""
EPCAM,ING-1,FALSE,other/unknown,TTD; TdgClinicalTrial; ChEMBL,6.26445582706626,""
EPCAM,ALVAC VACCINE,FALSE,"",NCI,4.17630388471084,12855617
EPCAM,TUCOTUZUMAB CELMOLEUKIN,FALSE,other/unknown,ChEMBL,2.08815194235542,""
EPCAM,TAG-72 ANTIGEN,FALSE,"",NCI,4.17630388471084,2316628
EPCAM,FREUND'S ADJUVANT,FALSE,"",NCI,0.348025323725904,15637741
OSM,IL-10,FALSE,"",NCI,10.4407597117771,12148907
OSM,TNF-ALPHA,FALSE,"",NCI,2.1751582732869,10632674
RORA,TO-901317,FALSE,"",DTC,0.815684352482587,""
RORA,INTERFERON BETA-1A,TRUE,"",PharmGKB,1.74012661862952,31649263
RORA,CITALOPRAM,TRUE,"",PharmGKB,0.745768550841222,19846067
RORA,MELATONIN,TRUE,"",NCI,1.35009823859187,8702678; 12595746
DLX4,CENDERITIDE,FALSE,agonist,GuideToPharmacology,1.63136870496517,""
DLX4,VOSORITIDE,TRUE,agonist,GuideToPharmacology,2.1751582732869,""
DLX4,PEPTIDE P19 [PMID: 15652659],FALSE,inhibitor,GuideToPharmacology,6.52547481986069,""
DLX4,[125I]CNP (HUMAN),FALSE,"",GuideToPharmacology,6.52547481986069,""
DLX4,HS-142-1,FALSE,inhibitor,GuideToPharmacology,3.26273740993035,""
DLX4,COMPOUND C10 [PMID: 24297249],FALSE,inhibitor,GuideToPharmacology,6.52547481986069,""
DLX4,C-TYPE NATRIURETIC PEPTIDE,FALSE,agonist,GuideToPharmacology,6.52547481986069,""
DLX4,"[SER11](N-CNP,C-ANP)PBNP2-15",FALSE,inhibitor,GuideToPharmacology,6.52547481986069,""
GYS2,EG00229,FALSE,"",GuideToPharmacology,26.1018992794428,""
GYS2,EG01377,FALSE,"",GuideToPharmacology,26.1018992794428,""
NOX4,SETANAXIB,FALSE,inhibitor,TTD; ChEMBL,78.3056978383283,22806357
PTGS1,APAZONE,TRUE,inhibitor,ChEMBL,0.212210563247502,""
PTGS1,MECLOFENAMATE,TRUE,"",TEND; TdgClinicalTrial,0.181894768497859,""
PTGS1,DICLOFENAC SODIUM,TRUE,inhibitor,TEND; TdgClinicalTrial; ChEMBL,0.0561733843890447,""
PTGS1,SUPROFEN,TRUE,inhibitor,TEND; TdgClinicalTrial; ChEMBL,0.47747376730688,""
PTGS1,SALSALATE,TRUE,"",TEND; TdgClinicalTrial,0.636631689742507,""
PTGS1,ESFLURBIPROFEN,TRUE,inhibitor,ChEMBL,0.159157922435627,""
PTGS1,KETOROLAC TROMETHAMINE,TRUE,inhibitor,TEND; TdgClinicalTrial; ChEMBL,0.23873688365344,""
PTGS1,ETODOLAC,TRUE,"",TEND; TdgClinicalTrial,0.318315844871253,""
PTGS1,VB-201,FALSE,"",TdgClinicalTrial,0.159157922435627,""
PTGS1,BROMFENAC SODIUM,TRUE,inhibitor,ChEMBL,0.318315844871253,""
PTGS1,INDOMETHACIN SODIUM,TRUE,inhibitor,ChEMBL,0.318315844871253,""
PTGS1,SULFASALAZINE,TRUE,inhibitor,TdgClinicalTrial; ChEMBL,0.0530526408118755,""
PTGS1,NAPROXEN SODIUM,TRUE,inhibitor,TEND; TdgClinicalTrial; ChEMBL,0.112346768778089,""
PTGS1,GLAFENINE,TRUE,inhibitor,ChEMBL,0.0909473842489295,""
PTGS1,LOXOPROFEN,TRUE,inhibitor,ChEMBL,0.318315844871253,""
PTGS1,PIRPROFEN,TRUE,inhibitor,ChEMBL,0.318315844871253,""
PTGS1,DEXIBUPROFEN,TRUE,inhibitor,ChEMBL,0.159157922435627,""
PTGS1,CLOMETACIN,TRUE,inhibitor,ChEMBL,0.318315844871253,""
PTGS1,DEXKETOPROFEN,TRUE,inhibitor,ChEMBL,0.159157922435627,""
PTGS1,DICLOFENAC ETALHYALURONATE SODIUM,FALSE,inhibitor,ChEMBL,0.318315844871253,""
PTGS1,NEPAFENAC,TRUE,inhibitor,TEND; TdgClinicalTrial; ChEMBL,0.636631689742507,""
PTGS1,FLURBIPROFEN SODIUM,TRUE,inhibitor,ChEMBL,0.318315844871253,""
PTGS1,E163,FALSE,"",DTC,0.636631689742507,10075763
PTGS1,PHENYLBUTAZONE,TRUE,inhibitor,ChEMBL,0.0454736921244647,""
PTGS1,MEFENAMIC ACID,TRUE,inhibitor,TEND; TdgClinicalTrial; ChEMBL,0.136421076373394,""
PTGS1,DIFLUNISAL,TRUE,inhibitor,TEND; TdgClinicalTrial; ChEMBL,0.381979013845504,""
PTGS1,NABUMETONE,TRUE,"",TEND; TdgClinicalTrial,0.159157922435627,""
PTGS1,BENZYDAMINE HYDROCHLORIDE,TRUE,inhibitor,ChEMBL,0.318315844871253,""
PTGS1,DERSALAZINE,FALSE,"",TdgClinicalTrial,0.159157922435627,""
PTGS1,ISOXICAM,TRUE,inhibitor,ChEMBL,0.318315844871253,""
PTGS1,MOFEZOLAC,TRUE,inhibitor,ChEMBL,0.636631689742507,""
PTGS1,TOLMETIN,TRUE,"",TEND; TdgClinicalTrial,0.424421126495004,""
PTGS1,NAPROXEN ETEMESIL,FALSE,inhibitor,TdgClinicalTrial; ChEMBL,0.636631689742507,""
PTGS1,INDOMETHACIN,TRUE,inhibitor,TEND; DTC; ChEMBL,0.095494753461376,20684598; 22818041; 23651359
PTGS1,OLSALAZINE SODIUM,TRUE,inhibitor,ChEMBL,0.159157922435627,""
PTGS1,KETOPROFEN,TRUE,inhibitor,TEND; TdgClinicalTrial; ChEMBL,0.272842152746789,""
PTGS1,SULINDAC,TRUE,inhibitor,TEND; TdgClinicalTrial; ChEMBL,0.0909473842489295,""
PTGS1,CELECOXIB,TRUE,"",PharmGKB,0.0190039310370897,16401468
PTGS1,TOLMETIN SODIUM,TRUE,inhibitor,ChEMBL,0.212210563247502,""
PTGS1,DICLOFENAC EPOLAMINE,TRUE,inhibitor,ChEMBL,0.318315844871253,""
PTGS1,GINGER ALLERGENIC EXTRACT,TRUE,"",NCI,0.636631689742507,14693173
PTGS1,FENOPROFEN,TRUE,"",TEND; TdgClinicalTrial,0.254652675897003,""
PTGS1,FENOPROFEN CALCIUM,TRUE,inhibitor,ChEMBL,0.318315844871253,""
PTGS1,IBUPROFEN LYSINE,TRUE,inhibitor,ChEMBL,0.318315844871253,""
PTGS1,CURCUMIN PYRAZOLE,FALSE,"",DTC,0.318315844871253,24920381
PTGS1,INDOPROFEN,TRUE,inhibitor,ChEMBL,0.0530526408118755,""
PTGS1,CLOPIDOGREL,TRUE,"",PharmGKB,0.0545684305493577,26870959; 22940005
PTGS1,ALCLOFENAC,TRUE,inhibitor,ChEMBL,0.318315844871253,""
PTGS1,OXYPHENBUTAZONE,TRUE,inhibitor,ChEMBL,0.0489716684417313,""
PTGS1,MECLOFENAMATE SODIUM,TRUE,inhibitor,ChEMBL,0.0909473842489295,""
PTGS1,FENCLOFENAC,TRUE,inhibitor,ChEMBL,0.318315844871253,""
PTGS1,BISMUTH SUBSALICYLATE,TRUE,inhibitor,ChEMBL,0.159157922435627,""
PTGS1,OXAPROZIN POTASSIUM,TRUE,inhibitor,ChEMBL,0.318315844871253,""
PTGS1,MAVACOXIB,FALSE,inhibitor,ChEMBL,0.318315844871253,""
PTGS1,OXAPROZIN,TRUE,inhibitor,ChEMBL,0.106105281623751,""
PTGS1,URSOLIC ACID,FALSE,"",DTC,0.106105281623751,9784154
PTGS1,HYDROCHLOROTHIAZIDE,TRUE,"",NCI,0.0276796386844568,11703585
PTGS1,TEPOXALIN,FALSE,inhibitor,ChEMBL,0.159157922435627,""
PTGS1,ROFECOXIB,TRUE,"",PharmGKB,0.141473708831668,16401468
PTGS1,DICLOFENAC POTASSIUM,TRUE,inhibitor,ChEMBL,0.318315844871253,""
PTGS1,TENOXICAM,FALSE,"",TEND; TdgClinicalTrial,0.254652675897003,""
PTGS1,FLURBIPROFEN,TRUE,inhibitor,TEND; ChEMBL,0.159157922435627,""
PTGS1,"IBUPROFEN, SODIUM SALT",TRUE,inhibitor,TEND; TdgClinicalTrial; PharmGKB; DTC; ChEMBL,0.11426722636404,23651359; 25502615
PTGS1,BALSALAZIDE DISODIUM,TRUE,inhibitor,ChEMBL,0.159157922435627,""
PTGS1,IBUFENAC,TRUE,inhibitor,ChEMBL,0.212210563247502,""
PTGS1,BALSALAZIDE,TRUE,"",TdgClinicalTrial,0.159157922435627,""
PTGS1,ANTIVIRAL AGENT,FALSE,"",NCI,0.141473708831668,18049160
PTGS1,ACETAMINOPHEN,TRUE,inhibitor,TEND; TdgClinicalTrial; DTC; ChEMBL,0.0612145855521641,19053765
PTGS1,ALOXIPRIN,TRUE,inhibitor,ChEMBL,0.318315844871253,""
PTGS1,BROMFENAC,TRUE,"",TEND; TdgClinicalTrial,0.424421126495004,""
PTGS1,DIPYRONE,TRUE,inhibitor,ChEMBL,0.127326337948501,""
PTGS1,NITRIC OXIDE-RELEASING ACETYLSALICYLIC ACID DERIVATIVE,FALSE,"",TdgClinicalTrial,0.212210563247502,""
PTGS1,NAPROXCINOD,FALSE,inhibitor,TdgClinicalTrial; ChEMBL,0.212210563247502,""
PTGS1,SALICYLIC ACID,TRUE,"",TEND; TdgClinicalTrial,0.424421126495004,""
PTGS1,PIROXICAM-BETA-CYCLODEXTRIN,TRUE,inhibitor,TEND; ChEMBL,0.0979433368834625,""
PTGS1,CURCUMIN,TRUE,"",DTC,0.0192918693861366,24920381
PTGS1,ASPIRIN,TRUE,inhibitor,TEND; TdgClinicalTrial; DTC; ChEMBL,0.035765825266433,23651359
PTGS1,LORNOXICAM,TRUE,inhibitor,ChEMBL,0.127326337948501,""
PTGS1,BENZYDAMINE,TRUE,inhibitor,ChEMBL,0.159157922435627,""
PTGS1,ANTIPYRINE,TRUE,inhibitor,ChEMBL,0.636631689742507,""
PTGS1,ACEMETACIN,TRUE,inhibitor,ChEMBL,0.318315844871253,""
PTGS1,MESALAMINE,TRUE,inhibitor,TEND; TdgClinicalTrial; ChEMBL,0.0868134122376145,""
FPR3,BETRIXABAN,TRUE,inhibitor,GuideToPharmacology,2.61018992794428,""
FPR3,APIXABAN,TRUE,inhibitor,GuideToPharmacology,0.870063309314759,""
FPR3,RIVAROXABAN,TRUE,inhibitor,GuideToPharmacology,0.580042206209839,""
FPR3,EDOXABAN,TRUE,inhibitor,GuideToPharmacology,1.04407597117771,""
FPR3,OTAMIXABAN,FALSE,inhibitor,GuideToPharmacology,1.74012661862952,""
FPR3,ZIFAXABAN,FALSE,inhibitor,GuideToPharmacology,5.22037985588855,""
FPR3,DX-9065A,FALSE,inhibitor,GuideToPharmacology,5.22037985588855,""
FPR3,JTV-803,FALSE,inhibitor,GuideToPharmacology,5.22037985588855,""
FPR3,EMICIZUMAB,TRUE,antibody,GuideToPharmacology,1.30509496397214,""
FPR3,ERIBAXABAN,FALSE,inhibitor,GuideToPharmacology,5.22037985588855,""
CAPN5,FLUFENAMIC ACID,FALSE,inhibitor,GuideToPharmacology,0.343446043150563,""
CAPN5,CARBENOXOLONE,FALSE,inhibitor,GuideToPharmacology,0.543789568321724,""
CAPN5,CA2+,FALSE,inhibitor,GuideToPharmacology,0.326273740993035,""
CAPN5,OCTANOL,FALSE,inhibitor,GuideToPharmacology,0.621473792367685,""
C5AR1,FLUFENAMIC ACID,FALSE,inhibitor,GuideToPharmacology,0.171723021575281,""
C5AR1,AVACOPAN,FALSE,"",TTD; TdgClinicalTrial,6.52547481986069,""
C5AR1,AVDORALIMAB,FALSE,inhibitor,ChEMBL,6.52547481986069,""
C5AR1,OCTANOL,FALSE,inhibitor,GuideToPharmacology,0.310736896183842,""
C5AR1,CA2+,FALSE,inhibitor,GuideToPharmacology,0.163136870496517,""
C5AR1,PMX53,FALSE,"",TTD,0.932210688551528,""
C5AR1,CARBENOXOLONE,FALSE,inhibitor,GuideToPharmacology,0.271894784160862,""
C5AR1,AVACOPAN,TRUE,inhibitor,ChEMBL,6.52547481986069,""
EPHB1,WXFL10203614,FALSE,inhibitor,GuideToPharmacology,0.420998375474883,""
EPHB1,HESPERADIN,FALSE,inhibitor,DTC,0.0210499187737442,19035792
EPHB1,COMPOUND 18E [PMID: 31670517],FALSE,inhibitor,GuideToPharmacology,0.210499187737442,""
EPHB1,COMPOUND 13AC [PMID: 33256400],FALSE,inhibitor,GuideToPharmacology,0.168399350189953,""
EPHB1,ZOTIRACICLIB,FALSE,inhibitor,GuideToPharmacology,0.0701663959124806,""
EPHB1,BARICITINIB,TRUE,inhibitor,GuideToPharmacology,0.0765451591772515,""
EPHB1,LORPUCITINIB,FALSE,inhibitor,GuideToPharmacology,0.210499187737442,""
EPHB1,AZD1480,FALSE,inhibitor,GuideToPharmacology,0.105249593868721,""
EPHB1,LONDAMOCITINIB,FALSE,inhibitor,GuideToPharmacology,0.420998375474883,""
EPHB1,PEFICITINIB,TRUE,inhibitor,GuideToPharmacology,0.105249593868721,""
EPHB1,UPADACITINIB,FALSE,inhibitor,GuideToPharmacology,0.168399350189953,""
EPHB1,LASW1393,FALSE,inhibitor,GuideToPharmacology,0.210499187737442,""
EPHB1,JAK3 INHIBITOR II,FALSE,inhibitor,GuideToPharmacology,0.168399350189953,""
EPHB1,JAK INHIBITOR 17B,FALSE,inhibitor,GuideToPharmacology,0.210499187737442,""
EPHB1,IVARMACITINIB,FALSE,inhibitor,GuideToPharmacology,0.420998375474883,""
EPHB1,GOLIDOCITINIB,FALSE,inhibitor,GuideToPharmacology,0.280665583649922,""
EPHB1,DECERNOTINIB,FALSE,inhibitor,GuideToPharmacology,0.210499187737442,""
EPHB1,XL019,FALSE,inhibitor,GuideToPharmacology,0.280665583649922,""
EPHB1,SOLCITINIB,FALSE,inhibitor,GuideToPharmacology,0.168399350189953,""
EPHB1,FEDRATINIB,TRUE,inhibitor,GuideToPharmacology,0.120285250135681,""
EPHB1,JAK3 INHIBITOR 34,FALSE,inhibitor,GuideToPharmacology,0.210499187737442,""
EPHB1,IZENCITINIB,FALSE,inhibitor,GuideToPharmacology,0.105249593868721,""
EPHB1,BMS-911543,FALSE,inhibitor,GuideToPharmacology,0.210499187737442,""
EPHB1,SAR-20347,FALSE,inhibitor,GuideToPharmacology,0.210499187737442,""
EPHB1,COMPOUND 25AP [PMID: 37796543],FALSE,inhibitor,GuideToPharmacology,0.0935551945499741,""
EPHB1,GIROCITINIB,FALSE,inhibitor,GuideToPharmacology,0.420998375474883,""
EPHB1,PF-06263276,FALSE,inhibitor,GuideToPharmacology,0.210499187737442,""
EPHB1,NEZULCITINIB,FALSE,inhibitor,GuideToPharmacology,0.120285250135681,""
EPHB1,CERDULATINIB,FALSE,inhibitor,GuideToPharmacology,0.0701663959124806,""
EPHB1,SJ988497,FALSE,"",GuideToPharmacology,0.210499187737442,""
EPHB1,PROGESTERONE,TRUE,"",NCI,0.0285422627440599,9279938
EPHB1,DELGOCITINIB,FALSE,inhibitor,GuideToPharmacology,0.120285250135681,""
EPHB1,NIK INHIBITOR 12F,FALSE,inhibitor,GuideToPharmacology,0.120285250135681,""
EPHB1,ITACITINIB,FALSE,inhibitor,GuideToPharmacology,0.420998375474883,""
EPHB1,JAK3 INHIBITOR IV,FALSE,inhibitor,GuideToPharmacology,0.280665583649922,""
EPHB1,DEURUXOLITINIB,FALSE,inhibitor,GuideToPharmacology,0.420998375474883,""
EPHB1,PACRITINIB,TRUE,inhibitor,GuideToPharmacology,0.105249593868721,""
EPHB1,ROPSACITINIB,FALSE,inhibitor,GuideToPharmacology,0.280665583649922,""
EPHB1,COMPOUND 5E [PMID: 28580438],FALSE,inhibitor,GuideToPharmacology,0.280665583649922,""
EPHB1,RECOMBINANT FIBROBLAST GROWTH FACTOR 2,FALSE,"",NCI,0.153090318354503,17255342
EPHB1,LEPZACITINIB,FALSE,inhibitor,GuideToPharmacology,0.420998375474883,""
EPHB1,COMPOUND 8L [PMID: 36053746],FALSE,inhibitor,GuideToPharmacology,0.280665583649922,""
EPHB1,JAK3 INHIBITOR 32,FALSE,inhibitor,GuideToPharmacology,0.210499187737442,""
EPHB1,RITLECITINIB,FALSE,inhibitor,GuideToPharmacology,0.420998375474883,""
EPHB1,POVORCITINIB,FALSE,inhibitor,GuideToPharmacology,0.841996750949767,""
EPHB1,VANDETANIB,TRUE,inhibitor,ChEMBL,0.0145171853612029,""
EPHB1,COMPOUND 30 [PMID: 37057760],FALSE,inhibitor,GuideToPharmacology,0.120285250135681,""
EPHB1,ZEMPROCITINIB,FALSE,inhibitor,GuideToPharmacology,0.280665583649922,""
EPHB1,FILGOTINIB,TRUE,inhibitor,GuideToPharmacology,0.0935551945499741,""
EPHB1,OCLACITINIB,FALSE,inhibitor,GuideToPharmacology,0.210499187737442,""
EPHB1,PF-956980,FALSE,inhibitor,GuideToPharmacology,0.210499187737442,""
EPHB1,GDC-0214,FALSE,inhibitor,GuideToPharmacology,0.210499187737442,""
EPHB1,MOMELOTINIB,TRUE,inhibitor,GuideToPharmacology,0.0647689808422897,""
EPHB1,DEUCRAVACITINIB,TRUE,modulator,GuideToPharmacology,0.280665583649922,""
EPHB1,CEE321,FALSE,inhibitor,GuideToPharmacology,0.210499187737442,""
EPHB1,COMPOUND 19A [PMID: 24359159],FALSE,inhibitor,GuideToPharmacology,0.280665583649922,""
EPHB1,TOFACITINIB,TRUE,inhibitor,GuideToPharmacology,0.0601426250678405,""
EPHB1,ABROCITINIB,TRUE,inhibitor,GuideToPharmacology,0.140332791824961,""
EPHB1,JAK INHIBITOR 20A,FALSE,inhibitor,GuideToPharmacology,0.210499187737442,""
EPHB1,RUXOLITINIB,TRUE,inhibitor,GuideToPharmacology,0.0526247969343604,""
EPHB1,BREPOCITINIB,FALSE,inhibitor,GuideToPharmacology,0.168399350189953,""
EPHB1,ILGINATINIB,FALSE,inhibitor,GuideToPharmacology,0.210499187737442,""
CDC25A,P6949,FALSE,"",DTC,34.8025323725904,22705189
DSC2,COMPOUND 66 [PMID: 19788238],FALSE,inhibitor,GuideToPharmacology,4.74579986898959,""
ADGRB2,CS+,FALSE,blocker,GuideToPharmacology,6.52547481986069,""
MT1H,6-AMINONICOTINAMIDE,FALSE,"",NCI,2.98307420336489,11835189
MT1H,H2O2,FALSE,"",NCI,0.573668116031709,8385930
MT1H,THERAPEUTIC GLUCOCORTICOID,FALSE,"",NCI,0.438687382847778,11713267
MT1H,STREPTOZOCIN,TRUE,"",NCI,0.324247196017923,9176863
MT1H,SELENIUM,TRUE,"",NCI,0.877374765695555,3309208
MT1H,CISPLATIN,TRUE,"",NCI,0.101465108957989,10422815
MT1H,THERAPEUTIC HORMONE,FALSE,"",NCI,0.338985704927828,15196976
HOXC13,EN67,FALSE,"",GuideToPharmacology,52.2037985588855,""
SCN8A,CHLOROPROCAINE,TRUE,blocker,ChEMBL,0.0669279468703661,""
SCN8A,PRILOCAINE,TRUE,blocker,ChEMBL,0.0790966644831599,""
SCN8A,PHENYTOIN SODIUM,TRUE,blocker,ChEMBL,0.0207157930789228,""
SCN8A,LACOSAMIDE,TRUE,blocker,ChEMBL,0.0669279468703661,""
SCN8A,LIDOCAINE HYDROCHLORIDE,TRUE,blocker,ChEMBL,0.0870063309314759,""
SCN8A,RALFINAMIDE,FALSE,blocker,ChEMBL,0.0435031654657379,""
SCN8A,ENCAINIDE HYDROCHLORIDE,TRUE,blocker,ChEMBL,0.0870063309314759,""
SCN8A,LIDOCAINE,TRUE,blocker,ChEMBL,0.051180194665574,""
SCN8A,FOSPHENYTOIN,TRUE,blocker,ChEMBL,0.0669279468703661,""
SCN8A,CARBAMAZEPINE,TRUE,blocker,ChEMBL,0.0177563940676481,""
SCN8A,QUINIDINE POLYGALACTURONATE,TRUE,blocker,ChEMBL,0.0870063309314759,""
SCN8A,IRAMPANEL,FALSE,blocker,ChEMBL,0.0621473792367685,""
SCN8A,ZANDATRIGINE,FALSE,"",TTD,0.435031654657379,""
SCN8A,TOCAINIDE HYDROCHLORIDE,TRUE,blocker,ChEMBL,0.0870063309314759,""
SCN8A,TETRACAINE,TRUE,blocker,ChEMBL,0.0790966644831599,""
SCN8A,MORICIZINE HYDROCHLORIDE,TRUE,blocker,ChEMBL,0.0725052757762299,""
SCN8A,SAFINAMIDE,TRUE,"",TdgClinicalTrial,0.0580042206209839,""
SCN8A,ORPHENADRINE CITRATE,TRUE,blocker,ChEMBL,0.0414315861578457,""
SCN8A,NKTR-171,FALSE,blocker,ChEMBL,0.0870063309314759,""
SCN8A,PRIMIDONE,TRUE,blocker,ChEMBL,0.0248589516947074,""
SCN8A,TOPIRAMATE,TRUE,blocker,ChEMBL,0.01977416612079,""
SCN8A,MERETHOXYLLINE PROCAINE,TRUE,blocker,ChEMBL,0.0870063309314759,""
SCN8A,ROPIVACAINE HYDROCHLORIDE,TRUE,blocker,ChEMBL,0.0870063309314759,""
SCN8A,BENOXINATE HYDROCHLORIDE,TRUE,blocker,ChEMBL,0.0790966644831599,""
SCN8A,EVENAMIDE,FALSE,blocker,ChEMBL,0.0870063309314759,""
SCN8A,HEXYLCAINE HYDROCHLORIDE,TRUE,blocker,ChEMBL,0.0870063309314759,""
SCN8A,ARTICAINE HYDROCHLORIDE,TRUE,blocker,ChEMBL,0.0870063309314759,""
SCN8A,QUINIDINE GLUCONATE,TRUE,blocker,ChEMBL,0.0870063309314759,""
SCN8A,NERISPIRDINE,FALSE,blocker,ChEMBL,0.0174012661862952,""
SCN8A,MEPIVACAINE HYDROCHLORIDE,TRUE,blocker,ChEMBL,0.0543789568321724,""
SCN8A,ETIDOCAINE HYDROCHLORIDE,TRUE,blocker,ChEMBL,0.0870063309314759,""
SCN8A,CENOBAMATE,TRUE,inhibitor,ChEMBL,0.0310736896183842,""
SCN8A,OXCARBAZEPINE,TRUE,blocker,ChEMBL,0.0483368505174866,""
SCN8A,PHENAZOPYRIDINE HYDROCHLORIDE,TRUE,blocker,ChEMBL,0.0543789568321724,""
SCN8A,MEXILETINE HYDROCHLORIDE,TRUE,blocker,ChEMBL,0.0870063309314759,""
SCN8A,LAMOTRIGINE,TRUE,blocker,ChEMBL,0.03954833224158,""
SCN8A,RUFINAMIDE,TRUE,blocker,ChEMBL,0.0725052757762299,""
SCN8A,COCAINE HYDROCHLORIDE,TRUE,blocker,ChEMBL,0.0870063309314759,""
SCN8A,DYCLONINE HYDROCHLORIDE,TRUE,blocker,ChEMBL,0.0543789568321724,""
SCN8A,QUINIDINE SULFATE,TRUE,blocker,ChEMBL,0.0870063309314759,""
SCN8A,TETRODOTOXIN,FALSE,"",TdgClinicalTrial,0.0870063309314759,""
SCN8A,DICHLOROBENZYL ALCOHOL,TRUE,blocker,ChEMBL,0.0870063309314759,""
SCN8A,DRONEDARONE HYDROCHLORIDE,TRUE,blocker,ChEMBL,0.0543789568321724,""
SCN8A,PRILOCAINE HYDROCHLORIDE,TRUE,blocker,ChEMBL,0.0790966644831599,""
SCN8A,PROPARACAINE HYDROCHLORIDE,TRUE,blocker,ChEMBL,0.0870063309314759,""
SCN8A,ESLICARBAZEPINE ACETATE,TRUE,blocker,ChEMBL,0.0790966644831599,""
SCN8A,PROCAINE HYDROCHLORIDE,TRUE,blocker,ChEMBL,0.0870063309314759,""
SCN8A,ORPHENADRINE HYDROCHLORIDE,TRUE,blocker,ChEMBL,0.0457928057534084,""
SCN8A,PROPOXYCAINE HYDROCHLORIDE,TRUE,blocker,ChEMBL,0.0870063309314759,""
SCN8A,ESLICARBAZEPINE,TRUE,blocker,ChEMBL,0.0790966644831599,""
SCN8A,DISOPYRAMIDE PHOSPHATE,TRUE,blocker,ChEMBL,0.0790966644831599,""
SCN8A,ETHOTOIN,TRUE,blocker,ChEMBL,0.0870063309314759,""
SCN8A,PROPAFENONE HYDROCHLORIDE,TRUE,blocker,ChEMBL,0.0621473792367685,""
SCN8A,ZANDATRIGINE,FALSE,inhibitor,ChEMBL,0.870063309314759,""
SCN8A,PHENACEMIDE,TRUE,blocker,ChEMBL,0.0790966644831599,""
SCN8A,MEPHENYTOIN,TRUE,blocker,ChEMBL,0.0725052757762299,""
SCN8A,INDECAINIDE HYDROCHLORIDE,TRUE,blocker,ChEMBL,0.0870063309314759,""
SCN8A,RILUZOLE,TRUE,blocker,ChEMBL,0.0378288395354243,""
SCN8A,PROCAINAMIDE HYDROCHLORIDE,TRUE,blocker,ChEMBL,0.0870063309314759,""
SCN8A,ZONISAMIDE,TRUE,blocker,ChEMBL,0.0348025323725904,""
SEPTIN3,OXYCODONE,TRUE,"",PharmGKB,1.60627072488879,34061827
SEPTIN3,HYDROCODONE,TRUE,"",PharmGKB,1.30509496397214,34061827
SEPTIN3,DEXTROMETHORPHAN POLISTIREX,TRUE,"",PharmGKB,1.30509496397214,38050015
SEPTIN3,CODEINE ANHYDROUS,TRUE,"",PharmGKB,1.74012661862952,34061827
SEPTIN3,TRAMADOL,TRUE,"",PharmGKB,0.870063309314759,34061827
COL11A1,RS-25344,FALSE,inhibitor,GuideToPharmacology,0.815684352482587,""
COL11A1,PF-07038124,FALSE,inhibitor,GuideToPharmacology,3.26273740993035,""
COL11A1,COLLAGENASE CLOSTRIDIUM HISTOLYTICUM,TRUE,cleavage,ChEMBL,0.116526336068941,""
COL11A1,RO20-1724,FALSE,inhibitor,GuideToPharmacology,0.815684352482587,""
COL11A1,NERANDOMILAST,FALSE,inhibitor,GuideToPharmacology,1.08757913664345,""
COL11A1,CBS-3595,FALSE,inhibitor,GuideToPharmacology,1.08757913664345,""
COL11A1,ROLIPRAM,FALSE,inhibitor,GuideToPharmacology,0.326273740993035,""
COL11A1,CDP840,FALSE,inhibitor,GuideToPharmacology,0.815684352482587,""
COL11A1,CRISABOROLE,TRUE,inhibitor,GuideToPharmacology,0.466105344275764,""
COL11A1,ROFLUMILAST,TRUE,inhibitor,GuideToPharmacology,0.543789568321724,""
COL11A1,OCRIPLASMIN,TRUE,cleavage,ChEMBL,0.0858615107876407,""
COL11A1,IBUDILAST,TRUE,inhibitor,GuideToPharmacology,0.203921088120647,""
COL11A1,"6-HYDROXY-5,7-DIMETHOXYFLAVONE",FALSE,inhibitor,GuideToPharmacology,0.815684352482587,""
COL11A1,MK-0359,FALSE,inhibitor,GuideToPharmacology,0.815684352482587,""
COL11A1,EXAMPLE 2 [WO2013026797A1],FALSE,inhibitor,GuideToPharmacology,3.26273740993035,""
COL11A1,APREMILAST,TRUE,inhibitor,GuideToPharmacology,0.326273740993035,""
NAAA,ARN19702,FALSE,inhibitor,GuideToPharmacology,10.4407597117771,""
NAAA,CYCLOPENTYL PALMITATE,FALSE,"",DTC,20.8815194235542,20022504
NAAA,ARN726,FALSE,inhibitor,GuideToPharmacology,10.4407597117771,""
NAAA,F215,FALSE,inhibitor,GuideToPharmacology,10.4407597117771,""
NAAA,CCP,FALSE,inhibitor,GuideToPharmacology,10.4407597117771,""
IL1RN,HALOPERIDOL DECANOATE,TRUE,"",PharmGKB,0.343446043150563,27023437
IL1RN,METHOTREXATE,TRUE,"",NCI,0.23728999344948,8877917
IL1RN,DIACETYLRHEIN,TRUE,"",TdgClinicalTrial,1.4501055155246,""
IL1RN,HEPARIN,TRUE,"",PharmGKB,0.815684352482587,15670034
SNX9,METOPROLOL,TRUE,"",PharmGKB,4.01567681222196,29478026
SNX9,ATENOLOL,TRUE,"",PharmGKB,1.4501055155246,29478026
BRCA1,DOXORUBICIN HYDROCHLORIDE,TRUE,"",NCI; DTC,0.0112572883608868,12698198
BRCA1,VELIPARIB,FALSE,"",CGI; CIViC; ClearityFoundationBiomarkers,0.151461697946476,""
BRCA1,NILE RED,FALSE,"",DTC,0.111071911827416,""
BRCA1,EUFLAVINE,FALSE,"",DTC,0.0347099724460675,""
BRCA1,CHEMBL:CHEMBL546649,FALSE,"",DTC,0.111071911827416,""
BRCA1,NIRAPARIB,TRUE,"",ClearityFoundationBiomarkers; PharmGKB; OncoKB,0.0980046280830141,""
BRCA1,THERAPEUTIC HORMONE,FALSE,"",NCI,0.0252436163244127,9133444
BRCA1,PLATINUM COMPOUND,FALSE,"",CIViC,0.069419944892135,""
BRCA1,QUARFLOXIN,FALSE,"",CIViC,0.185119853045693,""
BRCA1,SEMUSTINE,FALSE,"",DTC,0.27767977956854,""
BRCA1,TALAZOPARIB,TRUE,"",CIViC; ClearityFoundationBiomarkers; PharmGKB; OncoKB,0.0793370798767257,""
BRCA1,CHEMBL:CHEMBL1709259,FALSE,"",DTC,0.55535955913708,""
BRCA1,CARBOPLATIN,TRUE,"",CIViC; ClearityFoundationBiomarkers,0.0129153385845833,""
BRCA1,CHEMBL:CHEMBL316796,FALSE,"",DTC,0.185119853045693,""
BRCA1,CHEMBL:CHEMBL1998001,FALSE,"",DTC,0.111071911827416,""
BRCA1,PHENAMIL METHANESULFONATE,FALSE,"",DTC,0.0925599265228467,""
BRCA1,GAMMA-FAGARINE,FALSE,"",DTC,0.55535955913708,""
BRCA1,CHEMBL:CHEMBL12658,FALSE,"",DTC,0.55535955913708,""
BRCA1,CALYCOSIN,FALSE,"",DTC,0.185119853045693,""
BRCA1,TAMOXIFEN,TRUE,"",NCI; PharmGKB,0.0598079525224548,15750629; 11130383; 16636335; 16331614; 15197194
BRCA1,PACLITAXEL,TRUE,"",NCI,0.0100974465297651,12684687
BRCA1,CHEMBL:CHEMBL1574420,FALSE,"",DTC,0.0925599265228467,""
BRCA1,WISTIN,FALSE,"",DTC,0.55535955913708,""
BRCA1,GLABRIDIN,FALSE,"",DTC,0.55535955913708,""
BRCA1,AURINTRICARBOXYLIC ACID,FALSE,"",DTC,0.0179148244882929,""
BRCA1,DIMETHYL YELLOW,FALSE,"",DTC,0.13883988978427,""
BRCA1,CHEMBL:CHEMBL589207,FALSE,"",DTC,0.27767977956854,""
BRCA1,CHEMBL:CHEMBL1333798,FALSE,"",DTC,0.55535955913708,""
BRCA1,CHEMBL:CHEMBL446567,FALSE,"",DTC,0.55535955913708,""
BRCA1,PARP/TANKYRASE INHIBITOR 2X-121,FALSE,"",ClearityFoundationBiomarkers,0.111071911827416,""
BRCA1,DIPYRIDAMOLE,TRUE,"",DTC,0.00991713498459072,""
BRCA1,CISPLATIN,TRUE,"",CGI; NCI; CIViC; ClearityFoundationBiomarkers,0.0188897809230299,16982732
BRCA1,EMODIN,FALSE,"",NCI,0.0427199660874677,14694444
BRCA1,CHEMBL:CHEMBL588683,FALSE,"",DTC,0.13883988978427,""
BRCA1,DAIDZIN,FALSE,"",DTC,0.185119853045693,""
BRCA1,2-PHENYLQUINOLINE,FALSE,"",DTC,0.55535955913708,""
BRCA1,RUCAPARIB,TRUE,"",CGI; CIViC; ClearityFoundationBiomarkers; PharmGKB; OncoKB,0.115699908153558,""
BRCA1,PIFEXOLE,FALSE,"",DTC,0.0793370798767257,""
BRCA1,ILEPCIMIDE,FALSE,"",DTC,0.185119853045693,""
BRCA1,CHEMBL:CHEMBL593254,FALSE,"",DTC,0.185119853045693,""
BRCA1,VINORELBINE,TRUE,"",NCI,0.0427199660874677,14559807
BRCA1,CHEMBL:CHEMBL1404865,FALSE,"",DTC,0.55535955913708,""
BRCA1,CHEMBL:CHEMBL1320798,FALSE,"",DTC,0.55535955913708,""
BRCA1,CHEMBL:CHEMBL581910,FALSE,"",DTC,0.0925599265228467,""
BRCA1,DAUNORUBICIN HYDROCHLORIDE,TRUE,"",DTC,0.0168290775496085,""
BRCA1,CHRYSIN DIMETHYL ETHER,FALSE,"",DTC,0.185119853045693,""
BRCA1,TANSHINONE IIA SULFONATE,FALSE,"",DTC,0.0925599265228467,""
BRCA1,CHEMBL:CHEMBL114544,FALSE,"",DTC,0.069419944892135,""
BRCA1,CHEMBL:CHEMBL581929,FALSE,"",DTC,0.0925599265228467,""
BRCA1,CHEMBL:CHEMBL1078244,FALSE,"",DTC,0.27767977956854,""
BRCA1,CHEMBL:CHEMBL1214407,FALSE,"",DTC,0.13883988978427,""
BRCA1,CHEMBL:CHEMBL546865,FALSE,"",DTC,0.0925599265228467,""
BRCA1,CHEMBL:CHEMBL1405979,FALSE,"",DTC,0.13883988978427,""
BRCA1,CHEMBL:CHEMBL153505,FALSE,"",DTC,0.27767977956854,""
BRCA1,VITAMIN B2,FALSE,"",DTC,0.13883988978427,""
BRCA1,MITOMYCIN,TRUE,"",NCI,0.0462799632614233,15782115
BRCA1,CHEMBL:CHEMBL588525,FALSE,"",DTC,0.185119853045693,""
BRCA1,CHEMBL:CHEMBL600315,FALSE,"",DTC,0.27767977956854,""
BRCA1,CHEMBL:CHEMBL1420181,FALSE,"",DTC,0.111071911827416,""
BRCA1,7-HYDROXY ISOFLAVONE,FALSE,"",DTC,0.111071911827416,""
BRCA1,DEPHOSTATIN,FALSE,"",DTC,0.0222143823654832,""
BRCA1,TIAPROFENIC ACID,FALSE,"",DTC,0.27767977956854,""
BRCA1,6-HYDROXYFLAVONE,FALSE,"",DTC,0.13883988978427,""
BRCA1,RIBOFLAVIN,TRUE,"",DTC,0.27767977956854,""
BRCA1,PURPURIN,FALSE,"",DTC,0.0264456932922419,""
BRCA1,APIGENIN,TRUE,"",DTC,0.0213599830437339,""
BRCA1,MITOXANTRONE,TRUE,"",NCI,0.0252436163244127,12684687
BRCA1,CHEMBL:CHEMBL1481721,FALSE,"",DTC,0.55535955913708,""
BRCA1,THIABENDAZOLE,TRUE,"",DTC,0.0925599265228467,""
BRCA1,CEDIRANIB,FALSE,"",CIViC,0.00991713498459072,""
BRCA1,SB 204741,FALSE,"",DTC,0.0462799632614233,""
BRCA1,BLEOMYCIN,TRUE,"",NCI,0.069419944892135,14559807
BRCA1,RESVERATROL,TRUE,"",DTC,0.011333868553818,""
BRCA1,THUNBERGINOL E,FALSE,"",DTC,0.27767977956854,""
BRCA1,CHEMBL:CHEMBL273891,FALSE,"",DTC,0.55535955913708,""
BRCA1,CHEMBL:CHEMBL587620,FALSE,"",DTC,0.111071911827416,""
BRCA1,CHEMBL:CHEMBL484663,FALSE,"",DTC,0.069419944892135,""
BRCA1,HARMALOL,FALSE,"",DTC,0.13883988978427,""
BRCA1,PHYTOESTROGEN,FALSE,"",NCI,0.27767977956854,14583453
BRCA1,CHEMBL:CHEMBL1308677,FALSE,"",DTC,0.27767977956854,""
BRCA1,PIPERINE,TRUE,"",DTC,0.0504872326488255,""
BRCA1,OLAPARIB,TRUE,"",CGI; CIViC; ClearityFoundationBiomarkers; PharmGKB; OncoKB,0.0845112372599905,25366685; 20609467
BRCA1,IROFULVEN,FALSE,"",NCI,0.370239706091387,17229870
BRCA1,7-HYDROXYFLAVONE,FALSE,"",DTC,0.55535955913708,""
BRCA1,QUINALIZARIN,FALSE,"",DTC,0.0370239706091387,""
BRCA1,ANTHRACYCLINE ANTINEOPLASTIC ANTIBIOTIC,FALSE,"",NCI,0.0925599265228467,12611456
BRCA1,PIDNARULEX,FALSE,"",CIViC,0.27767977956854,""
BRCA1,OXALIPLATIN,TRUE,"",CIViC; ClearityFoundationBiomarkers,0.029229450480899,""
BRCA1,GEMCITABINE,TRUE,"",NCI; CIViC,0.0181095508414265,12684687
BRCA1,CHEMBL:CHEMBL66279,FALSE,"",DTC,0.27767977956854,""
BRCA1,CHEMBL:CHEMBL452954,FALSE,"",DTC,0.111071911827416,""
BRCA1,VU0001171,FALSE,"",DTC,0.111071911827416,""
BRCA1,SACITUZUMAB GOVITECAN,TRUE,"",PharmGKB,0.0617066176818978,""
BRCA1,ONONIN,FALSE,"",DTC,0.111071911827416,""
GABRA3,METHOXYFLURANE,TRUE,positive modulator,ChEMBL,0.0260758234559868,""
GABRA3,GANAXOLONE,TRUE,positive modulator,TdgClinicalTrial; ChEMBL,0.063740901781301,""
GABRA3,MIDAZOLAM HYDROCHLORIDE,TRUE,positive modulator,TEND; TdgClinicalTrial; ChEMBL,0.0478056763359758,""
GABRA3,ESZOPICLONE,TRUE,positive modulator,TdgClinicalTrial; ChEMBL,0.063740901781301,""
GABRA3,ETHCHLORVYNOL,TRUE,positive modulator,ChEMBL,0.0358542572519818,""
GABRA3,QUAZEPAM,TRUE,positive modulator,TEND; TdgClinicalTrial; ChEMBL,0.0860502174047564,""
GABRA3,BUTABARBITAL SODIUM,TRUE,positive modulator,ChEMBL,0.0358542572519818,""
GABRA3,BROMAZEPAM,TRUE,"",TEND; TdgClinicalTrial,0.0546350586696866,""
GABRA3,FLURAZEPAM HYDROCHLORIDE,TRUE,positive modulator,ChEMBL,0.0358542572519818,""
GABRA3,DIAZEPAM,TRUE,positive modulator,TEND; TdgClinicalTrial; ChEMBL,0.0593449775205216,""
GABRA3,FLUMAZENIL,TRUE,negative modulator,TEND; TTD; TdgClinicalTrial; ChEMBL,0.0956113526719515,""
GABRA3,METHYPRYLON,TRUE,positive modulator,ChEMBL,0.0358542572519818,""
GABRA3,PENTOBARBITAL SODIUM,TRUE,positive modulator,TEND; TdgClinicalTrial; ChEMBL,0.0860502174047564,""
GABRA3,CINOLAZEPAM,FALSE,"",TEND; TdgClinicalTrial,0.0674903665919658,""
GABRA3,DARIGABAT,FALSE,agonist,ChEMBL,0.0358542572519818,""
GABRA3,REMIMAZOLAM BESYLATE,TRUE,positive modulator,ChEMBL,0.0358542572519818,""
GABRA3,METHAQUALONE HYDROCHLORIDE,TRUE,positive modulator,ChEMBL,0.0358542572519818,""
GABRA3,ESTAZOLAM,TRUE,positive modulator,TEND; TdgClinicalTrial; ChEMBL,0.074826276004136,""
GABRA3,METHARBITAL,TRUE,positive modulator,TEND; TdgClinicalTrial; ChEMBL,0.0860502174047564,""
GABRA3,AZD6280,FALSE,positive modulator,ChEMBL,0.286834058015855,""
GABRA3,ZOPICLONE,TRUE,positive modulator,TEND; TdgClinicalTrial; ChEMBL,0.172100434809513,""
GABRA3,CHLORMETHIAZOLE,TRUE,positive modulator,ChEMBL,0.0286834058015855,""
GABRA3,HEXOBARBITAL,TRUE,"",TEND; TdgClinicalTrial,0.114733623206342,""
GABRA3,TETRAZEPAM,TRUE,positive modulator,ChEMBL,0.0358542572519818,""
GABRA3,PRIMIDONE,TRUE,positive modulator,TEND; TdgClinicalTrial; ChEMBL,0.0491715528027179,""
GABRA3,FLUNITRAZEPAM,TRUE,positive modulator,TEND; TdgClinicalTrial; ChEMBL,0.0782274703679603,""
GABRA3,TRIAZOLAM,TRUE,positive modulator,TEND; TdgClinicalTrial; ChEMBL,0.0521516469119736,""
GABRA3,PROPOFOL,TRUE,positive modulator,ChEMBL,0.0185054230977971,""
GABRA3,PHENOBARBITAL,TRUE,"",TEND; TdgClinicalTrial,0.030193058738511,""
GABRA3,[3H]AZIETOMIDATE,FALSE,"",DTC,0.0717085145039636,16884293
GABRA3,CLORAZEPATE,TRUE,"",TEND; TdgClinicalTrial,0.0573668116031709,""
GABRA3,FLURAZEPAM,TRUE,"",TEND; TdgClinicalTrial,0.0546350586696866,""
GABRA3,ETIFOXINE,FALSE,inhibitor,ChEMBL,0.0358542572519818,""
GABRA3,LOREDIPLON,FALSE,positive modulator,ChEMBL,0.0358542572519818,""
GABRA3,SEVOFLURANE,TRUE,positive modulator,ChEMBL,0.0155045436765327,""
GABRA3,THIOPENTAL SODIUM,TRUE,positive modulator,ChEMBL,0.0337451832959829,""
GABRA3,GLUTETHIMIDE,TRUE,positive modulator,ChEMBL,0.0337451832959829,""
GABRA3,SECOBARBITAL,TRUE,"",TEND; TdgClinicalTrial,0.114733623206342,""
GABRA3,TEMAZEPAM,TRUE,positive modulator,TEND; TdgClinicalTrial; ChEMBL,0.0782274703679603,""
GABRA3,CHLORDIAZEPOXIDE HYDROCHLORIDE,TRUE,positive modulator,ChEMBL,0.0358542572519818,""
GABRA3,HALOTHANE,TRUE,positive modulator,ChEMBL,0.0159352254453253,""
GABRA3,HALAZEPAM,TRUE,positive modulator,TEND; TdgClinicalTrial; ChEMBL,0.0860502174047564,""
GABRA3,THIOPENTAL,TRUE,"",TEND; TdgClinicalTrial,0.104303293823947,""
GABRA3,ACAMPROSATE CALCIUM,TRUE,positive modulator,ChEMBL,0.0229467246412684,""
GABRA3,GABOXADOL,FALSE,agonist,TdgClinicalTrial; ChEMBL,0.0498841840027573,""
GABRA3,CENOBAMATE,TRUE,positive modulator,ChEMBL,0.0204881470011325,""
GABRA3,FLUDIAZEPAM,FALSE,"",TEND; TdgClinicalTrial,0.0674903665919658,""
GABRA3,CLONAZEPAM,TRUE,positive modulator,TEND; TdgClinicalTrial; ChEMBL,0.0688401739238051,""
GABRA3,BUTALBITAL,TRUE,positive modulator,TEND; TdgClinicalTrial; ChEMBL,0.0860502174047564,""
GABRA3,TRICLOFOS SODIUM,TRUE,positive modulator,ChEMBL,0.0358542572519818,""
GABRA3,DESFLURANE,TRUE,positive modulator,ChEMBL,0.0191222705343903,""
GABRA3,PRAZEPAM,TRUE,positive modulator,TEND; TdgClinicalTrial; ChEMBL,0.0782274703679603,""
GABRA3,ADIPIPLON,FALSE,agonist,TTD; ChEMBL,0.0717085145039636,""
GABRA3,PADSEVONIL,FALSE,agonist,ChEMBL,0.030193058738511,""
GABRA3,BUTABARBITAL,TRUE,"",TEND; TdgClinicalTrial,0.114733623206342,""
GABRA3,SECOBARBITAL SODIUM,TRUE,positive modulator,ChEMBL,0.0358542572519818,""
GABRA3,ADIPIPLON,FALSE,"",TdgClinicalTrial,0.030193058738511,""
GABRA3,BREXANOLONE,TRUE,positive modulator,ChEMBL,0.0273175293348433,""
GABRA3,TOPIRAMATE,TRUE,positive modulator,ChEMBL,0.0130379117279934,""
GABRA3,ETOMIDATE,TRUE,positive modulator,DTC; ChEMBL,0.101235549887949,16884293
GABRA3,NITRAZEPAM,FALSE,"",TEND; TdgClinicalTrial,0.0546350586696866,""
GABRA3,REMIMAZOLAM,TRUE,"",TdgClinicalTrial,0.030193058738511,""
GABRA3,METHOHEXITAL SODIUM,TRUE,positive modulator,ChEMBL,0.0358542572519818,""
GABRA3,LORAZEPAM,TRUE,positive modulator,TEND; TdgClinicalTrial; ChEMBL,0.0688401739238051,""
GABRA3,MEPROBAMATE,TRUE,agonist,TEND; TdgClinicalTrial; ChEMBL,0.0956113526719515,""
GABRA3,THIAMYLAL SODIUM,TRUE,positive modulator,ChEMBL,0.0337451832959829,""
GABRA3,CHLORDIAZEPOXIDE,TRUE,positive modulator,TEND; TdgClinicalTrial; ChEMBL,0.0819525880045299,""
GABRA3,ENFLURANE,TRUE,positive modulator,ChEMBL,0.0185054230977971,""
GABRA3,CLORAZEPATE DIPOTASSIUM,TRUE,positive modulator,ChEMBL,0.0358542572519818,""
GABRA3,RESEQUINIL,FALSE,inverse agonist,ChEMBL,0.0358542572519818,""
GABRA3,IMEPITOIN,FALSE,agonist,ChEMBL,0.0358542572519818,""
GABRA3,CIPEPOFOL,FALSE,agonist,ChEMBL,0.0358542572519818,""
GABRA3,CHEMBL:CHEMBL381625,FALSE,"",TTD,0.573668116031709,""
GABRA3,EVT 201,FALSE,"",TdgClinicalTrial,0.030193058738511,""
GABRA3,PAGOCLONE,FALSE,positive modulator,ChEMBL,0.0358542572519818,""
GABRA3,CLOTIAZEPAM,TRUE,positive modulator,TEND; TdgClinicalTrial; ChEMBL,0.0860502174047564,""
GABRA3,AZD7325,FALSE,positive modulator,ChEMBL,0.114733623206342,""
GABRA3,ZURANOLONE,TRUE,positive modulator,ChEMBL,0.0358542572519818,""
GABRA3,BUTOBARBITAL,FALSE,"",TEND; TdgClinicalTrial,0.114733623206342,""
GABRA3,ZOLPIDEM TARTRATE,TRUE,"",TEND; TdgClinicalTrial,0.0882566332356476,""
GABRA3,ADINAZOLAM,FALSE,"",TEND; TdgClinicalTrial,0.0674903665919658,""
GABRA3,ALPRAZOLAM,TRUE,positive modulator,TEND; TdgClinicalTrial; ChEMBL,0.0506177749439743,""
GABRA3,ABP-700,FALSE,agonist,ChEMBL,0.0358542572519818,""
GABRA3,CLOBAZAM,TRUE,positive modulator,TEND; TdgClinicalTrial; ChEMBL,0.0782274703679603,""
GABRA3,TALBUTAL,TRUE,positive modulator,TEND; TdgClinicalTrial; ChEMBL,0.0860502174047564,""
GABRA3,ETAZOLATE,FALSE,"",TdgClinicalTrial,0.0358542572519818,""
GABRA3,ISOFLURANE,TRUE,positive modulator,ChEMBL,0.0185054230977971,""
GABRA3,OCINAPLON,FALSE,"",TdgClinicalTrial,0.0260758234559868,""
GABRA3,OXAZEPAM,TRUE,positive modulator,TEND; TdgClinicalTrial; ChEMBL,0.0661924749267357,""
GABRA3,METHAQUALONE,TRUE,positive modulator,ChEMBL,0.0358542572519818,""
GABRA3,MEPHOBARBITAL,TRUE,"",TEND; TdgClinicalTrial,0.0956113526719515,""
SPINK5,GLYBURIDE,TRUE,"",PharmGKB,3.60026196957831,27403931
PADI1,O-F-AMIDINE,FALSE,"",DTC,8.70063309314759,21882827
PADI1,CHEMBL:CHEMBL1910971,FALSE,"",DTC,13.0509496397214,21882827
GBP6,ETANERCEPT,TRUE,"",PharmGKB,4.01567681222196,28470127
LRRC15,ATENOLOL,TRUE,"",PharmGKB,0.966737010349732,26729753
LRRC15,HYDROCHLOROTHIAZIDE,TRUE,"",PharmGKB,0.756576790708486,26729753
LRRC15,METOPROLOL,TRUE,"",PharmGKB,2.67711787481464,26729753
MAPK12,SEMAPIMOD,FALSE,"",TdgClinicalTrial,0.322245670116577,""
MAPK12,SB202190,FALSE,"",DTC,0.107415223372192,22951114
MAPK12,PIRFENIDONE,TRUE,"",TdgClinicalTrial,0.276210574385638,""
MAPK12,ARRY-371797,FALSE,"",TTD; TdgClinicalTrial,0.644491340233155,""
MAPK12,OPHIOBOLIN O,FALSE,"",DTC,0.644491340233155,22130129
MAPK12,SB203580,FALSE,"",DTC,0.133343035910308,25692815
MAPK12,SORAFENIB,TRUE,"",PharmGKB,0.0336256351425994,20124951
MAPK12,PHA-767491,FALSE,"",DTC,0.0292950609196888,""
MAPK12,MILTIRONE,FALSE,"",DTC,0.773389608279786,26339922
MAPK12,DORAMAPIMOD,FALSE,"",DTC,0.0840640878564985,""
MAPK12,TAMATINIB,FALSE,"",DTC,0.023870049638265,""
MAPK12,CHEMBL:CHEMBL8483,FALSE,"",DTC,0.644491340233155,18566250
MAPK12,VX-702,FALSE,"",TdgClinicalTrial,0.276210574385638,""
MAPK12,RHAMNETIN,FALSE,"",DTC,0.386694804139893,24397781
MAPK12,CI-1040,FALSE,"",TTD,0.113733765923498,""
MAPK12,BMS-582949,FALSE,"",TdgClinicalTrial,0.322245670116577,""
MAPK12,CRYPTOLEPINE HYDROCHLORIDE,FALSE,"",DTC,0.966737010349732,23507189
MAPK12,CYC-116,FALSE,"",DTC,0.0199327218628811,""
MAPK12,VALZIFLOCEPT,FALSE,"",TTD,0.644491340233155,""
MAPK12,NEFLAMAPIMOD,FALSE,"",TTD,0.322245670116577,""
MAPK12,PH-797804,FALSE,"",TdgClinicalTrial; DTC,0.773389608279786,""
MAPK12,KERACYANIN,FALSE,"",DTC,0.552421148771276,17360708
MAPK12,KC706,FALSE,"",TdgClinicalTrial,0.483368505174866,""
MAPK12,DIHYDROTANSHINONE I,FALSE,"",DTC,0.773389608279786,26339922
MAPK12,XANTHOHUMOL,FALSE,"",DTC,0.644491340233155,22111577
MAPK12,PF-562271,FALSE,"",DTC,0.0179025372286987,""
MAPK12,PEXMETINIB,FALSE,"",TdgClinicalTrial,0.107415223372192,""
MAPK3,CHEMBL:CHEMBL29197,FALSE,"",DTC,0.246244332824932,17681471
MAPK3,THERAPEUTIC ANDROSTANOLONE,FALSE,"",NCI,0.10368182434734,16773205
MAPK3,PRASTERONE,TRUE,"",NCI,0.10944192569997,17102100
MAPK3,CYCLOPHOSPHAMIDE ANHYDROUS,TRUE,"",NCI,0.0243204279333266,15193230
MAPK3,IMMUNOSUPPRESSANT,FALSE,"",NCI,0.10944192569997,11567647
MAPK3,WITHAFERIN A,FALSE,"",DTC,0.164162888549955,20726569
MAPK3,CHEMBL:CHEMBL2063681,FALSE,"",DTC,0.984977331299727,22283430
MAPK3,DEMETHYLWEDELOLACTONE,FALSE,"",DTC,0.393990932519891,22926226
MAPK3,CHEMBL:CHEMBL329785,FALSE,"",DTC,0.984977331299727,22982122
MAPK3,CIMIRACEMATE A,FALSE,"",DTC,0.984977331299727,19835377
MAPK3,SIGNAL TRANSDUCTION INHIBITOR,FALSE,"",NCI,0.492488665649864,16926049
MAPK3,RAVOXERTINIB,FALSE,inhibitor,TTD; ChEMBL; GuideToPharmacology,0.656651554199818,25320010
MAPK3,CHEMBL:CHEMBL2333548,FALSE,"",DTC,0.492488665649864,""
MAPK3,RETINOIC ACID AGENT,FALSE,"",NCI,0.0635469245999824,15824860
MAPK3,ASN007,FALSE,inhibitor,TTD; ChEMBL,0.984977331299727,""
MAPK3,SORAFENIB,TRUE,"",PharmGKB,0.0171300405443431,20124951
MAPK3,VOLVALERENAL D,FALSE,"",DTC,0.492488665649864,""
MAPK3,ETOPOSIDE,TRUE,"",DTC,0.0339647355620596,23999041
MAPK3,CHEMBL:CHEMBL2333543,FALSE,"",DTC,0.492488665649864,""
MAPK3,PESUDOGINSENOSIDE RP1 METHYL ESTER,FALSE,"",DTC,0.984977331299727,20951582
MAPK3,MADOLIN U,FALSE,"",DTC,0.492488665649864,""
MAPK3,SELENIUM,TRUE,"",NCI,0.115879686035262,14744887
MAPK3,CHEMBL:CHEMBL2088730,FALSE,"",DTC,0.984977331299727,22982122
MAPK3,CHEMBL:CHEMBL269881,FALSE,"",DTC,0.328325777099909,""
MAPK3,ARSENIC TRIOXIDE,TRUE,"",TdgClinicalTrial,0.037883743511528,""
MAPK3,CHEMBL:CHEMBL2063687,FALSE,"",DTC,0.984977331299727,22283430
MAPK3,ARISTOYUNNOLIN A,FALSE,"",DTC,0.492488665649864,""
MAPK3,KO-947,FALSE,inhibitor,ChEMBL,0.196995466259945,""
MAPK3,"5-(2-PHENYLPYRAZOLO[1,5-A]PYRIDIN-3-YL)-1H-PYRAZOLO[3,4-C]PYRIDAZIN-3-AMINE",FALSE,inhibitor,GuideToPharmacology,0.492488665649864,""
MAPK3,COMBRETASTATIN A4,FALSE,"",DTC,0.10944192569997,22982122
MAPK3,WEDELOLACTONE,FALSE,"",DTC,0.179086787509041,22926226
MAPK3,SPINASAPONIN A METHYL ESTER,FALSE,"",DTC,0.984977331299727,20951582
MAPK3,CHEMBL:CHEMBL2088731,FALSE,"",DTC,0.984977331299727,22982122
MAPK3,CHEMBL:CHEMBL389685,FALSE,"",DTC,1.96995466259945,26492576
MAPK3,OPHIOBOLIN O,FALSE,"",DTC,0.328325777099909,22130129
MAPK3,ARISTOLACTONE,FALSE,"",DTC,0.492488665649864,""
MAPK3,SELECTIVE ESTROGEN RECEPTOR MODULATOR,FALSE,"",NCI,0.218883851399939,14553828
MAPK3,TEMUTERKIB,FALSE,inhibitor,ChEMBL,0.140711047328532,""
MAPK3,PD-98059,FALSE,"",DTC,0.0266210089540467,""
MAPK3,METHYLNITROSOUREA,FALSE,"",NCI,0.218883851399939,12960407
MAPK3,XANTHOHUMOL,FALSE,"",DTC,0.328325777099909,22111577
MAPK3,MADOLIN T,FALSE,"",DTC,0.492488665649864,""
MAPK3,MADOLIN A,FALSE,"",DTC,0.492488665649864,""
MAPK3,PHENETHYLISOTHIOCYANATE,FALSE,"",DTC,0.246244332824932,22607231
MAPK3,REFAMETINIB,FALSE,"",TdgClinicalTrial,0.0895433937545206,""
MAPK3,PTHRP,FALSE,"",NCI,0.218883851399939,15611080
MAPK3,QUERCETIN,TRUE,"",NCI,0.0249361349696133,17045724
MAPK3,NITROGLYCERIN,TRUE,"",NCI,0.151534974046112,16612556
MAPK3,ULIXERTINIB,FALSE,inhibitor,TTD; ChEMBL; GuideToPharmacology,0.295493199389918,""
MAPK3,MK-8353,FALSE,inhibitor,ChEMBL; GuideToPharmacology,0.328325777099909,""
MAPK3,GAMBOGIC AMIDE,FALSE,"",DTC,0.328325777099909,17911251
MAPK3,GAMBOGIC ACID,FALSE,"",DTC,0.218883851399939,17911251
MAPK3,YUANHUADINE,FALSE,"",DTC,0.393990932519891,21916433
CYP2J2,XMT-1191,FALSE,inhibitor,GuideToPharmacology,3.48025323725904,""
CYP2J2,MESORIDAZINE,TRUE,"",PharmGKB,0.696050647451807,19923256
CYP2J2,TERFENADINE,TRUE,"",PharmGKB,0.386694804139893,15861034
CYP2J2,DAUNORUBICIN LIPOSOMAL,TRUE,"",PharmGKB,0.0764890821375612,26230641
CYP2J2,NABUMETONE,TRUE,"",PharmGKB,0.870063309314759,19923256
CYP2J2,ASTEMIZOLE,TRUE,"",PharmGKB,0.435031654657379,15861034
CYP2J2,DOXORUBICIN HYDROCHLORIDE,TRUE,"",PharmGKB,0.0470304491521491,26230641
CYP2J2,AMIODARONE HYDROCHLORIDE,TRUE,"",PharmGKB,0.267711787481464,19923256
CYP2J2,BELORANIB,FALSE,inhibitor,GuideToPharmacology,1.74012661862952,""
CYP2J2,ALBENDAZOLE,TRUE,"",PharmGKB,1.16008441241968,19923256
CYP2J2,M8891,FALSE,inhibitor,GuideToPharmacology,0.870063309314759,""
CYP2J2,ANHYDROUS TACROLIMUS,TRUE,"",PharmGKB,0.248589516947074,28316087
CYP2J2,DICLOFENAC SODIUM,TRUE,"",PharmGKB,0.204720778662296,15861034
CYP2J2,THIORIDAZINE,TRUE,"",PharmGKB,0.240017464638554,19923256
CYP2J2,DANAZOL,TRUE,"",PharmGKB,0.435031654657379,19923256
CST1,COMPOUND 1O [PMID: 24210504],FALSE,inhibitor,GuideToPharmacology,17.4012661862952,""
BLM,BAICALEIN,FALSE,"",DTC,0.0204720778662296,""
BLM,CHEMBL:CHEMBL1397270,FALSE,"",DTC,0.170600648885247,""
BLM,HYDROXYUREA,TRUE,"",NCI,0.0487430425386419,18504617
BLM,"5,7-DIHYDROXYISOFLAVONE",FALSE,"",DTC,0.0465274496959764,""
BLM,3-O-METHYLQUERCETIN,FALSE,"",DTC,0.0341201297770494,""
BLM,GW7647,FALSE,"",DTC,0.0170600648885247,""
BLM,CHEMBL:CHEMBL515505,FALSE,"",DTC,0.0222522585502496,""
BLM,CHEMBL:CHEMBL463783,FALSE,"",DTC,0.051180194665574,""
BLM,PYROGALLOL RED,FALSE,"",DTC,0.0204720778662296,""
BLM,CONGO RED,FALSE,"",DTC,0.0341201297770494,""
BLM,CAULIBUGULONE C,FALSE,"",DTC,0.170600648885247,""
BLM,PURPUROGALLIN,FALSE,"",DTC,0.0142167207404372,""
BLM,IRIGENOL,FALSE,"",DTC,0.0365572819039815,""
BLM,CHEMBL:CHEMBL211670,FALSE,"",DTC,0.03936938051198,""
BLM,FENOLDOPAM MESYLATE,TRUE,"",DTC,0.0731145638079629,""
BLM,LOMOFUNGIN,FALSE,"",DTC,0.0341201297770494,""
BLM,METHYLDOPA ANHYDROUS,TRUE,"",DTC,0.0165097402147013,""
BLM,ESTRAMUSTINE,TRUE,"",DTC,0.0465274496959764,""
BLM,HYPERICIN,FALSE,"",DTC,0.03936938051198,""
BLM,TETRAIDOFLUORESCEIN,FALSE,"",DTC,0.0568668829617489,""
BLM,CHEMBL:CHEMBL515252,FALSE,"",DTC,0.0365572819039815,""
BLM,MYRICETIN,FALSE,"",DTC,0.0127950486663935,""
BLM,FENOLDOPAM BROMIDE,FALSE,"",DTC,0.102360389331148,""
BLM,BEXAROTENE,TRUE,"",DTC,0.0426501622213117,""
BLM,EICOSATETRANOIC ACID,FALSE,"",DTC,0.0465274496959764,""
BLM,ELLAGIC ACID,FALSE,"",DTC,0.0182786409519907,""
BLM,WEDELOLACTONE,FALSE,"",DTC,0.0465274496959764,""
BLM,CHEMBL:CHEMBL587856,FALSE,"",DTC,0.102360389331148,""
BLM,QUINALDINE BLUE,FALSE,"",DTC,0.170600648885247,""
BLM,FLUORESCEIN,TRUE,"",DTC,0.0731145638079629,""
BLM,CHEMBL:CHEMBL1364172,FALSE,"",DTC,0.102360389331148,""
BLM,AURINTRICARBOXYLIC ACID,FALSE,"",DTC,0.0165097402147013,""
BLM,IRIGINOL HEXAACEATATE,FALSE,"",DTC,0.0465274496959764,""
BLM,DAUNORUBICIN LIPOSOMAL,TRUE,"",DTC,0.00562419721599715,""
BLM,CHEMBL:CHEMBL56393,FALSE,"",DTC,0.0182786409519907,""
BLM,CHEMBL:CHEMBL601140,FALSE,"",DTC,0.127950486663935,""
BLM,"LIPOIC ACID, ALPHA",FALSE,"",DTC,0.0341201297770494,""
BLM,TRIMETREXATE,TRUE,"",DTC,0.0568668829617489,""
BLM,LAPACHONE,FALSE,"",DTC,0.01968469025599,""
BLM,ALAZANINE,FALSE,"",DTC,0.102360389331148,""
BLM,TRICHOSTATIN A,FALSE,"",NCI,0.051180194665574,16177181
BLM,DIHYDROGAMBOGIC ACID,FALSE,"",DTC,0.0465274496959764,""
BLM,MITOXANTRONE HYDROCHLORIDE,TRUE,"",DTC,0.0159938108329919,""
BLM,CALMIDAZOLIUM CHLORIDE,FALSE,"",DTC,0.025590097332787,""
BLM,CHEMBL:CHEMBL578741,FALSE,"",DTC,0.024371521269321,""
BLM,GENTIAN VIOLET CATION,TRUE,"",DTC,0.0269369445608284,""
BLM,RM-2 GA-68,FALSE,"",TTD,0.511801946655741,""
BLM,CHEMBL:CHEMBL585591,FALSE,"",DTC,0.0213250811106558,""
BLM,ASTERRIC ACID,FALSE,"",DTC,0.0284334414808745,""
BLM,SOFALCONE,FALSE,"",DTC,0.0731145638079629,""
BLM,CHEMBL:CHEMBL429095,FALSE,"",DTC,0.0102360389331148,""
BLM,CHEMBL:CHEMBL601757,FALSE,"",DTC,0.0213250811106558,""
BLM,ROSE BENGAL,FALSE,"",DTC,0.0731145638079629,""
BLM,GOSSYPOL,FALSE,"",DTC,0.0106625405553279,""
BLM,QUERCETIN,TRUE,"",DTC,0.00647850565387013,""
BLM,GW5074,FALSE,"",DTC,0.0232637248479882,""
BLM,NOREPINEPHRINE,TRUE,"",DTC,0.0159938108329919,""
BLM,VITAMIN K3,TRUE,"",DTC,0.017648342988129,""
BLM,CHEMBL:CHEMBL67535,FALSE,"",DTC,0.0269369445608284,""
BLM,CHEMBL:CHEMBL1307453,FALSE,"",DTC,0.0853003244426234,""
BLM,PHANQUONE,FALSE,"",DTC,0.102360389331148,""
BLM,CHEMBL:CHEMBL1256813,FALSE,"",DTC,0.0465274496959764,""
BLM,DEPHOSTATIN,FALSE,"",DTC,0.0204720778662296,""
BLM,LEVODOPA,TRUE,"",DTC,0.0142167207404372,""
BLM,HARMALOL,FALSE,"",DTC,0.127950486663935,""
BLM,STREPTONIGRIN,FALSE,"",DTC,0.025590097332787,""
BLM,L-NOREPINEPHRINE,FALSE,"",DTC,0.0639752433319676,""
BLM,MITOXANTRONE,TRUE,"",DTC,0.0116318624239941,""
BLM,CHEMBL:CHEMBL599013,FALSE,"",DTC,0.0365572819039815,""
BLM,EUFLAVINE,FALSE,"",DTC,0.0319876216659838,""
BLM,FLUPIRTINE MALEATE,FALSE,"",DTC,0.03936938051198,""
BLM,ROSMARINIC ACID,FALSE,"",DTC,0.0639752433319676,""
BLM,CARUBICIN,FALSE,"",DTC,0.0568668829617489,""
BLM,METHOCTRAMINE HYDROCHLORIDE,FALSE,"",DTC,0.170600648885247,""
BLM,CHEMBL:CHEMBL530280,FALSE,"",DTC,0.0853003244426234,""
BLM,ERYTHROSINE,TRUE,"",DTC,0.0568668829617489,""
BLM,CAULIBUGULONE B,FALSE,"",DTC,0.170600648885247,""
BLM,QUERCETIN DIHYDRATE,FALSE,"",DTC,0.0731145638079629,""
BLM,RHEIN,FALSE,"",DTC,0.0232637248479882,""
BLM,CHEMBL:CHEMBL1504679,FALSE,"",DTC,0.03936938051198,""
BLM,LUTEOLIN,FALSE,"",DTC,0.0159938108329919,""
BLM,TANSHINONE IIA SULFONATE,FALSE,"",DTC,0.0853003244426234,""
BLM,DAUNORUBICIN HYDROCHLORIDE,TRUE,"",DTC,0.0155091498986588,""
BLM,TOLONIUM CHLORIDE,FALSE,"",DTC,0.0284334414808745,""
BLM,CHEMBL:CHEMBL1451216,FALSE,"",DTC,0.0301059968621024,""
BLM,CHEMBL:CHEMBL175266,FALSE,"",DTC,0.0365572819039815,""
BLM,CHEMBL:CHEMBL68534,FALSE,"",DTC,0.0269369445608284,""
BLM,CHEMBL:CHEMBL234338,FALSE,"",DTC,0.024371521269321,""
BLM,"9,10-PHENANTHRENEQUINONE",FALSE,"",DTC,0.01968469025599,""
BLM,IDARUBICIN,TRUE,"",DTC,0.0106625405553279,""
BLM,SALIRASIB,FALSE,"",DTC,0.0465274496959764,""
BLM,DOXORUBICIN HYDROCHLORIDE,TRUE,"",DTC,0.00345812126118744,""
BLM,LIOTHYRONINE SODIUM,TRUE,"",DTC,0.051180194665574,""
BLM,METHYLENE BLUE ANHYDROUS,TRUE,"",DTC,0.0138324850447497,""
BLM,(R)-5-DIPHOSPHOMEVALONATE,FALSE,inhibitor,GuideToPharmacology,0.511801946655741,""
BLM,CHEMBL:CHEMBL578512,FALSE,"",DTC,0.017648342988129,""
BLM,CHEMBL:CHEMBL592124,FALSE,"",DTC,0.0165097402147013,""
BLM,CHEMBL:CHEMBL580421,FALSE,"",DTC,0.0465274496959764,""
BLM,JUGLONE,FALSE,"",DTC,0.025590097332787,""
BLM,NSC-663284,FALSE,"",DTC,0.0731145638079629,""
BLM,HELIOMYCIN,FALSE,"",DTC,0.127950486663935,""
BLM,JP1302,FALSE,"",DTC,0.0568668829617489,""
TXK,HESPERADIN,FALSE,inhibitor,DTC,0.435031654657379,19035792
TXK,RITLECITINIB,TRUE,inhibitor,ChEMBL,2.9002110310492,""
TXK,RITLECITINIB TOSYLATE,TRUE,inhibitor,ChEMBL,2.9002110310492,""
LRRK2,ADAVOSERTIB,FALSE,"",DTC,0.0745768550841222,""
LRRK2,AST-487,FALSE,"",DTC,0.0509305351794005,""
LRRK2,PICTILISIB,FALSE,"",DTC,0.0632773315865279,""
LRRK2,DOVITINIB,FALSE,"",DTC,0.0206747717064893,""
LRRK2,PF-562271,FALSE,"",DTC,0.0193347402069946,""
LRRK2,RG-1530,FALSE,"",DTC,0.0222143823654832,""
LRRK2,GNE-0877,FALSE,"",TTD,1.04407597117771,""
LRRK2,CENISERTIB,FALSE,"",DTC,0.0176962029013171,""
LRRK2,ALISERTIB,FALSE,"",DTC,0.0435031654657379,""
LRRK2,CHEMBL:CHEMBL379975,FALSE,"",DTC,0.0474579986898959,""
LRRK2,CHEMBL:CHEMBL2204495,FALSE,"",DTC,4.17630388471084,22863203
LRRK2,PD-0166285,FALSE,"",DTC,0.0401567681222196,""
LRRK2,NVP-TAE684,FALSE,"",DTC,0.0405466396573868,22335897
LRRK2,DACTOLISIB,FALSE,"",DTC,0.0435031654657379,""
LRRK2,CHEMBL:CHEMBL1997335,FALSE,"",DTC,0.0497179033894148,""
LRRK2,JNJ-7706621,FALSE,"",DTC,0.0379663989519168,""
LRRK2,SOTRASTAURIN,FALSE,"",DTC,0.0342319990550069,""
LRRK2,PALBOCICLIB,TRUE,"",DTC,0.0409441557324592,""
LRRK2,VANDETANIB,TRUE,"",DTC,0.0360026196957831,""
LRRK2,ENTRECTINIB,TRUE,"",DTC,0.0366342446027267,""
LRRK2,TAMATINIB,FALSE,"",DTC,0.0257796536093262,""
LRRK2,FASUDIL,FALSE,"",DTC,0.0720052393915663,""
LRRK2,TOZASERTIB,FALSE,"",DTC,0.0286048211281565,""
LRRK2,ILORASERTIB,FALSE,"",DTC,0.0180013098478916,""
LRRK2,PHA-767491,FALSE,"",DTC,0.031638665793264,""
PSCA,MK-4721,FALSE,inhibitor,ChEMBL,13.0509496397214,""
PSCA,AUTOLOGOUS PROSTATE STEM CELL ANTIGEN-SPECIFIC CAR T CELLS BPX-601,FALSE,"",TTD,13.0509496397214,""
PSCA,MK-4721,FALSE,"",TdgClinicalTrial,13.0509496397214,""
PSCA,ANTI-PSCA MONOCLONAL ANTIBODY AGS-1C4D4,FALSE,"",TdgClinicalTrial,13.0509496397214,""
AURKB,CYC-116,FALSE,inhibitor,DTC; ChEMBL,0.0244628859226268,20462263
AURKB,DACTOLISIB,FALSE,"",DTC,0.016478471767325,""
AURKB,TOZASERTIB LACTATE,FALSE,"",TTD,0.2636555482772,""
AURKB,AT9283,FALSE,inhibitor,TTD; MyCancerGenome; TdgClinicalTrial; TALC,0.287624234484218,""
AURKB,TOZASERTIB,FALSE,inhibitor,TdgClinicalTrial; DTC; TALC; ChEMBL,0.0650109571094465,19035792; 23808327
AURKB,ALISERTIB,FALSE,"",CIViC; DTC,0.03295694353465,""
AURKB,BARASERTIB,FALSE,inhibitor,MyCancerGenome; CIViC; DTC; TALC; ChEMBL,0.365061528383815,20684549
AURKB,MK-6592,FALSE,inhibitor,ChEMBL,0.2636555482772,""
AURKB,CHEMBL:CHEMBL546797,FALSE,"",DTC,0.0247177076509875,""
AURKB,KW-2449,FALSE,inhibitor,ChEMBL,0.0988708306039499,""
AURKB,TAK-901,FALSE,inhibitor,TTD; ChEMBL,1.5819332896632,""
AURKB,PF-03814735,FALSE,inhibitor,MyCancerGenome; TALC; ChEMBL,1.1864499672474,""
AURKB,AMG-900,FALSE,inhibitor,ClearityFoundationClinicalTrial; MyCancerGenome; TALC,0.29661249181185,""
AURKB,CENISERTIB,FALSE,inhibitor,TTD; MyCancerGenome; TdgClinicalTrial; TALC; ChEMBL,0.0335155357979491,""
AURKB,LINIFANIB,FALSE,"",DTC,0.00988708306039499,""
AURKB,BMS-754807,FALSE,"",DTC,0.175770365518133,19778024
AURKB,DANUSERTIB,FALSE,inhibitor,TTD; MyCancerGenome; TALC; ChEMBL,0.351540731036266,""
AURKB,SP-600125,FALSE,"",DTC,0.0177745313445303,23634759
AURKB,KENPAULLONE,FALSE,"",DTC,0.016478471767325,""
AURKB,GSK1070916,FALSE,inhibitor,TTD; MyCancerGenome; TALC; ChEMBL,0.632773315865279,""
AURKB,BAY 61-3606,FALSE,"",DTC,0.0192918693861366,""
AURKB,AR-AO-14418,FALSE,"",DTC,0.112995234975943,""
AURKB,PD-0166285,FALSE,"",DTC,0.0152108970159923,""
AURKB,DOVITINIB,FALSE,"",DTC,0.00783135291912474,""
AURKB,WITHAFERIN A,FALSE,"",DTC,0.1318277741386,24079846
AURKB,GSK-269962A,FALSE,"",DTC,0.0179765146552636,""
AURKB,AMG-900,FALSE,inhibitor,ChEMBL,0.2636555482772,""
AURKB,GO-6976,FALSE,"",DTC,0.0183945731356186,""
AURKB,AURORA B/C KINASE INHIBITOR GSK1070916A,FALSE,"",TTD,0.395483322415799,""
AURKB,BARASERTIB-HQPA,FALSE,"",TTD; DTC,0.103169562369339,25036791
AURKB,NERVIANO,FALSE,"",DTC,0.790966644831599,20621725
AURKB,EUPATORIN,FALSE,"",DTC,0.2636555482772,""
AURKB,TTP-607,FALSE,inhibitor,ChEMBL,0.2636555482772,""
AURKB,JNJ-7706621,FALSE,"",DTC,0.0143812117242109,""
AURKB,SORAFENIB,TRUE,"",DTC,0.0068779708246226,""
AURKB,CHEMBL:CHEMBL379975,FALSE,"",DTC,0.0179765146552636,""
AURKB,NVP-TAE684,FALSE,"",DTC,0.00767928781389902,""
AURKB,CP-547632,FALSE,"",DTC,0.0179765146552636,""
AURKB,CHEMBL:CHEMBL535331,FALSE,"",DTC,0.0878851827590666,""
AURKB,GW441756X,FALSE,"",DTC,0.0121687176127938,""
AURKB,HESPERADIN,FALSE,inhibitor,DTC,0.01977416612079,19035792
AURKB,COPANLISIB,TRUE,"",CIViC,0.0359530293105272,""
AURKB,AT-9283,FALSE,inhibitor,ChEMBL,0.0659138870692999,""
AURKB,MK-5108,FALSE,"",TTD,0.2636555482772,""
AURKB,CEDIRANIB,FALSE,"",DTC,0.0141244043719928,""
AURKB,IBCASERTIB,FALSE,inhibitor,ChEMBL,0.1977416612079,""
AURKB,PF-562271,FALSE,"",DTC,0.00732376522992221,""
AURKB,ENMD-2076,FALSE,inhibitor,ChEMBL,0.0255150530590838,""
AURKB,BI-811283,FALSE,inhibitor,TTD; ChEMBL,2.3728999344948,22350019
AURKB,VANDETANIB,TRUE,"",DTC,0.0136373559453724,""
AURKB,FASUDIL,FALSE,"",DTC,0.0272747118907448,""
AURKB,ENTRECTINIB,TRUE,"",DTC,0.0138766078040631,""
AURKB,LAS38096,FALSE,"",DTC,0.0719060586210545,""
AURKB,BI-847325,FALSE,inhibitor,TTD; MyCancerGenome,0.143812117242109,""
AURKB,PAZOPANIB,TRUE,"",DTC,0.0138766078040631,""
AURKB,ZM447439,FALSE,"",DTC,0.0416298234121894,""
AURKB,LAPATINIB,TRUE,"",DTC,0.0255150530590838,""
AURKB,SNS-314,FALSE,inhibitor,TTD; MyCancerGenome; TdgClinicalTrial; ChEMBL,0.0753301566506285,""
AURKB,BMS-345541,FALSE,"",DTC,0.0719060586210545,""
AURKB,BELUMOSUDIL,TRUE,"",DTC,0.0790966644831599,""
AURKB,CYC116,FALSE,inhibitor,TTD; TdgClinicalTrial; TALC,0.593224983623699,""
AURKB,AURORA KINASE INHIBITOR AMG 900,FALSE,"",TTD,0.1977416612079,""
AURKB,ERLOTINIB,TRUE,"",DTC,0.0141244043719928,""
AURKB,MLN-8054,FALSE,"",DTC,0.0545494237814896,17360485
AURKB,ILORASERTIB,FALSE,inhibitor,TTD; DTC; ChEMBL,0.0204560339180586,""
AURKB,DASATINIB ANHYDROUS,TRUE,"",DTC,0.0104074558530473,""
STN1,ATENOLOL,TRUE,"",PharmGKB,2.9002110310492,31327267
PIM1,SIROLIMUS,TRUE,"",NCI,0.0514323138511187,15642745
PIM1,SOTRASTAURIN,FALSE,"",DTC,0.0244514278964335,""
PIM1,BETA-CARBOLINE,FALSE,"",DTC,0.372884275420611,""
PIM1,SB220025,FALSE,"",DTC,0.0481141000542724,""
PIM1,GO-6976,FALSE,"",DTC,0.0346869093414522,""
PIM1,CHEMBL:CHEMBL500812,FALSE,"",DTC,1.49153710168244,19179076
PIM1,LAUROGUADINE,FALSE,"",DTC,0.0532691822029444,""
PIM1,IBRUTINIB,TRUE,"",CIViC,0.0438687382847778,""
PIM1,CHEMBL:CHEMBL379975,FALSE,"",DTC,0.0338985704927828,""
PIM1,CHEMBL:CHEMBL515495,FALSE,"",DTC,1.49153710168244,19179076
PIM1,PIM447,FALSE,"",TTD,0.372884275420611,""
PIM1,CHEMBL:CHEMBL546797,FALSE,"",DTC,0.0466105344275764,""
PIM1,CHEMBL:CHEMBL478324,FALSE,"",DTC,1.49153710168244,19179076
PIM1,SP-600125,FALSE,"",DTC,0.0167588438391286,""
PIM1,CHEMBL:CHEMBL365617,FALSE,"",DTC,0.186442137710305,""
PIM1,RUCAPARIB,TRUE,"",DTC,0.0621473792367685,""
PIM1,CHEMBL:CHEMBL478141,FALSE,"",DTC,2.98307420336489,19179076
PIM1,LY-2090314,FALSE,"",DTC,0.0573668116031709,""
PIM1,MITOXANTRONE,TRUE,"",DTC,0.0677971409855656,23442188
PIM1,LGH-447,FALSE,inhibitor,ChEMBL,0.497179033894148,""
PIM1,AZD-1208,FALSE,inhibitor,ChEMBL,0.497179033894148,""
PIM1,GW441756X,FALSE,"",DTC,0.0229467246412684,""
PIM1,CHEMBL:CHEMBL476025,FALSE,"",DTC,0.994358067788296,19179076
PIM1,ALSTERPAULLONE,FALSE,"",DTC,0.0286834058015855,""
PIM1,KENPAULLONE,FALSE,"",DTC,0.0310736896183842,""
PIM1,CHEMBL:CHEMBL478510,FALSE,"",DTC,2.98307420336489,19179076
PIM1,GEFITINIB,TRUE,"",DTC,0.0222617477863051,""
PIM1,SEL-24,FALSE,"",TTD,1.49153710168244,""
PIM1,GSK-269962A,FALSE,"",DTC,0.0338985704927828,""
PIM1,1-AZAKENPAULLONE,FALSE,"",DTC,0.114733623206342,""
PIM1,SGI-1776,FALSE,inhibitor,TdgClinicalTrial; ChEMBL,0.497179033894148,""
PIM1,CHEMBL:CHEMBL578061,FALSE,"",DTC,0.0596614840672977,""
PIM1,UZANSERTIB,FALSE,"",TTD,0.298307420336489,""
PIM1,CHEMBL:CHEMBL399530,FALSE,"",DTC,0.298307420336489,""
PIM1,CHEMBL:CHEMBL478323,FALSE,"",DTC,2.98307420336489,19179076
ABAT,LUF5962,FALSE,inhibitor,GuideToPharmacology,0.300021830798193,""
ABAT,MRE 3008F20,FALSE,inhibitor,GuideToPharmacology,0.150010915399096,""
ABAT,LUF5981,FALSE,inhibitor,GuideToPharmacology,0.150010915399096,""
ABAT,5-CL-5-DEOXY-(&PLUSMN;)-ENBA,FALSE,agonist,GuideToPharmacology,0.600043661596386,""
ABAT,3-ISOBUTYL-1-METHYL-7H-XANTHINE,FALSE,inhibitor,GuideToPharmacology,0.200014553865462,""
ABAT,MRE 2029F20,FALSE,inhibitor,GuideToPharmacology,0.150010915399096,""
ABAT,TIAGABINE HYDROCHLORIDE,TRUE,"",TEND; TdgClinicalTrial,0.400029107730924,""
ABAT,DP-VPA,FALSE,"",TdgClinicalTrial,0.600043661596386,""
ABAT,PENECA,FALSE,agonist,GuideToPharmacology,0.200014553865462,""
ABAT,COMPOUND 10 [PMID: 31306001],FALSE,agonist,GuideToPharmacology,0.300021830798193,""
ABAT,ST-1535,FALSE,inhibitor,GuideToPharmacology,0.120008732319277,""
ABAT,(S)-PIA,FALSE,agonist,GuideToPharmacology,0.150010915399096,""
ABAT,VALPROIC ACID,TRUE,"",TEND; TdgClinicalTrial; PharmGKB; DTC,0.0842166542591418,11086726; 36718958; 27918244; 23407051
ABAT,PICLIDENOSON,FALSE,agonist,GuideToPharmacology,0.0857205230851979,""
ABAT,SCH442416,FALSE,inhibitor,GuideToPharmacology,0.0857205230851979,""
ABAT,VIGABATRIN,TRUE,inhibitor,TEND; TTD; TdgClinicalTrial; ChEMBL,0.600043661596386,""
ABAT,CGS 15943,FALSE,inhibitor,GuideToPharmacology,0.0545494237814896,""
ABAT,CPFPX,FALSE,inhibitor,GuideToPharmacology,0.300021830798193,""
ABAT,"4-{2-[(7-AMINO-2-FURAN-2-YL[1,2,4]TRIAZOLO[1,5-A][1,3,5]TRIAZIN-5-YL)AMINO]ETHYL}PHENOL",FALSE,inhibitor,GuideToPharmacology,0.120008732319277,""
ABAT,MRS5151,FALSE,agonist,GuideToPharmacology,0.200014553865462,""
ABAT,LUF5831,FALSE,agonist,GuideToPharmacology,0.600043661596386,""
ABAT,MRS1191,FALSE,inhibitor,GuideToPharmacology,0.150010915399096,""
ABAT,FK-453,FALSE,inhibitor,GuideToPharmacology,0.120008732319277,""
ABAT,2-CHLOROADENOSINE,FALSE,agonist,GuideToPharmacology,0.0545494237814896,""
ABAT,AS100,FALSE,inhibitor,GuideToPharmacology,0.300021830798193,""
ABAT,DERENOFYLLINE,FALSE,inhibitor,GuideToPharmacology,0.120008732319277,""
ABAT,CGS 21680,FALSE,agonist,GuideToPharmacology,0.0857205230851979,""
ABAT,IMARADENANT,FALSE,inhibitor,GuideToPharmacology,0.150010915399096,""
ABAT,4-HYDROXYBENZALDEHYDE,FALSE,"",TTD,0.600043661596386,""
ABAT,SCH 58261,FALSE,inhibitor,GuideToPharmacology,0.0857205230851979,""
ABAT,MRS3558,FALSE,agonist,GuideToPharmacology,0.120008732319277,""
ABAT,REGADENOSON ANHYDROUS,TRUE,agonist,GuideToPharmacology,0.100007276932731,""
ABAT,AS99,FALSE,inhibitor,GuideToPharmacology,0.300021830798193,""
ABAT,LUF7602,FALSE,inhibitor,GuideToPharmacology,0.200014553865462,""
ABAT,MRS7469,FALSE,agonist,GuideToPharmacology,0.600043661596386,""
ABAT,XANTHINE AMINE CONGENER,FALSE,inhibitor,GuideToPharmacology,0.100007276932731,""
ABAT,ADENOSINE,TRUE,agonist,GuideToPharmacology,0.0400029107730924,""
ABAT,CAPADENOSON,FALSE,agonist,GuideToPharmacology,0.300021830798193,""
ABAT,NECA,FALSE,agonist,GuideToPharmacology,0.0666715179551539,""
ABAT,CVT-6883,FALSE,inhibitor,GuideToPharmacology,0.0545494237814896,""
ABAT,BAY 60-6583,FALSE,agonist,GuideToPharmacology,0.150010915399096,""
ABAT,CYCLOPENTYLADENOSINE,FALSE,agonist,GuideToPharmacology,0.0750054576995482,""
ABAT,AS70,FALSE,inhibitor,GuideToPharmacology,0.300021830798193,""
ABAT,L-97-1,FALSE,inhibitor,GuideToPharmacology,0.600043661596386,""
ABAT,KF26777,FALSE,inhibitor,GuideToPharmacology,0.150010915399096,""
ABAT,HEMADO,FALSE,agonist,GuideToPharmacology,0.150010915399096,""
ABAT,"CP608,039",FALSE,agonist,GuideToPharmacology,0.300021830798193,""
ABAT,CPP-115,FALSE,"",TTD,0.300021830798193,""
ABAT,APADENOSON,FALSE,agonist,GuideToPharmacology,0.150010915399096,""
ABAT,PRELADENANT,FALSE,inhibitor,GuideToPharmacology,0.120008732319277,""
ABAT,(R)-PIA,FALSE,agonist,GuideToPharmacology,0.0750054576995482,""
ABAT,8-CYCLOPENTYLTHEOPHYLLINE,FALSE,inhibitor,GuideToPharmacology,0.150010915399096,""
ABAT,PSB1115,FALSE,inhibitor,GuideToPharmacology,0.120008732319277,""
ABAT,2-HEXYNYL-NECA,FALSE,agonist,GuideToPharmacology,0.150010915399096,""
ABAT,VIPADENANT,FALSE,inhibitor,GuideToPharmacology,0.120008732319277,""
ABAT,PD81723,FALSE,modulator,GuideToPharmacology,0.600043661596386,""
ABAT,PSB603,FALSE,inhibitor,GuideToPharmacology,0.150010915399096,""
ABAT,ISTRADEFYLLINE,TRUE,inhibitor,GuideToPharmacology,0.120008732319277,""
ABAT,NAMODENOSON,FALSE,agonist,GuideToPharmacology,0.100007276932731,""
ABAT,NELADENOSON,FALSE,agonist,GuideToPharmacology,0.300021830798193,""
ABAT,MRS1523,FALSE,inhibitor,GuideToPharmacology,0.100007276932731,""
ABAT,PSB-11,FALSE,inhibitor,GuideToPharmacology,0.200014553865462,""
ABAT,MEFLOQUINE,TRUE,inhibitor,GuideToPharmacology,0.200014553865462,""
ABAT,WRC-0571,FALSE,inhibitor,GuideToPharmacology,0.600043661596386,""
ABAT,VPC171,FALSE,modulator,GuideToPharmacology,0.600043661596386,""
ABAT,[3H]DPCPX,FALSE,inhibitor,GuideToPharmacology,0.300021830798193,""
ABAT,TCPA,FALSE,agonist,GuideToPharmacology,0.150010915399096,""
ABAT,CAFFEINE,TRUE,inhibitor,GuideToPharmacology,0.0162173962593618,""
ABAT,ATL802,FALSE,inhibitor,GuideToPharmacology,0.150010915399096,""
ABAT,LAS38096,FALSE,inhibitor,GuideToPharmacology,0.0545494237814896,""
ABAT,PYRUVIC ACID,TRUE,"",TTD,0.600043661596386,""
ABAT,CCPA,FALSE,agonist,GuideToPharmacology,0.150010915399096,""
ABAT,DU172,FALSE,inhibitor,GuideToPharmacology,0.600043661596386,""
ABAT,TONAPOFYLLINE,FALSE,inhibitor,GuideToPharmacology,0.0750054576995482,""
ABAT,PYRIDOXAL PHOSPHATE ANHYDROUS,FALSE,"",TTD,0.200014553865462,""
ABAT,BINODENOSON,FALSE,agonist,GuideToPharmacology,0.120008732319277,""
ABAT,"(R,S)-PHPNECA",FALSE,agonist,GuideToPharmacology,0.200014553865462,""
ABAT,MRS1754,FALSE,inhibitor,GuideToPharmacology,0.150010915399096,""
ABAT,ALANINE,TRUE,"",TTD,0.120008732319277,""
ABAT,PSB-10,FALSE,inhibitor,GuideToPharmacology,0.200014553865462,""
ABAT,DPCPX,FALSE,inhibitor,GuideToPharmacology,0.120008732319277,""
ABAT,MSX-2,FALSE,inhibitor,GuideToPharmacology,0.150010915399096,""
ABAT,FR194921,FALSE,inhibitor,GuideToPharmacology,0.600043661596386,""
ABAT,THEOPHYLLINE,TRUE,inhibitor,GuideToPharmacology,0.0222238393183846,""
ABAT,ROLOFYLLINE,FALSE,inhibitor,GuideToPharmacology,0.120008732319277,""
ABAT,DIVALPROEX SODIUM,TRUE,"",TEND; TTD; TdgClinicalTrial,0.900065492394578,""
ABAT,GS9667,FALSE,agonist,GuideToPharmacology,0.120008732319277,""
FZD2,VANTICTUMAB,FALSE,inhibitor,ChEMBL,3.72884275420611,""
FZD2,COMPOUND 13 [PMID: 17502136],FALSE,inhibitor,GuideToPharmacology,8.70063309314759,""
PLK1,PURPURIN,FALSE,"",DTC,0.0138105287192819,""
PLK1,BI 2536,FALSE,"",TTD,0.29002110310492,""
PLK1,ALPHAPRODINE HYDROCHLORIDE,FALSE,"",DTC,0.29002110310492,""
PLK1,"3,5-DIPHENYLISOXAZOLE",FALSE,"",DTC,0.0725052757762299,""
PLK1,BI-2536,FALSE,inhibitor,MyCancerGenome; DTC; TALC; ChEMBL,0.207157930789228,25685941
PLK1,FLUPIRTINE MALEATE,FALSE,"",DTC,0.0223093156234554,""
PLK1,CHEMBL:CHEMBL1412002,FALSE,"",DTC,0.0725052757762299,""
PLK1,APOMORPHINE HYDROCHLORIDE HEMIHYDRATE,FALSE,"",DTC,0.0161122835058289,""
PLK1,PYROGALLOL RED,FALSE,"",DTC,0.0116008441241968,""
PLK1,CHEMBL:CHEMBL116548,FALSE,"",DTC,0.0241684252587433,""
PLK1,PYRONIN Y,FALSE,"",DTC,0.0161122835058289,""
PLK1,CHEMBL:CHEMBL588749,FALSE,"",DTC,0.29002110310492,""
PLK1,CHEMBL:CHEMBL534535,FALSE,"",DTC,0.0725052757762299,""
PLK1,CHEMBL:CHEMBL523200,FALSE,"",DTC,0.0170600648885247,""
PLK1,CHEMBL:CHEMBL1271059,FALSE,"",DTC,0.0966737010349732,""
PLK1,CHEMBL:CHEMBL584619,FALSE,"",DTC,0.29002110310492,""
PLK1,CHEMBL:CHEMBL374632,FALSE,"",DTC,0.02636555482772,""
PLK1,GSK-461364A,FALSE,inhibitor,ChEMBL,0.14501055155246,""
PLK1,GYROPHORIC ACID,FALSE,"",DTC,0.14501055155246,""
PLK1,SLAZINIC ACID,FALSE,"",DTC,0.0138105287192819,""
PLK1,CHEMBL:CHEMBL164449,FALSE,"",DTC,0.14501055155246,""
PLK1,LANSOPRAZOLE,TRUE,"",DTC,0.0100007276932731,""
PLK1,CHEMBL:CHEMBL577365,FALSE,"",DTC,0.29002110310492,""
PLK1,SENNOSIDE B,FALSE,"",DTC,0.0181263189440575,""
PLK1,CHEMBL:CHEMBL599712,FALSE,"",DTC,0.14501055155246,""
PLK1,CHEMBL:CHEMBL121556,FALSE,"",DTC,0.0966737010349732,""
PLK1,CHEMBL:CHEMBL602969,FALSE,"",DTC,0.0241684252587433,""
PLK1,CHEMBL:CHEMBL429095,FALSE,"",DTC,0.00580042206209839,""
PLK1,WORTMANNIN,FALSE,"",NCI,0.0207157930789228,17135248
PLK1,BENSERAZIDE HYDROCHLORIDE,FALSE,"",DTC,0.0181263189440575,""
PLK1,CHEMBL:CHEMBL103583,FALSE,"",DTC,0.0362526378881149,""
PLK1,CHEMBL:CHEMBL1605629,FALSE,"",DTC,0.0966737010349732,""
PLK1,CHEMBL:CHEMBL515505,FALSE,"",DTC,0.0126096131784748,""
PLK1,PHYSODIC ACID,FALSE,"",DTC,0.029002110310492,""
PLK1,SCLEROTIORIN,FALSE,"",DTC,0.029002110310492,""
PLK1,OXYPHENBUTAZONE,TRUE,"",DTC,0.0223093156234554,""
PLK1,CHEMBL:CHEMBL1232076,FALSE,"",DTC,0.0580042206209839,""
PLK1,CHEMBL:CHEMBL1701915,FALSE,"",DTC,0.0414315861578457,""
PLK1,MK-1496,FALSE,inhibitor,TTD; ChEMBL,0.580042206209839,""
PLK1,CHEMBL:CHEMBL1503729,FALSE,"",DTC,0.0322245670116577,""
PLK1,CHEMBL:CHEMBL1306556,FALSE,"",DTC,0.0483368505174866,""
PLK1,CEFSULODIN SODIUM,FALSE,"",DTC,0.0362526378881149,""
PLK1,VOLASERTIB,FALSE,inhibitor,TTD; MyCancerGenome; TALC; ChEMBL,0.232016882483936,""
PLK1,CHEMBL:CHEMBL599957,FALSE,"",DTC,0.14501055155246,""
PLK1,OXIDOPAMINE HYDROCHLORIDE,FALSE,"",DTC,0.0170600648885247,""
PLK1,ELLAGIC ACID,FALSE,"",DTC,0.0103578965394614,""
PLK1,CHEMBL:CHEMBL585628,FALSE,"",DTC,0.0483368505174866,""
PLK1,CHEMBL:CHEMBL599924,FALSE,"",DTC,0.0181263189440575,""
PLK1,PROROXAN HYDROCHLORIDE,FALSE,"",DTC,0.0414315861578457,""
PLK1,CHEMBL:CHEMBL602807,FALSE,"",DTC,0.0362526378881149,""
PLK1,HAEMATOXYLIN,FALSE,"",DTC,0.0111546578117277,""
PLK1,ACID BLUE 129,FALSE,"",DTC,0.0152642685844695,""
PLK1,CHEMBL:CHEMBL1426508,FALSE,"",DTC,0.0580042206209839,""
PLK1,CHEMBL:CHEMBL599098,FALSE,"",DTC,0.0362526378881149,""
PLK1,4-CHLOROMERCURIBENZOIC ACID,FALSE,"",DTC,0.0103578965394614,""
PLK1,PURPUROGALLIN,FALSE,"",DTC,0.00805614175291443,""
PLK1,CEPHALOCHROMIN,FALSE,"",DTC,0.0152642685844695,""
PLK1,CHEMBL:CHEMBL1519374,FALSE,"",DTC,0.0181263189440575,""
PLK1,CHEMBL:CHEMBL125044,FALSE,"",DTC,0.0322245670116577,""
PLK1,CHEMBL:CHEMBL1707907,FALSE,"",DTC,0.0725052757762299,""
PLK1,TAK-960,FALSE,inhibitor,TTD; ChEMBL,0.580042206209839,""
PLK1,CHEMBL:CHEMBL585279,FALSE,"",DTC,0.29002110310492,""
PLK1,CHEMBL:CHEMBL1451216,FALSE,"",DTC,0.0170600648885247,""
PLK1,PENTOSALEN,FALSE,"",DTC,0.14501055155246,""
PLK1,CHEMBL:CHEMBL1362503,FALSE,"",DTC,0.02636555482772,""
PLK1,IMIDACLOPRID,FALSE,"",DTC,0.29002110310492,""
PLK1,CHEMBL:CHEMBL582478,FALSE,"",DTC,0.0362526378881149,""
PLK1,CHEMBL:CHEMBL592558,FALSE,"",DTC,0.0725052757762299,""
PLK1,SIMVASTATIN,TRUE,"",DTC,0.00580042206209839,""
PLK1,ONVANSERTIB,FALSE,inhibitor,TTD; TALC; ChEMBL,0.14501055155246,""
PLK1,STAVUDINE,TRUE,"",DTC,0.0223093156234554,""
PLK1,CHEMBL:CHEMBL505670,FALSE,"",DTC,0.00828631723156913,""
PLK1,SOTRASTAURIN,FALSE,"",DTC,0.0047544443131954,""
PLK1,CHEMBL:CHEMBL297304,FALSE,"",DTC,0.0193347402069946,""
PLK1,BENZBROMARONE,TRUE,"",DTC,0.0181263189440575,""
PLK1,CHEMBL:CHEMBL565893,FALSE,"",DTC,0.0483368505174866,""
PLK1,CHEMBL:CHEMBL1255944,FALSE,"",DTC,0.0322245670116577,""
PLK1,CHEMBL:CHEMBL1310701,FALSE,"",DTC,0.0483368505174866,""
PLK1,AROTINOID ACID,FALSE,"",DTC,0.0170600648885247,""
PLK1,CHEMBL:CHEMBL592314,FALSE,"",DTC,0.0966737010349732,""
PLK1,CHEMBL:CHEMBL1489812,FALSE,"",DTC,0.0580042206209839,""
PLK1,ANTISENSE OLIGONUCLEOTIDES,FALSE,"",NCI,0.0175770365518133,15141022
PLK1,CHEMBL:CHEMBL84281,FALSE,"",DTC,0.29002110310492,""
PLK1,INAMRINONE,TRUE,"",DTC,0.0152642685844695,""
PLK1,CHEMBL:CHEMBL1310138,FALSE,"",DTC,0.02636555482772,""
PLK1,(4-CHLOROPHENYL)(MORPHOLINO)METHANETHIONE,FALSE,"",DTC,0.0725052757762299,""
PLK1,DISULFIRAM,TRUE,"",DTC,0.00674467681639348,""
PLK1,LOMOFUNGIN,FALSE,"",DTC,0.0193347402069946,""
PLK1,RIGOSERTIB,FALSE,"",TTD; TdgClinicalTrial,0.0725052757762299,""
PLK1,TRITIOZINE,FALSE,"",DTC,0.14501055155246,""
PLK1,2-HYDROXYESTRADIOL,FALSE,"",DTC,0.0483368505174866,""
PLK1,THIOGUANOSINE,FALSE,"",DTC,0.0580042206209839,""
PLK1,GW843682X,FALSE,"",DTC,0.00743643854115178,""
PLK1,CHEMBL:CHEMBL274921,FALSE,"",DTC,0.0725052757762299,""
PLK1,CAFUSERTIB,FALSE,inhibitor,ChEMBL,0.29002110310492,""
PLK1,CHEMBL:CHEMBL599255,FALSE,"",DTC,0.0322245670116577,""
PLK1,SUCCIMER,TRUE,"",DTC,0.0414315861578457,""
PLK1,NVP-TAE684,FALSE,"",DTC,0.00281573886509631,""
PLK1,POLO-LIKE KINASE 1 INHIBITOR GSK461364,FALSE,inhibitor,TTD; MyCancerGenome; TALC,0.435031654657379,""
PLK1,CHEMBL:CHEMBL1871992,FALSE,"",DTC,0.29002110310492,""
PLK1,LITHOCHOLIC ACID,FALSE,"",DTC,0.0223093156234554,""
PLK1,CHEMBL:CHEMBL118678,FALSE,"",DTC,0.0483368505174866,""
PLK1,CEFAMANDOLE SODIUM,FALSE,"",DTC,0.0207157930789228,""
PLK1,CHEMBL:CHEMBL118378,FALSE,"",DTC,0.14501055155246,""
PLK1,CHEMBL:CHEMBL535051,FALSE,"",DTC,0.29002110310492,""
PLK1,CHEMBL:CHEMBL388979,FALSE,"",DTC,0.0483368505174866,""
PLK1,PHOSMET,FALSE,"",DTC,0.0580042206209839,""
PLK1,RG-1530,FALSE,"",DTC,0.00308533088409489,""
PLK1,THIRAM,FALSE,"",DTC,0.0126096131784748,""
PLK1,CHEMBL:CHEMBL119878,FALSE,"",DTC,0.0414315861578457,""
PLK1,OXYTETRACYCLINE ANHYDROUS,TRUE,"",DTC,0.014501055155246,""
PLK1,CHEMBL:CHEMBL122355,FALSE,"",DTC,0.0414315861578457,""
PLK1,AMORFRUTIN A,FALSE,"",DTC,0.0725052757762299,""
PLK1,IDARUBICIN,TRUE,"",DTC,0.00604210631468583,""
PLK1,CHEMBL:CHEMBL151797,FALSE,"",DTC,0.0580042206209839,""
PLK1,GUTHION,FALSE,"",DTC,0.0241684252587433,""
PLK1,CHEMBL:CHEMBL223575,FALSE,"",DTC,0.0725052757762299,""
PLK1,OLEIC ACID,TRUE,"",DTC,0.02636555482772,""
PLK1,TOPOTECAN HYDROCHLORIDE,TRUE,"",DTC,0.0120842126293717,""
PLK1,TOSUFLOXACIN TOSYLATE,FALSE,"",DTC,0.0966737010349732,""
PLK1,PENTACHLOROPHENOL,FALSE,"",DTC,0.0207157930789228,""
PLK1,CHEMBL:CHEMBL1242101,FALSE,"",TTD,0.29002110310492,""
PLK1,CHEMBL:CHEMBL538798,FALSE,"",DTC,0.029002110310492,""
PLK1,CHEMBL:CHEMBL555260,FALSE,"",DTC,0.14501055155246,""
PLK1,CRYPTOTANSHINONE,FALSE,"",DTC,0.0207157930789228,""
PLK1,6-CHLORONICOTINIC ACID,FALSE,"",DTC,0.29002110310492,""
PLK1,NANAOMYCIN,FALSE,"",DTC,0.0223093156234554,""
PLK1,DIPYRIDAMOLE,TRUE,"",DTC,0.00517894826973071,""
PLK1,CHEMBL:CHEMBL175266,FALSE,"",DTC,0.0207157930789228,""
PLK1,LOBARIC ACID,FALSE,"",DTC,0.0193347402069946,""
PLK1,CHEMBL:CHEMBL590665,FALSE,"",DTC,0.0966737010349732,""
PLK1,ACITRETIN,TRUE,"",DTC,0.0181263189440575,""
PLK1,CHEMBL:CHEMBL548629,FALSE,"",DTC,0.14501055155246,""
PLK1,MYRICETIN,FALSE,"",DTC,0.00725052757762299,""
PLK1,PROTOPORPHYRIN,FALSE,"",DTC,0.0116008441241968,""
PLK1,LIPID ENCAPSULATED ANTI-PLK1 SIRNA TKM-PLK1,FALSE,"",TdgClinicalTrial,0.29002110310492,""
PLK1,CHEMBL:CHEMBL527584,FALSE,"",DTC,0.0241684252587433,""
PLK1,ERYTHROMYCIN,TRUE,"",DTC,0.0126096131784748,""
PLK1,VANITIOLIDE,FALSE,"",DTC,0.0966737010349732,""
PLK1,DIFFRACTAIC ACID,FALSE,"",DTC,0.14501055155246,""
PLK1,BETUNOLIC ACID,FALSE,"",DTC,0.29002110310492,""
PLK1,"2,6-DIMETHOXYQUINONE",FALSE,"",DTC,0.0414315861578457,""
PLK1,CHEMBL:CHEMBL171699,FALSE,"",DTC,0.029002110310492,""
PLK1,THIMEROSAL,TRUE,"",DTC,0.0126096131784748,""
PLK1,CHEMBL:CHEMBL528373,FALSE,"",DTC,0.29002110310492,""
PLK1,CHEMBL:CHEMBL462861,FALSE,"",DTC,0.0966737010349732,""
PLK1,NMS-1286937,FALSE,inhibitor,TTD; MyCancerGenome,0.580042206209839,""
PLK1,AMBUNOL,FALSE,"",DTC,0.0580042206209839,""
PLK1,CEFACLOR ANHYDROUS,TRUE,"",DTC,0.0207157930789228,""
PLK1,CHEMBL:CHEMBL530149,FALSE,"",DTC,0.0966737010349732,""
PLK1,CHEMBL:CHEMBL495852,FALSE,"",DTC,0.14501055155246,""
PLK1,EBSELEN,FALSE,"",DTC,0.00828631723156913,""
PLK1,"2,4-DIHYDROXYBENZOPHENONE",FALSE,"",DTC,0.0483368505174866,""
PLK1,EMBELIN,FALSE,"",DTC,0.0193347402069946,""
PLK1,PHA-767491,FALSE,"",DTC,0.00439425913795333,""
PLK1,HYDROXYZINE PAMOATE,TRUE,"",DTC,0.029002110310492,""
PLK1,CHEMBL:CHEMBL592124,FALSE,"",DTC,0.00935551945499741,""
PLK1,CHEMBL:CHEMBL585654,FALSE,"",DTC,0.0580042206209839,""
PLK1,CHEMBL:CHEMBL1224755,FALSE,"",DTC,0.02636555482772,""
PLK1,CHEMBL:CHEMBL1486366,FALSE,"",DTC,0.0322245670116577,""
PLK1,CHEMBL:CHEMBL1363249,FALSE,"",DTC,0.0483368505174866,""
PLK1,"3,4-DICHLOROISOCOUMARIN",FALSE,"",DTC,0.0193347402069946,""
PLK1,CHEMBL:CHEMBL1537417,FALSE,"",DTC,0.0322245670116577,""
PLK1,CHEMBL:CHEMBL582764,FALSE,"",DTC,0.14501055155246,""
PLK1,CHEMBL:CHEMBL1287980,FALSE,"",DTC,0.0414315861578457,""
PLK1,CHEMBL:CHEMBL1459280,FALSE,"",DTC,0.0483368505174866,""
PLK1,PENTABROMOPHENOL,FALSE,"",DTC,0.0223093156234554,""
PLK1,CHEMBL:CHEMBL184450,FALSE,"",DTC,0.0207157930789228,""
PLK1,HMN-214,FALSE,inhibitor,ChEMBL,0.14501055155246,""
PLK1,GW7647,FALSE,"",DTC,0.00966737010349732,""
PLK1,EUFLAVINE,FALSE,"",DTC,0.0181263189440575,""
PLK1,CHEMBL:CHEMBL421431,FALSE,"",DTC,0.29002110310492,""
PLK1,CHLORPYRIFOS,FALSE,"",DTC,0.0580042206209839,""
PLK1,OMEPRAZOLE,TRUE,"",DTC,0.00783840819202485,""
PLK1,FLUORESCEIN DIACETATE,FALSE,"",DTC,0.0966737010349732,""
PLK1,HEXACHLOROPHENE,TRUE,"",DTC,0.0070736854415834,""
PLK1,CHEMBL:CHEMBL587449,FALSE,"",DTC,0.0966737010349732,""
PLK1,"1,4-DIMETHOXYANTHRAQUINONE",FALSE,"",DTC,0.029002110310492,""
PLK1,CHEMBL:CHEMBL1547715,FALSE,"",DTC,0.29002110310492,""
PLK1,N-OLEOYLDOPAMINE,FALSE,"",DTC,0.0161122835058289,""
CDC25C,QUERCETIN,TRUE,"",NCI,0.330403788347377,11488465
CDC25C,CISPLATIN,TRUE,"",NCI,0.177563940676481,9743457
CDC25C,FLUOROURACIL,TRUE,"",NCI,0.225016373098644,9743457
CDC25C,WITHAFERIN A,FALSE,"",DTC,2.1751582732869,24079846
SCNN1A,AMILORIDE,TRUE,"",TEND; TdgClinicalTrial; PharmGKB,2.45664934394755,23788015
SCNN1A,TRIAMTERENE,TRUE,blocker,TEND; TdgClinicalTrial; PharmGKB; ChEMBL,2.9002110310492,23788015
SCNN1A,IDREVLORIDE,FALSE,blocker,ChEMBL,3.48025323725904,""
SCNN1A,552-02,FALSE,"",TdgClinicalTrial,2.61018992794428,""
SCNN1A,AMILORIDE HYDROCHLORIDE,TRUE,blocker,ChEMBL,2.61018992794428,""
CSTB,RIPASUDIL,FALSE,inhibitor,GuideToPharmacology,2.61018992794428,""
CSTB,GSK690693,FALSE,inhibitor,GuideToPharmacology,0.815684352482587,""
CSTB,H-89,FALSE,inhibitor,GuideToPharmacology,4.35031654657379,""
CSTB,APLITHIANINE A,FALSE,inhibitor,GuideToPharmacology,2.61018992794428,""
THBS2,BEVACIZUMAB,TRUE,"",NCI,1.30509496397214,16365183
THBS2,CORTICOTROPIN,TRUE,"",NCI,6.52547481986069,8698834
CD276,ENOBLITUZUMAB,FALSE,modulator,TTD; ChEMBL,31.3222791353313,23114578
CD276,8H9 131I,FALSE,binder,ChEMBL,10.4407597117771,""
CD276,OMBURTAMAB I-131,FALSE,"",TTD,10.4407597117771,""
CD276,OBRINDATAMAB,FALSE,"",TTD,10.4407597117771,""
CD276,IODINE I 124 OMBURTAMAB,FALSE,"",TTD,10.4407597117771,""
GABRA4,CLOBAZAM,TRUE,positive modulator,TEND; TdgClinicalTrial; ChEMBL,0.0857674675118601,""
GABRA4,CLORAZEPATE DIPOTASSIUM,TRUE,positive modulator,ChEMBL,0.0393100892762692,""
GABRA4,GANAXOLONE,TRUE,positive modulator,TdgClinicalTrial; ChEMBL,0.069884603157812,""
GABRA4,CLONAZEPAM,TRUE,positive modulator,TEND; TdgClinicalTrial; ChEMBL,0.0754753714104369,""
GABRA4,BROMAZEPAM,TRUE,"",TEND; TdgClinicalTrial,0.0599010884209817,""
GABRA4,IMEPITOIN,FALSE,agonist,ChEMBL,0.0393100892762692,""
GABRA4,TOPIRAMATE,TRUE,positive modulator,ChEMBL,0.0142945779186434,""
GABRA4,METHARBITAL,TRUE,positive modulator,TEND; TdgClinicalTrial; ChEMBL,0.0943442142630461,""
GABRA4,PHENOBARBITAL,TRUE,"",TEND; TdgClinicalTrial,0.033103233074753,""
GABRA4,BUTABARBITAL,TRUE,"",TEND; TdgClinicalTrial,0.125792285684062,""
GABRA4,ZOPICLONE,TRUE,positive modulator,ChEMBL,0.0628961428420308,""
GABRA4,FLURAZEPAM,TRUE,"",TEND; TdgClinicalTrial,0.0599010884209817,""
GABRA4,SEVOFLURANE,TRUE,positive modulator,ChEMBL,0.0169989575248732,""
GABRA4,OXAZEPAM,TRUE,positive modulator,TEND; TdgClinicalTrial; ChEMBL,0.0725724725100355,""
GABRA4,PENTOBARBITAL SODIUM,TRUE,positive modulator,TEND; TdgClinicalTrial; ChEMBL,0.0943442142630461,""
GABRA4,ALPRAZOLAM,TRUE,positive modulator,TEND; TdgClinicalTrial; ChEMBL,0.0554965966253213,""
GABRA4,PROPOFOL,TRUE,positive modulator,ChEMBL,0.020289078336139,""
GABRA4,MIDAZOLAM HYDROCHLORIDE,TRUE,positive modulator,TEND; TdgClinicalTrial; ChEMBL,0.052413452368359,""
GABRA4,TALBUTAL,TRUE,positive modulator,TEND; TdgClinicalTrial; ChEMBL,0.0943442142630461,""
GABRA4,CHLORDIAZEPOXIDE,TRUE,positive modulator,TEND; TdgClinicalTrial; ChEMBL,0.0898516326314725,""
GABRA4,ZURANOLONE,TRUE,positive modulator,ChEMBL,0.0393100892762692,""
GABRA4,PRIMIDONE,TRUE,positive modulator,TEND; TdgClinicalTrial; ChEMBL,0.0539109795788835,""
GABRA4,TRIAZOLAM,TRUE,positive modulator,TEND; TdgClinicalTrial; ChEMBL,0.0571783116745734,""
GABRA4,FLUMAZENIL,TRUE,negative modulator,ChEMBL,0.0262067261841795,""
GABRA4,GABOXADOL,FALSE,agonist,TdgClinicalTrial; ChEMBL,0.054692298123505,""
GABRA4,SECOBARBITAL,TRUE,"",TEND; TdgClinicalTrial,0.125792285684062,""
GABRA4,LORAZEPAM,TRUE,positive modulator,TEND; TdgClinicalTrial; ChEMBL,0.0754753714104369,""
GABRA4,MEPROBAMATE,TRUE,agonist,TEND; TdgClinicalTrial; ChEMBL,0.104826904736718,""
GABRA4,GLUTETHIMIDE,TRUE,positive modulator,ChEMBL,0.0369977310835475,""
GABRA4,DIAZEPAM,TRUE,positive modulator,ChEMBL,0.0216883251179416,""
GABRA4,HALOTHANE,TRUE,positive modulator,ChEMBL,0.017471150789453,""
GABRA4,METHOXYFLURANE,TRUE,positive modulator,ChEMBL,0.0285891558372867,""
GABRA4,ENFLURANE,TRUE,positive modulator,ChEMBL,0.020289078336139,""
GABRA4,CIPEPOFOL,FALSE,agonist,ChEMBL,0.0393100892762692,""
GABRA4,HEXOBARBITAL,TRUE,"",TEND; TdgClinicalTrial,0.125792285684062,""
GABRA4,PRAZEPAM,TRUE,positive modulator,ChEMBL,0.0285891558372867,""
GABRA4,CLORAZEPATE,TRUE,"",TEND; TdgClinicalTrial,0.0628961428420308,""
GABRA4,DESFLURANE,TRUE,positive modulator,ChEMBL,0.0209653809473436,""
GABRA4,QUAZEPAM,TRUE,positive modulator,ChEMBL,0.0314480714210154,""
GABRA4,ETOMIDATE,TRUE,positive modulator,DTC; ChEMBL,0.110993193250643,16884293
GABRA4,[3H]AZIETOMIDATE,FALSE,"",DTC,0.0786201785525384,16884293
GABRA4,ABP-700,FALSE,agonist,ChEMBL,0.0393100892762692,""
GABRA4,ESZOPICLONE,TRUE,positive modulator,ChEMBL,0.034942301578906,""
GABRA4,CHLORDIAZEPOXIDE HYDROCHLORIDE,TRUE,positive modulator,ChEMBL,0.0393100892762692,""
GABRA4,FLURAZEPAM HYDROCHLORIDE,TRUE,positive modulator,ChEMBL,0.0393100892762692,""
GABRA4,ESTAZOLAM,TRUE,positive modulator,ChEMBL,0.0273461490617525,""
GABRA4,TETRAZEPAM,TRUE,positive modulator,ChEMBL,0.0393100892762692,""
GABRA4,RESEQUINIL,FALSE,inverse agonist,ChEMBL,0.0393100892762692,""
GABRA4,PADSEVONIL,FALSE,agonist,ChEMBL,0.033103233074753,""
GABRA4,METHYPRYLON,TRUE,positive modulator,ChEMBL,0.0393100892762692,""
GABRA4,CENOBAMATE,TRUE,positive modulator,ChEMBL,0.0224629081578681,""
GABRA4,HALAZEPAM,TRUE,positive modulator,ChEMBL,0.0314480714210154,""
GABRA4,METHAQUALONE HYDROCHLORIDE,TRUE,positive modulator,ChEMBL,0.0393100892762692,""
GABRA4,ETIFOXINE,FALSE,inhibitor,ChEMBL,0.0393100892762692,""
GABRA4,THIOPENTAL SODIUM,TRUE,positive modulator,ChEMBL,0.0369977310835475,""
GABRA4,SECOBARBITAL SODIUM,TRUE,positive modulator,ChEMBL,0.0393100892762692,""
GABRA4,METHAQUALONE,TRUE,positive modulator,ChEMBL,0.0393100892762692,""
GABRA4,ACAMPROSATE CALCIUM,TRUE,positive modulator,ChEMBL,0.0251584571368123,""
GABRA4,CHLORMETHIAZOLE,TRUE,positive modulator,ChEMBL,0.0314480714210154,""
GABRA4,BUTALBITAL,TRUE,positive modulator,TEND; TdgClinicalTrial; ChEMBL,0.0943442142630461,""
GABRA4,PAGOCLONE,FALSE,positive modulator,ChEMBL,0.0393100892762692,""
GABRA4,OCINAPLON,FALSE,"",TdgClinicalTrial,0.0285891558372867,""
GABRA4,LOREDIPLON,FALSE,positive modulator,ChEMBL,0.0393100892762692,""
GABRA4,MEPHOBARBITAL,TRUE,"",TEND; TdgClinicalTrial,0.104826904736718,""
GABRA4,EVT 201,FALSE,"",TdgClinicalTrial,0.033103233074753,""
GABRA4,ADIPIPLON,FALSE,"",TdgClinicalTrial,0.033103233074753,""
GABRA4,BUTOBARBITAL,FALSE,"",TEND; TdgClinicalTrial,0.125792285684062,""
GABRA4,ADIPIPLON,FALSE,agonist,ChEMBL,0.0393100892762692,""
GABRA4,BREXANOLONE,TRUE,positive modulator,ChEMBL,0.0299505442104908,""
GABRA4,REMIMAZOLAM BESYLATE,TRUE,positive modulator,ChEMBL,0.0393100892762692,""
GABRA4,TEMAZEPAM,TRUE,positive modulator,TEND; TdgClinicalTrial; ChEMBL,0.0857674675118601,""
GABRA4,ETHCHLORVYNOL,TRUE,positive modulator,ChEMBL,0.0393100892762692,""
GABRA4,METHOHEXITAL SODIUM,TRUE,positive modulator,ChEMBL,0.0393100892762692,""
GABRA4,THIOPENTAL,TRUE,"",TEND; TdgClinicalTrial,0.114356623349147,""
GABRA4,CLOTIAZEPAM,TRUE,positive modulator,ChEMBL,0.0314480714210154,""
GABRA4,DARIGABAT,FALSE,agonist,ChEMBL,0.0393100892762692,""
GABRA4,FLUNITRAZEPAM,TRUE,positive modulator,TEND; TdgClinicalTrial; ChEMBL,0.0857674675118601,""
GABRA4,REMIMAZOLAM,TRUE,"",TdgClinicalTrial,0.033103233074753,""
GABRA4,NITRAZEPAM,FALSE,"",TEND; TdgClinicalTrial,0.0599010884209817,""
GABRA4,TRICLOFOS SODIUM,TRUE,positive modulator,ChEMBL,0.0393100892762692,""
GABRA4,ISOFLURANE,TRUE,positive modulator,ChEMBL,0.020289078336139,""
GABRA4,BUTABARBITAL SODIUM,TRUE,positive modulator,ChEMBL,0.0393100892762692,""
GABRA4,THIAMYLAL SODIUM,TRUE,positive modulator,ChEMBL,0.0369977310835475,""
ANXA11,BEVACIZUMAB,TRUE,"",PharmGKB,0.326273740993035,21239504
ANXA11,NIACIN,TRUE,agonist,GuideToPharmacology,0.466105344275764,""
ANXA11,D-LACTIC ACID,FALSE,agonist,GuideToPharmacology,6.52547481986069,""
ANXA11,COMPOUND 2 [PMID: 24486398],FALSE,agonist,GuideToPharmacology,6.52547481986069,""
ANXA11,L-LACTIC ACID,FALSE,agonist,GuideToPharmacology,6.52547481986069,""
ANXA11,"3,5-DIHYDROXYBENZOIC ACID",FALSE,agonist,GuideToPharmacology,6.52547481986069,""
ANXA11,4-HYDROXYBUTYRIC ACID,TRUE,agonist,GuideToPharmacology,6.52547481986069,""
ANXA11,COMPOUND 2 [PMID: 31932225],FALSE,agonist,GuideToPharmacology,6.52547481986069,""
ITGAX,RECOMBINANT INTERLEUKIN-1,FALSE,"",NCI,1.93347402069946,2564407
ITGAX,PROTEASE INHIBITOR,FALSE,"",NCI,1.74012661862952,15078959
ITGAX,TETRADECANOYLPHORBOL ACETATE,FALSE,"",NCI,0.756576790708486,15665425
CYP2C18,ACENOCOUMAROL,TRUE,"",PharmGKB,3.48025323725904,29935043
CYP2C18,CLOPIDOGREL,TRUE,"",PharmGKB,0.497179033894148,32077582
CYP2C18,CITALOPRAM,TRUE,"",PharmGKB,0.497179033894148,33759177
CYP2C18,CLOZAPINE,TRUE,"",PharmGKB,0.17939449676593,30922102
CYP2C18,SERTRALINE HYDROCHLORIDE,TRUE,"",PharmGKB,0.870063309314759,35668575
CYP2C18,WARFARIN,TRUE,"",PharmGKB,1.0546221931088,36210801; 23327576; 19752777
CD80,ABATACEPT,TRUE,inhibitor,TEND; TTD; NCI; TdgClinicalTrial; ChEMBL,5.22037985588855,10604996
CD80,METHYLPREDNISOLONE,TRUE,"",NCI,0.483368505174866,10521545
CD80,ANTINEOPLASTIC VACCINE,FALSE,"",NCI,1.74012661862952,11228374
CD80,BELATACEPT,TRUE,inhibitor,TdgClinicalTrial; ChEMBL,1.74012661862952,""
CD80,DNA VACCINE,FALSE,"",NCI,1.74012661862952,10841077
CD80,CLOPIDOGREL,TRUE,"",PharmGKB,0.248589516947074,36970128
CD80,ROXITHROMYCIN,FALSE,"",NCI,0.966737010349732,10877454
CD80,CYCLOSPORINE,TRUE,"",NCI,0.100007276932731,11841687
CD80,PICIBANIL,FALSE,"",NCI,1.74012661862952,15381240
CD80,TOREMIFENE,TRUE,"",NCI,0.669279468703661,10632979
CD80,GALIXIMAB,FALSE,inhibitor,TTD; TdgClinicalTrial; ChEMBL,13.0509496397214,""
CD80,VIAGENPUMATUCEL-L,FALSE,"",TTD,2.1751582732869,""
DHRS9,CHEMBL:CHEMBL459574,FALSE,"",DTC,14.9153710168244,19188072
DHRS9,CHEMBL:CHEMBL456414,FALSE,"",DTC,14.9153710168244,19188072
DHRS9,(+/-)-WIEDENDIOL B,FALSE,"",DTC,14.9153710168244,19188072
DHRS9,CHEMBL:CHEMBL461471,FALSE,"",DTC,14.9153710168244,19188072
DHRS9,PROTECTED SIPHONODICTYAL C,FALSE,"",DTC,14.9153710168244,19188072
DHRS9,CHEMBL:CHEMBL514876,FALSE,"",DTC,14.9153710168244,19188072
DHRS9,CHEMBL:CHEMBL517425,FALSE,"",DTC,14.9153710168244,19188072
IL18,MYCOPHENOLATE,TRUE,"",NCI,0.249778940473137,12907250
IL18,GSK-1070806,FALSE,inhibitor,TTD; ChEMBL,8.24270503561351,21157640
IL18,4-PHENYLENEDIAMINE,FALSE,"",NCI,0.785019527201286,11882036
IL18,THERAPEUTIC CORTICOSTEROID,FALSE,"",NCI,0.130836587866881,12689659
IL18,COLCHICINE,TRUE,"",NCI,0.105675705584789,15281431
IL18,RECOMBINANT INTERFERON,FALSE,"",PharmGKB,0.140900940779718,19455410
IL18,ANHYDROUS TACROLIMUS,TRUE,"",NCI,0.196254881800322,11061569
IL18,PEGINTERFERON ALFA-2B,TRUE,"",PharmGKB,0.171723021575281,19455410
IL18,IBOCTADEKIN,FALSE,"",TTD,0.915856115068167,""
IL18,TADEKINIG ALFA,FALSE,inhibitor,ChEMBL,2.7475683452045,""
IL18,CAMOTESKIMAB,FALSE,"",TTD,5.495136690409,24812504
IL18,THYROXINE,FALSE,"",NCI,0.457928057534084,16061828
IL18,ANTIVIRAL AGENT,FALSE,"",NCI,0.610570743378778,12559970
IL18,PEGINTERFERON ALFA-2A,TRUE,"",PharmGKB,0.189487472083069,19455410
IL18,INTERFERON ALFA-2B,TRUE,"",PharmGKB,0.392509763600643,19455410
IL18,SYNTHETIC HUMAN PAPILLOMAVIRUS 16 E6 PEPTIDE,FALSE,"",NCI,5.495136690409,16125299
IL18,CAMOTESKIMAB,FALSE,modulator,ChEMBL,2.7475683452045,""
IL18,RIBAVIRIN,TRUE,"",PharmGKB,0.144608860273921,19455410
IL18,DEXTRAN SULFATE SODIUM,FALSE,"",NCI,0.686892086301126,16235535
MAP3K9,URMC-099,FALSE,inhibitor,GuideToPharmacology,0.725052757762299,""
MAP3K9,P505-15,FALSE,inhibitor,GuideToPharmacology,1.08757913664345,""
MAP3K9,COMPOUND 8E [PMID: 24432909],FALSE,inhibitor,GuideToPharmacology,0.932210688551528,""
MAP3K9,APITOLISIB,FALSE,inhibitor,GuideToPharmacology,0.250979800763873,""
MAP3K9,CEP-1347,FALSE,inhibitor,ChEMBL,0.725052757762299,""
MAP3K9,CEP-1347,FALSE,inhibitor,TTD; GuideToPharmacology,2.61018992794428,""
MAP3K9,CERDULATINIB,FALSE,inhibitor,GuideToPharmacology,0.543789568321724,""
MAP3K9,GNE-3511,FALSE,inhibitor,GuideToPharmacology,1.08757913664345,""
GLI1,GARCINOL,FALSE,inhibitor,GuideToPharmacology,0.621473792367685,""
GLI1,CHEMBL:CHEMBL1934585,FALSE,"",DTC,4.97179033894148,26169123
GLI1,I-CBP112,FALSE,inhibitor,GuideToPharmacology,0.828631723156913,""
GLI1,CBPD-409,FALSE,"",GuideToPharmacology,1.24294758473537,""
GLI1,CHEMBL:CHEMBL512307,FALSE,"",DTC,4.97179033894148,26178912
GLI1,H3-COA-20,FALSE,inhibitor,GuideToPharmacology,1.24294758473537,""
GLI1,WITHAFERIN A,FALSE,"",DTC,0.414315861578457,26169123
GLI1,CHEMBL:CHEMBL471694,FALSE,"",DTC,4.97179033894148,26178912
GLI1,SGC-CBP30,FALSE,inhibitor,GuideToPharmacology,1.24294758473537,""
GLI1,PLUMBAGIN,FALSE,inhibitor,GuideToPharmacology,1.24294758473537,""
GLI1,CURCUMIN,FALSE,inhibitor,GuideToPharmacology,1.24294758473537,""
GLI1,C646,FALSE,inhibitor,GuideToPharmacology,2.48589516947074,""
GLI1,TRETINOIN,TRUE,"",NCI,0.0546350586696866,11034076
GLI1,ANACARDIC ACID,FALSE,inhibitor,GuideToPharmacology,0.355127881352963,""
GLI1,TTK21,FALSE,activator,GuideToPharmacology,1.24294758473537,""
GLI1,EPIGALLOCATECHIN-3-GALLATE,FALSE,inhibitor,GuideToPharmacology,0.138105287192819,""
GLI1,CBPD-268,FALSE,"",GuideToPharmacology,0.828631723156913,""
GLI1,LYS-COA,FALSE,inhibitor,GuideToPharmacology,1.24294758473537,""
GLI1,INOBRODIB,FALSE,inhibitor,GuideToPharmacology,1.24294758473537,""
GLI1,COLUBRINIC ACID,FALSE,"",DTC,4.97179033894148,18842418
GLI1,BETULINIC ACID,FALSE,"",DTC,0.994358067788296,18842418
MELK,LINIFANIB,FALSE,"",DTC,0.0326273740993035,""
MELK,DOVITINIB,FALSE,"",DTC,0.0258434646331117,""
MELK,SB220025,FALSE,"",DTC,0.0841996750949767,""
MELK,OTSSP167,FALSE,inhibitor,TTD; GuideToPharmacology,5.22037985588855,""
MELK,RG-1530,FALSE,"",DTC,0.027767977956854,""
MELK,MLN-8054,FALSE,"",DTC,0.0900065492394578,""
MELK,AST-487,FALSE,"",DTC,0.0636631689742506,""
MELK,BMS-387032,FALSE,"",DTC,0.153540583996722,""
MELK,ILORASERTIB,FALSE,"",DTC,0.0225016373098645,""
MELK,SNS-314,FALSE,"",DTC,0.0621473792367685,""
MELK,NVP-TAE684,FALSE,"",DTC,0.0253416497858668,""
MELK,CENISERTIB,FALSE,"",DTC,0.0221202536266464,""
MELK,CC-401,FALSE,inhibitor,GuideToPharmacology,2.61018992794428,""
MELK,SP-600125,FALSE,"",DTC,0.029327976718475,""
MELK,PF-562271,FALSE,"",DTC,0.0241684252587433,""
MELK,JNJ-7706621,FALSE,"",DTC,0.0474579986898959,""
MELK,GW843682X,FALSE,"",DTC,0.0669279468703661,""
MELK,TOZASERTIB,FALSE,"",DTC,0.0357560264101956,""
MELK,PP2,FALSE,"",DTC,0.0870063309314759,""
MELK,MELK-TI,FALSE,inhibitor,GuideToPharmacology,0.652547481986069,""
MT1G,BUTHIONINE SULFOXIMINE,FALSE,"",NCI,10.4407597117771,8966720
PTK7,COFETUZUMAB PELIDOTIN,FALSE,"",TTD,52.2037985588855,""
ROR1,CIRMTUZUMAB,FALSE,inhibitor,TTD; ChEMBL,52.2037985588855,""
ROR1,ROR1 CAR-SPECIFIC AUTOLOGOUS T-LYMPHOCYTES,FALSE,"",TTD,26.1018992794428,""
TPT1,FLUOROURACIL,TRUE,"",NCI,0.900065492394578,15262975
STMN1,VINORELBINE,TRUE,"",PharmGKB,1.33855893740732,26220844
STMN1,PLATINUM,FALSE,"",PharmGKB,1.74012661862952,26220844
STMN1,PACLITAXEL,TRUE,"",CIViC,0.15819332896632,""
FPR1,COMPOUND 9 [PMID: 20718420],FALSE,inhibitor,GuideToPharmacology,0.870063309314759,""
FPR1,AG-14,FALSE,"",DTC,3.48025323725904,20870313
FPR1,PHENYLBUTAZONE,TRUE,"",DTC,0.248589516947074,""
FPR1,TALABOSTAT,FALSE,inhibitor,GuideToPharmacology,0.696050647451807,""
FPR1,REBAMIPIDE,FALSE,"",TTD,1.16008441241968,""
FPR1,COMPOUND 24DD [PMID: 20684603],FALSE,inhibitor,GuideToPharmacology,1.16008441241968,""
FPR1,COMPOUND 42 [PMID: 37721854],FALSE,inhibitor,GuideToPharmacology,1.74012661862952,""
FPR1,SULFINPYRAZONE,TRUE,"",DTC,0.248589516947074,""
FPR1,1G244,FALSE,inhibitor,GuideToPharmacology,1.74012661862952,""
FPR1,TOMINOSTAT,FALSE,inhibitor,GuideToPharmacology,1.74012661862952,""
FPR1,PENICILLIN G POTASSIUM,TRUE,"",DTC,1.16008441241968,""
FPR1,CHEMBL:CHEMBL1290365,FALSE,"",DTC,3.48025323725904,20870313
FPR1,ICED-2,FALSE,inhibitor,GuideToPharmacology,1.74012661862952,""
FPR1,VILDAGLIPTIN,TRUE,inhibitor,GuideToPharmacology,0.497179033894148,""
FPR1,TENELIGLIPTIN,TRUE,inhibitor,GuideToPharmacology,0.580042206209839,""
FCER1A,BENZYLPENICILLOYL POLYLYSINE,TRUE,"",TEND; TdgClinicalTrial,3.72884275420611,""
FCER1A,COMPOUND 27D [PMID: 28231433],FALSE,inhibitor,GuideToPharmacology,1.86442137710305,""
FCER1A,OPAGANIB,FALSE,inhibitor,GuideToPharmacology,1.86442137710305,""
FCER1A,PF-543,FALSE,inhibitor,GuideToPharmacology,1.86442137710305,""
FCER1A,SKI II,FALSE,inhibitor,GuideToPharmacology,1.24294758473537,""
FCER1A,ROME,FALSE,inhibitor,GuideToPharmacology,3.72884275420611,""
FCER1A,MP-A08,FALSE,inhibitor,GuideToPharmacology,1.86442137710305,""
FCER1A,COMPOUND 55 [PMID: 30889352],FALSE,inhibitor,GuideToPharmacology,1.86442137710305,""
FCER1A,COMPOUND 49 [PMID: 30889352],FALSE,inhibitor,GuideToPharmacology,1.86442137710305,""
FCER1A,OMALIZUMAB,TRUE,"",TdgClinicalTrial,0.932210688551527,""
FCER1A,SLC4101431,FALSE,inhibitor,GuideToPharmacology,1.86442137710305,""
FCER1A,COMPOUND 60 [PMID: 30889352],FALSE,inhibitor,GuideToPharmacology,1.86442137710305,""
FCER1A,SLM6071469,FALSE,inhibitor,GuideToPharmacology,1.86442137710305,""
FCER1A,COMPOUND 59 [PMID: 30889352],FALSE,inhibitor,GuideToPharmacology,1.86442137710305,""
NUCB2,HYDROCHLOROTHIAZIDE,TRUE,"",PharmGKB,2.26973037212546,31327267
ANXA3,[125I]PYY-(3-36) (HUMAN),FALSE,agonist,GuideToPharmacology,1.93347402069946,""
ANXA3,NPY-(2-36),FALSE,agonist,GuideToPharmacology,0.966737010349732,""
ANXA3,[125I]PYY,FALSE,agonist,GuideToPharmacology,1.93347402069946,""
ANXA3,NPY-(16-36) (PIG),FALSE,agonist,GuideToPharmacology,1.93347402069946,""
ANXA3,BIIE0246,FALSE,inhibitor,GuideToPharmacology,1.93347402069946,""
ANXA3,"[LEU31,PRO34]PYY (HUMAN)",FALSE,agonist,GuideToPharmacology,0.644491340233155,""
ANXA3,C2-NPY (PIG),FALSE,agonist,GuideToPharmacology,1.93347402069946,""
ANXA3,"[LEU31,PRO34]NPY",FALSE,agonist,GuideToPharmacology,0.644491340233155,""
ANXA3,JNJ-5207787,FALSE,inhibitor,GuideToPharmacology,1.93347402069946,""
ANXA3,"[125I]NPY (HUMAN, MOUSE, RAT)",FALSE,agonist,GuideToPharmacology,1.93347402069946,""
ANXA3,"[ALA31,AIB32]NPY (PIG)",FALSE,agonist,GuideToPharmacology,0.483368505174866,""
ANXA3,NPY-(3-36) (PIG),FALSE,agonist,GuideToPharmacology,0.966737010349732,""
ANXA3,[PRO34]PYY (HUMAN),FALSE,agonist,GuideToPharmacology,0.644491340233155,""
ANXA3,PEPTIDE YY,FALSE,agonist,GuideToPharmacology,0.386694804139893,""
ANXA3,NPY-(22-36) (PIG),FALSE,agonist,GuideToPharmacology,1.93347402069946,""
ANXA3,NPY-(2-36) (PIG),FALSE,agonist,GuideToPharmacology,0.966737010349732,""
ANXA3,[D-TRP32]NPY,FALSE,agonist,GuideToPharmacology,0.966737010349732,""
ANXA3,NPY,FALSE,agonist,GuideToPharmacology,0.966737010349732,""
ANXA3,PEPTIDE YY,FALSE,agonist,GuideToPharmacology,0.966737010349732,""
ANXA3,NEUROPEPTIDE Y-(3-36),FALSE,agonist,GuideToPharmacology,1.93347402069946,""
ANXA3,NPY-(13-36) (PIG),FALSE,agonist,GuideToPharmacology,0.644491340233155,""
ANXA3,PYY-(3-36),FALSE,agonist,GuideToPharmacology,1.93347402069946,""
ANXA3,NPY-(26-36) (PIG),FALSE,agonist,GuideToPharmacology,1.93347402069946,""
ANXA3,NPY-(20-36) (PIG),FALSE,agonist,GuideToPharmacology,1.93347402069946,""
ANXA3,"[LEU31,PRO34]NPY (PIG)",FALSE,agonist,GuideToPharmacology,0.966737010349732,""
ANXA3,NEUROPEPTIDE Y,FALSE,agonist,GuideToPharmacology,0.386694804139893,""
ANXA3,"PYY-(13-36) (MOUSE, RAT, PIG)",FALSE,agonist,GuideToPharmacology,0.966737010349732,""
PTK6,SB202190,FALSE,"",DTC,0.36252637888115,22951114
PTK6,TAK-715,FALSE,"",DTC,0.271894784160862,""
PTK6,CEDIRANIB,FALSE,"",DTC,0.116526336068941,""
PTK6,TAMATINIB,FALSE,"",DTC,0.0805614175291444,""
PTK6,DASATINIB ANHYDROUS,TRUE,"",DTC,0.0858615107876407,""
PTK6,CP-547632,FALSE,"",DTC,0.148306245905925,""
PTK6,NVP-TAE684,FALSE,"",DTC,0.0633541244646669,""
PTK6,VANDETANIB,TRUE,inhibitor,ChEMBL,0.112508186549322,""
GPR15,OZANEZUMAB,FALSE,antibody,GuideToPharmacology,52.2037985588855,""
ACAA1,NEBIVOLOL HYDROCHLORIDE,TRUE,inhibitor,GuideToPharmacology,0.271894784160862,""
ACAA1,CARVEDILOL,TRUE,inhibitor,GuideToPharmacology,0.0627449501909682,""
ACAA1,CGP 12177,FALSE,agonist,GuideToPharmacology,0.407842176241293,""
ACAA1,CIMATEROL,FALSE,agonist,GuideToPharmacology,0.543789568321724,""
ACAA1,SOLABEGRON,FALSE,agonist,GuideToPharmacology,0.407842176241293,""
ACAA1,AMIBEGRON,FALSE,agonist,GuideToPharmacology,0.815684352482587,""
ACAA1,PINDOLOL,TRUE,inhibitor,GuideToPharmacology,0.181263189440575,""
ACAA1,BUPRANOLOL,FALSE,inhibitor,GuideToPharmacology,0.543789568321724,""
ACAA1,L-748328,FALSE,inhibitor,GuideToPharmacology,1.63136870496517,""
ACAA1,L742791,FALSE,agonist,GuideToPharmacology,1.63136870496517,""
ACAA1,RACEPINEPHRINE,TRUE,agonist,GuideToPharmacology,0.233052672137882,""
ACAA1,VIBEGRON,TRUE,agonist,GuideToPharmacology,0.815684352482587,""
ACAA1,TERTATOLOL,FALSE,inhibitor,GuideToPharmacology,1.63136870496517,""
ACAA1,CARAZOLOL,FALSE,agonist,GuideToPharmacology,0.543789568321724,""
ACAA1,SR59230A,FALSE,inhibitor,GuideToPharmacology,0.271894784160862,""
ACAA1,NADOLOL,TRUE,inhibitor,GuideToPharmacology,0.233052672137882,""
ACAA1,NOREPINEPHRINE,TRUE,agonist,GuideToPharmacology,0.0509802720301617,""
ACAA1,MIRABEGRON,TRUE,agonist,GuideToPharmacology,0.326273740993035,""
ACAA1,FENOTEROL,TRUE,agonist,GuideToPharmacology,0.326273740993035,""
ACAA1,ISOPROTERENOL,TRUE,agonist,GuideToPharmacology,0.0509802720301617,""
ACAA1,L 755507,FALSE,agonist,GuideToPharmacology,0.326273740993035,""
ACAA1,BRL 37344,FALSE,agonist,GuideToPharmacology,0.543789568321724,""
ACAA1,PROPRANOLOL HYDROCHLORIDE,TRUE,inhibitor,GuideToPharmacology,0.0679736960402155,""
ACAA1,ABEDITEROL,FALSE,agonist,GuideToPharmacology,0.407842176241293,""
ACAA1,[3H]L748337,FALSE,inhibitor,GuideToPharmacology,1.63136870496517,""
ACAA1,EPINEPHRINE,TRUE,agonist,GuideToPharmacology,0.0407842176241293,""
ACAA1,L-748337,FALSE,agonist; inhibitor,GuideToPharmacology,1.63136870496517,""
ACAA1,CL316243,FALSE,agonist,GuideToPharmacology,1.63136870496517,""
ACAA1,LEVOBUNOLOL,TRUE,inhibitor,GuideToPharmacology,0.326273740993035,""
ACAA1,CGP 20712A,FALSE,inhibitor,GuideToPharmacology,0.815684352482587,""
ACAA1,ICI 118551,FALSE,inhibitor,GuideToPharmacology,0.543789568321724,""
ACAA1,[125I]ICYP,FALSE,agonist,GuideToPharmacology,0.543789568321724,""
KRT17,TCDD,FALSE,"",NCI,2.08815194235542,9036934
KRT17,RECOMBINANT INTERFERON,FALSE,"",NCI,1.33855893740732,7516473
FMO2,GLYBURIDE,TRUE,"",PharmGKB,1.20008732319277,27403931
FMO2,WARFARIN,TRUE,"",PharmGKB,0.527311096554399,""
FMO2,COMPOUND 9 [PMID: 3514912],FALSE,inhibitor,GuideToPharmacology,8.70063309314759,""
SCNN1G,552-02,FALSE,"",TdgClinicalTrial,1.4501055155246,""
SCNN1G,AMILORIDE HYDROCHLORIDE,TRUE,blocker,ChEMBL,1.4501055155246,""
SCNN1G,HYDROCHLOROTHIAZIDE,TRUE,"",PharmGKB,0.252192263569495,16172412
SCNN1G,AMILORIDE,TRUE,"",TEND; TdgClinicalTrial; PharmGKB,1.36480519108197,23788015
SCNN1G,BUMETANIDE,TRUE,"",PharmGKB,0.644491340233155,17460608
SCNN1G,IDREVLORIDE,FALSE,blocker,ChEMBL,1.93347402069946,""
SCNN1G,FUROSEMIDE,TRUE,"",PharmGKB,0.644491340233155,17460608
SCNN1G,TORSEMIDE,TRUE,"",PharmGKB,0.966737010349732,17460608
SCNN1G,TRIAMTERENE,TRUE,blocker,TEND; TdgClinicalTrial; PharmGKB; ChEMBL,1.61122835058289,23788015
MDK,TRETINOIN,TRUE,"",NCI,1.14733623206342,1819274
LAMA1,OCRIPLASMIN,TRUE,cleavage,ChEMBL,1.37378417260225,""
THY1,HUMAN THYMOSIN-FRACTION 5,FALSE,"",NCI,17.4012661862952,6141799
THY1,FREUND'S ADJUVANT,FALSE,"",NCI,2.9002110310492,9521021
THY1,LYSOZYME,FALSE,"",NCI,11.6008441241968,6186895
FAP,SIMLUKAFUSP ALFA,FALSE,binder,TTD; ChEMBL,2.67711787481464,""
FAP,BIBH 1,FALSE,"",TTD,4.01567681222196,""
FAP,RIPK1 INHIBITOR 22B,FALSE,inhibitor,GuideToPharmacology,0.365061528383815,""
FAP,PONATINIB,TRUE,inhibitor,GuideToPharmacology,0.154449108162383,""
FAP,SZM679,FALSE,inhibitor,GuideToPharmacology,2.00783840611098,""
FAP,SZM594,FALSE,inhibitor,GuideToPharmacology,1.33855893740732,""
FAP,TAK-632,FALSE,inhibitor,GuideToPharmacology,0.446186312469107,""
FAP,RIPK3 INHIBITOR 42,FALSE,inhibitor,GuideToPharmacology,2.00783840611098,""
FAP,TALABOSTAT,FALSE,"",TTD,0.803135362444393,""
FAP,AZD-5423,FALSE,inhibitor,GuideToPharmacology,1.33855893740732,""
FAP,RIPK3 INHIBITOR 18,FALSE,inhibitor,GuideToPharmacology,0.401567681222196,""
FAP,F19 131I,FALSE,binder,ChEMBL,4.01567681222196,""
FAP,SIBROTUZUMAB,FALSE,binder,ChEMBL,4.01567681222196,""
ATP1B3,DIGITOXIN,TRUE,inhibitor,ChEMBL,0.457928057534084,""
ATP1B3,LANATOSIDE C,TRUE,inhibitor,ChEMBL,0.580042206209839,""
ATP1B3,ISTAROXIME,FALSE,inhibitor,ChEMBL,0.966737010349732,""
ATP1B3,DESLANOSIDE,TRUE,inhibitor,ChEMBL,0.870063309314759,""
ATP1B3,ACETYLDIGITOXIN,TRUE,inhibitor,ChEMBL,0.966737010349732,""
ATP1B3,DIGOXIN,TRUE,inhibitor,ChEMBL,0.25590097332787,""
FUT3,HU3S193,FALSE,"",TTD,52.2037985588855,""
TOP2A,DIGITOXIN,TRUE,"",DTC,0.046966980259906,16309315
TOP2A,CHEMBL:CHEMBL596082,FALSE,"",DTC,0.892372624938214,19783445
TOP2A,NEMORUBICIN,FALSE,"",TTD,0.446186312469107,""
TOP2A,CHEMBL:CHEMBL1080077,FALSE,"",DTC,0.892372624938214,19691293
TOP2A,TRICITRINOL B,FALSE,"",DTC,0.892372624938214,21761866
TOP2A,AMONAFIDE,FALSE,"",TdgClinicalTrial; DTC,1.56165209364187,26211460; 23353750; 20170164; 24054489; 17658777
TOP2A,EPIRUBICIN,TRUE,"",TEND; TTD; TdgClinicalTrial; PharmGKB,0.0619703211762649,29593529
TOP2A,TAS-103,FALSE,"",TTD,0.446186312469107,""
TOP2A,ELINAFIDE,FALSE,"",DTC,0.892372624938214,21880496
TOP2A,PEFLOXACIN,TRUE,"",TTD,0.111546578117277,""
TOP2A,FLEROXACIN,FALSE,"",TTD,0.223093156234554,""
TOP2A,VOSAROXIN,FALSE,inhibitor,TTD; TdgClinicalTrial; ChEMBL,0.669279468703661,""
TOP2A,IDARUBICIN,TRUE,inhibitor,TEND; TTD; TdgClinicalTrial; ChEMBL,0.0371821927057589,""
TOP2A,GEPOTIDACIN,FALSE,"",TTD,0.223093156234554,""
TOP2A,SECAUBRYOLIDE,FALSE,"",DTC,0.446186312469107,""
TOP2A,ELSAMITRUCIN,FALSE,"",TTD,0.223093156234554,""
TOP2A,CHEMBL:CHEMBL2332128,FALSE,"",DTC,0.446186312469107,""
TOP2A,FISETIN,FALSE,"",DTC,0.0686440480721703,8759170
TOP2A,GENISTEIN,TRUE,"",DTC,0.0153857349127278,7769390
TOP2A,ROSOXACIN,FALSE,"",TTD,0.446186312469107,""
TOP2A,DOXORUBICIN HYDROCHLORIDE,TRUE,inhibitor,ClearityFoundationClinicalTrial; TEND; TTD; TdgClinicalTrial; DTC; ChEMBL,0.0301477238154802,21388138; 26211460; 22276998; 20170164
TOP2A,DAUNORUBICIN LIPOSOMAL,TRUE,inhibitor,NCI; TdgClinicalTrial; DTC; ChEMBL,0.0294188777452158,9494516; 22260166
TOP2A,CAMPTOTHECIN,TRUE,"",NCI,0.0254963607125204,11205246
TOP2A,TENIPOSIDE,TRUE,inhibitor,TEND; TTD; NCI; TdgClinicalTrial; ChEMBL,0.297457541646071,9426516
TOP2A,NOVOBIOCIN,FALSE,"",TTD,0.0892372624938214,""
TOP2A,UNGEREMINE,FALSE,"",DTC,0.892372624938214,22014547
TOP2A,PAZUFLOXACIN,FALSE,inhibitor,ChEMBL,0.223093156234554,""
TOP2A,DEXRAZOXANE,TRUE,inhibitor,TTD; NCI; ChEMBL,0.356949049975286,12911317
TOP2A,ETOPOSIDE,TRUE,inhibitor,TEND; TTD; NCI; CIViC; TdgClinicalTrial; DTC; ChEMBL,0.407721975187287,9494516; 9485461; 9426516; 8870683; 8823806; 26216018; 24095018; 20006518; 23360284; 24507920; 24012683; 26292628; 18816045; 24931277; 24775914; 23353750; 25922181; 25240702; 22364746; 25800514; 20863598; 25799376; 22867097; 25815139; 21435753; 25941559; 24334150; 19386396; 18258442; 26291037; 21644529; 23566520; 19783445; 26264845; 25003995; 11678653; 23920485; 23968711; 22620261; 24326278; 19691293; 25945730; 25466187; 22867019; 16759114; 23711769
TOP2A,CHEMBL:CHEMBL2023733,FALSE,"",DTC,0.892372624938214,22276998
TOP2A,TIRAPAZAMINE,FALSE,"",TTD,0.111546578117277,""
TOP2A,DACTINOMYCIN,TRUE,"",NCI,0.0254963607125204,9494516
TOP2A,CHEMBL:CHEMBL594259,FALSE,"",DTC,0.892372624938214,19783445
TOP2A,CHEMBL:CHEMBL2171781,FALSE,"",DTC,0.446186312469107,22867019
TOP2A,BECATECARIN,FALSE,inhibitor,TdgClinicalTrial; ChEMBL,0.297457541646071,""
TOP2A,CAELYX,FALSE,"",ClearityFoundationBiomarkers,0.111546578117277,""
TOP2A,PODOFILOX,TRUE,"",TEND; TTD; TdgClinicalTrial,0.0557732890586384,""
TOP2A,BROXURIDINE,FALSE,"",NCI,0.0743643854115179,8008235
TOP2A,ANTHRACYCLINE ANTINEOPLASTIC ANTIBIOTIC,FALSE,"",CGI; NCI,0.148728770823036,15068318; 14978790
TOP2A,FLUOROURACIL,TRUE,"",PharmGKB,0.00769286745636391,29593529
TOP2A,PIXANTRONE,TRUE,"",TTD; CIViC,0.892372624938214,""
TOP2A,SIMOCYCLINONE D8,FALSE,"",DTC,0.446186312469107,22867097
TOP2A,BETULIN,FALSE,"",DTC,0.892372624938214,11754608
TOP2A,CHEMBL:CHEMBL2171794,FALSE,"",DTC,0.446186312469107,22867019
TOP2A,ACRIDINE CARBOXAMIDE,FALSE,"",TTD,0.223093156234554,""
TOP2A,ACLARUBICIN,FALSE,"",TTD,0.148728770823036,""
TOP2A,KAEMPFERITRIN,FALSE,"",DTC,0.892372624938214,22014228
TOP2A,CHEMBL:CHEMBL593570,FALSE,"",DTC,0.892372624938214,19783445
TOP2A,DANIQUIDONE,FALSE,"",TTD,0.148728770823036,""
TOP2A,DAUNORUBICIN CITRATE,TRUE,inhibitor,ChEMBL,0.446186312469107,""
TOP2A,AMRUBICIN,FALSE,inhibitor,ChEMBL,0.446186312469107,""
TOP2A,ETOPOSIDE PHOSPHATE,TRUE,inhibitor,ChEMBL,0.446186312469107,""
TOP2A,DEXRAZOXANE HYDROCHLORIDE,TRUE,inhibitor,ChEMBL,0.223093156234554,""
TOP2A,DOXORUBICIN-MAGNETIC TARGETED CARRIER COMPLEX,FALSE,"",TTD,0.446186312469107,""
TOP2A,DOXORUBICIN-HPMA CONJUGATE,FALSE,"",TTD,0.446186312469107,""
TOP2A,LOMEFLOXACIN,FALSE,"",TTD,0.223093156234554,""
TOP2A,ELLIPTECINE,FALSE,"",DTC,0.0418299667939788,18816045; 19783445
TOP2A,AMSACRINE,TRUE,inhibitor,TTD; NCI; CIViC; DTC; ChEMBL,0.386694804139893,19725581; 22537681; 25626146; 19155103; 17911018; 8823806; 8632768; 8519659
TOP2A,CHEMBL:CHEMBL2332126,FALSE,"",DTC,0.446186312469107,""
TOP2A,CHEMBL:CHEMBL507986,FALSE,"",DTC,0.892372624938214,21391686
TOP2A,CHEMBL:CHEMBL1773343,FALSE,"",DTC,0.892372624938214,21489802
TOP2A,AMRUBICIN HYDROCHLORIDE,FALSE,inhibitor,ChEMBL,0.446186312469107,""
TOP2A,CHEMBL:CHEMBL594153,FALSE,"",DTC,0.892372624938214,19783445
TOP2A,LUPEOL,FALSE,"",DTC,0.892372624938214,11754608
TOP2A,GRC-6211,FALSE,"",TTD,0.223093156234554,""
TOP2A,LYCOBETAINE,FALSE,"",DTC,0.297457541646071,23266176
TOP2A,CHEMBL:CHEMBL2332127,FALSE,"",DTC,0.446186312469107,""
TOP2A,HYDROQUINONE,TRUE,"",NCI,0.0524925073493067,15833037
TOP2A,ENOXACIN,TRUE,"",TTD,0.148728770823036,""
TOP2A,VINCRISTINE,TRUE,"",NCI,0.0110169459868915,9494516
TOP2A,DEMETHYLZEYLASTERONE,FALSE,"",DTC,0.892372624938214,11678653
TOP2A,CINOXACIN,TRUE,"",TTD,0.446186312469107,""
TOP2A,4'-O-ACETYLPATENTIFLORIN B,FALSE,"",DTC,0.892372624938214,22119124
TOP2A,MAKALUVAMINE E,FALSE,"",DTC,0.892372624938214,8691207
TOP2A,IDRONOXIL,FALSE,inhibitor,ClearityFoundationClinicalTrial,0.063740901781301,""
TOP2A,DTS-201,FALSE,"",TdgClinicalTrial,0.446186312469107,""
TOP2A,CHEMBL:CHEMBL594695,FALSE,"",DTC,0.892372624938214,19783445
TOP2A,TAFLUPOSIDE,FALSE,"",TTD,0.223093156234554,""
TOP2A,ANNAMYCIN LIPOSOMAL,FALSE,"",TTD,0.446186312469107,""
TOP2A,DIAZIRINE,FALSE,"",DTC,0.892372624938214,20006518
TOP2A,MAKALUVAMINE A,FALSE,"",DTC,0.892372624938214,8691207
TOP2A,BERUBICIN,FALSE,"",TTD,0.446186312469107,""
TOP2A,MAKALUVAMINE F,FALSE,"",DTC,0.892372624938214,8691207
TOP2A,ETOPOSIDE TONIRIBATE,FALSE,"",TdgClinicalTrial,0.446186312469107,""
TOP2A,QUERCETIN,TRUE,"",DTC,0.0169437840178142,7769390; 8759170
TOP2A,CHEMBL:CHEMBL594257,FALSE,"",DTC,0.892372624938214,19783445
TOP2A,CHEMBL:CHEMBL607534,FALSE,"",DTC,0.892372624938214,19783445
TOP2A,DIPHYLLIN,FALSE,"",DTC,0.223093156234554,22119124
TOP2A,MITOXANTRONE HYDROCHLORIDE,TRUE,inhibitor,ChEMBL,0.0139433222646596,""
TOP2A,FRANGULIN B,FALSE,"",DTC,0.892372624938214,20561793
TOP2A,CHEMBL:CHEMBL594379,FALSE,"",DTC,0.892372624938214,19783445
TOP2A,CHEMBL:CHEMBL244268,FALSE,"",DTC,0.892372624938214,17658777
TOP2A,MYRICETIN,FALSE,"",DTC,0.033463973435183,7769390; 8759170
TOP2A,13-DEOXYDOXORUBICIN,FALSE,"",TdgClinicalTrial,0.446186312469107,""
TOP2A,LUCANTHONE,FALSE,"",TTD,0.446186312469107,""
TOP2A,PYRAZOLOACRIDINE,FALSE,"",TTD,0.223093156234554,""
TOP2A,NALIDIXIC ACID,TRUE,"",TTD,0.111546578117277,""
TOP2A,FLUOROQUINOLONE ANTIBIOTIC,FALSE,"",TTD,0.446186312469107,""
TOP2A,C-1311,FALSE,inhibitor,TdgClinicalTrial; ChEMBL,0.178474524987643,""
TOP2A,OLEANDEROLIDE,FALSE,"",DTC,0.892372624938214,24326278
TOP2A,RTA 744,FALSE,"",TdgClinicalTrial,0.223093156234554,""
TOP2A,DOXORUBICIN-ELUTING BEADS,FALSE,"",TTD,0.446186312469107,""
TOP2A,ADRIAMYCIN,FALSE,"",NCI,0.046966980259906,9494516
TOP2A,L-377202,FALSE,"",TTD,0.446186312469107,""
TOP2A,CARINATIN G,FALSE,"",DTC,0.446186312469107,""
TOP2A,DAUNORUBICIN HYDROCHLORIDE,TRUE,inhibitor,ChEMBL,0.0135207973475487,""
TOP2A,BERUBICIN HYDROCHLORIDE,FALSE,inhibitor,ChEMBL,0.223093156234554,""
TOP2A,SABARUBICIN,FALSE,"",TTD,0.446186312469107,""
TOP2A,MAKALUVAMINE C TFA SALT,FALSE,"",DTC,0.892372624938214,8691207
TOP2A,GANCOTAMAB,FALSE,inhibitor,ChEMBL,0.223093156234554,""
TOP2A,ALDOXORUBICIN,FALSE,inhibitor,TTD; TdgClinicalTrial; ChEMBL,1.33855893740732,""
TOP2A,MITOXANTRONE,TRUE,"",TEND; TTD; NCI; TdgClinicalTrial,0.0608435880639692,9494516; 9426516
TOP2A,VALRUBICIN,TRUE,inhibitor,TEND; TTD; TdgClinicalTrial; ChEMBL,0.892372624938214,""
TOP2A,FLUOROQUINOLONE,FALSE,"",TTD,0.446186312469107,""
TOP2A,PACLITAXEL,TRUE,"",TdgClinicalTrial,0.00405623920426461,""
TOP2A,HURATOXIN,FALSE,"",DTC,0.892372624938214,24931277
TOP2A,CHEMBL:CHEMBL2171812,FALSE,"",DTC,0.446186312469107,22867019
DLX5,OSTEOCRIN,FALSE,inhibitor,GuideToPharmacology,8.70063309314759,""
DLX5,[125I]ANP (HUMAN),FALSE,"",GuideToPharmacology,4.35031654657379,""
DLX5,M372049,FALSE,inhibitor,GuideToPharmacology,8.70063309314759,""
DLX5,CANF4-23,FALSE,agonist,GuideToPharmacology,8.70063309314759,""
DLX5,PL-3994,FALSE,agonist,GuideToPharmacology,4.35031654657379,""
DLX5,AP811,FALSE,inhibitor,GuideToPharmacology,8.70063309314759,""
CDKN2B,CEPHALOTHIN,FALSE,inhibitor,GuideToPharmacology,2.61018992794428,""
CDKN2B,PALBOCICLIB,TRUE,"",CIViC,0.511801946655741,""
PTP4A3,EMODIN,FALSE,"",DTC,2.00783840611098,22137788
PTP4A3,CETUXIMAB,TRUE,"",CIViC,0.705456737282237,""
HMMR,FLUOROURACIL,TRUE,"",PharmGKB,0.225016373098644,29593529
HMMR,HYALURONIC ACID,TRUE,"",TdgClinicalTrial,4.35031654657379,""
HMMR,EPIRUBICIN,TRUE,"",PharmGKB,0.725052757762299,29593529
HMMR,CYCLOPHOSPHAMIDE ANHYDROUS,TRUE,"",PharmGKB,0.322245670116577,29593529
EHF,ZIPRASIDONE,TRUE,"",PharmGKB,3.36798700379907,21107309
COL27A1,COLLAGENASE CLOSTRIDIUM HISTOLYTICUM,TRUE,cleavage,ChEMBL,0.932210688551528,""
COL27A1,OCRIPLASMIN,TRUE,cleavage,ChEMBL,0.686892086301126,""
RRM2,MOTEXAFIN GADOLINIUM,FALSE,inhibitor,TdgClinicalTrial; ChEMBL,1.14733623206342,""
RRM2,FLUDARABINE,TRUE,inhibitor,ChEMBL,0.11810814153594,""
RRM2,LY-2334737,FALSE,"",TTD,4.01567681222196,""
RRM2,CLADRIBINE,TRUE,"",PharmGKB,0.535423574962929,24024897
RRM2,GEMCITABINE,TRUE,inhibitor,ClearityFoundationClinicalTrial; TTD; ChEMBL,0.130945983007238,""
RRM2,TRIAPINE,FALSE,inhibitor,TTD; TdgClinicalTrial; TALC,3.01175760916647,""
RRM2,TEZACITABINE,FALSE,inhibitor,ChEMBL,1.00391920305549,""
RRM2,TRANSFERRIN RECEPTOR-TARGETED ANTI-RRM2 SIRNA CALAA-01,FALSE,"",TTD,2.00783840611098,""
RRM2,CYTARABINE,TRUE,"",PharmGKB,0.100391920305549,24024897
RRM2,CLOFARABINE,TRUE,inhibitor,ChEMBL,0.211351411169577,""
RRM2,GEMCITABINE ELAIDATE,FALSE,"",TTD,4.01567681222196,""
RRM2,GALLIUM NITRATE,TRUE,inhibitor,ChEMBL,0.573668116031709,""
RRM2,HYDROXYUREA,TRUE,inhibitor,TTD; ChEMBL,0.382445410687806,""
C2,CARBENOXOLONE,FALSE,inhibitor,GuideToPharmacology,0.543789568321724,""
C2,CA2+,FALSE,inhibitor,GuideToPharmacology,0.326273740993035,""
C2,FLUFENAMIC ACID,FALSE,inhibitor,GuideToPharmacology,0.343446043150563,""
C2,OCTANOL,FALSE,inhibitor,GuideToPharmacology,0.621473792367685,""
MAOB,SAFINAMIDE,TRUE,inhibitor,TdgClinicalTrial; DTC; ChEMBL; GuideToPharmacology,0.509305351794005,23631427; 24560738
MAOB,LEVODOPA,TRUE,"",NCI,0.106105281623751,7867755; 6420516
MAOB,CHEMBL:CHEMBL1927670,FALSE,"",DTC,1.27326337948501,22055712
MAOB,MOCLOBEMIDE,TRUE,inhibitor,DTC; GuideToPharmacology,0.763958027691008,21680183
MAOB,CHEMBL:CHEMBL1927684,FALSE,"",DTC,1.27326337948501,22055712
MAOB,SELEGILINE,TRUE,inhibitor,TEND; TdgClinicalTrial; DTC; ChEMBL; GuideToPharmacology,0.891284365639509,23631427; 21680183
MAOB,BIFEMELANE,FALSE,inhibitor,GuideToPharmacology,0.636631689742507,""
MAOB,MEBANAZINE,TRUE,inhibitor,ChEMBL,0.636631689742507,""
MAOB,MELATONIN,TRUE,"",NCI,0.0878112675506906,9726430
MAOB,PARGYLINE HYDROCHLORIDE,TRUE,inhibitor,ChEMBL,0.636631689742507,""
MAOB,CHEMBL:CHEMBL602260,FALSE,"",DTC,1.27326337948501,20093036
MAOB,ISOCARBOXAZID,TRUE,inhibitor,TEND; TdgClinicalTrial; ChEMBL,1.27326337948501,""
MAOB,SEROTONIN,FALSE,"",PharmGKB,0.363789536995718,36613935
MAOB,[18F]FLUORORASAGILINE,FALSE,"",DTC,2.54652675897003,22436387
MAOB,RASAGILINE,TRUE,inhibitor,TEND; TdgClinicalTrial; ChEMBL; GuideToPharmacology,0.848842252990009,""
MAOB,CHEMBL:CHEMBL1642672,FALSE,"",DTC,1.27326337948501,21134756
MAOB,PHENOXYPROPAZINE,TRUE,inhibitor,ChEMBL,0.636631689742507,""
MAOB,LAZABEMIDE,FALSE,inhibitor,GuideToPharmacology,1.27326337948501,""
MAOB,NIALAMIDE,TRUE,inhibitor,ChEMBL,0.254652675897003,""
MAOB,CHEMBL:CHEMBL1813518,FALSE,"",DTC,1.27326337948501,21778064
MAOB,SAFINAMIDE MESYLATE,TRUE,inhibitor,ChEMBL,1.27326337948501,""
MAOB,COBALAMIN,FALSE,"",NCI,1.27326337948501,8043706
MAOB,PHENELZINE,TRUE,inhibitor,TEND; TdgClinicalTrial; GuideToPharmacology,0.272842152746789,""
MAOB,RASAGILINE TARTRATE,TRUE,inhibitor,ChEMBL,1.27326337948501,""
MAOB,RALFINAMIDE,FALSE,inhibitor,ChEMBL,0.0636631689742506,""
MAOB,SELEGILINE HYDROCHLORIDE,TRUE,inhibitor,ChEMBL,0.636631689742507,""
MAOB,VITAMIN K3,TRUE,"",DTC,0.0878112675506906,22071524
MAOB,CHEMBL:CHEMBL2088303,FALSE,"",DTC,1.27326337948501,22705191
MAOB,TRANYLCYPROMINE,TRUE,inhibitor,TEND; TdgClinicalTrial; ChEMBL; GuideToPharmacology,0.727579073991436,""
MAOB,PARGYLINE,FALSE,"",DTC,2.54652675897003,25542589
MAOB,ANTIDEPRESSANT AGENT,FALSE,"",NCI,0.0489716684417313,6430257
MAOB,MOFEGILINE,FALSE,"",DTC,1.27326337948501,19053775
MAOB,INDANTADOL,FALSE,"",TdgClinicalTrial,0.141473708831668,""
MAOB,NAPHTHOQUINONE,FALSE,"",DTC,0.509305351794005,22071524
MAOB,METHAMPHETAMINE,TRUE,"",TdgClinicalTrial,0.0530526408118755,""
MAOB,HALOPERIDOL DECANOATE,TRUE,"",NCI,0.0335069310390793,7617809
MAOB,PHENELZINE SULFATE,TRUE,inhibitor,ChEMBL,0.181894768497859,""
MAOB,IPRONIAZID,TRUE,inhibitor,ChEMBL,0.181894768497859,""
MAOB,LINEZOLID,TRUE,inhibitor,GuideToPharmacology,0.141473708831668,""
MAOB,CHEMBL:CHEMBL602466,FALSE,"",DTC,1.27326337948501,20093036
MAOB,CHEMBL:CHEMBL2088301,FALSE,"",DTC,1.27326337948501,22705191
CDK1,SELICICLIB,FALSE,inhibitor,TTD; ChEMBL,0.139210129490361,""
CDK1,DINACICLIB,FALSE,inhibitor,ClearityFoundationClinicalTrial; MyCancerGenomeClinicalTrial; MyCancerGenome; CancerCommons; ChEMBL,0.435031654657379,""
CDK1,CENISERTIB,FALSE,"",DTC,0.00884810145065856,""
CDK1,RIVICICLIB,FALSE,inhibitor,TTD; ChEMBL,0.417630388471084,""
CDK1,SP-600125,FALSE,"",DTC,0.01173119068739,""
CDK1,GW441756X,FALSE,"",DTC,0.0160627072488879,""
CDK1,RONICICLIB,FALSE,inhibitor,TTD; CancerCommons; ChEMBL,0.111865282626183,""
CDK1,RGB-286638,FALSE,inhibitor,TTD; ChEMBL,0.10990273380818,""
CDK1,CLOFIBRATE,TRUE,"",DTC,0.130509496397214,16680159
CDK1,BMS-345541,FALSE,"",DTC,0.0949159973797919,""
CDK1,CINNARIZINE,TRUE,"",DTC,0.189831994759584,16680159
CDK1,RG-1530,FALSE,"",DTC,0.0111071911827416,""
CDK1,AZD-1080,FALSE,"",DTC,0.0614162335986889,""
CDK1,(RS)-ROSCOVITINE,FALSE,"",DTC,0.0803135362444393,""
CDK1,RUCAPARIB,TRUE,"",DTC,0.0435031654657379,""
CDK1,ZOTIRACICLIB,FALSE,inhibitor,ChEMBL,0.174012661862952,""
CDK1,PHA-767491,FALSE,"",DTC,0.015819332896632,""
CDK1,NVP-TAE684,FALSE,"",DTC,0.0101366599143467,""
CDK1,MKC-1,FALSE,"",TTD,0.0949159973797919,""
CDK1,INDIRUBIN-3'-MONOXIME,FALSE,"",DTC,0.10990273380818,16680159
CDK1,PROTUBOXEPIN A,FALSE,"",DTC,1.04407597117771,22595423
CDK1,R547,FALSE,inhibitor,ChEMBL,0.149153710168244,""
CDK1,FENOFIBRATE MICRONIZED,TRUE,"",DTC,0.0803135362444393,16680159
CDK1,GO-6976,FALSE,"",DTC,0.0242808365390165,""
CDK1,CLOTRIMAZOLE,TRUE,"",DTC,0.056436538982579,16680159
CDK1,TAMATINIB,FALSE,"",DTC,0.0128898268046631,""
CDK1,AZD5438,FALSE,inhibitor,ChEMBL,0.0435031654657379,""
CDK1,AT-7519,FALSE,inhibitor,DTC; ChEMBL,0.149153710168244,18656911
CDK1,SOTRASTAURIN,FALSE,"",DTC,0.0171159995275035,""
CDK1,CDK1/2/4 INHIBITOR AG-024322,FALSE,"",TTD,0.348025323725904,""
CDK1,ALVOCIDIB,FALSE,inhibitor,MyCancerGenome; TdgClinicalTrial; ChEMBL,0.149153710168244,""
CDK1,CHEMBL:CHEMBL578061,FALSE,"",DTC,0.0417630388471084,""
CDK1,ALSTERPAULLONE,FALSE,"",DTC,0.0200783840611098,""
CDK1,SNS-314,FALSE,"",DTC,0.0248589516947074,""
CDK1,LADUVIGLUSIB,FALSE,"",TTD,0.0696050647451807,""
CDK1,BAY 61-3606,FALSE,"",DTC,0.0254652675897003,""
CDK1,LAUROGUADINE,FALSE,"",DTC,0.0372884275420611,""
CDK1,PF-562271,FALSE,"",DTC,0.00966737010349732,""
CDK1,SERTRALINE HYDROCHLORIDE,TRUE,"",DTC,0.104407597117771,16680159
CDK1,KENPAULLONE,FALSE,"",TTD,0.021751582732869,""
CDK1,ROTENONE,FALSE,"",DTC,0.149153710168244,16680159
CDK1,CYC-116,FALSE,"",DTC,0.0107636698059558,""
CDK1,PHA-793887,FALSE,inhibitor,TTD; ChEMBL,0.0994358067788296,""
CDK1,LY-2090314,FALSE,"",DTC,0.0401567681222196,""
CDK1,WITHAFERIN A,FALSE,"",DTC,0.174012661862952,24079846
CDK1,ARUNCIN B,FALSE,"",DTC,2.08815194235542,22197393
CDK1,MILCICLIB,FALSE,inhibitor,ChEMBL,0.0949159973797919,""
CDK1,AG-24322,FALSE,inhibitor,ChEMBL,0.348025323725904,""
CDK1,BAY 11-7082,FALSE,"",DTC,0.174012661862952,16680159
CDK1,PATULIN,FALSE,"",DTC,0.232016882483936,16680159
ARG1,UCL1684,FALSE,inhibitor,GuideToPharmacology,0.828631723156913,""
ARG1,EBIO,FALSE,activator,GuideToPharmacology,0.621473792367685,""
ARG1,RA-2,FALSE,inhibitor,GuideToPharmacology,2.48589516947074,""
ARG1,APAMIN,FALSE,inhibitor,GuideToPharmacology,0.828631723156913,""
ARG1,CHEMBL:CHEMBL1099168,FALSE,"",DTC,4.97179033894148,20441173
ARG1,DEQUALINIUM,TRUE,blocker,GuideToPharmacology,0.155368448091921,""
ARG1,DC-EBIO,FALSE,activator,GuideToPharmacology,0.828631723156913,""
ARG1,GLYCEROL PHENYLBUTYRATE,TRUE,"",PharmGKB,0.414315861578457,""
ARG1,TETRAMETHYLAMMONIUM,FALSE,blocker,GuideToPharmacology,0.138105287192819,""
ARG1,P05,FALSE,blocker,GuideToPharmacology,1.24294758473537,""
ARG1,SILDENAFIL,TRUE,"",PharmGKB,0.451980939903771,28374859
ARG1,TROPICAMIDE,TRUE,blocker,GuideToPharmacology,0.225990469951885,""
ARG1,NS309,FALSE,activator,GuideToPharmacology,0.621473792367685,""
ARG1,NS8593,FALSE,inhibitor,GuideToPharmacology,0.828631723156913,""
ARG1,CHEMBL:CHEMBL1099167,FALSE,"",DTC,4.97179033894148,20441173
ARG1,CA2+,FALSE,activator,GuideToPharmacology,0.0621473792367685,""
ARG1,SKA-31,FALSE,activator,GuideToPharmacology,0.621473792367685,""
ARG1,LEIUROTOXIN I,FALSE,blocker,GuideToPharmacology,0.828631723156913,""
ARG1,LEI-DAB7,FALSE,blocker,GuideToPharmacology,0.828631723156913,""
ARG1,CYPPA,FALSE,activator,GuideToPharmacology,1.24294758473537,""
ARG1,RILUZOLE,TRUE,activator,GuideToPharmacology,0.108082398672641,""
PCSK9,ALIROCUMAB,TRUE,inhibitor,TTD; TdgClinicalTrial; ChEMBL,4.01567681222196,""
PCSK9,ONGERICIMAB,FALSE,inhibitor,ChEMBL,4.01567681222196,""
PCSK9,TAFOLECIMAB,FALSE,inhibitor,ChEMBL,4.01567681222196,""
PCSK9,LOMITAPIDE MESYLATE,TRUE,"",PharmGKB,0.803135362444393,""
PCSK9,EVOLOCUMAB,TRUE,inhibitor,TTD; PharmGKB; ChEMBL,6.02351521833295,""
PCSK9,RG-7652,FALSE,inhibitor,ChEMBL,4.01567681222196,""
PCSK9,BOCOCIZUMAB,FALSE,inhibitor,TTD; ChEMBL,8.03135362444393,""
PCSK9,FROVOCIMAB,FALSE,"",TTD,4.01567681222196,""
PCSK9,BOCOCIZUMAB,FALSE,"",TTD,2.00783840611098,""
PCSK9,RALPANCIZUMAB,FALSE,inhibitor,ChEMBL,4.01567681222196,""
PCSK9,LERODALCIBEP,FALSE,inhibitor,ChEMBL,4.01567681222196,""
PCSK9,INCLISIRAN,TRUE,"",PharmGKB,1.33855893740732,""
PCSK9,FROVOCIMAB,FALSE,inhibitor,ChEMBL,4.01567681222196,""
C7,CA2+,FALSE,inhibitor,GuideToPharmacology,0.326273740993035,""
C7,CARBENOXOLONE,FALSE,inhibitor,GuideToPharmacology,0.543789568321724,""
C7,OCTANOL,FALSE,inhibitor,GuideToPharmacology,0.621473792367685,""
C7,FLUFENAMIC ACID,FALSE,inhibitor,GuideToPharmacology,0.343446043150563,""
ACTL6A,CISPLATIN,TRUE,"",CIViC,0.0887819703382407,""
ACTL6A,SPHINGOSINE 1-PHOSPHATE,FALSE,agonist,GuideToPharmacology,1.4501055155246,""
ACTL6A,SPHINGOSYLPHOSPHORYLCHOLINE,FALSE,agonist,GuideToPharmacology,13.0509496397214,""
ACTL6A,PANOBINOSTAT,TRUE,"",CIViC,0.407842176241293,""
BTC,CD2+,FALSE,blocker,GuideToPharmacology,0.543789568321724,""
BTC,DIMINAZENE,FALSE,blocker,GuideToPharmacology,2.1751582732869,""
BTC,H+,FALSE,activator,GuideToPharmacology,0.501959601527746,""
BTC,A-317567,FALSE,blocker,GuideToPharmacology,3.26273740993035,""
BTC,PANITUMUMAB,TRUE,"",PharmGKB,0.326273740993035,""
BTC,NAFAMOSTAT,FALSE,blocker,GuideToPharmacology,0.593224983623699,""
BTC,AMILORIDE,TRUE,blocker,GuideToPharmacology,0.383851459991805,""
BTC,CETUXIMAB,TRUE,"",PharmGKB,0.176364184320559,""
ASPA,DALFAMPRIDINE,TRUE,blocker,GuideToPharmacology,0.36252637888115,""
ASPA,CS+,FALSE,blocker,GuideToPharmacology,2.1751582732869,""
ASPA,BA2+,FALSE,blocker,GuideToPharmacology,1.74012661862952,""
CA13,SULTHIAME,TRUE,inhibitor,ChEMBL,2.1751582732869,""
CA13,ETHOXZOLAMIDE,TRUE,inhibitor,ChEMBL,1.74012661862952,""
NLRX1,AMELENODOR,FALSE,activator,GuideToPharmacology,52.2037985588855,""
SCN7A,EVENAMIDE,FALSE,blocker,ChEMBL,0.0915856115068167,""
SCN7A,MERETHOXYLLINE PROCAINE,TRUE,blocker,ChEMBL,0.0915856115068167,""
SCN7A,TETRACAINE,TRUE,blocker,ChEMBL,0.0832596468243789,""
SCN7A,SAFINAMIDE,TRUE,"",TdgClinicalTrial,0.0610570743378778,""
SCN7A,LIDOCAINE HYDROCHLORIDE,TRUE,blocker,ChEMBL,0.0915856115068167,""
SCN7A,LAMOTRIGINE,TRUE,blocker,ChEMBL,0.0416298234121894,""
SCN7A,NKTR-171,FALSE,blocker,ChEMBL,0.0915856115068167,""
SCN7A,DISOPYRAMIDE PHOSPHATE,TRUE,blocker,ChEMBL,0.0832596468243789,""
SCN7A,PROPAFENONE HYDROCHLORIDE,TRUE,blocker,ChEMBL,0.0654182939334405,""
SCN7A,MEPIVACAINE HYDROCHLORIDE,TRUE,blocker,ChEMBL,0.0572410071917605,""
SCN7A,CENOBAMATE,TRUE,inhibitor,ChEMBL,0.0327091469667203,""
SCN7A,DYCLONINE HYDROCHLORIDE,TRUE,blocker,ChEMBL,0.0572410071917605,""
SCN7A,PHENYTOIN SODIUM,TRUE,blocker,ChEMBL,0.0218060979778135,""
SCN7A,OXCARBAZEPINE,TRUE,blocker,ChEMBL,0.0508808952815649,""
SCN7A,MEPHENYTOIN,TRUE,blocker,ChEMBL,0.0763213429223473,""
SCN7A,IRAMPANEL,FALSE,blocker,ChEMBL,0.0654182939334405,""
SCN7A,ZONISAMIDE,TRUE,blocker,ChEMBL,0.0366342446027267,""
SCN7A,NERISPIRDINE,FALSE,blocker,ChEMBL,0.0183171223013633,""
SCN7A,FOSPHENYTOIN,TRUE,blocker,ChEMBL,0.070450470389859,""
SCN7A,ETIDOCAINE HYDROCHLORIDE,TRUE,blocker,ChEMBL,0.0915856115068167,""
SCN7A,QUINIDINE GLUCONATE,TRUE,blocker,ChEMBL,0.0915856115068167,""
SCN7A,ORPHENADRINE CITRATE,TRUE,blocker,ChEMBL,0.043612195955627,""
SCN7A,PROPARACAINE HYDROCHLORIDE,TRUE,blocker,ChEMBL,0.0915856115068167,""
SCN7A,ETHOTOIN,TRUE,blocker,ChEMBL,0.0915856115068167,""
SCN7A,PROCAINE HYDROCHLORIDE,TRUE,blocker,ChEMBL,0.0915856115068167,""
SCN7A,QUINIDINE POLYGALACTURONATE,TRUE,blocker,ChEMBL,0.0915856115068167,""
SCN7A,PHENAZOPYRIDINE HYDROCHLORIDE,TRUE,blocker,ChEMBL,0.0572410071917605,""
SCN7A,PROCAINAMIDE HYDROCHLORIDE,TRUE,blocker,ChEMBL,0.0915856115068167,""
SCN7A,TOPIRAMATE,TRUE,blocker,ChEMBL,0.0208149117060947,""
SCN7A,CARBAMAZEPINE,TRUE,blocker,ChEMBL,0.0186909411238402,""
SCN7A,PROPOXYCAINE HYDROCHLORIDE,TRUE,blocker,ChEMBL,0.0915856115068167,""
SCN7A,PRIMIDONE,TRUE,blocker,ChEMBL,0.0261673175733762,""
SCN7A,PHENACEMIDE,TRUE,blocker,ChEMBL,0.0832596468243789,""
SCN7A,INDECAINIDE HYDROCHLORIDE,TRUE,blocker,ChEMBL,0.0915856115068167,""
SCN7A,CHLOROPROCAINE,TRUE,blocker,ChEMBL,0.070450470389859,""
SCN7A,ARTICAINE HYDROCHLORIDE,TRUE,blocker,ChEMBL,0.0915856115068167,""
SCN7A,RILUZOLE,TRUE,blocker,ChEMBL,0.0398198310899203,""
SCN7A,PRILOCAINE HYDROCHLORIDE,TRUE,blocker,ChEMBL,0.0832596468243789,""
SCN7A,ENCAINIDE HYDROCHLORIDE,TRUE,blocker,ChEMBL,0.0915856115068167,""
SCN7A,HEXYLCAINE HYDROCHLORIDE,TRUE,blocker,ChEMBL,0.0915856115068167,""
SCN7A,ESLICARBAZEPINE,TRUE,blocker,ChEMBL,0.0832596468243789,""
SCN7A,MEXILETINE HYDROCHLORIDE,TRUE,blocker,ChEMBL,0.0915856115068167,""
SCN7A,ESLICARBAZEPINE ACETATE,TRUE,blocker,ChEMBL,0.0832596468243789,""
SCN7A,LACOSAMIDE,TRUE,blocker,ChEMBL,0.070450470389859,""
SCN7A,DICHLOROBENZYL ALCOHOL,TRUE,blocker,ChEMBL,0.0915856115068167,""
SCN7A,QUINIDINE SULFATE,TRUE,blocker,ChEMBL,0.0915856115068167,""
SCN7A,MORICIZINE HYDROCHLORIDE,TRUE,blocker,ChEMBL,0.0763213429223473,""
SCN7A,DRONEDARONE HYDROCHLORIDE,TRUE,blocker,ChEMBL,0.0572410071917605,""
SCN7A,ROPIVACAINE HYDROCHLORIDE,TRUE,blocker,ChEMBL,0.0915856115068167,""
SCN7A,PRILOCAINE,TRUE,blocker,ChEMBL,0.0832596468243789,""
SCN7A,RALFINAMIDE,FALSE,blocker,ChEMBL,0.0457928057534084,""
SCN7A,TOCAINIDE HYDROCHLORIDE,TRUE,blocker,ChEMBL,0.0915856115068167,""
SCN7A,ORPHENADRINE HYDROCHLORIDE,TRUE,blocker,ChEMBL,0.0482029534246404,""
SCN7A,LIDOCAINE,TRUE,blocker,ChEMBL,0.0538738891216569,""
SCN7A,BENOXINATE HYDROCHLORIDE,TRUE,blocker,ChEMBL,0.0832596468243789,""
SCN7A,RUFINAMIDE,TRUE,blocker,ChEMBL,0.0763213429223473,""
SCN7A,COCAINE HYDROCHLORIDE,TRUE,blocker,ChEMBL,0.0915856115068167,""
CD40LG,PG-102,FALSE,"",TTD,0.900065492394578,""
CD40LG,ALDESLEUKIN,TRUE,"",NCI,0.120008732319277,10841521
CD40LG,URSODIOL,TRUE,inhibitor,GuideToPharmacology,0.112508186549322,""
CD40LG,DAPIROLIZUMAB PEGOL,FALSE,inhibitor,TTD; ChEMBL,3.60026196957831,""
CD40LG,ALPROSTADIL,TRUE,"",NCI,0.156533129112101,14561849
CD40LG,ADALIMUMAB,TRUE,"",PharmGKB,0.109098847562979,28639493
CD40LG,RUPLIZUMAB,FALSE,inhibitor,ChEMBL,1.80013098478916,""
CD40LG,FENOFIBRATE MICRONIZED,TRUE,"",NCI,0.13847161421455,14612213
CD40LG,ATORVASTATIN CALCIUM TRIHYDRATE,TRUE,"",NCI,0.0654593085377875,17064201
CD40LG,RAVAGALIMAB,FALSE,inhibitor,ChEMBL,1.80013098478916,""
CD40LG,ANTI-CD40 MONOCLONAL ANTIBODY CHI LOB 7/4,FALSE,"",TTD,3.60026196957831,23460534
CD40LG,AUTOLOGOUS PROSTATE CANCER ANTIGEN-EXPRESSING DENDRITIC CELL VACCINE BPX-101,FALSE,"",TTD,1.80013098478916,22737615
CD40LG,DAZODALIBEP,FALSE,inhibitor,ChEMBL,1.80013098478916,""
CD40LG,ROSIGLITAZONE,TRUE,"",NCI,0.163648271344469,12695287
CD40LG,TEGOPRUBART,FALSE,inhibitor,ChEMBL,1.80013098478916,""
CD40LG,BISPECIFIC ANTIBODY,FALSE,"",NCI,0.600043661596386,9435867
CD40LG,BULEVIRTIDE,FALSE,"",GuideToPharmacology,1.80013098478916,""
CD40LG,MUROMONAB-CD3,TRUE,"",NCI,0.514323138511188,9613439
CD40LG,LUCATUMUMAB,FALSE,"",TTD,1.80013098478916,23460534
CD40LG,DAZODALIBEP,FALSE,"",TTD,1.80013098478916,""
CD40LG,DEXPROPRANOLOL,FALSE,inhibitor,GuideToPharmacology,0.360026196957831,""
CD40LG,IRBESARTAN,TRUE,inhibitor,GuideToPharmacology,0.225016373098644,""
CD40LG,PROPRANOLOL HYDROCHLORIDE,TRUE,inhibitor,GuideToPharmacology,0.0750054576995482,""
CD40LG,IMATINIB,TRUE,"",NCI,0.0500036384663655,16741250
CD40LG,TORALIZUMAB,FALSE,inhibitor,ChEMBL,1.80013098478916,""
CD40LG,CYCLOSPORINE,TRUE,inhibitor,GuideToPharmacology,0.0206911607447029,""
CD40LG,SELICRELUMAB,FALSE,"",TTD,1.80013098478916,""
CD40LG,ANTINEOPLASTIC VACCINE,FALSE,"",NCI,0.720052393915663,9205055
CD40LG,ANTI-CD40/ANTI-MESOTHELIN BISPECIFIC ANTIBODY ABBV-428,FALSE,"",TTD,1.80013098478916,""
APOBEC3B,THERAPEUTIC CORTICOSTEROID,FALSE,"",PharmGKB,2.48589516947074,30697902
AQP9,D[D-PHE2]AVP,FALSE,agonist,GuideToPharmacology,0.276210574385638,""
AQP9,"[3H]AVP (HUMAN, MOUSE, RAT)",FALSE,agonist,GuideToPharmacology,0.207157930789228,""
AQP9,"[PHAA1,D-TYR2,VAL4,ARG6,ARG-NH29]AVP",FALSE,inhibitor,GuideToPharmacology,0.276210574385638,""
AQP9,THERAPEUTIC HORMONE,FALSE,"",NCI,0.0376650783253142,15647391
AQP9,3-N3-PHPA-LVA,FALSE,inhibitor,GuideToPharmacology,0.828631723156913,""
AQP9,"D(CH2)5[TYR(ME)2,ARG8]VP",FALSE,inhibitor,GuideToPharmacology,0.828631723156913,""
AQP9,BALOVAPTAN,FALSE,inhibitor,GuideToPharmacology,0.165726344631383,""
AQP9,THERAPEUTIC ANDROSTANOLONE,FALSE,"",NCI,0.087224391911254,15850448
AQP9,"D(CH2)5[TYR(ME)2,THR4,TYR(3125I)-NH29]OVT",FALSE,inhibitor,GuideToPharmacology,0.414315861578457,""
AQP9,"[PHAA1,D-TYR(ET)2,LYS6,DES-GLY9]AVP",FALSE,inhibitor,GuideToPharmacology,0.276210574385638,""
AQP9,RELCOVAPTAN,FALSE,inhibitor,GuideToPharmacology,0.0920701914618792,""
AQP9,SSR126768A,FALSE,inhibitor,GuideToPharmacology,0.414315861578457,""
AQP9,"[PHAA1,D-TYR(ME)2,ARG6,TYR-NH29]AVP",FALSE,inhibitor,GuideToPharmacology,0.276210574385638,""
AQP9,THERAPEUTIC ANDROGEN,FALSE,"",NCI,0.0974860850772839,12021052
AQP9,"D(CH2)5[D-ILE2,ILE4,ALA-NH29]AVP",FALSE,inhibitor,GuideToPharmacology,0.276210574385638,""
AQP9,"D(CH2)5[TYR(ME)2,THR4,PHE(3I,4N3)-NH29]OVT",FALSE,inhibitor,GuideToPharmacology,0.207157930789228,""
AQP9,[3H]D(CH2)5[TYR(ME)2]AVP,FALSE,inhibitor,GuideToPharmacology,0.828631723156913,""
AQP9,"D(CH2)5[TYR(ME)2,THR4,PHE(3125I,4N3)-NH29]OVT",FALSE,inhibitor,GuideToPharmacology,0.414315861578457,""
AQP9,SRX246,FALSE,inhibitor,GuideToPharmacology,0.414315861578457,""
AQP9,"D(CH2)5[D-TYR(ET)2,VAL4,TYR-NH29]AVP",FALSE,inhibitor,GuideToPharmacology,0.414315861578457,""
AQP9,OPC-21268,FALSE,inhibitor,GuideToPharmacology,0.276210574385638,""
AQP9,MOZAVAPTAN,TRUE,inhibitor,GuideToPharmacology,0.138105287192819,""
AQP9,CISPLATIN,TRUE,"",NCI,0.0112739009953322,12396244
AQP9,"D(CH2)5[D-ILE2,ILE4,ALA-NH2]AVP",FALSE,inhibitor,GuideToPharmacology,0.276210574385638,""
AQP9,SELEPRESSIN,FALSE,agonist,GuideToPharmacology,0.414315861578457,""
AQP9,L023103,FALSE,inhibitor,GuideToPharmacology,0.414315861578457,""
AQP9,SATAVAPTAN,FALSE,inhibitor,GuideToPharmacology,0.207157930789228,""
AQP9,YM 471,FALSE,inhibitor,GuideToPharmacology,0.276210574385638,""
AQP9,LVP,FALSE,agonist,GuideToPharmacology,0.276210574385638,""
AQP9,"D(CH2)5[TYR(ME)2,THR4]OVT",FALSE,inhibitor,GuideToPharmacology,0.276210574385638,""
AQP9,D[D-PAL2]AVP,FALSE,inhibitor,GuideToPharmacology,0.276210574385638,""
AQP9,[VAL4]AVP,FALSE,agonist,GuideToPharmacology,0.276210574385638,""
AQP9,OH-LVA,FALSE,inhibitor,GuideToPharmacology,0.276210574385638,""
AQP9,OPC-51803,FALSE,agonist,GuideToPharmacology,0.414315861578457,""
AQP9,F180,FALSE,agonist,GuideToPharmacology,0.828631723156913,""
AQP9,"[TBAA1,D-TYR(ET)2,VAL4,LYS6,ARG-NH28,DES-GLY9]AVP",FALSE,inhibitor,GuideToPharmacology,0.276210574385638,""
AQP9,D[LEU4]AVP,FALSE,agonist,GuideToPharmacology,0.207157930789228,""
AQP9,LIT-001,FALSE,agonist,GuideToPharmacology,0.276210574385638,""
AQP9,NELIVAPTAN,FALSE,inhibitor,GuideToPharmacology,0.103578965394614,""
AQP9,RWJ-351647,FALSE,inhibitor,GuideToPharmacology,0.414315861578457,""
AQP9,"[THR4,GLY7]OT",FALSE,agonist,GuideToPharmacology,0.414315861578457,""
AQP9,"D(CH2)5[TYR(ET)2,VAL4,DES-GLY9]AVP",FALSE,inhibitor,GuideToPharmacology,0.276210574385638,""
AQP9,"[PHAA1,D-TYR(ET)2,VAL4,LYS6,TYR-NH28,DES-GLY9]AVP",FALSE,inhibitor,GuideToPharmacology,0.276210574385638,""
AQP9,TOLVAPTAN,TRUE,inhibitor,GuideToPharmacology,0.207157930789228,""
AQP9,DVDAVP,FALSE,agonist,GuideToPharmacology,0.276210574385638,""
AQP9,FLUTAMIDE,TRUE,"",NCI,0.0828631723156913,12021052
AQP9,"D(CH2)5[TYR(ME)2,THR4,TYR-NH29]OVT",FALSE,inhibitor,GuideToPharmacology,0.207157930789228,""
AQP9,[125I]OH-LVA,FALSE,inhibitor,GuideToPharmacology,0.828631723156913,""
AQP9,TESTOSTERONE,TRUE,"",NCI,0.063740901781301,12021052; 12002438
AQP9,DESMOPRESSIN,TRUE,agonist,GuideToPharmacology,0.0920701914618792,""
AQP9,D[CHA4]AVP,FALSE,agonist,GuideToPharmacology,0.207157930789228,""
AQP9,ATOSIBAN,TRUE,inhibitor,GuideToPharmacology,0.103578965394614,""
AQP9,LS-192629,FALSE,inhibitor,GuideToPharmacology,0.414315861578457,""
AQP9,YM 218,FALSE,inhibitor,GuideToPharmacology,0.276210574385638,""
AQP9,RO5028442,FALSE,inhibitor,GuideToPharmacology,0.276210574385638,""
AQP9,ANTISERUM,FALSE,"",NCI,0.047350384180395,16035648
AQP9,CONIVAPTAN,TRUE,inhibitor,GuideToPharmacology,0.207157930789228,""
AQP9,UREA,TRUE,"",NCI,0.184140382923758,12594337
AQP9,[125I]3-N3-PHPA-LVA,FALSE,inhibitor,GuideToPharmacology,0.828631723156913,""
AQP9,ARGIPRESTOCIN,FALSE,agonist,GuideToPharmacology,0.207157930789228,""
AQP9,"D[PEN1,TYR(ME)2]AVP",FALSE,inhibitor,GuideToPharmacology,0.276210574385638,""
AQP9,D(CH2)5[TYR(ME)2]AVP,FALSE,inhibitor,GuideToPharmacology,0.207157930789228,""
AQP9,ARGIPRESSIN,TRUE,agonist,GuideToPharmacology,0.0318704508906505,""
DYRK3,SORAFENIB,TRUE,"",DTC,0.0412678249477356,""
DYRK3,LINIFANIB,FALSE,"",DTC,0.0593224983623699,""
DYRK3,PHA-767491,FALSE,"",DTC,0.0719060586210545,""
DYRK3,AZD-1080,FALSE,"",DTC,0.279164698175858,""
DYRK3,SB220025,FALSE,"",DTC,0.153090318354503,""
DYRK3,SNS-314,FALSE,"",DTC,0.112995234975943,""
DYRK3,HARMINE,FALSE,"",TTD,0.31638665793264,""
DYRK3,DASATINIB ANHYDROUS,TRUE,"",DTC,0.0624447351182841,""
DYRK3,SOTRASTAURIN,FALSE,"",DTC,0.0777999978522884,""
DYRK3,BAY 61-3606,FALSE,"",DTC,0.115751216316819,""
DYRK3,SP-600125,FALSE,"",DTC,0.0533235940335909,""
TREM1,NANGIBOTIDE,FALSE,inhibitor,ChEMBL,52.2037985588855,""
BCL2A1,HEME,FALSE,agonist,GuideToPharmacology,4.35031654657379,""
BCL2A1,OBATOCLAX MESYLATE,FALSE,inhibitor,ChEMBL,1.4501055155246,""
BCL2A1,ZINC PROTOPORPHYRIN IX,FALSE,inhibitor,GuideToPharmacology,8.70063309314759,""
BCL2A1,PROTOPORPHYRIN IX CONTAINING CO,FALSE,inhibitor,GuideToPharmacology,8.70063309314759,""
BCL2A1,SR9011,FALSE,agonist,GuideToPharmacology,1.74012661862952,""
BCL2A1,SR9009,FALSE,agonist,GuideToPharmacology,2.9002110310492,""
LGALS3,OLITIGALTIN,FALSE,inhibitor,ChEMBL,13.0509496397214,""
LGALS3,DAVANAT,FALSE,inhibitor,ChEMBL,6.52547481986069,""
LGALS3,BELAPECTIN,FALSE,inhibitor,TTD; ChEMBL,26.1018992794428,""
LGALS3,"LACTOSE, ANHYDROUS",FALSE,"",DTC,8.70063309314759,21524586
P2RY6,MC-1,FALSE,"",TdgClinicalTrial,2.1751582732869,""
P2RY6,DIQUAFOSOL TETRASODIUM,FALSE,agonist,ChEMBL,6.52547481986069,""
GCKR,FLUOROURACIL,TRUE,"",PharmGKB,0.128580784627797,26115082
GCKR,ALLOPURINOL,TRUE,inhibitor,GuideToPharmacology,0.248589516947074,""
GCKR,FENOFIBRATE MICRONIZED,TRUE,"",PharmGKB,0.573668116031709,19056598
GCKR,FEBUXOSTAT,TRUE,inhibitor,GuideToPharmacology,0.573668116031709,""
GCKR,OXALIPLATIN,TRUE,"",PharmGKB,0.392509763600643,26115082
GCKR,DEHYDRATED ALCOHOL,TRUE,"",PharmGKB,0.18880216476993,32451486
GCKR,EPIRUBICIN,TRUE,"",PharmGKB,0.414315861578457,26115082
EXO1,CAPECITABINE,TRUE,"",PharmGKB,0.682402595540987,25372392
EXO1,PEMETREXED DISODIUM,TRUE,"",PharmGKB,1.33855893740732,36606188
EXO1,FLUOROURACIL,TRUE,"",PharmGKB,0.300021830798193,25372392
LAMB4,OCRIPLASMIN,TRUE,cleavage,ChEMBL,1.37378417260225,""
PGF,AFLIBERCEPT,TRUE,inhibitor,TTD; ChEMBL,6.96050647451807,""
PGF,TB-403,FALSE,inhibitor,TTD; TdgClinicalTrial; ChEMBL,52.2037985588855,""
PGF,CONBERCEPT,FALSE,inhibitor,ChEMBL,3.48025323725904,""
KCND2,TEDISAMIL,FALSE,blocker,ChEMBL,0.21751582732869,""
KCND2,NERISPIRDINE,FALSE,blocker,ChEMBL,0.174012661862952,""
KCND2,DALFAMPRIDINE,TRUE,blocker,ChEMBL,0.181263189440575,""
KCND2,AMIFAMPRIDINE PHOSPHATE,TRUE,blocker,ChEMBL,0.212210563247502,""
KCND2,AMIFAMPRIDINE,TRUE,blocker,ChEMBL,0.207157930789228,""
KCND2,GUANIDINE HYDROCHLORIDE,TRUE,blocker,ChEMBL,0.212210563247502,""
DLG2,ANASTROZOLE,TRUE,"",PharmGKB,8.03135362444393,32701512
CDCA3,DIURETIC,FALSE,"",PharmGKB,6.52547481986069,17189961; 16314886
CDCA3,HYDROCHLOROTHIAZIDE,TRUE,"",PharmGKB,1.13486518606273,11230366
IDO1,CHEMBL:CHEMBL1224312,FALSE,"",DTC,7.45768550841222,20688518
IDO1,LINRODOSTAT,FALSE,inhibitor,TTD; ChEMBL,7.45768550841222,""
IDO1,2-MERCAPTOBENZOTHIAZOLE,FALSE,"",DTC,0.932210688551527,24262887
IDO1,PHENYLHYDRAZINE,FALSE,"",DTC,3.72884275420611,24262887
IDO1,PEGINTERFERON ALFA-2A,TRUE,"",PharmGKB,0.257161569255594,21691274
IDO1,TRYPTOPHAN,TRUE,"",TTD,0.466105344275764,""
IDO1,IDO-1 INHIBITOR LY3381916,FALSE,"",TTD,3.72884275420611,""
IDO1,CHEMBL:CHEMBL1668301,FALSE,"",DTC,7.45768550841222,21419531
IDO1,KHK2455,FALSE,"",TTD,3.72884275420611,""
IDO1,CHEMBL:CHEMBL14145,FALSE,"",DTC,7.45768550841222,24262887
IDO1,EPACADOSTAT,FALSE,inhibitor,TTD; ChEMBL,3.72884275420611,""
IDO1,INDOXIMOD PRODRUG NLG802,FALSE,"",TTD,3.72884275420611,""
IDO1,PF-06840003,FALSE,"",TTD,1.86442137710305,""
IDO1,CHEMBL:CHEMBL1933308,FALSE,"",DTC,7.45768550841222,24262887
FCER1G,ASPIRIN,TRUE,"",PharmGKB,0.5865595343695,18595682; 18534082
FCER1G,COMPOUND 66 [PMID: 21802293],FALSE,inhibitor,GuideToPharmacology,17.4012661862952,""
FCER1G,BENZYLPENICILLOYL POLYLYSINE,TRUE,"",TEND; TdgClinicalTrial,17.4012661862952,""
EFNB1,"(3Z)-N,N-DIMETHYL-2-OXO-3-(4,5,6,7-TETRAHYDRO-1H-INDOL-2-YLMETHYLIDENE)-2,3-DIHYDRO-1H-INDOLE-5-SULFONAMIDE",FALSE,inhibitor,GuideToPharmacology,1.08757913664345,""
EFNB1,CCT244747,FALSE,inhibitor,GuideToPharmacology,6.52547481986069,""
DUSP5,COMPOUND 25 [PMID: 17935989],FALSE,inhibitor,GuideToPharmacology,2.9002110310492,""
DUSP5,COMPOUND 1D [PMID: 21493067],FALSE,inhibitor,GuideToPharmacology,4.35031654657379,""
EPHX2,COMPOUND 2 [PMID: 15546730],FALSE,inhibitor,GuideToPharmacology,0.207157930789228,""
EPHX2,COMPOUND 19A [PMID: 21855335],FALSE,inhibitor,GuideToPharmacology,0.725052757762299,""
EPHX2,DORSOMORPHIN,FALSE,inhibitor,GuideToPharmacology,0.181263189440575,""
EPHX2,PP1,FALSE,inhibitor,GuideToPharmacology,0.241684252587433,""
EPHX2,JNJ-28312141,FALSE,inhibitor,GuideToPharmacology,0.29002110310492,""
EPHX2,COMPOUND 23 [PMID: 17600705],FALSE,inhibitor,GuideToPharmacology,0.36252637888115,""
EPHX2,COMPOUND 7 [PMID: 22464456],FALSE,inhibitor,GuideToPharmacology,0.36252637888115,""
EPHX2,COMPOUND 30 [PMID: 17280833],FALSE,inhibitor,GuideToPharmacology,0.725052757762299,""
EPHX2,ECF506,FALSE,inhibitor,GuideToPharmacology,0.14501055155246,""
EPHX2,6BIO,FALSE,"",DTC,0.966737010349732,24697244
EPHX2,CCT196969,FALSE,inhibitor,GuideToPharmacology,0.241684252587433,""
EPHX2,ACALABRUTINIB,TRUE,inhibitor,GuideToPharmacology,0.0853003244426234,""
EPHX2,XILIERTINIB,FALSE,inhibitor,GuideToPharmacology,0.241684252587433,""
EPHX2,BELIZATINIB,FALSE,inhibitor,GuideToPharmacology,0.14501055155246,""
EPHX2,PEXIDARTINIB,TRUE,inhibitor,GuideToPharmacology,0.103578965394614,""
EPHX2,SARACATINIB,FALSE,inhibitor,GuideToPharmacology,0.111546578117277,""
EPHX2,NEOLYMPHOSTIN A,FALSE,inhibitor,GuideToPharmacology,0.241684252587433,""
EPHX2,ALOIN,FALSE,"",DTC,2.9002110310492,26372074
EPHX2,IBRUTINIB,TRUE,inhibitor,GuideToPharmacology,0.0426501622213117,""
EPHX2,GSK2256294,FALSE,inhibitor,TTD; ChEMBL,1.4501055155246,""
EPHX2,LCK INHIBITOR,FALSE,inhibitor,GuideToPharmacology,1.4501055155246,""
EPHX2,MAX-40279,FALSE,inhibitor,GuideToPharmacology,0.36252637888115,""
EPHX2,7-HYDROXYSTAUROSPORINE,FALSE,inhibitor,GuideToPharmacology,0.111546578117277,""
EPHX2,TAK-020,FALSE,inhibitor,GuideToPharmacology,0.36252637888115,""
EPHX2,LITHIUM,TRUE,"",PharmGKB,0.0690526435964094,29121268
EPHX2,CCT241161,FALSE,inhibitor,GuideToPharmacology,0.241684252587433,""
EPHX2,PP2,FALSE,inhibitor,GuideToPharmacology,0.0483368505174866,""
EPHX2,COMPOUND 36 [PMID: 21958547],FALSE,inhibitor,GuideToPharmacology,0.36252637888115,""
EPHX2,ALOE-EMODIN,FALSE,"",DTC,0.725052757762299,26372074
EPHX2,AR-9281,FALSE,inhibitor,TTD; TdgClinicalTrial; ChEMBL,1.4501055155246,""
EPHX2,WH-4-023,FALSE,inhibitor,GuideToPharmacology,0.725052757762299,""
EPHX2,GSK2646264,FALSE,inhibitor,GuideToPharmacology,0.161122835058289,""
EPHX2,DDR1/2 INHIBITOR 5N,FALSE,inhibitor,GuideToPharmacology,0.111546578117277,""
EPHX2,ZAK INHIBITOR 6P,FALSE,inhibitor,GuideToPharmacology,0.207157930789228,""
EPHX2,FULVESTRANT,TRUE,"",DTC,0.116008441241968,23684894
EPHX2,"(3Z)-N,N-DIMETHYL-2-OXO-3-(4,5,6,7-TETRAHYDRO-1H-INDOL-2-YLMETHYLIDENE)-2,3-DIHYDRO-1H-INDOLE-5-SULFONAMIDE",FALSE,inhibitor,GuideToPharmacology,0.0604210631468583,""
TICAM1,VACCINE,FALSE,"",NCI,9.49159973797919,18217948
FUT2,DEHYDRATED ALCOHOL,TRUE,"",PharmGKB,1.32161515338951,32451486
SHMT1,BEVACIZUMAB,TRUE,"",PharmGKB,0.870063309314759,22044939
SHMT1,IRINOTECAN HYDROCHLORIDE,TRUE,"",PharmGKB,0.552421148771276,22044939
SHMT1,LEUCOVORIN CALCIUM,TRUE,"",PharmGKB,0.966737010349732,22044939
CRAT,LEVOCARNITINE PROPIONATE,FALSE,"",TdgClinicalTrial,3.26273740993035,""
CRAT,COMPOUND 3 [PMID: 21650226],FALSE,inhibitor,GuideToPharmacology,26.1018992794428,""
EVPL,COMPOUND 25 [PMID: 17935989],FALSE,inhibitor,GuideToPharmacology,5.80042206209839,""
BUB1,GATX2,FALSE,blocker,GuideToPharmacology,6.52547481986069,""
BUB1,NPPB,FALSE,blocker,GuideToPharmacology,0.815684352482587,""
BUB1,OMEPRAZOLE,TRUE,activator,GuideToPharmacology,0.176364184320559,""
BUB1,LUBIPROSTONE,TRUE,activator,GuideToPharmacology,3.26273740993035,""
BUB1,ZN2+,FALSE,blocker,GuideToPharmacology,0.29661249181185,""
BUB1,CD2+,FALSE,blocker,GuideToPharmacology,0.543789568321724,""
BUB1,DIPHENYLAMINE-2-CARBOXYLIC ACID,FALSE,blocker,GuideToPharmacology,2.1751582732869,""
BUB1,ARACHIDONIC ACID,FALSE,activator,GuideToPharmacology,0.652547481986069,""
PLEKHA6,HALOPERIDOL DECANOATE,TRUE,"",PharmGKB,1.37378417260225,27023437
APOE,TRIAMCINOLONE,TRUE,"",NCI,0.0782665645560503,9150415
APOE,AZ7188,FALSE,inhibitor,GuideToPharmacology,0.900065492394578,""
APOE,PRAVASTATIN SODIUM,TRUE,"",PharmGKB,0.133343035910308,20031551; 19667110; 17289397
APOE,LUTEIN,TRUE,"",NCI,0.900065492394578,11413081
APOE,TRETINOIN,TRUE,"",NCI,0.0197816591735072,3468509
APOE,LECANEMAB,TRUE,"",PharmGKB,0.450032746197289,""
APOE,PHYTOSTEROL,FALSE,"",NCI,0.900065492394578,16677856
APOE,BUTHIONINE SULFOXIMINE,FALSE,"",NCI,0.180013098478916,12615656
APOE,P2PAL18S,FALSE,inhibitor,GuideToPharmacology,0.900065492394578,""
APOE,THERAPEUTIC CORTICOSTEROID,FALSE,"",NCI,0.042860261542599,1903065
APOE,VITAMIN E,TRUE,"",NCI,0.112508186549322,12076219
APOE,AZ2429,FALSE,agonist,GuideToPharmacology,0.900065492394578,""
APOE,GB88,FALSE,inhibitor,GuideToPharmacology,0.900065492394578,""
APOE,IRBESARTAN,TRUE,"",NCI,0.225016373098644,12827021
APOE,SLIGKV-NH2,FALSE,agonist,GuideToPharmacology,0.900065492394578,""
APOE,STAUROSPORINE,FALSE,"",NCI,0.0642903923138984,11948667
APOE,TROGLITAZONE,TRUE,"",NCI,0.0692358071072752,15057551
APOE,AEM-28,FALSE,"",TTD,0.900065492394578,""
APOE,TRANS-CINNAMOYL-LIGRLO [N-[3H]PROPIONYL]-NH2,FALSE,agonist,GuideToPharmacology,0.900065492394578,""
APOE,ACE INHIBITOR,FALSE,"",NCI,0.385742353883391,15585195; 12105166
APOE,I-191,FALSE,inhibitor,GuideToPharmacology,0.900065492394578,""
APOE,AZ3451,FALSE,modulator,GuideToPharmacology,0.900065492394578,""
APOE,CN-105,FALSE,"",TTD,0.900065492394578,""
APOE,RECOMBINANT CYTOKINE,FALSE,"",NCI,0.103853710660913,9617572; 10686578
APOE,2-FUROYL-LIGRL[N[3H]PROPIONYL]-O-NH2,FALSE,agonist,GuideToPharmacology,0.900065492394578,""
APOE,FENOFIBRATE MICRONIZED,TRUE,"",PharmGKB,0.0692358071072752,12042669
APOE,DONEPEZIL,TRUE,"",PharmGKB,0.337524559647967,27567841; 24951635
APOE,AC-98170,FALSE,agonist,GuideToPharmacology,0.900065492394578,""
APOE,HUMAN CHORIONIC GONADOTROPIN,TRUE,"",NCI,0.0947437360415345,1709885
APOE,GALANTAMINE,TRUE,"",PharmGKB,0.225016373098644,24951635
APOE,NICOTINE POLACRILEX,TRUE,"",PharmGKB,0.0391332822780251,23247396
APOE,I-287,FALSE,modulator,GuideToPharmacology,0.900065492394578,""
APOE,ANTIDEPRESSANT AGENT,FALSE,"",NCI,0.0346179035536376,14512205
APOE,ISOX-CHA-CHG-ALA-ARG-DPR(4FB)-NH2,FALSE,agonist,GuideToPharmacology,0.900065492394578,""
APOE,GANCICLOVIR,TRUE,"",NCI,0.225016373098644,16322528
APOE,C391,FALSE,inhibitor,GuideToPharmacology,0.900065492394578,""
APOE,IMMUNOSUPPRESSANT,FALSE,"",NCI,0.100007276932731,12752312
APOE,AZ8838,FALSE,inhibitor,GuideToPharmacology,0.900065492394578,""
APOE,2-FUROYL-LIGRL[N-(ALEXA FLUOR 594)-O]-NH2,FALSE,agonist,GuideToPharmacology,0.900065492394578,""
APOE,ISOX-CHA-CHG-ARK(SULFO-CY5)-NH2,FALSE,agonist,GuideToPharmacology,0.900065492394578,""
APOE,AY77,FALSE,agonist,GuideToPharmacology,0.900065492394578,""
APOE,AC-55541,FALSE,agonist,GuideToPharmacology,0.450032746197289,""
APOE,AC264613,FALSE,agonist,GuideToPharmacology,0.450032746197289,""
APOE,[3H]2-FUROYL-LIGRL-NH2,FALSE,agonist,GuideToPharmacology,0.900065492394578,""
APOE,2-FUROYL-LIGRLO-AMIDE,FALSE,agonist,GuideToPharmacology,0.900065492394578,""
APOE,GB110,FALSE,agonist,GuideToPharmacology,0.900065492394578,""
APOE,BUPROPION HYDROCHLORIDE,TRUE,"",PharmGKB,0.105890057928774,23247396
APOE,RIVASTIGMINE,TRUE,"",PharmGKB,0.257161569255594,24951635
APOE,NORETHINDRONE ACETATE,TRUE,"",NCI,0.300021830798193,12398019
APOE,PREDNISONE,TRUE,"",NCI,0.0400029107730924,3185288
APOE,SLIGRL-NH2,FALSE,agonist,GuideToPharmacology,0.900065492394578,""
APOE,GINKGO BILOBA EXTRACT,TRUE,"",NCI,0.360026196957831,12684092
APOE,SOYBEAN SEED OIL,TRUE,"",NCI,0.360026196957831,3021887
APOE,"BENZO(A)PYRENE-7,8-DIOL 9,10-EPOXIDE",FALSE,"",NCI,0.450032746197289,14753754
APOE,FLUVASTATIN,TRUE,"",PharmGKB,0.270019647718373,30363031; 17289397
APOE,SOY PROTEIN ISOLATE,FALSE,"",NCI,0.300021830798193,1902348
APOE,RITONAVIR,TRUE,"",PharmGKB,0.100007276932731,17700364; 15809899
APOE,LORAZEPAM,TRUE,"",NCI,0.0720052393915662,15699298
BLVRB,J-104123,FALSE,inhibitor,GuideToPharmacology,1.86442137710305,""
BLVRB,COMPOUND 3F [PMID: 12238936],FALSE,inhibitor,GuideToPharmacology,1.86442137710305,""
BLVRB,COMPOUND 21 [PMID: 19191557],FALSE,inhibitor,GuideToPharmacology,1.86442137710305,""
BLVRB,1-ALLYL-2-[3-(ISOPROPYLAMINO)PROPOXY]-9H-XANTHEN-9-ONE,FALSE,inhibitor,GuideToPharmacology,1.86442137710305,""
BLVRB,COMPOUND 3 [PMID: 19191557],FALSE,inhibitor,GuideToPharmacology,1.86442137710305,""
BLVRB,COMPOUND 32 [PMID: 19191557],FALSE,inhibitor,GuideToPharmacology,1.86442137710305,""
BLVRB,ZARAGOZIC ACID A,FALSE,inhibitor,GuideToPharmacology,1.86442137710305,""
BLVRB,COMPOUND 15A [PMID: 22464687],FALSE,inhibitor,GuideToPharmacology,1.86442137710305,""
BLVRB,COMPOUND 4Q [PMID: 7650673],FALSE,inhibitor,GuideToPharmacology,1.86442137710305,""
BLVRB,COMPOUND 19 [PMID: 19191557],FALSE,inhibitor,GuideToPharmacology,1.86442137710305,""
BLVRB,SQ-109,FALSE,inhibitor,GuideToPharmacology,1.86442137710305,""
BLVRB,J-104118,FALSE,inhibitor,GuideToPharmacology,1.86442137710305,""
BLVRB,COMPOUND 15 [PMID: 19456099],FALSE,inhibitor,GuideToPharmacology,1.86442137710305,""
BLVRB,YM-75440,FALSE,inhibitor,GuideToPharmacology,1.86442137710305,""
BLVRB,COMPOUND 8 [PMID: 19191557],FALSE,inhibitor,GuideToPharmacology,1.86442137710305,""
BLVRB,"COMPOUND 1C [BROWN ET AL., 1997]",FALSE,inhibitor,GuideToPharmacology,1.86442137710305,""
BLVRB,1-ALLYL-2-[3-(ISOPROPYLAMINO)PROPOXY]-9H-CARBAZOLE,FALSE,inhibitor,GuideToPharmacology,1.86442137710305,""
BLVRB,NB-598,FALSE,inhibitor,GuideToPharmacology,1.86442137710305,""
BLVRB,COMPOUND 3A [PMID: 12238936],FALSE,inhibitor,GuideToPharmacology,1.86442137710305,""
BLVRB,COMPOUND 6 [PMID: 7629799],FALSE,inhibitor,GuideToPharmacology,1.86442137710305,""
BLVRB,COMPOUND 14 [PMID: 19191557],FALSE,inhibitor,GuideToPharmacology,1.86442137710305,""
BLVRB,METHYLENE BLUE ANHYDROUS,TRUE,"",PharmGKB,0.100779533897462,23913015
BLVRB,E5700,FALSE,inhibitor,GuideToPharmacology,1.86442137710305,""
BLVRB,"COMPOUND 1 [OVERHAND ET AL., 1997]",FALSE,inhibitor,GuideToPharmacology,0.932210688551527,""
BLVRB,COMPOUND 35 [PMID: 19191557],FALSE,inhibitor,GuideToPharmacology,1.86442137710305,""
BLVRB,COMPOUND 13 [PMID: 19456099],FALSE,inhibitor,GuideToPharmacology,1.86442137710305,""
BLVRB,BPH-830,FALSE,inhibitor,GuideToPharmacology,1.86442137710305,""
BLVRB,COMPOUND 4G [PMID: 17709461],FALSE,inhibitor,GuideToPharmacology,1.86442137710305,""
CCL3,ADJUVANT,FALSE,"",NCI,2.32016882483936,17116174
CCL3,NAGRESTIPEN,FALSE,"",TTD,17.4012661862952,""
CCL3,INFLIXIMAB,TRUE,"",NCI,1.12266233459969,16219708
TSPO,LORAZEPAM,TRUE,"",TEND; TTD; TdgClinicalTrial,0.16485410071227,""
TSPO,DEXTOFISOPAM,FALSE,"",TTD,1.37378417260225,""
TSPO,ZOLPIDEM TARTRATE,TRUE,"",TEND,0.105675705584789,""
TSPO,ALPIDEM,TRUE,agonist,TTD; ChEMBL,2.7475683452045,""
TSPO,ALPRAZOLAM,TRUE,"",TEND; TTD,0.0808108336824854,""
TSPO,CHLORDIAZEPOXIDE,TRUE,"",TTD,0.0654182939334405,""
TSPO,CLOTIAZEPAM,TRUE,"",TTD,0.0686892086301126,""
TSPO,METRONIDAZOLE,TRUE,"",NCI,0.686892086301126,1320691
TSPO,OXAZEPAM,TRUE,"",TTD,0.0528378527923943,""
TSPO,CLORAZEPATE,TRUE,"",TEND; TTD; TdgClinicalTrial,0.206067625890338,""
TSPO,DIAZEPINOMICIN,FALSE,"",TTD; TdgClinicalTrial,2.7475683452045,""
TSPO,EMAPUNIL,FALSE,agonist,ChEMBL,1.37378417260225,""
TSPO,ONO-2952,FALSE,inhibitor,TTD; ChEMBL,2.7475683452045,""
TSPO,DIDS,FALSE,blocker,GuideToPharmacology,0.27475683452045,""
TSPO,NPPB,FALSE,blocker,GuideToPharmacology,0.171723021575281,""
TSPO,FLUNITRAZEPAM,TRUE,"",TEND; TTD; TdgClinicalTrial,0.187334205354852,""
TSPO,CHLORMEZANONE,TRUE,"",TEND; TTD; TdgClinicalTrial,4.12135251780675,""
TSPO,OLESOXIME,FALSE,"",TdgClinicalTrial,0.343446043150563,""
TSPO,FLUMAZENIL,TRUE,"",TTD,0.0572410071917605,""
TSPO,ESZOPICLONE,TRUE,"",TTD; TdgClinicalTrial,0.152642685844695,""
TSPO,FLURAZEPAM,TRUE,"",TTD,0.0654182939334405,""
TSPO,PYRAZOLE,FALSE,"",NCI,0.686892086301126,15544788
TSPO,PRAZEPAM,TRUE,"",TTD,0.0624447351182841,""
TSPO,DISULFIRAM,TRUE,"",NCI,0.0638969382605698,1320691
TSPO,CLONAZEPAM,TRUE,"",TEND,0.05495136690409,""
TSPO,TRIAZOLAM,TRUE,"",TEND; TTD,0.0832596468243788,""
TSPO,CINOLAZEPAM,FALSE,"",TTD,0.0808108336824854,""
TSPO,QUAZEPAM,TRUE,"",TTD,0.0686892086301126,""
TSPO,NS5818,FALSE,blocker,GuideToPharmacology,1.37378417260225,""
TSPO,FLUDIAZEPAM,FALSE,"",TTD,0.0808108336824854,""
TSPO,ZOPICLONE,TRUE,"",TEND; TdgClinicalTrial,0.27475683452045,""
TSPO,TEMAZEPAM,TRUE,"",TEND; TTD; TdgClinicalTrial,0.187334205354852,""
TSPO,ZALEPLON,TRUE,"",TEND; TdgClinicalTrial,0.686892086301126,""
TSPO,HALAZEPAM,TRUE,"",TTD,0.0686892086301126,""
TSPO,ESTAZOLAM,TRUE,"",TTD,0.0597297466348805,""
TSPO,ADINAZOLAM,FALSE,"",TTD,0.0808108336824854,""
TSPO,MIDAZOLAM HYDROCHLORIDE,TRUE,"",TTD,0.0381606714611736,""
TSPO,DIAZEPAM,TRUE,"",TEND; TTD,0.0947437360415345,""
GC,DOCOSANOL,TRUE,inhibitor,ChEMBL,0.543789568321724,""
GC,PIRSIDOMINE,FALSE,"",TTD,4.35031654657379,""
GC,BEVACIZUMAB,TRUE,"",PharmGKB,0.21751582732869,29208668
GC,VITAMIN D,TRUE,"",NCI,0.669279468703661,761406
GC,ISOSORBIDE DINITRATE,TRUE,"",TTD,0.395483322415799,""
GC,CETUXIMAB,TRUE,"",PharmGKB,0.235152245760746,29208668
GC,ERYTHRITYL TETRANITRATE,TRUE,"",TTD,1.4501055155246,""
GC,ASPIRIN,TRUE,"",NCI,0.0977599223949167,17555340
GC,DEFERASIROX,TRUE,"",PharmGKB,1.08757913664345,30651574
GC,NITRIC OXIDE,TRUE,"",TTD,0.435031654657379,""
GC,METHYLENE BLUE ANHYDROUS,TRUE,"",TTD,0.117576122880373,""
GC,ISOSORBIDE MONONITRATE,TRUE,"",TTD,0.435031654657379,""
KCNS3,DALFAMPRIDINE,TRUE,blocker,ChEMBL,0.181263189440575,""
KCNS3,NERISPIRDINE,FALSE,blocker,ChEMBL,0.174012661862952,""
KCNS3,GUANIDINE HYDROCHLORIDE,TRUE,blocker,ChEMBL,0.212210563247502,""
KCNS3,TEDISAMIL,FALSE,blocker,ChEMBL,0.21751582732869,""
KCNS3,AMIFAMPRIDINE,TRUE,blocker,ChEMBL,0.207157930789228,""
KCNS3,AMIFAMPRIDINE PHOSPHATE,TRUE,blocker,ChEMBL,0.212210563247502,""
COL3A1,COLLAGENASE CLOSTRIDIUM HISTOLYTICUM,TRUE,cleavage,TEND; TdgClinicalTrial; ChEMBL,2.79663206565458,""
COL3A1,OCRIPLASMIN,TRUE,cleavage,ChEMBL,0.686892086301126,""
INPP1,LITHIUM,TRUE,"",NCI,2.48589516947074,16787706
MKNK2,CYC-116,FALSE,"",DTC,0.0256277852522757,""
MKNK2,CENISERTIB,FALSE,"",DTC,0.0210669082158537,""
MKNK2,TOMIVOSERTIB,FALSE,inhibitor,TTD; ChEMBL,2.48589516947074,""
MKNK2,BAY 61-3606,FALSE,"",DTC,0.0606315894992863,""
MKNK2,TOMIVOSERTIB,FALSE,inhibitor,GuideToPharmacology,0.621473792367685,""
MKNK2,SORAFENIB,TRUE,"",DTC,0.0216164797345282,""
MKNK2,NVP-TAE684,FALSE,"",DTC,0.0241349045579683,""
MKNK2,RG-1530,FALSE,"",DTC,0.0264456932922419,""
MKNK2,SP-600125,FALSE,"",DTC,0.0279314063985476,""
MKNK2,TAMATINIB,FALSE,"",DTC,0.0306900638206264,""
MKNK2,TINODASERTIB,FALSE,inhibitor,GuideToPharmacology,1.24294758473537,""
MKNK2,MELK-TI,FALSE,inhibitor,GuideToPharmacology,0.621473792367685,""
MKNK2,SNS-314,FALSE,"",DTC,0.0591879802254938,""
MKNK2,GEFITINIB,TRUE,"",DTC,0.0371029129771752,""
MKNK2,PHA-767491,FALSE,"",DTC,0.0376650783253142,""
MKNK2,ERLOTINIB,TRUE,"",DTC,0.0443909851691204,""
MKNK2,COMPOUND 20J [PMID: 38564512],FALSE,inhibitor,GuideToPharmacology,1.24294758473537,""
MKNK2,MNK1 INHIBITOR,FALSE,inhibitor,GuideToPharmacology,0.828631723156913,""
MKNK2,GSK-269962A,FALSE,"",DTC,0.0564976174879714,""
MKNK2,LINIFANIB,FALSE,"",DTC,0.0310736896183842,""
MKNK2,ILORASERTIB,FALSE,"",DTC,0.0214301307712995,""
SLCO1A2,THERAPEUTIC HORMONE,FALSE,"",NCI,0.1977416612079,8779894
SLCO1A2,RIFAMPIN,TRUE,inhibitor,GuideToPharmacology,0.155368448091921,""
SLCO1A2,NARINGIN,FALSE,inhibitor,GuideToPharmacology,4.35031654657379,""
SLCO1A2,RIFAMYCIN SV,TRUE,inhibitor,GuideToPharmacology,1.08757913664345,""
SLCO1A2,TAMOXIFEN,TRUE,"",PharmGKB,0.133855893740732,36373739
SLCO1A2,CELIPROLOL,TRUE,"",PharmGKB,1.08757913664345,34585840
SLCO1A2,IMATINIB,TRUE,"",PharmGKB,0.181263189440575,35144161; 21633340
SLCO1A2,[3H]DPDPE,FALSE,"",GuideToPharmacology,2.1751582732869,""
SLCO1A2,[3H]BSP,FALSE,"",GuideToPharmacology,0.870063309314759,""
SLCO1A2,TESTOSTERONE,TRUE,"",NCI,0.223093156234554,8779895
SLCO1A2,NADOLOL,TRUE,"",PharmGKB,1.24294758473537,24419562
SLCO1A2,ESTROPIPATE,FALSE,"",GuideToPharmacology,0.725052757762299,""
FUT6,T-690,FALSE,inhibitor,GuideToPharmacology,17.4012661862952,""
FUT6,MIGLUSTAT,TRUE,inhibitor,GuideToPharmacology,5.80042206209839,""
FUT6,VENGLUSTAT,FALSE,inhibitor,GuideToPharmacology,8.70063309314759,""
NEK2,CHEMBL:CHEMBL1997335,FALSE,"",DTC,0.0828631723156913,""
NEK2,DOVITINIB,FALSE,"",DTC,0.0344579528441489,""
NEK2,ILORASERTIB,FALSE,"",DTC,0.0300021830798193,""
NEK2,HESPERADIN,FALSE,inhibitor,DTC,0.0870063309314759,19035792
NEK2,GW441756X,FALSE,"",DTC,0.0535423574962929,""
NEK2,SP-600125,FALSE,"",DTC,0.0391039689579667,""
NEK2,ADAVOSERTIB,FALSE,"",DTC,0.124294758473537,""
NEK2,CENISERTIB,FALSE,"",DTC,0.0294936715021952,""
NEK2,GW843682X,FALSE,"",DTC,0.0892372624938214,""
NEK2,DACTOLISIB,FALSE,"",DTC,0.0725052757762299,""
NEK2,TAMATINIB,FALSE,"",DTC,0.042966089348877,""
NEK2,PAZOPANIB,TRUE,"",DTC,0.0610570743378778,""
NEK2,PALBOCICLIB,TRUE,"",DTC,0.0682402595540987,""
NEK2,NVP-TAE684,FALSE,"",DTC,0.0337888663811557,""
NEK2,CYC-116,FALSE,"",DTC,0.0358788993531859,""
ECE1,LINVOSELTAMAB,FALSE,antibody,GuideToPharmacology,4.35031654657379,""
ECE1,APRIL,FALSE,"",GuideToPharmacology,4.35031654657379,""
ECE1,BELANTAMAB MAFODOTIN,TRUE,antibody,GuideToPharmacology,0.511801946655741,""
ECE1,BAFF,FALSE,"",GuideToPharmacology,2.9002110310492,""
ECE1,SLV-334,FALSE,"",TTD,4.35031654657379,""
ECE1,DAGLUTRIL,FALSE,inhibitor,ChEMBL; TTD,4.35031654657379,""
COL4A1,FD6,FALSE,activator,GuideToPharmacology,13.0509496397214,""
COL4A1,OCRIPLASMIN,TRUE,cleavage,ChEMBL,0.343446043150563,""
COL4A1,COLLAGENASE CLOSTRIDIUM HISTOLYTICUM,TRUE,cleavage,ChEMBL,0.466105344275764,""
COL4A1,NKY80,FALSE,inhibitor,GuideToPharmacology,6.52547481986069,""
ALDH9A1,PSM&ALPHA;3,FALSE,agonist,GuideToPharmacology,1.16008441241968,""
ALDH9A1,CGEN-855A,FALSE,agonist,GuideToPharmacology,1.16008441241968,""
ALDH9A1,"PYRAZOLONE, 1",FALSE,agonist,GuideToPharmacology,1.16008441241968,""
ALDH9A1,[3H]LXA4,FALSE,agonist,GuideToPharmacology,1.16008441241968,""
ALDH9A1,RESOLVIN D1,FALSE,agonist,GuideToPharmacology,0.580042206209839,""
ALDH9A1,SHAAGTIDE,FALSE,agonist,GuideToPharmacology,1.16008441241968,""
ALDH9A1,ANNEXIN I,FALSE,agonist,GuideToPharmacology,1.16008441241968,""
ALDH9A1,FMET-LEU-PHE,FALSE,agonist,GuideToPharmacology,0.386694804139893,""
ALDH9A1,ASPIRIN TRIGGERED LIPOXIN A4,FALSE,agonist,GuideToPharmacology,1.16008441241968,""
ALDH9A1,UPAR FRAGMENT,FALSE,agonist,GuideToPharmacology,1.16008441241968,""
ALDH9A1,T21/DP107,FALSE,agonist,GuideToPharmacology,1.16008441241968,""
ALDH9A1,FPRL1-INHIBITOR PROTEIN,FALSE,inhibitor,GuideToPharmacology,1.16008441241968,""
ALDH9A1,AMYLOID &BETA;,FALSE,agonist,GuideToPharmacology,1.16008441241968,""
ALDH9A1,LL-37,FALSE,agonist,GuideToPharmacology,0.580042206209839,""
ALDH9A1,FMET-ILE-VAL-THR-LEU-PHE,FALSE,agonist,GuideToPharmacology,0.580042206209839,""
ALDH9A1,ATLA2,FALSE,agonist,GuideToPharmacology,1.16008441241968,""
ALDH9A1,SCK&BETA;8-1,FALSE,agonist,GuideToPharmacology,1.16008441241968,""
ALDH9A1,BMS-986235,FALSE,agonist,GuideToPharmacology,0.580042206209839,""
ALDH9A1,FMET-MET-TYR-ALA-LEU-PHE,FALSE,agonist,GuideToPharmacology,0.386694804139893,""
ALDH9A1,WKYMVM,FALSE,agonist,GuideToPharmacology,0.386694804139893,""
ALDH9A1,AG-26,FALSE,agonist,GuideToPharmacology,0.580042206209839,""
ALDH9A1,COMPOUND 1754-31 [PMID: 23788657],FALSE,inhibitor,GuideToPharmacology,1.16008441241968,""
ALDH9A1,HUMANIN,FALSE,agonist,GuideToPharmacology,0.580042206209839,""
ALDH9A1,F PEPTIDE,FALSE,agonist,GuideToPharmacology,1.16008441241968,""
ALDH9A1,QUIN-C1,FALSE,agonist,GuideToPharmacology,1.16008441241968,""
ALDH9A1,QUIN-C7,FALSE,inhibitor,GuideToPharmacology,1.16008441241968,""
ALDH9A1,ACT-389949,FALSE,agonist,GuideToPharmacology,1.16008441241968,""
ALDH9A1,LXA4,FALSE,agonist,GuideToPharmacology,0.580042206209839,""
ALDH9A1,COMPOUND R-(-)-5F [PMID: 22607879],FALSE,agonist,GuideToPharmacology,0.580042206209839,""
ALDH9A1,WRWWWW,FALSE,inhibitor,GuideToPharmacology,0.580042206209839,""
ALDH9A1,RVD1-ME,FALSE,agonist,GuideToPharmacology,0.580042206209839,""
ALDH9A1,MHC BINDING PEPTIDE,FALSE,agonist,GuideToPharmacology,1.16008441241968,""
ALDH9A1,ANNEXIN I-(2-26),FALSE,agonist,GuideToPharmacology,0.386694804139893,""
ALDH9A1,ISOPROPYLUREIDO-FLFLF,FALSE,inhibitor,GuideToPharmacology,1.16008441241968,""
ALDH9A1,MMK-1,FALSE,agonist,GuideToPharmacology,1.16008441241968,""
ALDH9A1,HP(2-20),FALSE,agonist,GuideToPharmacology,0.580042206209839,""
ALDH9A1,PBP10,FALSE,modulator,GuideToPharmacology,1.16008441241968,""
ALDH9A1,V3 PEPTIDE,FALSE,agonist,GuideToPharmacology,1.16008441241968,""
ALDH9A1,PRP106-126,FALSE,agonist,GuideToPharmacology,1.16008441241968,""
ALDH9A1,T-BOC-FLFLF,FALSE,inhibitor,GuideToPharmacology,0.580042206209839,""
ALDH9A1,1R-11,FALSE,agonist,GuideToPharmacology,1.16008441241968,""
ALDH9A1,ASPIRIN-TRIGGERED RESOLVIN D1,FALSE,agonist,GuideToPharmacology,0.580042206209839,""
ALDH9A1,SERUM AMYLOID A,FALSE,agonist,GuideToPharmacology,1.16008441241968,""
ALDH9A1,N36,FALSE,agonist,GuideToPharmacology,1.16008441241968,""
ALDH9A1,[125I-TYR]AC2-26,FALSE,agonist,GuideToPharmacology,1.16008441241968,""
SERPINB3,THERAPEUTIC GONADOTROPIN,FALSE,"",NCI,14.9153710168244,8070597
MCM8,ATL-104,FALSE,"",TTD,52.2037985588855,""
KLB,PEGBELFERMIN,FALSE,agonist,ChEMBL,4.35031654657379,""
KLB,FAZPILODEMAB,FALSE,agonist,ChEMBL,6.52547481986069,""
KLB,ALDAFERMIN,FALSE,activator,ChEMBL,4.35031654657379,""
KLB,DEHYDRATED ALCOHOL,TRUE,"",PharmGKB,0.330403788347377,27911795
ACP3,ALANINE,TRUE,agonist,GuideToPharmacology,1.04407597117771,""
ACP3,MODIFIED VACCINIA ANKARA-BAVARIAN NORDIC,TRUE,"",TdgClinicalTrial,2.61018992794428,""
ACP3,CITRULLINE,TRUE,agonist,GuideToPharmacology,5.22037985588855,""
ACP3,"ORNITHINE, (L)-ISOMER",TRUE,agonist,GuideToPharmacology,5.22037985588855,""
ACP3,SIPULEUCEL-T,TRUE,binder,ChEMBL,5.22037985588855,""
ACP3,LYSINE,TRUE,agonist,GuideToPharmacology,2.61018992794428,""
ACP3,SERINE,TRUE,agonist,GuideToPharmacology,5.22037985588855,""
ACP3,ARGININE,TRUE,agonist,GuideToPharmacology,2.61018992794428,""
ACP3,GLYCINE,TRUE,agonist,GuideToPharmacology,0.435031654657379,""
ACP3,GLUTAMINE,TRUE,agonist,GuideToPharmacology,0.652547481986069,""
IFIT2,RECOMBINANT INTERFERON,FALSE,"",NCI,2.67711787481464,12433283
SOCS1,"INSULIN, REGULAR, HUMAN",TRUE,"",NCI,0.984977331299727,18171911
SOCS1,ALDESLEUKIN,TRUE,"",NCI,1.74012661862952,12928391
EDN3,HUMAN CHORIONIC GONADOTROPIN,TRUE,"",NCI,5.495136690409,9870082
ERBB3,ELISIDEPSIN,FALSE,"",TTD,1.00391920305549,""
ERBB3,GEFITINIB,TRUE,inhibitor,MyCancerGenomeClinicalTrial; CIViC; PharmGKB,0.0449516061069623,""
ERBB3,DULIGOTUZUMAB,FALSE,"",TTD,0.501959601527746,""
ERBB3,LAPATINIB,TRUE,"",DoCM; PharmGKB; CGI; CIViC,0.161922452105724,23680147
ERBB3,DULIGOTUZUMAB,FALSE,antibody; inhibitor,MyCancerGenome; TTD; CIViC; ChEMBL,1.33855893740732,""
ERBB3,TARLOXOTINIB,FALSE,inhibitor,ChEMBL,0.250979800763873,""
ERBB3,CETUXIMAB,TRUE,"",CIViC,0.0271329514339322,""
ERBB3,TRAMETINIB DIMETHYL SULFOXIDE,TRUE,"",CIViC,0.0213599830437339,""
ERBB3,SERIBANTUMAB,FALSE,inhibitor,TTD; ChEMBL,1.00391920305549,""
ERBB3,AMG-888,FALSE,inhibitor,ChEMBL,1.00391920305549,""
ERBB3,ELGEMTUMAB,FALSE,inhibitor,ChEMBL; TTD,2.00783840611098,""
ERBB3,ZENOCUTUZUMAB,FALSE,inhibitor,ChEMBL,0.501959601527746,""
ERBB3,SERIBANTUMAB,FALSE,inhibitor,TALC,0.501959601527746,""
ERBB3,SELUMETINIB,TRUE,"",CIViC,0.0304217940319846,""
ERBB3,LUMRETUZUMAB,FALSE,"",TTD,1.00391920305549,""
ERBB3,MM-151,FALSE,"",TTD,0.33463973435183,""
ERBB3,ISTIRATUMAB,FALSE,inhibitor,TTD; ChEMBL,0.669279468703661,""
ERBB3,PAN-HER KINASE INHIBITOR AC480,FALSE,"",TdgClinicalTrial,0.250979800763873,""
ERBB3,VANDETANIB,TRUE,inhibitor,ChEMBL,0.0173089517768188,""
ERBB3,DARIZMETINIB,FALSE,inhibitor,GuideToPharmacology,1.00391920305549,""
ERBB3,POZIOTINIB,FALSE,inhibitor,ChEMBL; MyCancerGenomeClinicalTrial,0.33463973435183,""
ERBB3,CURCUMIN,TRUE,"",DTC,0.0304217940319846,25753330
ERBB3,KBP5209,FALSE,inhibitor,ChEMBL,0.250979800763873,""
ERBB3,ANTI-HER3 MONOCLONAL ANTIBODY GSK2849330,FALSE,"",TTD,1.00391920305549,""
ERBB3,MEK INHIBITOR I,FALSE,inhibitor,GuideToPharmacology,0.33463973435183,""
ERBB3,MOMELOTINIB,TRUE,inhibitor,TALC,0.0772245540811916,""
ERBB3,SAPITINIB,FALSE,inhibitor,ChEMBL; MyCancerGenome,0.286834058015855,""
ERBB3,ERLOTINIB,TRUE,"",PharmGKB,0.0179271286259909,""
ERBB3,PERTUZUMAB,TRUE,"",CGI; DoCM; CIViC,0.501959601527746,23680147
ERBB3,TRASTUZUMAB,TRUE,"",DoCM; PharmGKB; CGI; CIViC,0.223093156234554,23680147; 30071039
ERBB3,AV-203,FALSE,inhibitor,TTD; ChEMBL,2.00783840611098,""
ERBB3,DOCETAXEL ANHYDROUS,TRUE,"",PharmGKB,0.0241908241700118,30071039
ERBB3,ANTI-ERBB3 MONOCLONAL ANTIBODY CDX-3379,FALSE,"",TTD,2.00783840611098,26064441
ERBB3,ANTI-ERBB3 MONOCLONAL ANTIBODY REGN1400,FALSE,"",TTD,1.00391920305549,""
ERBB3,PATRITUMAB DERUXTECAN,FALSE,binder,ChEMBL,0.501959601527746,""
ERBB3,"HER2 INHIBITOR CP-724,714",FALSE,"",CIViC,1.00391920305549,""
ERBB3,MARGETUXIMAB,TRUE,inhibitor,ClearityFoundationClinicalTrial,0.200783840611098,""
ERBB3,CARBOPLATIN,TRUE,"",PharmGKB,0.0233469582105928,30071039
ERBB3,AFATINIB,TRUE,"",CGI; CIViC,0.111546578117277,""
ERBB3,ANTI-EGFR/HER2/HER3 MONOCLONAL ANTIBODY MIXTURE SYM013,FALSE,"",TTD,0.33463973435183,""
ERBB3,CDX-3379,FALSE,inhibitor,TTD; ChEMBL,2.00783840611098,""
ERBB3,STAUROSPORINE,FALSE,inhibitor,GuideToPharmacology,0.0590540707679701,""
ERBB3,DIMETHYLCURCUMIN,FALSE,"",DTC,0.401567681222196,25753330
ERBB3,LUMRETUZUMAB,FALSE,inhibitor,ChEMBL,1.00391920305549,""
ERBB3,MM-111,FALSE,inhibitor; antibody,TdgClinicalTrial; ChEMBL; MyCancerGenome,1.50587880458324,""
ERBB3,METHYLCURCUMIN,FALSE,"",DTC,0.501959601527746,25753330
ERBB3,PATRITUMAB,FALSE,inhibitor; antibody,ChEMBL; TALC; TTD; MyCancerGenome,1.33855893740732,""
ERBB3,CIMAGLERMIN ALFA,FALSE,"",TdgClinicalTrial,0.33463973435183,""
ERBB3,DACOMITINIB ANHYDROUS,TRUE,inhibitor,MyCancerGenomeClinicalTrial,0.167319867175915,""
ERBB3,MM-121,FALSE,inhibitor; antibody,ClearityFoundationClinicalTrial; MyCancerGenome; ChEMBL; TTD,4.01567681222196,""
ERBB3,ANTI-ERBB3 MONOCLONAL ANTIBODY AV-203,FALSE,antibody,MyCancerGenome,0.33463973435183,""
ERBB3,COMPOUND 11 [PMID: 26431428],FALSE,inhibitor,GuideToPharmacology,0.200783840611098,""
CYP2C19,TETRACYCLINE,TRUE,"",DTC,0.0119843431035091,22931300
CYP2C19,ALPHA-NAPHTHOFLAVONE,FALSE,"",DTC,0.0154084411330831,""
CYP2C19,NATEGLINIDE,TRUE,"",DTC,0.0239686862070182,22931300
CYP2C19,NELFINAVIR,TRUE,"",PharmGKB,0.0539295439657908,25752914; 16267764
CYP2C19,SANGUINARIUM,FALSE,"",DTC,0.00431436351726327,""
CYP2C19,CYTARABINE,TRUE,"",DTC,0.00269647719828954,22931300
CYP2C19,ZARDAVERINE,FALSE,"",DTC,0.0359530293105272,""
CYP2C19,FLUNISOLIDE ANHYDROUS,TRUE,"",DTC,0.0196107432602876,22931300
CYP2C19,(R)-NFPS,FALSE,"",DTC,0.0269647719828954,""
CYP2C19,CARMUSTINE,TRUE,"",DTC,0.0196107432602876,22931300
CYP2C19,AM281,FALSE,"",DTC,0.0359530293105272,""
CYP2C19,BOSUTINIB,TRUE,inhibitor,GuideToPharmacology,0.00468952556224268,""
CYP2C19,LANSOPRAZOLE,TRUE,"",DTC; FDA; PharmGKB,0.0185963944709624,29018343; 22455762
CYP2C19,SULINDAC,TRUE,"",DTC,0.0102722940887221,22931300
CYP2C19,PF-03715455,FALSE,"",DTC,0.0359530293105272,21888439
CYP2C19,TRAMADOL,TRUE,"",PharmGKB,0.0044941286638159,""
CYP2C19,VORICONAZOLE,TRUE,"",FDA,0.00898825732763181,""
CYP2C19,IPRONIAZID,TRUE,"",DTC,0.0308168822661662,22931300
CYP2C19,OXYMORPHONE,TRUE,"",PharmGKB,0.00980537163014379,""
CYP2C19,(S)-AMPA,FALSE,"",DTC,0.0359530293105272,""
CYP2C19,FORMOTEROL FUMARATE,TRUE,"",FDA; PharmGKB,0.0431436351726327,""
CYP2C19,DIPHENYLENEIODONIUM,FALSE,"",DTC,0.0134823859914477,""
CYP2C19,UE2343,FALSE,inhibitor,GuideToPharmacology,0.0359530293105272,""
CYP2C19,SULFAPHENAZOLE,TRUE,"",DTC,0.0269647719828954,22931300
CYP2C19,ETIDRONIC ACID,TRUE,"",DTC,0.0154084411330831,22931300
CYP2C19,PHENYTOIN SODIUM,TRUE,"",DTC; FDA,0.00770422056654155,22931300
CYP2C19,CHEMBL:CHEMBL85194,FALSE,"",DTC,0.0179765146552636,""
CYP2C19,MERCAPTOPURINE,TRUE,"",DTC,0.00479373724140363,22931300
CYP2C19,IRL 2500,FALSE,"",DTC,0.0215718175863163,""
CYP2C19,N-OLEOYLDOPAMINE,FALSE,"",DTC,0.00599217155175454,""
CYP2C19,PHENTOLAMINE,TRUE,"",DTC,0.00719060586210545,""
CYP2C19,AZATHIOPRINE,TRUE,"",DTC,0.00567679410166219,22931300
CYP2C19,PP2,FALSE,"",DTC,0.00359530293105272,""
CYP2C19,BAICALEIN,FALSE,"",DTC,0.00431436351726327,""
CYP2C19,ICI-199441,FALSE,"",DTC,0.0154084411330831,""
CYP2C19,MAVACAMTEN,TRUE,"",PharmGKB,0.0119843431035091,""
CYP2C19,APIGENIN,TRUE,"",DTC,0.00414842645890699,""
CYP2C19,DISULFIRAM,TRUE,"",DTC,0.00501670176425961,22931300
CYP2C19,KETANSERIN,FALSE,"",DTC,0.00468952556224268,""
CYP2C19,LEUPROLIDE ACETATE,TRUE,"",DTC,0.0215718175863163,22931300
CYP2C19,NIGULDIPINE,FALSE,"",DTC,0.0134823859914477,""
CYP2C19,CHEMBL:CHEMBL1513392,FALSE,"",DTC,0.0359530293105272,""
CYP2C19,FIPEXIDE,TRUE,"",DTC,0.0269647719828954,""
CYP2C19,ETRAVIRINE,TRUE,"",PharmGKB,0.0431436351726327,23111422
CYP2C19,QUERCETIN,TRUE,"",DTC,0.00136530491052635,""
CYP2C19,NORMEPERIDINE,FALSE,"",PharmGKB,0.215718175863163,30902024
CYP2C19,TERAZOSIN,TRUE,"",DTC,0.016593705835628,22931300
CYP2C19,CHEMBL:CHEMBL1339015,FALSE,"",DTC,0.0539295439657908,""
CYP2C19,CHEMBL:CHEMBL601110,FALSE,"",DTC,0.0154084411330831,""
CYP2C19,CHLORMETHIAZOLE,TRUE,"",DTC,0.00539295439657908,""
CYP2C19,(R)-FLECAINIDE,FALSE,"",DTC,0.0269647719828954,""
CYP2C19,PSORALEN,FALSE,"",DTC,0.0154084411330831,""
CYP2C19,NIMESULIDE,FALSE,"",DTC,0.0154084411330831,22931300
CYP2C19,MANGOSTIN,FALSE,"",DTC,0.0107859087931582,""
CYP2C19,ENOXOLONE,FALSE,"",DTC,0.0215718175863163,22931300
CYP2C19,CYC-116,FALSE,"",DTC,0.0022238987202388,20462263
CYP2C19,BUSULFAN,TRUE,"",DTC,0.0113535882033244,22931300
CYP2C19,BRIVARACETAM,TRUE,"",FDA; PharmGKB,0.107859087931582,24717838
CYP2C19,SB 204741,FALSE,"",DTC,0.00898825732763181,""
CYP2C19,GALANGIN,FALSE,"",DTC,0.0134823859914477,""
CYP2C19,SILVER SULFADIAZINE,TRUE,"",DTC,0.0134823859914477,""
CYP2C19,TESMILIFENE,FALSE,"",DTC,0.0134823859914477,""
CYP2C19,GR 89696,FALSE,"",DTC,0.0179765146552636,""
CYP2C19,CITALOPRAM,TRUE,"",FDA; DTC,0.00616337645323324,""
CYP2C19,CHEMBL:CHEMBL591613,FALSE,"",DTC,0.0215718175863163,""
CYP2C19,VITAMIN K3,TRUE,"",DTC,0.00371927889419247,""
CYP2C19,NB-ACETYLTRYPTAMINE,FALSE,"",DTC,0.0539295439657908,""
CYP2C19,OXOTREMORINE,FALSE,"",DTC,0.0154084411330831,""
CYP2C19,PYRROLIDINE DITHIOCARBAMATE,FALSE,"",DTC,0.00829685291781398,""
CYP2C19,IPSAPIRONE,FALSE,"",DTC,0.0539295439657908,""
CYP2C19,CHEMBL:CHEMBL1370698,FALSE,"",DTC,0.0539295439657908,""
CYP2C19,ESOMEPRAZOLE SODIUM,TRUE,"",FDA,0.0179765146552636,""
CYP2C19,CIMETIDINE,TRUE,"",PharmGKB; DTC,0.0154084411330831,""
CYP2C19,MONASTROL,FALSE,"",DTC,0.0359530293105272,""
CYP2C19,PIRIBEDIL,FALSE,"",DTC,0.00898825732763181,""
CYP2C19,MOCLOBEMIDE,TRUE,"",PharmGKB,0.0215718175863163,""
CYP2C19,TICLOPIDINE,TRUE,"",DTC,0.00829685291781398,""
CYP2C19,CHEMBL:CHEMBL1079460,FALSE,"",DTC,0.00829685291781398,""
CYP2C19,5-METHOXYPSORALEN,FALSE,"",DTC,0.0179765146552636,""
CYP2C19,CYPROTERONE,TRUE,"",DTC,0.0308168822661662,22931300
CYP2C19,SB 222200,FALSE,"",DTC,0.0154084411330831,""
CYP2C19,VANOXERINE,FALSE,"",DTC,0.00539295439657908,""
CYP2C19,PSEUDOEPHEDRINE,TRUE,"",DTC,0.00634465223126951,""
CYP2C19,ELLIPTECINE,FALSE,"",DTC,0.00337059649786193,""
CYP2C19,INDIRUBIN-3'-MONOXIME,FALSE,"",DTC,0.00567679410166219,""
CYP2C19,TOLBUTAMIDE,TRUE,"",PharmGKB,0.0539295439657908,21325430; 10411572; 10022751
CYP2C19,AZITHROMYCIN ANHYDROUS,TRUE,"",DTC,0.0154084411330831,22931300
CYP2C19,NAPROXEN SODIUM,TRUE,"",DTC,0.012689304462539,22931300
CYP2C19,MEPIVACAINE HYDROCHLORIDE,TRUE,"",DTC,0.0134823859914477,22931300
CYP2C19,CHLORPROMAZINE HYDROCHLORIDE,TRUE,"",DTC,0.00634465223126951,""
CYP2C19,CLORGILINE,FALSE,"",DTC,0.0215718175863163,""
CYP2C19,6BETA-HYDROXYTESTOSTERONE,FALSE,"",PharmGKB,0.215718175863163,37815926
CYP2C19,METYROSINE,TRUE,"",DTC,0.016593705835628,22931300
CYP2C19,CHLOROQUINE,TRUE,"",DTC,0.0134823859914477,22931300
CYP2C19,DIPYRONE,TRUE,"",PharmGKB,0.0431436351726327,25241292
CYP2C19,PHENPROCOUMON,TRUE,"",PharmGKB,0.0359530293105272,21636598
CYP2C19,HYDRASTINE,FALSE,"",DTC,0.107859087931582,""
CYP2C19,SPERMINE,FALSE,"",DTC,0.0119843431035091,""
CYP2C19,COMPOUND 30 [PMID: 22239545],FALSE,inhibitor,GuideToPharmacology,0.107859087931582,""
CYP2C19,OMEPRAZOLE,TRUE,"",FDA; DTC,0.00583022096927469,""
CYP2C19,MEFENAMIC ACID,TRUE,"",DTC,0.0154084411330831,22931300
CYP2C19,DIOXYBENZONE,FALSE,"",DTC,0.0269647719828954,""
CYP2C19,TAMOXIFEN CITRATE,TRUE,"",DTC,0.00567679410166219,""
CYP2C19,CHEMBL:CHEMBL471005,FALSE,"",DTC,0.0269647719828954,""
CYP2C19,RABEPRAZOLE,TRUE,"",FDA,0.00414842645890699,""
CYP2C19,1-PHENYLBIGUANIDE,FALSE,"",DTC,0.0539295439657908,""
CYP2C19,EFAVIRENZ,TRUE,"",PharmGKB,0.0107859087931582,23629159
CYP2C19,TROGLITAZONE,TRUE,"",DTC,0.00829685291781398,22931300
CYP2C19,CHEMBL:CHEMBL547407,FALSE,"",DTC,0.0539295439657908,""
CYP2C19,GUANFACINE HYDROCHLORIDE,TRUE,"",DTC,0.00980537163014379,""
CYP2C19,PYRAZINAMIDE,TRUE,"",DTC,0.016593705835628,22931300
CYP2C19,GENISTEIN,TRUE,"",DTC,0.00185963944709623,""
CYP2C19,CP-339818,FALSE,"",DTC,0.0269647719828954,""
CYP2C19,ALLOPURINOL,TRUE,"",DTC,0.00719060586210545,22931300
CYP2C19,IMIPRAMINE HYDROCHLORIDE,TRUE,"",DTC,0.0107859087931582,22931300
CYP2C19,CDK1/5 INHIBITOR,FALSE,"",DTC,0.0179765146552636,""
CYP2C19,PROPYLPYRAZOLETRIOL,FALSE,"",DTC,0.00898825732763181,""
CYP2C19,ACETAMINOPHEN,TRUE,"",DTC; PharmGKB,0.00622263968836048,22931300
CYP2C19,CHEMBL:CHEMBL2094549,FALSE,"",DTC,0.0269647719828954,""
CYP2C19,6-O-BENZYLGUANINE,FALSE,"",DTC,0.0269647719828954,""
CYP2C19,NILUTAMIDE,TRUE,"",DTC,0.0215718175863163,22931300
CYP2C19,ETHINYL ESTRADIOL,TRUE,"",FDA; DTC,0.0161788631897373,22931300
CYP2C19,CLOPIDOGREL,TRUE,"",FDA; DTC,0.00616337645323324,""
CYP2C19,TOPIRAMATE,TRUE,"",PharmGKB,0.00245134290753595,""
CYP2C19,(R)-FELODIPINE,FALSE,"",DTC,0.0359530293105272,""
CYP2C19,METHOTREXATE,TRUE,"",DTC,0.00196107432602876,22931300
CYP2C19,ARBACLOFEN,FALSE,"",DTC,0.0269647719828954,""
CYP2C19,AMITRIPTYLINOXIDE,FALSE,"",DTC,0.0539295439657908,""
CYP2C19,SB 224289,FALSE,"",DTC,0.00898825732763181,""
CYP2C19,CHEMBL:CHEMBL1342336,FALSE,"",DTC,0.0134823859914477,""
CYP2C19,CHEMBL:CHEMBL587259,FALSE,"",DTC,0.0215718175863163,""
CYP2C19,MONTELUKAST SODIUM,TRUE,"",DTC,0.00980537163014379,22931300
CYP2C19,BIOCHANIN A,FALSE,"",DTC,0.00898825732763181,""
CYP2C19,ESTRADIOL VALERATE,TRUE,"",DTC,0.0045897484226205,22931300
CYP2C19,SB 216763,FALSE,"",DTC,0.00719060586210545,""
CYP2C19,ASARININ,FALSE,"",DTC,0.0359530293105272,""
CYP2C19,AMIODARONE HYDROCHLORIDE,TRUE,"",DTC,0.00829685291781398,22931300
CYP2C19,ZOXAZOLAMINE,FALSE,"",DTC,0.0431436351726327,22931300
CYP2C19,TARENFLURBIL,FALSE,"",DTC,0.00898825732763181,""
CYP2C19,CHEMBL:CHEMBL188641,FALSE,"",DTC,0.0539295439657908,""
CYP2C19,ETOPOSIDE,TRUE,"",DTC,0.00371927889419247,22931300
CYP2C19,SIMVASTATIN,TRUE,"",DTC,0.00431436351726327,22931300
CYP2C19,SULFAMETHOXAZOLE,TRUE,"",DTC,0.0154084411330831,22931300
CYP2C19,CGS-12066,FALSE,"",DTC,0.0134823859914477,""
CYP2C19,MIDODRINE,TRUE,"",DTC,0.0269647719828954,22931300
CYP2C19,MEPHOBARBITAL,TRUE,"",PharmGKB,0.0179765146552636,15499191
CYP2C19,EMODIN,FALSE,"",DTC,0.00414842645890699,""
CYP2C19,CHEMBL:CHEMBL336095,FALSE,"",DTC,0.0134823859914477,""
CYP2C19,(-)-U-50488,FALSE,"",DTC,0.0215718175863163,""
CYP2C19,DIFLUFENICAN,FALSE,"",DTC,0.0359530293105272,""
CYP2C19,LANSOPRAZOLE SULFIDE,FALSE,"",DTC,0.0215718175863163,""
CYP2C19,COUMARIN,TRUE,"",DTC,0.0179765146552636,22931300
CYP2C19,GLABRANIN,FALSE,"",DTC,0.0359530293105272,""
CYP2C19,PROPYLTHIOURACIL,TRUE,"",DTC,0.0107859087931582,22931300
CYP2C19,DOXORUBICIN HYDROCHLORIDE,TRUE,"",DTC; PharmGKB,0.00437266572695601,22931300; 29938344; 29507678; 20179710
CYP2C19,CEFOPERAZONE,FALSE,"",DTC,0.0269647719828954,22931300
CYP2C19,MESTRANOL,TRUE,"",DTC,0.0239686862070182,22931300
CYP2C19,SB-431542,FALSE,"",DTC,0.0119843431035091,""
CYP2C19,DESOXYCORTICOSTERONE,FALSE,"",PharmGKB,0.0539295439657908,37815926
CYP2C19,LINOPIRDINE,FALSE,"",DTC,0.0154084411330831,""
CYP2C19,CHEMBL:CHEMBL258465,FALSE,"",DTC,0.0215718175863163,""
CYP2C19,AMSACRINE,TRUE,"",DTC,0.0143812117242109,22931300
CYP2C19,CLOTRIMAZOLE,TRUE,"",DTC,0.00583022096927469,22931300
CYP2C19,ARASERTACONAZOLE,FALSE,"",DTC,0.0215718175863163,""
CYP2C19,MODAFINIL,TRUE,"",DTC,0.0239686862070182,22931300
CYP2C19,BRADANICLINE,FALSE,"",DTC,0.0431436351726327,23126648
CYP2C19,N-[2-(2-IODO-5-METHOXY-1H-INDOL-3-YL)ETHYL]ACETAMIDE,FALSE,"",DTC,0.0179765146552636,""
CYP2C19,FLUCONAZOLE,TRUE,"",DTC,0.0215718175863163,22931300
CYP2C19,CHEMBL:CHEMBL584860,FALSE,"",DTC,0.0359530293105272,""
CYP2C19,"(R,S)-INDATRALINE",FALSE,"",DTC,0.00980537163014379,""
CYP2C19,NEVIRAPINE,TRUE,"",PharmGKB; DTC,0.0196107432602876,21860339; 22931300
CYP2C19,BERGAMOTTIN,FALSE,"",DTC,0.0179765146552636,""
CYP2C19,ISOBOLDINE,FALSE,"",DTC,0.0179765146552636,""
CYP2C19,CHEMBL:CHEMBL1317986,FALSE,"",DTC,0.0269647719828954,""
CYP2C19,NICORANDIL,FALSE,"",DTC,0.0215718175863163,""
CYP2C19,CHEMBL:CHEMBL1288013,FALSE,"",DTC,0.0269647719828954,""
CYP2C19,PROCHLORPERAZINE,TRUE,"",DTC,0.00770422056654155,22931300
CYP2C19,LAMOTRIGINE,TRUE,"",DTC,0.00980537163014379,22931300
CYP2C19,VALPROIC ACID,TRUE,"",DTC,0.00378452940110813,22931300
CYP2C19,HYDRALAZINE,TRUE,"",DTC,0.0107859087931582,22931300
CYP2C19,BELZUTIFAN,TRUE,"",PharmGKB,0.0215718175863163,""
CYP2C19,ECADOTRIL,FALSE,"",DTC,0.0269647719828954,""
CYP2C19,CYCLOSPORINE,TRUE,"",DTC,0.00247951926279498,22931300
CYP2C19,CHEMBL:CHEMBL585045,FALSE,"",DTC,0.0269647719828954,""
CYP2C19,CLOBENPROPIT,FALSE,"",DTC,0.0119843431035091,""
CYP2C19,CROMOGLYCATE,TRUE,"",DTC,0.0269647719828954,22931300
CYP2C19,BRILLIANT GREEN OXALATE,FALSE,"",DTC,0.0215718175863163,""
CYP2C19,CHEMBL:CHEMBL238624,FALSE,"",DTC,0.0179765146552636,""
CYP2C19,"L-733,060",FALSE,"",DTC,0.0134823859914477,""
CYP2C19,PIROXICAM-BETA-CYCLODEXTRIN,TRUE,"",DTC,0.016593705835628,22931300
CYP2C19,FLUNITRAZEPAM,TRUE,"",PharmGKB,0.0049026858150719,""
CYP2C19,CHEMBL:CHEMBL45349,FALSE,"",DTC,0.107859087931582,17266205
CYP2C19,(R)-PINOCEMBRIN,FALSE,"",DTC,0.0269647719828954,""
CYP2C19,(S)-FLUOXETINE,FALSE,"",DTC,0.0119843431035091,""
CYP2C19,E324,FALSE,"",DTC,0.00829685291781398,""
CYP2C19,CHEMBL:CHEMBL242172,FALSE,"",DTC,0.0269647719828954,""
CYP2C19,PHLORETIN,TRUE,"",DTC,0.00674119299572386,""
CYP2C19,PYRILAMINE,TRUE,"",DTC,0.0269647719828954,22931300
CYP2C19,PD123319,FALSE,"",DTC,0.0269647719828954,""
CYP2C19,(S)-FELODIPINE,FALSE,"",DTC,0.0269647719828954,""
CYP2C19,SB202190,FALSE,"",DTC,0.00299608577587727,""
CYP2C19,LACOSAMIDE,TRUE,"",PharmGKB; FDA,0.016593705835628,""
CYP2C19,ERYTHROMYCIN,TRUE,"",DTC,0.00937905112448536,22931300
CYP2C19,GLAFENINE,TRUE,"",DTC,0.0308168822661662,22931300
CYP2C19,SB-408124,FALSE,"",DTC,0.0134823859914477,""
CYP2C19,CHLORAMPHENICOL,TRUE,"",PharmGKB,0.0134823859914477,""
CYP2C19,METHYLHOMATROPINE,TRUE,"",DTC,0.0239686862070182,22931300
CYP2C19,DIPHENHYDRAMINE,TRUE,"",DTC,0.0269647719828954,22931300
CYP2C19,NORCLOBAZAM,FALSE,"",PharmGKB,0.107859087931582,25323806
CYP2C19,LABETALOL,TRUE,"",PharmGKB; DTC,0.0239686862070182,23090703; 22931300
CYP2C19,CARBIMAZOLE,TRUE,"",DTC,0.0359530293105272,22931300
CYP2C19,"3,4-METHYLENEDIOXYMETHAMPHETAMINE",FALSE,"",PharmGKB,0.0196107432602876,28117133
CYP2C19,CILOSTAZOL,TRUE,"",DTC,0.0154084411330831,22931300
CYP2C19,CHEMBL:CHEMBL601616,FALSE,"",DTC,0.0359530293105272,""
CYP2C19,CAFFEINE,TRUE,"",DTC,0.00583022096927469,22931300
CYP2C19,CHEMBL:CHEMBL41680,FALSE,"",DTC,0.0359530293105272,""
CYP2C19,CHEMBL:CHEMBL335741,FALSE,"",DTC,0.0539295439657908,""
CYP2C19,INAMRINONE,TRUE,"",DTC,0.00567679410166219,""
CYP2C19,CHEMBL:CHEMBL239439,FALSE,"",DTC,0.0154084411330831,""
CYP2C19,SB203580,FALSE,"",DTC,0.00371927889419247,""
CYP2C19,CHEMBL:CHEMBL515505,FALSE,"",DTC,0.00468952556224268,""
CYP2C19,CAPSAZEPINE,FALSE,"",DTC,0.0049026858150719,""
CYP2C19,INDINAVIR,FALSE,"",DTC,0.0215718175863163,22931300
CYP2C19,CHEMBL:CHEMBL1548739,FALSE,"",DTC,0.0539295439657908,""
CYP2C19,NARINGENIN,FALSE,"",DTC,0.0154084411330831,""
CYP2C19,PREDNISONE,TRUE,"",PharmGKB,0.00239686862070182,""
CYP2C19,CHEMBL:CHEMBL533542,FALSE,"",DTC,0.0359530293105272,""
CYP2C19,EBSELEN,FALSE,"",DTC,0.00308168822661662,""
CYP2C19,POMIFERIN,FALSE,"",DTC,0.0119843431035091,""
CYP2C19,4-CHLOROMERCURIBENZOIC ACID,FALSE,"",DTC,0.00385211028327077,""
CYP2C19,CHEMBL:CHEMBL29197,FALSE,"",DTC,0.0134823859914477,""
CYP2C19,CHEMBL:CHEMBL1310701,FALSE,"",DTC,0.0179765146552636,""
CYP2C19,ICILIN,FALSE,"",DTC,0.0359530293105272,""
CYP2C19,STAVUDINE,TRUE,"",DTC,0.016593705835628,22931300
CYP2C19,THALIDOMIDE,TRUE,"",PharmGKB,0.00583022096927469,31124417
CYP2C19,CHEMBL:CHEMBL471225,FALSE,"",DTC,0.0215718175863163,""
CYP2C19,BUDESONIDE,TRUE,"",DTC,0.016593705835628,22931300
CYP2C19,FLUVOXAMINE,TRUE,"",DTC,0.016593705835628,22931300
CYP2C19,"NITROFURANTOIN, MACROCRYSTALS",TRUE,"",DTC,0.016593705835628,22931300
CYP2C19,CHEMBL:CHEMBL469309,FALSE,"",DTC,0.0215718175863163,""
CYP2C19,CHEMBL:CHEMBL1420370,FALSE,"",DTC,0.0154084411330831,""
CYP2C19,DIHYDROXIDINE,FALSE,"",DTC,0.0134823859914477,""
CYP2C19,CHEMBL:CHEMBL242171,FALSE,"",DTC,0.0107859087931582,""
CYP2C19,CLARITHROMYCIN,TRUE,"",DTC,0.012689304462539,22931300
CYP2C19,PROPRANOLOL HYDROCHLORIDE,TRUE,"",DTC,0.00898825732763181,22931300
CYP2C19,ESOXYBUTYNIN,FALSE,"",DTC,0.0269647719828954,""
CYP2C19,TYRPHOSTIN 47,FALSE,"",DTC,0.00674119299572386,""
CYP2C19,MINOCYCLINE,TRUE,"",DTC,0.0269647719828954,22931300
CYP2C19,ISOLIQUIRITIGENIN,FALSE,"",DTC,0.00898825732763181,""
CYP2C19,HESPERETIN,TRUE,"",DTC,0.0119843431035091,""
CYP2C19,NIFEDIPINE,TRUE,"",DTC,0.00385211028327077,22931300
CYP2C19,CHEMBL:CHEMBL287689,FALSE,"",DTC,0.0359530293105272,""
CYP2C19,CLOZAPINE,TRUE,"",DTC,0.0022238987202388,22931300
CYP2C19,(S)-NIMODIPINE,FALSE,"",DTC,0.0269647719828954,""
CYP2C19,UBP302,FALSE,"",DTC,0.0539295439657908,""
CYP2C19,DOXEPIN HYDROCHLORIDE,TRUE,"",PharmGKB; FDA,0.00980537163014379,23486447; 12360109
CYP2C19,RALOXIFENE HYDROCHLORIDE,TRUE,"",DTC,0.00431436351726327,22931300
CYP2C19,ZAFIRLUKAST,TRUE,"",DTC,0.0119843431035091,22931300
CYP2C19,CARISOPRODOL,TRUE,"",FDA,0.0539295439657908,""
CYP2C19,CHEMBL:CHEMBL601135,FALSE,"",DTC,0.0269647719828954,""
CYP2C19,TEMAZEPAM,TRUE,"",PharmGKB,0.0049026858150719,""
CYP2C19,DICLOFENAC SODIUM,TRUE,"",DTC,0.00634465223126951,22931300
CYP2C19,DIAZEPAM,TRUE,"",FDA,0.00371927889419247,""
CYP2C19,CHEMBL:CHEMBL512832,FALSE,"",DTC,0.0539295439657908,""
CYP2C19,CARBAMAZEPINE,TRUE,"",DTC,0.00440241175230946,22931300
CYP2C19,GR 127935,FALSE,"",DTC,0.00371927889419247,""
CYP2C19,FLIBANSERIN,TRUE,"",FDA; PharmGKB,0.0308168822661662,""
CYP2C19,FENTICLOR,FALSE,"",DTC,0.00567679410166219,""
CYP2C19,LAPACHONE,FALSE,"",DTC,0.00414842645890699,""
CYP2C19,PRAZIQUANTEL,TRUE,"",PharmGKB,0.107859087931582,34531744
CYP2C19,DIDANOSINE,TRUE,"",DTC,0.0154084411330831,22931300
CYP2C19,IGURATIMOD,FALSE,"",PharmGKB,0.0308168822661662,29517409
CYP2C19,ANTIDEPRESSANT AGENT,FALSE,"",PharmGKB,0.00829685291781398,27023676; 15199661; 15168101
CYP2C19,NS1619,FALSE,"",DTC,0.0215718175863163,""
CYP2C19,CHEMBL:CHEMBL606167,FALSE,"",DTC,0.0134823859914477,""
CYP2C19,CHEMBL:CHEMBL294747,FALSE,"",DTC,0.0539295439657908,""
CYP2C19,COLCHICINE,TRUE,"",DTC,0.00414842645890699,22931300
CYP2C19,NORETHINDRONE,TRUE,"",PharmGKB,0.0107859087931582,""
CYP2C19,GYKI53784,FALSE,"",DTC,0.0134823859914477,""
CYP2C19,RESOKAEMPFEROL,FALSE,"",DTC,0.0359530293105272,""
CYP2C19,NS-398,FALSE,"",DTC,0.0179765146552636,""
CYP2C19,MRS1220,FALSE,"",DTC,0.0119843431035091,""
CYP2C19,PERHEXILINE,FALSE,"",DTC,0.0308168822661662,22931300
CYP2C19,PHENOBARBITAL,TRUE,"",DTC,0.00567679410166219,22931300
CYP2C19,SC-560,FALSE,"",DTC,0.0269647719828954,""
CYP2C19,ICOTINIB,FALSE,"",PharmGKB,0.161788631897373,25995169; 22585284
CYP2C19,CHEMBL:CHEMBL512908,FALSE,"",DTC,0.0179765146552636,""
CYP2C19,MYRICETIN,FALSE,"",DTC,0.00269647719828954,""
CYP2C19,S-ETOMIDATE,FALSE,"",DTC,0.0359530293105272,""
CYP2C19,"COMPOUND 51 [CROSIGNANI ET AL., 2011]",FALSE,inhibitor,GuideToPharmacology,0.0269647719828954,""
CYP2C19,N-DESMETHYLCLOZAPINE,FALSE,"",PharmGKB,0.0215718175863163,28664816
CYP2C19,TECHTOCHRYSIN,FALSE,"",DTC,0.0539295439657908,""
CYP2C19,CHEMBL:CHEMBL530733,FALSE,"",DTC,0.0154084411330831,""
CYP2C19,SALAGEN,FALSE,"",DTC,0.0269647719828954,""
CYP2C19,RANITIDINE HYDROCHLORIDE,TRUE,"",DTC,0.0134823859914477,22931300
CYP2C19,MONO-N-ACETYL DAPSONE,FALSE,"",DTC,0.107859087931582,""
CYP2C19,QUINIDINE,TRUE,"",DTC,0.0107859087931582,19117415
CYP2C19,DROSPIRENONE,TRUE,"",FDA,0.0269647719828954,""
CYP2C19,RACLOPRIDE,FALSE,"",DTC,0.0215718175863163,""
CYP2C19,TRIAMCINOLONE,TRUE,"",DTC,0.00937905112448536,22931300
CYP2C19,MINOXIDIL,TRUE,"",DTC,0.0179765146552636,22931300
CYP2C19,CHELERYTHRINE,FALSE,"",DTC,0.00898825732763181,""
CYP2C19,CHEMBL:CHEMBL592561,FALSE,"",DTC,0.0359530293105272,""
CYP2C19,FLUTAMIDE,TRUE,"",DTC,0.0107859087931582,22931300
CYP2C19,CAMPTOTHECIN,TRUE,"",DTC,0.00308168822661662,""
CYP2C19,RS-17053,FALSE,"",DTC,0.0119843431035091,""
CYP2C19,SPIPERONE,FALSE,"",DTC,0.00567679410166219,""
CYP2C19,MICONAZOLE NITRATE,TRUE,"",DTC,0.00674119299572386,""
CYP2C19,HYDROXYPROGESTERONE,FALSE,"",PharmGKB,0.0719060586210545,37815926
CYP2C19,MESALAMINE,TRUE,"",DTC,0.0049026858150719,""
CYP2C19,MONOAMINE OXIDASE INHIBITOR,FALSE,"",PharmGKB,0.00371927889419247,""
CYP2C19,PRASUGREL,TRUE,"",FDA,0.0179765146552636,""
CYP2C19,CHEMBL:CHEMBL1270168,FALSE,"",DTC,0.0539295439657908,""
CYP2C19,PANTOPRAZOLE SODIUM,TRUE,"",FDA,0.0107859087931582,""
CYP2C19,GENTAMICIN,TRUE,"",DTC,0.00937905112448536,22931300
CYP2C19,ALPROSTADIL,TRUE,"",DTC,0.00937905112448536,22931300
CYP2C19,CHEMBL:CHEMBL1343568,FALSE,"",DTC,0.0154084411330831,""
CYP2C19,CAPENSIN,FALSE,"",DTC,0.0359530293105272,""
CYP2C19,TICAGRELOR,TRUE,"",FDA,0.0119843431035091,""
CYP2C19,LEUCINE,TRUE,"",DTC,0.0359530293105272,22931300
CYP2C19,DEXMEDETOMIDINE HYDROCHLORIDE,TRUE,"",DTC,0.00980537163014379,""
CYP2C19,AURINTRICARBOXYLIC ACID,FALSE,"",DTC,0.0034793254171478,""
CYP2C19,FLUOROURACIL,TRUE,"",PharmGKB,0.00185963944709623,29507678
CYP2C19,URAPIDIL,FALSE,"",DTC,0.0179765146552636,""
CYP2C19,GABAPENTIN,TRUE,"",PharmGKB,0.00269647719828954,""
CYP2C19,PAPAVERINE,TRUE,"",DTC,0.00599217155175454,""
CYP2C19,RS67506,FALSE,"",DTC,0.0269647719828954,""
CYP2C19,NOSCAPINE,FALSE,"",DTC,0.0269647719828954,""
CYP2C19,TRIMIPRAMINE,TRUE,"",PharmGKB,0.0392214865205752,23486447; 14520122; 12222994; 10774635; 8563772; 8195181; 7969038; 20492469; 20083681; 17625515; 16413245
CYP2C19,ANIRACETAM,FALSE,"",DTC,0.0119843431035091,""
CYP2C19,6-CL-MLT,FALSE,"",DTC,0.0154084411330831,""
CYP2C19,DANTROLENE,TRUE,"",DTC,0.0239686862070182,22931300
CYP2C19,OFLOXACIN,TRUE,"",DTC,0.0179765146552636,22931300
CYP2C19,FENTANYL CITRATE,TRUE,"",PharmGKB,0.00359530293105272,""
CYP2C19,CHEMBL:CHEMBL546597,FALSE,"",DTC,0.0134823859914477,""
CYP2C19,SR2640,FALSE,"",DTC,0.00980537163014379,""
CYP2C19,LUZINDOLE,FALSE,"",DTC,0.0154084411330831,""
CYP2C19,PROGUANIL,TRUE,"",PharmGKB,0.0719060586210545,10471063
CYP2C19,ZUCAPSAICIN,FALSE,"",DTC,0.0154084411330831,""
CYP2C19,ANABASINE,FALSE,"",DTC,0.107859087931582,""
CYP2C19,A68930,FALSE,"",DTC,0.0179765146552636,""
CYP2C19,FOSPHENYTOIN,TRUE,"",PharmGKB,0.00829685291781398,""
CYP2C19,[3H]GABAZINE,FALSE,"",DTC,0.0119843431035091,""
CYP2C19,CLEMASTINE,TRUE,"",DTC,0.0107859087931582,""
CYP2C19,FENOFIBRATE MICRONIZED,TRUE,"",DTC,0.00414842645890699,""
CYP2C19,CLEMIZOLE,FALSE,"",DTC,0.0215718175863163,""
CYP2C19,DILTIAZEM HYDROCHLORIDE,TRUE,"",DTC,0.0134823859914477,22931300
CYP2C19,SPLITOMICIN,FALSE,"",DTC,0.0215718175863163,""
CYP2C19,CHEMBL:CHEMBL584854,FALSE,"",DTC,0.0539295439657908,""
CYP2C19,SKIMMIANINE,FALSE,"",DTC,0.0215718175863163,""
CYP2C19,SULFADOXINE,TRUE,"",DTC,0.0359530293105272,22931300
CYP2C19,CHEMBL:CHEMBL1320453,FALSE,"",DTC,0.0154084411330831,""
CYP2C19,MIRTAZAPINE,TRUE,"",DTC,0.00539295439657908,""
CYP2C19,CHEMBL:CHEMBL587849,FALSE,"",DTC,0.0107859087931582,""
CYP2C19,DAIDZEIN,FALSE,"",DTC,0.00567679410166219,""
CYP2C19,CHEMBL:CHEMBL244707,FALSE,"",DTC,0.00980537163014379,""
CYP2C19,CHEMBL:CHEMBL1288014,FALSE,"",DTC,0.0539295439657908,""
CYP2C19,AMOXICILLIN ANHYDROUS,TRUE,"",DTC; PharmGKB,0.0227071764066488,22931300; 9867757
CYP2C19,LOVASTATIN,TRUE,"",DTC,0.00553123527854265,22931300
CYP2C19,CHEMBL:CHEMBL1358137,FALSE,"",DTC,0.0359530293105272,""
CYP2C19,SULPIRIDE,TRUE,"",DTC,0.0154084411330831,22931300
CYP2C19,GLYCINE,TRUE,"",DTC,0.0179765146552636,22931300
CYP2C19,2-CHLORO-5-NITRO-N-PHENYLBENZAMIDE,FALSE,"",DTC,0.0134823859914477,""
CYP2C19,MASOPROCOL,TRUE,"",DTC,0.00229487421131025,""
CYP2C19,METHYLDOPA ANHYDROUS,TRUE,"",DTC,0.00695865083429559,22931300
CYP2C19,CHEMBL:CHEMBL123904,FALSE,"",DTC,0.0215718175863163,""
CYP2C19,PIMOZIDE,TRUE,"",DTC,0.00317232611563476,""
CYP2C19,CLOBAZAM,TRUE,"",FDA,0.0049026858150719,""
CYP2C19,ANDROSTENEDIONE,FALSE,"",PharmGKB,0.0215718175863163,37815926
CYP2C19,PROGESTERONE,TRUE,"",DTC,0.00365624026886717,22931300
CYP2C19,ZILEUTON,TRUE,"",DTC,0.0239686862070182,22931300
CYP2C19,CHEMBL:CHEMBL1257081,FALSE,"",DTC,0.107859087931582,""
CYP2C19,CHEMBL:CHEMBL1256364,FALSE,"",DTC,0.0119843431035091,""
CYP2C19,CIPROFLOXACIN,TRUE,"",DTC,0.0196107432602876,22931300
CYP2C19,BUTYLPARABEN,TRUE,"",DTC,0.0359530293105272,""
CYP2C19,ZD-7155,FALSE,"",DTC,0.107859087931582,""
CYP2C19,PD-98059,FALSE,"",DTC,0.00291511048463734,""
CYP2C19,TORSEMIDE,TRUE,"",DTC,0.0179765146552636,22931300
CYP2C19,DOCEBENONE,FALSE,"",DTC,0.00674119299572386,""
CYP2C19,DIHYDROCAPSAICIN,FALSE,"",DTC,0.0269647719828954,""
CYP2C19,GS39783,FALSE,"",DTC,0.0359530293105272,""
CYP2C19,ELLAGIC ACID,FALSE,"",DTC,0.00385211028327077,""
CYP2C19,"L-694,247",FALSE,"",DTC,0.0154084411330831,""
CYP2C19,(S)-NITRENDIPINE,FALSE,"",DTC,0.0359530293105272,""
CYP2C19,CHEMBL:CHEMBL145725,FALSE,"",DTC,0.0269647719828954,""
CYP2C19,CHEMBL:CHEMBL1269022,FALSE,"",DTC,0.0215718175863163,""
CYP2C19,HYDROCODONE,TRUE,"",PharmGKB,0.00674119299572386,""
CYP2C19,MITOMYCIN,TRUE,"",DTC,0.00898825732763181,22931300
CYP2C19,CHEMBL:CHEMBL476501,FALSE,"",DTC,0.0269647719828954,""
CYP2C19,CLONIDINE HYDROCHLORIDE,TRUE,"",DTC,0.00829685291781398,""
CYP2C19,LORATADINE,TRUE,"",DTC,0.00567679410166219,""
CYP2C19,ZIDOVUDINE,TRUE,"",DTC,0.00798956206900605,22931300
CYP2C19,CHEMBL:CHEMBL429095,FALSE,"",DTC,0.00215718175863163,""
CYP2C19,CHEMBL:CHEMBL272005,FALSE,"",DTC,0.0359530293105272,""
CYP2C19,INDOMETHACIN,TRUE,"",DTC; PharmGKB,0.00808943159486863,22931300
CYP2C19,CHLOROPYRAMINE,FALSE,"",DTC,0.0539295439657908,""
CYP2C19,AZTREONAM,TRUE,"",DTC,0.0359530293105272,22931300
CYP2C19,CHEMBL:CHEMBL552439,FALSE,"",DTC,0.0359530293105272,""
CYP2C19,CHEMBL:CHEMBL362863,FALSE,"",DTC,0.0215718175863163,""
CYP2C19,OXAZEPAM,TRUE,"",PharmGKB,0.00414842645890699,""
CYP2C19,DOFETILIDE,TRUE,"",DTC,0.016593705835628,22931300
CYP2C19,"1R,9S-HYDRASTINE",FALSE,"",DTC,0.0269647719828954,""
CYP2C19,DUP-697,FALSE,"",DTC,0.0359530293105272,""
CYP2C19,NIACIN,TRUE,"",DTC,0.0154084411330831,22931300
CYP2C19,DIGOXIN,TRUE,"",DTC,0.00634465223126951,22931300
CYP2C19,"IBUPROFEN, SODIUM SALT",TRUE,"",DTC,0.00553123527854265,22931300
CYP2C19,DEXAMETHASONE,TRUE,"",DTC,0.0025378608925078,22931300
CYP2C19,"L-732,138",FALSE,"",DTC,0.0215718175863163,""
CYP2C19,CHRYSIN,TRUE,"",DTC,0.00770422056654155,""
CYP2C19,ISRADIPINE,TRUE,"",DTC,0.00898825732763181,""
CYP2C19,GW1929,FALSE,"",DTC,0.0119843431035091,""
CYP2C19,PHENELZINE,TRUE,"",DTC,0.00770422056654155,""
CYP2C19,ACACETIN,FALSE,"",DTC,0.00719060586210545,""
CYP2C19,NEOSTIGMINE BROMIDE,FALSE,"",DTC,0.0431436351726327,22931300
CYP2C19,CHEMBL:CHEMBL362223,FALSE,"",DTC,0.0215718175863163,""
CYP2C19,BUTORPHANOL,TRUE,"",DTC,0.0239686862070182,22931300
CYP2C19,CHLORPROPAMIDE,TRUE,"",DTC,0.0196107432602876,22931300
CYP2C19,FLOXURIDINE,TRUE,"",DTC,0.0154084411330831,22931300
CYP2C19,BECLOMETHASONE,TRUE,"",DTC,0.0179765146552636,22931300
CYP2C19,CYCLOPHOSPHAMIDE ANHYDROUS,TRUE,"",DTC,0.00266318735633535,22931300
CYP2C19,DEGUELIN,FALSE,"",DTC,0.0215718175863163,""
CYP2C19,PLICAMYCIN,TRUE,"",DTC,0.0359530293105272,22931300
CYP2C19,AMBRISENTAN,TRUE,"",PharmGKB,0.0431436351726327,25286744
CYP2C19,DACARBAZINE,TRUE,"",DTC,0.0143812117242109,22931300
CYP2C19,CHEMBL:CHEMBL16751,FALSE,"",DTC,0.0269647719828954,""
CYP2C19,DL-TBOA,FALSE,"",DTC,0.0134823859914477,""
CYP2C19,FELBAMATE,TRUE,"",DTC; PharmGKB,0.0269647719828954,22931300
CYP2C19,SOTALOL,TRUE,"",DTC,0.0154084411330831,22931300
CYP2C19,DIPYRIDAMOLE,TRUE,"",DTC,0.00192605514163539,""
CYP2C19,KETOCONAZOLE,TRUE,"",DTC,0.00980537163014379,22931300
CYP2C19,GLYBURIDE,TRUE,"",DTC,0.00371927889419247,""
CYP2C19,NISOLDIPINE,TRUE,"",DTC,0.012689304462539,22931300
CYP2C19,ROTENONE,FALSE,"",DTC,0.00770422056654155,""
CYP2C19,LIOTHYRONINE,TRUE,"",DTC,0.00653691442009586,22931300
CYP2C19,RIMCAZOLE,FALSE,"",DTC,0.0179765146552636,""
CYP2C19,ABROCITINIB,TRUE,"",PharmGKB,0.0179765146552636,""
CYP2C19,REMOXIPRIDE,TRUE,"",DTC,0.0359530293105272,22931300
CYP2C19,SELEGILINE,TRUE,"",DTC,0.0215718175863163,22931300
CYP2C19,WIN55212-2,FALSE,"",DTC,0.00513614704436103,""
CYP2C19,METARAMINOL,TRUE,"",DTC,0.0308168822661662,22931300
CYP2C19,BETA-CCM,FALSE,"",DTC,0.0269647719828954,""
CYP2C19,PIFEXOLE,FALSE,"",DTC,0.0154084411330831,""
CYP2C19,TRIFLUOPERAZINE,TRUE,"",DTC,0.00359530293105272,""
CYP2C19,KARANJIN,FALSE,"",DTC,0.0179765146552636,""
CYP2C19,RO19-4603,FALSE,"",DTC,0.0134823859914477,""
CYP2C19,OXYCODONE,TRUE,"",PharmGKB,0.016593705835628,34480108
CYP2C19,CHEMBL:CHEMBL1214274,FALSE,"",DTC,0.0154084411330831,""
CYP2C19,RIFAMPIN,TRUE,"",DTC,0.00770422056654155,22931300
CYP2C19,(S)-ALAPROCLATE,FALSE,"",DTC,0.0269647719828954,""
CYP2C19,CEFTRIAXONE,TRUE,"",DTC,0.0196107432602876,22931300
CYP2C19,AROTINOID ACID,FALSE,"",DTC,0.00634465223126951,""
CYP2C19,JWH015,FALSE,"",DTC,0.0215718175863163,""
CYP2C19,RIVAROXABAN,TRUE,"",PharmGKB,0.0239686862070182,32158254
CYP2C19,FPL64176,FALSE,"",DTC,0.0119843431035091,""
CYP2C19,BUTYLATED HYDROXYTOLUENE,TRUE,"",DTC,0.0239686862070182,22931300
CYP2C19,HYCANTHONE,FALSE,"",DTC,0.0113535882033244,22931300
CYP2C19,AM251,FALSE,"",DTC,0.0134823859914477,""
CYP2C19,CHEMBL:CHEMBL242385,FALSE,"",DTC,0.0359530293105272,""
CYP2C19,CHEMBL:CHEMBL421215,FALSE,"",DTC,0.0119843431035091,""
CYP2C19,PHENYLBUTAZONE,TRUE,"",DTC,0.0154084411330831,22931300
CYP2C19,TYRPHOSTIN AG 555,FALSE,"",DTC,0.00567679410166219,""
CYP2C19,TYRPHOSTIN AG 879,FALSE,"",DTC,0.00599217155175454,""
CYP2C19,TESTOSTERONE,TRUE,"",DTC,0.00553123527854265,22931300
CYP2C19,FLUMAZENIL,TRUE,"",DTC,0.0044941286638159,""
CYP2C19,REL-CISAPRIDE,FALSE,"",DTC,0.0359530293105272,22931300
CYP2C19,HYDROXYZINE,TRUE,"",DTC,0.0239686862070182,22931300
CYP2C19,FINASTERIDE,TRUE,"",DTC,0.0154084411330831,22931300
CYP2C19,TELENZEPINE,FALSE,"",DTC,0.0215718175863163,""
CYP2C19,CHEMBL:CHEMBL271165,FALSE,"",DTC,0.0539295439657908,""
CYP2C19,CHEMBL:CHEMBL250053,FALSE,"",DTC,0.107859087931582,""
CYP2C19,CLOFIBRATE,TRUE,"",DTC,0.0134823859914477,22931300
CYP2C19,CGP7930,FALSE,"",DTC,0.0154084411330831,""
CYP2C19,CHEMBL:CHEMBL120806,FALSE,"",DTC,0.0215718175863163,""
CYP2C19,ATORVASTATIN CALCIUM TRIHYDRATE,TRUE,"",PharmGKB,0.00392214865205752,24140730
CYP2C19,CHEMBL:CHEMBL1371696,FALSE,"",DTC,0.0269647719828954,""
CYP2C19,E4031,FALSE,"",DTC,0.0269647719828954,""
CYP2C19,PSORA-4,FALSE,"",DTC,0.0154084411330831,""
CYP2C19,"5-(N,N-HEXAMETHYLENE)-AMILORIDE",FALSE,"",DTC,0.0154084411330831,""
CYP2C19,DIETHYLSTILBESTROL,TRUE,"",DTC,0.00653691442009586,22931300
CYP2C19,CHEMBL:CHEMBL1256835,FALSE,"",DTC,0.0359530293105272,""
CYP2C19,(R)-NITRENDIPINE,FALSE,"",DTC,0.0269647719828954,""
CYP2C19,TOLNAFTATE,TRUE,"",DTC,0.0359530293105272,""
CYP2C19,THIOPERAMIDE,FALSE,"",DTC,0.0134823859914477,""
CYP2C19,TPCK,FALSE,"",DTC,0.00599217155175454,""
MUC1,HUHMFG1,FALSE,other/unknown,ChEMBL,2.1751582732869,""
MUC1,CANTUZUMAB MERTANSINE,FALSE,binder,ChEMBL,0.135947392080431,""
MUC1,EMEPEPIMUT-S,FALSE,vaccine,ChEMBL; TTD,4.35031654657379,""
MUC1,GO-203-2C,FALSE,"",TdgClinicalTrial; TTD,4.35031654657379,""
MUC1,PEMTUMOMAB,FALSE,binder,ChEMBL,2.1751582732869,""
MUC1,MESMULOGENE ANCOVACIVEC,FALSE,"",TTD,1.08757913664345,""
MUC1,SODIUM BUTYRATE,FALSE,"",NCI,0.310736896183843,2211839
MUC1,EPITUMOMAB CITUXETAN,FALSE,binder,ChEMBL,2.1751582732869,""
MUC1,SONTUZUMAB,FALSE,other/unknown,ChEMBL; TdgClinicalTrial,4.35031654657379,""
MUC1,SAR-566658,FALSE,binder,ChEMBL; TTD,4.35031654657379,""
MUC1,FAS LIGAND,FALSE,"",NCI,0.36252637888115,15809706
MUC1,CMB-401,FALSE,binder,ChEMBL,2.1751582732869,""
MUC1,SONTUZUMAB,FALSE,"",TTD,2.1751582732869,""
MUC1,HUPAM4,FALSE,binder,ChEMBL,2.1751582732869,""
MUC1,LIPOSOMAL MUC1/PET-LIPID A VACCINE ONT-10,FALSE,"",TTD,2.1751582732869,""
MUC1,AR-20.5,FALSE,other/unknown,ChEMBL,2.1751582732869,""
MUC1,EPITUMOMAB,FALSE,binder,ChEMBL,2.1751582732869,""
MUC1,CANTUZUMAB RAVTANSINE,FALSE,binder,ChEMBL,2.1751582732869,""
MUC1,MESMULOGENE ANCOVACIVEC,FALSE,vaccine,TALC,1.08757913664345,""
MUC1,YTTRIUM (90Y) CLIVATUZUMAB TETRAXETAN,FALSE,"",TdgClinicalTrial; TTD,4.35031654657379,""
MUC1,AS-1403,FALSE,binder,ChEMBL,2.1751582732869,""
MUC1,GATIPOTUZUMAB,FALSE,inhibitor,ChEMBL; TTD,4.35031654657379,""
MUC1,HEXAMETHYLENE BISACETAMIDE,FALSE,"",NCI,0.621473792367685,2211839
MUC1,IMMUCIN,FALSE,"",TTD,2.1751582732869,""
CYP4B1,DEXTRAN SULFATE,FALSE,"",NCI,4.35031654657379,15039297
CYP4B1,THALIDOMIDE,TRUE,"",PharmGKB,0.705456737282237,20038957
CYP4B1,DOCETAXEL ANHYDROUS,TRUE,"",PharmGKB,0.314480714210154,20038957
CYP4B1,TCDD,FALSE,"",NCI,1.04407597117771,2829388
NRXN1,NICOTINE POLACRILEX,TRUE,"",PharmGKB,1.13486518606273,18270208
NRXN1,DULOXETINE HYDROCHLORIDE,TRUE,"",PharmGKB,2.00783840611098,29407288
EGR2,COMPOUND 26 [PMID: 34543009],FALSE,inhibitor,GuideToPharmacology,26.1018992794428,""
EGR2,TRETINOIN,TRUE,"",NCI,0.573668116031709,1361214
ENPP3,AGS-16C3F,FALSE,binder,TTD; ChEMBL,3.26273740993035,""
ENPP3,ANTI-ENPP3/MMAF ANTIBODY-DRUG CONJUGATE AGS-16M8F,FALSE,"",TTD,26.1018992794428,""
MIEF2,DULOXETINE HYDROCHLORIDE,TRUE,"",PharmGKB,4.01567681222196,29407288
COL1A1,PAMIDRONATE,TRUE,"",PharmGKB,1.35594281971131,21396799
COL1A1,OCRIPLASMIN,TRUE,cleavage,ChEMBL,0.196254881800322,""
COL1A1,ZOLEDRONIC ACID ANHYDROUS,TRUE,"",PharmGKB,0.994358067788296,21396799
COL1A1,ETIDRONIC ACID,TRUE,"",PharmGKB,1.06538364405889,11907712
COL1A1,COLLAGENASE CLOSTRIDIUM HISTOLYTICUM,TRUE,cleavage,TEND; TdgClinicalTrial; ChEMBL,0.799037733044166,""
COL1A1,VALPROIC ACID,TRUE,"",PharmGKB,0.261673175733762,26727275
COL1A1,SOMATROPIN (RECOMBINANT DNA ORIGIN),TRUE,"",PharmGKB,0.994358067788296,22026923
ITPKC,GNF362,FALSE,inhibitor,GuideToPharmacology,17.4012661862952,""
ANO1,CROFELEMER,TRUE,blocker,ChEMBL,17.4012661862952,""
APOBEC1,TIMAPIPRANT,FALSE,inhibitor,GuideToPharmacology,1.04407597117771,""
APOBEC1,PGD2,FALSE,agonist,GuideToPharmacology,0.348025323725904,""
APOBEC1,RAMATROBAN,TRUE,inhibitor,GuideToPharmacology,0.298307420336489,""
APOBEC1,VIDUPIPRANT,FALSE,inhibitor,GuideToPharmacology,0.522037985588855,""
APOBEC1,DINOPROST,FALSE,agonist,GuideToPharmacology,0.130509496397214,""
APOBEC1,PGJ2,FALSE,agonist,GuideToPharmacology,1.04407597117771,""
APOBEC1,U46619,FALSE,agonist,GuideToPharmacology,0.232016882483936,""
APOBEC1,"L-888,291",FALSE,agonist,GuideToPharmacology,1.04407597117771,""
APOBEC1,QAV680,FALSE,inhibitor,GuideToPharmacology,1.04407597117771,""
APOBEC1,SETIPIPRANT,FALSE,inhibitor,GuideToPharmacology,0.696050647451807,""
APOBEC1,INDOMETHACIN,TRUE,agonist,GuideToPharmacology,0.0522037985588855,""
APOBEC1,FEVIPIPRANT,FALSE,inhibitor,GuideToPharmacology,0.696050647451807,""
APOBEC1,15(R)-15-METHYL-PGD2,FALSE,agonist,GuideToPharmacology,2.08815194235542,""
APOBEC1,"13,14-DIHYDRO-15-KETO-PGF2&ALPHA;",FALSE,agonist,GuideToPharmacology,2.08815194235542,""
APOBEC1,DINOPROSTONE,TRUE,agonist,GuideToPharmacology,0.104407597117771,""
APOBEC1,AM-461,FALSE,inhibitor,GuideToPharmacology,0.696050647451807,""
APOBEC1,&DELTA;12-PGJ2,FALSE,agonist,GuideToPharmacology,1.04407597117771,""
APOBEC1,"13,14-DIHYDRO-15-KETO-PGD2",FALSE,agonist,GuideToPharmacology,2.08815194235542,""
APOBEC1,TM30089,FALSE,inhibitor,GuideToPharmacology,2.08815194235542,""
APOBEC1,"L-888,607",FALSE,agonist,GuideToPharmacology,1.04407597117771,""
APOBEC1,15(S)-15-METHYL-PGD2,FALSE,agonist,GuideToPharmacology,2.08815194235542,""
APOBEC1,"COMPOUND 51 [CROSIGNANI ET AL., 2011]",FALSE,inhibitor,GuideToPharmacology,0.522037985588855,""
APOBEC1,AZD1981,FALSE,inhibitor,GuideToPharmacology,1.04407597117771,""
APOBEC1,ARRY-502,FALSE,inhibitor,GuideToPharmacology,2.08815194235542,""
APOBEC1,"15-DEOXY-&DELTA;12,14-PGJ2",FALSE,agonist,GuideToPharmacology,1.04407597117771,""
SPTLC3,MYRIOCIN,FALSE,inhibitor,GuideToPharmacology,26.1018992794428,""
ALOX15B,PICEATANNOL,FALSE,"",DTC,0.0360274662242136,""
ALOX15B,QUERCETIN,TRUE,"",DTC,0.00957692140137324,""
ALOX15B,CHEMBL:CHEMBL595227,FALSE,"",DTC,0.0756576790708486,""
ALOX15B,RHODOMYRTOXIN B,FALSE,"",DTC,0.378288395354243,""
ALOX15B,2-APB,FALSE,"",DTC,0.0472860494192804,""
ALOX15B,HEXACHLOROPHENE,TRUE,"",DTC,0.0184530924563045,""
ALOX15B,SOMATORELIN,FALSE,agonist,GuideToPharmacology,0.378288395354243,""
ALOX15B,CHEMBL:CHEMBL581044,FALSE,"",DTC,0.0840640878564985,""
ALOX15B,PHENYLMERCURIC ACETATE,FALSE,"",DTC,0.0378288395354243,""
ALOX15B,DIPYRIDAMOLE,TRUE,"",DTC,0.0135102998340801,""
ALOX15B,LUTEOLIN,FALSE,"",DTC,0.0236430247096402,""
ALOX15B,CHEMBL:CHEMBL238624,FALSE,"",DTC,0.126096131784748,""
ALOX15B,E324,FALSE,"",DTC,0.0581982146698835,""
ALOX15B,4-CHLOROMERCURIBENZOIC ACID,FALSE,"",DTC,0.0270205996681602,""
ALOX15B,PROTOPORPHYRIN,FALSE,"",DTC,0.0302630716283394,""
ALOX15B,BIM28011,FALSE,agonist,GuideToPharmacology,0.756576790708486,""
ALOX15B,THIMEROSAL,TRUE,"",DTC,0.032894643074282,""
ALOX15B,TROGLITAZONE,TRUE,"",DTC,0.0290991073349418,""
ALOX15B,CHEMBL:CHEMBL1448292,FALSE,"",DTC,0.252192263569495,""
ALOX15B,JMR-132,FALSE,agonist,GuideToPharmacology,0.756576790708486,""
ALOX15B,CHEMBL:CHEMBL601616,FALSE,"",DTC,0.252192263569495,""
ALOX15B,PYRITHIONE ZINC,TRUE,"",DTC,0.0420320439282492,""
ALOX15B,HEXESTROL,FALSE,"",DTC,0.126096131784748,""
ALOX15B,DIENESTROL,TRUE,"",DTC,0.108082398672641,""
ALOX15B,TYRPHOSTIN 47,FALSE,"",DTC,0.0472860494192804,""
ALOX15B,FENTICLOR,FALSE,"",DTC,0.0398198310899203,""
ALOX15B,TYRPHOSTIN 23,FALSE,"",DTC,0.0360274662242136,""
ALOX15B,CAPSAZEPINE,FALSE,"",DTC,0.034389854123113,""
ALOX15B,CHEMBL:CHEMBL122701,FALSE,"",DTC,0.108082398672641,""
ALOX15B,METAMIZOLE SODIUM,TRUE,"",DTC,0.252192263569495,""
ALOX15B,SANGUINARIUM,FALSE,"",DTC,0.0302630716283394,""
ALOX15B,AURINTRICARBOXYLIC ACID,FALSE,"",DTC,0.0244057029260802,""
ALOX15B,GOSSYPOL,FALSE,"",DTC,0.0157620164730935,""
ALOX15B,CHEMBL:CHEMBL220845,FALSE,"",DTC,0.0840640878564985,""
ALOX15B,EMBELIN,FALSE,"",DTC,0.0504384527138991,""
ALOX15B,HYPERICIN,FALSE,"",DTC,0.0581982146698835,""
ALOX15B,N-ARACHIDONOYLGLYCINE,FALSE,"",DTC,0.0398198310899203,""
ALOX15B,ETHOPROPAZINE HYDROCHLORIDE,TRUE,"",DTC,0.108082398672641,""
ALOX15B,CHEMBL:CHEMBL154580,FALSE,"",DTC,0.068779708246226,""
ALOX15B,CHEMBL:CHEMBL242171,FALSE,"",DTC,0.0756576790708486,""
ALOX15B,PSEUDOEPHEDRINE,TRUE,"",DTC,0.0445045171004992,""
ALOX15B,TESAMORELIN,TRUE,agonist,GuideToPharmacology,0.378288395354243,""
ALOX15B,CHEMBL:CHEMBL457504,FALSE,"",DTC,0.108082398672641,""
ALOX15B,EBSELEN,FALSE,"",DTC,0.0216164797345282,""
ALOX15B,CHEMBL:CHEMBL602807,FALSE,"",DTC,0.0945720988385608,""
ALOX15B,CHEMBL:CHEMBL1367933,FALSE,"",DTC,0.0945720988385608,""
ALOX15B,CHELERYTHRINE,FALSE,"",DTC,0.0630480658923738,""
ALOX15B,LINOLENIC ACID,TRUE,"",DTC,0.0360274662242136,""
ALOX15B,PHENOTHIAZINE,FALSE,"",DTC,0.0472860494192804,""
ALOX15B,HINOKITIOL,FALSE,"",DTC,0.0504384527138991,""
ALOX15B,MASOPROCOL,TRUE,"",DTC,0.0160973785257125,""
ALOX15B,JI-38,FALSE,agonist,GuideToPharmacology,0.756576790708486,""
ALOX15B,DIHYDROXIDINE,FALSE,"",DTC,0.0945720988385608,""
ALOX15B,SANGUINARINE SULFATE,FALSE,"",DTC,0.0581982146698835,""
ALOX15B,CONGO RED,FALSE,"",DTC,0.0504384527138991,""
ALOX15B,JUGLONE,FALSE,"",DTC,0.0378288395354243,""
ALOX15B,CHEMBL:CHEMBL601952,FALSE,"",DTC,0.0840640878564985,""
ALOX15B,"N,N'-DIPHENYL-P-PHENYLENEDIAMINE",FALSE,"",DTC,0.108082398672641,""
ALOX15B,RABEPRAZOLE,TRUE,"",DTC,0.0290991073349418,""
ALOX15B,TYRPHOSTIN AG 879,FALSE,"",DTC,0.0420320439282492,""
ALOX15B,BITHIONOL,TRUE,"",DTC,0.0315240329461869,""
ALOX15B,CAFFEIC ACID PHENETHYL ESTER,FALSE,"",DTC,0.0540411993363204,""
ALOX15B,TRICETIN,TRUE,"",DTC,0.0945720988385608,""
ALOX15B,MERCURIC CHLORIDE,FALSE,"",DTC,0.0378288395354243,""
ALOX15B,AHPN,FALSE,"",DTC,0.108082398672641,""
ALOX15B,4-METHOXYDALBERGIONE,FALSE,"",DTC,0.0840640878564985,""
ALOX15B,BITHIONOLATE SODIUM,TRUE,"",DTC,0.0945720988385608,""
ALOX15B,CHEMBL:CHEMBL1091971,FALSE,"",DTC,0.189144197677122,""
ALOX15B,SERMORELIN,TRUE,agonist,GuideToPharmacology,0.378288395354243,""
DOCK3,GALUNISERTIB,FALSE,inhibitor,GuideToPharmacology,1.24294758473537,""
DOCK3,H. POLYGYRUS TGF-&BETA; MIMIC,FALSE,agonist,GuideToPharmacology,3.72884275420611,""
DOCK3,COMPOUND 13D [PMID: 23639540],FALSE,inhibitor,GuideToPharmacology,1.06538364405889,""
DOCK3,TGF&BETA;3,FALSE,agonist,GuideToPharmacology,7.45768550841222,""
DOCK3,COMPOUND 15B [PMID: 16539403],FALSE,inhibitor,GuideToPharmacology,2.48589516947074,""
DOCK3,LY2109761,FALSE,inhibitor,GuideToPharmacology,3.72884275420611,""
DOCK3,COMPOUND 13A [PMID: 23639540],FALSE,inhibitor,GuideToPharmacology,1.06538364405889,""
PIK3C2G,SF1126,FALSE,inhibitor,MyCancerGenome,0.181263189440575,""
PIK3C2G,PI-103,FALSE,inhibitor,MyCancerGenome,0.171723021575281,""
PIK3C2G,GSK2636771,FALSE,inhibitor,MyCancerGenome,0.203921088120647,""
PIK3C2G,QUERCETIN,TRUE,inhibitor,MyCancerGenome,0.0413004735434221,""
PIK3C2G,PICTILISIB,FALSE,inhibitor,MyCancerGenome,0.0988708306039499,""
PIK3C2G,COPANLISIB,TRUE,inhibitor,MyCancerGenome,0.148306245905925,""
PIK3C2G,PF-04691502,FALSE,inhibitor,MyCancerGenome,0.191925729995903,""
PIK3C2G,INFIGRATINIB,TRUE,inhibitor,MyCancerGenome,0.120842126293717,""
PIK3C2G,SONOLISIB,FALSE,inhibitor,MyCancerGenome,0.181263189440575,""
PIK3C2G,PILARALISIB,FALSE,inhibitor,MyCancerGenome,0.191925729995903,""
PIK3C2G,DACTOLISIB,FALSE,inhibitor,MyCancerGenome,0.0679736960402155,""
PIK3C2G,GEDATOLISIB,FALSE,inhibitor,MyCancerGenome,0.120842126293717,""
PIK3C2G,BUPARLISIB,FALSE,inhibitor,MyCancerGenome,0.130509496397214,""
PIK3C2G,ALPELISIB,TRUE,inhibitor,MyCancerGenome,0.0906315947202874,""
PIK3C2G,APITOLISIB,FALSE,inhibitor,MyCancerGenome,0.125489900381936,""
PIK3C2G,VOXTALISIB,FALSE,inhibitor,MyCancerGenome,0.203921088120647,""
COL6A3,OCRIPLASMIN,TRUE,cleavage,ChEMBL,0.343446043150563,""
COL6A3,ESI-09,FALSE,inhibitor,GuideToPharmacology,6.52547481986069,""
COL6A3,COLLAGENASE CLOSTRIDIUM HISTOLYTICUM,TRUE,cleavage,ChEMBL,0.466105344275764,""
COL6A3,HJC 0350,FALSE,inhibitor,GuideToPharmacology,13.0509496397214,""
LUM,FAS LIGAND,FALSE,"",NCI,8.70063309314759,15051477
TLR2,PEPTIDOGLYCAN,FALSE,agonist,GuideToPharmacology,3.72884275420611,""
TLR2,DEFOSLIMOD,FALSE,"",TTD,1.86442137710305,""
TLR2,TOMARALIMAB,FALSE,inhibitor,TTD; ChEMBL,7.45768550841222,""
TLR2,DIPROVOCIM-1,FALSE,agonist,GuideToPharmacology,3.72884275420611,""
TLR2,INFLIXIMAB,TRUE,"",PharmGKB,0.240570500271362,35852914
TLR2,VB-201,FALSE,inhibitor,ChEMBL,0.932210688551527,""
TLR2,PAREGORIC,TRUE,"",PharmGKB,0.162123598008961,27649267
TLR2,TLR AGONIST CADI-05,FALSE,"",TTD,2.48589516947074,22934262
TLR2,DIAPEP277,FALSE,"",TdgClinicalTrial,3.72884275420611,""
TLR2,RESVERATROL HEXANOIC ACID,FALSE,"",DTC,7.45768550841222,19477653
TLR2,CHEMBL:CHEMBL1836411,FALSE,"",DTC,7.45768550841222,21855334
TLR2,COMPOUND 13 [PMID: 23098072],FALSE,agonist,GuideToPharmacology,3.72884275420611,""
TLR2,ADALIMUMAB,TRUE,"",PharmGKB,0.225990469951885,35852914
TLR2,TOMARALIMAB,FALSE,antibody,GuideToPharmacology,3.72884275420611,""
SLPI,TNF-ALPHA,FALSE,"",NCI,1.63136870496517,17114478; 12668158
SLPI,RECOMBINANT CYTOKINE,FALSE,"",NCI,1.00391920305549,11385113
SLPI,RECOMBINANT HEPATOCYTE GROWTH FACTOR,FALSE,"",NCI,2.61018992794428,10970828
SLPI,HEPARIN,TRUE,"",NCI,1.22352652872388,9593692; 8615699
SULT2B1,GEMTUZUMAB OZOGAMICIN,TRUE,"",PharmGKB,2.9002110310492,22584460
SULT2B1,FLUDARABINE,TRUE,"",PharmGKB,0.767702919983611,22584460
SULT2B1,CYTARABINE,TRUE,"",PharmGKB,0.326273740993035,22584460
SULT2B1,IDARUBICIN,TRUE,"",PharmGKB,0.543789568321724,22584460
COL8A1,SCH51866,FALSE,inhibitor,GuideToPharmacology,2.9002110310492,""
COL8A1,CALMODULIN,FALSE,activator,GuideToPharmacology,3.48025323725904,""
COL8A1,LENRISPODUN,FALSE,inhibitor,GuideToPharmacology,8.70063309314759,""
CHI3L1,RECOMBINANT CHEMOKINE,FALSE,"",NCI,4.35031654657379,15015934
CHI3L1,COMPOUND 16 [PMID: 19097778],FALSE,inhibitor,GuideToPharmacology,26.1018992794428,""
EMX1,PKR INHIBITOR,FALSE,inhibitor,GuideToPharmacology,17.4012661862952,""
EMX1,CDK2 INHIBITOR IV,FALSE,inhibitor,GuideToPharmacology,2.1751582732869,""
EMX1,INDIRUBIN DERIVATIVE E804,FALSE,inhibitor,GuideToPharmacology,17.4012661862952,""
CES2,SN-38,FALSE,"",PharmGKB,0.932210688551528,""
CES2,MYCOPHENOLATE MOFETIL,TRUE,"",PharmGKB,1.63136870496517,24220207
CES2,MYCOPHENOLATE,TRUE,"",PharmGKB,1.1864499672474,24220207
CES2,IRINOTECAN HYDROCHLORIDE,TRUE,"",PharmGKB,0.207157930789228,""
HOXA7,MS8815,FALSE,"",GuideToPharmacology,52.2037985588855,""
PBK,LINIFANIB,FALSE,"",DTC,0.130509496397214,""
PBK,GEFITINIB,TRUE,"",CIViC,0.155832234504136,""
PBK,SP-600125,FALSE,"",DTC,0.1173119068739,""
PBK,PHA-767491,FALSE,"",DTC,0.15819332896632,""
PBK,BAY 61-3606,FALSE,"",DTC,0.254652675897003,""
IGFBP3,FLUOROURACIL,TRUE,"",PharmGKB,0.450032746197289,20860465
IGFBP3,CELECOXIB,TRUE,"",PharmGKB,0.77916117252068,22336956
MMP1,LEFLUNOMIDE,TRUE,"",NCI,0.435031654657379,16762150
MMP1,THERAPEUTIC GLUCOCORTICOID,FALSE,"",NCI,0.153540583996722,12123742
MMP1,COLLAGENASE CLOSTRIDIUM HISTOLYTICUM,TRUE,"",TdgClinicalTrial,0.0932210688551528,""
MMP1,MARIMASTAT,FALSE,inhibitor,ChEMBL,0.174012661862952,""
MMP1,REBIMASTAT,FALSE,inhibitor,ChEMBL,0.435031654657379,""
MMP1,HYDROCORTISONE BUTYRATE,TRUE,"",NCI,0.124294758473537,7592884
MMP1,DOXYCYCLINE CALCIUM,TRUE,inhibitor,ChEMBL,0.652547481986069,""
MMP1,MEDROXYPROGESTERONE,TRUE,"",NCI,0.745768550841222,9436888
MMP1,INTERFERON BETA,TRUE,"",NCI,1.30509496397214,9075665
MMP1,DOXYCYCLINE ANHYDROUS,TRUE,inhibitor,ChEMBL,0.113486518606273,""
MMP1,COBALT,FALSE,"",NCI,0.474579986898959,15878362
MMP1,VITAMIN E,TRUE,"",NCI,0.489410611489552,12057767; 10836612
MMP1,PENTOSAN POLYSULFATE SODIUM,FALSE,"",NCI,2.61018992794428,1384503
MMP1,LAMIVUDINE,TRUE,"",NCI,0.21751582732869,15309715
MMP1,SIROLIMUS,TRUE,"",NCI,0.0900065492394578,16914544
MMP1,LEUPROLIDE ACETATE,TRUE,"",NCI,0.522037985588855,9433928
MMP1,TYROSINE KINASE INHIBITOR,FALSE,"",NCI,0.200783840611098,15324351
MMP1,RIBAVIRIN,TRUE,"",NCI,0.137378417260225,16699498
MMP1,TRIAMCINOLONE,TRUE,"",NCI,0.226973037212546,12123742
MMP1,IMMUNOSUPPRESSANT,FALSE,"",NCI,0.29002110310492,16914544
GABRP,ESTAZOLAM,TRUE,positive modulator,ChEMBL; TdgClinicalTrial; TEND,0.0851148889547047,""
GABRP,ALPRAZOLAM,TRUE,positive modulator,TdgClinicalTrial; ChEMBL; TEND,0.0575777189987708,""
GABRP,BUTABARBITAL SODIUM,TRUE,positive modulator,ChEMBL,0.0407842176241293,""
GABRP,LORAZEPAM,TRUE,positive modulator,TEND; ChEMBL; TdgClinicalTrial,0.0783056978383283,""
GABRP,CLORAZEPATE,TRUE,"",TdgClinicalTrial; TEND,0.0652547481986069,""
GABRP,METHAQUALONE,TRUE,positive modulator,ChEMBL,0.0407842176241293,""
GABRP,TRIAZOLAM,TRUE,positive modulator,TdgClinicalTrial; ChEMBL; TEND,0.0593224983623699,""
GABRP,ENFLURANE,TRUE,positive modulator,ChEMBL,0.0210499187737442,""
GABRP,THIOPENTAL SODIUM,TRUE,positive modulator,ChEMBL,0.0383851459991805,""
GABRP,HALAZEPAM,TRUE,positive modulator,TdgClinicalTrial; ChEMBL; TEND,0.0978821222979104,""
GABRP,BROMAZEPAM,TRUE,"",TEND; TdgClinicalTrial,0.0621473792367685,""
GABRP,CLONAZEPAM,TRUE,positive modulator,TEND; ChEMBL; TdgClinicalTrial,0.0783056978383283,""
GABRP,METHOXYFLURANE,TRUE,positive modulator,ChEMBL,0.029661249181185,""
GABRP,VENLAFAXINE,TRUE,"",PharmGKB,0.108757913664345,23394390
GABRP,EVT 201,FALSE,"",TdgClinicalTrial,0.0343446043150563,""
GABRP,CHLORMETHIAZOLE,TRUE,positive modulator,ChEMBL,0.0326273740993035,""
GABRP,CHLORDIAZEPOXIDE,TRUE,positive modulator,TdgClinicalTrial; TEND; ChEMBL,0.0932210688551527,""
GABRP,ETHCHLORVYNOL,TRUE,positive modulator,ChEMBL,0.0407842176241293,""
GABRP,THIAMYLAL SODIUM,TRUE,positive modulator,ChEMBL,0.0383851459991805,""
GABRP,PADSEVONIL,FALSE,agonist,ChEMBL,0.0343446043150563,""
GABRP,FLURAZEPAM HYDROCHLORIDE,TRUE,positive modulator,ChEMBL,0.0407842176241293,""
GABRP,REMIMAZOLAM,TRUE,"",TdgClinicalTrial,0.0343446043150563,""
GABRP,FLUDIAZEPAM,FALSE,"",TdgClinicalTrial; TEND,0.0767702919983611,""
GABRP,HALOTHANE,TRUE,positive modulator,ChEMBL,0.0181263189440575,""
GABRP,FLUNITRAZEPAM,TRUE,positive modulator,ChEMBL,0.029661249181185,""
GABRP,MEPROBAMATE,TRUE,agonist,ChEMBL,0.0362526378881149,""
GABRP,ETOMIDATE,TRUE,positive modulator,ChEMBL; DTC,0.115155437997542,16884293
GABRP,CLORAZEPATE DIPOTASSIUM,TRUE,positive modulator,ChEMBL,0.0407842176241293,""
GABRP,DIAZEPAM,TRUE,positive modulator,ChEMBL; TEND; TdgClinicalTrial,0.0675049119295934,""
GABRP,TRICLOFOS SODIUM,TRUE,positive modulator,ChEMBL,0.0407842176241293,""
GABRP,SEVOFLURANE,TRUE,positive modulator,ChEMBL,0.0176364184320559,""
GABRP,PENTOBARBITAL SODIUM,TRUE,positive modulator,ChEMBL,0.0326273740993035,""
GABRP,ESZOPICLONE,TRUE,positive modulator,ChEMBL,0.0362526378881149,""
GABRP,BUTALBITAL,TRUE,positive modulator,ChEMBL,0.0326273740993035,""
GABRP,GLUTETHIMIDE,TRUE,positive modulator,ChEMBL,0.0383851459991805,""
GABRP,ABP-700,FALSE,agonist,ChEMBL,0.0407842176241293,""
GABRP,ZURANOLONE,TRUE,positive modulator,ChEMBL,0.0407842176241293,""
GABRP,TETRAZEPAM,TRUE,positive modulator,ChEMBL,0.0407842176241293,""
GABRP,CIPEPOFOL,FALSE,agonist,ChEMBL,0.0407842176241293,""
GABRP,LOREDIPLON,FALSE,positive modulator,ChEMBL,0.0407842176241293,""
GABRP,ETIFOXINE,FALSE,inhibitor,ChEMBL,0.0407842176241293,""
GABRP,ADIPIPLON,FALSE,agonist,ChEMBL,0.0407842176241293,""
GABRP,GABOXADOL,FALSE,"",TdgClinicalTrial,0.0283716296515682,""
GABRP,SECOBARBITAL SODIUM,TRUE,positive modulator,ChEMBL,0.0407842176241293,""
GABRP,FLURAZEPAM,TRUE,"",TEND; TdgClinicalTrial,0.0621473792367685,""
GABRP,METHARBITAL,TRUE,positive modulator,ChEMBL,0.0326273740993035,""
GABRP,REMIMAZOLAM BESYLATE,TRUE,positive modulator,ChEMBL,0.0407842176241293,""
GABRP,METHAQUALONE HYDROCHLORIDE,TRUE,positive modulator,ChEMBL,0.0407842176241293,""
GABRP,ADIPIPLON,FALSE,"",TdgClinicalTrial,0.0343446043150563,""
GABRP,DESFLURANE,TRUE,positive modulator,ChEMBL,0.021751582732869,""
GABRP,METHYPRYLON,TRUE,positive modulator,ChEMBL,0.0407842176241293,""
GABRP,RESEQUINIL,FALSE,inverse agonist,ChEMBL,0.0407842176241293,""
GABRP,METHOHEXITAL SODIUM,TRUE,positive modulator,ChEMBL,0.0407842176241293,""
GABRP,ACAMPROSATE CALCIUM,TRUE,positive modulator,ChEMBL,0.0261018992794428,""
GABRP,PAGOCLONE,FALSE,positive modulator,ChEMBL,0.0407842176241293,""
GABRP,PRIMIDONE,TRUE,positive modulator,ChEMBL,0.0186442137710305,""
GABRP,[3H]AZIETOMIDATE,FALSE,"",DTC,0.0815684352482587,16884293
GABRP,PRAZEPAM,TRUE,positive modulator,TEND; TdgClinicalTrial; ChEMBL,0.0889837475435549,""
GABRP,CLOTIAZEPAM,TRUE,positive modulator,TdgClinicalTrial; TEND; ChEMBL,0.0978821222979104,""
GABRP,MIDAZOLAM HYDROCHLORIDE,TRUE,positive modulator,ChEMBL; TEND; TdgClinicalTrial,0.0543789568321724,""
GABRP,TEMAZEPAM,TRUE,positive modulator,TEND; ChEMBL; TdgClinicalTrial,0.0889837475435549,""
GABRP,OCINAPLON,FALSE,"",TdgClinicalTrial,0.029661249181185,""
GABRP,CENOBAMATE,TRUE,positive modulator,ChEMBL,0.0233052672137882,""
GABRP,GANAXOLONE,TRUE,positive modulator,ChEMBL,0.0362526378881149,""
GABRP,OXAZEPAM,TRUE,positive modulator,TdgClinicalTrial; TEND; ChEMBL,0.0752939402291618,""
GABRP,PROPOFOL,TRUE,positive modulator,ChEMBL,0.0210499187737442,""
GABRP,IMEPITOIN,FALSE,agonist,ChEMBL,0.0407842176241293,""
GABRP,CINOLAZEPAM,FALSE,"",TEND; TdgClinicalTrial,0.0767702919983611,""
GABRP,TALBUTAL,TRUE,positive modulator,ChEMBL,0.0326273740993035,""
GABRP,DARIGABAT,FALSE,agonist,ChEMBL,0.0407842176241293,""
GABRP,FLUMAZENIL,TRUE,negative modulator,ChEMBL,0.0271894784160862,""
GABRP,ADINAZOLAM,FALSE,"",TEND; TdgClinicalTrial,0.0767702919983611,""
GABRP,CHLORDIAZEPOXIDE HYDROCHLORIDE,TRUE,positive modulator,ChEMBL,0.0407842176241293,""
GABRP,TOPIRAMATE,TRUE,positive modulator,ChEMBL,0.0148306245905925,""
GABRP,ISOFLURANE,TRUE,positive modulator,ChEMBL,0.0210499187737442,""
GABRP,CLOBAZAM,TRUE,positive modulator,ChEMBL; TEND; TdgClinicalTrial,0.0889837475435549,""
GABRP,ANTIDEPRESSANT AGENT,FALSE,"",PharmGKB,0.0250979800763873,23394390
GABRP,BREXANOLONE,TRUE,positive modulator,ChEMBL,0.0310736896183842,""
GABRP,NITRAZEPAM,FALSE,"",TdgClinicalTrial; TEND,0.0621473792367685,""
GABRP,QUAZEPAM,TRUE,positive modulator,TdgClinicalTrial; ChEMBL; TEND,0.0978821222979104,""
AMACR,CHOLIC ACID,TRUE,"",PharmGKB,2.1751582732869,""
AMACR,"IBUPROFEN, SODIUM SALT",TRUE,"",PharmGKB,1.33855893740732,25502615
NUAK1,CERDULATINIB,FALSE,inhibitor,GuideToPharmacology,0.621473792367685,""
NUAK1,HTH-02-006,FALSE,inhibitor,GuideToPharmacology,3.72884275420611,""
NUAK1,NARAZACICLIB,FALSE,inhibitor,GuideToPharmacology,2.48589516947074,""
NUAK1,COMPOUND 25B [PMID: 22564207],FALSE,inhibitor,GuideToPharmacology,0.932210688551527,""
NUAK1,HTH-01-015,FALSE,inhibitor,GuideToPharmacology,7.45768550841222,""
NUAK1,WZ4002,FALSE,inhibitor,GuideToPharmacology,1.06538364405889,""
NUAK1,WZ4003,FALSE,inhibitor,GuideToPharmacology,3.72884275420611,""
TYRO3,ADAVOSERTIB,FALSE,"",DTC,0.103578965394614,""
TYRO3,PD-0166285,FALSE,"",DTC,0.0557732890586384,""
TYRO3,TOZASERTIB,FALSE,"",DTC,0.0397289182335506,""
TYRO3,DOVITINIB,FALSE,"",DTC,0.0287149607034574,""
TYRO3,ITACITINIB,FALSE,"",TTD,1.4501055155246,""
TYRO3,CHEMBL:CHEMBL546797,FALSE,"",DTC,0.0906315947202874,""
TYRO3,JNJ-7706621,FALSE,"",DTC,0.0527311096554399,""
TYRO3,SNS-314,FALSE,"",DTC,0.0690526435964094,""
TYRO3,ILORASERTIB,FALSE,"",DTC,0.0250018192331827,""
TYRO3,DORAMAPIMOD,FALSE,"",DTC,0.126096131784748,""
TYRO3,CHEMBL:CHEMBL379975,FALSE,"",DTC,0.0659138870692999,""
TYRO3,VANDETANIB,TRUE,"",DTC,0.0500036384663655,""
TYRO3,DEZAPELISIB,FALSE,"",TTD,0.483368505174866,""
TYRO3,ZM447439,FALSE,"",DTC,0.152642685844695,""
TYRO3,SP-600125,FALSE,"",DTC,0.0325866407983056,""
TYRO3,CHEMBL:CHEMBL1997335,FALSE,"",DTC,0.0690526435964094,""
TYRO3,AST-487,FALSE,"",DTC,0.0707368544158341,""
TYRO3,MLN-8054,FALSE,"",DTC,0.100007276932731,""
SERPINB2,UROKINASE,TRUE,"",TdgClinicalTrial,6.52547481986069,""
MMP2,MARIMASTAT,FALSE,inhibitor,ChEMBL; TTD; TEND; TdgClinicalTrial,0.366342446027267,""
MMP2,RESVERATROL,TRUE,"",NCI,0.0560728233715204,16084059
MMP2,HEPARAN SULFATE,FALSE,"",NCI,0.228964028767042,12972284
MMP2,LENOGRASTIM,TRUE,"",NCI,0.249778940473137,11391619
MMP2,TST10088,FALSE,"",TdgClinicalTrial,0.686892086301126,""
MMP2,DEFEROXAMINE,TRUE,"",DTC,0.161621667364971,24074025
MMP2,ACETAZOLAMIDE,TRUE,"",DTC,0.196254881800322,24074025
MMP2,REBIMASTAT,FALSE,inhibitor,NCI; ChEMBL,0.686892086301126,15041713
MMP2,MECHLORETHAMINE,TRUE,"",NCI,0.249778940473137,16489579
MMP2,RETINOIC ACID AGENT,FALSE,"",NCI,0.0886312369420807,17024972
MMP2,PERFOSFAMIDE,FALSE,"",NCI,0.457928057534084,17046572
MMP2,SELECTIVE ESTROGEN RECEPTOR MODULATOR,FALSE,"",NCI,0.305285371689389,15576828
MMP2,PRAVASTATIN SODIUM,TRUE,"",NCI,0.10176179056313,15842807
MMP2,CTS-1027,FALSE,inhibitor,ChEMBL,0.196254881800322,""
MMP2,EPIGALLOCATECHIN GALLATE,TRUE,"",TTD,0.0808108336824854,""
MMP2,ZOLEDRONIC ACID ANHYDROUS,TRUE,"",PharmGKB,0.183171223013633,21396799
MMP2,PRINOMASTAT,FALSE,vaccine,TTD; TALC,0.392509763600643,""
MMP2,IMMUNOSUPPRESSANT,FALSE,"",NCI,0.152642685844695,9862695
MMP2,NEOVASTAT,FALSE,inhibitor,TALC,0.27475683452045,""
MMP2,ILOMASTAT,FALSE,"",TTD,0.05495136690409,""
MMP2,BEVACIZUMAB,TRUE,"",CIViC,0.0343446043150563,""
MMP2,PAMIDRONATE,TRUE,"",PharmGKB,0.249778940473137,21396799
MMP2,VINBLASTINE,TRUE,"",NCI,0.0808108336824854,10590059
MMP2,RAMIPRIL,TRUE,"",NCI,0.457928057534084,16166267
MMP2,ULINASTATIN,FALSE,"",PharmGKB,0.915856115068167,31192912
MMP2,SIMVASTATIN,TRUE,"",NCI,0.05495136690409,16436088
MMP2,PACLITAXEL,TRUE,"",NCI,0.0249778940473137,9174131
MMP2,SHARK CARTILAGE EXTRACT AE-941,FALSE,"",TdgClinicalTrial,0.457928057534084,""
MMP2,S-3304,FALSE,vaccine,TALC,0.686892086301126,""
MMP2,INCYCLINIDE,FALSE,"",TTD; TdgClinicalTrial,1.37378417260225,""
MMP2,ZILEUTON,TRUE,"",DTC,0.305285371689389,24074025
MMP2,STREPTOZOCIN,TRUE,"",NCI,0.0597297466348805,9394952
MMP2,LETROZOLE,TRUE,"",NCI,0.152642685844695,12569569
MMP2,ALDESLEUKIN,TRUE,"",NCI,0.0915856115068167,8938794
MMP2,CHLORHEXIDINE GLUCONATE,TRUE,"",NCI,0.144608860273921,10225852
MMP2,CYCLOSPORINE,TRUE,"",NCI,0.0315812453471782,12639820
MMP2,OBOVATAL,FALSE,"",DTC,2.7475683452045,17428670
MMP2,DEMETHYLWEDELOLACTONE,FALSE,"",DTC,0.5495136690409,22926226
CYP11A1,MITOTANE,TRUE,inhibitor,ChEMBL,1.93347402069946,""
CYP11A1,AMINOGLUTETHIMIDE,TRUE,inhibitor,ChEMBL; TTD,4.35031654657379,""
CYP11A1,LEVOKETOCONAZOLE,TRUE,inhibitor,ChEMBL,3.48025323725904,""
FCGR3B,CYCLOSPORINE,TRUE,"",NCI,0.036366282520993,17852453
FCGR3B,ANGIOGENESIS INHIBITOR,FALSE,"",NCI,0.2636555482772,15457133
FCGR3B,IL-18,FALSE,"",NCI,1.0546221931088,16313368
FCGR3B,RECOMBINANT INTERLEUKIN-8,FALSE,"",NCI,0.790966644831599,1827816
FCGR3B,BETA-GLUCAN,FALSE,"",NCI,1.5819332896632,12444150
FCGR3B,PUROMYCIN,FALSE,"",NCI,0.351540731036266,8423352
FCGR3B,GELDANAMYCIN,FALSE,"",NCI,0.21092443862176,7662976
FCGR3B,ALDESLEUKIN,TRUE,"",NCI,0.15819332896632,2528593; 1827816
FCGR3B,TETRADECANOYLPHORBOL ACETATE,FALSE,"",NCI,0.068779708246226,1827816
FCGR3B,PREDNISOLONE,TRUE,"",NCI,0.112995234975943,17329922
FCGR3B,CHOLECALCIFEROL,TRUE,"",NCI,0.2636555482772,9811059
FCGR3B,PENICILLIN,FALSE,"",NCI,0.790966644831599,17257217
FCGR3B,EPOETIN ALFA,TRUE,"",NCI,0.0930548993919528,1300984
FCGR3B,FENTANYL CITRATE,TRUE,"",NCI,0.10546221931088,11772808
FCGR3B,FAS LIGAND,FALSE,"",NCI,0.2636555482772,10729215
FCGR3B,INDOMETHACIN,TRUE,"",NCI,0.0790966644831599,17329922
FCGR3B,MAFOSFAMIDE,FALSE,"",NCI,0.790966644831599,1515095
FCGR3B,PICIBANIL,FALSE,"",NCI,0.632773315865279,1371977
FCGR3B,POLY IC,FALSE,"",NCI,0.790966644831599,15315972
FCGR3B,IMMUNOTHERAPEUTIC AGENT,FALSE,"",NCI,0.31638665793264,1832500
FCGR3B,SODIUM CHLORIDE,TRUE,"",NCI,0.112995234975943,17187818
FCGR3B,PROGESTIN,TRUE,"",NCI,0.287624234484218,16635211
FCGR3B,CHONDROITIN SULFATES,TRUE,"",NCI,0.351540731036266,18006074
FCGR3B,CYTARABINE,TRUE,"",NCI,0.03954833224158,17852453
FCGR3B,METHOTREXATE,TRUE,"",NCI,0.0287624234484218,9811059
FCGR3B,DOXORUBICIN HYDROCHLORIDE,TRUE,"",NCI,0.0213774768873405,1830717
FCGR3B,LACTULOSE,TRUE,"",NCI,0.790966644831599,1418064
FCGR3B,LIF,FALSE,"",NCI,0.395483322415799,7686393
FCGR3B,THALIDOMIDE,TRUE,"",NCI,0.0855099075493621,15457133
FCGR3B,DIMETHYL SULFOXIDE,TRUE,"",NCI,0.1977416612079,16896803
FCGR3B,PROTEASE INHIBITOR,FALSE,"",NCI,0.15819332896632,16103765
FCGR3B,HEPARIN,TRUE,"",NCI,0.0988708306039499,18492254
FCGR3B,METHIMAZOLE,TRUE,"",NCI,0.150660313301257,12761360
SLC29A4,METFORMIN,TRUE,"",PharmGKB,1.27326337948501,22722338
SLC29A4,HISTAMINE,TRUE,"",DTC,4.01567681222196,22396231
CXCL8,VITAMIN A,TRUE,"",DTC,0.0235789514719447,""
CXCL8,FENTANYL CITRATE,TRUE,"",NCI,0.0424421126495004,9527747
CXCL8,ALPRAZOLAM,TRUE,"",NCI,0.0374489229260298,12218154
CXCL8,FENRETINIDE,TRUE,"",NCI,0.0471579029438894,16979119
CXCL8,RIBAVIRIN,TRUE,"",DTC,0.0167534655195396,""
CXCL8,RECOMBINANT INTERLEUKIN-1,FALSE,"",NCI,0.0707368544158341,2250017
CXCL8,CIDOFOVIR ANHYDROUS,TRUE,"",NCI,0.636631689742507,10630964
CXCL8,DIPYRIDAMOLE,TRUE,"",NCI,0.0227368460622324,10660968
CXCL8,TROGLITAZONE,TRUE,"",NCI,0.0489716684417313,12364456
CXCL8,LANSOPRAZOLE,TRUE,"",NCI,0.0439056337753453,17122965
CXCL8,IONOMYCIN,FALSE,"",NCI,0.141473708831668,7510691
CXCL8,E319,FALSE,"",DTC,0.0578756081584097,""
CXCL8,CEFTRIAXONE,TRUE,"",NCI,0.115751216316819,8011012
CXCL8,CHLORDANE,FALSE,"",DTC,0.106105281623751,""
CXCL8,FOSCARNET,TRUE,"",NCI,1.27326337948501,10630964
CXCL8,ADAKITUG,FALSE,inhibitor,ChEMBL,0.636631689742507,""
CXCL8,DANAZOL,TRUE,"",NCI,0.0795789612178133,16161451
CXCL8,D-ALPHA-TOCOPHEROL ACETATE,FALSE,"",NCI,0.636631689742507,15150308
CXCL8,DICYCLOHEXYLCARBODIIMIDE,FALSE,"",DTC,0.159157922435627,""
CXCL8,RO 31-8220,FALSE,"",NCI,0.318315844871253,2163626
CXCL8,BEVACIZUMAB,TRUE,"",PharmGKB,0.047747376730688,23584701; 19010874
CXCL8,BROXURIDINE,FALSE,"",DTC,0.0530526408118755,""
CXCL8,TRETINOIN,TRUE,"",NCI,0.0139919052690661,8900181
CXCL8,ALL-TRANS-RETINAL,FALSE,"",DTC,0.0909473842489295,""
CXCL8,METHIMAZOLE,TRUE,"",NCI,0.0606315894992863,11453524
CXCL8,DEOXYSPERGUALIN,FALSE,"",NCI,0.636631689742507,9507569
CXCL8,PAZOPANIB,TRUE,"",PharmGKB,0.0335069310390793,25695485; 21576632
CXCL8,OMEPRAZOLE,TRUE,"",NCI,0.0344125237698652,17122965
CXCL8,ALPHA-TOCOPHEROL ACETATE,TRUE,"",NCI,0.636631689742507,15150308
CXCL8,MEDROXYPROGESTERONE ACETATE,TRUE,"",NCI,0.127326337948501,15914533
CXCL8,ASPIRIN,TRUE,"",NCI,0.0143063301065732,12576442
CXCL8,TETRADECANOYLPHORBOL ACETATE,FALSE,"",NCI,0.0276796386844568,7510691
CXCL8,PENTOXIFYLLINE,TRUE,"",NCI,0.0363789536995718,12576442
CXCL8,PYROGALLOL,TRUE,"",DTC,0.0424421126495004,""
CXCL8,KLEBSIELLA PNEUMONIAE GLYCOPROTEIN,FALSE,"",NCI,1.27326337948501,9304405
CXCL8,ABX-IL8,FALSE,inhibitor,TTD; ChEMBL,1.27326337948501,""
CXCL8,FLUOROURACIL,TRUE,"",PharmGKB,0.0109764084438363,25589620
CXCL8,BIOFLAVONOID,FALSE,"",NCI,0.318315844871253,9292787
CXCL8,LEFLUNOMIDE,TRUE,"",NCI,0.106105281623751,10902750
CXCL8,QUESTIOMYCIN B,FALSE,"",DTC,0.127326337948501,""
CXCL8,"IBUPROFEN, SODIUM SALT",TRUE,"",TTD,0.0163238894805771,""
CXCL8,NAPROXEN SODIUM,TRUE,"",NCI,0.0748978458520596,11852880
CXCL8,PAMIDRONATE,TRUE,"",NCI,0.115751216316819,12006522
CXCL8,METHYLENE BLUE ANHYDROUS,TRUE,"",NCI,0.0344125237698652,12500513
CXCL8,BINETRAKIN,FALSE,"",NCI,0.254652675897003,11228246
CXCL8,COLCHICINE,TRUE,"",DTC,0.0122429171104328,""
CXCL8,DACARBAZINE,TRUE,"",DTC,0.0424421126495004,""
CXCL8,MANNOSE-BINDING LECTIN,FALSE,"",NCI,0.318315844871253,12900342
CXCL8,SUNITINIB,TRUE,"",PharmGKB,0.0397894806089067,26387812; 25695485
CXCL8,DINITRO CRESOL,FALSE,"",DTC,0.159157922435627,""
CXCL8,HISTONE DEACETYLASE INHIBITOR,FALSE,"",NCI,0.141473708831668,12010777
CXCL8,CLARITHROMYCIN,TRUE,"",NCI,0.0748978458520596,12003967
CXCL8,ALDRIN,FALSE,"",DTC,0.159157922435627,""
CXCL8,13-CIS-RETINAL,FALSE,"",DTC,0.159157922435627,""
CXCL8,ACETAMINOPHEN,TRUE,"",NCI,0.0244858342208656,15878691
CXCL8,MDX-018,FALSE,"",TTD,0.636631689742507,""
CXCL8,RECOMBINANT INTERFERON ALFA,FALSE,"",NCI,0.318315844871253,10037173; 10614716
CXCL8,PACLITAXEL,TRUE,"",NCI,0.0115751216316819,9271387
CXCL8,HARMINE HYDROCHLORIDE,FALSE,"",DTC,0.127326337948501,""
CXCL8,CANERTINIB DIHYDROCHLORIDE,FALSE,"",NCI,0.254652675897003,15956251
CXCL8,ALUMINUM HYDROXIDE,TRUE,"",NCI,1.27326337948501,10466876
CXCL8,TERFENADINE,TRUE,"",NCI,0.0707368544158341,8919641
CXCL8,DICHLORVOS,FALSE,"",DTC,0.159157922435627,""
CXCL8,VERAPAMIL,TRUE,"",NCI,0.0282947417663336,2686646
CXCL8,TALC,TRUE,"",NCI,1.27326337948501,17000556
CXCL8,GP-120 ANTIGEN,FALSE,"",NCI,0.0979433368834625,8995686
CXCL8,YANGONIN,FALSE,"",DTC,0.212210563247502,""
CXCL8,ACE INHIBITOR,FALSE,"",NCI,0.181894768497859,9846973
CXCL8,MIDAZOLAM HYDROCHLORIDE,TRUE,"",NCI,0.035368427207917,9620522
CXCL8,CHEMBL:CHEMBL1902074,FALSE,"",DTC,0.106105281623751,""
CXCL8,ANTIDEPRESSANT AGENT,FALSE,"",NCI,0.0244858342208656,11418279
CXCL8,CYCLOPHOSPHAMIDE ANHYDROUS,TRUE,"",PharmGKB,0.0157193009812965,19010874
CXCL8,RECOMBINANT LYMPHOTOXIN BETA,FALSE,"",NCI,0.636631689742507,9029113
CXCL8,RECOMBINANT CYTOKINE,FALSE,"",NCI,0.0489716684417313,11285034
CXCL8,ENDOSULFAN,FALSE,"",DTC,0.127326337948501,""
CXCL8,PROTECTIVE AGENT,FALSE,"",NCI,1.27326337948501,9479645
CXCL8,CORONOPILIN,FALSE,"",DTC,0.159157922435627,""
CXCL8,HEPTACHLOR,FALSE,"",DTC,0.212210563247502,""
CXCL8,EMODIN,FALSE,"",DTC,0.0244858342208656,""
CXCL8,RANIBIZUMAB,TRUE,"",PharmGKB,0.424421126495004,26653034
CXCL8,CETUXIMAB,TRUE,"",NCI,0.0344125237698652,15908664
CXCL8,HYDROQUINONE,TRUE,"",NCI; DTC,0.112346768778089,17118622
CYP2C9,CHEMBL:CHEMBL527271,FALSE,"",DTC,0.0200938408617727,""
CYP2C9,HYCANTHONE,FALSE,"",DTC,0.012690846860067,22931300
CYP2C9,CYCLOPHOSPHAMIDE ANHYDROUS,TRUE,"",PharmGKB; DTC,0.0104190285949933,29517418; 26894931; 18496131; 12684728; 22931300
CYP2C9,PD123319,FALSE,"",DTC,0.0301407612926591,""
CYP2C9,ZAFIRLUKAST,TRUE,"",PharmGKB; DTC,0.026791787815697,27377818; 22931300
CYP2C9,DIGOXIN,TRUE,"",DTC,0.00709194383356684,22931300
CYP2C9,CHEMBL:CHEMBL471226,FALSE,"",DTC,0.0602815225853182,""
CYP2C9,TRIAMCINOLONE,TRUE,"",DTC,0.0104837430583162,22931300
CYP2C9,DICLOFENAC SODIUM,TRUE,"",PharmGKB; DTC,0.0496436068349679,8417277; 36582532; 32531309; 26544900; 26255664; 25994031; 23959274; 23400009; 20814155; 17681167; 14707031; 22931300
CYP2C9,KETANSERIN,FALSE,"",DTC,0.0052418715291581,""
CYP2C9,CYC-116,FALSE,"",DTC,0.00248583598289972,20462263
CYP2C9,MEFENAMIC ACID,TRUE,"",DTC,0.0172232921672338,22931300
CYP2C9,CHEMBL:CHEMBL1611308,FALSE,"",DTC,0.0602815225853182,""
CYP2C9,(R)-PINOCEMBRIN,FALSE,"",DTC,0.0301407612926591,""
CYP2C9,CHLORPROPAMIDE,TRUE,"",DTC,0.0219205536673884,22931300
CYP2C9,FELBAMATE,TRUE,"",DTC,0.0200938408617727,22931300
CYP2C9,TYRPHOSTIN 23,FALSE,"",DTC,0.00574109738907792,""
CYP2C9,SULFAPHENAZOLE,TRUE,"",DTC; TTD,0.0452111419389886,22931300
CYP2C9,ABROCITINIB,TRUE,"",PharmGKB,0.0200938408617727,""
CYP2C9,GR 89696,FALSE,"",DTC,0.0200938408617727,""
CYP2C9,LESINURAD,TRUE,"",FDA; PharmGKB,0.0803753634470909,""
CYP2C9,NIFEDIPINE,TRUE,"",DTC,0.00430582304180844,22931300
CYP2C9,PIOGLITAZONE HYDROCHLORIDE,TRUE,"",PharmGKB,0.0141838876671337,28099407
CYP2C9,PYRROLIDINE DITHIOCARBAMATE,FALSE,"",DTC,0.00927408039774126,""
CYP2C9,CHEMBL:CHEMBL258465,FALSE,"",DTC,0.0241126090341273,""
CYP2C9,VANOXERINE,FALSE,"",DTC,0.00602815225853182,""
CYP2C9,FLURBIPROFEN,TRUE,"",PharmGKB; FDA,0.0753519032316477,32423989; 25712887; 12698304
CYP2C9,TROGLITAZONE,TRUE,"",DTC,0.00927408039774126,22931300
CYP2C9,5-METHOXYPSORALEN,FALSE,"",DTC,0.0200938408617727,""
CYP2C9,DIPHENHYDRAMINE,TRUE,"",DTC,0.0301407612926591,22931300
CYP2C9,VALPROIC ACID,TRUE,"",DTC,0.00423028228668899,22931300
CYP2C9,CHEMBL:CHEMBL601110,FALSE,"",DTC,0.0172232921672338,""
CYP2C9,STAVUDINE,TRUE,"",DTC,0.0185481607954825,22931300
CYP2C9,OMEPRAZOLE,TRUE,"",DTC,0.00651692136057494,22931300
CYP2C9,POMIFERIN,FALSE,"",DTC,0.0133958939078485,""
CYP2C9,TYRPHOSTIN AG 879,FALSE,"",DTC,0.00669794695392424,""
CYP2C9,FLUNISOLIDE ANHYDROUS,TRUE,"",DTC,0.0219205536673884,22931300
CYP2C9,CHEMBL:CHEMBL336095,FALSE,"",DTC,0.0150703806463295,""
CYP2C9,CARBAMAZEPINE,TRUE,"",DTC,0.00492094061920965,22931300
CYP2C9,MANGOSTIN,FALSE,"",DTC,0.0120563045170636,""
CYP2C9,CHEMBL:CHEMBL512908,FALSE,"",DTC,0.0200938408617727,""
CYP2C9,AMIODARONE HYDROCHLORIDE,TRUE,"",DTC,0.00927408039774126,22931300
CYP2C9,DOFETILIDE,TRUE,"",DTC,0.0185481607954825,22931300
CYP2C9,CHEMBL:CHEMBL1256291,FALSE,"",DTC,0.0109602768336942,""
CYP2C9,NICLOSAMIDE,TRUE,"",DTC,0.00446529796928283,""
CYP2C9,MELOXICAM,TRUE,"",FDA; PharmGKB,0.120563045170636,9493314; 29024493; 26774055; 24615047; 24322170; 21395648
CYP2C9,(R)-FLECAINIDE,FALSE,"",DTC,0.0301407612926591,""
CYP2C9,DOXEPIN HYDROCHLORIDE,TRUE,"",PharmGKB,0.00548013841684711,12360109
CYP2C9,SB203580,FALSE,"",DTC,0.00415734638519436,""
CYP2C9,(S)-AMPA,FALSE,"",DTC,0.0401876817235454,""
CYP2C9,PITAVASTATIN,TRUE,"",PharmGKB,0.0482252180682545,23556337
CYP2C9,IPRATROPIUM CATION,TRUE,"",DTC,0.0200938408617727,22931300
CYP2C9,SB 216763,FALSE,"",DTC,0.00803753634470909,""
CYP2C9,SR2640,FALSE,"",DTC,0.0109602768336942,""
CYP2C9,CP55940,FALSE,"",DTC,0.0120563045170636,""
CYP2C9,SULFAMETHOXAZOLE,TRUE,"",DTC,0.0172232921672338,22931300
CYP2C9,ACETAMINOPHEN,TRUE,"",PharmGKB; DTC,0.00695556029830594,22931300
CYP2C9,SULFADOXINE,TRUE,"",DTC,0.0401876817235454,22931300
CYP2C9,GW5074,FALSE,"",DTC,0.00548013841684711,""
CYP2C9,FOSPHENYTOIN,TRUE,"",PharmGKB,0.00927408039774126,""
CYP2C9,OFLOXACIN,TRUE,"",DTC,0.0200938408617727,22931300
CYP2C9,DIPYRONE,TRUE,"",PharmGKB,0.0482252180682545,25241292
CYP2C9,LINEZOLID,TRUE,"",DTC,0.026791787815697,24044938
CYP2C9,DESIPRAMINE,TRUE,"",PharmGKB,0.00309136013258042,""
CYP2C9,AMINOPURVALANOL A,FALSE,"",DTC,0.0200938408617727,""
CYP2C9,BENZBROMARONE,TRUE,"",DTC; PharmGKB,0.0301407612926591,25876828; 20962433
CYP2C9,DAIDZEIN,FALSE,"",DTC,0.00634542343003349,""
CYP2C9,FLIBANSERIN,TRUE,"",PharmGKB; FDA,0.0344465843344675,""
CYP2C9,ENDO-ATROPINE,FALSE,"",DTC,0.0482252180682545,22931300
CYP2C9,RIMEGEPANT,TRUE,"",PharmGKB,0.0401876817235454,""
CYP2C9,LANSOPRAZOLE SULFIDE,FALSE,"",DTC,0.0241126090341273,""
CYP2C9,EMODIN,FALSE,"",DTC,0.00463704019887063,""
CYP2C9,TRAMADOL,TRUE,"",PharmGKB,0.00502346021544318,""
CYP2C9,CHEMBL:CHEMBL585045,FALSE,"",DTC,0.0301407612926591,""
CYP2C9,ZOXAZOLAMINE,FALSE,"",DTC,0.0482252180682545,22931300
CYP2C9,MIRTAZAPINE,TRUE,"",DTC,0.00602815225853182,""
CYP2C9,GEFITINIB,TRUE,"",PharmGKB,0.00359889687076526,24433361
CYP2C9,MK-212,FALSE,"",DTC,0.0301407612926591,""
CYP2C9,PIMARIC ACID,FALSE,"",DTC,0.0602815225853182,""
CYP2C9,GW7647,FALSE,"",DTC,0.00401876817235454,""
CYP2C9,DEXAMETHASONE,TRUE,"",DTC,0.00283677753342674,22931300
CYP2C9,IMIPRAMINE HYDROCHLORIDE,TRUE,"",DTC,0.0120563045170636,22931300
CYP2C9,NAPROXEN SODIUM,TRUE,"",NCI; DTC,0.0283677753342674,14691574; 22931300
CYP2C9,(R)-FELODIPINE,FALSE,"",DTC,0.0401876817235454,""
CYP2C9,AZATHIOPRINE,TRUE,"",DTC,0.00634542343003349,22931300
CYP2C9,URAPIDIL,FALSE,"",DTC,0.0200938408617727,""
CYP2C9,FPL64176,FALSE,"",DTC,0.0133958939078485,""
CYP2C9,BERGAMOTTIN,FALSE,"",DTC,0.0200938408617727,""
CYP2C9,EMBELIN,FALSE,"",DTC,0.00803753634470909,""
CYP2C9,WARFARIN,TRUE,"",NCI; FDA,0.0109602768336942,15050794
CYP2C9,TORSEMIDE,TRUE,"",DTC,0.0200938408617727,22931300
CYP2C9,"NITROFURANTOIN, MACROCRYSTALS",TRUE,"",DTC,0.0185481607954825,22931300
CYP2C9,MORIN,FALSE,"",DTC,0.00634542343003349,""
CYP2C9,(R)-NFPS,FALSE,"",DTC,0.0301407612926591,""
CYP2C9,GLYCINE,TRUE,"",DTC,0.0200938408617727,22931300
CYP2C9,ETHAVERINE,FALSE,"",DTC,0.0602815225853182,""
CYP2C9,ALLOPURINOL,TRUE,"",DTC,0.00803753634470909,22931300
CYP2C9,CDK1/5 INHIBITOR,FALSE,"",DTC,0.0200938408617727,""
CYP2C9,SB 203186,FALSE,"",DTC,0.0401876817235454,""
CYP2C9,DICUMAROL,TRUE,"",DTC,0.0150703806463295,""
CYP2C9,AURINTRICARBOXYLIC ACID,FALSE,"",DTC,0.00388913048937537,""
CYP2C9,MECLIZINE,TRUE,"",DTC,0.0344465843344675,22931300
CYP2C9,DAPSONE,TRUE,"",DTC,0.0219205536673884,22931300
CYP2C9,LABETALOL,TRUE,"",DTC,0.0133958939078485,22931300
CYP2C9,MENTHOFURAN,FALSE,"",DTC,0.0602815225853182,22931300
CYP2C9,CEFOPERAZONE,FALSE,"",DTC,0.0301407612926591,22931300
CYP2C9,BRILLIANT GREEN OXALATE,FALSE,"",DTC,0.0241126090341273,""
CYP2C9,ZUCAPSAICIN,FALSE,"",DTC,0.0172232921672338,""
CYP2C9,LEUCINE,TRUE,"",DTC,0.0401876817235454,22931300
CYP2C9,GLAFENINE,TRUE,"",DTC,0.0344465843344675,22931300
CYP2C9,ZILEUTON,TRUE,"",DTC,0.026791787815697,22931300
CYP2C9,RS-100329,FALSE,"",DTC,0.0301407612926591,""
CYP2C9,INDOMETHACIN MORPHOLINYLAMIDE,FALSE,"",DTC,0.0401876817235454,""
CYP2C9,PROPYLPYRAZOLETRIOL,FALSE,"",DTC,0.0100469204308864,""
CYP2C9,SALAGEN,FALSE,"",DTC,0.0301407612926591,""
CYP2C9,SELEGILINE,TRUE,"",DTC,0.0241126090341273,22931300
CYP2C9,ETIDRONIC ACID,TRUE,"",DTC,0.0172232921672338,22931300
CYP2C9,MECLOFENAMATE SODIUM,TRUE,"",DTC,0.0172232921672338,""
CYP2C9,ETRASIMOD,TRUE,"",PharmGKB,0.0241126090341273,""
CYP2C9,INDOMETHACIN,TRUE,"",DTC,0.00602815225853182,22931300
CYP2C9,MAPROTILINE,TRUE,"",DTC,0.0185481607954825,22931300
CYP2C9,GEMFIBROZIL,TRUE,"",DTC,0.00927408039774126,""
CYP2C9,MINOXIDIL,TRUE,"",DTC,0.0200938408617727,22931300
CYP2C9,NICORANDIL,FALSE,"",DTC,0.0241126090341273,""
CYP2C9,MONOAMINE OXIDASE INHIBITOR,FALSE,"",PharmGKB,0.00415734638519436,""
CYP2C9,ICI-199441,FALSE,"",DTC,0.0172232921672338,""
CYP2C9,COUMARIN,TRUE,"",DTC,0.0200938408617727,22931300
CYP2C9,BUSULFAN,TRUE,"",DTC; PharmGKB,0.025381693720134,22931300; 24165757
CYP2C9,ETHINYL ESTRADIOL,TRUE,"",DTC,0.0120563045170636,22931300
CYP2C9,NONIVAMIDE,TRUE,"",DTC,0.0241126090341273,""
CYP2C9,SPLITOMICIN,FALSE,"",DTC,0.0241126090341273,""
CYP2C9,CHEMBL:CHEMBL123904,FALSE,"",DTC,0.0241126090341273,""
CYP2C9,TYRPHOSTIN A9,FALSE,"",DTC,0.00548013841684711,""
CYP2C9,NATEGLINIDE,TRUE,"",PharmGKB; DTC,0.0535835756313939,22842957; 22931300
CYP2C9,MRS1220,FALSE,"",DTC,0.0133958939078485,""
CYP2C9,ICILIN,FALSE,"",DTC,0.0401876817235454,""
CYP2C9,CI-966,FALSE,"",DTC,0.0401876817235454,""
CYP2C9,TOLFENAMIC ACID,FALSE,"",DTC,0.0120563045170636,""
CYP2C9,CELECOXIB,TRUE,"",FDA,0.00179944843538263,""
CYP2C9,CILOSTAZOL,TRUE,"",DTC,0.0172232921672338,22931300
CYP2C9,CYPROTERONE,TRUE,"",DTC,0.0344465843344675,22931300
CYP2C9,A68930,FALSE,"",DTC,0.0200938408617727,""
CYP2C9,DANTROLENE,TRUE,"",DTC,0.026791787815697,22931300
CYP2C9,MINOCYCLINE,TRUE,"",DTC,0.0301407612926591,22931300
CYP2C9,GUAIFENESIN,TRUE,"",DTC,0.0602815225853182,22931300
CYP2C9,CHEMBL:CHEMBL239439,FALSE,"",DTC,0.0172232921672338,""
CYP2C9,AMPHOTERICIN B LIPOSOMAL,TRUE,"",DTC,0.0185481607954825,22931300
CYP2C9,CHEMBL:CHEMBL606167,FALSE,"",DTC,0.0150703806463295,""
CYP2C9,ANTIPSYCHOTIC AGENT,FALSE,"",NCI,0.0803753634470909,8866916
CYP2C9,METHYLDOPA ANHYDROUS,TRUE,"",DTC,0.00777826097875073,22931300
CYP2C9,CHLOROQUINE,TRUE,"",DTC,0.0150703806463295,22931300
CYP2C9,GYKI53784,FALSE,"",DTC,0.0150703806463295,""
CYP2C9,PHENOBARBITAL,TRUE,"",DTC,0.00634542343003349,22931300
CYP2C9,MASOPROCOL,TRUE,"",DTC,0.00256517117384333,""
CYP2C9,TROLEANDOMYCIN,TRUE,"",DTC,0.0344465843344675,22931300
CYP2C9,SB 228357,FALSE,"",DTC,0.0172232921672338,""
CYP2C9,CLOMIPRAMINE,TRUE,"",PharmGKB,0.00317271171501675,""
CYP2C9,PLICAMYCIN,TRUE,"",DTC,0.0401876817235454,22931300
CYP2C9,4-HYDROXYCYCLOPHOSPHAMIDE,TRUE,"",PharmGKB,0.180844567755954,18496131; 12684728
CYP2C9,REL-CISAPRIDE,FALSE,"",DTC,0.0401876817235454,22931300
CYP2C9,"1R,9S-HYDRASTINE",FALSE,"",DTC,0.0301407612926591,""
CYP2C9,DEXMEDETOMIDINE HYDROCHLORIDE,TRUE,"",DTC,0.0109602768336942,""
CYP2C9,NISOLDIPINE,TRUE,"",DTC,0.0141838876671337,22931300
CYP2C9,"L-162,313",FALSE,"",DTC,0.0133958939078485,""
CYP2C9,(S)-NIMODIPINE,FALSE,"",DTC,0.0301407612926591,""
CYP2C9,KARANJIN,FALSE,"",DTC,0.0200938408617727,""
CYP2C9,TESMILIFENE,FALSE,"",DTC,0.0150703806463295,""
CYP2C9,COLCHICINE,TRUE,"",DTC,0.00463704019887063,22931300
CYP2C9,CHEMBL:CHEMBL222808,FALSE,"",DTC,0.0602815225853182,""
CYP2C9,MICONAZOLE NITRATE,TRUE,"",DTC,0.00753519032316477,""
CYP2C9,TICLOPIDINE,TRUE,"",DTC,0.0185481607954825,22931300
CYP2C9,AVATROMBOPAG,TRUE,"",FDA; PharmGKB,0.0344465843344675,""
CYP2C9,PROCHLORPERAZINE,TRUE,"",DTC,0.00861164608361688,22931300
CYP2C9,GABAPENTIN,TRUE,"",PharmGKB,0.00301407612926591,""
CYP2C9,ISRADIPINE,TRUE,"",DTC,0.0100469204308864,""
CYP2C9,GLABRANIN,FALSE,"",DTC,0.0401876817235454,""
CYP2C9,RANITIDINE HYDROCHLORIDE,TRUE,"",DTC,0.0150703806463295,22931300
CYP2C9,ZIDOVUDINE,TRUE,"",PharmGKB; DTC,0.0178611918771313,22960662; 22931300
CYP2C9,ANIRACETAM,FALSE,"",DTC,0.0133958939078485,""
CYP2C9,"IBUPROFEN, SODIUM SALT",TRUE,"",DTC,0.00618272026516084,22931300
CYP2C9,GENTAMICIN,TRUE,"",DTC,0.0104837430583162,22931300
CYP2C9,DACARBAZINE,TRUE,"",DTC,0.0160750726894182,22931300
CYP2C9,CP-339818,FALSE,"",DTC,0.0301407612926591,""
CYP2C9,DILTIAZEM HYDROCHLORIDE,TRUE,"",DTC,0.0150703806463295,22931300
CYP2C9,SIMVASTATIN,TRUE,"",DTC,0.00482252180682545,22931300
CYP2C9,OXOTREMORINE,FALSE,"",DTC,0.0172232921672338,""
CYP2C9,SILVER SULFADIAZINE,TRUE,"",DTC,0.0150703806463295,""
CYP2C9,GLYBURIDE,TRUE,"",DTC,0.00415734638519436,""
CYP2C9,CHEMBL:CHEMBL225513,FALSE,"",DTC,0.0150703806463295,""
CYP2C9,[3H]GABAZINE,FALSE,"",DTC,0.0133958939078485,""
CYP2C9,AM404,FALSE,"",DTC,0.0172232921672338,""
CYP2C9,CHEMBL:CHEMBL311489,FALSE,"",DTC,0.0602815225853182,""
CYP2C9,CHEMBL:CHEMBL530733,FALSE,"",DTC,0.0172232921672338,""
CYP2C9,TARENFLURBIL,FALSE,"",DTC,0.0100469204308864,""
CYP2C9,ETHACRYNIC ACID,TRUE,"",DTC,0.00753519032316477,""
CYP2C9,ERYTHROMYCIN,TRUE,"",DTC,0.0104837430583162,22931300
CYP2C9,AMSACRINE,TRUE,"",DTC,0.0160750726894182,22931300
CYP2C9,SULFASALAZINE,TRUE,"",DTC,0.0100469204308864,22931300
CYP2C9,NIMESULIDE,FALSE,"",DTC,0.0172232921672338,22931300
CYP2C9,PURVALANOLA,FALSE,"",DTC,0.0200938408617727,""
CYP2C9,PD-98059,FALSE,"",DTC,0.00325846068028747,""
CYP2C9,HEXESTROL,FALSE,"",DTC,0.0200938408617727,""
CYP2C9,HESPERETIN,TRUE,"",DTC,0.0133958939078485,""
CYP2C9,RIMCAZOLE,FALSE,"",DTC,0.0200938408617727,""
CYP2C9,ISONIAZID,TRUE,"",DTC,0.026791787815697,22931300
CYP2C9,SULPIRIDE,TRUE,"",DTC,0.0172232921672338,22931300
CYP2C9,NABUMETONE,TRUE,"",PharmGKB,0.0150703806463295,""
CYP2C9,DRONABINOL,TRUE,"",FDA; PharmGKB,0.0141838876671337,""
CYP2C9,QUINIDINE,TRUE,"",DTC,0.0180844567755954,22931300; 19117415
CYP2C9,ASPIRIN,TRUE,"",DTC,0.00270928191394688,22931300
CYP2C9,(-)-USNIC ACID,FALSE,"",DTC,0.120563045170636,""
CYP2C9,METHYLHOMATROPINE,TRUE,"",DTC,0.026791787815697,22931300
CYP2C9,FLUTAMIDE,TRUE,"",DTC,0.0120563045170636,22931300
CYP2C9,CHEMBL:CHEMBL1548739,FALSE,"",DTC,0.0602815225853182,""
CYP2C9,BW373U86,FALSE,"",DTC,0.0200938408617727,""
CYP2C9,FAMPROFAZONE,FALSE,"",DTC,0.0602815225853182,""
CYP2C9,TENOXICAM,FALSE,"",PharmGKB,0.0723378271023818,18992346; 15229460
CYP2C9,NOSCAPINE,FALSE,"",DTC,0.0301407612926591,""
CYP2C9,QUERCETIN,TRUE,"",DTC,0.00152611449583084,""
CYP2C9,BECLOMETHASONE,TRUE,"",DTC,0.0200938408617727,22931300
CYP2C9,ACECLOFENAC,TRUE,"",DTC; PharmGKB,0.120563045170636,26544900
CYP2C9,E324,FALSE,"",DTC,0.00927408039774126,""
CYP2C9,SOTALOL,TRUE,"",DTC,0.0172232921672338,22931300
CYP2C9,ROSIGLITAZONE,TRUE,"",PharmGKB,0.00548013841684711,""
CYP2C9,CHEMBL:CHEMBL587849,FALSE,"",DTC,0.0120563045170636,""
CYP2C9,SB 204741,FALSE,"",DTC,0.0100469204308864,""
CYP2C9,TIRATRICOL,FALSE,"",DTC,0.0200938408617727,""
CYP2C9,HYDROXYZINE,TRUE,"",DTC,0.026791787815697,22931300
CYP2C9,N- (9-FLUORENYLMETHOXYCARBONYL)-L-LEUCINE,FALSE,"",DTC,0.0602815225853182,""
CYP2C9,4-CHLOROMERCURIBENZOIC ACID,FALSE,"",DTC,0.00430582304180844,""
CYP2C9,CHEMBL:CHEMBL584854,FALSE,"",DTC,0.0602815225853182,""
CYP2C9,CHEMBL:CHEMBL547407,FALSE,"",DTC,0.0602815225853182,""
CYP2C9,MESTRANOL,TRUE,"",DTC,0.026791787815697,22931300
CYP2C9,FERROUS SULFATE,TRUE,"",DTC,0.0602815225853182,22931300
CYP2C9,CLOPIDOGREL,TRUE,"",DTC,0.00344465843344675,""
CYP2C9,FENTICLOR,FALSE,"",DTC,0.00634542343003349,""
CYP2C9,MIDODRINE,TRUE,"",DTC,0.0301407612926591,22931300
CYP2C9,CHEMBL:CHEMBL242172,FALSE,"",DTC,0.0301407612926591,""
CYP2C9,DANAZOL,TRUE,"",DTC,0.0150703806463295,22931300
CYP2C9,DIDANOSINE,TRUE,"",DTC,0.0172232921672338,22931300
CYP2C9,AZTREONAM,TRUE,"",DTC,0.0401876817235454,22931300
CYP2C9,CHEMBL:CHEMBL29197,FALSE,"",DTC,0.0150703806463295,""
CYP2C9,EBSELEN,FALSE,"",DTC,0.00344465843344675,""
CYP2C9,CIPROFLOXACIN,TRUE,"",DTC,0.0219205536673884,22931300
CYP2C9,CAPSAZEPINE,FALSE,"",DTC,0.00548013841684711,""
CYP2C9,NPPB,FALSE,"",DTC,0.0150703806463295,""
CYP2C9,DIHYDROCAPSAICIN,FALSE,"",DTC,0.0301407612926591,""
CYP2C9,CHEMBL:CHEMBL253786,FALSE,"",DTC,0.0602815225853182,""
CYP2C9,VANIPREVIR,FALSE,"",DTC,0.0602815225853182,19841155
CYP2C9,CHEMBL:CHEMBL238624,FALSE,"",DTC,0.0200938408617727,""
CYP2C9,LINOPIRDINE,FALSE,"",DTC,0.0172232921672338,""
CYP2C9,CHEMBL:CHEMBL552439,FALSE,"",DTC,0.0401876817235454,""
CYP2C9,BUTORPHANOL,TRUE,"",DTC,0.026791787815697,22931300
CYP2C9,FLOXURIDINE,TRUE,"",DTC,0.0172232921672338,22931300
CYP2C9,INDINAVIR,FALSE,"",DTC,0.0241126090341273,22931300
CYP2C9,METYROSINE,TRUE,"",DTC,0.0185481607954825,22931300
CYP2C9,MITOMYCIN,TRUE,"",DTC,0.0100469204308864,22931300
CYP2C9,GW282974X,FALSE,"",DTC,0.0150703806463295,""
CYP2C9,PRASUGREL,TRUE,"",FDA,0.0200938408617727,""
CYP2C9,CHEMBL:CHEMBL242171,FALSE,"",DTC,0.0120563045170636,""
CYP2C9,BUTYLATED HYDROXYTOLUENE,TRUE,"",DTC,0.026791787815697,22931300
CYP2C9,SB 224289,FALSE,"",DTC,0.0100469204308864,""
CYP2C9,ZAPA,FALSE,"",DTC,0.0172232921672338,""
CYP2C9,LIOTHYRONINE,TRUE,"",DTC,0.00730685122246281,22931300
CYP2C9,TETRACYCLINE,TRUE,"",DTC,0.0133958939078485,22931300
CYP2C9,CHEMBL:CHEMBL1420370,FALSE,"",DTC,0.0172232921672338,""
CYP2C9,CHEMBL:CHEMBL546597,FALSE,"",DTC,0.0150703806463295,""
CYP2C9,ANTICONVULSANT AGENT,FALSE,"",PharmGKB,0.0160750726894182,21985811
CYP2C9,PROPYLTHIOURACIL,TRUE,"",DTC,0.0120563045170636,22931300
CYP2C9,MECAMYLAMINE,TRUE,"",DTC,0.0200938408617727,22931300
CYP2C9,DIETHYLSTILBESTROL,TRUE,"",DTC,0.00730685122246281,22931300
CYP2C9,CHEMBL:CHEMBL471225,FALSE,"",DTC,0.0241126090341273,""
CYP2C9,CYTARABINE,TRUE,"",DTC,0.00301407612926591,22931300
CYP2C9,2-CHLORO-5-NITRO-N-PHENYLBENZAMIDE,FALSE,"",DTC,0.0150703806463295,""
CYP2C9,CHEMBL:CHEMBL244707,FALSE,"",DTC,0.0109602768336942,""
CYP2C9,[3H]GBR12935,FALSE,"",DTC,0.0172232921672338,""
CYP2C9,CHEMBL:CHEMBL472656,FALSE,"",DTC,0.0301407612926591,""
CYP2C9,PHENYLBUTAZONE,TRUE,"",DTC,0.0172232921672338,22931300
CYP2C9,ENOXOLONE,FALSE,"",DTC,0.0241126090341273,22931300
CYP2C9,PAREGORIC,TRUE,"",PharmGKB,0.00262093576457905,""
CYP2C9,PROPOFOL,TRUE,"",PharmGKB,0.00777826097875073,24891132
CYP2C9,AMITRIPTYLINE HYDROCHLORIDE,TRUE,"",DTC,0.00535835756313939,22931300
CYP2C9,SB-408124,FALSE,"",DTC,0.0150703806463295,""
CYP2C9,CHEMBL:CHEMBL421215,FALSE,"",DTC,0.0133958939078485,""
CYP2C9,CHLORPROMAZINE,TRUE,"",DTC,0.00651692136057494,22931300
CYP2C9,DOXORUBICIN HYDROCHLORIDE,TRUE,"",DTC,0.00162923034014373,22931300
CYP2C9,LEUPROLIDE ACETATE,TRUE,"",DTC,0.0241126090341273,22931300
CYP2C9,MONTELUKAST SODIUM,TRUE,"",DTC,0.0109602768336942,22931300
CYP2C9,METARAMINOL,TRUE,"",DTC,0.0344465843344675,22931300
CYP2C9,DUP-697,FALSE,"",DTC,0.0401876817235454,""
CYP2C9,TAMOXIFEN,TRUE,"",DTC,0.0037096321590965,22931300
CYP2C9,PSORA-4,FALSE,"",DTC,0.0172232921672338,""
CYP2C9,RS67506,FALSE,"",DTC,0.0301407612926591,""
CYP2C9,CLOTRIMAZOLE,TRUE,"",DTC,0.00651692136057494,22931300
CYP2C9,CROMOGLYCATE,TRUE,"",DTC,0.0301407612926591,22931300
CYP2C9,FENOFIBRATE MICRONIZED,TRUE,"",DTC,0.00927408039774126,22931300
CYP2C9,CHEMBL:CHEMBL120806,FALSE,"",DTC,0.0241126090341273,""
CYP2C9,OSPEMIFENE,TRUE,"",FDA; PharmGKB,0.0482252180682545,""
CYP2C9,FLUVOXAMINE,TRUE,"",DTC,0.0185481607954825,22931300
CYP2C9,ALPROSTADIL,TRUE,"",DTC,0.0104837430583162,22931300
CYP2C9,ASARININ,FALSE,"",DTC,0.0401876817235454,""
CYP2C9,NEOSTIGMINE BROMIDE,FALSE,"",DTC,0.0482252180682545,22931300
CYP2C9,KAEMPHEROL,FALSE,"",DTC,0.00669794695392424,""
CYP2C9,CHEMBL:CHEMBL429095,FALSE,"",DTC,0.00241126090341273,""
CYP2C9,SB 222200,FALSE,"",DTC,0.0172232921672338,""
CYP2C9,CLOZAPINE,TRUE,"",DTC,0.00248583598289972,22931300
CYP2C9,SULINDAC,TRUE,"",DTC,0.0114821947781558,22931300
CYP2C9,"3,4-DICHLOROISOCOUMARIN",FALSE,"",DTC,0.00803753634470909,""
CYP2C9,CARBIMAZOLE,TRUE,"",DTC,0.0401876817235454,22931300
CYP2C9,CHEMBL:CHEMBL80155,FALSE,"",DTC,0.0120563045170636,""
CYP2C9,KETOROLAC TROMETHAMINE,TRUE,"",PharmGKB,0.0301407612926591,34246203
CYP2C9,"3,6-DIMETHOXYFLAVONE",FALSE,"",DTC,0.0301407612926591,""
CYP2C9,COMPOUND 9 [PMID: 1738140],FALSE,inhibitor,GuideToPharmacology,0.120563045170636,""
CYP2C9,TRETINOIN,TRUE,"",DTC,0.0026497372564975,22931300
CYP2C9,WIN55212-2,FALSE,"",DTC,0.00574109738907792,""
CYP2C9,DL-TBOA,FALSE,"",DTC,0.0150703806463295,""
CYP2C9,PHLORETIN,TRUE,"",DTC,0.00753519032316477,""
CYP2C9,CHEMBL:CHEMBL515505,FALSE,"",DTC,0.0052418715291581,""
CYP2C9,CLARITHROMYCIN,TRUE,"",DTC,0.0141838876671337,22931300
CYP2C9,AM281,FALSE,"",DTC,0.0401876817235454,""
CYP2C9,PRIMIDONE,TRUE,"",PharmGKB,0.00688931686689351,28343093
CYP2C9,RIFAMPIN,TRUE,"",DTC,0.00861164608361688,22931300
CYP2C9,LORATADINE,TRUE,"",DTC,0.00634542343003349,""
CYP2C9,AMOXICILLIN ANHYDROUS,TRUE,"",DTC,0.012690846860067,22931300
CYP2C9,FISETIN,FALSE,"",DTC,0.00927408039774126,""
CYP2C9,CHEMBL:CHEMBL145725,FALSE,"",DTC,0.0301407612926591,""
CYP2C9,CEFTRIAXONE,TRUE,"",DTC,0.0219205536673884,22931300
CYP2C9,PROPRANOLOL HYDROCHLORIDE,TRUE,"",DTC,0.0100469204308864,22931300
CYP2C9,PIROXICAM-BETA-CYCLODEXTRIN,TRUE,"",DTC; FDA,0.0278222411932238,22931300
CYP2C9,PYRILAMINE,TRUE,"",DTC,0.0301407612926591,22931300
CYP2C9,LUMIRACOXIB,TRUE,"",PharmGKB,0.0200938408617727,""
CYP2C9,PYRIDOSTIGMINE,TRUE,"",DTC,0.0301407612926591,22931300
CYP2C9,METHOCARBAMOL,TRUE,"",DTC,0.0401876817235454,22931300
CYP2C9,PF-03715455,FALSE,"",DTC,0.0401876817235454,21888439
CYP2C9,PHENYTOIN SODIUM,TRUE,"",FDA; DTC,0.00861164608361688,22931300
CYP2C9,BRIVARACETAM,TRUE,"",PharmGKB,0.0401876817235454,""
CYP2C9,TRIMIPRAMINE,TRUE,"",PharmGKB,0.00730685122246281,14520122
CYP2C9,CHEMBL:CHEMBL1342336,FALSE,"",DTC,0.0150703806463295,""
CYP2C9,PSEUDOEPHEDRINE,TRUE,"",DTC,0.00709194383356684,""
CYP2C9,NS1619,FALSE,"",DTC,0.0241126090341273,""
CYP2C9,CHEMBL:CHEMBL362223,FALSE,"",DTC,0.0241126090341273,""
CYP2C9,ETOPOSIDE,TRUE,"",DTC,0.00415734638519436,22931300
CYP2C9,FLUCONAZOLE,TRUE,"",DTC; PharmGKB,0.0482252180682545,22931300; 26886310
CYP2C9,SPERMIDINE,FALSE,"",DTC,0.0241126090341273,""
CYP2C9,CHEMBL:CHEMBL512832,FALSE,"",DTC,0.0602815225853182,""
CYP2C9,MERCAPTOPURINE,TRUE,"",DTC,0.00535835756313939,22931300
CYP2C9,REMOXIPRIDE,TRUE,"",DTC,0.0401876817235454,22931300
CYP2C9,(R)-NITRENDIPINE,FALSE,"",DTC,0.0301407612926591,""
CYP2C9,NEVIRAPINE,TRUE,"",PharmGKB; DTC,0.0164404152505413,22931300
CYP2C9,CLEMASTINE,TRUE,"",DTC,0.0241126090341273,22931300
CYP2C9,SORAFENIB,TRUE,"",PharmGKB,0.00209674861166324,28362716
CYP2C9,OXYMORPHONE,TRUE,"",PharmGKB,0.0109602768336942,""
CYP2C9,PSORALEN,FALSE,"",DTC,0.0172232921672338,""
CYP2C9,MODAFINIL,TRUE,"",DTC,0.026791787815697,22931300
CYP2C9,PREDNISONE,TRUE,"",DTC,0.00535835756313939,22931300
CYP2C9,DIPYRIDAMOLE,TRUE,"",DTC,0.00215291152090422,""
CYP2C9,CHEMBL:CHEMBL272005,FALSE,"",DTC,0.0401876817235454,""
CYP2C9,ARCTIGENIN,FALSE,"",DTC,0.0602815225853182,""
CYP2C9,DOCEBENONE,FALSE,"",DTC,0.00753519032316477,""
CYP2C9,LAPACHONE,FALSE,"",DTC,0.00463704019887063,""
CYP2C9,LOVASTATIN,TRUE,"",DTC,0.00618272026516084,22931300
CYP2C9,CHEMBL:CHEMBL2094549,FALSE,"",DTC,0.0301407612926591,""
CYP2C9,3-AMINOBENZAMIDE,FALSE,"",DTC,0.0602815225853182,""
CYP2C9,CHEMBL:CHEMBL1374610,FALSE,"",DTC,0.0602815225853182,""
CYP2C9,CHEMBL:CHEMBL592561,FALSE,"",DTC,0.0401876817235454,""
CYP2C9,"L-733,060",FALSE,"",DTC,0.0150703806463295,""
CYP2C9,HYDROMORPHONE HYDROCHLORIDE,TRUE,"",PharmGKB,0.00927408039774126,""
CYP2C9,RESOKAEMPFEROL,FALSE,"",DTC,0.0401876817235454,""
CYP2C9,CHEMBL:CHEMBL1214274,FALSE,"",DTC,0.0172232921672338,""
CYP2C9,CARMUSTINE,TRUE,"",DTC,0.0219205536673884,22931300
CYP2C9,LAMOTRIGINE,TRUE,"",DTC,0.0109602768336942,22931300
CYP2C9,DYCLONINE,TRUE,"",DTC,0.0133958939078485,""
CYP2C9,ARASERTACONAZOLE,FALSE,"",DTC,0.0241126090341273,""
CYP2C9,HYDRALAZINE,TRUE,"",DTC,0.0120563045170636,22931300
CYP2C9,GW1929,FALSE,"",DTC,0.0133958939078485,""
CYP2C9,CHEMBL:CHEMBL584860,FALSE,"",DTC,0.0401876817235454,""
CYP2C9,CHEMBL:CHEMBL595227,FALSE,"",DTC,0.0120563045170636,""
CYP2C9,NIACIN,TRUE,"",DTC,0.0172232921672338,22931300
CYP2C9,"3,5-DINITROCATECHOL (OR-486)",FALSE,"",DTC,0.0241126090341273,""
CYP2C9,AM251,FALSE,"",DTC,0.0150703806463295,""
CYP2C9,(S)-FELODIPINE,FALSE,"",DTC,0.0301407612926591,""
CYP2C9,MYRICETIN,FALSE,"",DTC,0.00301407612926591,""
CYP2C9,CAFFEINE,TRUE,"",DTC,0.00651692136057494,22931300
CYP2C9,6-CL-MLT,FALSE,"",DTC,0.0172232921672338,""
CYP2C9,GR 127935,FALSE,"",DTC,0.00415734638519436,""
CYP2C9,TPCK,FALSE,"",DTC,0.00669794695392424,""
CYP2C9,LORNOXICAM,TRUE,"",PharmGKB,0.120563045170636,26544900; 16342679; 16182270; 15764711
CYP2C9,17-OCTADECYNOIC ACID,FALSE,"",DTC,0.0241126090341273,""
CYP2C9,GALANGIN,FALSE,"",DTC,0.0150703806463295,""
CYP2C9,NIGULDIPINE,FALSE,"",DTC,0.0150703806463295,""
CYP2C9,CHEMBL:CHEMBL1269022,FALSE,"",DTC,0.0241126090341273,""
CYP2C9,SB202190,FALSE,"",DTC,0.00334897347696212,""
CYP2C9,AZITHROMYCIN ANHYDROUS,TRUE,"",DTC,0.0172232921672338,22931300
CYP2C9,{4-[3-(4-ACETYL-3-HYDROXY-2-PROPYLPHENOXY)PROPOXY]PHENOXY}ACETIC ACID,FALSE,"",DTC,0.0172232921672338,""
CYP2C9,PAPAVERINE,TRUE,"",DTC,0.00669794695392424,""
CYP2C9,CLOBENPROPIT,FALSE,"",DTC,0.0133958939078485,""
CYP2C9,DEXPROPRANOLOL,FALSE,"",DTC,0.0241126090341273,""
CYP2C9,CHEMBL:CHEMBL362863,FALSE,"",DTC,0.0241126090341273,""
CYP2C9,AJMALICINE,TRUE,"",DTC,0.00927408039774126,""
CYP2C9,NILUTAMIDE,TRUE,"",DTC,0.0241126090341273,22931300
CYP2C9,FENTANYL CITRATE,TRUE,"",PharmGKB,0.00401876817235454,""
CYP2C9,THIOPERAMIDE,FALSE,"",DTC,0.0150703806463295,""
CYP2C9,RO 04-6790,FALSE,"",DTC,0.0401876817235454,""
CYP2C9,MEPIVACAINE HYDROCHLORIDE,TRUE,"",DTC,0.0150703806463295,22931300
CYP2C9,GLIQUIDONE,FALSE,"",PharmGKB,0.0344465843344675,24442125
CYP2C9,RO19-4603,FALSE,"",DTC,0.0150703806463295,""
CYP2C9,"L-732,138",FALSE,"",DTC,0.0241126090341273,""
CYP2C9,IPRONIAZID,TRUE,"",DTC,0.0344465843344675,22931300
CYP2C9,CYCLOSPORINE,TRUE,"",DTC,0.00277156425679624,22931300
CYP2C9,PYRAZINAMIDE,TRUE,"",DTC,0.0185481607954825,22931300
CYP2C9,ESTRADIOL VALERATE,TRUE,"",DTC,0.00513034234768665,22931300
CYP2C9,CLONIDINE HYDROCHLORIDE,TRUE,"",DTC,0.00927408039774126,""
CYP2C9,TERAZOSIN,TRUE,"",DTC,0.0185481607954825,22931300
CYP2C9,PROGESTERONE,TRUE,"",DTC,0.00408688288714021,22931300
CYP2C9,FINASTERIDE,TRUE,"",DTC,0.0172232921672338,22931300
CYP2C9,HYDROCODONE,TRUE,"",PharmGKB,0.00753519032316477,""
CYP2C9,GS39783,FALSE,"",DTC,0.0401876817235454,""
CYP2C9,BMS-182874,FALSE,"",DTC,0.0401876817235454,""
CYP2C9,DEXTROTHYROXINE,TRUE,"",DTC,0.0301407612926591,""
CYP2C9,(S)-NITRENDIPINE,FALSE,"",DTC,0.0401876817235454,""
CYP2C9,DIPHENYLENEIODONIUM,FALSE,"",DTC,0.0150703806463295,""
CYP2C9,BAICALEIN,FALSE,"",DTC,0.00482252180682545,""
CYP2C9,OXYCODONE,TRUE,"",PharmGKB,0.00927408039774126,""
CYP2C9,METHOTREXATE,TRUE,"",DTC,0.00219205536673884,22931300
CYP2C9,CHEMBL:CHEMBL242385,FALSE,"",DTC,0.0401876817235454,""
CYP2C9,SIPONIMOD,TRUE,"",PharmGKB; FDA,0.0803753634470909,30088221; 29273968
CYP2C9,DISULFIRAM,TRUE,"",DTC,0.00280379174815433,""
CYP2C9,BUDESONIDE,TRUE,"",DTC,0.0185481607954825,22931300
CYP2C9,CITALOPRAM,TRUE,"",DTC,0.00344465843344675,""
CYP2C9,TELENZEPINE,FALSE,"",DTC,0.0241126090341273,""
CYP2C9,ERDAFITINIB,TRUE,"",FDA; PharmGKB,0.0185481607954825,""
CYP2C9,KETOCONAZOLE,TRUE,"",DTC,0.0109602768336942,22931300
CYP2C9,N-OLEOYLDOPAMINE,FALSE,"",DTC,0.00669794695392424,""
PLIN3,IDURSULFASE,TRUE,"",TdgClinicalTrial; TEND,26.1018992794428,""
PLIN3,GALSULFASE,TRUE,"",TdgClinicalTrial,13.0509496397214,""
GPR84,GLPG-1205,FALSE,negative modulator,ChEMBL,26.1018992794428,""
GPR84,SETOGEPRAM,FALSE,inhibitor,ChEMBL,13.0509496397214,""
FADD,FAS LIGAND,FALSE,"",NCI,8.70063309314759,11384965
POSTN,ANTISERUM,FALSE,"",NCI,2.98307420336489,10404027
MAPT,METHYSERGIDE MALEATE,TRUE,"",DTC,0.01977416612079,""
MAPT,CHEMBL:CHEMBL582473,FALSE,"",DTC,0.03954833224158,""
MAPT,CHELERYTHRINE CHLORIDE,FALSE,"",DTC,0.029661249181185,""
MAPT,CHEMBL:CHEMBL606167,FALSE,"",DTC,0.0148306245905925,""
MAPT,GRINIMIBINE,FALSE,"",DTC,0.023728999344948,""
MAPT,GOSURANEMAB,FALSE,inhibitor,ChEMBL,0.11864499672474,""
MAPT,PLUMBAGIN,FALSE,"",DTC,0.00912653820959537,""
MAPT,WORTMANNIN,FALSE,"",DTC,0.00423732131159785,""
MAPT,HEXACHLOROPHENE,TRUE,"",DTC,0.00289378040792048,""
MAPT,ACID BLUE 129,FALSE,"",DTC,0.00624447351182841,""
MAPT,CHLORANIL,FALSE,"",DTC,0.00790966644831599,""
MAPT,INDIRUBIN-3'-MONOXIME,FALSE,"",DTC,0.00624447351182841,""
MAPT,NSC-663284,FALSE,"",DTC,0.0169492852463914,""
MAPT,CARBIDOPA ANHYDROUS,TRUE,"",DTC,0.011864499672474,""
MAPT,CHEMBL:CHEMBL601618,FALSE,"",DTC,0.029661249181185,""
MAPT,BROMOENOL LACTONE,FALSE,"",DTC,0.0148306245905925,""
MAPT,METHYLENE BLUE ANHYDROUS,TRUE,"",DTC,0.00320662153310108,""
MAPT,DIHYDROERGOCRISTINE MESYLATE,FALSE,"",DTC,0.029661249181185,""
MAPT,ANGUSTIBALIN,FALSE,"",DTC,0.0107859087931582,""
MAPT,CHEMBL:CHEMBL310934,FALSE,"",DTC,0.0593224983623699,""
MAPT,CHEMBL:CHEMBL528181,FALSE,"",DTC,0.0169492852463914,""
MAPT,CHEMBL:CHEMBL609606,FALSE,"",DTC,0.011864499672474,""
MAPT,CALCIMYCIN,FALSE,"",DTC,0.00624447351182841,""
MAPT,CHEMBL:CHEMBL1989853,FALSE,"",DTC,0.0148306245905925,""
MAPT,DOCEBENONE,FALSE,"",DTC,0.00741531229529624,""
MAPT,NPPB,FALSE,"",DTC,0.0148306245905925,""
MAPT,AG 9,FALSE,"",DTC,0.0169492852463914,""
MAPT,CHEMBL:CHEMBL601353,FALSE,"",DTC,0.0593224983623699,""
MAPT,"3,4-DICHLOROISOCOUMARIN",FALSE,"",DTC,0.00790966644831599,""
MAPT,CEAROIN,FALSE,"",DTC,0.03954833224158,""
MAPT,SULFURETIN,FALSE,"",DTC,0.00741531229529624,""
MAPT,"2,3-DIHYDROXY-4-METHOXY-4'-ETHOXYBENZOPHENONE",FALSE,"",DTC,0.03954833224158,""
MAPT,CHEMBL:CHEMBL211670,FALSE,"",DTC,0.00912653820959537,""
MAPT,DIHYDROERGOCRISTINE,TRUE,"",DTC,0.029661249181185,""
MAPT,NIFEDIPINE,TRUE,"",DTC,0.00211866065579892,""
MAPT,CHEMBL:CHEMBL339587,FALSE,"",DTC,0.0148306245905925,""
MAPT,EPINEPHRINE BITARTRATE,TRUE,"",DTC,0.00697911745439646,""
MAPT,RABEPRAZOLE,TRUE,"",DTC,0.00456326910479769,""
MAPT,CHEMBL:CHEMBL578905,FALSE,"",DTC,0.0169492852463914,""
MAPT,PICEATANNOL,FALSE,"",DTC,0.00564976174879714,""
MAPT,CHEMBL:CHEMBL601385,FALSE,"",DTC,0.0169492852463914,""
MAPT,3-METHOXYCATECHOL,FALSE,"",DTC,0.011864499672474,""
MAPT,DECYNIUM 22,FALSE,"",DTC,0.00515847811846695,""
MAPT,CHEMBL:CHEMBL1402376,FALSE,"",DTC,0.0593224983623699,""
MAPT,CHELERYTHRINE,FALSE,"",DTC,0.00988708306039499,""
MAPT,EMODIN,FALSE,"",DTC,0.00456326910479769,""
MAPT,CARBOPLATIN,TRUE,"",DTC,0.00137959298517139,""
MAPT,TYRPHOSTIN 51,FALSE,"",DTC,0.01318277741386,""
MAPT,SULFASALAZINE,TRUE,"",DTC,0.00494354153019749,""
MAPT,SAPPANONE A TRIMETHYL ETHER,FALSE,"",DTC,0.029661249181185,""
MAPT,CGP53353,FALSE,"",DTC,0.03954833224158,""
MAPT,CHEMBL:CHEMBL579105,FALSE,"",DTC,0.0593224983623699,""
MAPT,CARUBICIN,FALSE,"",DTC,0.01318277741386,""
MAPT,CHEMBL:CHEMBL227959,FALSE,"",DTC,0.029661249181185,""
MAPT,CHEMBL:CHEMBL343002,FALSE,"",DTC,0.0169492852463914,""
MAPT,CHEMBL:CHEMBL582715,FALSE,"",DTC,0.0593224983623699,""
MAPT,CHEMBL:CHEMBL1601846,FALSE,"",DTC,0.00515847811846695,""
MAPT,&ALPHA;-ERGOCRYPTINE,FALSE,"",DTC,0.011864499672474,""
MAPT,S(+)-APOMORPHINE,FALSE,"",DTC,0.0148306245905925,""
MAPT,DEHYDROVARIABILIN,FALSE,"",DTC,0.03954833224158,""
MAPT,CHEMBL:CHEMBL578890,FALSE,"",DTC,0.03954833224158,""
MAPT,CHEMBL:CHEMBL578294,FALSE,"",DTC,0.01977416612079,""
MAPT,ETHACRIDINE LACTATE,FALSE,"",DTC,0.023728999344948,""
MAPT,AHPN,FALSE,"",DTC,0.0169492852463914,""
MAPT,PD-169316,FALSE,"",DTC,0.00988708306039499,""
MAPT,"2,3,4-TRIHYDROXY-4'-ETHOXYBENZOPHENONE",FALSE,"",DTC,0.029661249181185,""
MAPT,"9,10-PHENANTHRENEQUINONE",FALSE,"",DTC,0.00456326910479769,""
MAPT,RESERPINE,TRUE,"",DTC,0.00456326910479769,""
MAPT,CEFACLOR ANHYDROUS,TRUE,"",DTC,0.0084746426231957,""
MAPT,CHEMBL:CHEMBL1257092,FALSE,"",DTC,0.0169492852463914,""
MAPT,CHEMBL:CHEMBL2181046,FALSE,"",DTC,0.23728999344948,22913544
MAPT,CHEMBL:CHEMBL175266,FALSE,"",DTC,0.0084746426231957,""
MAPT,CHEMBL:CHEMBL580421,FALSE,"",DTC,0.0107859087931582,""
MAPT,POSDINEMAB,FALSE,inhibitor,ChEMBL,0.11864499672474,""
MAPT,RALOXIFENE HYDROCHLORIDE,TRUE,"",DTC,0.0023728999344948,""
MAPT,XANTHOANGELOL,FALSE,"",DTC,0.0593224983623699,""
MAPT,CHEMBL:CHEMBL1334191,FALSE,"",DTC,0.0593224983623699,""
MAPT,CHEMBL:CHEMBL591137,FALSE,"",DTC,0.0148306245905925,""
MAPT,CHEMBL:CHEMBL313737,FALSE,"",DTC,0.011864499672474,""
MAPT,FISETIN,FALSE,"",DTC,0.00912653820959537,""
MAPT,CHEMBL:CHEMBL590691,FALSE,"",DTC,0.01977416612079,""
MAPT,CYSTAMINE HYDROCHLORIDE,FALSE,"",DTC,0.0593224983623699,""
MAPT,CHEMBL:CHEMBL601952,FALSE,"",DTC,0.01318277741386,""
MAPT,SEMAXANIB,FALSE,"",DTC,0.00697911745439646,""
MAPT,"4,4'-DIMETHOXYDALBERGIONE",FALSE,"",DTC,0.029661249181185,""
MAPT,PHENAZOPYRIDINE HYDROCHLORIDE,TRUE,"",DTC,0.00741531229529624,""
MAPT,LAPACHOL,FALSE,"",DTC,0.023728999344948,""
MAPT,P-AMINOHIPPURATE,TRUE,"",DTC,0.11864499672474,""
MAPT,SLAZINIC ACID,FALSE,"",DTC,0.00564976174879714,""
MAPT,CHEMBL:CHEMBL67535,FALSE,"",DTC,0.00624447351182841,""
MAPT,BISSALICYL FUMARATE,FALSE,"",DTC,0.0593224983623699,""
MAPT,TILAVONEMAB,FALSE,inhibitor,ChEMBL,0.11864499672474,""
MAPT,ROTTLERIN,FALSE,"",DTC,0.00912653820959537,""
MAPT,HYDROXYZINE PAMOATE,TRUE,"",DTC,0.011864499672474,""
MAPT,CHEMBL:CHEMBL581044,FALSE,"",DTC,0.01318277741386,""
MAPT,CHEMBL:CHEMBL19954,FALSE,"",DTC,0.00659138870692999,""
MAPT,EMODIC ACID,FALSE,"",DTC,0.00988708306039499,""
MAPT,CHEMBL:CHEMBL429095,FALSE,"",DTC,0.0023728999344948,""
MAPT,PBT-1033,FALSE,"",TTD,0.11864499672474,""
MAPT,CHEMBL:CHEMBL2094422,FALSE,"",DTC,0.0593224983623699,""
MAPT,12A-HYDROXY-5-DEOXYDEHYDROMUNDUSERONE,FALSE,"",DTC,0.03954833224158,""
MAPT,PROPYLENE GLYCOL MONOSTEARATE,TRUE,"",DTC,0.0593224983623699,""
MAPT,GOSSYPOL,FALSE,"",DTC,0.00247177076509875,""
MAPT,TYRPHOSTIN 25,FALSE,"",DTC,0.00988708306039499,""
MAPT,LAVENDUSTIN A,FALSE,"",DTC,0.023728999344948,""
MAPT,CHEMBL:CHEMBL77387,FALSE,"",DTC,0.029661249181185,""
MAPT,CHEMBL:CHEMBL274921,FALSE,"",DTC,0.029661249181185,""
MAPT,PARAROSANILINE,FALSE,"",DTC,0.0107859087931582,""
MAPT,ALLOXAN,FALSE,"",DTC,0.029661249181185,""
MAPT,CHEMBL:CHEMBL586078,FALSE,"",DTC,0.0593224983623699,""
MAPT,NITAZOXANIDE,TRUE,"",DTC,0.00988708306039499,""
MAPT,DOXORUBICIN HYDROCHLORIDE,TRUE,"",DTC,0.000801655383275269,""
MAPT,AGROCLAVINE,FALSE,"",DTC,0.023728999344948,""
MAPT,CHEMBL:CHEMBL536375,FALSE,"",DTC,0.03954833224158,""
MAPT,CHEMBL:CHEMBL546576,FALSE,"",DTC,0.11864499672474,""
MAPT,GF109203X,FALSE,"",DTC,0.0148306245905925,""
MAPT,ATHRAQUINONES A,FALSE,"",DTC,0.011864499672474,""
MAPT,SARCOLYSIN,FALSE,"",DTC,0.023728999344948,""
MAPT,TRANSPLATIN,FALSE,"",DTC,0.0169492852463914,""
MAPT,CHEMBL:CHEMBL600747,FALSE,"",DTC,0.023728999344948,""
MAPT,CHEMBL:CHEMBL607309,FALSE,"",DTC,0.01318277741386,""
MAPT,BITHIONOL,TRUE,"",DTC,0.00494354153019749,""
MAPT,HAEMATOXYLIN,FALSE,"",DTC,0.00456326910479769,""
MAPT,CHEMBL:CHEMBL601110,FALSE,"",DTC,0.0169492852463914,""
MAPT,EPIGALLOCATECHIN-3-GALLATE,FALSE,"",DTC,0.00659138870692999,""
MAPT,Z-PRO-PROLINAL,FALSE,"",DTC,0.029661249181185,""
MAPT,JUGLONE,FALSE,"",DTC,0.00593224983623699,""
MAPT,CHEMBL:CHEMBL584442,FALSE,"",DTC,0.0148306245905925,""
MAPT,CHEMBL:CHEMBL527620,FALSE,"",DTC,0.03954833224158,""
MAPT,CHEMBL:CHEMBL462861,FALSE,"",DTC,0.03954833224158,""
MAPT,DIMETHYL GAMBOGATE,FALSE,"",DTC,0.023728999344948,""
MAPT,CHEMBL:CHEMBL222556,FALSE,"",DTC,0.0107859087931582,""
MAPT,TRIBROMSALAN,TRUE,"",DTC,0.029661249181185,""
MAPT,OXYTETRACYCLINE ANHYDROUS,TRUE,"",DTC,0.00593224983623699,""
MAPT,OXOGLAUCINE,FALSE,"",DTC,0.0169492852463914,""
MAPT,"1,4-DIMETHOXYANTHRAQUINONE",FALSE,"",DTC,0.011864499672474,""
MAPT,CHEMBL:CHEMBL59150,FALSE,"",DTC,0.03954833224158,""
MAPT,"DALBERGIONE, 4-METHOXY-4'-HYDROXY-",FALSE,"",DTC,0.0593224983623699,""
MAPT,CHEMBL:CHEMBL597035,FALSE,"",DTC,0.01977416612079,""
MAPT,QUINALIZARIN,FALSE,"",DTC,0.00790966644831599,""
MAPT,CHEMBL:CHEMBL1814509,FALSE,"",DTC,0.0169492852463914,""
MAPT,CHEMBL:CHEMBL600738,FALSE,"",DTC,0.01977416612079,""
MAPT,CHEMBL:CHEMBL601140,FALSE,"",DTC,0.029661249181185,""
MAPT,CHEMBL:CHEMBL578257,FALSE,"",DTC,0.0148306245905925,""
MAPT,"3,4-DIDESMETHYL-5-DESHYDROXY-3'-ETHOXYSCLEROIN",FALSE,"",DTC,0.0169492852463914,""
MAPT,CHEMBL:CHEMBL1609016,FALSE,"",DTC,0.029661249181185,""
MAPT,CHEMBL:CHEMBL234338,FALSE,"",DTC,0.00564976174879714,""
MAPT,TYRPHOSTIN B48,FALSE,"",DTC,0.00624447351182841,""
MAPT,DIHYDROXANTHOHUMOL,FALSE,"",DTC,0.0169492852463914,""
MAPT,CHEMBL:CHEMBL578512,FALSE,"",DTC,0.00409120678361172,""
MAPT,THIOLUTIN,FALSE,"",DTC,0.0593224983623699,""
MAPT,CHEMBL:CHEMBL1379900,FALSE,"",DTC,0.0593224983623699,""
MAPT,KOPARIN,FALSE,"",DTC,0.011864499672474,""
MAPT,CHEMBL:CHEMBL600694,FALSE,"",DTC,0.0169492852463914,""
MAPT,MORIN,FALSE,"",DTC,0.00624447351182841,""
MAPT,"PYRROLIDINE DITHIOCARBAMIC ACID, AMMONIUM SALT",FALSE,"",DTC,0.01977416612079,""
MAPT,CHEMBL:CHEMBL1390716,FALSE,"",DTC,0.01977416612079,""
MAPT,QUERCETIN,TRUE,"",DTC,0.00150183540157899,""
MAPT,CHEMBL:CHEMBL1466186,FALSE,"",DTC,0.0148306245905925,""
MAPT,DEPHOSTATIN,FALSE,"",DTC,0.00474579986898959,""
MAPT,"1,10-PHENANTHROLINE",FALSE,"",DTC,0.00564976174879714,""
MAPT,DIHYDROERGOTAMINE MESYLATE,TRUE,"",DTC,0.011864499672474,""
MAPT,SB-415286,FALSE,"",DTC,0.00593224983623699,""
MAPT,SB-408124,FALSE,"",DTC,0.0148306245905925,""
MAPT,NORSTICTIC ACID,FALSE,"",DTC,0.0169492852463914,""
MAPT,CHEMBL:CHEMBL312487,FALSE,"",DTC,0.0593224983623699,""
MAPT,LANSOPRAZOLE,TRUE,"",DTC,0.00409120678361172,""
MAPT,CHEMBL:CHEMBL184074,FALSE,"",DTC,0.029661249181185,""
MAPT,VITAMIN K3,TRUE,"",DTC,0.00409120678361172,""
MAPT,AMSACRINE HYDROCHLORIDE,FALSE,"",DTC,0.011864499672474,""
MAPT,CHEMBL:CHEMBL585591,FALSE,"",DTC,0.00494354153019749,""
MAPT,METHYL 7-DESHYDROXYPYROGALLIN-4-CARBOXYLATE,FALSE,"",DTC,0.01318277741386,""
MAPT,AM404,FALSE,"",DTC,0.0169492852463914,""
MAPT,STAUROSPORINE AGLYCON,FALSE,"",DTC,0.11864499672474,""
MAPT,TYRPHOSTIN 23,FALSE,"",DTC,0.00564976174879714,""
MAPT,IRIGINOL HEXAACEATATE,FALSE,"",DTC,0.0107859087931582,""
MAPT,CHEMBL:CHEMBL1543865,FALSE,"",DTC,0.01977416612079,""
MAPT,BAICALEIN,FALSE,"",DTC,0.00474579986898959,""
MAPT,CHEMBL:CHEMBL244707,FALSE,"",DTC,0.0107859087931582,""
MAPT,TANSHINONE IIA,FALSE,"",DTC,0.00912653820959537,""
MAPT,CHEMBL:CHEMBL528807,FALSE,"",DTC,0.03954833224158,""
MAPT,ERGOCRISTINE,FALSE,"",DTC,0.0593224983623699,""
MAPT,HYPERICIN,FALSE,"",DTC,0.00912653820959537,""
MAPT,ZAPA,FALSE,"",DTC,0.0169492852463914,""
MAPT,ISOEUGENITOL,FALSE,"",DTC,0.0593224983623699,""
MAPT,CHEMBL:CHEMBL1569494,FALSE,"",DTC,0.023728999344948,""
MAPT,CHEMBL:CHEMBL580071,FALSE,"",DTC,0.11864499672474,""
MAPT,CHEMBL:CHEMBL585654,FALSE,"",DTC,0.023728999344948,""
MAPT,PURPUROGALLIN,FALSE,"",DTC,0.003295694353465,""
MAPT,MACLURAXANTHONE,FALSE,"",DTC,0.11864499672474,""
MAPT,CHEMBL:CHEMBL68534,FALSE,"",DTC,0.00624447351182841,""
MAPT,AROMATICIN,FALSE,"",DTC,0.029661249181185,""
MAPT,CHEMBL:CHEMBL515252,FALSE,"",DTC,0.0084746426231957,""
MAPT,CHEMBL:CHEMBL538104,FALSE,"",DTC,0.023728999344948,""
MAPT,CURCUMIN,TRUE,"",DTC,0.00179765146552636,""
MAPT,LINOLENIC ACID,TRUE,"",DTC,0.00564976174879714,""
MAPT,CHEMBL:CHEMBL580183,FALSE,"",DTC,0.023728999344948,""
MAPT,ISOGINKGETIN,FALSE,"",DTC,0.11864499672474,""
MAPT,OSAJIN,FALSE,"",DTC,0.023728999344948,""
MAPT,FUMARPROTOCETRARIC ACID,FALSE,"",DTC,0.00988708306039499,""
MAPT,CATECHIN,TRUE,"",DTC,0.00912653820959537,""
MAPT,TRIMETREXATE,TRUE,"",DTC,0.01318277741386,""
MAPT,TRICLABENDAZOLE,TRUE,"",DTC,0.01977416612079,""
MAPT,CHEMBL:CHEMBL586061,FALSE,"",DTC,0.0593224983623699,""
MAPT,SR2640,FALSE,"",DTC,0.0107859087931582,""
MAPT,U-0126,FALSE,"",DTC,0.011864499672474,""
MAPT,CHEMBL:CHEMBL600734,FALSE,"",DTC,0.0107859087931582,""
MAPT,CHEMBL:CHEMBL1984884,FALSE,"",DTC,0.023728999344948,""
MAPT,CHEMBL:CHEMBL584458,FALSE,"",DTC,0.0084746426231957,""
MAPT,SHIKONIN,FALSE,"",DTC,0.011864499672474,""
MAPT,3-METHYLCHOLANTHRENE,FALSE,"",DTC,0.029661249181185,""
MAPT,CHEMBL:CHEMBL525103,FALSE,"",DTC,0.0148306245905925,""
MAPT,STICTIC ACID,FALSE,"",DTC,0.00659138870692999,""
MAPT,FELODIPINE,TRUE,"",DTC,0.00697911745439646,""
MAPT,CHEMBL:CHEMBL2095095,FALSE,"",DTC,0.00659138870692999,""
MAPT,CHEMBL:CHEMBL1397308,FALSE,"",DTC,0.023728999344948,""
MAPT,TOLONIUM CHLORIDE,FALSE,"",DTC,0.00659138870692999,""
MAPT,BITHIONOLATE SODIUM,TRUE,"",DTC,0.0148306245905925,""
MAPT,CHEMBL:CHEMBL603952,FALSE,"",DTC,0.0593224983623699,""
MAPT,MAHANIMBINE,FALSE,"",DTC,0.11864499672474,""
MAPT,PROTOAPIGENONE,FALSE,"",DTC,0.0084746426231957,""
MAPT,CHEMBL:CHEMBL457504,FALSE,"",DTC,0.0169492852463914,""
MAPT,OXYPHENBUTAZONE,TRUE,"",DTC,0.00912653820959537,""
MAPT,CHEMBL:CHEMBL601605,FALSE,"",DTC,0.03954833224158,""
MAPT,ELLIPTECINE,FALSE,"",DTC,0.00370765614764812,""
MAPT,NORDEFRIN,FALSE,"",DTC,0.023728999344948,""
MAPT,EPALRESTAT,TRUE,"",DTC,0.023728999344948,""
MAPT,CHEMBL:CHEMBL578741,FALSE,"",DTC,0.00564976174879714,""
MAPT,CYSTEAMINE HYDROCHLORIDE,TRUE,"",DTC,0.023728999344948,""
MAPT,CHEMBL:CHEMBL1426508,FALSE,"",DTC,0.023728999344948,""
MAPT,CHEMBL:CHEMBL1534034,FALSE,"",DTC,0.011864499672474,""
MAPT,CHEMBL:CHEMBL591628,FALSE,"",DTC,0.023728999344948,""
MAPT,CHEMBL:CHEMBL592124,FALSE,"",DTC,0.00382725795886258,""
MAPT,RHEIN,FALSE,"",DTC,0.00539295439657908,""
MAPT,CHEMBL:CHEMBL297304,FALSE,"",DTC,0.00790966644831599,""
MAPT,PROTOPORPHYRIN,FALSE,"",DTC,0.00474579986898959,""
MAPT,CHEMBL:CHEMBL328710,FALSE,"",DTC,0.0107859087931582,""
MAPT,CHEMBL:CHEMBL523200,FALSE,"",DTC,0.00697911745439646,""
MAPT,CHEMBL:CHEMBL586031,FALSE,"",DTC,0.00912653820959537,""
MAPT,MITOXANTRONE HYDROCHLORIDE,TRUE,"",DTC,0.00370765614764812,""
MAPT,ERBSTATIN,FALSE,"",DTC,0.0084746426231957,""
MAPT,CHEMBL:CHEMBL1574420,FALSE,"",DTC,0.01977416612079,""
MAPT,GETIACAULEIN,FALSE,"",DTC,0.11864499672474,""
MAPT,CHEMBL:CHEMBL527584,FALSE,"",DTC,0.00988708306039499,""
MAPT,ROSMARINIC ACID,FALSE,"",DTC,0.0148306245905925,""
MAPT,CHEMBL:CHEMBL1451216,FALSE,"",DTC,0.00697911745439646,""
MAPT,NIGULDIPINE,FALSE,"",DTC,0.0148306245905925,""
MAPT,EMBELIN,FALSE,"",DTC,0.00790966644831599,""
MAPT,GENTIAN VIOLET CATION,TRUE,"",DTC,0.00624447351182841,""
MAPT,PANTOPRAZOLE SODIUM,TRUE,"",DTC,0.011864499672474,""
MAPT,SEMORINEMAB,FALSE,inhibitor,ChEMBL,0.11864499672474,""
MAPT,CHEMBL:CHEMBL586000,FALSE,"",DTC,0.023728999344948,""
MAPT,CHEMBL:CHEMBL1079460,FALSE,"",DTC,0.00912653820959537,""
MAPT,CARBONYL CYANIDE M-CHLOROPHENYLHYDRAZONE,FALSE,"",DTC,0.029661249181185,""
MAPT,GW5074,FALSE,"",DTC,0.00539295439657908,""
MAPT,PD-98059,FALSE,"",DTC,0.00320662153310108,""
MAPT,CHEMBL:CHEMBL601192,FALSE,"",DTC,0.0593224983623699,""
MAPT,CONGO RED,FALSE,"",DTC,0.00790966644831599,""
MAPT,DITHIAZANINE IODIDE,FALSE,"",DTC,0.00912653820959537,""
MAPT,METHYLDOPA (RACEMIC),FALSE,"",DTC,0.00988708306039499,""
MAPT,GARCINONE E,FALSE,"",DTC,0.011864499672474,""
MAPT,LUTEOLIN,FALSE,"",DTC,0.00370765614764812,""
MAPT,BISANHYDRORUTILANTINONE,FALSE,"",DTC,0.03954833224158,""
MAPT,(-)-N-PORPHYNORAPOMORPHINE,FALSE,"",DTC,0.0148306245905925,""
MAPT,NBQX,FALSE,"",DTC,0.00741531229529624,""
MAPT,L 755507,FALSE,"",DTC,0.023728999344948,""
MAPT,CHEMBL:CHEMBL1335833,FALSE,"",DTC,0.023728999344948,""
MAPT,CHEMBL:CHEMBL1567571,FALSE,"",DTC,0.00790966644831599,""
MAPT,GW441756X,FALSE,"",DTC,0.00182530764191907,""
MAPT,MANGOSTIN,FALSE,"",DTC,0.011864499672474,""
MAPT,HARMALOL,FALSE,"",DTC,0.029661249181185,""
MAPT,DOCONEXENT,TRUE,"",DTC,0.0148306245905925,""
MAPT,IRIGENOL,FALSE,"",DTC,0.0084746426231957,""
MAPT,SANGUINARINE SULFATE,FALSE,"",DTC,0.00912653820959537,""
MAPT,CHEMBL:CHEMBL578504,FALSE,"",DTC,0.0169492852463914,""
MAPT,CHEMBL:CHEMBL126804,FALSE,"",DTC,0.01977416612079,""
MAPT,DAUNORUBICIN LIPOSOMAL,TRUE,"",DTC,0.00130379117279934,""
MAPT,CHEMBL:CHEMBL1412489,FALSE,"",DTC,0.0148306245905925,""
MAPT,FLUPIRTINE MALEATE,FALSE,"",DTC,0.00912653820959537,""
MAPT,ZAGOTENEMAB,FALSE,"",TTD,0.11864499672474,""
MAPT,ELLAGIC ACID,FALSE,"",DTC,0.00423732131159785,""
MAPT,POMIFERIN,FALSE,"",DTC,0.01318277741386,""
MAPT,NOREPINEPHRINE,TRUE,"",DTC,0.00370765614764812,""
MAPT,4-PHENYLENEDIAMINE,FALSE,"",DTC,0.0169492852463914,""
MAPT,BERBERINE CHLORIDE,FALSE,"",DTC,0.0148306245905925,""
MAPT,GOSSYPETIN,FALSE,"",DTC,0.011864499672474,""
MAPT,CHEMBL:CHEMBL1320453,FALSE,"",DTC,0.0169492852463914,""
MAPT,CHEMBL:CHEMBL538542,FALSE,"",DTC,0.0148306245905925,""
MAPT,CHEMBL:CHEMBL1498652,FALSE,"",DTC,0.011864499672474,""
MAPT,BILIRUBIN,FALSE,"",DTC,0.023728999344948,""
MAPT,RESVERATROL,TRUE,"",DTC,0.0024213264637702,""
MAPT,IODOPHTHALEIN,FALSE,"",DTC,0.0148306245905925,""
MAPT,TETROQUINONE,FALSE,"",DTC,0.0169492852463914,""
MAPT,HEMATOXYLIN,FALSE,"",DTC,0.01977416612079,""
MAPT,APOMORPHINE,TRUE,"",DTC,0.00439425913795333,""
MAPT,EPINEPHRINE,TRUE,"",DTC,0.0029661249181185,""
MAPT,ISOBOLDINE,FALSE,"",DTC,0.01977416612079,""
MAPT,ISOVELLERAL,FALSE,"",DTC,0.00741531229529624,""
MAPT,CHEMBL:CHEMBL2181039,FALSE,"",DTC,0.23728999344948,22913544
MAPT,LAPACHONE,FALSE,"",DTC,0.00456326910479769,""
MAPT,CHEMBL:CHEMBL2181040,FALSE,"",DTC,0.23728999344948,22913544
MAPT,SANGUINARIUM,FALSE,"",DTC,0.00474579986898959,""
MAPT,CAFFEIC ACID PHENETHYL ESTER,FALSE,"",DTC,0.0084746426231957,""
MAPT,GUTHION,FALSE,"",DTC,0.00988708306039499,""
MAPT,ITRACONAZOLE,FALSE,"",DTC,0.0593224983623699,""
MAPT,PATULIN,FALSE,"",DTC,0.01318277741386,""
MAPT,CHEMBL:CHEMBL580155,FALSE,"",DTC,0.023728999344948,""
MAPT,INDIGO,TRUE,"",DTC,0.023728999344948,""
MAPT,CHEMBL:CHEMBL533965,FALSE,"",DTC,0.11864499672474,""
MAPT,CYSTAMINE DIHYDROCHLORIDE,FALSE,"",DTC,0.029661249181185,""
MAPT,CHEMBL:CHEMBL581574,FALSE,"",DTC,0.0169492852463914,""
MAPT,CHEMBL:CHEMBL595227,FALSE,"",DTC,0.011864499672474,""
MAPT,CHEMBL:CHEMBL242171,FALSE,"",DTC,0.011864499672474,""
MAPT,CHEMBL:CHEMBL399530,FALSE,"",DTC,0.023728999344948,""
MAPT,5-HYDROXYTRYPTOPHAN,TRUE,"",DTC,0.01977416612079,""
MAPT,RHAMNETIN,FALSE,"",DTC,0.011864499672474,""
MAPT,CHEMBL:CHEMBL1503190,FALSE,"",DTC,0.029661249181185,""
MAPT,COUMESTROL,FALSE,"",DTC,0.011864499672474,""
MAPT,DIAMIDE,FALSE,"",DTC,0.01977416612079,""
MAPT,HOMIDIUM BROMIDE,FALSE,"",DTC,0.00409120678361172,""
MAPT,NIFUROXAZIDE,FALSE,"",DTC,0.01977416612079,""
MAPT,AMENTOFLAVONE,FALSE,"",DTC,0.0148306245905925,""
MAPT,DAUNORUBICIN HYDROCHLORIDE,TRUE,"",DTC,0.00359530293105272,""
MAPT,CHEMBL:CHEMBL166486,FALSE,"",DTC,0.0148306245905925,""
MAPT,PHOSMET,FALSE,"",DTC,0.023728999344948,""
MAPT,ARACHIDONIC ACID,FALSE,"",DTC,0.00912653820959537,""
MAPT,CHEMBL:CHEMBL122701,FALSE,"",DTC,0.0169492852463914,""
MAPT,CHEMBL:CHEMBL585656,FALSE,"",DTC,0.011864499672474,""
MAPT,IDARUBICIN,TRUE,"",DTC,0.00247177076509875,""
MAPT,BEPRANEMAB,FALSE,inhibitor,ChEMBL,0.11864499672474,""
MAPT,CHEMBL:CHEMBL17201,FALSE,"",DTC,0.0169492852463914,""
MAPT,PHENSERINE,FALSE,"",DTC,0.023728999344948,""
MAPT,CHEMBL:CHEMBL85194,FALSE,"",DTC,0.01977416612079,""
MAPT,CHEMBL:CHEMBL587620,FALSE,"",DTC,0.023728999344948,""
MAPT,CHEMBL:CHEMBL505670,FALSE,"",DTC,0.00338985704927828,""
MAPT,ZAGOTENEMAB,FALSE,inhibitor,ChEMBL,0.11864499672474,""
MAPT,CHEMBL:CHEMBL493863,FALSE,"",DTC,0.00741531229529624,""
MAPT,PHENOTHIAZINE,FALSE,"",DTC,0.00741531229529624,""
MAPT,CHEMBL:CHEMBL1367933,FALSE,"",DTC,0.0148306245905925,""
MAPT,TANSHINONE I,FALSE,"",DTC,0.011864499672474,""
MAPT,CHEMBL:CHEMBL605077,FALSE,"",DTC,0.0593224983623699,""
MAPT,CHLOROTHALONIL,FALSE,"",DTC,0.00988708306039499,""
MAPT,ARUNDINE,FALSE,"",DTC,0.03954833224158,""
MAPT,HELENALIN,FALSE,"",DTC,0.00741531229529624,""
MAPT,CRYPTOTANSHINONE,FALSE,"",DTC,0.0084746426231957,""
MAPT,DAPH,FALSE,"",DTC,0.011864499672474,""
MAPT,CHEMBL:CHEMBL1519374,FALSE,"",DTC,0.00741531229529624,""
MAPT,BCR-ABL INHIBITOR GNF-2,FALSE,"",DTC,0.03954833224158,""
MAPT,2-MERCAPTOETHANESULFONIC ACID,TRUE,"",DTC,0.11864499672474,""
MAPT,RATANIAPHENOL II,FALSE,"",DTC,0.11864499672474,""
MAPT,FENRETINIDE,TRUE,"",DTC,0.00439425913795333,""
MAPT,"1,2-NAPHTHOQUINONE",FALSE,"",DTC,0.01318277741386,""
MAPT,CHOLECALCIFEROL,TRUE,"",DTC,0.00988708306039499,""
MAPT,CHEMBL:CHEMBL196814,FALSE,"",DTC,0.11864499672474,""
MAPT,STREPTONIGRIN,FALSE,"",DTC,0.00593224983623699,""
MAPT,GW282974X,FALSE,"",DTC,0.0148306245905925,""
MAPT,"3,4-DIMETHOXYDALBERGIONE",FALSE,"",DTC,0.03954833224158,""
MAPT,MYRICETIN,FALSE,"",DTC,0.0029661249181185,""
MAPT,CHEMBL:CHEMBL606166,FALSE,"",DTC,0.0148306245905925,""
MAPT,OMEPRAZOLE,TRUE,"",DTC,0.00320662153310108,""
MAPT,CIS-RESVERATROL,FALSE,"",DTC,0.0169492852463914,""
MAPT,ACITRETIN,TRUE,"",DTC,0.00741531229529624,""
MAPT,VU0001171,FALSE,"",DTC,0.023728999344948,""
MAPT,AURINTRICARBOXYLIC ACID,FALSE,"",DTC,0.00382725795886258,""
MAPT,CHEMBL:CHEMBL602969,FALSE,"",DTC,0.00988708306039499,""
MAPT,CHEMBL:CHEMBL99408,FALSE,"",DTC,0.0593224983623699,""
MAPT,CHEMBL:CHEMBL252417,FALSE,"",DTC,0.029661249181185,""
MAPT,ARISTOLOCHIC ACID,FALSE,"",DTC,0.023728999344948,""
MAPT,CHEMBL:CHEMBL590186,FALSE,"",DTC,0.0169492852463914,""
MAPT,2-BENZOYL-5-METHOXYBENZOQUINONE,FALSE,"",DTC,0.023728999344948,""
MAPT,CHEMBL:CHEMBL601367,FALSE,"",DTC,0.03954833224158,""
MAPT,GALLIC ACID,FALSE,"",DTC,0.00988708306039499,""
MAPT,CHEMBL:CHEMBL1588679,FALSE,"",DTC,0.023728999344948,""
MAPT,BENSERAZIDE HYDROCHLORIDE,FALSE,"",DTC,0.00741531229529624,""
MAPT,DERRUBONE,FALSE,"",DTC,0.01977416612079,""
MAPT,CHEMBL:CHEMBL1939691,FALSE,"",DTC,0.029661249181185,""
MAPT,NICLOSAMIDE,TRUE,"",DTC,0.00439425913795333,""
MAPT,PTEROSTILBENE,FALSE,"",DTC,0.029661249181185,""
MAPT,PIPERLONGUMINE,FALSE,"",DTC,0.01318277741386,""
MAPT,DIHYDROGAMBOGIC ACID,FALSE,"",DTC,0.0107859087931582,""
MAPT,ISOLIQUIRITIGENIN,FALSE,"",DTC,0.00988708306039499,""
MAPT,CHEMBL:CHEMBL458094,FALSE,"",DTC,0.029661249181185,""
MAPT,APOMORPHINE HYDROCHLORIDE HEMIHYDRATE,FALSE,"",DTC,0.00659138870692999,""
MAPT,5-BENZYLOXYTRYPTAMINE,FALSE,"",DTC,0.03954833224158,""
MAPT,CHEMBL:CHEMBL582286,FALSE,"",DTC,0.0593224983623699,""
MAPT,HELIOMYCIN,FALSE,"",DTC,0.029661249181185,""
MAPT,DICHLOROPHEN,FALSE,"",DTC,0.00659138870692999,""
MAPT,PYRANTEL PAMOATE,TRUE,"",DTC,0.029661249181185,""
MAPT,4-METHOXYDALBERGIONE,FALSE,"",DTC,0.01318277741386,""
MAPT,TYRPHOSTIN 47,FALSE,"",DTC,0.00741531229529624,""
MAPT,TRICETIN,TRUE,"",DTC,0.0148306245905925,""
MAPT,CHEMBL:CHEMBL1306524,FALSE,"",DTC,0.029661249181185,""
MAPT,APIGENIN,TRUE,"",DTC,0.00456326910479769,""
MAPT,PITTSBURGH COMPOUND B,FALSE,"",DTC,0.11864499672474,""
MAPT,SAPPANONE A DIMETHYL ETHER,FALSE,"",DTC,0.01977416612079,""
MAPT,ALTENUSIN,FALSE,"",DTC,0.011864499672474,""
MAPT,SB 204741,FALSE,"",DTC,0.00988708306039499,""
MAPT,HOMIDIUM,FALSE,"",DTC,0.0148306245905925,""
MAPT,DAMNACANTHAL,FALSE,"",DTC,0.029661249181185,""
MAPT,N-OLEOYLDOPAMINE,FALSE,"",DTC,0.00659138870692999,""
MAPT,CHEMBL:CHEMBL314639,FALSE,"",DTC,0.11864499672474,""
MAPT,CHEMBL:CHEMBL139935,FALSE,"",DTC,0.0107859087931582,""
MAPT,CHEMBL:CHEMBL1465049,FALSE,"",DTC,0.0084746426231957,""
MAPT,CHEMBL:CHEMBL2002487,FALSE,"",DTC,0.0107859087931582,""
MAPT,INAMRINONE,TRUE,"",DTC,0.00624447351182841,""
MAPT,CHEMBL:CHEMBL1510164,FALSE,"",DTC,0.029661249181185,""
MAPT,DANTROLENE,TRUE,"",DTC,0.01318277741386,""
MAPT,OXIDOPAMINE HYDROCHLORIDE,FALSE,"",DTC,0.00697911745439646,""
MAPT,CHEMBL:CHEMBL546597,FALSE,"",DTC,0.0148306245905925,""
MAPT,PURPURIN,FALSE,"",DTC,0.00564976174879714,""
MAPT,CHEMBL:CHEMBL2181041,FALSE,"",DTC,0.23728999344948,22913544
MAPT,CISPLATIN,TRUE,"",DTC,0.000807108821256734,""
MAPT,SU9516,FALSE,"",DTC,0.00741531229529624,""
MAPT,RACEPINEPHRINE,TRUE,"",DTC,0.0169492852463914,""
MAPT,SANGUINARIUM CHLORIDE,FALSE,"",DTC,0.0148306245905925,""
MAPT,DEXKETOPROFEN,TRUE,"",DTC,0.029661249181185,""
MAPT,CHEMBL:CHEMBL2094456,FALSE,"",DTC,0.03954833224158,""
MAPT,CHEMBL:CHEMBL579837,FALSE,"",DTC,0.01977416612079,""
MAPT,CHEMBL:CHEMBL1224755,FALSE,"",DTC,0.0107859087931582,""
MAPT,MASOPROCOL,TRUE,"",DTC,0.00252436163244127,""
MAPT,GOSURANEMAB,FALSE,"",TTD,0.11864499672474,""
MAPT,CHEMBL:CHEMBL531322,FALSE,"",DTC,0.01977416612079,""
MAPT,MECYSTEINE HYDROCHLORIDE,FALSE,"",DTC,0.03954833224158,""
MAPT,CAPSAZEPINE,FALSE,"",DTC,0.00539295439657908,""
MAPT,ZK-93423,FALSE,"",DTC,0.029661249181185,""
MAPT,KAEMPHEROL,FALSE,"",DTC,0.00659138870692999,""
MAPT,CARNOSIC ACID,FALSE,"",DTC,0.023728999344948,""
MAPT,CHEMBL:CHEMBL533293,FALSE,"",DTC,0.0107859087931582,""
MAPT,TYRPHOSTIN A9,FALSE,"",DTC,0.00539295439657908,""
MAPT,RO31-8220,FALSE,"",DTC,0.0148306245905925,""
MAPT,CHEMBL:CHEMBL548017,FALSE,"",DTC,0.023728999344948,""
MAPT,ETHOPROPAZINE HYDROCHLORIDE,TRUE,"",DTC,0.0169492852463914,""
MAPT,"2,6-DIMETHOXYQUINONE",FALSE,"",DTC,0.0169492852463914,""
MAPT,CHEMBL:CHEMBL1546228,FALSE,"",DTC,0.0169492852463914,""
MAPT,CHEMBL:CHEMBL146710,FALSE,"",DTC,0.01318277741386,""
MAPT,CHEMBL:CHEMBL428789,FALSE,"",DTC,0.00790966644831599,""
MAPT,OXOPURPUREINE,FALSE,"",DTC,0.0169492852463914,""
MAPT,OBTUSAQUINONE,FALSE,"",DTC,0.01977416612079,""
MAPT,GEFITINIB,TRUE,"",DTC,0.00177082084663791,""
MAPT,CHEMBL:CHEMBL1372046,FALSE,"",DTC,0.029661249181185,""
COL7A1,CRISABOROLE,TRUE,inhibitor,GuideToPharmacology,1.86442137710305,""
COL7A1,CALMODULIN,FALSE,activator,GuideToPharmacology,2.61018992794428,""
COL7A1,VINPOCETINE,FALSE,inhibitor,GuideToPharmacology,2.61018992794428,""
COL7A1,SCH51866,FALSE,inhibitor,GuideToPharmacology,2.1751582732869,""
CTSC,ICATCXPZ-01,FALSE,inhibitor,GuideToPharmacology,7.45768550841222,""
CTSC,BRENSOCATIB,FALSE,inhibitor,GuideToPharmacology,7.45768550841222,""
CTSC,PENTOSAN POLYSULFATE,TRUE,"",NCI,2.98307420336489,17826736
CTSC,PROGESTERONE,TRUE,"",NCI,0.252802898590245,17916955
CTSC,CALCIUM GLUCONATE,TRUE,"",NCI,3.72884275420611,18822840
CTSC,COMPOUND 3D [PMID: 3941405],FALSE,inhibitor,GuideToPharmacology,7.45768550841222,""
CTSC,BRENSOCATIB,FALSE,inhibitor,ChEMBL,7.45768550841222,""
VCAN,CYCLOSPORINE,TRUE,"",NCI,0.600043661596385,14974815
VCAN,EXAMPLE 15 [WO2015079413],FALSE,inhibitor,GuideToPharmacology,26.1018992794428,""
HELLS,ORLISTAT,TRUE,inhibitor,GuideToPharmacology,2.00783840611098,""
HELLS,DO264,FALSE,inhibitor,GuideToPharmacology,26.1018992794428,""
S100A10,DEXAMETHASONE,TRUE,"",NCI,0.614162335986889,10358078
S100A10,THERAPEUTIC GONADOTROPIN,FALSE,"",NCI,7.45768550841222,11356677
RORC,E319,FALSE,"",DTC,0.0515847811846695,""
RORC,AFIMOXIFENE,FALSE,"",DTC,0.0405308995022403,""
RORC,DACTINOMYCIN,TRUE,"",DTC,0.0162123598008961,""
RORC,CYCLOHEXIMIDE,FALSE,"",DTC,0.00597297466348805,""
RORC,DICHLOROPHEN,FALSE,"",DTC,0.0315240329461869,""
RORC,RHEIN,FALSE,"",DTC,0.0257923905923348,""
RORC,DICHLORODIPHENYLDICHLOROETHYLENE,FALSE,"",DTC,0.189144197677121,""
RORC,ENDRIN,FALSE,"",DTC,0.141858148257841,""
RORC,DIETHYLSTILBESTROL,TRUE,"",DTC,0.0171949270615565,""
RORC,AZD0284,FALSE,"",TTD,0.283716296515682,""
RORC,JTE-151,FALSE,inhibitor,ChEMBL,0.567432593031364,""
RORC,PHENFORMIN HYDROCHLORIDE,TRUE,"",DTC,0.141858148257841,""
RORC,DICYCLOHEXYLCARBODIIMIDE,FALSE,"",DTC,0.141858148257841,""
RORC,TAK-828F,FALSE,"",TTD,0.283716296515682,""
RORC,CHEMBL:CHEMBL443949,FALSE,"",DTC,0.283716296515682,""
RORC,CETYLPYRIDINIUM BROMIDE,FALSE,"",DTC,0.0436486610024127,""
RORC,CARMINE,FALSE,"",DTC,0.0472860494192804,""
RORC,MELPHALAN,TRUE,"",DTC,0.0283716296515682,""
RORC,LOVASTATIN,TRUE,"",DTC,0.0145495536674709,""
RORC,TAMOXIFEN CITRATE,TRUE,"",DTC,0.0298648733174402,""
RORC,PYRITHIONE ZINC,TRUE,"",DTC,0.0315240329461869,""
RORC,GENTIAN VIOLET CATION,TRUE,"",DTC,0.0298648733174402,""
RORC,ETHACRYNIC ACID,TRUE,"",DTC,0.0354645370644603,""
RORC,COLCHICINE,TRUE,"",DTC,0.0109121652506032,""
RORC,ZEARALENONE,FALSE,"",DTC,0.0436486610024127,""
RORC,PHENOLPHTHALEIN,TRUE,"",DTC,0.0709290741289206,""
RORC,"2,4-DINITROPHENOL",FALSE,"",DTC,0.141858148257841,""
RORC,RIBAVIRIN,TRUE,"",DTC,0.0149324366587201,""
RORC,FLUTAMIDE,TRUE,"",DTC,0.0283716296515682,""
RORC,KEPONE,FALSE,"",DTC,0.0472860494192804,""
RORC,CHLOROTRIANISENE,TRUE,"",DTC,0.113486518606273,""
RORC,HYDROQUINONE,TRUE,"",DTC,0.0333783878253744,""
RORC,NELFINAVIR MESYLATE,TRUE,"",DTC,0.0945720988385607,""
RORC,TRICLOFENOL,FALSE,"",DTC,0.189144197677121,""
RORC,ZERANOL,FALSE,"",DTC,0.0810617990044806,""
RORC,CAPTAN,FALSE,"",DTC,0.0436486610024127,""
RORC,BITHIONOL,TRUE,"",DTC,0.0236430247096402,""
RORC,MEDROXYPROGESTERONE ACETATE,TRUE,"",DTC,0.0567432593031364,""
RORC,DAUNORUBICIN HYDROCHLORIDE,TRUE,"",DTC,0.0171949270615565,""
RORC,DIGOXIN,TRUE,"",DTC,0.0166891939126872,""
RORC,DINITRO CRESOL,FALSE,"",DTC,0.141858148257841,""
RORC,METHYLTESTOSTERONE,TRUE,"",DTC,0.0945720988385607,""
RORC,OMEGA-CHLOROACETOPHENONE,FALSE,"",DTC,0.0945720988385607,""
RORC,GUGGULSTERONE,FALSE,"",DTC,0.0630480658923738,""
RORC,CADMIUM DICHLORIDE,FALSE,"",DTC,0.0515847811846695,""
RORC,HEXACHLOROPHENE,TRUE,"",DTC,0.0138398193422284,""
RORC,PHENYLMERCURIC ACETATE,FALSE,"",DTC,0.0283716296515682,""
RORC,POTASSIUM DICHROMATE,FALSE,"",DTC,0.113486518606273,""
RORC,MITOTANE,TRUE,"",DTC,0.0630480658923738,""
RORC,CLIOQUINOL,TRUE,"",DTC,0.0315240329461869,""
RORC,CHOLECALCIFEROL,TRUE,"",DTC,0.0472860494192804,""
RORC,OXYQUINOLINE,TRUE,"",DTC,0.113486518606273,""
RORC,ACTEIN,FALSE,"",DTC,0.567432593031364,""
RORC,THIRAM,FALSE,"",DTC,0.0246709823057115,""
RORC,STANOLONE,FALSE,"",DTC,0.0945720988385607,""
RORC,ALDRIN,FALSE,"",DTC,0.141858148257841,""
RORC,ZIRAM,FALSE,"",DTC,0.0436486610024127,""
RORC,CHLORHEXIDINE GLUCONATE,TRUE,"",DTC,0.0298648733174402,""
RORC,EMODIN,FALSE,"",DTC,0.0218243305012063,""
RORC,GSK2981278,FALSE,"",TTD,0.283716296515682,""
RORC,MECHLORETHAMINE HYDROCHLORIDE,TRUE,"",DTC,0.0945720988385607,""
RORC,CHEMBL:CHEMBL329673,FALSE,"",DTC,0.0515847811846695,""
RORC,BENZETHONIUM CHLORIDE,TRUE,"",DTC,0.0354645370644603,""
RORC,ANDROSTENEDIONE,FALSE,"",DTC,0.0567432593031364,""
RORC,CHEMBL:CHEMBL220845,FALSE,"",DTC,0.0630480658923738,""
RORC,DOMIPHEN BROMIDE,FALSE,"",DTC,0.0810617990044806,""
RORC,CHLORAMBUCIL,TRUE,"",DTC,0.0567432593031364,""
RORC,PROGESTERONE,TRUE,"",DTC,0.00961750157680279,""
RORC,"2,4-HEXADIENAL",FALSE,"",DTC,0.189144197677121,""
RORC,"1,10-PHENANTHROLINE",FALSE,"",DTC,0.0270205996681602,""
RORC,CHEMBL:CHEMBL453797,FALSE,"",DTC,0.283716296515682,""
RORC,CATECHOL,FALSE,"",DTC,0.0257923905923348,""
RORC,ENDOSULFAN,FALSE,"",DTC,0.113486518606273,""
RORC,FENRETINIDE,TRUE,"",DTC,0.0210160219641246,""
RORC,NIFEDIPINE,TRUE,"",DTC,0.0101327248755601,""
RORC,CINTIRORGON,FALSE,"",TTD,0.567432593031364,""
RORC,ESTRADIOL VALERATE,TRUE,"",DTC,0.0120730338942844,""
RORC,CELECOXIB,TRUE,"",DTC,0.0084691431795726,""
RORC,MERCURIC CHLORIDE,FALSE,"",DTC,0.0283716296515682,""
RORC,CHEMBL:CHEMBL320361,FALSE,"",DTC,0.189144197677121,""
RORC,PENTACHLOROPHENOL,FALSE,"",DTC,0.0405308995022403,""
RORC,METHOXYCHLOR,FALSE,"",DTC,0.113486518606273,""
RORC,FENTICLOR,FALSE,"",DTC,0.0298648733174402,""
RORC,CUMENE HYDROPEROXIDE,FALSE,"",DTC,0.189144197677121,""
RORC,TESTOSTERONE,TRUE,"",DTC,0.0145495536674709,""
RORC,AZACITIDINE,TRUE,"",DTC,0.0141858148257841,""
RORC,TO-901317,FALSE,"",DTC,0.0354645370644603,""
RORC,CHLORDANE,FALSE,"",DTC,0.0945720988385607,""
RORC,4-NONYLPHENOL,FALSE,"",DTC,0.113486518606273,""
RORC,TRITON X,FALSE,"",DTC,0.189144197677121,""
RORC,CHEMBL:CHEMBL354318,FALSE,"",DTC,0.567432593031364,""
RORC,"NITROFURANTOIN, MACROCRYSTALS",TRUE,"",DTC,0.0436486610024127,""
MSR1,H2O2,FALSE,"",NCI,4.01567681222196,15316030
COL5A1,COLLAGENASE CLOSTRIDIUM HISTOLYTICUM,TRUE,cleavage,ChEMBL,0.932210688551528,""
COL5A1,OCRIPLASMIN,TRUE,cleavage,ChEMBL,0.686892086301126,""
ACE2,COMPOUND 28 [PMID: 18324760],FALSE,inhibitor,GuideToPharmacology,5.22037985588855,""
ACE2,MLN-4760,FALSE,inhibitor,TdgClinicalTrial; GuideToPharmacology,10.4407597117771,""
ACE2,ALUNACEDASE ALFA,FALSE,"",TTD,10.4407597117771,25893478
ACE2,DX600,FALSE,inhibitor,GuideToPharmacology,5.22037985588855,""
ACE2,ORE-1001,FALSE,"",TTD,5.22037985588855,""
ACE2,XNT [PMID: 18391097],FALSE,activator,GuideToPharmacology,5.22037985588855,""
ACE2,LISINOPRIL ANHYDROUS,TRUE,"",TdgClinicalTrial,0.652547481986069,""
ACE2,CPS4,FALSE,"",GuideToPharmacology,5.22037985588855,""
ACE2,ABZ-SER-PRO-TYR(NO2)-OH,FALSE,"",GuideToPharmacology,5.22037985588855,""
ACE2,BCY15291,FALSE,inhibitor,GuideToPharmacology,5.22037985588855,""
TFRC,E2.3,FALSE,inhibitor,ChEMBL,8.70063309314759,""
TFRC,PABINAFUSP ALFA,FALSE,binder,ChEMBL,8.70063309314759,""
TFRC,A27.15,FALSE,inhibitor,ChEMBL,17.4012661862952,""
C3AR1,SB290157,FALSE,"",DTC,10.4407597117771,25259874
C3AR1,CARBENOXOLONE,FALSE,inhibitor,GuideToPharmacology,0.435031654657379,""
C3AR1,CA2+,FALSE,inhibitor,GuideToPharmacology,0.261018992794428,""
C3AR1,FLUFENAMIC ACID,FALSE,inhibitor,GuideToPharmacology,0.27475683452045,""
C3AR1,OCTANOL,FALSE,inhibitor,GuideToPharmacology,0.497179033894148,""
RUNX1,JUGLONE,FALSE,"",DTC,0.0745768550841222,""
RUNX1,DEPHOSTATIN,FALSE,"",DTC,0.0596614840672977,""
RUNX1,DISULFIRAM,TRUE,"",DTC,0.0346869093414522,""
RUNX1,SHIKONIN,FALSE,"",DTC,0.149153710168244,""
RUNX1,CHEMBL:CHEMBL260311,FALSE,"",DTC,0.135594281971131,""
RUNX1,CHEMBL:CHEMBL533226,FALSE,"",DTC,0.114733623206342,""
RUNX1,IRIGINOL HEXAACEATATE,FALSE,"",DTC,0.135594281971131,""
RUNX1,"1,10-PHENANTHROLINE",FALSE,"",DTC,0.0710255762705926,""
RUNX1,QUINOLINIC ACID,FALSE,"",DTC,0.248589516947074,""
RUNX1,AURINTRICARBOXYLIC ACID,FALSE,"",DTC,0.0481141000542724,""
RUNX1,WEDELOLACTONE,FALSE,"",DTC,0.135594281971131,""
RUNX1,TAMOXIFEN CITRATE,TRUE,"",DTC,0.0785019527201286,""
RUNX1,FUMARPROTOCETRARIC ACID,FALSE,"",DTC,0.124294758473537,""
RUNX1,PURPUROGALLIN,FALSE,"",DTC,0.0414315861578457,""
RUNX1,&ALPHA;-ERGOCRYPTINE,FALSE,"",DTC,0.149153710168244,""
RUNX1,APOMORPHINE HYDROCHLORIDE HEMIHYDRATE,FALSE,"",DTC,0.0828631723156913,""
RUNX1,CHEMBL:CHEMBL1601846,FALSE,"",DTC,0.0648494392035845,""
RUNX1,FUSARIC ACID,FALSE,"",DTC,0.213076728811778,""
RUNX1,DAUNORUBICIN LIPOSOMAL,TRUE,"",DTC,0.016390517600906,""
RUNX1,ERGOCORNINE,FALSE,"",DTC,0.248589516947074,""
RUNX1,CHEMBL:CHEMBL1341830,FALSE,"",DTC,0.149153710168244,""
RUNX1,ELLAGIC ACID,FALSE,"",DTC,0.0532691822029444,""
RUNX1,HOMIDIUM BROMIDE,FALSE,"",DTC,0.0514323138511187,""
RUNX1,IRIGENOL,FALSE,"",DTC,0.106538364405889,""
RUNX1,TOLONIUM CHLORIDE,FALSE,"",DTC,0.0828631723156913,""
RUNX1,DIPYRIDYL,FALSE,"",DTC,0.372884275420611,""
RUNX1,CHEMBL:CHEMBL313737,FALSE,"",DTC,0.149153710168244,""
RUNX1,CHEMBL:CHEMBL211670,FALSE,"",DTC,0.114733623206342,""
RUNX1,CETIRIZINE HYDROCHLORIDE,FALSE,"",DTC,0.745768550841222,""
RUNX1,PYROGALLOL,TRUE,"",DTC,0.0994358067788296,""
RUNX1,L-NOREPINEPHRINE,FALSE,"",DTC,0.186442137710305,""
RUNX1,METHACHOLINE CHLORIDE,TRUE,"",PharmGKB,0.497179033894148,21803869
RUNX1,CYTARABINE HYDROCHLORIDE,FALSE,"",DTC,0.497179033894148,""
RUNX1,IMATINIB,TRUE,"",NCI,0.0414315861578457,15650049
RUNX1,CYTARABINE,TRUE,"",CIViC,0.0186442137710305,""
BUB1B,3-PHENYL-CPP,FALSE,blocker,GuideToPharmacology,8.70063309314759,""
BUB1B,NIFLUMIC ACID,FALSE,activator,GuideToPharmacology,1.33855893740732,""
BUB1B,DIDS,FALSE,blocker,GuideToPharmacology,3.48025323725904,""
MKI67,SUNITINIB,TRUE,"",CGI,0.543789568321724,""
MKI67,ABEMACICLIB,TRUE,"",PharmGKB,1.37378417260225,""
CST2,BALANOL,FALSE,inhibitor,GuideToPharmacology,4.01567681222196,""
IL1RL2,IMSIDOLIMAB,FALSE,inhibitor,ChEMBL,8.70063309314759,""
IL1RL2,SPESOLIMAB,FALSE,"",TTD,8.70063309314759,""
IL1RL2,SPESOLIMAB,TRUE,inhibitor,ChEMBL,8.70063309314759,""
ULK3,HESPERADIN,FALSE,inhibitor,DTC,0.652547481986069,19035792
ULK3,IMATINIB,TRUE,"",PharmGKB,0.725052757762299,15073101
FCGR2A,DOXORUBICIN HYDROCHLORIDE,TRUE,"",PharmGKB,0.100779533897462,21109570
FCGR2A,MARGETUXIMAB,TRUE,"",PharmGKB,1.49153710168244,""
FCGR2A,VALZIFLOCEPT,FALSE,"",TTD,2.48589516947074,""
FCGR2A,TRASTUZUMAB,TRUE,"",PharmGKB,0.828631723156913,21109570; 18347005
FCGR2A,PACLITAXEL,TRUE,"",PharmGKB,0.135594281971131,21109570
FCGR2A,RITUXIMAB,TRUE,"",PharmGKB,0.828631723156913,30457672
FCGR2A,CYCLOPHOSPHAMIDE ANHYDROUS,TRUE,"",PharmGKB,0.184140382923759,21109570
CDH3,PF-03732010,FALSE,inhibitor,ChEMBL,26.1018992794428,""
CDH3,PF-06671008,FALSE,"",TTD,26.1018992794428,""
XCR1,TRYPTANTHRIN,FALSE,inhibitor,GuideToPharmacology,0.870063309314759,""
XCR1,NAVOXIMOD,FALSE,inhibitor,GuideToPharmacology,2.1751582732869,""
XCR1,LW106,FALSE,inhibitor,GuideToPharmacology,4.35031654657379,""
XCR1,TRYPTANTHRIN 5I,FALSE,inhibitor,GuideToPharmacology,2.1751582732869,""
XCR1,EPACADOSTAT,FALSE,inhibitor,GuideToPharmacology,2.1751582732869,""
XCR1,NECROSTATIN-1,FALSE,inhibitor,GuideToPharmacology,0.870063309314759,""
XCR1,1-METHYL-L-TRYPTOPHAN,FALSE,inhibitor,GuideToPharmacology,4.35031654657379,""
XCR1,BETA-CARBOLINE,FALSE,inhibitor,GuideToPharmacology,1.08757913664345,""
XCR1,AMG-1,FALSE,inhibitor,GuideToPharmacology,4.35031654657379,""
XCR1,COMPOUND 8U [PMID: 31999451],FALSE,inhibitor,GuideToPharmacology,2.1751582732869,""
XCR1,LINRODOSTAT,FALSE,inhibitor,GuideToPharmacology,4.35031654657379,""
XCR1,PF-06840003,FALSE,inhibitor,GuideToPharmacology,2.1751582732869,""
PRSS3,BORTEZOMIB,TRUE,"",DTC,0.409441557324592,20875739
PRSS3,CYANOPEPTOLIN S,FALSE,"",DTC,5.80042206209839,""
PRSS3,CYANOPEPTOLIN SS,FALSE,"",DTC,5.80042206209839,""
CMA1,JNJ-10311795,FALSE,inhibitor,TTD; GuideToPharmacology,10.4407597117771,""
CMA1,TY-51469,FALSE,inhibitor,GuideToPharmacology,10.4407597117771,""
CMA1,FULACIMSTAT,FALSE,inhibitor,ChEMBL,10.4407597117771,""
CMA1,COMPOUND 7F [PMID: 29191554],FALSE,inhibitor,GuideToPharmacology,10.4407597117771,""
CMA1,NK3201,FALSE,inhibitor,GuideToPharmacology,10.4407597117771,""
CYP2E1,ISOFLAVONE,FALSE,"",NCI,1.24294758473537,15056880
CYP2E1,BENZODIAZEPINE,FALSE,"",NCI,0.745768550841222,9574817
CYP2E1,BRADANICLINE,FALSE,"",DTC,0.745768550841222,23126648
CYP2E1,SEVOFLURANE,TRUE,"",PharmGKB,0.151169300846194,35943164; 8214760
CYP2E1,CYTARABINE,TRUE,"",PharmGKB,0.0466105344275764,22584460
CYP2E1,PHENETHYL ISOCYANATE,FALSE,"",DTC,3.72884275420611,23371965
CYP2E1,POLYETHYLENE GLYCOL 4000,TRUE,"",NCI,0.745768550841222,10634315
CYP2E1,CHLORPROMAZINE,TRUE,"",NCI,0.100779533897462,15135088
CYP2E1,VALERIAN ROOT EXTRACT,TRUE,"",NCI,1.86442137710305,15900287
CYP2E1,ADJUVANT,FALSE,"",NCI,0.248589516947074,7787697
CYP2E1,PYRIDOXAL PHOSPHATE ANHYDROUS,FALSE,"",PharmGKB,1.24294758473537,16770646
CYP2E1,ACETAMINOPHEN,TRUE,"",PharmGKB,0.322688315267836,19219744; 23462933; 8659683; 11866476; 32149563; 18695978; 9548799; 26049587
CYP2E1,RITONAVIR,TRUE,"",NCI,0.138105287192819,9278209
CYP2E1,GEMTUZUMAB OZOGAMICIN,TRUE,"",PharmGKB,0.414315861578457,22584460
CYP2E1,FLUDARABINE,TRUE,"",PharmGKB,0.109671845711944,22584460
CYP2E1,IDARUBICIN,TRUE,"",PharmGKB,0.0776842240459606,22584460
CYP2E1,CIPROFLOXACIN,TRUE,"",NCI,0.338985704927828,15194011
CYP2E1,THEOPHYLLINE,TRUE,"",PharmGKB,0.138105287192819,16841220
CYP2E1,METACETAMOL,FALSE,"",DTC,3.72884275420611,22613176
CYP2E1,RISPERIDONE,TRUE,"",PharmGKB,0.0556543694657628,28696411
CYP2E1,ANTIDEPRESSANT AGENT,FALSE,"",NCI,0.0717085145039637,9574817
CYP2E1,NONSTEROIDAL ANTIINFLAMMATORY DRUG,FALSE,"",NCI,0.219343691423889,9574817
CYP2E1,ZIDOVUDINE,TRUE,"",PharmGKB,0.138105287192819,22960662
CYP2E1,FLUOROURACIL,TRUE,"",NCI,0.0321451961569492,12904931
CYP2E1,ISOFLURANE,TRUE,"",PharmGKB,0.120285250135681,8214760
CYP2E1,COBALT,FALSE,"",NCI,0.338985704927828,8577819
CYP2E1,PHENETHYLISOTHIOCYANATE,FALSE,"",DTC,0.466105344275764,23371965
CYP2E1,PERFLUBRON,FALSE,"",NCI,3.72884275420611,8399771
CFD,LAMPALIZUMAB,FALSE,"",TTD,8.70063309314759,""
CFD,DANICOPAN,TRUE,inhibitor,TTD; ChEMBL,17.4012661862952,""
CFD,LAMPALIZUMAB,FALSE,inhibitor,ChEMBL,17.4012661862952,""
OPCML,METHYLPHENIDATE HYDROCHLORIDE,TRUE,"",PharmGKB,2.26973037212546,29382897
CEACAM1,ARCITUMOMAB,TRUE,"",TEND; TdgClinicalTrial,8.70063309314759,""
CEACAM1,RECOMBINANT CHEMOKINE,FALSE,"",NCI,2.1751582732869,15937057
CEACAM1,RETINOIC ACID AGENT,FALSE,"",NCI,0.841996750949767,8609714
CEACAM1,TRETINOIN,TRUE,"",NCI,0.286834058015855,15364113
HCN2,LG100754,FALSE,inhibitor,GuideToPharmacology,1.33855893740732,""
HCN2,PA452,FALSE,inhibitor,GuideToPharmacology,4.01567681222196,""
HCN2,"COMPOUND 28 [HEITEL ET AL., 2019]",FALSE,agonist,GuideToPharmacology,1.33855893740732,""
HCN2,K-80003,FALSE,inhibitor,GuideToPharmacology,4.01567681222196,""
HCN2,SULINDAC,TRUE,inhibitor,GuideToPharmacology,0.191222705343903,""
HCN2,AGN194204,FALSE,agonist,GuideToPharmacology,4.01567681222196,""
HCN2,ALITRETINOIN,TRUE,agonist,GuideToPharmacology,0.191222705343903,""
HCN2,BEXAROTENE,TRUE,agonist,GuideToPharmacology,0.33463973435183,""
HCN2,PA451,FALSE,inhibitor,GuideToPharmacology,4.01567681222196,""
HCN2,HX 531,FALSE,inhibitor,GuideToPharmacology,4.01567681222196,""
HCN2,FLUOROBEXAROTENE,FALSE,agonist,GuideToPharmacology,4.01567681222196,""
HCN2,LG-100268,FALSE,agonist,GuideToPharmacology,4.01567681222196,""
HCN2,METHOPRENE ACID,FALSE,agonist,GuideToPharmacology,4.01567681222196,""
APOC2,"L-888,607",FALSE,agonist,GuideToPharmacology,1.04407597117771,""
APOC2,PGD2,FALSE,agonist,GuideToPharmacology,0.348025323725904,""
APOC2,"13,14-DIHYDRO-16-M-CHLOROPHENOXY-W-TETRANOR-PGF1&ALPHA;",FALSE,agonist,GuideToPharmacology,2.08815194235542,""
APOC2,MB-28767,FALSE,agonist,GuideToPharmacology,0.348025323725904,""
APOC2,BIMATOPROST,TRUE,agonist,GuideToPharmacology,0.522037985588855,""
APOC2,BAY-6672,FALSE,inhibitor,GuideToPharmacology,2.08815194235542,""
APOC2,SULPROSTONE,FALSE,agonist,GuideToPharmacology,0.696050647451807,""
APOC2,BIMATOPROST (FREE ACID FORM),FALSE,agonist,GuideToPharmacology,1.04407597117771,""
APOC2,ENPROSTIL,FALSE,agonist,GuideToPharmacology,0.522037985588855,""
APOC2,TAFLUPROST,TRUE,agonist,GuideToPharmacology,1.04407597117771,""
APOC2,DINOPROST,FALSE,agonist,GuideToPharmacology,0.130509496397214,""
APOC2,[3H]PGF2&ALPHA;,FALSE,agonist,GuideToPharmacology,2.08815194235542,""
APOC2,AS604872,FALSE,inhibitor,GuideToPharmacology,2.08815194235542,""
APOC2,CLOPROSTENOL,FALSE,agonist,GuideToPharmacology,0.417630388471084,""
APOC2,ILOPROST,TRUE,agonist,GuideToPharmacology,0.174012661862952,""
APOC2,LATANOPROST,TRUE,agonist,GuideToPharmacology,1.04407597117771,""
APOC2,SEPETAPROST,FALSE,agonist,GuideToPharmacology,0.696050647451807,""
APOC2,CARBACYCLIN,FALSE,agonist,GuideToPharmacology,0.261018992794428,""
APOC2,TAFLUPROST ACID,FALSE,agonist,GuideToPharmacology,2.08815194235542,""
APOC2,LATANOPROST (FREE ACID FORM),FALSE,agonist,GuideToPharmacology,2.08815194235542,""
APOC2,FLUPROSTENOL,FALSE,agonist,GuideToPharmacology,0.696050647451807,""
APOC2,DINOPROSTONE,TRUE,agonist,GuideToPharmacology,0.104407597117771,""
APOC2,AL12180,FALSE,agonist,GuideToPharmacology,2.08815194235542,""
APOC2,U46619,FALSE,agonist,GuideToPharmacology,0.232016882483936,""
APOC2,LATANOPROSTENE BUNOD,TRUE,agonist,GuideToPharmacology,1.04407597117771,""
COL1A2,TNF-ALPHA,FALSE,"",NCI,0.483368505174866,12393755
COL1A2,ST034307,FALSE,inhibitor,GuideToPharmacology,5.80042206209839,""
COL1A2,RECOMBINANT TRANSFORMING GROWTH FACTOR-BETA-2,FALSE,"",NCI,2.32016882483936,15223827
COL1A2,RECOMBINANT INTERFERON,FALSE,"",NCI,0.297457541646071,14512876
COL1A2,DAUNORUBICIN LIPOSOMAL,TRUE,"",PharmGKB,0.127481803562602,26230641
COL1A2,RECOMBINANT TRANSFORMING GROWTH FACTOR,FALSE,"",NCI,0.527311096554399,14520013
COL1A2,OCRIPLASMIN,TRUE,cleavage,ChEMBL,0.152642685844695,""
COL1A2,COLLAGENASE CLOSTRIDIUM HISTOLYTICUM,TRUE,cleavage,TEND; TdgClinicalTrial; ChEMBL,0.621473792367685,""
COL1A2,DOXORUBICIN HYDROCHLORIDE,TRUE,"",PharmGKB,0.0783840819202486,26230641
SLC2A1,GLUFOSFAMIDE,FALSE,"",TdgClinicalTrial,0.326273740993035,""
SLC2A1,GENTAMICIN,TRUE,"",NCI,0.226973037212546,8779884
SLC2A1,TRETINOIN,TRUE,"",NCI,0.0573668116031709,10950817
SLC2A1,SELENIUM,TRUE,"",NCI,0.307081167993444,12577306
SLC2A1,BASIC FIBROBLAST GROWTH FACTOR,FALSE,"",NCI,2.61018992794428,15924676
SLC2A1,PROGESTERONE,TRUE,"",NCI,0.0884810145065856,15350188
SLC2A1,TCDD,FALSE,"",NCI,0.208815194235542,7530807
SLC2A1,PLATINUM,FALSE,"",PharmGKB,0.261018992794428,26358256
SLC2A1,PIOGLITAZONE HYDROCHLORIDE,TRUE,"",NCI,0.307081167993444,17251278
SLC2A1,THERAPEUTIC GLUCOCORTICOID,FALSE,"",NCI,0.153540583996722,17072757
SLC2A1,IL-7,FALSE,"",NCI,2.61018992794428,17023582
SLC2A1,DIAZEPAM,TRUE,"",NCI,0.180013098478916,15148255
SLC2A1,THIOCTIC ACID,TRUE,"",DTC,5.22037985588855,23984871
SLC2A1,ROSIGLITAZONE,TRUE,"",NCI,0.23728999344948,11699047
SLC2A1,ESTRADIOL VALERATE,TRUE,"",NCI,0.111071911827416,9227446
SLC2A1,RECOMBINANT FIBROBLAST GROWTH FACTOR 2,FALSE,"",NCI,0.474579986898959,15924676
SLC2A1,TRIAMCINOLONE,TRUE,"",NCI,0.226973037212546,10199793
SLC2A1,GENISTEIN,TRUE,"",NCI,0.0900065492394578,8621505
SLC2A1,THYMIDINE,TRUE,"",NCI,1.04407597117771,1868466
SLC2A1,PHENYTOIN SODIUM,TRUE,"",NCI,0.124294758473537,15698863
PRDM1,FPYVAE PEPTIDE [PMID: 20494585],FALSE,inhibitor,GuideToPharmacology,1.49153710168244,""
PRDM1,COMPOUND 42 [PMID: 17574411],FALSE,inhibitor,GuideToPharmacology,1.49153710168244,""
PRDM1,"COMPOUND 9A [PATIL ET AL., 1989]",FALSE,inhibitor,GuideToPharmacology,1.49153710168244,""
PRDM1,PRAVASTATIN SODIUM,TRUE,inhibitor,GuideToPharmacology,0.0552421148771275,""
PRDM1,COMPOUND 2F [PMID: 2153213],FALSE,inhibitor,GuideToPharmacology,1.49153710168244,""
PRDM1,COMPOUND 1A [PMID: 2153213],FALSE,inhibitor,GuideToPharmacology,1.49153710168244,""
PRDM1,COMPOUND 2T [PMID: 2296036],FALSE,inhibitor,GuideToPharmacology,1.49153710168244,""
PRDM1,CERIVASTATIN,FALSE,inhibitor,GuideToPharmacology,0.298307420336489,""
PRDM1,COMPOUND 9 [PMID: 1992149],FALSE,inhibitor,GuideToPharmacology,1.49153710168244,""
PRDM1,MEVASTATIN,FALSE,inhibitor,GuideToPharmacology,0.372884275420611,""
PRDM1,COMPOUND 29 [PMID: 15686906],FALSE,inhibitor,GuideToPharmacology,1.49153710168244,""
PRDM1,COMPOUND 41 [PMID: 17574411],FALSE,inhibitor,GuideToPharmacology,1.49153710168244,""
PRDM1,COMPOUND 18 [PMID: 8426367],FALSE,inhibitor,GuideToPharmacology,1.49153710168244,""
PRDM1,SIMVASTATIN,TRUE,inhibitor,GuideToPharmacology,0.0298307420336489,""
PRDM1,GLPDGG PEPTIDE [PMID: 20494585],FALSE,inhibitor,GuideToPharmacology,1.49153710168244,""
PRDM1,LOVASTATIN,TRUE,inhibitor,GuideToPharmacology,0.0382445410687806,""
PRDM1,COMPOUND 33 [PMID: 17574412],FALSE,inhibitor,GuideToPharmacology,1.49153710168244,""
PRDM1,COMPOUND 1F [PMID: 2153213],FALSE,inhibitor,GuideToPharmacology,1.49153710168244,""
PRDM1,COMPOUND 17 [PMID: 15686906],FALSE,inhibitor,GuideToPharmacology,1.49153710168244,""
PRDM1,"COMPOUND 2 [DREYER ET AL., 1991]",FALSE,inhibitor,GuideToPharmacology,1.49153710168244,""
PRDM1,"COMPOUND 3 [DREYER ET AL., 1991]",FALSE,inhibitor,GuideToPharmacology,1.49153710168244,""
PRDM1,COMPOUND 1E [PMID: 2153213],FALSE,inhibitor,GuideToPharmacology,1.49153710168244,""
PRDM1,COMPOUND 4I [PMID: 2296036],FALSE,inhibitor,GuideToPharmacology,1.49153710168244,""
PRDM1,COMPOUND 4FF [PMID: 1656041],FALSE,inhibitor,GuideToPharmacology,1.49153710168244,""
PRDM1,"COMPOUND 6A [PATIL ET AL., 1989]",FALSE,inhibitor,GuideToPharmacology,1.49153710168244,""
PRDM1,ATORVASTATIN CALCIUM TRIHYDRATE,TRUE,inhibitor,GuideToPharmacology,0.0271188563942262,""
PRDM1,ROSUVASTATIN,TRUE,inhibitor,GuideToPharmacology,0.0621473792367685,""
PRDM1,COMPOUND 29 [PMID: 1527791],FALSE,inhibitor,GuideToPharmacology,1.49153710168244,""
PRDM1,"COMPOUND 1 [PATEL ET AL., 1991]",FALSE,inhibitor,GuideToPharmacology,1.49153710168244,""
PRDM1,DFGYVAE,FALSE,inhibitor,GuideToPharmacology,1.49153710168244,""
PRDM1,FLUVASTATIN,TRUE,inhibitor,GuideToPharmacology,0.149153710168244,""
PRDM1,COMPOUND 11NN [PMID: 1656041],FALSE,inhibitor,GuideToPharmacology,1.49153710168244,""
PRDM1,COMPOUND 2C [PMID: 2153213],FALSE,inhibitor,GuideToPharmacology,1.49153710168244,""
PRDM1,COMPOUND 11JJ [PMID: 1656041],FALSE,inhibitor,GuideToPharmacology,1.49153710168244,""
PRDM1,COMPOUND 2D [PMID: 2153213],FALSE,inhibitor,GuideToPharmacology,1.49153710168244,""
TCN1,VITAMIN B12,TRUE,"",NCI,7.45768550841222,2876185
TCN1,COBALAMIN,FALSE,"",NCI,156.611395676657,1176445; 8438881; 3018464; 474643; 1285639; 6164603; 1504859; 526444; 2235967; 10207776; 3332101
ACVR1C,SB-431542,FALSE,inhibitor,GuideToPharmacology,5.80042206209839,""
TNC,IODINE I 131 MONOCLONAL ANTIBODY 81C6,FALSE,"",TdgClinicalTrial,6.52547481986069,""
TNC,OMBURTAMAB,FALSE,"",TTD,6.52547481986069,""
TNC,F16IL2,FALSE,other/unknown,ChEMBL,6.52547481986069,""
TNC,LEVOSIMENDAN,TRUE,"",TTD,0.932210688551528,""
TNC,F16SIP 131I,FALSE,binder,ChEMBL,6.52547481986069,""
TNC,GEMCITABINE,TRUE,"",CIViC,0.0709290741289206,""
TNC,81C6 131I,FALSE,binder,ChEMBL,6.52547481986069,""
TNC,TENATUMOMAB,FALSE,other/unknown,ChEMBL,6.52547481986069,""
PDGFRB,IMATINIB,TRUE,inhibitor,TEND; TTD; TdgClinicalTrial; PharmGKB; OncoKB; DTC; TALC; ChEMBL; FDA,0.0917788300964935,28726812
PDGFRB,REGORAFENIB,TRUE,inhibitor,MyCancerGenomeClinicalTrial; MyCancerGenome; TALC; ChEMBL,0.0800978880842126,""
PDGFRB,PETROSIOL A,FALSE,"",DTC,1.32161515338951,23415061
PDGFRB,BECAPLERMIN,TRUE,agonist,TEND; TTD; TdgClinicalTrial; ChEMBL,0.881076768926338,""
PDGFRB,RINUCUMAB,FALSE,inhibitor,ChEMBL,0.660807576694754,""
PDGFRB,ENMD-981693,FALSE,inhibitor,ChEMBL,0.0347793461418291,""
PDGFRB,SORAFENIB,TRUE,inhibitor,ClearityFoundationClinicalTrial; TEND; TTD; MyCancerGenomeClinicalTrial; MyCancerGenome; TdgClinicalTrial; PharmGKB; DTC; TALC; ChEMBL,0.0632076812490634,28362716
PDGFRB,MASITINIB,TRUE,inhibitor,MyCancerGenomeClinicalTrial; TdgClinicalTrial; ChEMBL,0.116613101769662,""
PDGFRB,PAZOPANIB,TRUE,inhibitor,ClearityFoundationClinicalTrial; MyCancerGenomeClinicalTrial; MyCancerGenome; DTC; TALC; ChEMBL,0.0695586922836583,""
PDGFRB,TIVOZANIB HYDROCHLORIDE,TRUE,inhibitor,ChEMBL,0.132161515338951,""
PDGFRB,TOZASERTIB,FALSE,"",DTC,0.00905215858485964,""
PDGFRB,TELATINIB,FALSE,inhibitor,TTD; MyCancerGenome; TdgClinicalTrial; TALC; ChEMBL,0.472005411924824,""
PDGFRB,MOTESANIB,FALSE,inhibitor,MyCancerGenome; TdgClinicalTrial; TALC; ChEMBL,0.240293664252638,""
PDGFRB,PD-0166285,FALSE,inhibitor,DTC; ChEMBL,0.0254156760267213,""
PDGFRB,SU-014813,FALSE,inhibitor,ChEMBL,0.0944010823849648,""
PDGFRB,X-82,FALSE,inhibitor,TTD; MyCancerGenome; ChEMBL,0.396484546016852,""
PDGFRB,RABEPRAZOLE,TRUE,"",TTD,0.0254156760267213,""
PDGFRB,ILORASERTIB,FALSE,inhibitor,DTC; ChEMBL,0.011393234080944,""
PDGFRB,XL999,FALSE,inhibitor,TdgClinicalTrial; TALC,0.132161515338951,""
PDGFRB,SUNITINIB,TRUE,inhibitor,TEND; MyCancerGenome; CIViC; TdgClinicalTrial; PharmGKB; TALC; ChEMBL,0.123901420630266,19248971; 12538485
PDGFRB,LEUCOVORIN CALCIUM,TRUE,"",PharmGKB,0.0367115320385974,25069475
PDGFRB,RG-1530,FALSE,inhibitor,DTC; ChEMBL,0.0140597356743565,""
PDGFRB,ROMIPLOSTIM,TRUE,"",TTD,0.0826009470868442,""
PDGFRB,MK-2461,FALSE,"",TTD,0.0275336490289481,""
PDGFRB,CATEQUENTINIB,FALSE,inhibitor,ChEMBL,0.132161515338951,""
PDGFRB,PEGPLERANIB SODIUM,FALSE,"",TdgClinicalTrial,0.110134596115792,""
PDGFRB,TAMATINIB,FALSE,"",DTC,0.00815811823079943,""
PDGFRB,CP-547632,FALSE,"",DTC,0.0150183540157899,""
PDGFRB,CRENOLANIB,FALSE,inhibitor,ChEMBL,0.0440538384463169,""
PDGFRB,TG100-801,FALSE,inhibitor,ChEMBL,0.0413004735434221,""
PDGFRB,AXITINIB,TRUE,inhibitor,MyCancerGenome; TdgClinicalTrial; TALC,0.0944010823849648,""
PDGFRB,IRINOTECAN HYDROCHLORIDE,TRUE,"",PharmGKB,0.0209780183077699,25069475
PDGFRB,TAK-593,FALSE,inhibitor,TTD; ChEMBL,0.264323030677901,""
PDGFRB,TOCERANIB PHOSPHATE,TRUE,inhibitor,ChEMBL,0.220269192231585,""
PDGFRB,XL-999,FALSE,inhibitor,ChEMBL,0.0600734160631594,""
PDGFRB,AST-487,FALSE,"",DTC,0.0161172579681647,""
PDGFRB,FAMITINIB,FALSE,inhibitor,TTD; ChEMBL,0.18880216476993,""
PDGFRB,CM-082,FALSE,inhibitor,ChEMBL,0.165201894173688,""
PDGFRB,LENVATINIB,TRUE,"",TdgClinicalTrial,0.0347793461418291,""
PDGFRB,FLUOROURACIL,TRUE,"",PharmGKB,0.011393234080944,25069475
PDGFRB,XL820,FALSE,inhibitor,MyCancerGenome; TdgClinicalTrial; TALC,0.330403788347377,""
PDGFRB,CHEMBL:CHEMBL546797,FALSE,"",DTC,0.020650236771711,""
PDGFRB,VANDETANIB,TRUE,"",DTC,0.011393234080944,""
PDGFRB,PUQUITINIB MESYLATE DIHYDRATE,FALSE,inhibitor,ChEMBL,0.0600734160631594,""
PDGFRB,BARASERTIB-HQPA,FALSE,"",DTC,0.0287307642041197,""
PDGFRB,DORAMAPIMOD,FALSE,"",DTC,0.0287307642041197,""
PDGFRB,PONATINIB,TRUE,"",DTC,0.0508313520534426,20513156
PDGFRB,QUIZARTINIB,TRUE,inhibitor,ChEMBL,0.0347793461418291,""
PDGFRB,MIDOSTAURIN,TRUE,inhibitor,ChEMBL,0.018880216476993,""
PDGFRB,AMUVATINIB,FALSE,inhibitor,TdgClinicalTrial; TALC,0.18880216476993,""
PDGFRB,VARGATEF,FALSE,inhibitor,TALC,0.0826009470868442,""
PDGFRB,DOVITINIB LACTATE,FALSE,"",TTD,0.330403788347377,""
PDGFRB,HESPERADIN,FALSE,inhibitor,DTC,0.0165201894173688,19035792
PDGFRB,BEVACIZUMAB,TRUE,"",PharmGKB,0.0330403788347377,25069475
PDGFRB,CENISERTIB,FALSE,"",DTC,0.00560006420927757,""
PDGFRB,SNS-314,FALSE,"",DTC,0.0157335137308275,""
PDGFRB,FORETINIB,FALSE,inhibitor,ChEMBL,0.0347793461418291,""
PDGFRB,RIPRETINIB,TRUE,"",TTD,0.132161515338951,""
PDGFRB,BARASERTIB,FALSE,"",DTC,0.0508313520534426,""
PDGFRB,ORANTINIB,FALSE,inhibitor,MyCancerGenome; TALC; ChEMBL,0.152494056160328,""
PDGFRB,JI-101,FALSE,inhibitor,ChEMBL,0.220269192231585,""
PDGFRB,CEP-2563 DIHYDROCHLORIDE,FALSE,inhibitor,ChEMBL,0.0388710339232208,""
PDGFRB,NVP-TAE684,FALSE,"",DTC,0.00641560754072576,""
PDGFRB,VATALANIB,FALSE,inhibitor,TdgClinicalTrial; DTC; TALC; ChEMBL,0.14684612815439,""
PDGFRB,NINTEDANIB ESYLATE,TRUE,inhibitor,ClearityFoundationClinicalTrial; TTD; MyCancerGenome; TdgClinicalTrial; ChEMBL,0.132161515338951,""
PDGFRB,PAZOPANIB HYDROCHLORIDE,FALSE,"",TTD,0.220269192231585,""
PDGFRB,CEDIRANIB,FALSE,inhibitor,DTC; TALC; ChEMBL,0.0354004058943618,""
PDGFRB,TANDUTINIB,FALSE,inhibitor,MyCancerGenome; DTC; ChEMBL,0.141601623577447,""
PDGFRB,LINIFANIB,FALSE,inhibitor,MyCancerGenome; TdgClinicalTrial; DTC; TALC; ChEMBL,0.0413004735434221,""
PDGFRB,PF-562271,FALSE,"",DTC,0.00611858867309957,""
PDGFRB,NILOTINIB,TRUE,inhibitor,MyCancerGenomeClinicalTrial,0.0413004735434221,""
PDGFRB,XL-820,FALSE,inhibitor,TTD; ChEMBL,0.220269192231585,""
PDGFRB,SOTRASTAURIN,FALSE,"",DTC,0.0108329110933566,""
PDGFRB,DOVITINIB,FALSE,inhibitor,ClearityFoundationClinicalTrial; TdgClinicalTrial; DTC; TALC; ChEMBL,0.0327132463710274,""
PDGFRB,SERALUTINIB,FALSE,inhibitor,ChEMBL,0.110134596115792,""
PDGFRB,TRAPIDIL,FALSE,"",TTD,0.220269192231585,""
PDGFRB,PP2,FALSE,"",DTC,0.0220269192231584,""
PDGFRB,DASATINIB ANHYDROUS,TRUE,inhibitor,TEND; MyCancerGenomeClinicalTrial; TdgClinicalTrial; DTC; TALC; ChEMBL,0.0521690192127437,""
PDGFRB,CDP-860,FALSE,inhibitor,ChEMBL,0.660807576694754,""
DNM1,HYDROXYCHLOROQUINE,TRUE,inhibitor,GuideToPharmacology,1.4501055155246,""
DNM1,AGATOLIMOD,FALSE,agonist,GuideToPharmacology,26.1018992794428,""
ALOX12,CELECOXIB,TRUE,"",PharmGKB,0.0502684627432697,23778325
ALOX12,SONIDEGIB,TRUE,inhibitor,GuideToPharmacology,0.280665583649922,""
ALOX12,PHENOTHIAZINE,FALSE,"",DTC,0.105249593868721,""
ALOX12,AZD8542,FALSE,inhibitor,GuideToPharmacology,1.68399350189953,""
ALOX12,CHEMBL:CHEMBL592124,FALSE,"",DTC,0.0543223710290172,""
ALOX12,CHEMBL:CHEMBL528045,FALSE,"",DTC,0.841996750949767,""
ALOX12,EBSELEN,FALSE,"",DTC,0.0481141000542724,""
ALOX12,METAMIZOLE SODIUM,TRUE,"",DTC,0.561331167299844,""
ALOX12,CHEMBL:CHEMBL68534,FALSE,"",DTC,0.0886312369420807,""
ALOX12,TYRPHOSTIN AG 835,FALSE,"",DTC,0.153090318354503,""
ALOX12,EMBELIN,FALSE,"",DTC,0.112266233459969,""
ALOX12,CADMIUM DICHLORIDE,FALSE,"",DTC,0.153090318354503,""
ALOX12,"5,7-DIHYDROXYISOFLAVONE",FALSE,"",DTC,0.153090318354503,""
ALOX12,BENOXAPROFEN,TRUE,inhibitor,ChEMBL,1.68399350189953,""
ALOX12,PATIDEGIB,FALSE,inhibitor,GuideToPharmacology,0.561331167299844,""
ALOX12,GSA-10,FALSE,modulator,GuideToPharmacology,1.68399350189953,""
ALOX12,CHEMBL:CHEMBL1164975,FALSE,"",DTC,3.36798700379907,19848434
ALOX12,MRT-92,FALSE,inhibitor,GuideToPharmacology,1.68399350189953,""
ALOX12,ETHOPROPAZINE HYDROCHLORIDE,TRUE,"",DTC,0.240570500271362,""
ALOX12,FISETIN,FALSE,"",DTC,0.129537961684579,""
ALOX12,VISMODEGIB,TRUE,inhibitor,GuideToPharmacology,0.420998375474883,""
ALOX12,MERCURIC CHLORIDE,FALSE,"",DTC,0.0841996750949767,""
ALOX12,"N,N'-DIPHENYL-P-PHENYLENEDIAMINE",FALSE,"",DTC,0.240570500271362,""
ALOX12,CHEMBL:CHEMBL580727,FALSE,"",DTC,0.210499187737442,""
ALOX12,PURMORPHAMINE,FALSE,agonist,GuideToPharmacology,0.841996750949767,""
ALOX12,TALADEGIB,FALSE,inhibitor,GuideToPharmacology,0.841996750949767,""
ALOX12,CHEMBL:CHEMBL154580,FALSE,"",DTC,0.153090318354503,""
ALOX12,TYRPHOSTIN 47,FALSE,"",DTC,0.105249593868721,""
ALOX12,GLASDEGIB,TRUE,inhibitor,GuideToPharmacology,0.420998375474883,""
ALOX12,SANGUINARIUM,FALSE,"",DTC,0.0673597400759813,""
ALOX12,CHEMBL:CHEMBL1448292,FALSE,"",DTC,0.561331167299844,""
AFF2,NAFAMOSTAT,FALSE,inhibitor,GuideToPharmacology,4.74579986898959,""
GUCY1A2,CINACIGUAT,FALSE,activator,ChEMBL,0.725052757762299,""
GUCY1A2,NITRIC OXIDE,TRUE,activator,TdgClinicalTrial; ChEMBL,0.580042206209839,""
GUCY1A2,OLINCIGUAT,FALSE,positive modulator,ChEMBL,0.725052757762299,""
GUCY1A2,RUNCACIGUAT,FALSE,activator,ChEMBL,0.725052757762299,""
GUCY1A2,RIOCIGUAT,TRUE,positive modulator,TdgClinicalTrial; ChEMBL,1.16008441241968,""
GUCY1A2,ISOSORBIDE DINITRATE,TRUE,activator,ChEMBL,0.2636555482772,""
GUCY1A2,SODIUM NITROPRUSSIDE,TRUE,activator,ChEMBL,0.580042206209839,""
GUCY1A2,NAPROXCINOD,FALSE,"",TdgClinicalTrial,0.483368505174866,""
GUCY1A2,NITROGLYCERIN,TRUE,activator,ChEMBL,0.223093156234554,""
GUCY1A2,ATACIGUAT,FALSE,activator,ChEMBL,0.580042206209839,""
GUCY1A2,GRASP,FALSE,inhibitor,GuideToPharmacology,2.9002110310492,""
GUCY1A2,NITRIC OXIDE-RELEASING ACETYLSALICYLIC ACID DERIVATIVE,FALSE,"",TdgClinicalTrial,0.966737010349732,""
GUCY1A2,LY3463251,FALSE,agonist,GuideToPharmacology,2.9002110310492,""
GUCY1A2,PENTAERYTHRITOL TETRANITRATE,TRUE,activator,ChEMBL,0.580042206209839,""
GUCY1A2,GROWTH DIFFERENTIATION FACTOR 15,FALSE,agonist,GuideToPharmacology,2.9002110310492,""
GUCY1A2,VERICIGUAT,TRUE,activator,ChEMBL,0.725052757762299,""
GUCY1A2,PRALICIGUAT,FALSE,activator,ChEMBL,0.580042206209839,""
GUCY1A2,ISOSORBIDE MONONITRATE,TRUE,activator,ChEMBL,0.29002110310492,""
RIMS1,QUETIAPINE FUMARATE,TRUE,"",PharmGKB,2.9002110310492,19156168
DEPTOR,OSI-027,FALSE,inhibitor,MyCancerGenome,1.93347402069946,""
DEPTOR,SAPANISERTIB,TRUE,inhibitor,MyCancerGenome,0.756576790708486,""
DEPTOR,AZD8055,FALSE,inhibitor,MyCancerGenome,1.4501055155246,""
ATP1A2,OLANZAPINE,TRUE,"",PharmGKB,0.196254881800322,23241943
ATP1A2,DESLANOSIDE,TRUE,inhibitor,ChEMBL,0.745768550841222,""
ATP1A2,DIGITOXIN,TRUE,inhibitor,ChEMBL,0.392509763600643,""
ATP1A2,ACETYLDIGITOXIN,TRUE,inhibitor,ChEMBL,0.828631723156913,""
ATP1A2,DIGOXIN,TRUE,inhibitor,ChEMBL,0.219343691423889,""
ATP1A2,LANATOSIDE C,TRUE,inhibitor,ChEMBL,0.497179033894148,""
ATP1A2,ISTAROXIME,FALSE,inhibitor,ChEMBL,0.828631723156913,""
ALDH3B1,TAMOXIFEN,TRUE,agonist,GuideToPharmacology,0.0892372624938214,""
ALDH3B1,4-HYDROXYTAMOXIFEN,FALSE,agonist,GuideToPharmacology,1.16008441241968,""
ALDH3B1,ESTRADIOL VALERATE,TRUE,agonist,GuideToPharmacology,0.123413235363796,""
ALDH3B1,2-METHOXYESTRADIOL,FALSE,agonist,GuideToPharmacology,5.80042206209839,""
ALDH3B1,G15,FALSE,inhibitor,GuideToPharmacology,5.80042206209839,""
ALDH3B1,G-1,FALSE,agonist,GuideToPharmacology,5.80042206209839,""
ALDH3B1,RALOXIFENE HYDROCHLORIDE,TRUE,agonist,GuideToPharmacology,0.116008441241968,""
ALDH3B1,FULVESTRANT,TRUE,agonist,GuideToPharmacology,0.232016882483936,""
ALDH3B1,G36,FALSE,inhibitor,GuideToPharmacology,5.80042206209839,""
LAMC2,OCRIPLASMIN,TRUE,cleavage,ChEMBL,1.37378417260225,""
COL10A1,LENRISPODUN,FALSE,inhibitor,GuideToPharmacology,1.74012661862952,""
COL10A1,NERANDOMILAST,FALSE,inhibitor,GuideToPharmacology,1.16008441241968,""
COL10A1,REVAMILAST,FALSE,inhibitor,GuideToPharmacology,0.696050647451807,""
COL10A1,ENSIFENTRINE,FALSE,inhibitor,GuideToPharmacology,1.74012661862952,""
COL10A1,"6-HYDROXY-5,7-DIMETHOXYFLAVONE",FALSE,inhibitor,GuideToPharmacology,0.870063309314759,""
COL10A1,ROLIPRAM,FALSE,inhibitor,GuideToPharmacology,0.348025323725904,""
COL10A1,MK-0873,FALSE,inhibitor,GuideToPharmacology,3.48025323725904,""
COL10A1,RS-25344,FALSE,inhibitor,GuideToPharmacology,0.870063309314759,""
COL10A1,YM976,FALSE,inhibitor,GuideToPharmacology,3.48025323725904,""
COL10A1,CDP840,FALSE,inhibitor,GuideToPharmacology,0.870063309314759,""
COL10A1,MK-0359,FALSE,inhibitor,GuideToPharmacology,0.870063309314759,""
COL10A1,RO20-1724,FALSE,inhibitor,GuideToPharmacology,0.870063309314759,""
COL10A1,IBUDILAST,TRUE,inhibitor,GuideToPharmacology,0.21751582732869,""
COL10A1,APREMILAST,TRUE,inhibitor,GuideToPharmacology,0.348025323725904,""
COL10A1,PICLAMILAST,FALSE,inhibitor,GuideToPharmacology,0.870063309314759,""
FAT1,CAPECITABINE,TRUE,"",PharmGKB,2.04720778662296,28715540
FBN2,COMPOUND 11J [PMID: 23021994],FALSE,inhibitor,GuideToPharmacology,13.0509496397214,""
INHBA,SOTATERCEPT,TRUE,inhibitor,ChEMBL,8.70063309314759,""
INHBA,GARETOSMAB,FALSE,inhibitor,ChEMBL,26.1018992794428,""
DHCR7,CHOLIC ACID,TRUE,"",PharmGKB,4.35031654657379,""
CENPE,BONGKREK ACID,FALSE,inhibitor,GuideToPharmacology,17.4012661862952,""
CENPE,GSK-923295,FALSE,inhibitor,TALC,17.4012661862952,""
CENPE,CARBOXYATRACTYLOSIDE,FALSE,inhibitor,GuideToPharmacology,17.4012661862952,""
SERPINE1,DIAPLASININ,FALSE,"",TTD,1.53540583996722,""
SERPINE1,LEVOTHYROXINE,TRUE,"",NCI,0.191925729995903,16075920
SERPINE1,GLYCYRRHETINIC ACID,TRUE,"",NCI,0.511801946655741,15070972
SERPINE1,RECOMBINANT INTERLEUKIN,FALSE,"",NCI,0.438687382847778,1368117
SERPINE1,THROMBOLYTIC AGENT,FALSE,"",NCI,3.07081167993444,11041123
SERPINE1,ORLISTAT,TRUE,"",NCI,0.23621628307188,11410822
SERPINE1,THR-18,FALSE,"",TTD,1.53540583996722,""
SERPINE1,AZATHIOPRINE,TRUE,"",NCI,0.0808108336824854,8635147
SERPINE1,NIMODIPINE,TRUE,"",NCI,0.161621667364971,11486117
SERPINE1,NORETHINDRONE ACETATE,TRUE,"",NCI,0.511801946655741,12385861
SERPINE1,RETINOIC ACID AGENT,FALSE,"",NCI,0.0990584412882078,8498603
SERPINE1,ANTIDEPRESSANT AGENT,FALSE,"",PharmGKB,0.0590540707679701,18794724
SERPINE1,METHYLPREDNISOLONE,TRUE,"",PharmGKB,0.170600648885247,36277691
SERPINE1,URIDINE,TRUE,"",NCI,0.383851459991805,10712415
SERPINE1,ORAL CONTRACEPTIVE,FALSE,"",NCI,0.279164698175858,8392873
SERPINE1,ARGIPRESSIN,TRUE,"",NCI,0.11810814153594,7482412
SERPINE1,"ESTROGENS, CONJUGATED (USP)",TRUE,"",NCI,0.341201297770494,8888658
SERPINE1,TIPLASININ,FALSE,"",DTC,3.07081167993444,17276980
SERPINE1,UROKINASE,TRUE,"",TdgClinicalTrial,0.191925729995903,""
SERPINE1,RECOMBINANT MONOCYTE CHEMOATTRACTANT PROTEIN-1,FALSE,"",NCI,0.383851459991805,16452499
SERPINE1,DEFIBROTIDE,TRUE,"",NCI,1.02360389331148,12745658
SERPINE1,HYDROCHLOROTHIAZIDE,TRUE,"",NCI,0.0667567756507488,11836266
SERPINE1,GM-CSF,FALSE,"",NCI,0.191925729995903,8260700
SERPINE1,ARSENIC TRIOXIDE,TRUE,"",NCI,0.11810814153594,14619570
SERPINE1,CETRORELIX,TRUE,"",NCI,1.02360389331148,16391860
SERPINE1,CITALOPRAM,TRUE,"",PharmGKB,0.0877374765695555,18794724
SERPINE1,BROXURIDINE,FALSE,"",NCI,0.25590097332787,2537681
SERPINE1,CAPTOPRIL,TRUE,"",NCI,0.23621628307188,9152782
SERPINE1,ALEPLASININ,FALSE,inhibitor,TTD; ChEMBL,3.07081167993444,""
SERPINE1,TINZAPARIN SODIUM,TRUE,"",NCI,0.438687382847778,17057417
SERPINE1,DEXAMETHASONE,TRUE,"",PharmGKB,0.0361271962345229,18285546
SERPINE1,ALITRETINOIN,TRUE,"",NCI,0.146229127615926,9869165
SERPINE1,EPIRUBICIN,TRUE,"",NCI,0.0853003244426234,16444429
SERPINE1,FLUOXETINE HYDROCHLORIDE,TRUE,"",PharmGKB,0.109671845711944,18794724
CEACAM5,LABETUZUMAB GOVITECAN,FALSE,binder,ChEMBL,2.26973037212546,""
CEACAM5,ANTI-CEA/ANTI-HSG BISPECIFIC MONOCLONAL ANTIBODY TF2,FALSE,"",TdgClinicalTrial,2.26973037212546,""
CEACAM5,T84.66,FALSE,binder,ChEMBL,2.26973037212546,""
CEACAM5,ARCITUMOMAB,TRUE,binder,ChEMBL,0.756576790708486,""
CEACAM5,CARCINOEMBRYONIC ANTIGEN PEPTIDE 1-6D VIRUS-LIKE REPLICON PARTICLES VACCINE,FALSE,"",TTD,2.26973037212546,""
CEACAM5,YTTRIUM Y 90 ANTI-CEA MONOCLONAL ANTIBODY CT84.66,FALSE,"",TTD,2.26973037212546,""
CEACAM5,LABETUZUMAB GOVITECAN,FALSE,antibody,GuideToPharmacology,2.26973037212546,""
CEACAM5,TUSAMITAMAB RAVTANSINE,FALSE,binder,TTD; ChEMBL,0.283716296515682,""
CEACAM5,90Y-CT84.66,FALSE,binder,ChEMBL,2.26973037212546,""
CEACAM5,ANTISENSE OLIGONUCLEOTIDES,FALSE,"",NCI,0.137559416492452,9346938
CEACAM5,MEDI-565,FALSE,modulator,ChEMBL,0.756576790708486,""
CEACAM5,LABETUZUMAB,FALSE,other/unknown,ChEMBL,2.26973037212546,""
CEACAM5,CERGUTUZUMAB AMUNALEUKIN,FALSE,"",TTD,2.26973037212546,""
CEACAM5,GENISTEIN,TRUE,"",NCI,0.0782665645560503,9331108
CEACAM5,ANTI-CEA CAR T CELLS,FALSE,"",TTD,2.26973037212546,""
CEACAM5,CARCINOEMBRYONIC ANTIGEN-EXPRESSING MEASLES VIRUS,FALSE,"",TTD,2.26973037212546,""
CEACAM5,MONOCLONAL ANTIBODY 3H1 ANTI-IDIOTYPE VACCINE,FALSE,"",TTD,2.26973037212546,""
CEACAM5,GEFITINIB,TRUE,"",NCI,0.0677531454365808,15738541
CEACAM5,GI-6207,FALSE,"",TTD,2.26973037212546,""
CEACAM5,CALCIUM GLUCONATE,TRUE,"",NCI,1.13486518606273,709521
CEACAM5,YTTRIUM Y 90 LABETUZUMAB,FALSE,binder,ChEMBL,2.26973037212546,""
CEACAM5,COL-1,FALSE,binder,ChEMBL,2.26973037212546,""
CEACAM5,LABETUZUMAB,FALSE,antibody,GuideToPharmacology,2.26973037212546,""
MET,MK-2461,FALSE,inhibitor,TTD; MyCancerGenome; ChEMBL,0.0627449501909682,""
MET,PF-04217903,FALSE,inhibitor,MyCancerGenome; DTC; ChEMBL; COSMIC,0.669279468703661,""
MET,CABOZANTINIB S-MALATE,TRUE,inhibitor,ClearityFoundationClinicalTrial; CGI; TTD; MyCancerGenomeClinicalTrial; MyCancerGenome; CIViC; TdgClinicalTrial; ClearityFoundationBiomarkers; OncoKB; CancerCommons; TALC; ChEMBL,0.273796146287861,""
MET,CAPMATINIB,TRUE,inhibitor,TTD; MyCancerGenome; CIViC; PharmGKB; OncoKB; CancerCommons; TALC; ChEMBL; COSMIC,1.50587880458324,""
MET,GLESATINIB,FALSE,inhibitor,MyCancerGenome; TdgClinicalTrial; CancerCommons; TALC; ChEMBL,0.250979800763873,""
MET,CRIZOTINIB,TRUE,inhibitor,CGI; TTD; MyCancerGenomeClinicalTrial; MyCancerGenome; CIViC; DoCM; TdgClinicalTrial; ClearityFoundationBiomarkers; PharmGKB; OncoKB; TALC; ChEMBL; COSMIC,0.401567681222196,10417759; 11750879; 9826708; 25157968; 12460923; 17483355; 1104268
MET,TEPOTINIB,TRUE,inhibitor,TTD; MyCancerGenome; CIViC; PharmGKB; DTC; ChEMBL,0.878429302673555,25736998
MET,AMUVATINIB,FALSE,inhibitor,MyCancerGenome; TdgClinicalTrial; TALC; ChEMBL,0.286834058015855,""
MET,ANTI-C-MET MONOCLONAL ANTIBODY SAIT301,FALSE,"",CIViC,0.501959601527746,""
MET,BMS-777607,FALSE,inhibitor,TTD; MyCancerGenome; ChEMBL,0.752939402291618,""
MET,CMX-2043,FALSE,"",TTD,0.250979800763873,""
MET,AMG-337,FALSE,inhibitor,ChEMBL,0.501959601527746,""
MET,DACTOLISIB,FALSE,"",DTC,0.0104574916984947,""
MET,MET TYROSINE KINASE INHIBITOR SGX523,FALSE,inhibitor,TTD; TdgClinicalTrial; TALC,1.50587880458324,""
MET,ERLOTINIB,TRUE,"",PharmGKB; OncoKB; DTC,0.0358542572519818,21487324
MET,FORETINIB,FALSE,inhibitor,TTD; MyCancerGenome; CIViC; TdgClinicalTrial; CancerCommons; TALC; ChEMBL,0.18493248477338,""
MET,AMG-208,FALSE,inhibitor,ChEMBL,0.501959601527746,""
MET,ONARTUZUMAB,FALSE,inhibitor; antibody,MyCancerGenome; CIViC; TdgClinicalTrial; CancerCommons; TALC; ChEMBL,3.01175760916647,""
MET,TIVANTINIB,FALSE,inhibitor,TTD; MyCancerGenomeClinicalTrial; MyCancerGenome; TdgClinicalTrial; CancerCommons; TALC; ChEMBL,3.51371721069422,""
MET,BMS-698769,FALSE,inhibitor,ChEMBL,0.501959601527746,""
MET,MERESTINIB,FALSE,inhibitor,TTD; ChEMBL,0.100391920305549,""
MET,CETUXIMAB,TRUE,"",CIViC,0.0135664757169661,""
MET,GEFITINIB,TRUE,"",CIViC; OncoKB; DTC,0.0299677374046415,23993328
MET,PAZOPANIB,TRUE,"",DTC,0.00880630879873238,""
MET,SAVOLITINIB,FALSE,inhibitor,CGI; TTD; CIViC; ChEMBL; COSMIC,1.25489900381936,""
MET,ALTIRATINIB,FALSE,inhibitor,TTD; ChEMBL,0.100391920305549,""
MET,EPICATECHIN GALLATE,FALSE,"",DTC,0.200783840611098,19839593
MET,EPIGALLOCATECHIN-3-GALLATE,FALSE,"",DTC,0.0557732890586384,19839593
MET,EMD-1204831,FALSE,inhibitor,TTD; ChEMBL,1.00391920305549,""
MET,EMIBETUZUMAB,FALSE,antibody; inhibitor,TTD; MyCancerGenome; TALC; ChEMBL,2.00783840611098,""
MET,EUCALYPTIN A,FALSE,"",DTC,1.00391920305549,22934600
MET,VEBRELTINIB,FALSE,"",TTD,0.250979800763873,""
MET,OSIMERTINIB,TRUE,"",CGI; OncoKB,0.0717085145039637,""
MET,OLEOCANTHAL,FALSE,"",DTC,0.501959601527746,23403296
MET,ROCILETINIB,FALSE,"",CGI,0.125489900381936,""
MET,ENTRECTINIB,TRUE,"",DTC,0.00880630879873238,""
MET,JNJ-38877605,FALSE,inhibitor,TTD; ChEMBL,1.00391920305549,""
MET,YUANHUADINE,FALSE,"",DTC,0.200783840611098,21916433
MET,JNJ-7706621,FALSE,"",DTC,0.00912653820959537,""
MET,BPI-9016,FALSE,inhibitor,ChEMBL,0.250979800763873,""
MET,TELISOTUZUMAB,FALSE,inhibitor,TTD; ChEMBL,1.00391920305549,""
MET,SU11274,FALSE,"",DTC,0.376469701145809,23403296; 17595299
MET,SP-600125,FALSE,"",DTC,0.00563999552278366,""
MET,EMB-01,FALSE,inhibitor,ChEMBL,0.250979800763873,""
MET,PALBOCICLIB,TRUE,"",DTC,0.00984234512799501,""
MET,ILORASERTIB,FALSE,"",DTC,0.0043272379442047,""
MET,ANTI-MET MONOCLONAL ANTIBODY MIXTURE SYM015,FALSE,"",TTD,0.250979800763873,""
MET,GALLOCATECHIN GALLATE,FALSE,"",DTC,1.00391920305549,19839593
MET,BEPERMINOGENE PERPLASMID,FALSE,agonist,TTD; ChEMBL,1.00391920305549,""
MET,CENISERTIB,FALSE,"",DTC,0.00425389492820123,""
MET,MK-8033,FALSE,inhibitor,TTD; ChEMBL,0.501959601527746,""
MET,CHEMBL:CHEMBL1997335,FALSE,"",DTC,0.0119514190839939,""
MET,TAMATINIB,FALSE,"",DTC,0.00619703211762649,""
MET,TEREVALEFIM,FALSE,agonist,ChEMBL,0.250979800763873,""
MET,CP-547632,FALSE,"",DTC,0.0114081727619942,""
MET,SAR-125844,FALSE,inhibitor,TTD; ChEMBL,1.00391920305549,""
MET,C-MET INHIBITOR AMG 337,FALSE,"",TTD,0.501959601527746,""
MET,GOLVATINIB,FALSE,inhibitor,TTD; ChEMBL,0.250979800763873,""
MET,PAMUFETINIB,FALSE,inhibitor,ChEMBL,0.125489900381936,""
MET,TYROSOL SINAPATE,FALSE,"",DTC,1.00391920305549,23403296
MET,CAPMATINIB HYDROCHLORIDE,TRUE,inhibitor,ChEMBL,0.501959601527746,""
MET,PF-562271,FALSE,"",DTC,0.00464777408821987,""
MET,CEP-11981,FALSE,"",DTC,0.0478056763359758,22148921
MET,SITRAVATINIB,FALSE,"",TTD,0.0313724750954841,""
MET,CRENOLANIB,FALSE,inhibitor,MyCancerGenomeClinicalTrial,0.033463973435183,""
MET,NVP-TAE684,FALSE,"",DTC,0.00487339418958976,""
MET,ANTI-EGFR MONOCLONAL ANTIBODY,FALSE,"",CIViC,0.250979800763873,""
MET,AMG-208,FALSE,inhibitor,MyCancerGenome,0.501959601527746,""
MET,C-MET INHIBITOR,FALSE,"",CIViC,0.501959601527746,""
MET,PEMBROLIZUMAB,TRUE,"",CIViC,0.0152108970159923,""
MET,CYC-116,FALSE,"",DTC,0.00517484125286336,""
MET,BMS-777607,FALSE,inhibitor,TALC,0.0836599335879576,""
MET,SELUMETINIB,TRUE,"",CIViC,0.0152108970159923,""
MET,VEMURAFENIB,TRUE,"",CGI; CIViC,0.0271329514339322,""
MET,MACROCARPAL A,FALSE,"",DTC,1.00391920305549,22934600
MET,METATINIB,FALSE,inhibitor,ChEMBL,0.167319867175915,""
MET,LINIFANIB,FALSE,"",DTC,0.00627449501909682,""
MET,C-MET INHIBITOR MK2461,FALSE,inhibitor,TALC,0.501959601527746,""
MET,EMIBETUZUMAB,FALSE,"",TTD,0.250979800763873,""
MET,CHEMBL:CHEMBL546797,FALSE,"",DTC,0.015686237547742,""
MET,PANITUMUMAB,TRUE,"",CGI,0.0250979800763873,""
MET,PD-0166285,FALSE,"",DTC,0.00965306926014895,""
MET,BMS-754807,FALSE,"",DTC,0.111546578117277,19778024
MET,AMIVANTAMAB,TRUE,inhibitor,ChEMBL,0.250979800763873,""
MET,MITOGEN-ACTIVATED PROTEIN KINASE KINASE INHIBITOR,FALSE,"",CIViC,0.0836599335879576,""
MET,LAPATINIB,TRUE,"",CGI,0.0161922452105724,""
MET,ZM447439,FALSE,"",DTC,0.0264189263961971,""
MET,MACROCARPAL B,FALSE,"",DTC,1.00391920305549,22934600
MET,C-MET INHIBITOR AMG 208,FALSE,inhibitor,TTD; TALC,1.00391920305549,""
MET,SNS-314,FALSE,"",DTC,0.0119514190839939,""
MET,TELISOTUZUMAB VEDOTIN,FALSE,binder,TTD; ChEMBL,0.0627449501909682,""
MET,CHEMBL:CHEMBL399530,FALSE,"",DTC,0.100391920305549,""
MET,TEPOTINIB HYDROCHLORIDE,TRUE,inhibitor,ChEMBL,0.501959601527746,""
MET,APRATOXIN F,FALSE,"",DTC,0.501959601527746,""
MET,TRAMETINIB DIMETHYL SULFOXIDE,TRUE,"",CIViC,0.0106799915218669,""
MET,ANTI-MET/EGFR MONOCLONAL ANTIBODY LY3164530,FALSE,"",TTD,0.250979800763873,""
MET,PF-04217903,FALSE,inhibitor,TTD; TALC,1.00391920305549,""
MET,NINGETINIB,FALSE,inhibitor,ChEMBL,0.100391920305549,""
MET,SGX-523,FALSE,inhibitor,ChEMBL,0.501959601527746,""
MET,BAY 61-3606,FALSE,"",DTC,0.0122429171104328,""
MET,BMS-817378,FALSE,inhibitor,ChEMBL,0.250979800763873,""
MET,TRASTUZUMAB,TRUE,"",CGI,0.0557732890586384,26432108; 22850551
MET,PHA-665752,FALSE,"",DTC,0.200783840611098,18077425
MET,ARRY-300,FALSE,inhibitor,ChEMBL,0.167319867175915,""
IGF2BP2,OXALIPLATIN,TRUE,"",PharmGKB,0.686892086301126,26115082
IGF2BP2,REPAGLINIDE,TRUE,"",PharmGKB,1.86442137710305,20523342
IGF2BP2,EPIRUBICIN,TRUE,"",PharmGKB,0.725052757762299,26115082
IGF2BP2,FLUOROURACIL,TRUE,"",PharmGKB,0.225016373098644,26115082
ODC1,EFLORNITHINE,TRUE,inhibitor,TTD; TdgClinicalTrial; GuideToPharmacology,2.84747992139376,""
ODC1,VINCRISTINE,TRUE,"",DTC,0.257796536093262,19006285
ODC1,EFLORNITHINE HYDROCHLORIDE,TRUE,inhibitor,ChEMBL,10.4407597117771,""
ODC1,APA,FALSE,inhibitor,GuideToPharmacology,10.4407597117771,""
ODC1,EFLORNITHINE,FALSE,"",TTD,2.08815194235542,""
HOXC8,JMS-053,FALSE,inhibitor,GuideToPharmacology,52.2037985588855,""
ADAMTS4,CHONDROITIN SULFATES,TRUE,"",NCI,11.6008441241968,14701864
DSG1,COMPOUND 66 [PMID: 19788238],FALSE,inhibitor,GuideToPharmacology,1.1864499672474,""
DSG1,PD-98059,FALSE,"",NCI,0.705456737282237,11781826
DSG1,RIPK3 INHIBITOR 18,FALSE,inhibitor,GuideToPharmacology,1.30509496397214,""
DSG1,DDR1/2 INHIBITOR 5N,FALSE,inhibitor,GuideToPharmacology,1.00391920305549,""
TACSTD2,SACITUZUMAB GOVITECAN,TRUE,binder,ChEMBL,2.9002110310492,""
TACSTD2,DATOPOTAMAB DERUXTECAN,FALSE,binder,ChEMBL,13.0509496397214,""
CCNB1,KENPAULLONE,FALSE,"",TTD,0.36252637888115,""
CCNB1,PROTOAPIGENONE,FALSE,"",DTC,1.24294758473537,""
CCNB1,SELICICLIB,FALSE,"",DTC,2.32016882483936,21080703
TTK,HESPERADIN,FALSE,inhibitor,DTC,0.435031654657379,19035792
TTK,BAY-1161909,FALSE,inhibitor,ChEMBL,17.4012661862952,""
TTK,BAY1217389,FALSE,inhibitor,ChEMBL,5.80042206209839,""
GNA12,AK198,FALSE,inhibitor,GuideToPharmacology,7.45768550841222,""
GNA12,ZENARESTAT,FALSE,inhibitor,GuideToPharmacology,7.45768550841222,""
GNA12,ZOPOLRESTAT,FALSE,inhibitor,GuideToPharmacology,7.45768550841222,""
GNA12,TOLRESTAT,TRUE,inhibitor,GuideToPharmacology,2.48589516947074,""
GNA12,GOVORESTAT,FALSE,inhibitor,GuideToPharmacology,7.45768550841222,""
GNA12,LIDORESTAT ANHYDROUS,FALSE,inhibitor,GuideToPharmacology,7.45768550841222,""
GNA12,SORBINIL,FALSE,inhibitor,GuideToPharmacology,1.49153710168244,""
USP2,SENNOSIDE B,FALSE,"",DTC,0.125489900381936,""
USP2,ELLAGIC ACID,FALSE,"",DTC,0.0717085145039637,""
USP2,TANNIC ACID,TRUE,"",DTC,0.200783840611098,""
USP2,CADMIUM ACETATE,FALSE,"",DTC,0.250979800763873,""
USP2,HEXACHLOROPHENE,TRUE,"",DTC,0.0489716684417313,""
USP2,QUINALIZARIN,FALSE,"",DTC,0.133855893740732,""
USP2,CHEMBL:CHEMBL56393,FALSE,"",DTC,0.0717085145039637,""
USP2,ZAPRINAST,FALSE,"",DTC,0.154449108162383,""
USP2,CHEMBL:CHEMBL578741,FALSE,"",DTC,0.0956113526719515,""
USP2,SURAMIN,FALSE,"",DTC,0.0528378527923943,""
USP2,ALEXIDINE HYDROCHLORIDE,FALSE,"",DTC,0.11810814153594,""
USP2,ALLOXAN,FALSE,"",DTC,0.501959601527746,""
USP2,CLOFOCTOL,FALSE,"",DTC,0.33463973435183,""
USP2,ROBUSTIC ACID,FALSE,"",DTC,0.669279468703661,""
USP2,CHAULMOSULFONE,FALSE,"",DTC,2.00783840611098,""
USP2,CALMIDAZOLIUM CHLORIDE,FALSE,"",DTC,0.100391920305549,""
USP2,GENTIAN VIOLET CATION,TRUE,"",DTC,0.105675705584789,""
USP2,AURINTRICARBOXYLIC ACID,FALSE,"",DTC,0.0647689808422897,""
USP2,DEPHOSTATIN,FALSE,"",DTC,0.0803135362444393,""
USP2,THONZONIUM BROMIDE,TRUE,"",DTC,0.223093156234554,""
USP2,CURCUMIN,TRUE,"",DTC,0.0304217940319846,""
USP2,AKT INHIBITOR IV,FALSE,"",DTC,0.182530764191907,""
USP2,JUGLONE,FALSE,"",DTC,0.100391920305549,""
USP2,GOSSYPOL,FALSE,"",DTC,0.0418299667939788,""
USP2,MANGOSTIN,FALSE,"",DTC,0.200783840611098,""
USP2,2-IODOACETAMIDE,FALSE,"",DTC,0.143417029007927,""
LAMB3,OCRIPLASMIN,TRUE,cleavage,ChEMBL,0.686892086301126,""
LAMB3,FENTANYL CITRATE,TRUE,"",PharmGKB,1.74012661862952,26566055
MMP9,CURCUMIN PYRAZOLE,FALSE,"",DTC,1.04407597117771,19128977
MMP9,TST10088,FALSE,"",TdgClinicalTrial,1.04407597117771,""
MMP9,CELECOXIB,TRUE,"",PharmGKB,0.0623328938016544,22336956
MMP9,CURCUMIN,TRUE,"",TTD,0.031638665793264,""
MMP9,TOZULERISTIDE,FALSE,"",TTD,1.04407597117771,""
MMP9,SHARK CARTILAGE EXTRACT AE-941,FALSE,"",TdgClinicalTrial,0.696050647451807,""
MMP9,HYDRALAZINE,TRUE,"",PharmGKB,0.208815194235542,21769110
MMP9,ULINASTATIN,FALSE,"",PharmGKB,1.39210129490361,31192912
MMP9,BEVACIZUMAB,TRUE,"",CIViC,0.0522037985588855,""
MMP9,CARBOXYLATED GLUCOSAMINE,FALSE,"",DTC,4.17630388471084,16616490
MMP9,METHYLDOPA ANHYDROUS,TRUE,"",PharmGKB,0.134719480151963,21769110
MMP9,ANDECALIXIMAB,FALSE,inhibitor,TTD; ChEMBL,4.17630388471084,""
MMP9,DP-B99,FALSE,"",TTD,2.08815194235542,""
MMP9,NEOVASTAT,FALSE,inhibitor,TALC,0.417630388471084,""
MMP9,PRINOMASTAT,FALSE,vaccine,TALC,0.298307420336489,""
MMP9,REBIMASTAT,FALSE,inhibitor,ChEMBL,0.348025323725904,""
MMP9,INCYCLINIDE,FALSE,"",TdgClinicalTrial,1.04407597117771,""
MMP9,CTS-1027,FALSE,inhibitor,ChEMBL,0.298307420336489,""
MMP9,DEMETHYLWEDELOLACTONE,FALSE,"",DTC,0.835260776942168,22926226
MMP9,S-3304,FALSE,vaccine,TALC,1.04407597117771,""
MMP9,ILOMASTAT,FALSE,"",TTD,0.0835260776942169,""
MMP9,MARIMASTAT,FALSE,inhibitor,TEND; TdgClinicalTrial; ChEMBL,0.417630388471084,""
MMP9,AZD-1236,FALSE,inhibitor,ChEMBL,1.04407597117771,""
MMP9,ANTIHYPERTENSIVE AGENT,FALSE,"",PharmGKB,0.522037985588855,21769110
MMP9,NIFEDIPINE,TRUE,"",PharmGKB,0.0745768550841222,21769110
CDK14,RONICICLIB,FALSE,inhibitor,ChEMBL,0.466105344275764,""
CDK14,AZD5438,FALSE,inhibitor,ChEMBL,0.543789568321724,""
CDK14,PHA-793887,FALSE,inhibitor,ChEMBL,0.621473792367685,""
CDK14,AT-7519,FALSE,inhibitor,ChEMBL,0.621473792367685,""
SLC7A11,RILUZOLE,TRUE,"",TdgClinicalTrial,2.26973037212546,""
MARCKSL1,RECOMBINANT INTERFERON,FALSE,"",NCI,0.446186312469107,11483670
MARCKSL1,HERBIMYCIN A,FALSE,"",NCI,2.1751582732869,11483670
MARCKSL1,STAUROSPORINE,FALSE,"",NCI,0.621473792367685,1730592
MARCKSL1,IL-6,FALSE,"",NCI,0.915856115068167,11483670
MARCKSL1,TETRADECANOYLPHORBOL ACETATE,FALSE,"",NCI,0.378288395354243,8596017
MARCKSL1,TNF-ALPHA,FALSE,"",NCI,0.725052757762299,11483670
ADH1B,NITREFAZOLE,TRUE,inhibitor,ChEMBL,2.48589516947074,""
ADH1B,ACETALDEHYDE,TRUE,"",PharmGKB,6.96050647451807,31002879
ADH1B,FOMEPIZOLE,TRUE,inhibitor,TEND; TdgClinicalTrial; ChEMBL,13.0509496397214,""
ENPEP,FIRIBASTAT,FALSE,inhibitor,ChEMBL,13.0509496397214,""
ENPEP,QGC-001,FALSE,"",TTD,6.52547481986069,""
ENPEP,SGI-1776,FALSE,inhibitor,GuideToPharmacology,2.61018992794428,""
ENPEP,TOSEDOSTAT,FALSE,inhibitor,ChEMBL,0.652547481986069,""
HOXD13,ML162,FALSE,inhibitor,GuideToPharmacology,26.1018992794428,""
HOXD13,GPX4 INHIBITOR C18,FALSE,inhibitor,GuideToPharmacology,26.1018992794428,""
ETV5,TRAMETINIB DIMETHYL SULFOXIDE,TRUE,"",CIViC,1.11071911827416,""
CTSL,GALLINAMIDE A,FALSE,"",DTC,26.1018992794428,24364476
CTSL,THERAPEUTIC HORMONE,FALSE,"",NCI,0.593224983623699,16099855
CTSL,KGP94,FALSE,"",TTD,6.52547481986069,""
CTSL,BORTEZOMIB,TRUE,"",DTC,0.307081167993444,20875739
PLA2G7,RILAPLADIB,FALSE,inhibitor,TTD; ChEMBL,6.52547481986069,""
PLA2G7,DARAPLADIB,FALSE,inhibitor,TdgClinicalTrial; ChEMBL,13.0509496397214,""
PLA2G7,EPOETIN ALFA,TRUE,"",NCI,0.767702919983611,16421163
PLA2G7,GSK-2647544,FALSE,"",TTD,13.0509496397214,""
XK,RUFINAMIDE,TRUE,"",TTD,0.135947392080431,""
XK,CARISBAMATE,FALSE,"",TTD,1.63136870496517,""
XK,VIXOTRIGINE,FALSE,"",TTD,0.815684352482587,""
XK,PIRMENOL,FALSE,"",TTD,1.63136870496517,""
XK,PILSICAINIDE,FALSE,"",TTD,0.543789568321724,""
XK,CARBAMAZEPINE,TRUE,"",TTD,0.0332932388768403,""
XK,ZANAMIVIR HYDRATE,TRUE,inhibitor,ChEMBL,1.63136870496517,""
XK,PERAMIVIR ANHYDROUS,TRUE,inhibitor,ChEMBL,1.63136870496517,""
XK,BENZOCAINE,TRUE,"",TTD,0.543789568321724,""
XK,ZANAMIVIR,TRUE,inhibitor,ChEMBL,1.63136870496517,""
XK,BUDIODARONE,FALSE,"",TTD,0.271894784160862,""
XK,AFACIFENACIN,FALSE,"",TTD,1.63136870496517,""
XK,ZONISAMIDE,TRUE,"",TTD,0.0652547481986069,""
XK,TETRODOTOXIN,FALSE,"",TTD,0.163136870496517,""
XK,EVENAMIDE,FALSE,"",TTD,1.63136870496517,""
XK,ENSITUXIMAB,FALSE,"",TTD,0.815684352482587,""
XK,BUPIVACAINE,TRUE,"",TTD,0.0959628649979513,""
XK,PHENYTOIN SODIUM,TRUE,"",TTD,0.0388421120229803,""
XK,SULCARDINE SULFATE,FALSE,"",TTD,0.543789568321724,""
XK,BUTACAINE,FALSE,"",TTD,0.815684352482587,""
XK,OSELTAMIVIR PHOSPHATE,TRUE,inhibitor,ChEMBL,0.815684352482587,""
XK,MEPIVACAINE HYDROCHLORIDE,TRUE,"",TTD,0.101960544060323,""
XK,ESLICARBAZEPINE,TRUE,"",TTD,0.148306245905925,""
XK,PERMETHRIN,TRUE,"",TTD,0.326273740993035,""
XK,LIDOFLAZINE,FALSE,"",TTD,0.326273740993035,""
XK,RALFINAMIDE,FALSE,"",TTD,0.0815684352482587,""
XK,LOMERIZINE,FALSE,"",TTD,0.407842176241293,""
XK,FUNAPIDE,FALSE,"",TTD,0.271894784160862,""
XK,LANINAMIVIR OCTANOATE,TRUE,inhibitor,ChEMBL,1.63136870496517,""
XK,BENOXINATE,TRUE,"",TTD,0.407842176241293,""
XK,PHENACEMIDE,TRUE,"",TTD,0.148306245905925,""
XK,4-PHENYLBUTYRIC ACID,TRUE,"",TTD,0.0815684352482587,""
EYA2,(R)-EDELFOSINE,FALSE,"",DTC,0.841996750949767,""
EYA2,DIACETYLRHEIN,TRUE,"",DTC,0.187110389099948,""
EYA2,SOLYPERTINE TARTRATE,FALSE,"",DTC,0.841996750949767,""
EYA2,CHEMBL:CHEMBL591363,FALSE,"",DTC,0.420998375474883,""
EYA2,CHEMBL:CHEMBL1989853,FALSE,"",DTC,0.210499187737442,""
EYA2,FLUAZINAM,FALSE,"",DTC,0.336798700379907,""
EYA2,CHEMBL:CHEMBL95704,FALSE,"",DTC,0.336798700379907,""
EYA2,CHEMBL:CHEMBL1172911,FALSE,"",DTC,0.561331167299844,""
EYA2,CHEMBL:CHEMBL84010,FALSE,"",DTC,0.112266233459969,""
EYA2,CARMINE,FALSE,"",DTC,0.140332791824961,""
EYA2,CHEMBL:CHEMBL592068,FALSE,"",DTC,0.336798700379907,""
EYA2,CHEMBL:CHEMBL578512,FALSE,"",DTC,0.0580687414448115,""
EYA2,GENTIAN VIOLET CATION,TRUE,"",DTC,0.0886312369420807,""
EYA2,CHEMBL:CHEMBL601757,FALSE,"",DTC,0.0701663959124806,""
EYA2,CHEMBL:CHEMBL516616,FALSE,"",DTC,0.240570500271362,""
EYA2,IMATINIB,TRUE,"",DTC,0.0233887986374935,""
EYA2,CHEMBL:CHEMBL1601846,FALSE,"",DTC,0.0732171087782406,""
EYA2,DIMETHYL YELLOW,FALSE,"",DTC,0.420998375474883,""
EYA2,"3,5-DIIODO-L-TYROSINE",FALSE,"",DTC,0.210499187737442,""
EYA2,CLOFAZIMINE,TRUE,"",DTC,0.336798700379907,""
EYA2,CHEMBL:CHEMBL1565444,FALSE,"",DTC,0.240570500271362,""
EYA2,AMARANTH,FALSE,"",DTC,0.280665583649922,""
EYA2,CHEMBL:CHEMBL429095,FALSE,"",DTC,0.0336798700379907,""
EYA2,MORIN,FALSE,"",DTC,0.0886312369420807,""
EYA2,CHEMBL:CHEMBL1481974,FALSE,"",DTC,0.210499187737442,""
EYA2,CHEMBL:CHEMBL591876,FALSE,"",DTC,0.420998375474883,""
EYA2,PP-242,FALSE,inhibitor,GuideToPharmacology,0.420998375474883,""
EYA2,FLUPIRTINE,FALSE,"",DTC,0.105249593868721,""
EYA2,PURPUROGALLIN,FALSE,"",DTC,0.046777597274987,""
EYA2,BITHIONOLOXIDE,FALSE,"",DTC,0.240570500271362,""
EYA2,CHEMBL:CHEMBL582099,FALSE,"",DTC,0.420998375474883,""
COL4A2,OCRIPLASMIN,TRUE,cleavage,ChEMBL,0.457928057534084,""
COL4A2,COLLAGENASE CLOSTRIDIUM HISTOLYTICUM,TRUE,cleavage,ChEMBL,0.621473792367685,""
COL4A2,NAVOXIMOD,FALSE,"",TTD,17.4012661862952,""
COL5A2,OCRIPLASMIN,TRUE,cleavage,ChEMBL,0.686892086301126,""
COL5A2,COLLAGENASE CLOSTRIDIUM HISTOLYTICUM,TRUE,cleavage,ChEMBL,0.932210688551528,""
SLC16A1,BUTYRIC ACID,FALSE,"",NCI,1.20008732319277,11882670
SLC16A1,TETRADECANOYLPHORBOL ACETATE,FALSE,"",NCI,0.756576790708486,14525727
SLC16A1,SODIUM BUTYRATE,FALSE,"",NCI,2.48589516947074,11882670
CEACAM7,RECOMBINANT INTERFERON,FALSE,"",NCI,2.67711787481464,14636419
GABRD,GANAXOLONE,TRUE,positive modulator,TTD; ChEMBL,0.0743643854115178,""
GABRD,TRICLOFOS SODIUM,TRUE,positive modulator,ChEMBL,0.0418299667939788,""
GABRD,DIAZEPAM,TRUE,positive modulator,TEND; TdgClinicalTrial; ChEMBL,0.0692358071072752,""
GABRD,CLOBAZAM,TRUE,positive modulator,TEND; TdgClinicalTrial; ChEMBL,0.0912653820959537,""
GABRD,PRAZEPAM,TRUE,positive modulator,TEND; TdgClinicalTrial; ChEMBL,0.0912653820959537,""
GABRD,CLORAZEPATE DIPOTASSIUM,TRUE,positive modulator,ChEMBL,0.0418299667939788,""
GABRD,TALBUTAL,TRUE,positive modulator,ChEMBL,0.033463973435183,""
GABRD,CLONAZEPAM,TRUE,positive modulator,TEND; TdgClinicalTrial; ChEMBL,0.0803135362444393,""
GABRD,TEMAZEPAM,TRUE,positive modulator,TEND; TdgClinicalTrial; ChEMBL,0.0912653820959537,""
GABRD,CHLORMETHIAZOLE,TRUE,positive modulator,ChEMBL,0.033463973435183,""
GABRD,ABP-700,FALSE,agonist,ChEMBL,0.0418299667939788,""
GABRD,CIPEPOFOL,FALSE,agonist,ChEMBL,0.0418299667939788,""
GABRD,DESFLURANE,TRUE,positive modulator,ChEMBL,0.0223093156234554,""
GABRD,ADIPIPLON,FALSE,agonist,ChEMBL,0.0418299667939788,""
GABRD,PADSEVONIL,FALSE,agonist,ChEMBL,0.0352252351949295,""
GABRD,CENOBAMATE,TRUE,positive modulator,ChEMBL,0.0239028381679879,""
GABRD,HALOTHANE,TRUE,positive modulator,ChEMBL,0.0185910963528795,""
GABRD,ESTAZOLAM,TRUE,positive modulator,TEND; TdgClinicalTrial; ChEMBL,0.0872973220048253,""
GABRD,FLURAZEPAM,TRUE,"",TEND; TdgClinicalTrial,0.063740901781301,""
GABRD,QUAZEPAM,TRUE,positive modulator,TEND; TdgClinicalTrial; ChEMBL,0.100391920305549,""
GABRD,ADIPIPLON,FALSE,"",TdgClinicalTrial,0.0352252351949295,""
GABRD,CHLORDIAZEPOXIDE,TRUE,positive modulator,TEND; TdgClinicalTrial; ChEMBL,0.0956113526719515,""
GABRD,ALPRAZOLAM,TRUE,positive modulator,TEND; TdgClinicalTrial; ChEMBL,0.0590540707679701,""
GABRD,METHYPRYLON,TRUE,positive modulator,ChEMBL,0.0418299667939788,""
GABRD,HALAZEPAM,TRUE,positive modulator,TEND; TdgClinicalTrial; ChEMBL,0.100391920305549,""
GABRD,BUTALBITAL,TRUE,positive modulator,ChEMBL,0.033463973435183,""
GABRD,CLORAZEPATE,TRUE,"",TEND; TdgClinicalTrial,0.0669279468703661,""
GABRD,BREXANOLONE,TRUE,positive modulator,TTD; ChEMBL,0.063740901781301,""
GABRD,DARIGABAT,FALSE,agonist,ChEMBL,0.0418299667939788,""
GABRD,ETOMIDATE,TRUE,positive modulator,DTC; ChEMBL,0.11810814153594,16884293
GABRD,MIDAZOLAM HYDROCHLORIDE,TRUE,positive modulator,TEND; TdgClinicalTrial; ChEMBL,0.0557732890586384,""
GABRD,PENTOBARBITAL SODIUM,TRUE,positive modulator,ChEMBL,0.033463973435183,""
GABRD,MEPROBAMATE,TRUE,agonist,ChEMBL,0.0371821927057589,""
GABRD,PAGOCLONE,FALSE,positive modulator,ChEMBL,0.0418299667939788,""
GABRD,ISOFLURANE,TRUE,positive modulator,ChEMBL,0.0215896602807632,""
GABRD,PROPOFOL,TRUE,positive modulator,ChEMBL,0.0215896602807632,""
GABRD,FLUMAZENIL,TRUE,negative modulator,ChEMBL,0.0278866445293192,""
GABRD,BROMAZEPAM,TRUE,"",TEND; TdgClinicalTrial,0.063740901781301,""
GABRD,RESEQUINIL,FALSE,inverse agonist,ChEMBL,0.0418299667939788,""
GABRD,TETRAZEPAM,TRUE,positive modulator,ChEMBL,0.0418299667939788,""
GABRD,ACAMPROSATE CALCIUM,TRUE,positive modulator,ChEMBL,0.0267711787481464,""
GABRD,FLUNITRAZEPAM,TRUE,positive modulator,ChEMBL,0.0304217940319846,""
GABRD,[3H]AZIETOMIDATE,FALSE,"",DTC,0.0836599335879576,16884293
GABRD,METHARBITAL,TRUE,positive modulator,ChEMBL,0.033463973435183,""
GABRD,OXAZEPAM,TRUE,positive modulator,TEND; TdgClinicalTrial; ChEMBL,0.0772245540811916,""
GABRD,IMEPITOIN,FALSE,agonist,ChEMBL,0.0418299667939788,""
GABRD,METHOXYFLURANE,TRUE,positive modulator,ChEMBL,0.0304217940319846,""
GABRD,METHOHEXITAL SODIUM,TRUE,positive modulator,ChEMBL,0.0418299667939788,""
GABRD,ZURANOLONE,TRUE,positive modulator,ChEMBL,0.0418299667939788,""
GABRD,THIAMYLAL SODIUM,TRUE,positive modulator,ChEMBL,0.03936938051198,""
GABRD,PRIMIDONE,TRUE,positive modulator,ChEMBL,0.0191222705343903,""
GABRD,THIOPENTAL SODIUM,TRUE,positive modulator,ChEMBL,0.03936938051198,""
GABRD,FLUDIAZEPAM,FALSE,"",TEND; TdgClinicalTrial,0.0787387610239601,""
GABRD,GLUTETHIMIDE,TRUE,positive modulator,ChEMBL,0.03936938051198,""
GABRD,LOREDIPLON,FALSE,positive modulator,ChEMBL,0.0418299667939788,""
GABRD,FLURAZEPAM HYDROCHLORIDE,TRUE,positive modulator,ChEMBL,0.0418299667939788,""
GABRD,SECOBARBITAL SODIUM,TRUE,positive modulator,ChEMBL,0.0418299667939788,""
GABRD,CINOLAZEPAM,FALSE,"",TEND; TdgClinicalTrial,0.0787387610239601,""
GABRD,GABOXADOL,FALSE,"",TTD,0.0290991073349418,""
GABRD,NITRAZEPAM,FALSE,"",TEND; TdgClinicalTrial,0.063740901781301,""
GABRD,EVT 201,FALSE,"",TdgClinicalTrial,0.0352252351949295,""
GABRD,BUTABARBITAL SODIUM,TRUE,positive modulator,ChEMBL,0.0418299667939788,""
GABRD,REMIMAZOLAM BESYLATE,TRUE,positive modulator,ChEMBL,0.0418299667939788,""
GABRD,ETHCHLORVYNOL,TRUE,positive modulator,ChEMBL,0.0418299667939788,""
GABRD,ENFLURANE,TRUE,positive modulator,ChEMBL,0.0215896602807632,""
GABRD,ETIFOXINE,FALSE,inhibitor,ChEMBL,0.0418299667939788,""
GABRD,OCINAPLON,FALSE,"",TdgClinicalTrial,0.0304217940319846,""
GABRD,CHLORDIAZEPOXIDE HYDROCHLORIDE,TRUE,positive modulator,ChEMBL,0.0418299667939788,""
GABRD,LORAZEPAM,TRUE,positive modulator,TEND; TdgClinicalTrial; ChEMBL,0.0803135362444393,""
GABRD,REMIMAZOLAM,TRUE,"",TdgClinicalTrial,0.0352252351949295,""
GABRD,METHAQUALONE,TRUE,positive modulator,ChEMBL,0.0418299667939788,""
GABRD,SEVOFLURANE,TRUE,positive modulator,ChEMBL,0.0180886342892881,""
GABRD,TRIAZOLAM,TRUE,positive modulator,TEND; TdgClinicalTrial; ChEMBL,0.0608435880639691,""
GABRD,TOPIRAMATE,TRUE,positive modulator,ChEMBL,0.0152108970159923,""
GABRD,CLOTIAZEPAM,TRUE,positive modulator,TEND; TdgClinicalTrial; ChEMBL,0.100391920305549,""
GABRD,ESZOPICLONE,TRUE,positive modulator,ChEMBL,0.0371821927057589,""
GABRD,ADINAZOLAM,FALSE,"",TEND; TdgClinicalTrial,0.0787387610239601,""
GABRD,METHAQUALONE HYDROCHLORIDE,TRUE,positive modulator,ChEMBL,0.0418299667939788,""
GABRQ,DARIGABAT,FALSE,agonist,ChEMBL,0.0435031654657379,""
GABRQ,LORAZEPAM,TRUE,positive modulator,TEND; TdgClinicalTrial; ChEMBL,0.0835260776942168,""
GABRQ,LOREDIPLON,FALSE,positive modulator,ChEMBL,0.0435031654657379,""
GABRQ,REMIMAZOLAM,TRUE,"",TdgClinicalTrial,0.0366342446027267,""
GABRQ,CHLORDIAZEPOXIDE HYDROCHLORIDE,TRUE,positive modulator,ChEMBL,0.0435031654657379,""
GABRQ,CLONAZEPAM,TRUE,positive modulator,TEND; TdgClinicalTrial; ChEMBL,0.0835260776942168,""
GABRQ,NITRAZEPAM,FALSE,"",TEND; TdgClinicalTrial,0.0662905378525531,""
GABRQ,OXAZEPAM,TRUE,positive modulator,TEND; TdgClinicalTrial; ChEMBL,0.0803135362444393,""
GABRQ,MEPROBAMATE,TRUE,agonist,ChEMBL,0.0386694804139893,""
GABRQ,ALPRAZOLAM,TRUE,positive modulator,TEND; TdgClinicalTrial; ChEMBL,0.0614162335986889,""
GABRQ,ABP-700,FALSE,agonist,ChEMBL,0.0435031654657379,""
GABRQ,IMEPITOIN,FALSE,agonist,ChEMBL,0.0435031654657379,""
GABRQ,ETOMIDATE,TRUE,positive modulator,DTC; ChEMBL,0.122832467197378,16884293
GABRQ,PRIMIDONE,TRUE,positive modulator,ChEMBL,0.0198871613557659,""
GABRQ,QUAZEPAM,TRUE,positive modulator,ChEMBL,0.0348025323725904,""
GABRQ,BUTABARBITAL SODIUM,TRUE,positive modulator,ChEMBL,0.0435031654657379,""
GABRQ,FLURAZEPAM,TRUE,"",TEND; TdgClinicalTrial,0.0662905378525531,""
GABRQ,CIPEPOFOL,FALSE,agonist,ChEMBL,0.0435031654657379,""
GABRQ,THIOPENTAL SODIUM,TRUE,positive modulator,ChEMBL,0.0409441557324592,""
GABRQ,CLOTIAZEPAM,TRUE,positive modulator,ChEMBL,0.0348025323725904,""
GABRQ,MIDAZOLAM HYDROCHLORIDE,TRUE,positive modulator,TEND; TdgClinicalTrial; ChEMBL,0.0580042206209839,""
GABRQ,CENOBAMATE,TRUE,positive modulator,ChEMBL,0.0248589516947074,""
GABRQ,ETIFOXINE,FALSE,inhibitor,ChEMBL,0.0435031654657379,""
GABRQ,HALAZEPAM,TRUE,positive modulator,ChEMBL,0.0348025323725904,""
GABRQ,METHYPRYLON,TRUE,positive modulator,ChEMBL,0.0435031654657379,""
GABRQ,SECOBARBITAL SODIUM,TRUE,positive modulator,ChEMBL,0.0435031654657379,""
GABRQ,TRIAZOLAM,TRUE,positive modulator,TEND; TdgClinicalTrial; ChEMBL,0.0632773315865279,""
GABRQ,CLORAZEPATE,TRUE,"",TEND; TdgClinicalTrial,0.0696050647451807,""
GABRQ,CHLORDIAZEPOXIDE,TRUE,positive modulator,TEND; TdgClinicalTrial; ChEMBL,0.0994358067788296,""
GABRQ,BROMAZEPAM,TRUE,"",TEND; TdgClinicalTrial,0.0662905378525531,""
GABRQ,ADIPIPLON,FALSE,"",TdgClinicalTrial,0.0366342446027267,""
GABRQ,ETHCHLORVYNOL,TRUE,positive modulator,ChEMBL,0.0435031654657379,""
GABRQ,EVT 201,FALSE,"",TdgClinicalTrial,0.0366342446027267,""
GABRQ,CHLORMETHIAZOLE,TRUE,positive modulator,ChEMBL,0.0348025323725904,""
GABRQ,PENTOBARBITAL SODIUM,TRUE,positive modulator,ChEMBL,0.0348025323725904,""
GABRQ,ISOFLURANE,TRUE,positive modulator,ChEMBL,0.0224532466919938,""
GABRQ,METHOHEXITAL SODIUM,TRUE,positive modulator,ChEMBL,0.0435031654657379,""
GABRQ,ZURANOLONE,TRUE,positive modulator,ChEMBL,0.0435031654657379,""
GABRQ,TALBUTAL,TRUE,positive modulator,ChEMBL,0.0348025323725904,""
GABRQ,ESTAZOLAM,TRUE,positive modulator,ChEMBL,0.0302630716283394,""
GABRQ,CLOBAZAM,TRUE,positive modulator,TEND; TdgClinicalTrial; ChEMBL,0.0949159973797919,""
GABRQ,BUTALBITAL,TRUE,positive modulator,ChEMBL,0.0348025323725904,""
GABRQ,GANAXOLONE,TRUE,positive modulator,ChEMBL,0.0386694804139893,""
GABRQ,TRICLOFOS SODIUM,TRUE,positive modulator,ChEMBL,0.0435031654657379,""
GABRQ,PROPOFOL,TRUE,positive modulator,ChEMBL,0.0224532466919938,""
GABRQ,CLORAZEPATE DIPOTASSIUM,TRUE,positive modulator,ChEMBL,0.0435031654657379,""
GABRQ,DESFLURANE,TRUE,positive modulator,ChEMBL,0.0232016882483936,""
GABRQ,FLURAZEPAM HYDROCHLORIDE,TRUE,positive modulator,ChEMBL,0.0435031654657379,""
GABRQ,METHOXYFLURANE,TRUE,positive modulator,ChEMBL,0.031638665793264,""
GABRQ,TETRAZEPAM,TRUE,positive modulator,ChEMBL,0.0435031654657379,""
GABRQ,PRAZEPAM,TRUE,positive modulator,ChEMBL,0.031638665793264,""
GABRQ,ACAMPROSATE CALCIUM,TRUE,positive modulator,ChEMBL,0.0278420258980723,""
GABRQ,REMIMAZOLAM BESYLATE,TRUE,positive modulator,ChEMBL,0.0435031654657379,""
GABRQ,GLUTETHIMIDE,TRUE,positive modulator,ChEMBL,0.0409441557324592,""
GABRQ,BREXANOLONE,TRUE,positive modulator,ChEMBL,0.0331452689262765,""
GABRQ,[3H]AZIETOMIDATE,FALSE,"",DTC,0.0870063309314759,16884293
GABRQ,METHAQUALONE,TRUE,positive modulator,ChEMBL,0.0435031654657379,""
GABRQ,METHAQUALONE HYDROCHLORIDE,TRUE,positive modulator,ChEMBL,0.0435031654657379,""
GABRQ,PADSEVONIL,FALSE,agonist,ChEMBL,0.0366342446027267,""
GABRQ,SEVOFLURANE,TRUE,positive modulator,ChEMBL,0.0188121796608597,""
GABRQ,TEMAZEPAM,TRUE,positive modulator,TEND; TdgClinicalTrial; ChEMBL,0.0949159973797919,""
GABRQ,VENLAFAXINE,TRUE,"",PharmGKB,0.116008441241968,23394390
GABRQ,DIAZEPAM,TRUE,positive modulator,TEND; TdgClinicalTrial; ChEMBL,0.0720052393915663,""
GABRQ,PAGOCLONE,FALSE,positive modulator,ChEMBL,0.0435031654657379,""
GABRQ,FLUNITRAZEPAM,TRUE,positive modulator,ChEMBL,0.031638665793264,""
GABRQ,ADIPIPLON,FALSE,agonist,ChEMBL,0.0435031654657379,""
GABRQ,ESZOPICLONE,TRUE,positive modulator,ChEMBL,0.0386694804139893,""
GABRQ,HALOTHANE,TRUE,positive modulator,ChEMBL,0.0193347402069946,""
GABRQ,METHARBITAL,TRUE,positive modulator,ChEMBL,0.0348025323725904,""
GABRQ,ENFLURANE,TRUE,positive modulator,ChEMBL,0.0224532466919938,""
GABRQ,FLUMAZENIL,TRUE,negative modulator,ChEMBL,0.029002110310492,""
GABRQ,OCINAPLON,FALSE,"",TdgClinicalTrial,0.031638665793264,""
GABRQ,THIAMYLAL SODIUM,TRUE,positive modulator,ChEMBL,0.0409441557324592,""
GABRQ,RESEQUINIL,FALSE,inverse agonist,ChEMBL,0.0435031654657379,""
GABRQ,TOPIRAMATE,TRUE,positive modulator,ChEMBL,0.015819332896632,""
BBOX1,EBSELEN,FALSE,"",DTC,0.994358067788296,25266780
BBOX1,BENZENE SELENOIC ACID,FALSE,"",DTC,34.8025323725904,25266780
BBOX1,THIRAM,FALSE,"",DTC,1.51315358141697,25266780
MME,SLV-334,FALSE,"",TTD,2.3728999344948,""
MME,RACECADOTRIL,TRUE,inhibitor,ChEMBL,4.74579986898959,""
MME,PL37,FALSE,"",TTD; TdgClinicalTrial,4.74579986898959,""
MME,SACUBITRIL/VALSARTAN,FALSE,"",TTD,4.74579986898959,""
MME,CANDOXATRIL,TRUE,"",TEND; TTD; TdgClinicalTrial,4.74579986898959,""
MME,PEPINEMAB,FALSE,"",TTD,2.3728999344948,""
MME,ILEPATRIL,FALSE,inhibitor,TdgClinicalTrial; ChEMBL,4.74579986898959,""
MME,GALLOPAMIL,FALSE,"",TTD,1.5819332896632,""
MME,DAGLUTRIL,FALSE,inhibitor,TTD; ChEMBL,2.3728999344948,""
MME,SACUBITRIL,TRUE,inhibitor,ChEMBL,4.74579986898959,""
MME,SAMPATRILAT,FALSE,"",TTD,4.74579986898959,""
CACNA1B,GABAPENTIN,TRUE,modulator,TEND; TdgClinicalTrial; ChEMBL,0.122352652872388,""
CACNA1B,RALFINAMIDE,FALSE,blocker,TTD; ChEMBL,0.163136870496517,""
CACNA1B,SLAZINIC ACID,FALSE,"",DTC,0.0776842240459606,""
CACNA1B,ZICONOTIDE,TRUE,blocker,TTD; TdgClinicalTrial; ChEMBL,2.44705305744776,""
CACNA1B,GABAPENTIN ENACARBIL,TRUE,modulator,TdgClinicalTrial; ChEMBL,0.120842126293717,""
CACNA1B,SULOCTIDIL,TRUE,blocker,ChEMBL,0.0627449501909682,""
CACNA1B,CILNIDIPINE,FALSE,"",TTD,0.233052672137882,""
CACNA1B,TERODILINE HYDROCHLORIDE,TRUE,blocker,ChEMBL,0.0526247969343604,""
CACNA1B,LOMERIZINE,FALSE,"",TTD,0.407842176241293,""
CACNA1B,ATAGABALIN,FALSE,modulator,ChEMBL,0.0627449501909682,""
CACNA1B,NIFEDIPINE,TRUE,"",DTC,0.0291315840172352,""
CACNA1B,PREGABALIN,TRUE,modulator,ChEMBL,0.0627449501909682,""
CACNA1B,ZICONOTIDE ACETATE,TRUE,blocker,ChEMBL,1.63136870496517,""
CACNA1B,IMAGABALIN,FALSE,modulator,ChEMBL,0.0627449501909682,""
CACNA1B,PHLOROGLUCINOL,TRUE,blocker,ChEMBL,0.0627449501909682,""
CACNA1B,CHEMBL:CHEMBL546649,FALSE,"",DTC,0.326273740993035,""
CACNA1B,ELPETRIGINE,FALSE,blocker,ChEMBL,0.181263189440575,""
CACNA1B,CHEMBL:CHEMBL1372046,FALSE,"",DTC,0.407842176241293,""
CACNA1B,SAFINAMIDE,TRUE,"",TdgClinicalTrial,0.108757913664345,""
CACNA1B,HESPERIDIN,TRUE,"",TTD; DTC,0.652547481986069,""
CACNA1B,CHEMBL:CHEMBL602213,FALSE,"",DTC,0.203921088120647,""
CACNA1B,CELECOXIB,TRUE,"",PharmGKB,0.0486975732825425,22336956
CACNA1B,CNV2197944,FALSE,blocker,TdgClinicalTrial; ChEMBL,3.26273740993035,""
CACNA1B,CHEMBL:CHEMBL297304,FALSE,"",DTC,0.108757913664345,""
CACNA1B,CNV-2197944,FALSE,"",TTD,1.63136870496517,""
CACNA1B,LEVETIRACETAM,TRUE,blocker,TdgClinicalTrial; ChEMBL,0.466105344275764,""
CACNA1B,CHEMBL:CHEMBL274921,FALSE,"",DTC,0.407842176241293,""
CACNA1B,BEPRIDIL HYDROCHLORIDE,TRUE,blocker,ChEMBL,0.0627449501909682,""
CACNA1B,NP118809,FALSE,blocker,ChEMBL,0.543789568321724,""
CACNA1B,AMLODIPINE BESYLATE,TRUE,"",TEND,0.108757913664345,""
CACNA1B,CHEMBL:CHEMBL484640,FALSE,"",DTC,0.148306245905925,""
CACNA1B,CLEVIDIPINE,TRUE,"",TEND,0.233052672137882,""
SPINT1,SURAMIN,FALSE,"",NCI,2.7475683452045,15590895
P2RY2,DIQUAFOSOL,FALSE,"",TTD; TdgClinicalTrial,3.48025323725904,""
P2RY2,CARBAMOYLCHOLINE,TRUE,"",DTC,1.04407597117771,19419204
P2RY2,TRETINOIN,TRUE,"",NCI,0.114733623206342,18404486
P2RY2,DENUFOSOL,FALSE,"",TdgClinicalTrial,1.74012661862952,""
P2RY2,MC-1,FALSE,"",TdgClinicalTrial,0.435031654657379,""
P2RY2,ISO-IANTHERAN A,FALSE,"",DTC,3.48025323725904,17941622
P2RY2,DIQUAFOSOL TETRASODIUM,FALSE,agonist,ChEMBL,1.30509496397214,""
P2RY2,DENUFOSOL TETRASODIUM,FALSE,agonist,ChEMBL,5.22037985588855,""
P2RY2,ALITRETINOIN,TRUE,"",NCI,0.497179033894148,18404486
P2RY2,DENUFOSOL TETRASODIUM,FALSE,"",TTD,5.22037985588855,""
MUCL3,CARBOPLATIN,TRUE,"",PharmGKB,0.607020913475413,31616045
MUCL3,GEMCITABINE,TRUE,"",PharmGKB,0.567432593031365,31616045
CYP19A1,ANDROSTENEDIONE,FALSE,"",NCI,0.248589516947074,2214767
CYP19A1,MPI-674,FALSE,"",TdgClinicalTrial,1.24294758473537,""
CYP19A1,ADENOVIRUS VECTOR,FALSE,"",NCI,0.177563940676481,15117876
CYP19A1,TESTOLACTONE,TRUE,inhibitor,TEND; TTD; TdgClinicalTrial; ChEMBL,1.24294758473537,""
CYP19A1,LETROZOLE,TRUE,inhibitor,TEND; TTD; TdgClinicalTrial; PharmGKB; DTC; ChEMBL,0.828631723156913,24025069; 26536870; 26463708; 25793413; 20048079; 18245543
CYP19A1,PHYTOESTROGEN,FALSE,"",NCI,0.621473792367685,10720621
CYP19A1,ALENDRONATE SODIUM,TRUE,"",NCI,0.207157930789228,14715828
CYP19A1,LIOTHYRONINE,TRUE,"",NCI,0.0753301566506285,3095107
CYP19A1,OPIATE,FALSE,"",NCI,0.414315861578457,17118343
CYP19A1,ANABOLIC STEROID,FALSE,"",NCI,0.828631723156913,9593936
CYP19A1,AMINOGLUTETHIMIDE,TRUE,inhibitor,TEND; TTD; NCI; TdgClinicalTrial; ChEMBL,0.932210688551527,1590282
CYP19A1,RECOMBINANT TUMOR NECROSIS FACTOR FAMILY PROTEIN,FALSE,"",NCI,0.165726344631383,3132919
CYP19A1,GONADOTROPIN-RELEASING HORMONE ANALOG,FALSE,"",NCI,1.24294758473537,10472341
CYP19A1,FADROZOLE HYDROCHLORIDE,FALSE,inhibitor,ChEMBL,1.24294758473537,""
CYP19A1,BIOFLAVONOID,FALSE,"",NCI,0.621473792367685,11796325
CYP19A1,NONSTEROIDAL ANTIINFLAMMATORY DRUG,FALSE,"",NCI,0.146229127615926,4042014
CYP19A1,CAPTOPRIL,TRUE,"",NCI,0.191222705343903,9268216
CYP19A1,GENISTEIN,TRUE,"",NCI,0.042860261542599,16285913
CYP19A1,ASCORBIC ACID,TRUE,"",NCI,0.0956113526719515,10979580
CYP19A1,"IBUPROFEN, SODIUM SALT",TRUE,"",NCI,0.063740901781301,15964185
CYP19A1,FADROZOLE,FALSE,"",TTD,0.155368448091921,""
CYP19A1,AZTREONAM,TRUE,"",NCI,0.414315861578457,3566801
CYP19A1,CHEMBL:CHEMBL572637,FALSE,"",DTC,2.48589516947074,19500885
CYP19A1,FORMESTANE,FALSE,"",NCI,0.621473792367685,6150277
CYP19A1,ATAMESTANE,FALSE,"",TdgClinicalTrial,1.24294758473537,""
CYP19A1,LIAROZOLE,FALSE,"",TTD; NCI,0.932210688551527,2164659
CYP19A1,PHENYTOIN SODIUM,TRUE,"",NCI,0.0591879802254938,9182861
CYP19A1,FLUOROURACIL,TRUE,"",PharmGKB,0.0214301307712995,25372392
CYP19A1,HYDROQUINONE,TRUE,"",NCI,0.146229127615926,10979580
CYP19A1,ISOPROTERENOL,TRUE,"",NCI,0.0776842240459606,6205918
CYP19A1,CAPECITABINE,TRUE,"",PharmGKB,0.048743042538642,25372392
CYP19A1,EXEMESTANE,TRUE,inhibitor,TEND; TTD; TdgClinicalTrial; ChEMBL,0.310736896183842,""
CYP19A1,ENVIRONMENTAL ESTROGEN,FALSE,"",NCI,1.24294758473537,15876529
CYP19A1,QUERCETIN,TRUE,"",NCI,0.0314670274616549,10704911
CYP19A1,ATROPINE,TRUE,"",NCI,0.146229127615926,2128054
CYP19A1,CHEMBL:CHEMBL1077603,FALSE,"",DTC,2.48589516947074,22475216
CYP19A1,TAMOXIFEN,TRUE,"",PharmGKB,0.0573668116031709,26191232; 25793413
CYP19A1,ISOPROPYL ALCOHOL,TRUE,"",NCI,0.828631723156913,6409434
CYP19A1,ANASTROZOLE,TRUE,inhibitor,TEND; TTD; NCI; TdgClinicalTrial; TALC; ChEMBL,0.764890821375612,9928669; 9928668
CYP19A1,NARINGENIN,FALSE,"",TTD,0.177563940676481,""
CYP19A1,ANTIFUNGAL AGENT,FALSE,"",NCI,1.24294758473537,2591441
CYP19A1,TESTOSTERONE ENANTHATE,TRUE,"",NCI,1.24294758473537,8487666
GPNMB,GLEMBATUMUMAB,FALSE,binder,ChEMBL,26.1018992794428,""
GPNMB,GLEMBATUMUMAB VEDOTIN,FALSE,binder,ChEMBL,1.63136870496517,""
AQP3,NEUROPEPTIDE-&GAMMA;,FALSE,agonist,GuideToPharmacology,1.06538364405889,""
AQP3,EZLOPITANT,FALSE,inhibitor,GuideToPharmacology,0.532691822029444,""
AQP3,SUBSTANCE P,FALSE,agonist,GuideToPharmacology,0.266345911014722,""
AQP3,R-486,FALSE,inhibitor,GuideToPharmacology,1.06538364405889,""
AQP3,L760735,FALSE,inhibitor,GuideToPharmacology,1.06538364405889,""
AQP3,"L-703,606",FALSE,inhibitor,GuideToPharmacology,1.06538364405889,""
AQP3,SEPTIDE,FALSE,agonist,GuideToPharmacology,1.06538364405889,""
AQP3,ELEDOISIN,FALSE,agonist,GuideToPharmacology,0.532691822029444,""
AQP3,NETUPITANT,TRUE,inhibitor,GuideToPharmacology,0.532691822029444,""
AQP3,SAREDUTANT,FALSE,inhibitor,GuideToPharmacology,0.266345911014722,""
AQP3,RP67580,FALSE,inhibitor,GuideToPharmacology,1.06538364405889,""
AQP3,"[125I]L703,606",FALSE,inhibitor,GuideToPharmacology,1.06538364405889,""
AQP3,[18F]SPA-RQ,FALSE,inhibitor,GuideToPharmacology,1.06538364405889,""
AQP3,"L-732,138",FALSE,inhibitor,GuideToPharmacology,0.213076728811778,""
AQP3,HEMOKININ 1,FALSE,agonist,GuideToPharmacology,0.355127881352963,""
AQP3,NOLPITANTIUM,FALSE,inhibitor,GuideToPharmacology,1.06538364405889,""
AQP3,ZD6021,FALSE,inhibitor,GuideToPharmacology,1.06538364405889,""
AQP3,SUBSTANCE P-(6-11),FALSE,agonist,GuideToPharmacology,1.06538364405889,""
AQP3,TAK-637,FALSE,inhibitor,GuideToPharmacology,1.06538364405889,""
AQP3,FOSAPREPITANT,TRUE,inhibitor,GuideToPharmacology,0.532691822029444,""
AQP3,SCH 206272,FALSE,inhibitor,GuideToPharmacology,0.355127881352963,""
AQP3,VESTIPITANT,FALSE,inhibitor,GuideToPharmacology,0.532691822029444,""
AQP3,PHYSALAEMIN,FALSE,agonist,GuideToPharmacology,1.06538364405889,""
AQP3,PHYLLOMEDUSIN,FALSE,agonist,GuideToPharmacology,1.06538364405889,""
AQP3,"[3H]SP (HUMAN, MOUSE, RAT)",FALSE,agonist,GuideToPharmacology,1.06538364405889,""
AQP3,"[125I]SP (HUMAN, MOUSE, RAT)",FALSE,agonist,GuideToPharmacology,1.06538364405889,""
AQP3,R116031,FALSE,inhibitor,GuideToPharmacology,1.06538364405889,""
AQP3,CASOPITANT,FALSE,inhibitor,GuideToPharmacology,0.532691822029444,""
AQP3,NEUROKININ A,FALSE,agonist,GuideToPharmacology,0.355127881352963,""
AQP3,OSANETANT,FALSE,inhibitor,GuideToPharmacology,0.355127881352963,""
AQP3,NEUROKININ B,FALSE,agonist,GuideToPharmacology,0.355127881352963,""
AQP3,SUBSTANCE P-(4-11),FALSE,agonist,GuideToPharmacology,1.06538364405889,""
AQP3,TRADIPITANT,FALSE,inhibitor,GuideToPharmacology,0.532691822029444,""
AQP3,VOFOPITANT,FALSE,inhibitor,GuideToPharmacology,0.532691822029444,""
AQP3,"L-733,060",FALSE,inhibitor,GuideToPharmacology,0.133172955507361,""
AQP3,BEFETUPITANT,FALSE,inhibitor,GuideToPharmacology,1.06538364405889,""
AQP3,FK-888,FALSE,inhibitor,GuideToPharmacology,0.532691822029444,""
AQP3,NEUROPEPTIDE K,FALSE,agonist,GuideToPharmacology,1.06538364405889,""
AQP3,SUBSTANCE P-OME,FALSE,agonist,GuideToPharmacology,1.06538364405889,""
AQP3,APREPITANT,TRUE,inhibitor,GuideToPharmacology,0.355127881352963,""
AQP3,KASSININ,FALSE,agonist,GuideToPharmacology,0.532691822029444,""
AQP3,SERLOPITANT,FALSE,inhibitor,GuideToPharmacology,0.532691822029444,""
AQP3,"[SAR9,MET(O2)11]SP",FALSE,agonist,GuideToPharmacology,1.06538364405889,""
AQP3,CP 99994,FALSE,inhibitor,GuideToPharmacology,1.06538364405889,""
AQP3,T2328,FALSE,inhibitor,GuideToPharmacology,1.06538364405889,""
AQP3,ROLAPITANT,TRUE,inhibitor,GuideToPharmacology,0.532691822029444,""
AQP3,LANEPITANT,FALSE,inhibitor,GuideToPharmacology,0.532691822029444,""
AQP3,IMNOPITANT,FALSE,inhibitor,GuideToPharmacology,1.06538364405889,""
AQP3,FK 224,FALSE,inhibitor,GuideToPharmacology,0.532691822029444,""
FST,RETINOIC ACID AGENT,FALSE,"",NCI,0.224532466919938,1520319
FST,ADENOVIRUS VECTOR,FALSE,"",NCI,0.497179033894148,16943576
FST,THERAPEUTIC ANDROGEN,FALSE,"",NCI,0.409441557324592,14512439
FST,ANTIBIOTIC,FALSE,"",NCI,0.409441557324592,15168744
FST,ANTI-ANDROGEN,FALSE,"",NCI,1.74012661862952,14761877
FST,NERVE GROWTH FACTOR,FALSE,"",NCI,0.580042206209839,9770356
FST,BICALUTAMIDE,TRUE,"",NCI,0.696050647451807,14761877
FST,ALPHA-ADRENERGIC AGONIST,FALSE,"",NCI,1.74012661862952,9427529
FST,FREUND'S ADJUVANT,FALSE,"",NCI,0.580042206209839,10734405
FST,BROXURIDINE,FALSE,"",NCI,0.580042206209839,16543675
FST,RECOMBINANT TUMOR NECROSIS FACTOR FAMILY PROTEIN,FALSE,"",NCI,0.464033764967871,17436000
FST,ANTICOAGULANT AGENT,FALSE,"",NCI,2.32016882483936,15128279
FST,INDOMETHACIN,TRUE,"",NCI,0.174012661862952,15941869
FST,RECOMBINANT INHIBIN,FALSE,"",NCI,3.48025323725904,10864854
FST,RECOMBINANT HEREGULIN,FALSE,"",NCI,0.994358067788296,15609326
CSF3R,TBO-FILGRASTIM,TRUE,agonist,TEND; TTD; TdgClinicalTrial; ChEMBL,3.86694804139893,""
CSF3R,TRAMETINIB DIMETHYL SULFOXIDE,TRUE,"",CKB-CORE,0.123413235363796,30348809; 29572350
CSF3R,PLX7486,FALSE,"",TTD,0.644491340233155,""
CSF3R,PEGFILGRASTIM,TRUE,agonist,TEND; TTD; TdgClinicalTrial; ChEMBL,3.86694804139893,""
CSF3R,AZD1480,FALSE,"",CKB-CORE,0.483368505174866,28031554
CSF3R,PLX5622,FALSE,"",TTD,1.28898268046631,22294205
CSF3R,"2-TERT-BUTYL-9-FLUORO-1,6-DIHYDROBENZO[H]IMIDAZO[4,5-F]ISOQUINOLIN-7-ONE",FALSE,"",CKB-CORE,0.773389608279786,23656643
CSF3R,LENOGRASTIM,TRUE,agonist,ChEMBL,0.175770365518133,""
CSF3R,RUXOLITINIB,TRUE,"",CIViC; DoCM; CKB-CORE,1.81263189440575,30348809; 28652245; 32577845; 28031554; 29977015; 26475333; 31880950; 27068405; 36579444; 29572350; 23634996; 23656643
CSF3R,TOFACITINIB,TRUE,"",CKB-CORE,0.276210574385638,23656643
CSF3R,BENEGRASTIM,TRUE,agonist,ChEMBL,1.93347402069946,""
CSF3R,COMPOUND 1 [PMID: 16821802],FALSE,inhibitor,GuideToPharmacology,1.93347402069946,""
CSF3R,CSL-324,FALSE,inhibitor,ChEMBL,1.93347402069946,""
CSF3R,MOMELOTINIB,TRUE,"",CKB-CORE,0.297457541646071,23656643
CSF3R,GLYCOPEG-GCSF,FALSE,"",TdgClinicalTrial,1.93347402069946,""
CSF3R,BALUGRASTIM,FALSE,agonist,ChEMBL,1.93347402069946,""
CSF3R,IMATINIB,TRUE,"",CKB-CORE,0.0537076116860962,29572350
CSF3R,IBRUTINIB,TRUE,"",CKB-CORE,0.113733765923498,29977015
CSF3R,LIPEGFILGRASTIM,TRUE,agonist,ChEMBL,1.93347402069946,""
CSF3R,REGRAMOSTIM,FALSE,agonist,ChEMBL,1.93347402069946,""
CSF3R,DASATINIB ANHYDROUS,TRUE,"",CGI; CKB-CORE,0.10176179056313,23656643; 28031554
CSF3R,BLZ-945,FALSE,"",TTD,0.966737010349732,""
CSF3R,PEXIDARTINIB,TRUE,"",TTD,0.138105287192819,""
CSF3R,EFLAPEGRASTIM,TRUE,agonist,ChEMBL,0.966737010349732,""
CSF3R,ANTI-C-FMS MONOCLONAL ANTIBODY AMG 820,FALSE,"",TTD,0.966737010349732,""
CSF3R,PEGTEOGRASTIM,FALSE,agonist,ChEMBL,1.93347402069946,""
CSF3R,MAXY-G34,FALSE,"",TTD; TdgClinicalTrial,3.86694804139893,""
S100A12,UBROGEPANT,TRUE,"",TTD,5.22037985588855,""
S100A12,METHOTREXATE,TRUE,"",NCI,0.189831994759584,15077313
S100A12,RIMEGEPANT,TRUE,"",TTD,3.48025323725904,""
S100A12,EPTINEZUMAB,TRUE,"",TTD,3.48025323725904,""
S100A12,ATOGEPANT,TRUE,"",TTD,5.22037985588855,""
MISP,PACLITAXEL,TRUE,"",PharmGKB,0.31638665793264,24599932
MISP,EPIRUBICIN,TRUE,"",PharmGKB,0.966737010349732,24599932
MISP,CYCLOPHOSPHAMIDE ANHYDROUS,TRUE,"",PharmGKB,0.42966089348877,24599932
FFAR2,GLPG-0974,FALSE,inhibitor,ChEMBL,26.1018992794428,""
FFAR2,GLPG0974,FALSE,"",TTD,13.0509496397214,""
F2RL2,TORIN 2,FALSE,inhibitor,GuideToPharmacology,1.86442137710305,""
F2RL2,RUSALATIDE,FALSE,"",TdgClinicalTrial,4.35031654657379,""
F2RL2,VORAPAXAR,TRUE,"",TdgClinicalTrial,3.26273740993035,""
F2RL2,PI-103,FALSE,inhibitor,GuideToPharmacology,1.86442137710305,""
E2F7,TAMOXIFEN,TRUE,"",PharmGKB,0.535423574962929,23508821
E2F7,EDIFOLIGIDE SODIUM,FALSE,inhibitor,ChEMBL,2.1751582732869,""
E2F7,EDIFOLIGIDE,FALSE,inhibitor,ChEMBL,2.1751582732869,""
LY96,ERITORAN TETRASODIUM,FALSE,inhibitor,ChEMBL,26.1018992794428,""
AQP4,LAMOTRIGINE,TRUE,"",DTC,0.124889470236568,18572411
AQP4,SCH 206272,FALSE,inhibitor,GuideToPharmacology,0.457928057534084,""
AQP4,IBODUTANT,FALSE,inhibitor,GuideToPharmacology,0.686892086301126,""
AQP4,ACETYLSULFANILAMIDE,FALSE,"",DTC,2.7475683452045,18572411
AQP4,[&BETA;ALA8]NEUROKININ A-(4-10),FALSE,agonist,GuideToPharmacology,1.37378417260225,""
AQP4,SUMATRIPTAN,TRUE,"",DTC,0.119459493269761,18572411
AQP4,YM49598,FALSE,inhibitor,GuideToPharmacology,1.37378417260225,""
AQP4,GR100679,FALSE,inhibitor,GuideToPharmacology,1.37378417260225,""
AQP4,ZONISAMIDE,TRUE,"",DTC,0.10990273380818,18572411
AQP4,ZM 253270,FALSE,inhibitor,GuideToPharmacology,1.37378417260225,""
AQP4,FK-888,FALSE,inhibitor,GuideToPharmacology,0.686892086301126,""
AQP4,YM44781,FALSE,inhibitor,GuideToPharmacology,1.37378417260225,""
AQP4,ETHOXZOLAMIDE,TRUE,"",DTC,0.183171223013633,18572411
AQP4,INEBILIZUMAB,TRUE,"",PharmGKB,0.686892086301126,""
AQP4,ZM-274773,FALSE,inhibitor,GuideToPharmacology,1.37378417260225,""
AQP4,SUBSTANCE P,FALSE,agonist,GuideToPharmacology,0.343446043150563,""
AQP4,YM44778,FALSE,inhibitor,GuideToPharmacology,1.37378417260225,""
AQP4,SAREDUTANT,FALSE,inhibitor,GuideToPharmacology,0.343446043150563,""
AQP4,PHENYTOIN SODIUM,TRUE,"",DTC,0.0654182939334405,18572411
AQP4,ECULIZUMAB,TRUE,"",PharmGKB,0.124889470236568,""
AQP4,[3H]GR100679,FALSE,inhibitor,GuideToPharmacology,1.37378417260225,""
AQP4,TALNETANT,FALSE,inhibitor,GuideToPharmacology,0.457928057534084,""
AQP4,OSANETANT,FALSE,inhibitor,GuideToPharmacology,0.457928057534084,""
AQP4,SATRALIZUMAB,TRUE,"",PharmGKB,0.457928057534084,""
AQP4,"[125I]NKA (HUMAN, MOUSE, RAT)",FALSE,agonist,GuideToPharmacology,1.37378417260225,""
AQP4,GR94800,FALSE,inhibitor,GuideToPharmacology,1.37378417260225,""
AQP4,HEMOKININ 1,FALSE,agonist,GuideToPharmacology,0.457928057534084,""
AQP4,NEUROKININ B,FALSE,agonist,GuideToPharmacology,0.457928057534084,""
AQP4,MEN 10376,FALSE,inhibitor,GuideToPharmacology,0.686892086301126,""
AQP4,ACETAZOLAMIDE,TRUE,"",DTC,0.196254881800322,18572411
AQP4,SB 414240,FALSE,inhibitor,GuideToPharmacology,1.37378417260225,""
AQP4,NEUROKININ A,FALSE,agonist,GuideToPharmacology,0.457928057534084,""
AQP4,GR 159897,FALSE,inhibitor,GuideToPharmacology,1.37378417260225,""
AQP4,[PHE(ME)7]NEUROKININ B,FALSE,agonist,GuideToPharmacology,0.686892086301126,""
AQP4,MEN10627,FALSE,inhibitor,GuideToPharmacology,1.37378417260225,""
AQP4,NEPADUTANT,FALSE,inhibitor,GuideToPharmacology,0.686892086301126,""
AQP4,TOPIRAMATE,TRUE,"",DTC,0.0624447351182841,18572411
AQP4,R396,FALSE,inhibitor,GuideToPharmacology,1.37378417260225,""
PLAU,DIFFERENTIATION INDUCER,FALSE,"",NCI,0.225990469951885,8595156
PLAU,LIF,FALSE,"",NCI,0.310736896183842,7782459
PLAU,ESTRADIOL VALERATE,TRUE,"",NCI,0.0793370798767257,2492346; 9662256
PLAU,PROTEIN KINASE INHIBITOR,FALSE,"",NCI,0.497179033894148,9579573
PLAU,AMEDIPLASE,FALSE,"",TTD,0.621473792367685,""
PLAU,GELDANAMYCIN,FALSE,"",NCI,0.165726344631383,12724357
PLAU,PROTEIN KINASE C INHIBITOR,FALSE,"",NCI,0.276210574385638,7684044
PLAU,CELECOXIB,TRUE,"",NCI,0.0371029129771752,16172791
PLAU,CISPLATIN,TRUE,"",NCI,0.0169108514929982,9219734
PLAU,BLEOMYCIN,TRUE,"",NCI,0.155368448091921,16224526
PLAU,AZACITIDINE,TRUE,"",NCI,0.0621473792367685,10209960
PLAU,ANTIOXIDANT,FALSE,"",NCI,0.118375960450988,9573532
PLAU,DEXTRAN SULFATE,FALSE,"",NCI,0.414315861578457,2465792
PLAU,PHOSPHODIESTERASE INHIBITOR,FALSE,"",NCI,0.621473792367685,3021458
PLAU,UK-356202,FALSE,"",TTD,0.621473792367685,""
PLAU,SARUPLASE,FALSE,"",TTD,1.24294758473537,""
PLAU,MASOPROCOL,TRUE,"",NCI,0.0528913865844838,2122915
PLAU,TRICHOSTATIN A,FALSE,"",NCI,0.124294758473537,12198113
PLAU,SIROLIMUS,TRUE,"",NCI,0.042860261542599,11245436
PLAU,MIFEPRISTONE,TRUE,"",NCI,0.0887819703382407,11742418
PLAU,VERAPAMIL,TRUE,"",NCI,0.0552421148771275,9579573
PLAU,WX-UK1,FALSE,"",TdgClinicalTrial,1.24294758473537,""
PLAU,LENOGRASTIM,TRUE,"",NCI,0.225990469951885,16331631
PLAU,ANTIBIOTIC,FALSE,"",NCI,0.146229127615926,12724357
PLAU,HYDROCORTISONE BUTYRATE,TRUE,"",NCI,0.0591879802254938,2115769
PLAU,VITAMIN A,TRUE,"",NCI,0.0920701914618792,1576255
PLAU,GEFITINIB,TRUE,"",NCI,0.0371029129771752,16263158
PLAU,DACARBAZINE,TRUE,"",NCI,0.165726344631383,9378540
PLAU,CLODRONIC ACID,TRUE,"",NCI,0.225990469951885,11984068
PLAU,IONOMYCIN,FALSE,"",NCI,0.276210574385638,1701176
PLAU,CALCITRIOL,TRUE,"",NCI,0.207157930789228,3139763
PLAU,RAZOXANE,FALSE,"",NCI,1.24294758473537,9378540
PLAU,TYROSINE KINASE INHIBITOR,FALSE,"",NCI,0.0956113526719515,11245436
PLAU,CARMUSTINE,TRUE,"",NCI,0.225990469951885,9219734
PLAU,PREGNANT MARE SERUM GONADOTROPIN,FALSE,"",NCI,0.338985704927828,3121412; 2506647
PLAU,HERBIMYCIN A,FALSE,"",NCI,0.310736896183842,11245436
PLAU,PAPAVERINE,TRUE,"",NCI,0.138105287192819,16099300
PLAU,RECOMBINANT RANTES,FALSE,"",NCI,0.414315861578457,10559777
PLAU,ALENDRONATE SODIUM,TRUE,"",NCI,0.207157930789228,11984068
PLAU,ZOLEDRONIC ACID ANHYDROUS,TRUE,"",NCI,0.165726344631383,11984068
PLAU,UPAMOSTAT,FALSE,"",TTD; TdgClinicalTrial,2.48589516947074,""
PLAU,UROKINASE,TRUE,"",TTD; TdgClinicalTrial; ChEMBL,0.466105344275764,""
CADM2,DEHYDRATED ALCOHOL,TRUE,"",PharmGKB,1.32161515338951,32451486
ICA1,DESMETRAMADOL,FALSE,"",PharmGKB,7.45768550841222,30971809
ICA1,TRAMADOL,TRUE,"",PharmGKB,2.1751582732869,30971809
BICD1,COMPOUND 10 [PMID: 18759424],FALSE,"",GuideToPharmacology,52.2037985588855,""
LAMB1,HEPARAN SULFATE,FALSE,"",NCI,4.35031654657379,8873769
LAMB1,OCRIPLASMIN,TRUE,cleavage,ChEMBL,0.686892086301126,""
GABRR2,LORAZEPAM,TRUE,"",TEND; TdgClinicalTrial,0.160627072488879,""
GABRR2,ADINAZOLAM,FALSE,"",TEND; TdgClinicalTrial,0.23621628307188,""
GABRR2,ALPRAZOLAM,TRUE,"",TEND; TdgClinicalTrial,0.11810814153594,""
GABRR2,ESTAZOLAM,TRUE,"",TEND; TdgClinicalTrial,0.174594644009651,""
GABRR2,CLOTIAZEPAM,TRUE,"",TEND; TdgClinicalTrial,0.200783840611098,""
GABRR2,ADIPIPLON,FALSE,"",TdgClinicalTrial,0.105675705584789,""
GABRR2,HALAZEPAM,TRUE,"",TEND; TdgClinicalTrial,0.200783840611098,""
GABRR2,EVT 201,FALSE,"",TdgClinicalTrial,0.105675705584789,""
GABRR2,DIAZEPAM,TRUE,"",TEND; TdgClinicalTrial,0.13847161421455,""
GABRR2,OXAZEPAM,TRUE,"",TEND; TdgClinicalTrial,0.154449108162383,""
GABRR2,NITRAZEPAM,FALSE,"",TEND; TdgClinicalTrial,0.191222705343903,""
GABRR2,CINOLAZEPAM,FALSE,"",TEND; TdgClinicalTrial,0.23621628307188,""
GABRR2,BROMAZEPAM,TRUE,"",TEND; TdgClinicalTrial,0.191222705343903,""
GABRR2,QUAZEPAM,TRUE,"",TEND; TdgClinicalTrial,0.200783840611098,""
GABRR2,CHLORDIAZEPOXIDE,TRUE,"",TEND; TdgClinicalTrial,0.191222705343903,""
GABRR2,MIDAZOLAM HYDROCHLORIDE,TRUE,"",TEND; TdgClinicalTrial,0.111546578117277,""
GABRR2,OCINAPLON,FALSE,"",TdgClinicalTrial,0.0912653820959537,""
GABRR2,REMIMAZOLAM,TRUE,"",TdgClinicalTrial,0.105675705584789,""
GABRR2,TEMAZEPAM,TRUE,"",TEND; TdgClinicalTrial,0.182530764191907,""
GABRR2,CLONAZEPAM,TRUE,"",TEND; TdgClinicalTrial,0.160627072488879,""
GABRR2,CLOBAZAM,TRUE,"",TEND; TdgClinicalTrial,0.182530764191907,""
GABRR2,TRIAZOLAM,TRUE,"",TEND; TdgClinicalTrial,0.121687176127938,""
GABRR2,CLORAZEPATE,TRUE,"",TEND; TdgClinicalTrial,0.200783840611098,""
GABRR2,FLUDIAZEPAM,FALSE,"",TEND; TdgClinicalTrial,0.23621628307188,""
GABRR2,FLURAZEPAM,TRUE,"",TEND; TdgClinicalTrial,0.191222705343903,""
GABRR2,PRAZEPAM,TRUE,"",TEND; TdgClinicalTrial,0.182530764191907,""
EEF1A2,PLITIDEPSIN,FALSE,inhibitor,ChEMBL,26.1018992794428,""
MMP14,CTS-1027,FALSE,inhibitor,ChEMBL,1.06538364405889,""
MMP14,EPIGALLOCATECHIN GALLATE,TRUE,"",TTD,0.438687382847778,""
MMP14,PYROGALLOL RED,FALSE,"",DTC,0.298307420336489,""
MMP14,CARMINIC ACID,TRUE,"",DTC,0.932210688551527,""
MMP14,ILOMASTAT,FALSE,"",TTD,0.298307420336489,""
MMP14,PRINOMASTAT,FALSE,vaccine,TALC,1.06538364405889,""
MMP14,REBIMASTAT,FALSE,inhibitor,ChEMBL,1.24294758473537,""
EPHA2,VANDETANIB,TRUE,inhibitor,ChEMBL,0.0500036384663655,""
EPHA2,ALISERTIB,FALSE,"",DTC,0.0604210631468583,""
EPHA2,MLN-8054,FALSE,"",DTC,0.100007276932731,""
EPHA2,RG-1530,FALSE,"",DTC,0.0308533088409489,""
EPHA2,REGORAFENIB,TRUE,inhibitor,MyCancerGenomeClinicalTrial; ChEMBL,0.175770365518133,""
EPHA2,PF-562271,FALSE,"",DTC,0.0268538058430481,""
EPHA2,TAMATINIB,FALSE,"",DTC,0.0358050744573975,""
EPHA2,MEDI-547,FALSE,"",TTD,2.9002110310492,""
EPHA2,SNS-314,FALSE,"",DTC,0.0690526435964094,""
EPHA2,CP-547632,FALSE,"",DTC,0.0659138870692999,""
EPHA2,ILORASERTIB,FALSE,"",DTC,0.0250018192331827,""
EPHA2,SORAFENIB,TRUE,"",DTC,0.0252192263569495,""
EPHA2,CHEMBL:CHEMBL578061,FALSE,"",DTC,0.116008441241968,""
EPHA2,LITHOGLYCOCHOLATE,FALSE,"",DTC,5.80042206209839,23489211
EPHA2,LINIFANIB,FALSE,"",DTC,0.0362526378881149,""
EPHA2,TOZASERTIB,FALSE,"",DTC,0.0397289182335506,""
EPHA2,DASATINIB ANHYDROUS,TRUE,inhibitor,TEND; CGI; MyCancerGenomeClinicalTrial; DoCM; TdgClinicalTrial; DTC; ChEMBL,0.41976738607291,20360610; 19861960; 19010823; 18047674
EPHA2,CYC-116,FALSE,"",DTC,0.0298990827943216,""
CBS,METHIONINE,TRUE,"",PharmGKB,4.17630388471084,24651765
CBS,[3H]2-DEOXYGLUCOSE,FALSE,"",GuideToPharmacology,2.61018992794428,""
CBS,COMPOUND 30 [PMID: 22468970],FALSE,modulator,GuideToPharmacology,10.4407597117771,""
CBS,BETAINE,TRUE,"",PharmGKB,2.08815194235542,""
CBS,VITAMIN B6,TRUE,"",NCI,3.48025323725904,15389232
IVL,RETINOIC ACID AGENT,FALSE,"",NCI,0.841996750949767,8381448; 12445200
IVL,PERILLYL ALCOHOL,FALSE,"",NCI,5.80042206209839,10769631
IVL,INFLIXIMAB,TRUE,"",PharmGKB,0.561331167299844,29192552
IVL,ADALIMUMAB,TRUE,"",PharmGKB,0.527311096554399,29192552
IVL,RETINYL ACETATE,FALSE,"",NCI,2.1751582732869,6189593
IVL,TOPICAL CORTICOSTEROID,FALSE,"",NCI,5.80042206209839,1761793
GABRR1,ESTAZOLAM,TRUE,"",TEND; TdgClinicalTrial,0.162123598008961,""
GABRR1,DIAZEPAM,TRUE,"",TEND; TdgClinicalTrial,0.128580784627797,""
GABRR1,CLOTIAZEPAM,TRUE,"",TEND; TdgClinicalTrial,0.186442137710305,""
GABRR1,ISONIPECOTIC ACID,FALSE,"",DTC,0.310736896183842,25038482
GABRR1,ADINAZOLAM,FALSE,"",TEND; TdgClinicalTrial,0.219343691423889,""
GABRR1,ALPRAZOLAM,TRUE,"",TdgClinicalTrial,0.0548359228559722,""
GABRR1,EVT 201,FALSE,"",TdgClinicalTrial,0.0981274409001608,""
GABRR1,CHLORDIAZEPOXIDE,TRUE,"",TEND; TdgClinicalTrial,0.177563940676481,""
GABRR1,TEMAZEPAM,TRUE,"",TEND; TdgClinicalTrial,0.169492852463914,""
GABRR1,ADIPIPLON,FALSE,"",TdgClinicalTrial,0.0981274409001608,""
GABRR1,LORAZEPAM,TRUE,"",TEND; TdgClinicalTrial,0.149153710168244,""
GABRR1,CLONAZEPAM,TRUE,"",TEND; TdgClinicalTrial,0.149153710168244,""
GABRR1,FLURAZEPAM,TRUE,"",TEND; TdgClinicalTrial,0.177563940676481,""
GABRR1,CLORAZEPATE,TRUE,"",TEND; TdgClinicalTrial,0.186442137710305,""
GABRR1,CINOLAZEPAM,FALSE,"",TEND; TdgClinicalTrial,0.219343691423889,""
GABRR1,BROMAZEPAM,TRUE,"",TEND; TdgClinicalTrial,0.177563940676481,""
GABRR1,MIDAZOLAM HYDROCHLORIDE,TRUE,"",TEND; TdgClinicalTrial,0.103578965394614,""
GABRR1,HALAZEPAM,TRUE,"",TEND; TdgClinicalTrial,0.186442137710305,""
GABRR1,PICROTOXIN,FALSE,"",TEND; TdgClinicalTrial,0.932210688551527,""
GABRR1,NITRAZEPAM,FALSE,"",TEND; TdgClinicalTrial,0.177563940676481,""
GABRR1,FLUDIAZEPAM,FALSE,"",TEND; TdgClinicalTrial,0.219343691423889,""
GABRR1,CLOBAZAM,TRUE,"",TEND; TdgClinicalTrial,0.169492852463914,""
GABRR1,TRIAZOLAM,TRUE,"",TEND; TdgClinicalTrial,0.112995234975943,""
GABRR1,OCINAPLON,FALSE,"",TdgClinicalTrial,0.084746426231957,""
GABRR1,PRAZEPAM,TRUE,"",TEND; TdgClinicalTrial,0.169492852463914,""
GABRR1,OXAZEPAM,TRUE,"",TEND; TdgClinicalTrial,0.143417029007927,""
GABRR1,QUAZEPAM,TRUE,"",TEND; TdgClinicalTrial,0.186442137710305,""
GABRR1,REMIMAZOLAM,TRUE,"",TdgClinicalTrial,0.0981274409001608,""
ELF3,COMPOUND 33 [PMID: 19364658],FALSE,inhibitor,GuideToPharmacology,5.22037985588855,""
ELF3,VORUCICLIB,FALSE,inhibitor,GuideToPharmacology,1.74012661862952,""
SLC39A14,NORTRIPTYLINE,TRUE,"",PharmGKB,3.26273740993035,20970119
F2R,TORIN 2,FALSE,inhibitor,GuideToPharmacology,0.286834058015855,""
F2R,RECOMBINANT TRANSFORMING GROWTH FACTOR,FALSE,"",NCI,0.182530764191907,9403612
F2R,ATOPAXAR,FALSE,inhibitor,TTD; ChEMBL,2.00783840611098,""
F2R,THERAPEUTIC GLUCOCORTICOID,FALSE,"",NCI,0.11810814153594,16785155
F2R,PZ-128,FALSE,inhibitor,ChEMBL,2.00783840611098,""
F2R,VORAPAXAR,TRUE,"",TTD; TdgClinicalTrial,1.00391920305549,""
F2R,ASPIRIN,TRUE,"",NCI; PharmGKB,0.0902399283645385,34954768; 15381054
F2R,THALIDOMIDE,TRUE,"",NCI,0.108531805735729,14995997
F2R,RUSALATIDE,FALSE,"",TdgClinicalTrial,0.669279468703661,""
F2R,COMPOUND 22 [WO2019141694A1],FALSE,inhibitor,GuideToPharmacology,2.00783840611098,""
F2R,TYROSINE KINASE INHIBITOR,FALSE,"",NCI,0.154449108162383,15383630
F2R,ARGATROBAN,TRUE,"",NCI,1.33855893740732,10611442
F2R,PAREGORIC,TRUE,"",NCI,0.0872973220048253,12373743
F2R,BLEOMYCIN,TRUE,"",NCI,0.250979800763873,15855637
F2R,DEHYDRATED ALCOHOL,TRUE,"",NCI,0.0508313520534426,16930224
F2R,"N-(5-{4-CHLORO-3-[(2-HYDROXYETHYL)SULFAMOYL]PHENYL}-4-METHYL-1,3-THIAZOL-2-YL)ACETAMIDE",FALSE,inhibitor,GuideToPharmacology,2.00783840611098,""
F2R,VORAPAXAR SULFATE,TRUE,inhibitor,ChEMBL,2.00783840611098,""
F2R,TINZAPARIN SODIUM,TRUE,"",NCI,0.573668116031709,12632026
F2R,BEVACIZUMAB,TRUE,"",NCI,0.100391920305549,12554695
F2R,ATROPINE,TRUE,"",NCI,0.23621628307188,15345469
F2R,DESIRUDIN,TRUE,"",NCI,1.00391920305549,16038707
F2R,THROMBIN,TRUE,"",NCI,0.836599335879576,15559761; 15386385; 15383630; 15280447; 14699102; 12707033; 11841573; 11504518; 10027305
F2R,ALPROSTADIL,TRUE,"",NCI,0.174594644009651,7822278
F2R,CLOPIDOGREL,TRUE,"",PharmGKB,0.114733623206342,34954768
F2R,WORTMANNIN,FALSE,inhibitor,GuideToPharmacology,0.250979800763873,""
F2R,WORTMANNIN,FALSE,"",NCI,0.286834058015855,8955143; 7559410; 10318860
GBP1,FINASTERIDE,TRUE,inhibitor,GuideToPharmacology,3.72884275420611,""
ALOX15,PURPURIN,FALSE,"",DTC,0.0145373986518757,""
ALOX15,CADMIUM DICHLORIDE,FALSE,"",DTC,0.0277532156081263,""
ALOX15,ATHRAQUINONES A,FALSE,"",DTC,0.0305285371689389,""
ALOX15,TYRPHOSTIN B48,FALSE,"",DTC,0.0160676511415468,""
ALOX15,CHEMBL:CHEMBL241813,FALSE,"",DTC,0.610570743378778,17869117
ALOX15,TYRPHOSTIN 25,FALSE,"",DTC,0.0254404476407824,""
ALOX15,CHEMBL:CHEMBL126804,FALSE,"",DTC,0.0508808952815648,""
ALOX15,LENOMORELIN,FALSE,agonist,GuideToPharmacology,0.152642685844695,""
ALOX15,IRIGENOL,FALSE,"",DTC,0.0218060979778135,""
ALOX15,"[D-ARG1,D-PHE5,D-TRP7,9,LEU11]SUBSTANCE P",FALSE,inhibitor,GuideToPharmacology,0.305285371689389,""
ALOX15,"2',4'-DIHYDROXYCHALCONE",FALSE,"",DTC,0.0763213429223473,""
ALOX15,DIHYDROGAMBOGIC ACID,FALSE,"",DTC,0.0277532156081263,""
ALOX15,E324,FALSE,"",DTC,0.023483490129953,""
ALOX15,APIOL,FALSE,"",DTC,0.152642685844695,""
ALOX15,PF-6870961,FALSE,inhibitor,GuideToPharmacology,0.305285371689389,""
ALOX15,"5,7-DIHYDROXYISOFLAVONE",FALSE,"",DTC,0.0277532156081263,""
ALOX15,MASOPROCOL,TRUE,"",DTC,0.0129908668803995,17869117
ALOX15,CHEMBL:CHEMBL56393,FALSE,"",DTC,0.0109030489889068,""
ALOX15,METAMIZOLE SODIUM,TRUE,"",DTC,0.10176179056313,""
ALOX15,FLAVANONE,FALSE,"",DTC,0.0381606714611736,""
ALOX15,JUGLONE,FALSE,"",DTC,0.0152642685844695,""
ALOX15,DACTINOMYCIN,TRUE,"",DTC,0.0087224391911254,""
ALOX15,SIBUTRAMINE HYDROCHLORIDE,TRUE,"",DTC,0.0508808952815648,""
ALOX15,GINGKOLIC ACID,FALSE,"",DTC,0.0763213429223473,""
ALOX15,EHNA,FALSE,"",DTC,0.0610570743378778,""
ALOX15,[125I]TYR-ALA-HEXARELIN,FALSE,agonist,GuideToPharmacology,0.305285371689389,""
ALOX15,PF-05190457,FALSE,inhibitor,GuideToPharmacology,0.152642685844695,""
ALOX15,DIENESTROL,TRUE,"",DTC,0.043612195955627,""
ALOX15,L 755507,FALSE,"",DTC,0.0610570743378778,""
ALOX15,CITRONELLOL,FALSE,"",DTC,0.305285371689389,""
ALOX15,DITHIOLETHIONE,FALSE,"",DTC,0.0508808952815648,""
ALOX15,KOPARIN,FALSE,"",DTC,0.0305285371689389,""
ALOX15,GAVESTINEL SODIUM,FALSE,"",DTC,0.305285371689389,""
ALOX15,NEROLIDOL,FALSE,"",DTC,0.305285371689389,""
ALOX15,PSEUDOEPHEDRINE,TRUE,"",DTC,0.0179579630405523,""
ALOX15,AM404,FALSE,"",DTC,0.043612195955627,""
ALOX15,FISETIN,FALSE,"",DTC,0.046966980259906,17869117
ALOX15,HAEMATOXYLIN,FALSE,"",DTC,0.0117417450649765,""
ALOX15,ARACHIDONIC ACID,FALSE,"",DTC,0.023483490129953,""
ALOX15,TYRPHOSTIN AG 555,FALSE,"",DTC,0.0160676511415468,""
ALOX15,BAICALEIN,FALSE,"",DTC,0.0244228297351511,17869117
ALOX15,SANGUINARIUM,FALSE,"",DTC,0.0122114148675756,""
ALOX15,TYRPHOSTIN AG 835,FALSE,"",DTC,0.0277532156081263,""
ALOX15,GSK1614343,FALSE,inhibitor,GuideToPharmacology,0.305285371689389,""
ALOX15,CUMENE HYDROPEROXIDE,FALSE,"",DTC,0.10176179056313,""
ALOX15,(+/-)-ERIODICTYOL,FALSE,"",DTC,0.0254404476407824,""
ALOX15,RHEIN,FALSE,"",DTC,0.0138766078040631,""
ALOX15,DEPHOSTATIN,FALSE,"",DTC,0.0122114148675756,""
ALOX15,HEXACHLOROPHENE,TRUE,"",DTC,0.00744598467535095,""
ALOX15,U73122,FALSE,"",DTC,0.0610570743378778,""
ALOX15,EXAMORELIN,FALSE,agonist,GuideToPharmacology,0.305285371689389,""
ALOX15,LY-255283,FALSE,"",DTC,0.0763213429223473,""
ALOX15,CHEMBL:CHEMBL453797,FALSE,"",DTC,0.152642685844695,""
ALOX15,WAY-100135,FALSE,"",DTC,0.0763213429223473,""
ALOX15,MERCURIC CHLORIDE,FALSE,"",DTC,0.0152642685844695,""
ALOX15,CHOLECALCIFEROL,TRUE,"",DTC,0.0254404476407824,""
ALOX15,BIM 28163,FALSE,inhibitor,GuideToPharmacology,0.305285371689389,""
ALOX15,"L-692,429",FALSE,agonist; modulator,GuideToPharmacology,0.305285371689389,""
ALOX15,PYROGALLOL,TRUE,"",DTC,0.0203523581126259,""
ALOX15,APIGENIN,TRUE,"",DTC,0.0117417450649765,""
ALOX15,U-0126,FALSE,"",DTC,0.0305285371689389,""
ALOX15,GUTHION,FALSE,"",DTC,0.0254404476407824,""
ALOX15,LUTEOLIN,FALSE,"",DTC,0.00954016786529341,""
ALOX15,BITHIONOLATE SODIUM,TRUE,"",DTC,0.0381606714611736,""
ALOX15,LIVER ENRICHED ANTIMICROBIAL PEPTIDE 2,FALSE,inhibitor,GuideToPharmacology,0.305285371689389,""
ALOX15,EMBELIN,FALSE,"",DTC,0.0203523581126259,""
ALOX15,PYRITHIONE ZINC,TRUE,"",DTC,0.0169602984271883,""
ALOX15,LEVONORDEFRIN,TRUE,"",DTC,0.0277532156081263,""
ALOX15,PHENYLMERCURIC ACETATE,FALSE,"",DTC,0.0152642685844695,""
ALOX15,CHEMBL:CHEMBL151797,FALSE,"",DTC,0.0610570743378778,""
ALOX15,"CHAULMOOGRIC ACID, ETHYL ESTER",FALSE,"",DTC,0.305285371689389,""
ALOX15,GW5074,FALSE,"",DTC,0.0138766078040631,""
ALOX15,(S)-PROMETHAZINE,FALSE,"",DTC,0.10176179056313,""
ALOX15,MYRICETIN,FALSE,"",DTC,0.00763213429223473,""
ALOX15,"N,N'-DIPHENYL-P-PHENYLENEDIAMINE",FALSE,"",DTC,0.043612195955627,""
ALOX15,FRAXETIN,FALSE,"",DTC,0.0610570743378778,""
ALOX15,2-APB,FALSE,"",DTC,0.0190803357305868,""
ALOX15,RELCOVAPTAN,FALSE,"",DTC,0.0339205968543766,""
ALOX15,3-METHOXYCATECHOL,FALSE,"",DTC,0.0305285371689389,""
ALOX15,CHEMBL:CHEMBL8328,FALSE,"",DTC,0.610570743378778,17869117
ALOX15,CHEMBL:CHEMBL601952,FALSE,"",DTC,0.0339205968543766,""
ALOX15,CHEMBL:CHEMBL260342,FALSE,"",DTC,0.0381606714611736,""
ALOX15,CISPLATIN,TRUE,"",DTC,0.00207677123598224,""
ALOX15,"4,4'-DIMETHOXYDALBERGIONE",FALSE,"",DTC,0.0763213429223473,""
ALOX15,CHEMBL:CHEMBL122701,FALSE,"",DTC,0.043612195955627,""
ALOX15,HOMIDIUM BROMIDE,FALSE,"",DTC,0.0105270817823927,""
ALOX15,SANGUINARINE SULFATE,FALSE,"",DTC,0.023483490129953,""
ALOX15,THYROXINE,FALSE,"",DTC,0.0254404476407824,""
ALOX15,GERANIOL,TRUE,"",DTC,0.305285371689389,""
ALOX15,CITRONELLYL ACETATE,TRUE,"",DTC,0.305285371689389,""
ALOX15,POMIFERIN,FALSE,"",DTC,0.0339205968543766,""
ALOX15,ZAPRINAST,FALSE,"",DTC,0.023483490129953,""
ALOX15,THIMEROSAL,TRUE,"",DTC,0.0132732770299734,""
ALOX15,CHEMBL:CHEMBL220845,FALSE,"",DTC,0.0339205968543766,""
ALOX15,CADMIUM ACETATE,FALSE,"",DTC,0.0381606714611736,""
ALOX15,YIL781,FALSE,inhibitor,GuideToPharmacology,0.305285371689389,""
ALOX15,EBSELEN,FALSE,"",DTC,0.0087224391911254,""
ALOX15,PROCARBAZINE,TRUE,"",DTC,0.0610570743378778,""
ALOX15,TRICETIN,TRUE,"",DTC,0.0381606714611736,""
ALOX15,[125I][TYR4]GHRELIN (HUMAN),FALSE,agonist,GuideToPharmacology,0.305285371689389,""
ALOX15,CHLORANIL,FALSE,"",DTC,0.0203523581126259,""
ALOX15,"SM-130,686",FALSE,agonist,GuideToPharmacology,0.305285371689389,""
ALOX15,"3,4-DIDESMETHYL-5-DESHYDROXY-3'-ETHOXYSCLEROIN",FALSE,"",DTC,0.043612195955627,""
ALOX15,LANSOPRAZOLE,TRUE,"",DTC,0.0105270817823927,""
ALOX15,LINOLENIC ACID,TRUE,"",DTC,0.0145373986518757,""
ALOX15,BRL50481,FALSE,"",DTC,0.0763213429223473,""
ALOX15,GERALDOL,FALSE,"",DTC,0.152642685844695,""
ALOX15,INAMRINONE,TRUE,"",DTC,0.0160676511415468,""
ALOX15,TACRINE,TRUE,"",DTC,0.043612195955627,""
ALOX15,SCH 58261,FALSE,"",DTC,0.043612195955627,""
ALOX15,GHRP-6,FALSE,agonist,GuideToPharmacology,0.305285371689389,""
ALOX15,[3H]GBR12935,FALSE,"",DTC,0.043612195955627,""
ALOX15,FENTICLOR,FALSE,"",DTC,0.0160676511415468,""
ALOX15,CHEMBL:CHEMBL598663,FALSE,"",DTC,0.0277532156081263,""
ALOX15,CHEMBL:CHEMBL184450,FALSE,"",DTC,0.0218060979778135,""
ALOX15,DEOXYVASICINONE,FALSE,"",DTC,0.0277532156081263,""
ALOX15,QUERCETIN,TRUE,"",DTC,0.00772874358707314,17869117
ALOX15,QUINALIZARIN,FALSE,"",DTC,0.0203523581126259,""
ALOX15,PTAEROXYLIN,FALSE,"",DTC,0.152642685844695,""
ALOX15,E319,FALSE,"",DTC,0.0277532156081263,""
ALOX15,CATECHIN,TRUE,"",DTC,0.023483490129953,""
ALOX15,CAFFEIC ACID PHENETHYL ESTER,FALSE,"",DTC,0.0218060979778135,""
ALOX15,CHEMBL:CHEMBL67535,FALSE,"",DTC,0.0160676511415468,""
ALOX15,AURINTRICARBOXYLIC ACID,FALSE,"",DTC,0.00984791521578674,""
ALOX15,BITHIONOL,TRUE,"",DTC,0.0127202238203912,""
ALOX15,CHEMBL:CHEMBL580851,FALSE,"",DTC,0.10176179056313,""
ALOX15,PURPUROGALLIN,FALSE,"",DTC,0.00848014921359414,""
ALOX15,4-METHOXYDALBERGIONE,FALSE,"",DTC,0.0339205968543766,""
ALOX15,PHENOTHIAZINE,FALSE,"",DTC,0.0190803357305868,""
ALOX15,LUFENURON,TRUE,"",DTC,0.152642685844695,""
ALOX15,CHEMBL:CHEMBL238624,FALSE,"",DTC,0.0508808952815648,""
ALOX15,CHEMBL:CHEMBL222993,FALSE,"",DTC,0.152642685844695,""
ALOX15,MK-886,FALSE,"",DTC,0.0381606714611736,""
ALOX15,CHEMBL:CHEMBL592124,FALSE,"",DTC,0.00984791521578674,""
ALOX15,WFW-ISN-NH2,FALSE,agonist,GuideToPharmacology,0.305285371689389,""
ALOX15,ABBOTT 14C,FALSE,inhibitor,GuideToPharmacology,0.305285371689389,""
ALOX15,"DALBERGIONE, 4-METHOXY-4'-HYDROXY-",FALSE,"",DTC,0.152642685844695,""
ALOX15,RO31-8220,FALSE,"",DTC,0.0381606714611736,""
ALOX15,RS-17053,FALSE,"",DTC,0.0339205968543766,""
ALOX15,DICHLOROPHEN,FALSE,"",DTC,0.0169602984271883,""
ALOX15,"7,8-DIHYDROXYFLAVONE",FALSE,"",DTC,0.0381606714611736,""
ALOX15,BISABOLOL,TRUE,"",DTC,0.305285371689389,""
ALOX15,NONIVAMIDE,TRUE,"",DTC,0.0610570743378778,""
ALOX15,TYRPHOSTIN 47,FALSE,"",DTC,0.0190803357305868,""
ALOX15,FEXOFENADINE HYDROCHLORIDE,TRUE,"",DTC,0.0508808952815648,""
ALOX15,CHEMBL:CHEMBL1341830,FALSE,"",DTC,0.0305285371689389,""
ALOX15,SILVER SULFADIAZINE,TRUE,"",DTC,0.0381606714611736,""
ALOX15,CHEMBL:CHEMBL602213,FALSE,"",DTC,0.0381606714611736,""
ALOX15,IBUTAMOREN,TRUE,agonist,GuideToPharmacology,0.152642685844695,""
ALOX15,N-ARACHIDONOYLGLYCINE,FALSE,"",DTC,0.0160676511415468,""
ALOX15,DL-TRYPTOPHAN,FALSE,"",DTC,0.305285371689389,""
ALOX15,[35S]IBUTAMOREN,FALSE,agonist,GuideToPharmacology,0.305285371689389,""
ALOX15,CHEMBL:CHEMBL222556,FALSE,"",DTC,0.0277532156081263,""
ALOX15,CHEMBL:CHEMBL68534,FALSE,"",DTC,0.0160676511415468,""
ALOX15,MACIMORELIN,TRUE,agonist,GuideToPharmacology,0.10176179056313,""
ALOX15,[125I][HIS9]GHRELIN (HUMAN),FALSE,agonist,GuideToPharmacology,0.305285371689389,""
ALOX15,ZIRAM,FALSE,"",DTC,0.023483490129953,""
ALOX15,2-IODOACETAMIDE,FALSE,"",DTC,0.0218060979778135,""
ALOX15,DAPHNETIN,FALSE,"",DTC,0.0339205968543766,""
ALOX15,LINOLEIC ACID,TRUE,"",DTC,0.0508808952815648,""
ALOX15,4-CHLOROMERCURIBENZOIC ACID,FALSE,"",DTC,0.0109030489889068,""
ALOX15,CHEMBL:CHEMBL154580,FALSE,"",DTC,0.0277532156081263,""
ALOX15,CHEMBL:CHEMBL601528,FALSE,"",DTC,0.152642685844695,""
ALOX15,N-OLEOYLDOPAMINE,FALSE,"",DTC,0.0169602984271883,""
ALOX15,ETHOPROPAZINE HYDROCHLORIDE,TRUE,"",DTC,0.043612195955627,""
ALOX15,(+)-EPITAXIFOLIN,FALSE,"",DTC,0.0763213429223473,""
ALOX15,CATECHOL,FALSE,"",DTC,0.0138766078040631,""
ALOX15,CHEMBL:CHEMBL1481974,FALSE,"",DTC,0.0381606714611736,""
ALOX15,HM01,FALSE,agonist,GuideToPharmacology,0.305285371689389,""
ALOX15,JMV3008,FALSE,inhibitor,GuideToPharmacology,0.305285371689389,""
ALOX15,IRIGINOL HEXAACEATATE,FALSE,"",DTC,0.0277532156081263,""
NFATC1,MYCOPHENOLATE,TRUE,"",PharmGKB,1.1864499672474,28244807
NFATC1,CYCLOSPORINE,TRUE,"",PharmGKB,0.450032746197289,28244807; 25425682
NFATC1,METHOTREXATE,TRUE,"",PharmGKB,0.23728999344948,25425682
NFATC1,PREDNISONE,TRUE,"",PharmGKB,0.580042206209839,28244807
TNFSF11,DENOSUMAB,TRUE,inhibitor,ClearityFoundationClinicalTrial; TEND; TTD; TdgClinicalTrial; ChEMBL,43.5031654657379,""
TNFSF11,LENALIDOMIDE,TRUE,"",TdgClinicalTrial,2.00783840611098,""
ESRRG,TINODASERTIB,FALSE,inhibitor,GuideToPharmacology,3.72884275420611,""
ESRRG,MNK1 INHIBITOR,FALSE,inhibitor,GuideToPharmacology,2.48589516947074,""
ESRRG,COMPOUND 20J [PMID: 38564512],FALSE,inhibitor,GuideToPharmacology,3.72884275420611,""
ESRRG,TOMIVOSERTIB,FALSE,inhibitor,GuideToPharmacology,1.86442137710305,""
ESRRG,DIETHYLSTILBESTROL,TRUE,"",NCI,0.451980939903771,12579585
ESRRG,DORSOMORPHIN,FALSE,inhibitor,GuideToPharmacology,0.932210688551527,""
ESRRG,AFIMOXIFENE,FALSE,inhibitor,ChEMBL,0.532691822029444,""
SCN2B,ZONISAMIDE,TRUE,"",TdgClinicalTrial,2.08815194235542,""
C4B,CA2+,FALSE,inhibitor,GuideToPharmacology,0.326273740993035,""
C4B,FLUFENAMIC ACID,FALSE,inhibitor,GuideToPharmacology,0.343446043150563,""
C4B,OCTANOL,FALSE,inhibitor,GuideToPharmacology,0.621473792367685,""
C4B,CARBENOXOLONE,FALSE,inhibitor,GuideToPharmacology,0.543789568321724,""
PROC,AVATROMBOPAG,TRUE,"",PharmGKB; FDA,1.35594281971131,""
PROC,WARFARIN,TRUE,"",FDA,0.143812117242109,""
PROC,ANCROD,FALSE,"",TTD,1.1864499672474,""
PROC,SODIUM TETRADECYL SULFATE,TRUE,"",TEND; TTD; TdgClinicalTrial,14.2373996069688,""
PROC,PROTEIN C CONCENTRATE (HUMAN),TRUE,"",ChEMBL,4.74579986898959,""
PROC,ESTRADIOL VALERATE,TRUE,"",FDA,0.100974465297651,""
PROC,3K3A-ACTIVATED PROTEIN C,FALSE,"",TTD,4.74579986898959,""
PROC,PROGESTERONE,TRUE,"",FDA,0.0804372859150779,""
PROC,LUSUTROMBOPAG,TRUE,"",PharmGKB; FDA,1.5819332896632,""
PROC,VITAMIN K3,TRUE,"",TEND,0.163648271344469,""
PROC,"SYNTHETIC CONJUGATED ESTROGENS, A",FALSE,"",PharmGKB,1.1864499672474,""
COL9A3,CILOSTAMIDE,FALSE,inhibitor,GuideToPharmacology,2.1751582732869,""
COL9A3,CILOSTAZOL,TRUE,inhibitor,GuideToPharmacology,0.621473792367685,""
COL9A3,PAPAVERINE,TRUE,inhibitor,GuideToPharmacology,0.483368505174866,""
COL9A3,MILRINONE,TRUE,inhibitor,GuideToPharmacology,1.4501055155246,""
COL9A3,CYCLIC GMP,FALSE,inhibitor,GuideToPharmacology,1.74012661862952,""
COL9A3,INAMRINONE,TRUE,inhibitor,GuideToPharmacology,0.457928057534084,""
CDA,CYTARABINE,TRUE,"",NCI,0.372884275420611,12008078; 8791999; 14744791
CDA,GEMCITABINE,TRUE,"",NCI,0.162123598008961,12477049
CDA,TETRAHYDROURIDINE,FALSE,"",TTD; NCI,11.1865282626183,2932216
CDA,DAUNORUBICIN LIPOSOMAL,TRUE,"",PharmGKB,0.16390517600906,36316809
CDA,CEDAZURIDINE,TRUE,inhibitor,ChEMBL,3.72884275420611,""
CDA,DEOXYCYTIDINE,FALSE,"",NCI,3.72884275420611,12008078
CDA,AZACITIDINE,TRUE,"",PharmGKB,0.372884275420611,26556583
GZMB,NSC 780521,FALSE,inhibitor,GuideToPharmacology,2.61018992794428,""
GZMB,GKT136901,FALSE,inhibitor,GuideToPharmacology,3.48025323725904,""
GZMB,COMPOUND 7C [PMID: 22041175],FALSE,inhibitor,GuideToPharmacology,2.61018992794428,""
GZMB,HEXACHLOROPHENE,TRUE,"",DTC,0.509305351794005,19633659
GZMB,SETANAXIB,FALSE,inhibitor,GuideToPharmacology,2.61018992794428,""
ITGA11,RECOMBINANT INTERFERON,FALSE,"",NCI,2.67711787481464,16697656
KCNA2,GUANIDINE HYDROCHLORIDE,TRUE,blocker,ChEMBL,0.159157922435627,""
KCNA2,STREPTOZOCIN,TRUE,"",NCI,0.283716296515682,17982915
KCNA2,DALFAMPRIDINE,TRUE,blocker,ChEMBL,0.135947392080431,""
KCNA2,AMIFAMPRIDINE,TRUE,blocker,ChEMBL,0.155368448091921,""
KCNA2,OXIDOPAMINE,FALSE,"",NCI,0.652547481986069,17027171
KCNA2,AMIFAMPRIDINE PHOSPHATE,TRUE,blocker,ChEMBL,0.159157922435627,""
KCNA2,TEDISAMIL,FALSE,blocker,ChEMBL,0.163136870496517,""
KCNA2,NERISPIRDINE,FALSE,blocker,ChEMBL,0.130509496397214,""
GPC3,ANTI-GLYPICAN 3/CD3 BISPECIFIC ANTIBODY ERY974,FALSE,"",TTD,5.22037985588855,""
GPC3,CODRITUZUMAB,FALSE,"",TTD,2.61018992794428,""
GPC3,ANTI-GPC3-CAR AUTOLOGOUS T LYMPHOCYTES,FALSE,"",TTD,5.22037985588855,""
GPC3,GSK8814,FALSE,inhibitor,GuideToPharmacology,2.61018992794428,""
GPC3,COMPOUND 23 [PMID: 31398032],FALSE,inhibitor,GuideToPharmacology,2.61018992794428,""
GPC3,CODRITUZUMAB,FALSE,inhibitor,TTD; ChEMBL,10.4407597117771,""
GPC3,COMPOUND 33 [PMID: 26230603],FALSE,inhibitor,GuideToPharmacology,5.22037985588855,""
GPC3,COMPOUND 60 [PMID: 26155854],FALSE,inhibitor,GuideToPharmacology,5.22037985588855,""
GPC3,COMPOUND 57 [PMID: 26155854],FALSE,inhibitor,GuideToPharmacology,5.22037985588855,""
GPC3,AZ13824374,FALSE,inhibitor,GuideToPharmacology,5.22037985588855,""
PTH2R,ABALOPARATIDE,FALSE,"",TTD,26.1018992794428,24672186
PTH2R,PARATHYROID HORMONE,FALSE,"",TdgClinicalTrial,6.52547481986069,""
PTH2R,OSTABOLIN-C,FALSE,"",TdgClinicalTrial,4.35031654657379,""
PTH2R,PARATHYROID HORMONE,TRUE,"",TdgClinicalTrial,4.35031654657379,""
ALDH3A1,SCH-23390,FALSE,inhibitor,GuideToPharmacology,0.248589516947074,""
ALDH3A1,(+)-BUTACLAMOL,FALSE,inhibitor,GuideToPharmacology,0.213076728811778,""
ALDH3A1,SKF-38393,FALSE,agonist,GuideToPharmacology,0.165726344631383,""
ALDH3A1,SPIPERONE,FALSE,inhibitor,GuideToPharmacology,0.0785019527201286,""
ALDH3A1,BETA-ERGOCRIPTINE,FALSE,agonist,GuideToPharmacology,1.49153710168244,""
ALDH3A1,SKF-76783,FALSE,agonist,GuideToPharmacology,0.745768550841222,""
ALDH3A1,NORADRENALINE,FALSE,agonist,GuideToPharmacology,0.186442137710305,""
ALDH3A1,THIOTEPA,TRUE,"",PharmGKB,0.298307420336489,18854779
ALDH3A1,CYCLOPHOSPHAMIDE ANHYDROUS,TRUE,"",PharmGKB,0.0736561531695034,31686598; 18854779; 29507678
ALDH3A1,A68930,FALSE,agonist,GuideToPharmacology,0.248589516947074,""
ALDH3A1,LISURIDE,FALSE,agonist,GuideToPharmacology,0.0785019527201286,""
ALDH3A1,THIORIDAZINE,TRUE,inhibitor,GuideToPharmacology,0.0514323138511187,""
ALDH3A1,APOMORPHINE,TRUE,agonist,GuideToPharmacology,0.0552421148771275,""
ALDH3A1,CLOZAPINE,TRUE,inhibitor,GuideToPharmacology,0.0153766711513654,""
ALDH3A1,DEHYDRATED ALCOHOL,TRUE,"",NCI,0.0755208659079718,14987799; 15909415; 12652939
ALDH3A1,BROMOCRIPTINE,TRUE,agonist,GuideToPharmacology,0.0481141000542724,""
ALDH3A1,FENOLDOPAM,TRUE,agonist,GuideToPharmacology,0.106538364405889,""
ALDH3A1,CHLORPROMAZINE,TRUE,inhibitor,GuideToPharmacology,0.040311813558985,""
ALDH3A1,DOPAMINE,TRUE,agonist,GuideToPharmacology,0.0514323138511187,""
ALDH3A1,SKF-83566,FALSE,inhibitor,GuideToPharmacology,0.497179033894148,""
ALDH3A1,KETANSERIN,FALSE,inhibitor,GuideToPharmacology,0.0648494392035845,""
ALDH3A1,ROTIGOTINE,TRUE,agonist,GuideToPharmacology,0.149153710168244,""
ALDH3A1,HALOPERIDOL DECANOATE,TRUE,inhibitor,GuideToPharmacology,0.0196254881800322,""
ALDH3A1,FLUPENTHIXOL,FALSE,inhibitor,GuideToPharmacology,0.0994358067788296,""
ALDH3A1,FLUOROURACIL,TRUE,"",PharmGKB,0.0257161569255594,29507678
ALDH3A1,(+)-ADTN,FALSE,agonist,GuideToPharmacology,0.745768550841222,""
ALDH3A1,DOXORUBICIN HYDROCHLORIDE,TRUE,"",PharmGKB,0.0201559067794925,29507678
ALDH3A1,5-HYDROXYTRYPTAMINE,FALSE,agonist,GuideToPharmacology,0.0994358067788296,""
ALDH3A1,CABERGOLINE,TRUE,agonist,GuideToPharmacology,0.0932210688551527,""
ALDH3A1,CARBOPLATIN,TRUE,"",PharmGKB,0.0346869093414522,18854779
ALDH3A1,DISULFIRAM,TRUE,"",NCI,0.104060728024356,7907815; 2185582
ALDH3A1,FLUPHENAZINE HYDROCHLORIDE,TRUE,inhibitor,GuideToPharmacology,0.0677971409855656,""
ALDH3A1,ECOPIPAM HYDROCHLORIDE,FALSE,inhibitor,GuideToPharmacology,0.745768550841222,""
ALDH3A1,N-PROPYLNORAPOMORPHINE,FALSE,agonist,GuideToPharmacology,0.745768550841222,""
ALDH3A1,PERGOLIDE,TRUE,agonist,GuideToPharmacology,0.0877374765695555,""
NTS,NORETHINDRONE,TRUE,"",NCI,1.16008441241968,11495683
NTS,AZASERINE,FALSE,"",NCI,2.32016882483936,1993548
NTS,LITHIUM,TRUE,"",NCI,0.276210574385638,7992199
NTS,NIFEDIPINE,TRUE,"",NCI,0.207157930789228,8770786
NTS,HALOPERIDOL DECANOATE,TRUE,"",PharmGKB,0.152642685844695,27023437
NTS,CHLORPROMAZINE,TRUE,"",NCI,0.313536327680994,1980851
NTS,MAGNESIUM SULFATE ANHYDROUS,TRUE,"",NCI,2.9002110310492,1758237
NTS,RISPERIDONE,TRUE,"",NCI,0.173146927226818,10991962
NTS,DEHYDRATED ALCOHOL,TRUE,"",NCI,0.293692256308779,1733422; 9023306; 1686369
C4A,FLUFENAMIC ACID,FALSE,inhibitor,GuideToPharmacology,0.343446043150563,""
C4A,CA2+,FALSE,inhibitor,GuideToPharmacology,0.326273740993035,""
C4A,OCTANOL,FALSE,inhibitor,GuideToPharmacology,0.621473792367685,""
C4A,CARBENOXOLONE,FALSE,inhibitor,GuideToPharmacology,0.543789568321724,""
SPTSSB,COMPOUND 18 [PMID: 32330443],FALSE,inhibitor,GuideToPharmacology,52.2037985588855,""
APLN,STAUROSPORINE,FALSE,"",NCI,1.86442137710305,12215493
APLN,CYCLOOXYGENASE INHIBITOR,FALSE,"",NCI,13.0509496397214,15541902
VIP,FLUTAMIDE,TRUE,"",NCI,0.652547481986069,10822172
VIP,DIGOXIN,TRUE,"",NCI,0.383851459991805,3906626
VIP,AZASERINE,FALSE,"",NCI,2.61018992794428,8603469
VIP,IL-7,FALSE,"",NCI,6.52547481986069,9164934
VIP,RIBAVIRIN,TRUE,"",NCI,0.343446043150563,8771530
VIP,THERAPEUTIC ANDROSTANOLONE,FALSE,"",NCI,0.686892086301126,10886097
VIP,OMEPRAZOLE,TRUE,"",NCI,0.352728368641118,15684503
VIP,LISINOPRIL ANHYDROUS,TRUE,"",NCI,1.63136870496517,2822521
CXCR4,CXCR4 ANTAGONIST USL311,FALSE,"",TTD,2.08815194235542,""
CXCR4,MSX-122,FALSE,inhibitor,TTD; TdgClinicalTrial; ChEMBL,6.26445582706626,""
CXCR4,PLERIXAFOR,TRUE,agonist,TEND; TTD; NCI; TdgClinicalTrial; DTC; ChEMBL,3.82827856098494,11581376; 17958344; 17715128; 19451305; 26191361
CXCR4,ULOCUPLUMAB,FALSE,inhibitor,TTD; TdgClinicalTrial; ChEMBL,6.26445582706626,""
CXCR4,CISPLATIN,TRUE,"",CIViC,0.0142051152541185,""
CXCR4,BALIXAFORTIDE,FALSE,inhibitor,TTD; ChEMBL,2.08815194235542,""
CXCR4,CHEMBL:CHEMBL1221944,FALSE,"",DTC,1.39210129490361,17643111
CXCR4,BURIXAFOR,FALSE,inhibitor,TTD; TdgClinicalTrial; ChEMBL,6.26445582706626,""
CXCR4,ULOCUPLUMAB,FALSE,"",TTD,1.04407597117771,""
CXCR4,CHEMBL:CHEMBL2062277,FALSE,"",DTC,4.17630388471084,19451305
CXCR4,CHEMBL:CHEMBL2347633,FALSE,"",DTC,4.17630388471084,23434419
CXCR4,BEVACIZUMAB,TRUE,"",PharmGKB,0.104407597117771,27503580
CXCR4,CHEMBL:CHEMBL2347632,FALSE,"",DTC,4.17630388471084,23434419
CXCR4,CTCE-9908,FALSE,inhibitor,TTD; ChEMBL,4.17630388471084,""
CXCR4,RECOMBINANT CHEMOKINE,FALSE,"",NCI,0.348025323725904,15840024
CXCR4,CHEMBL:CHEMBL2347631,FALSE,"",DTC,4.17630388471084,23434419
CXCR4,LY-2624587,FALSE,"",TTD,2.08815194235542,""
CXCR4,CHEMBL:CHEMBL1242210,FALSE,"",DTC,4.17630388471084,19949058
CXCR4,CTCE-0214,FALSE,"",TTD,2.08815194235542,""
CXCR4,PF-06747143,FALSE,"",TTD,2.08815194235542,""
CXCR4,CHEMBL:CHEMBL2347630,FALSE,"",DTC,4.17630388471084,23434419
CXCR4,MAVORIXAFOR,TRUE,inhibitor,TTD; TdgClinicalTrial; DTC; ChEMBL,5.22037985588855,19640718
CXCR4,RECOMBINANT RANTES,FALSE,"",NCI,0.696050647451807,10679062
CXCR4,GMI-1359,FALSE,"",TTD,0.696050647451807,""
CXCR4,MOTIXAFORTIDE,TRUE,inhibitor,TTD; TdgClinicalTrial; ChEMBL,3.13222791353313,""
PTHLH,DIFFERENTIATION INDUCER,FALSE,"",NCI,1.5819332896632,10839458
PTHLH,VINBLASTINE,TRUE,"",NCI,0.511801946655741,9784008
PTHLH,MAGNESIUM SULFATE ANHYDROUS,TRUE,"",NCI,4.35031654657379,11384692
PTHLH,DIMETHYL SULFOXIDE,TRUE,"",NCI,1.08757913664345,10839458
PTHLH,CAL,FALSE,inhibitor,ChEMBL,8.70063309314759,""
PTHLH,PANCREATIC PROTEOLYTIC ENZYMES,FALSE,"",NCI,4.35031654657379,7556886
NOS1AP,GLIMEPIRIDE,TRUE,"",PharmGKB,1.00391920305549,32504053
NOS1AP,NIFEDIPINE,TRUE,"",PharmGKB,0.143417029007927,19076153
NOS1AP,DIURETIC,FALSE,"",PharmGKB,0.669279468703661,22682551
NOS1AP,GLIPIZIDE,TRUE,"",PharmGKB,1.14733623206342,32504053
NOS1AP,SOTALOL,TRUE,"",PharmGKB,0.573668116031709,22682551
NOS1AP,DIGOXIN,TRUE,"",PharmGKB,0.23621628307188,34616002
NOS1AP,REPAGLINIDE,TRUE,"",PharmGKB,0.573668116031709,20305679
NOS1AP,GLYBURIDE,TRUE,"",PharmGKB,0.276943228429101,32504053
NOS1AP,GRANISETRON,TRUE,"",PharmGKB,0.73012305676763,21663814
NOS1AP,VERAPAMIL,TRUE,"",PharmGKB,0.178474524987643,19247217
NOS1AP,AMLODIPINE BESYLATE,TRUE,"",PharmGKB,0.535423574962929,19076153
NOS1AP,DOLASETRON,TRUE,"",PharmGKB,1.00391920305549,21663814
NOS1AP,AMIODARONE HYDROCHLORIDE,TRUE,"",PharmGKB,0.308898216324767,22682551
IGFBP1,TETRADECANOYLPHORBOL ACETATE,FALSE,"",NCI,0.174594644009651,8557761
IGFBP1,DEXAMETHASONE,TRUE,"",NCI,0.141729769843128,1714534; 7683312
IGFBP1,DROLOXIFENE,FALSE,"",NCI,1.33855893740732,8645625
IGFBP1,ORAL CONTRACEPTIVE,FALSE,"",NCI,0.73012305676763,8530593
IGFBP1,OCTREOTIDE ACETATE,TRUE,"",NCI,0.669279468703661,7525123; 9512248
IGFBP1,LIOTHYRONINE,TRUE,"",NCI,0.243374352255877,9540232
IGFBP1,SIROLIMUS,TRUE,"",NCI,0.13847161421455,11942857
IGFBP1,PROTEIN SYNTHESIS INHIBITOR,FALSE,"",NCI,0.669279468703661,7688368
IGFBP1,BUSERELIN,TRUE,"",NCI,4.01567681222196,7544746
IGFBP1,SANDOSTATIN,FALSE,"",NCI,4.01567681222196,9420847
IGFBP1,DEHYDRATED ALCOHOL,TRUE,"",NCI,0.101662704106885,11894976
IGFBP1,STREPTOZOCIN,TRUE,"",NCI,0.261891966014476,7589849; 1713293
IGFBP1,THERAPEUTIC HORMONE,FALSE,"",NCI,0.273796146287861,8567796; 8619542
CTSG,RECOMBINANT INTERFERON,FALSE,"",NCI,0.33463973435183,11352647
CTSG,SULFONE ANTI-INFECTIVE AGENT,FALSE,"",NCI,6.52547481986069,9125494
CTSG,JNJ-10311795,FALSE,"",TTD,3.26273740993035,""
CTSG,MANNITOL,TRUE,"",NCI,2.1751582732869,3142269
CTSG,LYMPHOKINE-ACTIVATED KILLER CELLS,FALSE,"",NCI,1.1864499672474,2007574
CTSG,VITAMIN K,TRUE,"",NCI,1.4501055155246,1440518
CTSG,TNF-ALPHA,FALSE,"",NCI,0.543789568321724,7499869
CTSG,RECOMBINANT TUMOR NECROSIS FACTOR FAMILY PROTEIN,FALSE,"",NCI,0.870063309314759,12584200
IL12A,BRIAKINUMAB,FALSE,inhibitor,TdgClinicalTrial; ChEMBL,3.48025323725904,""
IL12A,HUMANIZED SMART ANTI-IL-12 ANTIBODY,FALSE,"",TdgClinicalTrial,2.61018992794428,""
IL12A,APILIMOD,FALSE,"",TTD,1.74012661862952,""
IL12A,VIRULIZIN,FALSE,"",TdgClinicalTrial,2.61018992794428,""
IL12A,USTEKINUMAB,TRUE,inhibitor,TTD; PharmGKB; ChEMBL; FDA,1.04407597117771,""
IL12A,MIRIKIZUMAB,TRUE,"",TTD,1.74012661862952,""
IL12A,EBDAROKIMAB,FALSE,inhibitor,ChEMBL,1.74012661862952,""
IL12A,EGEN-001,FALSE,other/unknown,ClearityFoundationClinicalTrial,2.61018992794428,""
IL12A,ADENOVIRAL TRANSDUCED HIL-12-EXPRESSING AUTOLOGOUS DENDRITIC CELLS INXN-3001 PLUS ACTIVATOR LIGAND INXN-1001,FALSE,"",TdgClinicalTrial,2.61018992794428,""
IL12A,MYCOPHENOLATE MOFETIL,TRUE,"",PharmGKB,0.652547481986069,21107304
LOXL2,LENUMLOSTAT,FALSE,inhibitor,ChEMBL,26.1018992794428,""
LOXL2,SIMTUZUMAB,FALSE,inhibitor,TTD; ChEMBL,52.2037985588855,""
TWIST1,FLUOROURACIL,TRUE,"",PharmGKB,0.900065492394578,27458056
ADH7,NITREFAZOLE,TRUE,inhibitor,ChEMBL,3.72884275420611,""
ADH7,DEHYDRATED ALCOHOL,TRUE,"",PharmGKB,0.660807576694754,19193628
CCR1,CCX-354,FALSE,"",TTD,5.80042206209839,""
CCR1,CCX354,FALSE,inhibitor,TdgClinicalTrial; ChEMBL,5.80042206209839,""
CCR1,TERPYRIDINE,FALSE,"",DTC,1.4501055155246,22957890
CCR1,AZD4818,FALSE,inhibitor,ChEMBL,5.80042206209839,""
CCR1,PENTOSTATIN,TRUE,inhibitor,GuideToPharmacology,1.93347402069946,""
CCR1,EHNA,FALSE,inhibitor,GuideToPharmacology,1.16008441241968,""
CCR1,CHEMBL:CHEMBL2205805,FALSE,"",DTC,11.6008441241968,22957890
CCR1,BMS-817399,FALSE,inhibitor,TTD; ChEMBL,11.6008441241968,""
CCR1,CCX354,FALSE,"",TTD,5.80042206209839,""
CRABP2,TOLFENAMIC ACID,FALSE,inhibitor,GuideToPharmacology,1.04407597117771,""
CRABP2,KV-37,FALSE,inhibitor,GuideToPharmacology,10.4407597117771,""
CRABP2,"COMPOUND 1 [LOLLI ET AL., 2019]",FALSE,inhibitor,GuideToPharmacology,10.4407597117771,""
CRABP2,RETINOIC ACID AGENT,FALSE,"",NCI,0.673597400759813,12153175
CRABP2,BESTATIN METHYL ESTER,FALSE,"",DTC,6.96050647451807,21515062
DGAT2,NIACIN,TRUE,"",TTD,3.72884275420611,""
CTSK,MIV-701,FALSE,"",TdgClinicalTrial,5.80042206209839,""
CTSK,RELACATIB,FALSE,"",TdgClinicalTrial,2.9002110310492,""
CTSK,ONO-5334,FALSE,inhibitor,ChEMBL,5.80042206209839,""
CTSK,ANTISENSE OLIGONUCLEOTIDES,FALSE,"",NCI,0.351540731036266,11746820
CTSK,CHEMBL:CHEMBL1085282,FALSE,"",TTD; TdgClinicalTrial,11.6008441241968,""
CTSK,HEPARAN SULFATE,FALSE,"",NCI,0.966737010349732,15797245
CTSK,BALICATIB,FALSE,inhibitor,TALC; ChEMBL,11.6008441241968,""
CTSK,ODANACATIB,FALSE,inhibitor,TTD; TdgClinicalTrial; TALC; ChEMBL,23.2016882483936,""
CTSK,CHEMBL:CHEMBL2316602,FALSE,"",DTC,11.6008441241968,23350811
S100A8,METHOTREXATE,TRUE,"",NCI,0.949159973797919,14722212
CCL18,OZENOXACIN,TRUE,inhibitor,ChEMBL,1.74012661862952,""
CCL18,GARENOXACIN MESYLATE,FALSE,inhibitor,ChEMBL,1.74012661862952,""
CCL18,ALATROFLOXACIN MESYLATE,TRUE,inhibitor,ChEMBL,1.74012661862952,""
CCL18,RIFAQUIZINONE,FALSE,inhibitor,ChEMBL,1.74012661862952,""
CCL18,TROVAFLOXACIN MESYLATE,TRUE,inhibitor,ChEMBL,0.580042206209839,""
CCL18,ACORAFLOXACIN,FALSE,inhibitor,ChEMBL,1.74012661862952,""
CCL18,NORFLOXACIN,TRUE,inhibitor,ChEMBL,0.435031654657379,""
CCL18,BESIFLOXACIN HYDROCHLORIDE,TRUE,inhibitor,ChEMBL,1.74012661862952,""
CCL18,MOXIFLOXACIN,TRUE,inhibitor,ChEMBL,0.435031654657379,""
CCL18,NEMONOXACIN,FALSE,inhibitor,ChEMBL,0.870063309314759,""
CCL18,SPARFLOXACIN,TRUE,inhibitor,ChEMBL,0.580042206209839,""
CCL18,NADIFLOXACIN,FALSE,inhibitor,ChEMBL,1.74012661862952,""
CCL18,IMMUNOTHERAPEUTIC AGENT,FALSE,"",NCI,0.348025323725904,12161279
CCL18,ZABOFLOXACIN,FALSE,inhibitor,ChEMBL,1.74012661862952,""
CCL18,PRULIFLOXACIN,FALSE,inhibitor,ChEMBL,0.870063309314759,""
CCL18,DELAFLOXACIN MEGLUMINE,TRUE,inhibitor,ChEMBL,1.74012661862952,""
CCL18,GEMIFLOXACIN MESYLATE,TRUE,inhibitor,ChEMBL,1.74012661862952,""
CCL18,CIPROFLOXACIN HYDROCHLORIDE,TRUE,inhibitor,ChEMBL,1.74012661862952,""
CCL18,RECOMBINANT MACROPHAGE INFLAMMATORY PROTEIN-1 ALPHA,FALSE,"",NCI,1.74012661862952,9233607
CCL18,GATIFLOXACIN ANHYDROUS,TRUE,inhibitor,ChEMBL,0.248589516947074,""
CCL18,GEPOTIDACIN,FALSE,inhibitor,ChEMBL,0.870063309314759,""
CCL18,SITAFLOXACIN,FALSE,inhibitor,ChEMBL,1.74012661862952,""
CCL18,PEFLOXACIN,TRUE,inhibitor,ChEMBL,0.435031654657379,""
CCL18,PRADOFLOXACIN,FALSE,inhibitor,ChEMBL,1.74012661862952,""
CCL18,LEVOFLOXACIN ANHYDROUS,TRUE,inhibitor,ChEMBL,0.29002110310492,""
CCL18,ZOLIFLODACIN,FALSE,inhibitor,ChEMBL,1.74012661862952,""
CCL18,FINAFLOXACIN,TRUE,inhibitor,ChEMBL,1.74012661862952,""
CCL18,GREPAFLOXACIN HYDROCHLORIDE,TRUE,inhibitor,ChEMBL,1.74012661862952,""
CCL18,CIPROFLOXACIN,TRUE,inhibitor,ChEMBL,0.15819332896632,""
CCL18,ENOXACIN,TRUE,inhibitor,ChEMBL,0.580042206209839,""
CD70,MDX-1411,FALSE,modulator,TTD; TdgClinicalTrial; ChEMBL,12.0470304366659,""
CD70,METOLAZONE,TRUE,inhibitor,GuideToPharmacology,1.00391920305549,""
CD70,CYCLOTHIAZIDE,TRUE,inhibitor,GuideToPharmacology,0.446186312469107,""
CD70,VORSETUZUMAB,FALSE,binder,ChEMBL,4.01567681222196,""
CD70,HYDROCHLOROTHIAZIDE,TRUE,inhibitor,GuideToPharmacology,0.0872973220048253,""
CD70,SGN-CD70A,FALSE,"",TTD,4.01567681222196,""
CD70,ANTI-CD70 ANTIBODY-DRUG CONJUGATE MDX-1203,FALSE,"",TTD; TdgClinicalTrial,8.03135362444393,""
CD70,CHLOROTHIAZIDE,TRUE,inhibitor,GuideToPharmacology,0.573668116031709,""
CD70,VORSETUZUMAB MAFODOTIN,FALSE,"",TdgClinicalTrial,4.01567681222196,""
CD70,VORSETZUMAB MAFODOTIN,FALSE,binder,ChEMBL,4.01567681222196,""
CD70,CUSATUZUMAB,FALSE,inhibitor,ChEMBL,4.01567681222196,""
CD70,VORSETUZUMAB,FALSE,"",TTD; TdgClinicalTrial,8.03135362444393,""
CD70,ANTI-CD27L ANTIBODY-DRUG CONJUGATE AMG 172,FALSE,"",TTD,4.01567681222196,""
UGT1A7,MYCOPHENOLATE,TRUE,"",PharmGKB,0.279164698175858,24220207
UGT1A7,RISPERIDONE,TRUE,"",PharmGKB,0.0916660202965505,28696411
UGT1A7,ATORVASTATIN CALCIUM TRIHYDRATE,TRUE,"",PharmGKB,0.111665879270343,32128760
UGT1A7,MYCOPHENOLATE MOFETIL,TRUE,"",PharmGKB,0.383851459991805,29517418
UGT1A7,KETAMINE HYDROCHLORIDE,TRUE,"",PharmGKB,0.361271962345229,30421550
UGT1A7,ATAZANAVIR,TRUE,"",PharmGKB,0.682402595540987,17058217
UGT1A7,FEBUXOSTAT,TRUE,"",PharmGKB,0.472432566143761,27798726
UGT1A7,OXCARBAZEPINE,TRUE,"",PharmGKB,0.341201297770494,27900402
UGT1A7,ONDANSETRON HYDROCHLORIDE,TRUE,"",PharmGKB,0.323243334729941,30421550
UGT1A7,ACETAMINOPHEN GLUCURONIDE,FALSE,"",PharmGKB,0.558329396351717,28932176
UGT1A7,PAREGORIC,TRUE,"",PharmGKB,0.133513551301498,30421550
UGT1A7,ALLOPURINOL,TRUE,"",PharmGKB,0.204720778662296,27798726
UGT1A7,AXITINIB,TRUE,"",PharmGKB,0.292458255231852,29682213
UGT1A7,ACETAMINOPHEN,TRUE,"",PharmGKB,0.11810814153594,30421550
UGT1A7,NICOTINE POLACRILEX,TRUE,"",NCI,0.133513551301498,12167564
UGT1A7,CURCUMIN,TRUE,"",NCI,0.0930548993919528,15845768
UGT1A7,RITONAVIR,TRUE,"",PharmGKB,0.227467531846996,17058217
CTNNA3,ANTIDEPRESSANT AGENT,FALSE,"",PharmGKB,2.00783840611098,27091189
PDGFA,SQUALAMINE,FALSE,"",TTD,6.52547481986069,""
PDGFA,SUNITINIB,TRUE,inhibitor,MyCancerGenomeClinicalTrial,0.543789568321724,""
P3H3,SERTRALINE HYDROCHLORIDE,TRUE,"",PharmGKB,5.22037985588855,30324302
DNASE1L3,GSK2879552,FALSE,"",TTD,8.70063309314759,""
DNASE1L3,BOMEDEMSTAT,FALSE,"",TTD,4.35031654657379,""
DNASE1L3,CC-90011,FALSE,"",TTD,8.70063309314759,""
KCNG3,TEDISAMIL,FALSE,blocker,ChEMBL,0.21751582732869,""
KCNG3,NERISPIRDINE,FALSE,blocker,ChEMBL,0.174012661862952,""
KCNG3,AMIFAMPRIDINE PHOSPHATE,TRUE,blocker,ChEMBL,0.212210563247502,""
KCNG3,GUANIDINE HYDROCHLORIDE,TRUE,blocker,ChEMBL,0.212210563247502,""
KCNG3,DALFAMPRIDINE,TRUE,blocker,ChEMBL,0.181263189440575,""
KCNG3,AMIFAMPRIDINE,TRUE,blocker,ChEMBL,0.207157930789228,""
FPR2,ALVELESTAT,FALSE,inhibitor,GuideToPharmacology,2.1751582732869,""
FPR2,CHEMBL:CHEMBL1290365,FALSE,"",DTC,4.35031654657379,20870313
FPR2,AG-26,FALSE,"",DTC,4.35031654657379,20870313
FPR2,FMET-LEU-PHE,FALSE,"",DTC,2.9002110310492,25587631
FPR2,ALPHA 1-ANTITRYPSIN,TRUE,inhibitor,GuideToPharmacology,1.4501055155246,""
FPR2,CHEMBL:CHEMBL1290139,FALSE,"",DTC,8.70063309314759,20870313
FPR2,COMPOUND 10L [PMID: 24556381],FALSE,inhibitor,GuideToPharmacology,4.35031654657379,""
FPR2,COMPOUND 10F [PMID: 24556381],FALSE,inhibitor,GuideToPharmacology,4.35031654657379,""
FPR2,COMPOUND 4G [PMID: 22595175],FALSE,inhibitor,GuideToPharmacology,1.4501055155246,""
FPR2,POSTSTATIN,FALSE,inhibitor,GuideToPharmacology,1.4501055155246,""
FPR2,BAY-678,FALSE,inhibitor,GuideToPharmacology,4.35031654657379,""
FPR2,SIVELESTAT,FALSE,inhibitor,GuideToPharmacology,1.4501055155246,""
CCL4,CYCLOSPORINE,TRUE,"",NCI,0.400029107730924,15153516
CCL4,CLODRONIC ACID,TRUE,"",NCI,3.1638665793264,12388372
CCL4,EPOETIN ALFA,TRUE,"",NCI,1.02360389331148,17119331
HOXD8,NX-1607,FALSE,inhibitor,GuideToPharmacology,52.2037985588855,""
ACADL,C5APEP,FALSE,agonist,GuideToPharmacology,5.80042206209839,""
ACADL,CHIPS-(28-149),FALSE,inhibitor,GuideToPharmacology,5.80042206209839,""
ACADL,P59 [PMID: 27108698],FALSE,agonist,GuideToPharmacology,5.80042206209839,""
ACADL,"EU-DTPA-[SER27, NLE70]HC5A",FALSE,agonist,GuideToPharmacology,2.9002110310492,""
ACADL,C5A DES-ARG,FALSE,agonist,GuideToPharmacology,2.9002110310492,""
ACADL,C5A,FALSE,agonist,GuideToPharmacology,2.9002110310492,""
ACADL,P32 [PMID: 27108698],FALSE,agonist,GuideToPharmacology,5.80042206209839,""
ACADL,[125I]C5A (HUMAN),FALSE,agonist,GuideToPharmacology,2.9002110310492,""
ACADL,C5A HEXAPEPTIDE ANALOGUE,FALSE,agonist,GuideToPharmacology,5.80042206209839,""
S100A9,TASQUINIMOD,FALSE,"",TTD,26.1018992794428,24162378
S100A9,PAQUINIMOD,FALSE,"",TTD,26.1018992794428,""
CXCL1,WWL70,FALSE,inhibitor,GuideToPharmacology,13.0509496397214,""
CXCL1,KT-109,FALSE,inhibitor,GuideToPharmacology,4.35031654657379,""
CXCL1,WWL123,FALSE,inhibitor,GuideToPharmacology,13.0509496397214,""
CXCL1,ABX-1431,FALSE,inhibitor,GuideToPharmacology,4.35031654657379,""
IL11,AZACITIDINE,TRUE,"",NCI,0.326273740993035,12543079
IL11,FLUOROURACIL,TRUE,"",NCI,0.168762279823983,1832057; 7691257
IL11,CITALOPRAM,TRUE,"",PharmGKB,0.559326413130916,23142150; 25916525
IL11,ANTISENSE OLIGONUCLEOTIDES,FALSE,"",NCI,0.395483322415799,8427997
IL11,RECOMBINANT FIBROBLAST GROWTH FACTOR 2,FALSE,"",NCI,1.1864499672474,12063288
IL11,DOXORUBICIN HYDROCHLORIDE,TRUE,"",NCI,0.0881820921602796,9363868
IL11,ALENDRONATE SODIUM,TRUE,"",NCI,1.08757913664345,12522661
IL11,ETIDRONIC ACID,TRUE,"",NCI,0.932210688551528,12522661
IL13RA2,MULTI-GLIOBLASTOMA-PEPTIDE-TARGETING AUTOLOGOUS DENDRITIC CELL VACCINE ICT-107,FALSE,"",TTD,13.0509496397214,""
IL13RA2,CENDAKIMAB,FALSE,"",TTD,13.0509496397214,""
IL13RA2,TRALOKINUMAB,TRUE,"",TTD,6.52547481986069,""
IL13RA2,CINTREDEKIN BESUDOTOX,FALSE,binder,TdgClinicalTrial; ChEMBL,8.70063309314759,""
GP6,ASPIRIN,TRUE,"",PharmGKB,0.5865595343695,16493486
GP6,GLENZOCIMAB,FALSE,inhibitor,ChEMBL,26.1018992794428,""
NRG2,CETUXIMAB,TRUE,"",PharmGKB,0.705456737282237,""
NRG2,PANITUMUMAB,TRUE,"",PharmGKB,1.30509496397214,""
COL9A2,CILOSTAMIDE,FALSE,inhibitor,GuideToPharmacology,1.30509496397214,""
COL9A2,ENOXIMONE,TRUE,inhibitor,GuideToPharmacology,0.870063309314759,""
COL9A2,CILOSTAZOL,TRUE,inhibitor,GuideToPharmacology,0.372884275420611,""
COL9A2,ANAGRELIDE HYDROCHLORIDE,TRUE,inhibitor,GuideToPharmacology,1.74012661862952,""
COL9A2,INAMRINONE,TRUE,inhibitor,GuideToPharmacology,0.27475683452045,""
COL9A2,CYCLIC GMP,FALSE,inhibitor,GuideToPharmacology,1.04407597117771,""
COL9A2,MILRINONE,TRUE,inhibitor,GuideToPharmacology,0.870063309314759,""
COL9A2,ENSIFENTRINE,FALSE,inhibitor,GuideToPharmacology,2.61018992794428,""
COL9A2,IBUDILAST,TRUE,inhibitor,GuideToPharmacology,0.326273740993035,""
COL9A2,PAPAVERINE,TRUE,inhibitor,GuideToPharmacology,0.29002110310492,""
ROS1,CERITINIB,TRUE,"",CGI; CIViC; CKB-CORE,0.447826703323773,30285222; 32918045; 29636358; 28520527
ROS1,CABOZANTINIB S-MALATE,TRUE,"",CGI; CIViC; CKB-CORE,0.1977416612079,39091594
ROS1,CRIZOTINIB,TRUE,inhibitor,CGI; TTD; MyCancerGenomeClinicalTrial; MyCancerGenome; CIViC; DoCM; PharmGKB; OncoKB; CancerCommons; TALC; FDA; CKB-CORE,1.39210129490361,25688157; 26372962; 30978502; 28532565; 36563965; 30285222; 25667280; 37587872; 32918045; 29636358; 30327151; 23724914; 25733882; 25264305; 29268402; 31584608; 25351743; 32669708; 30980071; 34459458
ROS1,TAMATINIB,FALSE,"",DTC,0.0134269029215241,""
ROS1,ERLOTINIB,TRUE,"",CKB-CORE,0.0194210560114902,""
ROS1,LORLATINIB,TRUE,"",CGI; TTD; CIViC; PharmGKB; FDA; CKB-CORE,1.00391920305549,31669155; 30285222; 37587872; 32918045; 33685866; 29074098
ROS1,OSIMERTINIB,TRUE,"",CKB-CORE,0.0776842240459606,""
ROS1,BRIGATINIB,TRUE,"",CIViC; CKB-CORE,0.395483322415799,27780853; 32462394
ROS1,FORETINIB,FALSE,"",CIViC,0.0572410071917605,""
ROS1,PEMETREXED DISODIUM,TRUE,"",CKB-CORE,0.0836599335879576,36952645
ROS1,NEFLAMAPIMOD,FALSE,"",DTC,0.181263189440575,""
ROS1,TALETRECTINIB,FALSE,inhibitor,ChEMBL; CKB-CORE,0.435031654657379,32591465; 38822758
ROS1,ALISERTIB,FALSE,"",DTC,0.0226578986800718,""
ROS1,ZIDESAMTINIB,FALSE,"",CKB-CORE,2.1751582732869,37587872
ROS1,JNJ-7706621,FALSE,"",DTC,0.01977416612079,""
ROS1,TALETRECTINIB,FALSE,"",TTD,0.543789568321724,""
ROS1,HESPERADIN,FALSE,inhibitor,DTC,0.0271894784160862,19035792
ROS1,CP-547632,FALSE,"",DTC,0.0247177076509875,""
ROS1,SNS-314,FALSE,"",DTC,0.0258947413486535,""
ROS1,PEMBROLIZUMAB,TRUE,"",CKB-CORE,0.0659138870692999,36952645
ROS1,ALK INHIBITOR TAE684,FALSE,"",CIViC,0.271894784160862,""
ROS1,PF-562271,FALSE,"",DTC,0.010070177191143,""
ROS1,AZD3463,FALSE,"",CIViC,0.21751582732869,""
ROS1,SB202190,FALSE,"",DTC,0.0302105315734291,""
ROS1,ILORASERTIB,FALSE,"",DTC,0.00937568221244352,""
ROS1,RG-1530,FALSE,"",DTC,0.0115699908153558,""
ROS1,PACLITAXEL,TRUE,"",CKB-CORE,0.01977416612079,36952645
ROS1,BATOPROTAFIB,FALSE,"",CKB-CORE,0.725052757762299,37587872
ROS1,ALK INHIBITOR ASP3026,FALSE,inhibitor,CancerCommons,0.36252637888115,""
ROS1,IRUPLINALKIB,FALSE,"",CKB-CORE,0.543789568321724,35087031
ROS1,AST-487,FALSE,"",DTC,0.0265263204059378,""
ROS1,TOZASERTIB,FALSE,"",DTC,0.0148983443375815,""
ROS1,SELUMETINIB,TRUE,"",CKB-CORE,0.0659138870692999,37587872
ROS1,CARBOPLATIN,TRUE,"",CKB-CORE,0.0252925380614755,36952645
ROS1,GEFITINIB,TRUE,"",CKB-CORE,0.0162325244275142,""
ROS1,REPOTRECTINIB,TRUE,inhibitor,TTD; CIViC; PharmGKB; ChEMBL; CKB-CORE,0.621473792367685,30285222; 38197815; 37587872
ROS1,TAFENOQUINE,TRUE,"",TTD,0.543789568321724,""
ROS1,CENISERTIB,FALSE,"",DTC,0.00921677234443601,""
ROS1,ENTRECTINIB,TRUE,inhibitor,TTD; PharmGKB; ChEMBL; FDA; CKB-CORE,0.190803357305868,35395680; 31838015; 38898120; 28183697; 30285222
ROS1,AFATINIB,TRUE,"",CKB-CORE,0.0604210631468583,""
ROS1,ALECTINIB,TRUE,"",CKB-CORE,0.108757913664345,""
ROS1,MLN-8054,FALSE,"",DTC,0.0375027288497741,""
ROS1,SODIUM PYRUVATE,TRUE,"",TTD,1.08757913664345,""
ROS1,PROCYSTEINE,FALSE,"",TTD,1.08757913664345,""
ROS1,UNECRITINIB,FALSE,"",CKB-CORE,1.08757913664345,37385995
ROS1,CYC-116,FALSE,"",DTC,0.0112121560478706,""
ROS1,ALK/C-MET INHIBITOR TQ-B3139,FALSE,"",CKB-CORE,0.725052757762299,35940055
ROS1,CEMIPLIMAB,TRUE,"",PharmGKB,0.155368448091921,""
ALCAM,HALOPERIDOL DECANOATE,TRUE,inhibitor,GuideToPharmacology,0.0171723021575281,""
ALCAM,LY3154885,FALSE,modulator,GuideToPharmacology,1.30509496397214,""
ALCAM,THIORIDAZINE,TRUE,inhibitor,GuideToPharmacology,0.0450032746197289,""
ALCAM,N-PROPYLNORAPOMORPHINE,FALSE,agonist,GuideToPharmacology,0.652547481986069,""
ALCAM,ECOPIPAM HYDROCHLORIDE,FALSE,inhibitor,GuideToPharmacology,0.652547481986069,""
ALCAM,(+)-ADTN,FALSE,agonist,GuideToPharmacology,0.652547481986069,""
ALCAM,FLUPHENAZINE HYDROCHLORIDE,TRUE,inhibitor,GuideToPharmacology,0.0593224983623699,""
ALCAM,SKF-38393,FALSE,agonist,GuideToPharmacology,0.14501055155246,""
ALCAM,A68930,FALSE,agonist,GuideToPharmacology,0.21751582732869,""
ALCAM,CHLORPROMAZINE,TRUE,inhibitor,GuideToPharmacology,0.0352728368641118,""
ALCAM,DOPAMINE,TRUE,agonist,GuideToPharmacology,0.0450032746197289,""
ALCAM,SKF-83566,FALSE,inhibitor,GuideToPharmacology,0.435031654657379,""
ALCAM,CLOZAPINE,TRUE,inhibitor,GuideToPharmacology,0.0134545872574447,""
ALCAM,A77636,FALSE,agonist,GuideToPharmacology,0.21751582732869,""
ALCAM,SKF-82958,FALSE,agonist,GuideToPharmacology,0.435031654657379,""
ALCAM,SPIPERONE,FALSE,inhibitor,GuideToPharmacology,0.0686892086301125,""
ALCAM,(+)-BUTACLAMOL,FALSE,inhibitor,GuideToPharmacology,0.186442137710306,""
ALCAM,SKF-83959,FALSE,agonist,GuideToPharmacology,0.435031654657379,""
ALCAM,TAVAPADON,FALSE,agonist,GuideToPharmacology,0.435031654657379,""
ALCAM,MEVIDALEN,FALSE,modulator,GuideToPharmacology,1.30509496397214,""
ALCAM,FLUOROURACIL,TRUE,"",CIViC,0.0112508186549322,""
ALCAM,ROTIGOTINE,TRUE,agonist,GuideToPharmacology,0.130509496397214,""
ALCAM,NORADRENALINE,FALSE,agonist,GuideToPharmacology,0.163136870496517,""
ALCAM,UCM-1306,FALSE,modulator,GuideToPharmacology,1.30509496397214,""
ALCAM,FENOLDOPAM,TRUE,agonist,GuideToPharmacology,0.0932210688551528,""
ALCAM,PRALUZATAMAB RAVTANSINE,FALSE,binder,ChEMBL,0.0815684352482587,""
ALCAM,FLUPENTHIXOL,FALSE,inhibitor,GuideToPharmacology,0.0870063309314759,""
ALCAM,[125I]SCH23982,FALSE,inhibitor,GuideToPharmacology,1.30509496397214,""
ALCAM,APOMORPHINE,TRUE,agonist,GuideToPharmacology,0.0483368505174866,""
ALCAM,PROCHLORPERAZINE,TRUE,inhibitor,GuideToPharmacology,0.0466105344275764,""
ALCAM,SKF-76783,FALSE,agonist,GuideToPharmacology,0.652547481986069,""
ALCAM,PERICIAZINE,FALSE,inhibitor,GuideToPharmacology,0.261018992794428,""
ALCAM,KETANSERIN,FALSE,inhibitor,GuideToPharmacology,0.0567432593031365,""
ALCAM,BROMOCRIPTINE,TRUE,agonist,GuideToPharmacology,0.0420998375474883,""
ALCAM,CABERGOLINE,TRUE,agonist,GuideToPharmacology,0.0815684352482587,""
ALCAM,LISURIDE,FALSE,agonist,GuideToPharmacology,0.0686892086301125,""
ALCAM,MESORIDAZINE,TRUE,inhibitor,GuideToPharmacology,0.130509496397214,""
ALCAM,PERGOLIDE,TRUE,agonist,GuideToPharmacology,0.0767702919983611,""
ALCAM,SCH-23390,FALSE,inhibitor,GuideToPharmacology,0.21751582732869,""
ALCAM,5-HYDROXYTRYPTAMINE,FALSE,agonist,GuideToPharmacology,0.0870063309314759,""
SPARC,NAB-PACLITAXEL,FALSE,"",ClearityFoundationBiomarkers,17.4012661862952,""
PRKAA2,CLOZAPINE,TRUE,"",PharmGKB,0.0978515436905071,22305490
PRKAA2,SAPONARIN,FALSE,"",DTC,1.35594281971131,26471090
PRKAA2,HESPERADIN,FALSE,inhibitor,DTC,0.11864499672474,19035792
PRKAA2,LIXUMISTAT ACETATE,FALSE,"",TTD,4.74579986898959,""
PRKAA2,OLANZAPINE,TRUE,"",PharmGKB,0.124889470236568,22305490
PRKAA2,VALPROIC ACID,TRUE,"",PharmGKB,0.166519293648758,25740917
PRKAA2,IMEGLIMIN,FALSE,"",TTD,4.74579986898959,""
PRKAA2,CHEMBL:CHEMBL2348411,FALSE,"",DTC,4.74579986898959,23490148
PRKAA2,METFORMIN HYDROCHLORIDE,TRUE,activator,DTC; ClearityFoundationClinicalTrial,0.254239278695871,23490148
PRKAA2,METFORMIN,TRUE,"",PharmGKB; DTC,0.463004865267277,22722338; 26471090
PRKAA2,ACADESINE,FALSE,activator,ChEMBL; TTD,1.35594281971131,""
DLX6,PF-07062119,FALSE,antibody,GuideToPharmacology,2.9002110310492,""
DLX6,DOLCANATIDE,FALSE,agonist,GuideToPharmacology,2.9002110310492,""
DLX6,UROGUANYLIN,FALSE,agonist,GuideToPharmacology,5.80042206209839,""
DLX6,[125I]STA,FALSE,agonist,GuideToPharmacology,5.80042206209839,""
DLX6,PLECANATIDE,TRUE,agonist,GuideToPharmacology,2.9002110310492,""
DLX6,E. COLI HEAT-STABLE ENTEROTOXIN (STA),FALSE,agonist,GuideToPharmacology,5.80042206209839,""
DLX6,INDUSATUMAB VEDOTIN,FALSE,antibody,GuideToPharmacology,5.80042206209839,""
DLX6,GUANYLIN,FALSE,agonist,GuideToPharmacology,5.80042206209839,""
DLX6,LINACLOTIDE,TRUE,agonist,GuideToPharmacology,2.9002110310492,""
C1S,CA2+,FALSE,inhibitor,GuideToPharmacology,0.130509496397214,""
C1S,CARBENOXOLONE,FALSE,inhibitor,GuideToPharmacology,0.21751582732869,""
C1S,HUMAN C1-ESTERASE INHIBITOR,TRUE,inhibitor,ChEMBL,1.30509496397214,""
C1S,SUTIMLIMAB,TRUE,inhibitor,ChEMBL; TTD,10.4407597117771,""
C1S,MANNOSE-BINDING LECTIN,FALSE,"",NCI,2.61018992794428,10878362
C1S,FLUFENAMIC ACID,FALSE,inhibitor,GuideToPharmacology,0.137378417260225,""
C1S,C1 ESTERASE INHIBITOR,TRUE,"",TTD,2.61018992794428,""
C1S,ANTITHROMBIN ALFA,TRUE,"",TdgClinicalTrial,0.580042206209839,""
C1S,ANX-005,FALSE,"",TTD,5.22037985588855,""
C1S,OCTANOL,FALSE,inhibitor,GuideToPharmacology,0.248589516947074,""
SLC2A3,GLUFOSFAMIDE,FALSE,"",TdgClinicalTrial,1.30509496397214,""
SLC2A3,[3H]2-DEOXYGLUCOSE,FALSE,"",GuideToPharmacology,2.61018992794428,""
SLC2A3,"INSULIN, REGULAR, HUMAN",TRUE,"",NCI,0.393990932519891,12814351
SLC2A3,RESVERATROL,TRUE,"",DTC,0.426153457623555,11277764
SLC2A3,RECOMBINANT CYTOKINE,FALSE,"",NCI,0.803135362444393,15727913
NR3C2,SPIRONOLACTONE,TRUE,inhibitor,ChEMBL; TdgClinicalTrial; TEND; GuideToPharmacology; TTD,0.429307553938203,""
NR3C2,EPLERENONE,TRUE,inhibitor,GuideToPharmacology; TTD; TdgClinicalTrial; ChEMBL; TEND,3.43446043150563,""
NR3C2,CORTICOSTERONE,FALSE,agonist,GuideToPharmacology,1.37378417260225,""
NR3C2,DROSPIRENONE,TRUE,inhibitor,TTD; TdgClinicalTrial; ChEMBL; GuideToPharmacology,1.37378417260225,""
NR3C2,BENZODROCORTISONE,FALSE,agonist,GuideToPharmacology,0.686892086301126,""
NR3C2,NIMODIPINE,TRUE,inhibitor,ChEMBL; GuideToPharmacology,0.144608860273921,""
NR3C2,FLUDROCORTISONE ACETATE,TRUE,agonist,ChEMBL,1.37378417260225,""
NR3C2,VAMOROLONE,TRUE,inhibitor,ChEMBL,0.457928057534084,""
NR3C2,BUDESONIDE,TRUE,agonist,GuideToPharmacology,0.105675705584789,""
NR3C2,DESOXYCORTICOSTERONE,FALSE,agonist,GuideToPharmacology,0.343446043150563,""
NR3C2,DESOXYCORTICOSTERONE ACETATE,TRUE,agonist,ChEMBL; TTD,1.37378417260225,""
NR3C2,LY-2623091,FALSE,"",TTD,1.37378417260225,""
NR3C2,ESAXERENONE,FALSE,inhibitor,GuideToPharmacology,1.37378417260225,""
NR3C2,APARARENONE,FALSE,inhibitor,ChEMBL; TTD; GuideToPharmacology,4.12135251780675,""
NR3C2,AZD-9977,FALSE,inhibitor,GuideToPharmacology,1.37378417260225,""
NR3C2,FLUDROCORTISONE,TRUE,agonist,TEND; GuideToPharmacology; TTD; TdgClinicalTrial,2.7475683452045,""
NR3C2,CANRENONE,TRUE,inhibitor,ChEMBL,0.457928057534084,""
NR3C2,HYDROCORTISONE BUTYRATE,TRUE,agonist,GuideToPharmacology,0.0327091469667203,""
NR3C2,CANRENOATE POTASSIUM,TRUE,inhibitor,ChEMBL,0.686892086301126,""
NR3C2,FELODIPINE,TRUE,inhibitor,ChEMBL,0.0808108336824854,""
NR3C2,AZD9567,FALSE,agonist,GuideToPharmacology,0.457928057534084,""
NR3C2,BALCINRENONE,FALSE,modulator,ChEMBL,1.37378417260225,""
NR3C2,DEXAMETHASONE,TRUE,agonist,GuideToPharmacology,0.0161621667364971,""
NR3C2,RU28318,FALSE,inhibitor,GuideToPharmacology,1.37378417260225,""
NR3C2,XL550,FALSE,inhibitor,ChEMBL; TTD,2.7475683452045,""
NR3C2,ONAPRISTONE,TRUE,inhibitor,GuideToPharmacology,0.343446043150563,""
NR3C2,FLUTICASONE,TRUE,agonist,GuideToPharmacology,0.0723044301369606,""
NR3C2,ZK112993,FALSE,inhibitor,GuideToPharmacology,0.457928057534084,""
NR3C2,PROGESTERONE,TRUE,inhibitor,TdgClinicalTrial; GuideToPharmacology,0.0465689550034661,""
NR3C2,ALDOSTERONE,FALSE,agonist,GuideToPharmacology,1.37378417260225,""
NR3C2,PF-03882845,FALSE,inhibitor,ChEMBL,1.37378417260225,""
NR3C2,DESOXYCORTICOSTERONE PIVALATE,TRUE,agonist,TEND; TdgClinicalTrial; ChEMBL; TTD,2.7475683452045,""
NR3C2,ALDOSTERONE,FALSE,"",TTD,0.228964028767042,""
NR3C2,FINERENONE,TRUE,inhibitor,TTD; ChEMBL; GuideToPharmacology,4.12135251780675,""
NR3C2,LY2623091,FALSE,inhibitor,ChEMBL,1.37378417260225,""
NR3C2,PREDNISOLONE,TRUE,agonist,GuideToPharmacology,0.0490637204500804,""
NR3C2,PF-03882845,FALSE,inhibitor,GuideToPharmacology,0.457928057534084,""
NR3C2,OCEDURENONE,FALSE,inhibitor,GuideToPharmacology; TTD,2.7475683452045,""
TNFRSF12A,ENAVATUZUMAB,FALSE,agonist,ChEMBL; TTD,104.407597117771,""
LVRN,TOSEDOSTAT,FALSE,inhibitor,ChEMBL,2.61018992794428,""
MMP7,RS 39066,FALSE,inhibitor,GuideToPharmacology,7.45768550841222,""
MMP7,SL422,FALSE,inhibitor,GuideToPharmacology,1.24294758473537,""
MMP7,DOXYCYCLINE ANHYDROUS,TRUE,inhibitor,ChEMBL; GuideToPharmacology,0.648494392035845,""
MMP7,MARIMASTAT,FALSE,inhibitor,TTD; GuideToPharmacology; ChEMBL,1.49153710168244,""
MMP7,ILOMASTAT,FALSE,inhibitor,GuideToPharmacology,0.298307420336489,""
MMP7,DOXYCYCLINE CALCIUM,TRUE,inhibitor,ChEMBL,1.86442137710305,""
MMP7,PRINOMASTAT,FALSE,"",TTD,1.06538364405889,""
PDE4C,ROFLUMILAST,TRUE,inhibitor,ChEMBL,0.300021830798193,""
PDE4C,AMLEXANOX,TRUE,inhibitor,ChEMBL,0.13847161421455,""
PDE4C,OXTRIPHYLLINE,TRUE,inhibitor,ChEMBL,0.180013098478916,""
PDE4C,DIPYRIDAMOLE,TRUE,inhibitor,ChEMBL,0.0321451961569492,""
PDE4C,ENSIFENTRINE,TRUE,inhibitor,ChEMBL,0.300021830798193,""
PDE4C,HT-0712,FALSE,inhibitor,ChEMBL,0.450032746197289,""
PDE4C,OGLEMILAST,FALSE,inhibitor,ChEMBL,0.450032746197289,""
PDE4C,ROLIPRAM,FALSE,inhibitor,ChEMBL,0.180013098478916,""
PDE4C,MK-0873,FALSE,inhibitor,ChEMBL,0.450032746197289,""
PDE4C,THEOPHYLLINE,TRUE,inhibitor,ChEMBL,0.0666715179551539,""
PDE4C,IBUDILAST,TRUE,inhibitor,TdgClinicalTrial; ChEMBL,0.225016373098644,""
PDE4C,THEOPHYLLINE SODIUM GLYCINATE,TRUE,inhibitor,ChEMBL,0.180013098478916,""
PDE4C,PENTOXIFYLLINE,TRUE,inhibitor,ChEMBL,0.0514323138511188,""
PDE4C,CRISABOROLE,TRUE,inhibitor,ChEMBL,0.257161569255594,""
PDE4C,DROTAVERIN,FALSE,inhibitor,ChEMBL,0.450032746197289,""
PDE4C,TRANIMILAST,FALSE,inhibitor,ChEMBL,0.450032746197289,""
PDE4C,DIFAMILAST,FALSE,inhibitor,ChEMBL,0.360026196957831,""
PDE4C,DOVRAMILAST,FALSE,inhibitor,ChEMBL,0.450032746197289,""
PDE4C,FLAVOXATE HYDROCHLORIDE,TRUE,inhibitor,ChEMBL,0.225016373098644,""
PDE4C,REVAMILAST,FALSE,inhibitor,ChEMBL,0.360026196957831,""
PDE4C,DYPHYLLINE,TRUE,inhibitor,TEND; TdgClinicalTrial; ChEMBL,0.771484707766781,""
PDE4C,LOTAMILAST,FALSE,inhibitor,ChEMBL,0.450032746197289,""
PDE4C,TOFIMILAST,FALSE,inhibitor,ChEMBL,0.450032746197289,""
PDE4C,TETOMILAST,FALSE,inhibitor,ChEMBL,0.450032746197289,""
PDE4C,CILOMILAST,FALSE,inhibitor,ChEMBL,0.450032746197289,""
PDE4C,APREMILAST,TRUE,inhibitor,ChEMBL,0.180013098478916,""
PDE4C,AMINOPHYLLINE,TRUE,inhibitor,ChEMBL,0.180013098478916,""
PDE4C,GSK-256066,FALSE,inhibitor,ChEMBL,0.450032746197289,""
PDE4C,ETAZOLATE,FALSE,"",TdgClinicalTrial,0.112508186549322,""
PLAUR,DIPHTHERIA TOXIN,FALSE,"",NCI,13.0509496397214,11959893
PLAUR,RECOMBINANT INTERFERON GAMMA,FALSE,"",NCI,13.0509496397214,8049441
PLAUR,LENOGRASTIM,TRUE,"",NCI,1.1864499672474,15747404
PLAUR,UROKINASE,TRUE,"",TdgClinicalTrial,0.815684352482587,""
PLAUR,PHORBOL 12-MYRISTATE 13-ACETATE,FALSE,"",NCI,0.870063309314759,9531044
PLAUR,RECOMBINANT HUMAN MONOCYTE CHEMOATTRACTANT PROTEIN-2,FALSE,"",NCI,13.0509496397214,12138365
PLAUR,RUXOLITINIB,TRUE,"",TTD,0.407842176241293,""
PLAUR,ADENOVIRUS VECTOR,FALSE,"",NCI,0.932210688551528,12955075
CYP3A4,ECONAZOLE NITRATE,TRUE,"",DTC,0.00417096504944755,""
CYP3A4,CHEMBL:CHEMBL429095,FALSE,"",DTC,0.00116787021384531,""
CYP3A4,XANTHOXYLIN,FALSE,"",DTC,0.0583935106922657,""
CYP3A4,GRISEOFULVIN,TRUE,"",DTC,0.0145983776730664,""
CYP3A4,EUGENYL BENZOAT,FALSE,"",DTC,0.0583935106922657,""
CYP3A4,CHEMBL:CHEMBL242385,FALSE,"",DTC,0.0194645035640886,""
CYP3A4,RUXOLITINIB,TRUE,"",PharmGKB,0.00364959441826661,""
CYP3A4,BREXPIPRAZOLE,TRUE,"",PharmGKB,0.0166838601977902,31560202
CYP3A4,"2,4,6-TRIHYDROXYACETOPHENONE",FALSE,"",DTC,0.0583935106922657,""
CYP3A4,"3,6-DIMETHOXYFLAVONE",FALSE,"",DTC,0.0145983776730664,""
CYP3A4,PROPRANOLOL HYDROCHLORIDE,TRUE,"",DTC; NCI,0.00973225178204428,22931300; 14744938
CYP3A4,AJMALICINE,TRUE,"",DTC,0.00449180851478967,""
CYP3A4,"3,7-DIMETHOXYFLAVONE",FALSE,"",DTC,0.0291967553461328,""
CYP3A4,BENZYL ISOTHIOCYANATE,FALSE,"",DTC,0.00973225178204428,""
CYP3A4,ONONETIN,FALSE,"",DTC,0.0194645035640886,""
CYP3A4,LAMOTRIGINE,TRUE,"",DTC,0.00530850097202415,22931300
CYP3A4,(+)-EPITAXIFOLIN,FALSE,"",DTC,0.0145983776730664,""
CYP3A4,SULFAMETHOXAZOLE,TRUE,"",PharmGKB; DTC,0.0166838601977902,9187528; 22931300
CYP3A4,PHENYL AMINOSALICYLATE,TRUE,"",DTC,0.0583935106922657,""
CYP3A4,CHEMBL:CHEMBL530733,FALSE,"",DTC,0.0083419300988951,""
CYP3A4,ZM336372,FALSE,"",DTC,0.0083419300988951,""
CYP3A4,ROPIVACAINE,TRUE,"",PharmGKB,0.0233574042769063,9187528
CYP3A4,MALATHION,TRUE,"",DTC,0.00973225178204428,""
CYP3A4,CHEMBL:CHEMBL16751,FALSE,"",DTC,0.0145983776730664,""
CYP3A4,DESMETHOXYYANGONIN,FALSE,"",DTC,0.0145983776730664,""
CYP3A4,THIOPENTAL SODIUM,TRUE,"",DTC,0.00343491239366269,""
CYP3A4,PICOTAMIDE,TRUE,"",DTC,0.0145983776730664,""
CYP3A4,SB-408124,FALSE,"",DTC,0.00729918883653321,""
CYP3A4,OMEPRAZOLE,TRUE,"",PharmGKB; DTC,0.00631281196673143,9187528; 22931300
CYP3A4,KARANJIN,FALSE,"",DTC,0.00973225178204428,""
CYP3A4,BITHIONOL,TRUE,"",DTC,0.00243306294551107,""
CYP3A4,CHEMBL:CHEMBL124267,FALSE,"",DTC,0.0291967553461328,""
CYP3A4,WHILE OLIVETOL,FALSE,"",DTC,0.0194645035640886,""
CYP3A4,LETROZOLE,TRUE,"",DTC,0.00324408392734809,""
CYP3A4,GUAIFENESIN,TRUE,"",DTC,0.0291967553461328,22931300
CYP3A4,FLOPROPIONE,FALSE,"",DTC,0.0583935106922657,""
CYP3A4,CHEMBL:CHEMBL362863,FALSE,"",DTC,0.0116787021384531,""
CYP3A4,NATEGLINIDE,TRUE,"",PharmGKB; DTC,0.0194645035640886,22931300
CYP3A4,BETA-TOXICAROL,FALSE,"",DTC,0.0291967553461328,""
CYP3A4,ALLOPURINOL,TRUE,"",DTC,0.00389290071281771,22931300
CYP3A4,SAQUINAVIR,TRUE,"",PharmGKB,0.0129763357093924,9187528
CYP3A4,PMX53,FALSE,"",TTD,0.0083419300988951,""
CYP3A4,TENOFOVIR ALAFENAMIDE,TRUE,"",PharmGKB,0.0583935106922657,30815689
CYP3A4,HARMAN,FALSE,"",DTC,0.00973225178204428,""
CYP3A4,"4,2',4',6'-TETRAHYDROXYCHALCONE",FALSE,"",DTC,0.0583935106922657,""
CYP3A4,"L-741,626",FALSE,"",DTC,0.00530850097202415,""
CYP3A4,GLIQUIDONE,FALSE,"",DTC,0.0083419300988951,""
CYP3A4,CHEMBL:CHEMBL242172,FALSE,"",DTC,0.0145983776730664,""
CYP3A4,TROPISETRON,TRUE,"",PharmGKB; NCI,0.0155716028512709,9187528; 8013282
CYP3A4,Y-27632,FALSE,"",DTC,0.0194645035640886,""
CYP3A4,PHENELZINE,TRUE,"",DTC,0.0083419300988951,22931300
CYP3A4,RILMENIDINE HEMIFUMARATE,FALSE,"",DTC,0.0583935106922657,""
CYP3A4,KAEMPHEROL,FALSE,"",DTC,0.00324408392734809,""
CYP3A4,ATHRAQUINONES A,FALSE,"",DTC,0.00583935106922657,""
CYP3A4,SULPIRIDE,TRUE,"",DTC,0.0083419300988951,22931300
CYP3A4,CHEMBL:CHEMBL2094549,FALSE,"",DTC,0.0145983776730664,""
CYP3A4,(S)-ROSCOVITINE,FALSE,"",DTC,0.0116787021384531,""
CYP3A4,MAPROTILINE,TRUE,"",DTC,0.00449180851478967,""
CYP3A4,GSK369796,FALSE,"",DTC,0.116787021384531,19222165
CYP3A4,FLUVASTATIN,TRUE,"",PharmGKB,0.0116787021384531,16103896
CYP3A4,CHELIDONINE (+),FALSE,"",DTC,0.0583935106922657,""
CYP3A4,CLENBUTEROL HYDROCHLORIDE,FALSE,"",DTC,0.0194645035640886,""
CYP3A4,"ORSELLINIC ACID, ETHYL ESTER",FALSE,"",DTC,0.0583935106922657,""
CYP3A4,QUINIDINE,TRUE,"",DTC; PharmGKB,0.0175180532076797,19117415; 22931300; 9187528; 11353757
CYP3A4,LOVASTATIN,TRUE,"",PharmGKB; NCI; DTC,0.0104808865345092,20386561; 18302447; 17655375; 22931300
CYP3A4,HEXESTROL,FALSE,"",DTC,0.00973225178204428,""
CYP3A4,AMIDATE,FALSE,"",DTC,0.0291967553461328,""
CYP3A4,TYRPHOSTIN 47,FALSE,"",DTC,0.00364959441826661,""
CYP3A4,FELBAMATE,TRUE,"",PharmGKB; DTC,0.0194645035640886,9187528; 22931300
CYP3A4,VANDETANIB,TRUE,"",PharmGKB,0.00201356933421606,34648813
CYP3A4,"4,4'-THIODIANILINE",FALSE,"",DTC,0.0291967553461328,""
CYP3A4,TPCK,FALSE,"",DTC,0.00324408392734809,""
CYP3A4,CHEMBL:CHEMBL453384,FALSE,"",DTC,0.116787021384531,19284751
CYP3A4,UMIFENOVIR,FALSE,"",PharmGKB,0.0291967553461328,""
CYP3A4,METHYLHOMATROPINE,TRUE,"",DTC,0.0129763357093924,22931300
CYP3A4,ZOLPIDEM TARTRATE,TRUE,"",PharmGKB,0.00898361702957934,9187528
CYP3A4,RIFAMPIN,TRUE,"",DTC; PharmGKB,0.0104274126236189,22931300; 26291341; 24839948
CYP3A4,CERITINIB,TRUE,"",DTC,0.00686982478732538,23837797
CYP3A4,DIPHENHYDRAMINE,TRUE,"",DTC,0.0145983776730664,22931300
CYP3A4,MICAFUNGIN,TRUE,"",NCI,0.116787021384531,16205037
CYP3A4,OXYPHENCYCLIMINE HYDROCHLORIDE,TRUE,"",DTC,0.0194645035640886,""
CYP3A4,ATRANORIN,FALSE,"",DTC,0.0583935106922657,""
CYP3A4,CHEMBL:CHEMBL1256916,FALSE,"",DTC,0.0291967553461328,""
CYP3A4,U50488,FALSE,"",DTC,0.0116787021384531,""
CYP3A4,OKADAIC ACID,FALSE,"",DTC,0.0389290071281771,22608922
CYP3A4,(S)-NITRENDIPINE,FALSE,"",DTC,0.0194645035640886,""
CYP3A4,CODEINE ANHYDROUS,TRUE,"",PharmGKB,0.00973225178204428,9187528
CYP3A4,ATAZANAVIR,TRUE,"",PharmGKB,0.0129763357093924,22394315
CYP3A4,CLOBENPROPIT,FALSE,"",DTC,0.00648816785469619,""
CYP3A4,CLONAZEPAM,TRUE,"",PharmGKB,0.00467148085538126,9187528
CYP3A4,CHEMBL:CHEMBL29197,FALSE,"",DTC,0.00729918883653321,""
CYP3A4,MEPHENYTOIN,TRUE,"",PharmGKB,0.00973225178204428,9187528
CYP3A4,DARUNAVIR,TRUE,"",PharmGKB,0.0194645035640886,""
CYP3A4,AMOXICILLIN ANHYDROUS,TRUE,"",DTC; NCI,0.0122933706720559,22931300; 12152002
CYP3A4,MICONAZOLE NITRATE,TRUE,"",PharmGKB; DTC,0.0109487832547998,9187528
CYP3A4,CHEMBL:CHEMBL585045,FALSE,"",DTC,0.0145983776730664,""
CYP3A4,&ALPHA;-ERGOCRYPTINE,FALSE,"",DTC,0.00583935106922657,""
CYP3A4,CHLORDANE,FALSE,"",DTC,0.00973225178204428,""
CYP3A4,RO 04-6790,FALSE,"",DTC,0.0194645035640886,""
CYP3A4,TRICHOSTATIN A,FALSE,"",NCI,0.00583935106922657,12695546
CYP3A4,ITRACONAZOLE,TRUE,"",PharmGKB,0.0129763357093924,9187528
CYP3A4,CANAVANINE,FALSE,"",DTC,0.0291967553461328,""
CYP3A4,ACALABRUTINIB,TRUE,"",PharmGKB,0.00686982478732538,34153224
CYP3A4,BENZPHETAMINE,TRUE,"",PharmGKB,0.0389290071281771,9187528
CYP3A4,GRAVEOLINE,FALSE,"",DTC,0.0145983776730664,""
CYP3A4,ARCTIGENIN,FALSE,"",DTC,0.0291967553461328,""
CYP3A4,BIOCHANIN A,FALSE,"",DTC,0.00486612589102214,""
CYP3A4,NIACIN,TRUE,"",DTC,0.0083419300988951,22931300
CYP3A4,TICLOPIDINE,TRUE,"",DTC,0.00898361702957934,22931300
CYP3A4,LENVATINIB,TRUE,"",PharmGKB,0.00614668533602797,36982571
CYP3A4,"5,7-DIHYDROXY-4-METHYLCOUMARIN",FALSE,"",DTC,0.0145983776730664,""
CYP3A4,IBUDILAST,TRUE,"",DTC,0.00364959441826661,""
CYP3A4,BROMPERIDOL,TRUE,"",DTC,0.0145983776730664,""
CYP3A4,APIOL,FALSE,"",DTC,0.0291967553461328,""
CYP3A4,ACETOCHLOR,FALSE,"",DTC,0.0116787021384531,""
CYP3A4,CISAPRIDE,TRUE,"",PharmGKB,0.0166838601977902,9187528
CYP3A4,TESTOSTERONE,TRUE,"",PharmGKB; DTC,0.00898361702957934,9187528; 29263648; 23665933; 22931300
CYP3A4,PROGUANIL,TRUE,"",PharmGKB,0.0389290071281771,9187528
CYP3A4,CYTARABINE,TRUE,"",DTC,0.00145983776730664,22931300
CYP3A4,(S)-ALAPROCLATE,FALSE,"",DTC,0.0145983776730664,""
CYP3A4,CIS-RESVERATROL,FALSE,"",DTC,0.0083419300988951,""
CYP3A4,TICRYNAFEN,TRUE,"",DTC,0.0389290071281771,22931300
CYP3A4,CISATRACURIUM BESYLATE,TRUE,"",DTC,0.00729918883653321,""
CYP3A4,NAVTEMADLIN,FALSE,"",DTC,0.0194645035640886,24456472
CYP3A4,SOBUZOXANE,FALSE,"",DTC,0.0194645035640886,""
CYP3A4,CURCUMIN,TRUE,"",TTD,0.000884750162004026,""
CYP3A4,COBICISTAT,TRUE,inhibitor,ChEMBL,0.0116787021384531,""
CYP3A4,(S)-PINACIDIL,FALSE,"",DTC,0.0291967553461328,""
CYP3A4,CHEMBL:CHEMBL462731,FALSE,"",DTC,0.0583935106922657,""
CYP3A4,CHEMBL:CHEMBL140220,FALSE,"",DTC,0.0194645035640886,""
CYP3A4,DIHYDROCAPSAICIN,FALSE,"",DTC,0.0145983776730664,""
CYP3A4,VILAZODONE HYDROCHLORIDE,TRUE,"",PharmGKB,0.0116787021384531,21951984
CYP3A4,OXYMORPHONE,TRUE,"",PharmGKB,0.00530850097202415,""
CYP3A4,5-AMINOISOQUINOLINE,FALSE,"",DTC,0.0291967553461328,""
CYP3A4,PROPAFENONE HYDROCHLORIDE,TRUE,"",DTC,0.00417096504944755,""
CYP3A4,OXOGLAUCINE,FALSE,"",DTC,0.0083419300988951,""
CYP3A4,"L-694,247",FALSE,"",DTC,0.0083419300988951,""
CYP3A4,4'-HYDROXY-FLAVANONE,FALSE,"",DTC,0.0583935106922657,""
CYP3A4,RILUZOLE,TRUE,"",DTC,0.00253884829096807,""
CYP3A4,METYRAPONE,TRUE,"",DTC,0.0116787021384531,""
CYP3A4,ROBUSTIC ACID,FALSE,"",DTC,0.0194645035640886,""
CYP3A4,CHLORPROMAZINE,TRUE,"",DTC,0.00315640598336571,22931300
CYP3A4,EDARAVONE,TRUE,"",DTC,0.0116787021384531,""
CYP3A4,3-ISOBUTYL-1-METHYL-7H-XANTHINE,FALSE,"",DTC,0.0194645035640886,""
CYP3A4,(S)-FLUOXETINE,FALSE,"",DTC,0.00648816785469619,""
CYP3A4,GLYCINE,TRUE,"",DTC,0.00973225178204428,22931300
CYP3A4,CINALUKAST,FALSE,"",DTC,0.0194645035640886,""
CYP3A4,KENPAULLONE,FALSE,"",DTC,0.00121653147275554,""
CYP3A4,ZERANOL,FALSE,"",DTC,0.0083419300988951,""
CYP3A4,FENTHION,FALSE,"",DTC,0.0583935106922657,""
CYP3A4,PERHEXILINE,FALSE,"",DTC,0.0166838601977902,22931300
CYP3A4,CLOPIDOGREL,TRUE,"",DTC,0.00166838601977902,""
CYP3A4,FIPEXIDE HYDROCHLORIDE,FALSE,"",DTC,0.0194645035640886,""
CYP3A4,DERRUSNIN,FALSE,"",DTC,0.0583935106922657,""
CYP3A4,ACETAMINOPHEN,TRUE,"",DTC,0.00224590425739483,22931300
CYP3A4,LEUPROLIDE ACETATE,TRUE,"",DTC,0.0116787021384531,22931300
CYP3A4,AMITRIPTYLINOXIDE,FALSE,"",DTC,0.0291967553461328,""
CYP3A4,ZIDOVUDINE,TRUE,"",DTC,0.00432544523646413,22931300
CYP3A4,MELPHALAN,TRUE,"",DTC,0.00291967553461328,""
CYP3A4,"IBUPROFEN, SODIUM SALT",TRUE,"",PharmGKB; DTC,0.00748634752464945,37574146; 25502615; 22931300
CYP3A4,FLUOXETINE HYDROCHLORIDE,TRUE,"",DTC,0.00417096504944755,21393461
CYP3A4,AMITRIPTYLINE HYDROCHLORIDE,TRUE,"",DTC,0.00259526714187848,22931300
CYP3A4,HALOPERIDOL DECANOATE,TRUE,"",DTC,0.000768335667003496,""
CYP3A4,ARGIPRESSIN,TRUE,"",NCI,0.00449180851478967,18431272
CYP3A4,PREDNISONE,TRUE,"",DTC,0.00259526714187848,22931300
CYP3A4,TACRINE,TRUE,"",DTC,0.0166838601977902,22931300
CYP3A4,CHEMBL:CHEMBL1332182,FALSE,"",DTC,0.0194645035640886,""
CYP3A4,TOXAPHENE,FALSE,"",DTC,0.0583935106922657,""
CYP3A4,CHEMBL:CHEMBL221300,FALSE,"",DTC,0.0194645035640886,""
CYP3A4,NALBUPHINE HYDROCHLORIDE,TRUE,"",DTC,0.0129763357093924,22931300
CYP3A4,AG 9,FALSE,"",DTC,0.0083419300988951,""
CYP3A4,GF109203X,FALSE,"",DTC,0.00729918883653321,""
CYP3A4,PILOCARPINE NITRATE,FALSE,"",DTC,0.0583935106922657,""
CYP3A4,FLUCONAZOLE,TRUE,"",DTC,0.0116787021384531,22931300
CYP3A4,ALDRIN,FALSE,"",DTC,0.0145983776730664,""
CYP3A4,FESOTERODINE,TRUE,"",PharmGKB,0.0233574042769063,32331352
CYP3A4,DEXTROMETHORPHAN POLISTIREX,TRUE,"",PharmGKB; NCI,0.018247972091333,9187528; 23665933; 12151071
CYP3A4,DANTROLENE,TRUE,"",DTC,0.0129763357093924,22931300
CYP3A4,CHEMBL:CHEMBL1269022,FALSE,"",DTC,0.0116787021384531,""
CYP3A4,ETHAVERINE HYDROCHLORIDE,FALSE,"",DTC,0.0583935106922657,""
CYP3A4,DICLOFENAC SODIUM,TRUE,"",DTC,0.00343491239366269,22931300
CYP3A4,LY-255283,FALSE,"",DTC,0.0145983776730664,""
CYP3A4,FENOFIBRATE MICRONIZED,TRUE,"",DTC,0.00449180851478967,22931300
CYP3A4,ERIBULIN MESYLATE,TRUE,"",NCI,0.00486612589102214,18431572
CYP3A4,AM404,FALSE,"",DTC,0.0083419300988951,""
CYP3A4,CHEMBL:CHEMBL184074,FALSE,"",DTC,0.0145983776730664,""
CYP3A4,PROGESTERONE,TRUE,"",DTC,0.00197944104041579,22931300
CYP3A4,CHEMBL:CHEMBL538965,FALSE,"",DTC,0.0145983776730664,""
CYP3A4,(S)-FELODIPINE,FALSE,"",DTC,0.0145983776730664,""
CYP3A4,SILDENAFIL,TRUE,"",DTC; PharmGKB,0.0212340038880966,33262574; 28440343
CYP3A4,SANGUINARINE SULFATE,FALSE,"",DTC,0.00449180851478967,""
CYP3A4,CLOZAPINE,TRUE,"",NCI; DTC; PharmGKB,0.00361196973354221,17504220; 22931300; 23297297
CYP3A4,HYDROXYUREA,TRUE,"",NCI,0.00556128673259673,17180388
CYP3A4,"(3Z)-N,N-DIMETHYL-2-OXO-3-(4,5,6,7-TETRAHYDRO-1H-INDOL-2-YLMETHYLIDENE)-2,3-DIHYDRO-1H-INDOLE-5-SULFONAMIDE",FALSE,"",DTC,0.00243306294551107,""
CYP3A4,CHEMBL:CHEMBL484663,FALSE,"",DTC,0.00729918883653321,""
CYP3A4,2-MERCAPTOBENZIMIDAZOLE,FALSE,"",DTC,0.0194645035640886,""
CYP3A4,DERRUSTONE,FALSE,"",DTC,0.0583935106922657,""
CYP3A4,IPRATROPIUM CATION,TRUE,"",DTC,0.00973225178204428,22931300
CYP3A4,PENTAMETHYLQUERCETIN,FALSE,"",DTC,0.0583935106922657,""
CYP3A4,2-METHYL GRAMINE,FALSE,"",DTC,0.0583935106922657,""
CYP3A4,DEQUALINIUM CHLORIDE,FALSE,"",DTC,0.0116787021384531,""
CYP3A4,ZOLANTIDINE,FALSE,"",DTC,0.0194645035640886,""
CYP3A4,AZATHIOPRINE,TRUE,"",DTC,0.00307334266801398,22931300
CYP3A4,QUETIAPINE FUMARATE,TRUE,"",DTC,0.00162204196367405,""
CYP3A4,ALAPROCLATE,FALSE,"",DTC,0.0583935106922657,""
CYP3A4,CAPTAN,FALSE,"",DTC,0.00449180851478967,""
CYP3A4,HEXACHLOROPHENE,TRUE,"",DTC,0.00142423196810404,""
CYP3A4,CHEMBL:CHEMBL228132,FALSE,"",DTC,0.0291967553461328,""
CYP3A4,PRAZOSIN HYDROCHLORIDE,TRUE,"",DTC,0.00583935106922657,""
CYP3A4,BUTYLATED HYDROXYTOLUENE,TRUE,"",DTC,0.0129763357093924,22931300
CYP3A4,RELCOVAPTAN,FALSE,"",DTC,0.00648816785469619,""
CYP3A4,GLABRANIN,FALSE,"",DTC,0.0194645035640886,""
CYP3A4,PODOFILOX,TRUE,"",DTC,0.00243306294551107,""
CYP3A4,SP-600125,FALSE,"",DTC,0.000656106861710851,""
CYP3A4,OXICONAZOLE,TRUE,"",DTC,0.0291967553461328,""
CYP3A4,METHOXSALEN,TRUE,"",NCI; DTC,0.0194645035640886,17003103
CYP3A4,ROTENONE,FALSE,"",DTC,0.00417096504944755,""
CYP3A4,RALOXIFENE HYDROCHLORIDE,TRUE,"",DTC,0.00467148085538126,21393461; 21447734; 22931300
CYP3A4,CEFOPERAZONE,FALSE,"",DTC,0.0145983776730664,22931300
CYP3A4,N-DESMETHYLCLOZAPINE,FALSE,"",DTC; PharmGKB,0.0175180532076797,33277605
CYP3A4,CHLORPYRIFOS,FALSE,"",DTC,0.0116787021384531,""
CYP3A4,ERLOTINIB,TRUE,"",PharmGKB,0.00208548252472378,18309947
CYP3A4,RIVAROXABAN,TRUE,"",PharmGKB,0.0129763357093924,19196846
CYP3A4,VINBLASTINE,TRUE,"",PharmGKB,0.00343491239366269,9187528
CYP3A4,CAULIBUGULONE B,FALSE,"",DTC,0.0194645035640886,""
CYP3A4,BENFLUOREX HYDROCHLORIDE,FALSE,"",DTC,0.0194645035640886,""
CYP3A4,PAPAVERINE,TRUE,"",DTC,0.00324408392734809,""
CYP3A4,FINASTERIDE,TRUE,"",DTC,0.0083419300988951,22931300
CYP3A4,VERAPAMIL,TRUE,"",DTC,0.00259526714187848,21393461
CYP3A4,KETOCONAZOLE,TRUE,"",PharmGKB; DTC,0.0185797534020845,9187528; 26052884; 22931300; 24996140; 26360048
CYP3A4,BRADANICLINE,FALSE,"",DTC,0.0233574042769063,23126648
CYP3A4,CHEMBL:CHEMBL1256291,FALSE,"",DTC,0.00530850097202415,""
CYP3A4,CHLORAMPHENICOL,TRUE,"",NCI,0.0145983776730664,14576103
CYP3A4,LY320135,FALSE,"",DTC,0.0291967553461328,""
CYP3A4,SIBUTRAMINE HYDROCHLORIDE,TRUE,"",DTC,0.00973225178204428,""
CYP3A4,ACACETIN,FALSE,"",DTC,0.00389290071281771,""
CYP3A4,DIPHENYLENEIODONIUM,FALSE,"",DTC,0.00729918883653321,""
CYP3A4,N-AMINOHEXYL-5-CHLORO-1-NAPTHALENESULFONAMIDE HYDROCHLORIDE,FALSE,"",DTC,0.0194645035640886,""
CYP3A4,VISNAGIN,FALSE,"",DTC,0.0194645035640886,""
CYP3A4,ORSELLINIC ACID,FALSE,"",DTC,0.0583935106922657,""
CYP3A4,EFAVIRENZ,TRUE,"",NCI,0.00583935106922657,16176117
CYP3A4,CLOPERASTINE HYDROCLORIDE,FALSE,"",DTC,0.0583935106922657,""
CYP3A4,MEFENAMIC ACID,TRUE,"",DTC,0.0083419300988951,22931300
CYP3A4,"12-HYDROXY-4,4-BISNOR-4,8,11,13-PODOCARPATETRAEN-3-ONE",FALSE,"",DTC,0.0583935106922657,""
CYP3A4,ZEARALENONE,FALSE,"",DTC,0.00449180851478967,""
CYP3A4,JNJ16259685,FALSE,"",DTC,0.0145983776730664,""
CYP3A4,BERBERINE CHLORIDE,FALSE,"",DTC,0.00729918883653321,""
CYP3A4,TRIFLUOPERAZINE,TRUE,"",DTC,0.00194645035640886,""
CYP3A4,HARMINE,FALSE,"",DTC,0.00389290071281771,""
CYP3A4,GALANGIN,FALSE,"",DTC,0.00729918883653321,""
CYP3A4,GUANFACINE HYDROCHLORIDE,TRUE,"",DTC,0.00530850097202415,""
CYP3A4,CHEMBL:CHEMBL227298,FALSE,"",DTC,0.0291967553461328,""
CYP3A4,(R)-FELODIPINE,FALSE,"",DTC,0.0194645035640886,""
CYP3A4,MUNDULONE ACETATE,FALSE,"",DTC,0.0194645035640886,""
CYP3A4,ELIPRODIL,FALSE,"",DTC,0.0145983776730664,""
CYP3A4,ARTEMOTIL,TRUE,"",PharmGKB,0.0145983776730664,""
CYP3A4,PD-169316,FALSE,"",DTC,0.00486612589102214,""
CYP3A4,DEXAMETHASONE,TRUE,"",DTC,0.00137396495746508,22931300
CYP3A4,CHEMBL:CHEMBL336095,FALSE,"",DTC,0.00729918883653321,""
CYP3A4,LAPATINIB,TRUE,"",DTC,0.00376732327046875,22511346
CYP3A4,ISOPIMPINELLIN,FALSE,"",DTC,0.0583935106922657,""
CYP3A4,CEFTRIAXONE,TRUE,"",DTC,0.0106170019440483,22931300
CYP3A4,MEBEVERINE HYDROCHLORIDE,FALSE,"",DTC,0.0291967553461328,""
CYP3A4,GR 89696,FALSE,"",DTC,0.00973225178204428,""
CYP3A4,CAPSAZEPINE,FALSE,"",DTC,0.00265425048601208,""
CYP3A4,PHENOBARBITAL,TRUE,"",DTC,0.00307334266801398,22931300
CYP3A4,LUMEFANTRINE,TRUE,"",PharmGKB,0.0291967553461328,28673292
CYP3A4,FLUPENTHIXOL,FALSE,"",DTC,0.00389290071281771,""
CYP3A4,PF-03715455,FALSE,"",DTC,0.0194645035640886,21888439
CYP3A4,TRIM,FALSE,"",DTC,0.0194645035640886,""
CYP3A4,DAPSONE,TRUE,"",DTC; PharmGKB,0.0212340038880966,22931300; 9187528
CYP3A4,THEOPHYLLINE,TRUE,"",PharmGKB,0.00432544523646413,9187528
CYP3A4,FENTANYL CITRATE,TRUE,"",NCI,0.00389290071281771,17987285
CYP3A4,METRONIDAZOLE,TRUE,"",NCI,0.0291967553461328,17374625
CYP3A4,CHEMBL:CHEMBL68534,FALSE,"",DTC,0.00307334266801398,""
CYP3A4,ISOBERGAPTENE,FALSE,"",DTC,0.0583935106922657,""
CYP3A4,PAPAVERINE HYDROCHLORIDE,TRUE,"",DTC,0.00973225178204428,""
CYP3A4,FENDILINE HYDROCHLORIDE,FALSE,"",DTC,0.0116787021384531,""
CYP3A4,SELEGILINE,TRUE,"",DTC; PharmGKB,0.0233574042769063,22931300; 9187528
CYP3A4,SB 215505,FALSE,"",DTC,0.0116787021384531,""
CYP3A4,FLUOROURACIL,TRUE,"",NCI,0.00100678466710803,12904931
CYP3A4,LUZINDOLE,FALSE,"",DTC,0.0083419300988951,""
CYP3A4,PINACIDIL,TRUE,"",DTC,0.0145983776730664,""
CYP3A4,TRIMIPRAMINE,TRUE,"",PharmGKB,0.00176950032400805,""
CYP3A4,QUINACRINE DIHYDROCHLORIDE,FALSE,"",DTC,0.00486612589102214,""
CYP3A4,TAMSULOSIN HYDROCHLORIDE,TRUE,"",PharmGKB,0.0129763357093924,9187528
CYP3A4,(R)-NITRENDIPINE,FALSE,"",DTC,0.0145983776730664,""
CYP3A4,FASUDIL,FALSE,"",DTC,0.00201356933421606,""
CYP3A4,CHEMBL:CHEMBL1320453,FALSE,"",DTC,0.0083419300988951,""
CYP3A4,CHEMBL:CHEMBL578741,FALSE,"",DTC,0.00278064336629837,""
CYP3A4,DOFETILIDE,TRUE,"",DTC,0.00898361702957934,22931300
CYP3A4,4-METHOXYDALBERGIONE,FALSE,"",DTC,0.00648816785469619,""
CYP3A4,CHEMBL:CHEMBL484662,FALSE,"",DTC,0.0194645035640886,""
CYP3A4,INDOMETHACIN,TRUE,"",DTC,0.00291967553461328,22931300
CYP3A4,SERTINDOLE,TRUE,"",PharmGKB,0.00556128673259673,9187528
CYP3A4,ISOKOBUSONE,FALSE,"",DTC,0.0583935106922657,""
CYP3A4,ISONIAZID,TRUE,"",DTC,0.00648816785469619,""
CYP3A4,GUTHION,FALSE,"",DTC,0.00486612589102214,""
CYP3A4,HYDROXYCHLOROQUINE,TRUE,"",PharmGKB,0.00648816785469619,35135554
CYP3A4,DOXORUBICIN HYDROCHLORIDE,TRUE,"",DTC; NCI,0.00118365224376214,15465924
CYP3A4,BUTAMBEN,TRUE,"",DTC,0.00973225178204428,""
CYP3A4,N-HISTIDYL-2-AMINONAPHTHALENE (BETANA),FALSE,"",DTC,0.0194645035640886,""
CYP3A4,FPL64176,FALSE,"",DTC,0.00648816785469619,""
CYP3A4,SB 228357,FALSE,"",DTC,0.0083419300988951,""
CYP3A4,IXABEPILONE,TRUE,"",NCI,0.00530850097202415,18451235
CYP3A4,SAPPANONE A DIMETHYL ETHER,FALSE,"",DTC,0.00973225178204428,""
CYP3A4,MERCURIC CHLORIDE,FALSE,"",DTC,0.00291967553461328,""
CYP3A4,PENTOSALEN,FALSE,"",DTC,0.0291967553461328,""
CYP3A4,OFLOXACIN,TRUE,"",DTC,0.00973225178204428,22931300
CYP3A4,TAMOXIFEN,TRUE,"",DTC,0.00179672340591587,22931300
CYP3A4,DIMETHYL GAMBOGATE,FALSE,"",DTC,0.0116787021384531,""
CYP3A4,ROBUSTONE,FALSE,"",DTC,0.0583935106922657,""
CYP3A4,SU9516,FALSE,"",DTC,0.00364959441826661,""
CYP3A4,NICARDIPINE,TRUE,"",PharmGKB,0.00729918883653321,9187528
CYP3A4,ISOEUGENITOL,FALSE,"",DTC,0.0291967553461328,""
CYP3A4,PYRIDOSTIGMINE,TRUE,"",DTC,0.0145983776730664,22931300
CYP3A4,LECANORIC ACID,FALSE,"",DTC,0.0291967553461328,""
CYP3A4,(+/-)-PENTAACETYLCATECHIN,FALSE,"",DTC,0.0583935106922657,""
CYP3A4,DEXMEDETOMIDINE HYDROCHLORIDE,TRUE,"",DTC,0.00530850097202415,""
CYP3A4,SULFADIAZINE,TRUE,"",PharmGKB,0.0583935106922657,9187528
CYP3A4,BISACODYL,TRUE,"",DTC,0.0145983776730664,""
CYP3A4,CHEMBL:CHEMBL472656,FALSE,"",DTC,0.0145983776730664,""
CYP3A4,INDOMETHACIN MORPHOLINYLAMIDE,FALSE,"",DTC,0.0194645035640886,""
CYP3A4,DIENESTROL,TRUE,"",DTC,0.0083419300988951,""
CYP3A4,HYCANTHONE,FALSE,"",DTC,0.00614668533602797,22931300
CYP3A4,BIPHENYL-4-AMINE,FALSE,"",DTC,0.0583935106922657,""
CYP3A4,DOLASETRON,TRUE,"",PharmGKB,0.0145983776730664,9187528
CYP3A4,GRANISETRON,TRUE,"",PharmGKB,0.0106170019440483,9187528
CYP3A4,CHEMBL:CHEMBL588859,FALSE,"",DTC,0.0145983776730664,""
CYP3A4,2-METHOXY-5 (6)EPOXY-TETRAHYDROCARYOPHYLLENE,FALSE,"",DTC,0.0583935106922657,""
CYP3A4,TIPRANAVIR,TRUE,"",PharmGKB,0.0291967553461328,""
CYP3A4,AG 490,FALSE,"",DTC,0.00364959441826661,""
CYP3A4,CITROPTEN,FALSE,"",DTC,0.0291967553461328,""
CYP3A4,AMIODARONE HYDROCHLORIDE,TRUE,"",NCI; PharmGKB,0.0112295212869742,16537817; 9187528; 29394111
CYP3A4,CHEMBL:CHEMBL1513392,FALSE,"",DTC,0.0194645035640886,""
CYP3A4,MORICIZINE,TRUE,"",DTC,0.0291967553461328,""
CYP3A4,OSI-930,FALSE,"",DTC,0.0233574042769063,21068193
CYP3A4,QUERCETIN,TRUE,"",DTC,0.000739158363193237,""
CYP3A4,BAICALEIN,FALSE,"",DTC,0.00233574042769063,""
CYP3A4,SERTRALINE HYDROCHLORIDE,TRUE,"",DTC,0.00291967553461328,""
CYP3A4,PLICAMYCIN,TRUE,"",DTC,0.0194645035640886,22931300
CYP3A4,E324,FALSE,"",DTC,0.00449180851478967,""
CYP3A4,VINDESINE,FALSE,"",PharmGKB,0.0291967553461328,9187528
CYP3A4,ALPHA-NAPHTHOFLAVONE,FALSE,"",DTC,0.0083419300988951,""
CYP3A4,EPIGALLOCATECHIN GALLATE,TRUE,"",NCI,0.00686982478732538,17108060
CYP3A4,GANGALEOIDIN,FALSE,"",DTC,0.0194645035640886,""
CYP3A4,CHEMBL:CHEMBL1079460,FALSE,"",DTC,0.00449180851478967,""
CYP3A4,PSEUDOEPHEDRINE,TRUE,"",DTC,0.00343491239366269,""
CYP3A4,CHEMBL:CHEMBL587259,FALSE,"",DTC,0.0116787021384531,""
CYP3A4,ARASERTACONAZOLE,FALSE,"",DTC,0.0116787021384531,""
CYP3A4,CGP7930,FALSE,"",DTC,0.0083419300988951,""
CYP3A4,TRIAMCINOLONE,TRUE,"",DTC,0.00507769658193615,22931300
CYP3A4,PIPERIDOLATE HYDROCHLORIDE,FALSE,"",DTC,0.0583935106922657,""
CYP3A4,VANIPREVIR,FALSE,"",DTC,0.0291967553461328,19841155
CYP3A4,REL-CISAPRIDE,FALSE,"",DTC,0.0194645035640886,22931300
CYP3A4,"2- (2,6-DIMETHOXYPHENOXYETHYL)AMINOMETHYL-1,4-BENZODIOXANE HYDROCHLORIDE (WB 4101)",FALSE,"",DTC,0.0583935106922657,""
CYP3A4,RS-100329,FALSE,"",DTC,0.0145983776730664,""
CYP3A4,METHOXYFLURANE,TRUE,"",PharmGKB,0.00530850097202415,9187528
CYP3A4,CARBAMAZEPINE,TRUE,"",DTC,0.00238340859968431,22931300
CYP3A4,PARATHION,FALSE,"",DTC,0.0291967553461328,""
CYP3A4,ALTANSERIN,FALSE,"",DTC,0.0291967553461328,""
CYP3A4,CHEMBL:CHEMBL145725,FALSE,"",DTC,0.0145983776730664,""
CYP3A4,CAULIBUGULONE C,FALSE,"",DTC,0.0194645035640886,""
CYP3A4,OLVANIL,FALSE,"",DTC,0.00973225178204428,""
CYP3A4,MEK1/2 INHIBITOR,FALSE,"",DTC,0.0194645035640886,""
CYP3A4,TABIMORELIN,FALSE,inhibitor,DTC; ChEMBL,0.0583935106922657,""
CYP3A4,GW282974X,FALSE,"",DTC,0.00729918883653321,""
CYP3A4,PYRILAMINE,TRUE,"",DTC,0.0145983776730664,22931300
CYP3A4,DROFENINE HYDROCHLORIDE,FALSE,"",DTC,0.0583935106922657,""
CYP3A4,STAVUDINE,TRUE,"",DTC,0.00898361702957934,22931300
CYP3A4,FLUNISOLIDE ANHYDROUS,TRUE,"",DTC,0.0106170019440483,22931300
CYP3A4,CARMOFUR,FALSE,"",DTC,0.0583935106922657,""
CYP3A4,CHLORANIL,FALSE,"",DTC,0.00389290071281771,""
CYP3A4,SB-415286,FALSE,"",DTC,0.00291967553461328,""
CYP3A4,LOSARTAN POTASSIUM,TRUE,"",DTC; PharmGKB,0.0159255029160725,9187528
CYP3A4,TYRPHOSTIN B48,FALSE,"",DTC,0.00307334266801398,""
CYP3A4,TEBUFENOZIDE,FALSE,"",DTC,0.0194645035640886,""
CYP3A4,GUGGULSTERONE,FALSE,"",DTC,0.00648816785469619,""
CYP3A4,HOMIDIUM BROMIDE,FALSE,"",DTC,0.00201356933421606,""
CYP3A4,TYRPHOSTIN AG 879,FALSE,"",DTC,0.00324408392734809,""
CYP3A4,PTAEROXYLIN,FALSE,"",DTC,0.0291967553461328,""
CYP3A4,PRIMIDONE,TRUE,"",PharmGKB,0.00333677203955804,28343093
CYP3A4,NSC-663284,FALSE,"",DTC,0.0083419300988951,""
CYP3A4,(+/-)-ERIODICTYOL,FALSE,"",DTC,0.00486612589102214,""
CYP3A4,DORZOLAMIDE,TRUE,"",PharmGKB,0.0233574042769063,9187528
CYP3A4,CHEMBL:CHEMBL85194,FALSE,"",DTC,0.00973225178204428,""
CYP3A4,CHEMBL:CHEMBL1288014,FALSE,"",DTC,0.0291967553461328,""
CYP3A4,PHLORETIN,TRUE,"",DTC,0.00364959441826661,""
CYP3A4,RS-39604,FALSE,"",DTC,0.0194645035640886,""
CYP3A4,ISOLIQUIRITIGENIN,FALSE,"",DTC,0.00486612589102214,""
CYP3A4,IPRONIAZID,TRUE,"",DTC,0.0166838601977902,22931300
CYP3A4,CHEMBL:CHEMBL272682,FALSE,"",DTC,0.0291967553461328,""
CYP3A4,SUNITINIB,TRUE,"",PharmGKB,0.00486612589102214,26810136; 24566734; 17825686
CYP3A4,WIN55212-2,FALSE,"",DTC,0.00278064336629837,""
CYP3A4,LINEZOLID,TRUE,"",DTC,0.0129763357093924,24044938
CYP3A4,"5,7-DIHYDROXYISOFLAVONE",FALSE,"",DTC,0.00530850097202415,""
CYP3A4,MONTELUKAST SODIUM,TRUE,"",DTC,0.00530850097202415,22931300
CYP3A4,12A-HYDROXY-5-DEOXYDEHYDROMUNDUSERONE,FALSE,"",DTC,0.0194645035640886,""
CYP3A4,ARTEMETHER,TRUE,"",PharmGKB,0.0116787021384531,""
CYP3A4,PURVALANOLA,FALSE,"",DTC,0.00973225178204428,""
CYP3A4,DEOXYSAPPANONE B TRIMETHYL ETHER,FALSE,"",DTC,0.0583935106922657,""
CYP3A4,MESALAMINE,TRUE,"",DTC,0.00265425048601208,""
CYP3A4,(-)-ROLIPRAM,FALSE,"",DTC,0.0194645035640886,""
CYP3A4,GYKI53784,FALSE,"",DTC,0.00729918883653321,""
CYP3A4,TYRPHOSTIN A9,FALSE,"",DTC,0.00265425048601208,""
CYP3A4,"8,2'-DIMETHOXYFLAVONE",FALSE,"",DTC,0.0291967553461328,""
CYP3A4,NOSCAPINE,FALSE,"",DTC,0.0145983776730664,""
CYP3A4,SB202190,FALSE,"",DTC,0.00162204196367405,""
CYP3A4,PRAVASTATIN SODIUM,TRUE,"",NCI; PharmGKB,0.00648816785469619,17615423
CYP3A4,ARTHONIOIC ACID,FALSE,"",DTC,0.0583935106922657,""
CYP3A4,INDIRUBIN-3'-MONOXIME,FALSE,"",DTC,0.00307334266801398,""
CYP3A4,FLUTAMIDE,TRUE,"",DTC; PharmGKB,0.0116787021384531,22931300; 9187528
CYP3A4,GENTIAN VIOLET CATION,TRUE,"",DTC,0.00307334266801398,""
CYP3A4,COUMARIN,TRUE,"",DTC,0.00973225178204428,22931300
CYP3A4,AMPHOTERICIN B LIPOSOMAL,TRUE,"",DTC; NCI,0.0179672340591587,22931300; 15969931
CYP3A4,CHEMBL:CHEMBL533542,FALSE,"",DTC,0.0194645035640886,""
CYP3A4,CHEMBL:CHEMBL225513,FALSE,"",DTC,0.00729918883653321,""
CYP3A4,OXAZEPAM,TRUE,"",PharmGKB,0.00224590425739483,""
CYP3A4,INDINAVIR,FALSE,"",PharmGKB; DTC,0.0291967553461328,9187528; 19440701; 22931300
CYP3A4,"L-732,138",FALSE,"",DTC,0.0116787021384531,""
CYP3A4,TRIAZOLAM,TRUE,"",PharmGKB,0.00176950032400805,""
CYP3A4,ACRISORCIN,TRUE,"",DTC,0.0194645035640886,""
CYP3A4,TREQUINSIN HYDROCHLORIDE,FALSE,"",DTC,0.0116787021384531,""
CYP3A4,TYRPHOSTIN 25,FALSE,"",DTC,0.00486612589102214,""
CYP3A4,GW0742X,FALSE,"",DTC,0.00729918883653321,""
CYP3A4,STICTIC ACID,FALSE,"",DTC,0.00324408392734809,""
CYP3A4,ZONISAMIDE,TRUE,"",PharmGKB,0.00467148085538126,9187528
CYP3A4,ALLANTODAPSONE,FALSE,"",DTC,0.0583935106922657,""
CYP3A4,CHLORHEXIDINE HYDROCHLORIDE,TRUE,"",DTC,0.00973225178204428,""
CYP3A4,NEOSTIGMINE BROMIDE,FALSE,"",DTC,0.0233574042769063,22931300
CYP3A4,IMIPRAMINE HYDROCHLORIDE,TRUE,"",DTC; PharmGKB,0.0116787021384531,22931300; 9187528
CYP3A4,HYDROXYZINE,TRUE,"",DTC,0.0129763357093924,22931300
CYP3A4,FLUNITRAZEPAM,TRUE,"",PharmGKB,0.00265425048601208,""
CYP3A4,ALPROSTADIL,TRUE,"",DTC,0.00507769658193615,22931300
CYP3A4,IVABRADINE,TRUE,"",PharmGKB,0.00973225178204428,""
CYP3A4,HESPERETIN,TRUE,"",DTC,0.00648816785469619,""
CYP3A4,DACARBAZINE,TRUE,"",DTC,0.00778580142563543,22931300
CYP3A4,BENZTHIAZIDE,TRUE,"",DTC,0.0145983776730664,""
CYP3A4,ESMETHADONE,FALSE,"",PharmGKB,0.0583935106922657,17178267
CYP3A4,NEVIRAPINE,TRUE,"",DTC,0.00530850097202415,22931300
CYP3A4,PITAVASTATIN,TRUE,"",PharmGKB,0.0116787021384531,""
CYP3A4,DISULFIRAM,TRUE,"",DTC,0.00135798862075037,""
CYP3A4,TOREMIFENE,TRUE,"",PharmGKB; NCI,0.0179672340591587,9187528; 9871429
CYP3A4,CLARITHROMYCIN,TRUE,"",PharmGKB,0.0103047371809881,9951426; 9187528
CYP3A4,NIFEDIPINE,TRUE,"",NCI; DTC,0.00417096504944755,17655375; 22931300
CYP3A4,METHOXYVONE,FALSE,"",DTC,0.0145983776730664,""
CYP3A4,BERGAPTOL,FALSE,"",DTC,0.0194645035640886,""
CYP3A4,LIOTHYRONINE,TRUE,"",DTC,0.0035390006480161,22931300
CYP3A4,RESVERATROL,TRUE,"",DTC,0.00119170429984216,""
CYP3A4,TRIMETHADIONE,TRUE,"",PharmGKB,0.0291967553461328,9187528
CYP3A4,CHEMBL:CHEMBL126804,FALSE,"",DTC,0.00973225178204428,""
CYP3A4,CHEMBL:CHEMBL581929,FALSE,"",DTC,0.00973225178204428,""
CYP3A4,LUTEOLIN,FALSE,"",DTC,0.0018247972091333,""
CYP3A4,CHEMBL:CHEMBL502242,FALSE,"",DTC,0.0583935106922657,""
CYP3A4,MACROLIDE ANTIBIOTIC,FALSE,"",NCI,0.0291967553461328,12814973
CYP3A4,RS-17053,FALSE,"",DTC,0.00648816785469619,""
CYP3A4,METARAMINOL,TRUE,"",DTC,0.0166838601977902,22931300
CYP3A4,IRBESARTAN,TRUE,"",DTC,0.00729918883653321,""
CYP3A4,CHOLECALCIFEROL,TRUE,"",DTC,0.00486612589102214,""
CYP3A4,ESOXYBUTYNIN,FALSE,"",DTC,0.0145983776730664,""
CYP3A4,SIMVASTATIN,TRUE,"",DTC; NCI,0.00467148085538126,22931300; 18302447
CYP3A4,FLOXURIDINE,TRUE,"",DTC,0.0083419300988951,22931300
CYP3A4,EHNA,FALSE,"",DTC,0.0116787021384531,""
CYP3A4,AM-630,FALSE,"",DTC,0.0116787021384531,""
CYP3A4,SULFAPHENAZOLE,TRUE,"",DTC,0.0145983776730664,22931300
CYP3A4,XANTHONE,FALSE,"",DTC,0.0291967553461328,""
CYP3A4,LAPACHONE,FALSE,"",DTC,0.00224590425739483,""
CYP3A4,(S)-VERAPAMIL,FALSE,"",DTC,0.0194645035640886,""
CYP3A4,CHEMBL:CHEMBL1420370,FALSE,"",DTC,0.0083419300988951,""
CYP3A4,TERFENADINE,TRUE,"",PharmGKB,0.00648816785469619,9187528
CYP3A4,6-CL-MLT,FALSE,"",DTC,0.0083419300988951,""
CYP3A4,TYRPHOSTIN AG 835,FALSE,"",DTC,0.00530850097202415,""
CYP3A4,CHEMBL:CHEMBL313737,FALSE,"",DTC,0.00583935106922657,""
CYP3A4,RESORCINOL,TRUE,"",DTC,0.0291967553461328,""
CYP3A4,TRICETIN,TRUE,"",DTC,0.00729918883653321,""
CYP3A4,SORAFENIB,TRUE,"",PharmGKB,0.00101553931638723,28362716
CYP3A4,ML 10302,FALSE,"",DTC,0.0145983776730664,""
CYP3A4,FIPEXIDE,TRUE,"",DTC,0.0145983776730664,""
CYP3A4,SULFADOXINE,TRUE,"",DTC,0.0194645035640886,22931300
CYP3A4,DACTINOMYCIN,TRUE,"",DTC,0.00333677203955804,22931300
CYP3A4,METHADONE HYDROCHLORIDE,TRUE,"",NCI,0.00343491239366269,12756206
CYP3A4,"(R,S)-INDATRALINE",FALSE,"",DTC,0.00530850097202415,""
CYP3A4,CHEMBL:CHEMBL590670,FALSE,"",DTC,0.0583935106922657,""
CYP3A4,RP-67580,FALSE,"",DTC,0.0583935106922657,""
CYP3A4,BERGAMOTTIN,FALSE,"",DTC,0.0194645035640886,21393461
CYP3A4,KEPONE,FALSE,"",DTC,0.00486612589102214,""
CYP3A4,CILOSTAMIDE,FALSE,"",DTC,0.0145983776730664,""
CYP3A4,ZOXAZOLAMINE,FALSE,"",DTC,0.0233574042769063,22931300
CYP3A4,LINOLENIC ACID,TRUE,"",DTC,0.00278064336629837,""
CYP3A4,PSORALEN,FALSE,"",DTC,0.0083419300988951,""
CYP3A4,FENRETINIDE,TRUE,"",DTC,0.00216272261823206,""
CYP3A4,MELATONIN,TRUE,"",DTC,0.00201356933421606,""
CYP3A4,FOSAMPRENAVIR,TRUE,"",PharmGKB,0.0291967553461328,""
CYP3A4,LINOPIRDINE,FALSE,"",DTC,0.0083419300988951,""
CYP3A4,LEVOPROPOXYPHENE NAPSYLATE ANHYDROUS,FALSE,"",DTC,0.0194645035640886,""
CYP3A4,CHEMBL:CHEMBL198759,FALSE,"",DTC,0.0116787021384531,""
CYP3A4,"PAROXETINE HYDROCHLORIDE, HEMIHYDRATE",TRUE,"",DTC,0.00233574042769063,""
CYP3A4,CHEMBL:CHEMBL476501,FALSE,"",DTC,0.0145983776730664,""
CYP3A4,DERRUBONE,FALSE,"",DTC,0.00973225178204428,""
CYP3A4,PSORA-4,FALSE,"",DTC,0.0083419300988951,""
CYP3A4,RISPERIDONE,TRUE,"",NCI,0.00174308987141092,17337319
CYP3A4,SERICETIN DIACETATE,FALSE,"",DTC,0.0583935106922657,""
CYP3A4,BW373U86,FALSE,"",DTC,0.00973225178204428,""
CYP3A4,COLCHICINE,TRUE,"",DTC,0.00224590425739483,22931300
CYP3A4,CHEMBL:CHEMBL1256025,FALSE,"",DTC,0.0583935106922657,""
CYP3A4,MAPROTILINE HYDROCHLORIDE,TRUE,"",DTC,0.0083419300988951,""
CYP3A4,MINOCYCLINE,TRUE,"",DTC,0.0145983776730664,22931300
CYP3A4,GW405833,FALSE,"",DTC,0.00729918883653321,""
CYP3A4,NECROSTATIN-1,FALSE,"",DTC,0.0116787021384531,""
CYP3A4,GLYBURIDE,TRUE,"",DTC,0.00201356933421606,""
CYP3A4,QUININE,TRUE,"",PharmGKB,0.00898361702957934,9187528
CYP3A4,ALTHIAZIDE,FALSE,"",DTC,0.0583935106922657,""
CYP3A4,PROPAFENONE,TRUE,"",PharmGKB,0.0106170019440483,9187528
CYP3A4,ISOQUINE,FALSE,"",DTC,0.0583935106922657,19284751; 19222165
CYP3A4,ATORVASTATIN CALCIUM TRIHYDRATE,TRUE,"",NCI,0.00212340038880966,17200431
CYP3A4,MRS1523,FALSE,"",DTC,0.00973225178204428,""
CYP3A4,TAMOXIFEN CITRATE,TRUE,"",DTC,0.00307334266801398,""
CYP3A4,SR2640,FALSE,"",DTC,0.00530850097202415,""
CYP3A4,CHEMBL:CHEMBL512908,FALSE,"",DTC,0.00973225178204428,""
CYP3A4,ELLIPTECINE,FALSE,"",DTC,0.0018247972091333,""
CYP3A4,METHOTREXATE,TRUE,"",DTC,0.00106170019440483,22931300
CYP3A4,MECLOFENAMATE SODIUM,TRUE,"",DTC,0.0083419300988951,""
CYP3A4,DIHYDROGAMBOGIC ACID,FALSE,"",DTC,0.00530850097202415,""
CYP3A4,RESORCINOL MONOACETATE,FALSE,"",DTC,0.0583935106922657,""
CYP3A4,DAPH,FALSE,"",DTC,0.00583935106922657,""
CYP3A4,SB 218795,FALSE,"",DTC,0.0145983776730664,""
CYP3A4,ALECTINIB,TRUE,"",PharmGKB,0.0116787021384531,37209178
CYP3A4,HYDROXYCAMPTOTHECIN,FALSE,"",DTC,0.0194645035640886,""
CYP3A4,CHEMBL:CHEMBL67535,FALSE,"",DTC,0.00307334266801398,""
CYP3A4,BUSULFAN,TRUE,"",DTC,0.00614668533602797,22931300
CYP3A4,CHEMBL:CHEMBL56393,FALSE,"",DTC,0.00208548252472378,""
CYP3A4,DOCEBENONE,FALSE,"",DTC,0.00364959441826661,""
CYP3A4,PIVAMPICILLIN,TRUE,"",DTC,0.0583935106922657,""
CYP3A4,HYDROCORTISONE BUTYRATE,TRUE,"",PharmGKB,0.00278064336629837,9187528
CYP3A4,AMSACRINE,TRUE,"",DTC,0.00778580142563543,22931300
CYP3A4,CYPROTERONE,TRUE,"",DTC,0.0166838601977902,22931300
CYP3A4,METHYLENE BLUE,FALSE,"",DTC,0.00648816785469619,""
CYP3A4,FAMPROFAZONE,FALSE,"",DTC,0.0291967553461328,""
CYP3A4,GLAFENINE,TRUE,"",DTC,0.0166838601977902,22931300
CYP3A4,CHEMBL:CHEMBL11458,FALSE,"",DTC,0.0291967553461328,""
CYP3A4,DIRLOTAPIDE,FALSE,"",DTC,0.0389290071281771,22094027
CYP3A4,NICLOSAMIDE,TRUE,"",DTC,0.00216272261823206,""
CYP3A4,ETIDRONIC ACID,TRUE,"",DTC,0.0083419300988951,22931300
CYP3A4,CYCLOSPORINE,TRUE,"",DTC,0.00134237955614404,22931300
CYP3A4,TIOTIDINE,FALSE,"",DTC,0.0194645035640886,""
CYP3A4,8-CYCLOPENTYLTHEOPHYLLINE,FALSE,"",DTC,0.0145983776730664,""
CYP3A4,5-METHOXYPSORALEN,FALSE,"",DTC,0.00973225178204428,""
CYP3A4,CLOFOCTOL,FALSE,"",DTC,0.00973225178204428,""
CYP3A4,PERGOLIDE,TRUE,"",DTC,0.00343491239366269,""
CYP3A4,TRIACETYLRESVERATROL,FALSE,"",DTC,0.0291967553461328,""
CYP3A4,BUTORPHANOL,TRUE,"",DTC,0.0129763357093924,22931300
CYP3A4,BUDESONIDE,TRUE,"",PharmGKB; DTC,0.0179672340591587,9187528; 22931300
CYP3A4,2-IODOACETAMIDE,FALSE,"",DTC,0.00417096504944755,""
CYP3A4,CAULIBUGULONE D,FALSE,"",DTC,0.0291967553461328,""
CYP3A4,TECHTOCHRYSIN,FALSE,"",DTC,0.0291967553461328,""
CYP3A4,LANSOPRAZOLE,TRUE,"",DTC,0.00201356933421606,""
CYP3A4,CHEMBL:CHEMBL187216,FALSE,"",DTC,0.0194645035640886,""
CYP3A4,PHENYTOIN SODIUM,TRUE,"",DTC,0.00278064336629837,22931300
CYP3A4,OXETHAZAINE,FALSE,"",DTC,0.0194645035640886,""
CYP3A4,THIAMYLAL SODIUM,TRUE,"",DTC,0.00343491239366269,""
CYP3A4,COUMAPHOS,FALSE,"",DTC,0.0291967553461328,""
CYP3A4,RANOLAZINE,TRUE,"",PharmGKB,0.0145983776730664,9187528
CYP3A4,SULFASALAZINE,TRUE,"",DTC,0.00486612589102214,22931300
CYP3A4,THIRAM,FALSE,"",DTC,0.00253884829096807,""
CYP3A4,4-CHLOROMERCURIBENZOIC ACID,FALSE,"",DTC,0.00208548252472378,""
CYP3A4,SKIMMIANINE,FALSE,"",DTC,0.0116787021384531,""
CYP3A4,CHEMBL:CHEMBL137498,FALSE,"",DTC,0.0291967553461328,""
CYP3A4,GRAMINE,FALSE,"",DTC,0.0145983776730664,""
CYP3A4,SULCONAZOLE NITRATE,TRUE,"",DTC,0.0194645035640886,""
CYP3A4,PIRIBEDIL,FALSE,"",DTC,0.00486612589102214,""
CYP3A4,AURIN,FALSE,"",DTC,0.00530850097202415,""
CYP3A4,ROSUVASTATIN,TRUE,"",PharmGKB,0.00243306294551107,""
CYP3A4,KHELLIN,FALSE,"",DTC,0.0145983776730664,""
CYP3A4,RANITIDINE HYDROCHLORIDE,TRUE,"",DTC,0.00729918883653321,22931300
CYP3A4,L 755507,FALSE,"",DTC,0.0116787021384531,""
CYP3A4,PYRAZINAMIDE,TRUE,"",DTC,0.00898361702957934,22931300
CYP3A4,CHEMBL:CHEMBL457504,FALSE,"",DTC,0.0083419300988951,""
CYP3A4,EMODIN,FALSE,"",DTC,0.00224590425739483,""
CYP3A4,PD-98059,FALSE,"",DTC,0.00157820299168286,""
CYP3A4,CHEMBL:CHEMBL1288013,FALSE,"",DTC,0.0145983776730664,""
CYP3A4,DIPYRIDAMOLE,TRUE,"",DTC,0.00104274126236189,""
CYP3A4,VALERIAN ROOT EXTRACT,TRUE,"",NCI,0.0583935106922657,17214607
CYP3A4,PHENOXYBENZAMINE,TRUE,"",DTC,0.0106170019440483,22931300
CYP3A4,NONIVAMIDE,TRUE,"",DTC,0.0116787021384531,""
CYP3A4,OXYBUTYNIN,TRUE,"",DTC,0.0106170019440483,22931300
CYP3A4,TOLUENE DIISOCYANATE,FALSE,"",DTC,0.0583935106922657,""
CYP3A4,CAFFEINE,TRUE,"",DTC,0.00315640598336571,22931300
CYP3A4,CT-1578,FALSE,"",DTC,0.0291967553461328,22339472
CYP3A4,MINOXIDIL,TRUE,"",DTC,0.00973225178204428,22931300
CYP3A4,"3-HYDROXY-3',4'-DIMETHOXYFLAVONE",FALSE,"",DTC,0.0194645035640886,""
CYP3A4,ARTEMISININ,TRUE,"",PharmGKB,0.00648816785469619,""
CYP3A4,METHYL PARATHIONE,FALSE,"",DTC,0.0145983776730664,""
CYP3A4,CHEMBL:CHEMBL184450,FALSE,"",DTC,0.00417096504944755,""
CYP3A4,SALAGEN,FALSE,"",DTC,0.0145983776730664,""
CYP3A4,PRE-084,FALSE,"",DTC,0.0291967553461328,""
CYP3A4,CHLORPROPAMIDE,TRUE,"",DTC,0.0106170019440483,22931300
CYP3A4,LABETALOL,TRUE,"",DTC,0.00648816785469619,22931300
CYP3A4,NICARDIPINE HYDROCHLORIDE,TRUE,"",DTC,0.00648816785469619,""
CYP3A4,(S)-NIMODIPINE,FALSE,"",DTC,0.0145983776730664,""
CYP3A4,ASPIRIN,TRUE,"",DTC,0.0013122137234217,22931300
CYP3A4,N-OLEOYLDOPAMINE,FALSE,"",DTC,0.00324408392734809,""
CYP3A4,S-ETOMIDATE,FALSE,"",DTC,0.0194645035640886,""
CYP3A4,ISOPROTERENOL,TRUE,"",DTC,0.0018247972091333,""
CYP3A4,SAPPANONE A TRIMETHYL ETHER,FALSE,"",DTC,0.0145983776730664,""
CYP3A4,MITOXANTRONE,TRUE,"",DTC,0.00132712524300604,""
CYP3A4,PAREGORIC,TRUE,"",PharmGKB,0.00126942414548404,""
CYP3A4,CHEMBL:CHEMBL177809,FALSE,"",DTC,0.0145983776730664,""
CYP3A4,TYRPHOSTIN 23,FALSE,"",DTC,0.00278064336629837,""
CYP3A4,CHEMBL:CHEMBL74675,FALSE,"",DTC,0.0583935106922657,""
CYP3A4,REMOXIPRIDE,TRUE,"",DTC,0.0194645035640886,22931300
CYP3A4,PROADIFEN,FALSE,"",DTC,0.0291967553461328,""
CYP3A4,CHEMBL:CHEMBL602418,FALSE,"",DTC,0.0291967553461328,""
CYP3A4,(R)-PINOCEMBRIN,FALSE,"",DTC,0.0145983776730664,""
CYP3A4,PROCHLORPERAZINE,TRUE,"",DTC,0.00417096504944755,22931300
CYP3A4,PHENYLBUTAZONE,TRUE,"",DTC,0.0083419300988951,22931300
CYP3A4,ETHOSUXIMIDE,TRUE,"",PharmGKB,0.0233574042769063,9187528
CYP3A4,GENISTEIN,TRUE,"",DTC,0.00100678466710803,""
CYP3A4,FLUTICASONE,TRUE,"",PharmGKB,0.00614668533602797,23290512
CYP3A4,TRACAZOLATE,FALSE,"",DTC,0.00729918883653321,""
CYP3A4,DICHLORODIPHENYLDICHLOROETHYLENE,FALSE,"",DTC,0.0194645035640886,""
CYP3A4,MODAFINIL,TRUE,"",DTC,0.0129763357093924,22931300
CYP3A4,TANGERETIN,FALSE,"",DTC,0.0145983776730664,""
CYP3A4,RILMENIDINE,TRUE,"",DTC,0.0145983776730664,""
CYP3A4,DIMETHYLPINOCEMBRIN,FALSE,"",DTC,0.0194645035640886,""
CYP3A4,MITOMYCIN,TRUE,"",DTC,0.00486612589102214,22931300
CYP3A4,AHPN,FALSE,"",DTC,0.0083419300988951,""
CYP3A4,DEQUALINIUM,TRUE,"",DTC,0.00364959441826661,""
CYP3A4,SCH 58261,FALSE,"",DTC,0.0083419300988951,""
CYP3A4,CHEMBL:CHEMBL422942,FALSE,"",DTC,0.0194645035640886,""
CYP3A4,CHLOROQUINE,TRUE,"",DTC,0.00729918883653321,22931300
CYP3A4,GW7647,FALSE,"",DTC,0.00194645035640886,""
CYP3A4,"7,3'-DIMETHOXYFLAVONE",FALSE,"",DTC,0.0145983776730664,""
CYP3A4,ACACETIN DIACETATE,FALSE,"",DTC,0.0291967553461328,""
CYP3A4,CHEMBL:CHEMBL101168,FALSE,"",DTC,0.0291967553461328,""
CYP3A4,PROADIFEN HYDROCHLORIDE,FALSE,"",DTC,0.0145983776730664,""
CYP3A4,FUROXAN,FALSE,"",DTC,0.0116787021384531,""
CYP3A4,OXYMETHOLONE,TRUE,"",DTC,0.00648816785469619,""
CYP3A4,CHEMBL:CHEMBL398363,FALSE,"",DTC,0.0116787021384531,""
CYP3A4,HEPTACHLOR,FALSE,"",DTC,0.0194645035640886,""
CYP3A4,CIMETIDINE,TRUE,"",DTC,0.0083419300988951,22931300
CYP3A4,OXYPHENBUTAZONE,TRUE,"",DTC,0.00449180851478967,""
CYP3A4,(R)-MELPHALAN,FALSE,"",DTC,0.0291967553461328,""
CYP3A4,PHOSALONE,FALSE,"",DTC,0.0145983776730664,""
CYP3A4,ALPRAZOLAM,TRUE,"",PharmGKB,0.00343491239366269,32112986
CYP3A4,DIHYDROXYPHENYLGLYCINE,FALSE,"",DTC,0.0291967553461328,""
CYP3A4,PACHYRRIZINE,FALSE,"",DTC,0.0291967553461328,""
CYP3A4,CHEMBL:CHEMBL84685,FALSE,"",DTC,0.00973225178204428,""
CYP3A4,DOXEPIN HYDROCHLORIDE,TRUE,"",PharmGKB,0.00132712524300604,""
CYP3A4,PREDNISOLONE,TRUE,"",PharmGKB,0.00417096504944755,9187528
CYP3A4,WAY-100135,FALSE,"",DTC,0.0145983776730664,""
CYP3A4,NICOTINE POLACRILEX,TRUE,"",NCI,0.00253884829096807,12851153
CYP3A4,SB 222200,FALSE,"",DTC,0.0083419300988951,""
CYP3A4,TOLTERODINE,TRUE,"",PharmGKB,0.00486612589102214,""
CYP3A4,REBOXETINE,TRUE,"",DTC,0.0194645035640886,""
CYP3A4,TEMAZEPAM,TRUE,"",PharmGKB,0.00265425048601208,""
CYP3A4,GW1929,FALSE,"",DTC,0.00648816785469619,""
CYP3A4,SAPPANONE A 7-METHYL ETHER,FALSE,"",DTC,0.0583935106922657,""
CYP3A4,NILUTAMIDE,TRUE,"",DTC,0.0116787021384531,22931300
CYP3A4,PIOGLITAZONE HYDROCHLORIDE,TRUE,"",DTC; NCI,0.0103047371809881,16447051
CYP3A4,TRIOXSALEN,TRUE,"",DTC,0.0291967553461328,""
CYP3A4,RITONAVIR,TRUE,inhibitor,ChEMBL; PharmGKB; DTC,0.0129763357093924,9187528; 21393461; 21953914
CYP3A4,CHEMBL:CHEMBL309917,FALSE,"",DTC,0.0583935106922657,""
CYP3A4,TENELIGLIPTIN,TRUE,"",PharmGKB,0.0194645035640886,34512362
CYP3A4,GABAPENTIN,TRUE,"",PharmGKB,0.00145983776730664,""
CYP3A4,OSTHOLE,FALSE,"",DTC,0.0194645035640886,""
CYP3A4,ETHAVERINE,FALSE,"",DTC,0.0291967553461328,""
CYP3A4,METHOCARBAMOL,TRUE,"",DTC,0.0194645035640886,22931300
CYP3A4,SANGUINARIUM,FALSE,"",DTC,0.00233574042769063,""
CYP3A4,METHYL ROBUSTONE,FALSE,"",DTC,0.0116787021384531,""
CYP3A4,QUINALIZARIN,FALSE,"",DTC,0.00389290071281771,""
CYP3A4,AVI-4557,FALSE,"",TdgClinicalTrial,0.0583935106922657,""
CYP3A4,MONASTROL,FALSE,"",DTC,0.0194645035640886,""
CYP3A4,PIMPINELLIN,FALSE,"",DTC,0.0583935106922657,""
CYP3A4,CYC-116,FALSE,"",DTC,0.00120398991118073,20462263
CYP3A4,6-O-BENZYLGUANINE,FALSE,"",DTC,0.0145983776730664,""
CYP3A4,CHEMBL:CHEMBL587849,FALSE,"",DTC,0.00583935106922657,""
CYP3A4,CHEMBL:CHEMBL74913,FALSE,"",DTC,0.0291967553461328,""
CYP3A4,AMINOPURVALANOL A,FALSE,"",DTC,0.00973225178204428,""
CYP3A4,MONOAMINE OXIDASE INHIBITOR,FALSE,"",PharmGKB; NCI,0.00604070800264818,16669850
CYP3A4,SB-431542,FALSE,"",DTC,0.00648816785469619,""
CYP3A4,IMMUNOSUPPRESSANT,FALSE,"",NCI,0.00648816785469619,17571057
CYP3A4,4'-METHOXYFLAVONE,FALSE,"",DTC,0.00729918883653321,""
CYP3A4,"7-OXOCALLITRISIC ACID, METHYL ESTER",FALSE,"",DTC,0.0583935106922657,""
CYP3A4,ELEMICIN,FALSE,"",DTC,0.0583935106922657,""
CYP3A4,CHEMBL:CHEMBL1342336,FALSE,"",DTC,0.00729918883653321,""
CYP3A4,INAMRINONE,TRUE,"",DTC,0.00307334266801398,""
CYP3A4,BENZPIPERYLON,FALSE,"",DTC,0.0291967553461328,""
CYP3A4,MUNDULONE,FALSE,"",DTC,0.0145983776730664,""
CYP3A4,U-0126,FALSE,"",DTC,0.00583935106922657,""
CYP3A4,DESLORATADINE,TRUE,"",PharmGKB,0.0291967553461328,9187528
CYP3A4,PHENMEDIPHAM,FALSE,"",DTC,0.0145983776730664,""
CYP3A4,CABAZITAXEL,TRUE,"",PharmGKB,0.00265425048601208,""
CYP3A4,"4,4'-DIMETHOXYDALBERGIONE",FALSE,"",DTC,0.0145983776730664,""
CYP3A4,BECLOMETHASONE,TRUE,"",DTC,0.00973225178204428,22931300
CYP3A4,HEXYLRESORCINOL,TRUE,"",DTC,0.0145983776730664,""
CYP3A4,TYRPHOSTIN AG 555,FALSE,"",DTC,0.00307334266801398,""
CYP3A4,CHEMBL:CHEMBL258767,FALSE,"",DTC,0.00648816785469619,""
CYP3A4,IMATINIB,TRUE,"",NCI,0.00162204196367405,18094422
CYP3A4,VALPROIC ACID,TRUE,"",DTC,0.00204889511200932,22931300
CYP3A4,ETAZOLATE,FALSE,"",DTC,0.00364959441826661,""
CYP3A4,IMAZODAN,FALSE,"",DTC,0.0194645035640886,""
CYP3A4,DEGUELIN,FALSE,"",DTC,0.0116787021384531,""
CYP3A4,MIFEPRISTONE,TRUE,"",PharmGKB,0.00417096504944755,9187528
CYP3A4,CHLOROTHALONIL,FALSE,"",DTC,0.00486612589102214,""
CYP3A4,MENTHOFURAN,FALSE,"",DTC,0.0291967553461328,22931300
CYP3A4,ICI-199441,FALSE,"",DTC,0.0083419300988951,""
CYP3A4,DESIPRAMINE,TRUE,"",PharmGKB; DTC,0.00299453900985978,""
CYP3A4,CARMUSTINE,TRUE,"",DTC,0.0106170019440483,22931300
CYP3A4,FLUPIRTINE,FALSE,"",DTC,0.00364959441826661,""
CYP3A4,RIMCAZOLE,FALSE,"",DTC,0.00973225178204428,""
CYP3A4,ESTRADIOL VALERATE,TRUE,"",DTC,0.00248483024222407,22931300
CYP3A4,ECADOTRIL,FALSE,"",DTC,0.0145983776730664,""
CYP3A4,CHOLINE CHLORIDE,TRUE,"",DTC,0.0583935106922657,""
CYP3A4,LANSOPRAZOLE SULFIDE,FALSE,"",DTC,0.0116787021384531,""
CYP3A4,"5,7-DIMETHOXYISOFLAVONE",FALSE,"",DTC,0.0145983776730664,""
CYP3A4,PAZOPANIB,TRUE,"",PharmGKB,0.00307334266801398,30367352; 22341567
CYP3A4,PROPANIL,FALSE,"",DTC,0.0291967553461328,""
CYP3A4,FERROUS SULFATE,TRUE,"",DTC,0.0291967553461328,22931300
CYP3A4,AZELASTINE HYDROCHLORIDE,TRUE,"",DTC,0.0145983776730664,""
CYP3A4,CHEMBL:CHEMBL1397308,FALSE,"",DTC,0.0116787021384531,""
CYP3A4,"NITROFURANTOIN, MACROCRYSTALS",TRUE,"",DTC,0.00898361702957934,22931300
CYP3A4,PIPERONYL BUTOXIDE,TRUE,"",DTC,0.0194645035640886,""
CYP3A4,ROXINDOLE,FALSE,"",DTC,0.00389290071281771,""
CYP3A4,TANSHINONE IIA SULFONATE,FALSE,"",DTC,0.00973225178204428,""
CYP3A4,CGP13501,FALSE,"",DTC,0.0194645035640886,""
CYP3A4,AZTREONAM,TRUE,"",DTC,0.0194645035640886,22931300
CYP3A4,METHYLDOPA ANHYDROUS,TRUE,"",DTC,0.00376732327046875,22931300
CYP3A4,CIPROFLOXACIN,TRUE,"",DTC,0.0106170019440483,22931300
CYP3A4,NONOXYNOL-9,TRUE,"",DTC,0.0583935106922657,""
CYP3A4,VEMURAFENIB,TRUE,"",PharmGKB,0.00473460897504857,31829834; 23116250
CYP3A4,CORALYNE,FALSE,"",DTC,0.0291967553461328,""
CYP3A4,PHENELZINE SULFATE,TRUE,"",DTC,0.0083419300988951,""
CYP3A4,GOSSYPOL,FALSE,"",DTC,0.00121653147275554,""
CYP3A4,ISOQUINE DIHYDROCHLORIDE,FALSE,"",DTC,0.0583935106922657,""
CYP3A4,CHEMBL:CHEMBL1412710,FALSE,"",DTC,0.0145983776730664,""
CYP3A4,CHEMBL:CHEMBL601110,FALSE,"",DTC,0.0083419300988951,""
CYP3A4,"4,4'-METHYLENEDIANILINE",FALSE,"",DTC,0.0583935106922657,""
CYP3A4,CARBETAPENTANE CITRATE,TRUE,"",DTC,0.00973225178204428,""
CYP3A4,HYDRALAZINE,TRUE,"",DTC,0.00583935106922657,22931300
CYP3A4,IMETIT,FALSE,"",DTC,0.00973225178204428,""
CYP3A4,CHEMBL:CHEMBL222556,FALSE,"",DTC,0.00530850097202415,""
CYP3A4,THIOPERAMIDE,FALSE,"",DTC,0.00729918883653321,""
CYP3A4,MASOPROCOL,TRUE,"",DTC,0.00124241512111204,""
CYP3A4,NIALAMIDE,TRUE,"",DTC,0.0116787021384531,""
CYP3A4,DOLUTEGRAVIR SODIUM,TRUE,"",PharmGKB,0.00973225178204428,""
CYP3A4,BETA-CCM,FALSE,"",DTC,0.0145983776730664,""
CYP3A4,MIANSERIN,FALSE,"",PharmGKB,0.00648816785469619,9187528
CYP3A4,TOMELUKAST,FALSE,"",DTC,0.0291967553461328,""
CYP3A4,SOTALOL,TRUE,"",DTC,0.0083419300988951,22931300
CYP3A4,HYDROMORPHONE HYDROCHLORIDE,TRUE,"",PharmGKB,0.00449180851478967,""
CYP3A4,COCAINE,TRUE,"",PharmGKB,0.00898361702957934,9187528
CYP3A4,TELENZEPINE,FALSE,"",DTC,0.0116787021384531,""
CYP3A4,SB 206553,FALSE,"",DTC,0.00417096504944755,""
CYP3A4,ISRADIPINE,TRUE,"",DTC,0.00486612589102214,""
CYP3A4,OXYMETAZOLINE HYDROCHLORIDE,TRUE,"",DTC,0.00291967553461328,""
CYP3A4,METYROSINE,TRUE,"",DTC,0.00898361702957934,22931300
CYP3A4,TETRACYCLINE,TRUE,"",DTC,0.00648816785469619,22931300
CYP3A4,PROPYLPYRAZOLETRIOL,FALSE,"",DTC,0.00486612589102214,""
CYP3A4,CHEMBL:CHEMBL527271,FALSE,"",DTC,0.00973225178204428,""
CYP3A4,N-[2-(2-IODO-5-METHOXY-1H-INDOL-3-YL)ETHYL]ACETAMIDE,FALSE,"",DTC,0.00973225178204428,""
CYP3A4,SEVOFLURANE,TRUE,"",PharmGKB,0.00315640598336571,9187528
CYP3A4,MYCOPHENOLATE,TRUE,"",PharmGKB,0.00530850097202415,24220207
CYP3A4,AMPEROZIDE,FALSE,"",DTC,0.0291967553461328,""
CYP3A4,TEBUCONAZOLE,FALSE,"",DTC,0.0291967553461328,""
CYP3A4,CHEMBL:CHEMBL1310701,FALSE,"",DTC,0.00973225178204428,""
CYP3A4,LOPERAMIDE,TRUE,"",DTC,0.00486612589102214,""
CYP3A4,L741742,FALSE,"",DTC,0.0291967553461328,""
CYP3A4,PRASTERONE,TRUE,"",DTC,0.00324408392734809,""
CYP3A4,METHYSTICIN,FALSE,"",DTC,0.0194645035640886,""
CYP3A4,CHEMBL:CHEMBL154580,FALSE,"",DTC,0.00530850097202415,""
CYP3A4,CHEMBL:CHEMBL1374610,FALSE,"",DTC,0.0291967553461328,""
CYP3A4,DRONEDARONE,TRUE,"",PharmGKB,0.00648816785469619,""
CYP3A4,CHEMBL:CHEMBL272005,FALSE,"",DTC,0.0194645035640886,""
CYP3A4,BITHIONOLATE SODIUM,TRUE,"",DTC,0.00729918883653321,""
CYP3A4,PHENOLPHTHALEIN,TRUE,"",DTC,0.00729918883653321,""
CYP3A4,CLOMIPRAMINE,TRUE,"",PharmGKB,0.00307334266801398,9187528
CYP3A4,CLOFIBRATE,TRUE,"",DTC,0.00729918883653321,22931300
CYP3A4,"1R,9S-HYDRASTINE",FALSE,"",DTC,0.0145983776730664,""
CYP3A4,CHLORZOXAZONE,TRUE,"",PharmGKB,0.0194645035640886,9187528
CYP3A4,NARINGENIN,FALSE,"",DTC,0.0083419300988951,""
CYP3A4,CELECOXIB,TRUE,"",PharmGKB; DTC,0.00261463480711637,22336956
CYP3A4,NITROMIDE,FALSE,"",DTC,0.0291967553461328,""
CYP3A4,ASTEMIZOLE,TRUE,"",PharmGKB,0.00729918883653321,9187528
CYP3A4,CHEMBL:CHEMBL1572261,FALSE,"",DTC,0.0583935106922657,""
CYP3A4,2-APB,FALSE,"",DTC,0.00364959441826661,""
CYP3A4,IODOPHENPROPIT,FALSE,"",DTC,0.0145983776730664,""
CYP3A4,CHRYSIN,TRUE,"",DTC,0.00417096504944755,""
CYP3A4,ONDANSETRON HYDROCHLORIDE,TRUE,"",PharmGKB,0.00614668533602797,9187528
CYP3A4,RIPRETINIB,TRUE,"",PharmGKB,0.0233574042769063,35560823
CYP3A4,CILOSTAZOL,TRUE,"",DTC,0.00417096504944755,""
CYP3A4,SULFINPYRAZONE,TRUE,"",PharmGKB; DTC,0.0125128951483427,9187528
CYP3A4,DIETHYLSTILBESTROL,TRUE,"",DTC,0.0035390006480161,22931300
CYP3A4,PIPERIDOLATE,FALSE,"",DTC,0.0291967553461328,""
CYP3A4,TBBT,FALSE,"",DTC,0.00729918883653321,""
CYP3A4,MERCAPTOPURINE,TRUE,"",DTC,0.00259526714187848,22931300
CYP3A4,SB 204741,FALSE,"",DTC,0.00486612589102214,""
CYP3A4,DICYCLOMINE HYDROCHLORIDE,TRUE,"",DTC,0.00530850097202415,""
CYP3A4,NITAZOXANIDE,TRUE,"",DTC,0.00486612589102214,""
CYP3A4,POSACONAZOLE,TRUE,"",PharmGKB,0.0583935106922657,""
CYP3A4,BIFEMELANE,FALSE,"",DTC,0.0291967553461328,""
CYP3A4,CYCLOPHOSPHAMIDE ANHYDROUS,TRUE,"",DTC,0.00144181507882137,22931300
CYP3A4,TORSEMIDE,TRUE,"",DTC,0.00973225178204428,22931300
CYP3A4,REPAGLINIDE,TRUE,"",PharmGKB,0.00417096504944755,""
CYP3A4,HYDROCODONE,TRUE,"",PharmGKB,0.00364959441826661,""
CYP3A4,APIGENIN,TRUE,"",DTC,0.00224590425739483,""
CYP3A4,CANDESARTAN CILEXETIL,TRUE,"",DTC,0.00389290071281771,""
CYP3A4,CHEMBL:CHEMBL15134,FALSE,"",DTC,0.0583935106922657,""
CYP3A4,SB 216763,FALSE,"",DTC,0.00389290071281771,""
CYP3A4,METHAPHIT,FALSE,"",DTC,0.0291967553461328,""
CYP3A4,SB203580,FALSE,"",DTC,0.00201356933421606,""
CYP3A4,SAQUINAVIR MESYLATE,TRUE,"",DTC,0.00648816785469619,""
CYP3A4,LEFLUNOMIDE,TRUE,"",DTC,0.00486612589102214,""
CYP3A4,PIROXICAM-BETA-CYCLODEXTRIN,TRUE,"",DTC,0.00898361702957934,22931300
CYP3A4,BERBAMINE,FALSE,"",DTC,0.0291967553461328,""
CYP3A4,DILTIAZEM HYDROCHLORIDE,TRUE,"",DTC; PharmGKB,0.018247972091333,22931300; 21393461; 9187528
CYP3A4,CLEBOPRIDE MALEATE,FALSE,"",DTC,0.0583935106922657,""
CYP3A4,CROMOGLYCATE,TRUE,"",DTC,0.0145983776730664,22931300
CYP3A4,"L-162,313",FALSE,"",DTC,0.00648816785469619,""
CYP3A4,NOBILETIN,FALSE,"",DTC,0.0291967553461328,""
CYP3A4,TESMILIFENE,FALSE,"",TdgClinicalTrial,0.00729918883653321,""
CYP3A4,EUPARIN,FALSE,"",DTC,0.0583935106922657,""
CYP3A4,3-HYDROXYBENZYLHYDRAZINE,FALSE,"",DTC,0.0116787021384531,""
CYP3A4,L-765314,FALSE,"",DTC,0.0145983776730664,""
CYP3A4,ENOXOLONE,FALSE,"",DTC,0.0116787021384531,22931300
CYP3A4,CHEMBL:CHEMBL225869,FALSE,"",DTC,0.116787021384531,25453801
CYP3A4,[3H]WAY100635,FALSE,"",DTC,0.0194645035640886,""
CYP3A4,RHETSININE,FALSE,"",DTC,0.0583935106922657,""
CYP3A4,ETOPOSIDE,TRUE,"",DTC,0.00201356933421606,22931300
CYP3A4,PAEONOL,FALSE,"",DTC,0.0291967553461328,""
CYP3A4,ENALAPRIL MALEATE,TRUE,"",PharmGKB,0.00614668533602797,9187528
CYP3A4,(-)-U-50488,FALSE,"",DTC,0.0116787021384531,""
CYP3A4,GW5074,FALSE,"",DTC,0.00265425048601208,""
CYP3A4,GENTAMICIN,TRUE,"",DTC,0.00507769658193615,22931300
CYP3A4,GANGLEOIDIN ACETATE,FALSE,"",DTC,0.0583935106922657,""
CYP3A4,BLONANSERIN,TRUE,"",PharmGKB,0.0194645035640886,37863485
CYP3A4,MIBEFRADIL,FALSE,"",DTC,0.00686982478732538,21447734
CYP3A4,CL-976,FALSE,"",DTC,0.0291967553461328,""
CYP3A4,"2,4,6-TRIBROMOPHENOL",FALSE,"",DTC,0.0194645035640886,""
CYP3A4,FISETIN,FALSE,"",DTC,0.00449180851478967,""
CYP3A4,CHEMBL:CHEMBL546597,FALSE,"",DTC,0.00729918883653321,""
CYP3A4,CLEMIZOLE,FALSE,"",DTC,0.0116787021384531,""
CYP3A4,PIRINIXIC ACID,FALSE,"",DTC,0.00973225178204428,""
CYP3A4,CHEMBL:CHEMBL1256835,FALSE,"",DTC,0.0194645035640886,""
CYP3A4,NAPROXEN SODIUM,TRUE,"",DTC,0.00686982478732538,22931300
CYP3A4,AZITHROMYCIN ANHYDROUS,TRUE,"",DTC,0.0083419300988951,22931300
CYP3A4,TERAZOSIN,TRUE,"",DTC,0.00898361702957934,22931300
CYP3A4,EBSELEN,FALSE,"",DTC,0.00166838601977902,""
CYP3A4,NAFTIDROFURYL,FALSE,"",DTC,0.0583935106922657,""
CYP3A4,CAMPTOTHECIN,TRUE,"",DTC,0.00166838601977902,""
CYP3A4,CHEMBL:CHEMBL253786,FALSE,"",DTC,0.0291967553461328,""
CYP3A4,DILAZEP,FALSE,"",DTC,0.0116787021384531,""
CYP3A4,RESERPINE,TRUE,"",NCI,0.00449180851478967,11743742
CYP3A4,CHEMBL:CHEMBL1256868,FALSE,"",DTC,0.0583935106922657,""
CYP3A4,XANTHINE AMINE CONGENER,FALSE,"",DTC,0.00973225178204428,""
CYP3A4,ENDO-ATROPINE,FALSE,"",DTC,0.0233574042769063,22931300
CYP3A4,DIGOXIN,TRUE,"",DTC,0.00343491239366269,22931300
CYP3A4,TELITHROMYCIN,TRUE,"",PharmGKB,0.0116787021384531,""
CYP3A4,CLOTRIMAZOLE,TRUE,"",DTC,0.00315640598336571,22931300
CYP3A4,PIMOZIDE,TRUE,"",DTC,0.00171745619683134,""
CYP3A4,SNC80,FALSE,"",DTC,0.0145983776730664,""
CYP3A4,DIDANOSINE,TRUE,"",DTC,0.0083419300988951,22931300
CYP3A4,MIDODRINE,TRUE,"",DTC,0.0145983776730664,22931300
CYP3A4,"3',4'-DIMETHOXYFLAVONE",FALSE,"",DTC,0.0194645035640886,""
CYP3A4,NILOTINIB,TRUE,"",PharmGKB,0.00364959441826661,""
CYP3A4,LEUCINE,TRUE,"",DTC,0.0194645035640886,22931300
CYP3A4,SULINDAC,TRUE,"",DTC,0.00556128673259673,22931300
CYP3A4,CARBONYL CYANIDE M-CHLOROPHENYLHYDRAZONE,FALSE,"",DTC,0.0145983776730664,""
CYP3A4,OXATOMIDE,TRUE,"",DTC,0.00973225178204428,""
CYP3A4,SILIBININ,FALSE,"",DTC,0.00486612589102214,""
CYP3A4,NISOLDIPINE,TRUE,"",DTC,0.00686982478732538,22931300
CYP3A4,NAFRONYL OXALATE,FALSE,"",DTC,0.0116787021384531,""
CYP3A4,MEDROXYPROGESTERONE ACETATE,TRUE,"",DTC,0.00583935106922657,""
CYP3A4,FLUVOXAMINE,TRUE,"",DTC,0.00898361702957934,22931300
CYP3A4,NELFINAVIR MESYLATE,TRUE,"",DTC,0.00973225178204428,""
CYP3A4,CLEMASTINE,TRUE,"",DTC,0.00583935106922657,""
CYP3A4,"4-{2-[(7-AMINO-2-FURAN-2-YL[1,2,4]TRIAZOLO[1,5-A][1,3,5]TRIAZIN-5-YL)AMINO]ETHYL}PHENOL",FALSE,"",DTC,0.0116787021384531,""
CYP3A4,CAPSAICIN,TRUE,"",DTC,0.00343491239366269,""
CYP3A4,ZUCAPSAICIN,FALSE,"",DTC,0.0083419300988951,""
CYP3A4,PIPERINE,TRUE,"",DTC,0.00530850097202415,""
CYP3A4,PRAZOSIN,TRUE,"",DTC,0.00389290071281771,""
CYP3A4,ZILEUTON,TRUE,"",DTC,0.0129763357093924,22931300
CYP3A4,ERYTHROMYCIN,TRUE,"",DTC,0.00507769658193615,21393461
CYP3A4,DIHYDROXYBERGAMOTTIN,FALSE,"",DTC,0.116787021384531,21393461
CYP3A4,LIDOCAINE,TRUE,"",PharmGKB; NCI,0.0171745619683134,9187528; 29263648; 9832299
CYP3A4,DIMPYLATE,FALSE,"",DTC,0.0291967553461328,""
CYP3A4,MECAMYLAMINE,TRUE,"",DTC,0.00973225178204428,22931300
CYP3A4,HARMOL HYDROCHLORIDE,FALSE,"",DTC,0.0291967553461328,""
CYP3A4,TROGLITAZONE,TRUE,"",DTC,0.00449180851478967,22931300
CYP3A4,PARAROSANILINE,FALSE,"",DTC,0.00530850097202415,""
CYP3A4,RU 24969,FALSE,"",DTC,0.00486612589102214,""
CYP3A4,FELODIPINE,TRUE,"",PharmGKB,0.00686982478732538,9187528
CYP3A4,VESNARINONE,FALSE,"",NCI,0.0145983776730664,9630823
CYP3A4,6-METHYLFLAVONE,FALSE,"",DTC,0.0291967553461328,""
CYP3A4,DANAZOL,TRUE,"",DTC,0.00729918883653321,22931300
COL19A1,PAPAVERINE,TRUE,inhibitor,GuideToPharmacology,0.36252637888115,""
COL19A1,TC-E 5005,FALSE,inhibitor,GuideToPharmacology,6.52547481986069,""
COL19A1,PBF-999,FALSE,inhibitor,GuideToPharmacology,2.1751582732869,""
COL19A1,PDE4 INHIBITOR 16,FALSE,inhibitor,GuideToPharmacology,2.1751582732869,""
COL19A1,MARDEPODECT,FALSE,inhibitor,GuideToPharmacology,3.26273740993035,""
COL19A1,MK-8189,FALSE,inhibitor,GuideToPharmacology,6.52547481986069,""
COL19A1,COMPOUND 19 [PMID: 22142545],FALSE,inhibitor,GuideToPharmacology,6.52547481986069,""
COL19A1,COMPOUND 27 [PMID: 22142545],FALSE,inhibitor,GuideToPharmacology,6.52547481986069,""
OCA2,ENTECAVIR ANHYDROUS,TRUE,inhibitor,ChEMBL,4.74579986898959,""
OCA2,CLEVUDINE,FALSE,inhibitor,ChEMBL,4.74579986898959,""
OCA2,TELBIVUDINE,TRUE,inhibitor,ChEMBL,4.74579986898959,""
OCA2,ELVUCITABINE,FALSE,inhibitor,ChEMBL,2.3728999344948,""
OCA2,LAMIVUDINE,TRUE,inhibitor,ChEMBL,0.1977416612079,""
OCA2,ADEFOVIR,TRUE,inhibitor,ChEMBL,2.3728999344948,""
OCA2,VALTORCITABINE,FALSE,inhibitor,ChEMBL,4.74579986898959,""
OCA2,ADEFOVIR DIPIVOXIL,TRUE,inhibitor,ChEMBL,0.527311096554399,""
OCA2,PRADEFOVIR MESYLATE,FALSE,inhibitor,ChEMBL,4.74579986898959,""
OCA2,LB80380,FALSE,inhibitor,ChEMBL,4.74579986898959,""
OCA2,TENOFOVIR,TRUE,inhibitor,ChEMBL,0.338985704927828,""
CXCL10,GM-CSF,FALSE,"",NCI,0.383851459991805,11591765
CXCL10,STAVUDINE,TRUE,"",NCI,0.472432566143761,11141242
CXCL10,PEGINTERFERON ALFA-2B,TRUE,"",PharmGKB,0.191925729995903,26339796
CXCL10,IROPLACT,FALSE,"",NCI,6.14162335986889,7790818
CXCL10,METHYLPREDNISOLONE,TRUE,"",NCI,0.341201297770494,17220550
CXCL10,ELDELUMAB,FALSE,"",TTD; TdgClinicalTrial,6.14162335986889,""
CXCL10,ATORVASTATIN CALCIUM TRIHYDRATE,TRUE,"",NCI,0.111665879270343,10559511
CXCL10,HUMAN CHORIONIC GONADOTROPIN,TRUE,"",NCI,0.323243334729941,15590984
CXCL10,OXALIPLATIN,TRUE,"",NCI,0.161621667364971,16101140
CXCL10,NI-0801,FALSE,inhibitor,TTD; ChEMBL,6.14162335986889,""
CXCL10,ATROPINE,TRUE,"",NCI,0.361271962345229,15315164
CXCL10,RITONAVIR,TRUE,"",NCI,0.227467531846996,11141242
CXCL10,PEGINTERFERON ALFA-2A,TRUE,"",PharmGKB,0.211780115857548,26339796
CXCL10,TESTOSTERONE,TRUE,"",NCI,0.15747752204792,9681518
CXCL10,ELDELUMAB,FALSE,inhibitor,ChEMBL,3.07081167993444,""
CXCL10,ANTIBIOTIC,FALSE,"",NCI,0.361271962345229,10634213
CXCL10,ZIDOVUDINE,TRUE,"",NCI,0.227467531846996,11141242
CEACAM6,ANTISERUM,FALSE,"",NCI,2.98307420336489,6388310
APBA2,SB-649868,FALSE,inhibitor,GuideToPharmacology,0.669279468703661,""
APBA2,RTOXA-43,FALSE,agonist,GuideToPharmacology,0.669279468703661,""
APBA2,SELTOREXANT,FALSE,inhibitor,GuideToPharmacology,0.446186312469107,""
APBA2,JNJ-10397049,FALSE,inhibitor,GuideToPharmacology,0.669279468703661,""
APBA2,OREXIN-A,FALSE,agonist,GuideToPharmacology,0.669279468703661,""
APBA2,FILOREXANT,FALSE,inhibitor,GuideToPharmacology,0.33463973435183,""
APBA2,CVN45502,FALSE,inhibitor,GuideToPharmacology,0.669279468703661,""
APBA2,[3H]-TCS 1102,FALSE,inhibitor,GuideToPharmacology,0.669279468703661,""
APBA2,[3H]SB-674042,FALSE,inhibitor,GuideToPharmacology,0.669279468703661,""
APBA2,FIRAZOREXTON,FALSE,agonist,GuideToPharmacology,0.669279468703661,""
APBA2,OREXIN-B,FALSE,agonist,GuideToPharmacology,0.669279468703661,""
APBA2,(R)-YNT-3708,FALSE,agonist,GuideToPharmacology,0.669279468703661,""
APBA2,EMPA,FALSE,inhibitor,GuideToPharmacology,0.669279468703661,""
APBA2,LEMBOREXANT,TRUE,inhibitor,GuideToPharmacology,0.33463973435183,""
APBA2,SB-334867,FALSE,inhibitor,GuideToPharmacology,0.33463973435183,""
APBA2,HTL6641,FALSE,inhibitor,GuideToPharmacology,0.669279468703661,""
APBA2,TCS 1102,FALSE,inhibitor,GuideToPharmacology,0.669279468703661,""
APBA2,MK-1064,FALSE,inhibitor,GuideToPharmacology,0.669279468703661,""
APBA2,"[125I]OREXIN A (HUMAN, MOUSE, RAT)",FALSE,"",GuideToPharmacology,0.669279468703661,""
APBA2,CP-1,FALSE,inhibitor,GuideToPharmacology,0.669279468703661,""
APBA2,[3H]-ALMOREXANT,FALSE,inhibitor,GuideToPharmacology,0.669279468703661,""
APBA2,ALMOREXANT,FALSE,inhibitor,GuideToPharmacology,0.33463973435183,""
APBA2,JH112,FALSE,inhibitor,GuideToPharmacology,0.669279468703661,""
APBA2,"[ALA11, D-LEU15]OREXIN-B",FALSE,agonist,GuideToPharmacology,0.669279468703661,""
APBA2,COMPOUND 11 [PMID: 15261275],FALSE,inhibitor,GuideToPharmacology,0.669279468703661,""
APBA2,LSN2424100,FALSE,inhibitor,GuideToPharmacology,0.669279468703661,""
APBA2,SB-408124,FALSE,inhibitor,GuideToPharmacology,0.167319867175915,""
APBA2,DANAVOREXTON,FALSE,agonist,GuideToPharmacology,0.669279468703661,""
APBA2,SB-410220,FALSE,inhibitor,GuideToPharmacology,1.33855893740732,""
APBA2,MK-3697,FALSE,inhibitor,GuideToPharmacology,0.446186312469107,""
APBA2,ACT-335827,FALSE,inhibitor,GuideToPharmacology,0.669279468703661,""
APBA2,CVN766,FALSE,inhibitor,GuideToPharmacology,1.33855893740732,""
APBA2,COMPOUND 1 [PMID: 33547286],FALSE,agonist,GuideToPharmacology,0.669279468703661,""
APBA2,ACT-462206,FALSE,inhibitor,GuideToPharmacology,0.669279468703661,""
APBA2,YNT-185,FALSE,agonist,GuideToPharmacology,0.669279468703661,""
APBA2,NAG 26,FALSE,agonist,GuideToPharmacology,0.669279468703661,""
APBA2,SUVOREXANT,TRUE,inhibitor,GuideToPharmacology,0.33463973435183,""
APBA2,SB-674042,FALSE,inhibitor,GuideToPharmacology,0.669279468703661,""
APBA2,DARIDOREXANT,TRUE,inhibitor,GuideToPharmacology,0.33463973435183,""
ISG15,IRINOTECAN HYDROCHLORIDE,TRUE,inhibitor,MyCancerGenomeClinicalTrial,0.828631723156913,""
C6,CA2+,FALSE,inhibitor,GuideToPharmacology,0.326273740993035,""
C6,FLUFENAMIC ACID,FALSE,inhibitor,GuideToPharmacology,0.343446043150563,""
C6,CARBENOXOLONE,FALSE,inhibitor,GuideToPharmacology,0.543789568321724,""
C6,OCTANOL,FALSE,inhibitor,GuideToPharmacology,0.621473792367685,""
CHST11,CHONDROITIN SULFATES,TRUE,"",NCI,11.6008441241968,16079159
HOXA13,COMPOUND 61 [PMID: 36221183],FALSE,inhibitor,GuideToPharmacology,17.4012661862952,""
HK3,LY3372689,FALSE,inhibitor,GuideToPharmacology,17.4012661862952,""
HK3,THIAMET-G,FALSE,inhibitor,GuideToPharmacology,17.4012661862952,""
HK3,MK-8719,FALSE,inhibitor,GuideToPharmacology,17.4012661862952,""
OLR1,ORTICUMAB,FALSE,"",TdgClinicalTrial,52.2037985588855,""
TRPV6,SOR-C13,FALSE,inhibitor,TTD; GuideToPharmacology,10.4407597117771,""
TRPV6,MG2+,FALSE,blocker,GuideToPharmacology,0.401567681222196,""
TRPV6,TETRAHYDROCANNABIVARIN,FALSE,inhibitor,GuideToPharmacology,2.61018992794428,""
TRPV6,ACETALDEHYDE,FALSE,activator,GuideToPharmacology,2.61018992794428,""
TRPV6,DEHYDRATED ALCOHOL,TRUE,activator,GuideToPharmacology,0.0660807576694754,""
TRPV6,GSK3527497,FALSE,inhibitor,GuideToPharmacology,5.22037985588855,""
TRPV6,LA3+,FALSE,blocker,GuideToPharmacology,0.474579986898959,""
TRPV6,TRPV6 INHIBITOR CIS-22 A,FALSE,inhibitor,GuideToPharmacology,5.22037985588855,""
TRPV6,CD2+,FALSE,blocker,GuideToPharmacology,0.435031654657379,""
TRPV6,2-APB,FALSE,activator,GuideToPharmacology,0.326273740993035,""
BDKRB1,SAFOTIBANT,FALSE,inhibitor,TTD; ChEMBL,11.6008441241968,""
BDKRB1,DIETHYLSTILBESTROL,TRUE,inhibitor,GuideToPharmacology,0.175770365518133,""
BDKRB1,DAIDZEIN,FALSE,agonist,GuideToPharmacology,1.4501055155246,""
BDKRB1,MK0686,FALSE,inhibitor,ChEMBL,5.80042206209839,""
BDKRB1,DY131,FALSE,agonist,GuideToPharmacology,2.9002110310492,""
BDKRB1,BIOCHANIN A,FALSE,agonist,GuideToPharmacology,0.483368505174866,""
BDKRB1,BI113823,FALSE,inhibitor,ChEMBL,5.80042206209839,""
BDKRB1,GENISTEIN,TRUE,agonist,GuideToPharmacology,0.100007276932731,""
BDKRB1,PERINDOPRIL,TRUE,"",PharmGKB,2.9002110310492,27021566; 20712529
ABCG4,THERAPEUTIC HORMONE,FALSE,"",NCI,2.3728999344948,18668433
RXRG,ALITRETINOIN,TRUE,agonist,TEND; TTD; ChEMBL; GuideToPharmacology,0.903961879807542,""
RXRG,BEXAROTENE,TRUE,agonist,TEND; TdgClinicalTrial; TALC; ChEMBL; GuideToPharmacology,1.977416612079,""
RXRG,ADAPALENE,TRUE,"",TEND; TdgClinicalTrial,0.790966644831599,""
RXRG,MOFAROTENE,FALSE,modulator,ChEMBL,0.790966644831599,""
RXRG,ACITRETIN,TRUE,agonist,ChEMBL,0.29661249181185,""
RXRG,ETRETINATE,TRUE,agonist,ChEMBL,0.677971409855656,""
RXRG,RETINOID X RECEPTOR AGONIST IRX4204,FALSE,"",TTD,4.74579986898959,""
RXRG,"COMPOUND 28 [HEITEL ET AL., 2019]",FALSE,agonist,GuideToPharmacology,1.5819332896632,""
RXRG,TRETINOIN,TRUE,"",TEND; TdgClinicalTrial,0.104303293823947,""
RXRG,IRX-4204,FALSE,agonist,ChEMBL,1.5819332896632,""
RXRG,VITAMIN A,TRUE,"",TTD,0.175770365518133,""
GRIK3,TEZAMPANEL,FALSE,inhibitor,TdgClinicalTrial; ChEMBL,1.65726344631383,""
GRIK3,TOPIRAMATE,TRUE,inhibitor,ChEMBL,0.169492852463914,""
GRIK3,SELURAMPANEL,FALSE,inhibitor,ChEMBL,0.828631723156913,""
GRIK3,[3H]UBP310,FALSE,inhibitor,GuideToPharmacology,3.72884275420611,""
GRIK3,[3H]SYM2081,FALSE,agonist,GuideToPharmacology,1.06538364405889,""
GRIK3,[3H]KAINATE,FALSE,agonist,GuideToPharmacology,1.86442137710305,""
GRIK3,DYSIHERBAINE,FALSE,agonist,GuideToPharmacology,2.48589516947074,""
NTRK2,CYCLOSPORINE,TRUE,"",NCI,0.0244915780243423,11516824
NTRK2,CLOZAPINE,TRUE,"",PharmGKB,0.0219666730733791,25751398
NTRK2,DIETHYLDITHIOCARBAMATE,FALSE,"",NCI,0.304395326873968,17052849
NTRK2,CENEGERMIN,TRUE,agonist,ChEMBL,0.266345911014722,""
NTRK2,LINIFANIB,FALSE,"",DTC,0.0133172955507361,""
NTRK2,DORAMAPIMOD,FALSE,"",DTC,0.0463210280025604,""
NTRK2,AZD-6918,FALSE,inhibitor,ChEMBL,0.355127881352963,""
NTRK2,ENTRECTINIB,TRUE,inhibitor,TTD; CIViC; PharmGKB; OncoKB; DTC; ChEMBL,0.112145646743041,""
NTRK2,TAMATINIB,FALSE,"",DTC,0.0131528844945542,""
NTRK2,PD-0166285,FALSE,"",DTC,0.0204881470011325,""
NTRK2,SORAFENIB,TRUE,"",DTC,0.00926420560051207,""
NTRK2,LITHIUM,TRUE,"",NCI,0.0507325544789947,16300803
NTRK2,REPOTRECTINIB,TRUE,inhibitor,ChEMBL,0.076098831718492,""
NTRK2,CRIZOTINIB,TRUE,"",CIViC,0.0426153457623555,""
NTRK2,DOXORUBICIN HYDROCHLORIDE,TRUE,"",NCI,0.0143970762710661,12438277
NTRK2,UTATRECTINIB,FALSE,inhibitor,ChEMBL,0.266345911014722,""
NTRK2,GW-2580,FALSE,"",DTC,0.133172955507361,""
NTRK2,CHEMBL:CHEMBL546797,FALSE,"",DTC,0.0332932388768403,""
NTRK2,CORTICOTROPIN,TRUE,"",NCI,0.266345911014722,11360665
NTRK2,CISPLATIN,TRUE,"",NCI,0.0144950155654271,12438277
NTRK2,ZM447439,FALSE,"",DTC,0.0560728233715204,""
NTRK2,PLX-7486,FALSE,inhibitor,ChEMBL,0.266345911014722,""
NTRK2,METHADONE HYDROCHLORIDE,TRUE,"",PharmGKB,0.0626696261211111,23651024
NTRK2,AST-487,FALSE,"",DTC,0.0259849669282656,""
NTRK2,SB202190,FALSE,"",DTC,0.0295939901127469,""
NTRK2,BMS-754807,FALSE,"",DTC,0.236751920901975,19778024
NTRK2,PILOCARPINE HYDROCHLORIDE,TRUE,"",NCI,0.112145646743041,15183516
NTRK2,HESPERADIN,FALSE,inhibitor,DTC,0.0266345911014722,19035792
NTRK2,LESTAURTINIB,FALSE,inhibitor,TdgClinicalTrial; ChEMBL,0.177563940676481,""
NTRK2,TALETRECTINIB,FALSE,inhibitor,ChEMBL,0.106538364405889,""
NTRK2,CEP-2563 DIHYDROCHLORIDE,FALSE,inhibitor,ChEMBL,0.0626696261211111,""
NTRK2,GAMBOGIC AMIDE,FALSE,"",DTC,0.355127881352963,17911251
NTRK2,LAUROGUADINE,FALSE,"",DTC,0.038049415859246,""
NTRK2,PF-562271,FALSE,"",DTC,0.00986466337091563,""
NTRK2,CENISERTIB,FALSE,"",DTC,0.0090286749496516,""
NTRK2,JNJ-7706621,FALSE,"",DTC,0.0193706117101616,""
NTRK2,ALTIRATINIB,FALSE,inhibitor,ChEMBL,0.106538364405889,""
NTRK2,ALISERTIB,FALSE,"",DTC,0.0221954925845602,""
NTRK2,TOZASERTIB,FALSE,"",DTC,0.0145942964939574,""
NTRK2,DOVITINIB,FALSE,"",DTC,0.0105483529114741,""
NTRK2,RG-1530,FALSE,"",DTC,0.011333868553818,""
NTRK2,SP-600125,FALSE,"",DTC,0.0119706027422347,""
NTRK2,MK-2461,FALSE,"",TTD,0.0443909851691204,""
NTRK2,LAROTRECTINIB SULFATE,TRUE,inhibitor,ChEMBL,0.355127881352963,""
NTRK2,GW441756X,FALSE,"",DTC,0.016390517600906,""
NTRK2,LAROTRECTINIB,TRUE,inhibitor,TTD; CIViC; PharmGKB; OncoKB; ChEMBL,1.33172955507361,""
NTRK2,ILORASERTIB,FALSE,"",DTC,0.00918434175912835,""
NTRK2,SELITRECTINIB,FALSE,inhibitor,ChEMBL,0.355127881352963,""
NTRK2,SNS-314,FALSE,"",DTC,0.0253662772394973,""
CXCR2,BEVACIZUMAB,TRUE,"",PharmGKB,0.14501055155246,19010874
CXCR2,DANIRIXIN,FALSE,inhibitor,TTD; ChEMBL,2.9002110310492,""
CXCR2,AZD-5122,FALSE,"",TTD,2.9002110310492,""
CXCR2,CLOTRIMAZOLE,TRUE,"",TTD,0.0783840819202486,""
CXCR2,ALPHA-TOCOPHEROL,FALSE,"",NCI,0.527311096554399,16679868
CXCR2,NAVARIXIN,FALSE,"",TTD; TdgClinicalTrial,1.16008441241968,""
CXCR2,LADARIXIN,FALSE,modulator,ChEMBL,1.4501055155246,""
CXCR2,GENISTEIN,TRUE,"",NCI,0.100007276932731,9712063
CXCR2,ACETYLCYSTEINE,TRUE,"",NCI,0.386694804139893,10716998
CXCR2,ELUBRIXIN,FALSE,inhibitor,TTD; ChEMBL,2.9002110310492,""
CXCR2,VIMNERIXIN,FALSE,"",TTD,2.9002110310492,""
CXCR2,REPARIXIN,FALSE,modulator,TTD; ChEMBL,1.93347402069946,""
CXCR2,CANOCTAKIN,FALSE,"",TdgClinicalTrial,1.4501055155246,""
CXCR2,MECHLORETHAMINE,TRUE,"",NCI,0.527311096554399,12753603
CXCR2,"IBUPROFEN, SODIUM SALT",TRUE,"",TTD,0.0743643854115179,""
CXCR2,SX-682,FALSE,inhibitor,ChEMBL,1.4501055155246,""
CXCR2,CYCLOPHOSPHAMIDE ANHYDROUS,TRUE,"",PharmGKB,0.071610148914795,19010874
CXCR2,NAVARIXIN,FALSE,inhibitor,DTC; ChEMBL,4.35031654657379,17181143
SLC5A1,GLUFOSFAMIDE,FALSE,"",TdgClinicalTrial,1.30509496397214,""
SLC5A1,SOTAGLIFLOZIN,TRUE,inhibitor,TTD; TdgClinicalTrial; ChEMBL,6.26445582706626,""
SLC5A1,LICOGLIFLOZIN,FALSE,inhibitor,TTD; ChEMBL,4.17630388471084,""
SLC5A1,STREPTOZOCIN,TRUE,"",NCI,0.453946074425092,1722397
SLC5A1,GSK-1614235,FALSE,"",TTD,10.4407597117771,""
MAPK4,SORAFENIB,TRUE,"",PharmGKB,0.907892148850183,20124951
NTNG1,ALLOPURINOL,TRUE,"",PharmGKB,3.48025323725904,30924126
HTRA1,GALEGENIMAB,FALSE,antibody,GuideToPharmacology,26.1018992794428,""
HTRA1,HYDROGEN PEROXIDE,TRUE,"",NCI,2.61018992794428,10517331
NPPC,THERAPEUTIC HORMONE,FALSE,"",NCI,0.169492852463914,11445246
NPPC,STAUROSPORINE,FALSE,"",NCI,0.266345911014722,8879350
NPPC,VOSORITIDE,TRUE,"",TTD,1.24294758473537,""
NPPC,ANTISERUM,FALSE,"",NCI,0.213076728811778,1827257
NPPC,TESTOSTERONE,TRUE,"",NCI,0.191222705343903,8404664
NPPC,IMMUNOTHERAPEUTIC AGENT,FALSE,"",NCI,0.745768550841222,7769089
NPPC,ETHER,FALSE,"",NCI,1.24294758473537,9721940
NPPC,DIETHYLSTILBESTROL,TRUE,"",NCI,0.225990469951885,10650935
NPPC,HYDROCORTISONE BUTYRATE,TRUE,"",NCI,0.177563940676481,7716064
NPPC,ANDROSTENEDIONE,FALSE,"",NCI,0.745768550841222,8404664
NPPC,TETRADECANOYLPHORBOL ACETATE,FALSE,"",NCI,0.162123598008961,8879350
NPPC,DEXAMETHASONE,TRUE,"",NCI,0.0877374765695555,10468226
NPPC,PROGESTERONE,TRUE,"",NCI,0.126401449295122,8404664
NPPC,ARGIPRESSIN,TRUE,"",NCI,0.286834058015855,9794722
LPL,INOSITOL,TRUE,"",NCI,0.248589516947074,8063863
LPL,DEXTRAN SULFATE,FALSE,"",NCI,0.621473792367685,7920442
LPL,ASPARAGINASE,TRUE,"",NCI,0.207157930789228,9264396
LPL,RETINYL ACETATE,FALSE,"",NCI,0.466105344275764,16716627
LPL,RECOMBINANT INTERLEUKIN,FALSE,"",NCI,0.532691822029444,3491626
LPL,ANABOLIC STEROID,FALSE,"",NCI,1.24294758473537,12943056
LPL,OXIDOPAMINE,FALSE,"",NCI,0.186442137710305,3084169
LPL,ISOTRETINOIN,TRUE,"",NCI,0.233052672137882,2931603
LPL,FOLIC ACID,TRUE,"",NCI,0.155368448091921,6732760
LPL,LYMPHOKINE-ACTIVATED KILLER CELLS,FALSE,"",NCI,0.338985704927828,8895065
LPL,MIFEPRISTONE,TRUE,"",NCI,0.133172955507361,7627771
LPL,ACARBOSE,TRUE,"",NCI,0.621473792367685,8886823
LPL,H2O2,FALSE,"",NCI,0.143417029007927,8732780
LPL,GEMFIBROZIL,TRUE,"",TTD,0.143417029007927,""
LPL,RECOMBINANT LYMPHOKINE,FALSE,"",NCI,0.532691822029444,2126274
LPL,CLOFIBRATE,TRUE,"",TTD,0.116526336068941,""
LPL,TRIAMCINOLONE,TRUE,"",NCI,0.162123598008961,4077022
LPL,ADRIAMYCIN,FALSE,"",NCI,0.196254881800322,10831167
LPL,LABETALOL,TRUE,"",NCI,0.207157930789228,4050551
LPL,LOVASTATIN,TRUE,"",NCI,0.0956113526719515,8663292
LPL,"INSULIN, REGULAR, HUMAN",TRUE,"",NCI,0.105533285496399,8727949; 15202783
LPL,DIAZOXIDE,TRUE,"",NCI,0.286834058015855,14499880
LPL,PIOGLITAZONE HYDROCHLORIDE,TRUE,"",PharmGKB,0.219343691423889,17394430
LPL,PRAVASTATIN SODIUM,TRUE,"",PharmGKB,0.138105287192819,16103896
LPL,RESERPINE,TRUE,"",NCI,0.143417029007927,7282227
LPL,ORLISTAT,TRUE,"",TdgClinicalTrial,0.143417029007927,""
LPL,NADOLOL,TRUE,"",NCI,0.532691822029444,1681747
LPL,IBROLIPIM,FALSE,"",TTD,1.86442137710305,""
SULT1E1,ACETAMINOPHEN,TRUE,"",PharmGKB,3.01175760916647,26049587; 23462933
LGR5,FLUOROURACIL,TRUE,"",CIViC; PharmGKB,1.35009823859187,25665511
HSD11B1,INCB13739,FALSE,"",TTD; TdgClinicalTrial,3.07081167993444,""
HSD11B1,ANHYDROUS TACROLIMUS,TRUE,"",PharmGKB,0.219343691423889,25587129
HSD11B1,UE2343,FALSE,"",TTD,1.02360389331148,""
HSD11B1,BMS-816336,FALSE,"",TTD,3.07081167993444,""
HSD11B1,AZD8329,FALSE,"",TTD,1.53540583996722,""
HSD11B1,AZD-4017,FALSE,inhibitor,TTD; ChEMBL,2.04720778662296,""
HSD11B1,CHEMBL:CHEMBL604538,FALSE,"",DTC,6.14162335986889,20100662
HSD11B1,GLYCYRRHIZIC ACID,TRUE,"",TTD,0.767702919983611,""
HSD11B1,ABT-384,FALSE,inhibitor,ChEMBL,3.07081167993444,""
HSD11B1,URSOLIC ACID,FALSE,"",DTC,0.511801946655741,20100662
HSD11B1,MK-0736,FALSE,inhibitor,ChEMBL,3.07081167993444,""
HSD11B1,BMS-770767,FALSE,"",TTD,3.07081167993444,""
HSD11B1,BI-187004,FALSE,inhibitor,ChEMBL,3.07081167993444,""
HSD11B1,TORMENTIC ACID METHYL ESTER,FALSE,"",DTC,6.14162335986889,20100662
HSD11B1,CARBENOXOLONE,TRUE,inhibitor,ChEMBL,1.53540583996722,""
HSD11B1,FLAVANONE,FALSE,"",TTD,0.383851459991805,""
HSD11B1,BMS-823778,FALSE,inhibitor,ChEMBL,1.53540583996722,""
EN1,TUCATINIB,TRUE,inhibitor,GuideToPharmacology,0.191925729995903,""
EN1,HLX22,FALSE,antibody,GuideToPharmacology,1.53540583996722,""
EN1,BMS-690514,FALSE,inhibitor,GuideToPharmacology,0.383851459991805,""
EN1,LAPATINIB,TRUE,inhibitor,GuideToPharmacology,0.0495292206441039,""
EN1,ZONGERTINIB,FALSE,inhibitor,GuideToPharmacology,0.767702919983611,""
EN1,FALNIDAMOL,FALSE,inhibitor,GuideToPharmacology,0.307081167993444,""
EN1,CP-724714,FALSE,inhibitor,GuideToPharmacology,1.53540583996722,""
EN1,EGFR/ERBB-2/ERBB-4 INHIBITOR,FALSE,inhibitor,GuideToPharmacology,0.511801946655741,""
EN1,MARGETUXIMAB,FALSE,antibody,GuideToPharmacology,1.53540583996722,""
EN1,ACALABRUTINIB,TRUE,inhibitor,GuideToPharmacology,0.0903179905863071,""
EN1,CUDC-101,FALSE,inhibitor,GuideToPharmacology,0.127950486663935,""
EN1,SAPITINIB,FALSE,inhibitor,GuideToPharmacology,0.219343691423889,""
EN1,CANERTINIB,FALSE,inhibitor,GuideToPharmacology,0.219343691423889,""
EN1,AEE788,FALSE,inhibitor,GuideToPharmacology,0.219343691423889,""
EN1,POZIOTINIB,FALSE,inhibitor,GuideToPharmacology,0.25590097332787,""
EN1,EGFR/ERBB-2 INHIBITOR,FALSE,inhibitor,GuideToPharmacology,0.767702919983611,""
EN1,PYROTINIB,FALSE,inhibitor,GuideToPharmacology,0.767702919983611,""
EN1,MM-111,FALSE,antibody,GuideToPharmacology,0.767702919983611,""
EN1,PERTUZUMAB,TRUE,antibody,GuideToPharmacology,0.191925729995903,""
EN1,BMS-599626,FALSE,inhibitor,GuideToPharmacology,0.307081167993444,""
EN1,DACOMITINIB ANHYDROUS,TRUE,inhibitor,GuideToPharmacology,0.25590097332787,""
EN1,TUXOBERTINIB,FALSE,inhibitor,GuideToPharmacology,0.383851459991805,""
EN1,SELATINIB,FALSE,inhibitor,GuideToPharmacology,0.767702919983611,""
EN1,IBRUTINIB,TRUE,inhibitor,GuideToPharmacology,0.0451589952931536,""
EN1,AFATINIB,TRUE,inhibitor,GuideToPharmacology,0.0853003244426234,""
EN1,ALLITINIB,FALSE,inhibitor,GuideToPharmacology,0.511801946655741,""
EN1,MUBRITINIB,FALSE,inhibitor,GuideToPharmacology,0.767702919983611,""
EN1,PIROTINIB,FALSE,inhibitor,GuideToPharmacology,0.511801946655741,""
EN1,NERATINIB,TRUE,inhibitor,GuideToPharmacology,0.102360389331148,""
EN1,TESEVATINIB,FALSE,inhibitor,GuideToPharmacology,0.127950486663935,""
EN1,MIFANERTINIB,FALSE,inhibitor,GuideToPharmacology,0.767702919983611,""
EN1,COMPOUND 38 [PMID: 24915291],FALSE,inhibitor,GuideToPharmacology,0.191925729995903,""
EN1,TRASTUZUMAB,TRUE,antibody,GuideToPharmacology,0.0568668829617489,""
EN1,BI-4142,FALSE,inhibitor,GuideToPharmacology,0.767702919983611,""
COL24A1,OCRIPLASMIN,TRUE,cleavage,ChEMBL,0.686892086301126,""
COL24A1,COLLAGENASE CLOSTRIDIUM HISTOLYTICUM,TRUE,cleavage,ChEMBL,0.932210688551528,""
ACKR1,AQ-13,FALSE,"",TTD,26.1018992794428,""
ACKR1,CHLOROQUINE,TRUE,"",TTD,1.63136870496517,""
COCH,VINCRISTINE,TRUE,"",PharmGKB,1.28898268046631,30506673
SV2A,"INSULIN, REGULAR, HUMAN",TRUE,"",NCI,0.393990932519891,16306227
SV2A,SELETRACETAM,FALSE,modulator,TdgClinicalTrial; ChEMBL,20.8815194235542,""
SV2A,LEVETIRACETAM,TRUE,modulator,TTD; TdgClinicalTrial; ChEMBL,4.47461130504733,""
SV2A,PADSEVONIL,FALSE,modulator,ChEMBL,0.5495136690409,""
SV2A,BRIVARACETAM,TRUE,modulator,TTD; TdgClinicalTrial; ChEMBL,10.4407597117771,""
GUCY1A1,CINACIGUAT,FALSE,activator,ChEMBL,0.870063309314759,""
GUCY1A1,RUNCACIGUAT,FALSE,activator,ChEMBL,0.870063309314759,""
GUCY1A1,VERICIGUAT,TRUE,activator,ChEMBL,0.870063309314759,""
GUCY1A1,COMPOUND 7F [PMID: 29283260],FALSE,inhibitor,GuideToPharmacology,3.48025323725904,""
GUCY1A1,NITRIC OXIDE,TRUE,activator,ChEMBL,0.348025323725904,""
GUCY1A1,ISOSORBIDE MONONITRATE,TRUE,activator,ChEMBL,0.348025323725904,""
GUCY1A1,SODIUM NITROPRUSSIDE,TRUE,activator,ChEMBL,0.696050647451807,""
GUCY1A1,NITROGLYCERIN,TRUE,activator,ChEMBL,0.267711787481464,""
GUCY1A1,PENTAERYTHRITOL TETRANITRATE,TRUE,activator,ChEMBL,0.696050647451807,""
GUCY1A1,ISOSORBIDE DINITRATE,TRUE,activator,ChEMBL,0.31638665793264,""
GUCY1A1,RIOCIGUAT,TRUE,positive modulator,TdgClinicalTrial; ChEMBL,1.39210129490361,""
GUCY1A1,PRALICIGUAT,FALSE,activator,ChEMBL,0.696050647451807,""
GUCY1A1,OLINCIGUAT,FALSE,positive modulator,ChEMBL,0.870063309314759,""
GUCY1A1,GLPG4716,FALSE,inhibitor,GuideToPharmacology,1.74012661862952,""
GUCY1A1,ATACIGUAT,FALSE,activator,ChEMBL,0.696050647451807,""
XPNPEP2,TOSEDOSTAT,FALSE,inhibitor,ChEMBL,2.61018992794428,""
HAS3,TRETINOIN,TRUE,"",NCI,0.573668116031709,10772242
HAS3,HYDROCORTISONE BUTYRATE,TRUE,"",NCI,1.24294758473537,13130151
GREM2,ALLOPURINOL,TRUE,"",PharmGKB,3.48025323725904,30924126
COL12A1,"COMPOUND 29 [MOSLIN ET AL., 2017]",FALSE,inhibitor,GuideToPharmacology,1.1864499672474,""
COL12A1,RO20-1724,FALSE,inhibitor,GuideToPharmacology,0.593224983623699,""
COL12A1,PDE4 INHIBITOR 16,FALSE,inhibitor,GuideToPharmacology,0.790966644831599,""
COL12A1,DIFAMILAST,FALSE,inhibitor,GuideToPharmacology,0.474579986898959,""
COL12A1,MANGOSTIN,FALSE,inhibitor,GuideToPharmacology,2.3728999344948,""
COL12A1,TALAROTERPHENYL A,FALSE,inhibitor,GuideToPharmacology,2.3728999344948,""
COL12A1,BPN14770,FALSE,modulator,GuideToPharmacology,1.1864499672474,""
COL12A1,TODDACOUMALONE,FALSE,inhibitor,GuideToPharmacology,2.3728999344948,""
COL12A1,LEO 29102,FALSE,inhibitor,GuideToPharmacology,2.3728999344948,""
COL12A1,"6-HYDROXY-5,7-DIMETHOXYFLAVONE",FALSE,inhibitor,GuideToPharmacology,0.593224983623699,""
COL12A1,COMPOUND 3M [PMID: 32603117],FALSE,inhibitor,GuideToPharmacology,0.790966644831599,""
COL12A1,APREMILAST,TRUE,inhibitor,GuideToPharmacology,0.23728999344948,""
COL12A1,LEO 239652,FALSE,inhibitor,GuideToPharmacology,2.3728999344948,""
COL12A1,MK-0359,FALSE,inhibitor,GuideToPharmacology,0.593224983623699,""
COL12A1,MANGOSTANIN,FALSE,inhibitor,GuideToPharmacology,2.3728999344948,""
COL12A1,CBS-3595,FALSE,inhibitor,GuideToPharmacology,0.790966644831599,""
COL12A1,MORACIN M,FALSE,inhibitor,GuideToPharmacology,0.790966644831599,""
COL12A1,CDP840,FALSE,inhibitor,GuideToPharmacology,0.593224983623699,""
COL12A1,&ALPHA;-MANGOSTIN DERIVATIVE 4E,FALSE,inhibitor,GuideToPharmacology,2.3728999344948,""
COL12A1,RS-25344,FALSE,inhibitor,GuideToPharmacology,0.593224983623699,""
COL12A1,ROLIPRAM,FALSE,inhibitor,GuideToPharmacology,0.23728999344948,""
COL12A1,NERANDOMILAST,FALSE,inhibitor,GuideToPharmacology,0.790966644831599,""
CNGB1,DS-437,FALSE,inhibitor,GuideToPharmacology,26.1018992794428,""
KCNB1,GUANIDINE HYDROCHLORIDE,TRUE,blocker,ChEMBL,0.212210563247502,""
KCNB1,AMIFAMPRIDINE,TRUE,blocker,ChEMBL,0.207157930789228,""
KCNB1,DALFAMPRIDINE,TRUE,blocker,ChEMBL,0.181263189440575,""
KCNB1,AMIFAMPRIDINE PHOSPHATE,TRUE,blocker,ChEMBL,0.212210563247502,""
KCNB1,NERISPIRDINE,FALSE,blocker,ChEMBL,0.174012661862952,""
KCNB1,TEDISAMIL,FALSE,blocker,ChEMBL,0.21751582732869,""
NRG1,PROGESTERONE,TRUE,"",NCI,0.0393248953362603,12529413
NRG1,CISPLATIN,TRUE,"",CIViC,0.00789173069673251,""
NRG1,AFATINIB,TRUE,"",CGI,0.0644491340233155,""
NRG1,IL-3,FALSE,"",NCI,0.257796536093262,9312020
NRG1,PATRITUMAB,FALSE,"",CIViC,0.386694804139893,""
NRG1,COMPOUND 32,FALSE,"",NCI,2.32016882483936,9096655
NRG1,I-C11,FALSE,inhibitor,GuideToPharmacology,0.580042206209839,""
NRG1,LAPATINIB,TRUE,"",CGI; CIViC,0.0748441556399792,""
NRG1,MEK INHIBITOR PD-98059,FALSE,"",NCI,1.16008441241968,18349105
NRG1,TAMOXIFEN,TRUE,"",NCI,0.0356949049975286,18283314
NRG1,PANITUMUMAB,TRUE,"",PharmGKB,0.0580042206209839,""
NRG1,CYTARABINE,TRUE,"",NCI,0.029002110310492,2676043
NRG1,ANTISERUM,FALSE,"",NCI,0.0662905378525531,16482517
NRG1,INTERLEUKIN-8,FALSE,"",NCI,0.773389608279786,11956101
NRG1,DACTINOMYCIN,TRUE,"",NCI,0.0662905378525531,10383144
NRG1,RECOMBINANT VASCULAR ENDOTHELIAL GROWTH FACTOR,FALSE,"",NCI,0.165726344631383,16138928
NRG1,ANTHRACYCLINE ANTINEOPLASTIC ANTIBIOTIC,FALSE,"",NCI,0.193347402069946,14654373
NRG1,ISOPROTERENOL,TRUE,"",NCI,0.0725052757762299,14732742
NRG1,BUPIVACAINE,TRUE,"",NCI,0.136480519108197,17294200
NRG1,CARBOPLATIN,TRUE,"",CIViC,0.013489353632787,""
NRG1,ASPIRIN,TRUE,"",NCI,0.0260693126386445,10921413
NRG1,VINCRISTINE,TRUE,"",NCI,0.028644059565918,17999741
NRG1,ALTEPLASE,TRUE,"",NCI,0.110484229754255,11679632
NRG1,TYROSINE KINASE INHIBITOR,FALSE,"",NCI,0.0892372624938214,17539658
NRG1,DIFFERENTIATION INDUCER,FALSE,"",NCI,0.21092443862176,10532805
NRG1,ANTI-ERBB3 MONOCLONAL ANTIBODY AV-203,FALSE,"",CIViC,0.386694804139893,""
NRG1,MONOCLONAL ANTIBODY ICR62,FALSE,"",NCI,2.32016882483936,11235991
NRG1,MPA,FALSE,"",NCI,0.232016882483936,10597237
NRG1,PROGESTIN,TRUE,"",NCI,0.21092443862176,12529413
NRG1,COMPOUND 8A [PMID: 23713581],FALSE,inhibitor,GuideToPharmacology,0.580042206209839,""
NRG1,ANTIESTROGEN,FALSE,"",NCI,0.154677921655957,12556556
NRG1,NICOTINE POLACRILEX,TRUE,"",NCI,0.0504384527138991,18784291
NRG1,GENISTEIN,TRUE,"",NCI,0.0400029107730924,17539658
NRG1,DEXAMETHASONE,TRUE,"",NCI,0.0272961038216395,7599067
NRG1,PACLITAXEL,TRUE,"",CIViC,0.010546221931088,""
NRG1,NC1,FALSE,inhibitor,GuideToPharmacology,0.580042206209839,""
NRG1,SERIBANTUMAB,FALSE,"",CIViC,0.580042206209839,""
NRG1,NERVE GROWTH FACTOR,FALSE,"",NCI,0.193347402069946,11069896
NRG1,COLCHICINE,TRUE,"",NCI,0.0446186312469107,7666195
NRG1,GEMCITABINE,TRUE,"",CIViC,0.0126096131784748,""
NRG1,WORTMANNIN,FALSE,"",NCI,0.0828631723156913,10559227
NRG1,RECOMBINANT HEREGULIN,FALSE,"",NCI,0.331452689262765,16847284
NRG1,PROTON PUMP INHIBITOR,FALSE,"",NCI,0.580042206209839,16925334
NRG1,CETUXIMAB,TRUE,"",CIViC; PharmGKB,0.0627072655361988,""
NRG1,FIBRIN SEALANT,FALSE,"",NCI,2.32016882483936,16925334
AEBP1,JTE-013,FALSE,inhibitor,GuideToPharmacology,4.35031654657379,""
AEBP1,DIOCTANOYLGLYCEROL PYROPHOSPHATE,FALSE,inhibitor,GuideToPharmacology,3.26273740993035,""
AEBP1,SPHINGOSINE 1-PHOSPHATE,FALSE,agonist,GuideToPharmacology,1.4501055155246,""
AEBP1,LPA,FALSE,agonist,GuideToPharmacology,1.86442137710305,""
TNFRSF9,UTOMILUMAB,FALSE,agonist,TTD; ChEMBL,52.2037985588855,""
TNFRSF9,URELUMAB,FALSE,agonist; antibody,TTD; TALC; ChEMBL,78.3056978383283,""
COL6A1,OCRIPLASMIN,TRUE,cleavage,ChEMBL,0.686892086301126,""
COL6A1,COLLAGENASE CLOSTRIDIUM HISTOLYTICUM,TRUE,cleavage,ChEMBL,0.932210688551528,""
NTRK3,LESTAURTINIB,FALSE,inhibitor,TdgClinicalTrial; ChEMBL,0.212210563247502,""
NTRK3,TOZASERTIB,FALSE,"",DTC,0.0174419641025344,""
NTRK3,CENEGERMIN,TRUE,agonist,ChEMBL,0.318315844871253,""
NTRK3,GAMBOGIC AMIDE,FALSE,"",DTC,0.424421126495004,17911251
NTRK3,SB202190,FALSE,"",DTC,0.035368427207917,""
NTRK3,GW441756X,FALSE,"",DTC,0.0195886673766925,""
NTRK3,LAROTRECTINIB,TRUE,inhibitor,CGI; TTD; CIViC; PharmGKB; OncoKB; ChEMBL,1.90989506922752,""
NTRK3,TAMATINIB,FALSE,"",DTC,0.0157193009812965,""
NTRK3,TALETRECTINIB,FALSE,inhibitor,ChEMBL,0.127326337948501,""
NTRK3,SP-600125,FALSE,"",DTC,0.0143063301065732,""
NTRK3,CEP-2563 DIHYDROCHLORIDE,FALSE,inhibitor,ChEMBL,0.0748978458520596,""
NTRK3,SELITRECTINIB,FALSE,inhibitor,ChEMBL,0.424421126495004,""
NTRK3,MIDOSTAURIN,TRUE,"",CGI,0.109136861098715,21148487; 23131561
NTRK3,DORAMAPIMOD,FALSE,"",DTC,0.0553592773689136,""
NTRK3,REPOTRECTINIB,TRUE,inhibitor,CIViC; ChEMBL,0.181894768497859,""
NTRK3,ALISERTIB,FALSE,"",DTC,0.0265263204059378,""
NTRK3,ILORASERTIB,FALSE,"",DTC,0.0109764084438363,""
NTRK3,MK-2461,FALSE,"",TTD,0.0530526408118755,""
NTRK3,LAROTRECTINIB SULFATE,TRUE,inhibitor,ChEMBL,0.424421126495004,""
NTRK3,GW-2580,FALSE,"",DTC,0.159157922435627,""
NTRK3,RG-1530,FALSE,"",DTC,0.0135453551009044,""
NTRK3,PD-0166285,FALSE,"",DTC,0.0244858342208656,""
NTRK3,MLN-8054,FALSE,"",DTC,0.0439056337753453,""
NTRK3,SNS-314,FALSE,"",DTC,0.0303157947496432,""
NTRK3,THYROXINE,FALSE,"",NCI,0.212210563247502,10452218
NTRK3,AZD-6918,FALSE,inhibitor,ChEMBL,0.424421126495004,""
NTRK3,NERVE GROWTH FACTOR,FALSE,"",NCI,0.212210563247502,10713102
NTRK3,ALK/TRK INHIBITOR TSR-011,FALSE,"",CIViC,0.636631689742507,""
NTRK3,UTATRECTINIB,FALSE,inhibitor,ChEMBL,0.318315844871253,""
NTRK3,PLX-7486,FALSE,inhibitor,ChEMBL,0.318315844871253,""
NTRK3,ALTIRATINIB,FALSE,inhibitor,TTD; ChEMBL,0.254652675897003,""
NTRK3,AST-487,FALSE,"",DTC,0.0310552043776832,""
NTRK3,RECOMBINANT INTERFERON,FALSE,"",NCI,0.0652955579223084,15875206
NTRK3,ENTRECTINIB,TRUE,inhibitor,TTD; CIViC; PharmGKB; OncoKB; DTC; ChEMBL,0.134027724156317,""
NTRK3,HESPERADIN,FALSE,inhibitor,DTC,0.0318315844871253,19035792
NTRK3,TANDUTINIB,FALSE,"",DTC,0.0909473842489295,""
NTRK3,LINIFANIB,FALSE,"",DTC,0.0159157922435627,""
NTRK3,CYC-116,FALSE,"",DTC,0.013126426592629,""
NTRK3,DOVITINIB,FALSE,"",DTC,0.012606568113713,""
NTRK3,CRIZOTINIB,TRUE,"",CIViC,0.0509305351794005,""
NTRK3,SORAFENIB,TRUE,"",DTC,0.0110718554737827,""
LIPG,GSK-264220A,FALSE,"",TTD,26.1018992794428,""
NNMT,NIACIN,TRUE,"",TdgClinicalTrial,3.72884275420611,""
CA9,WS-898,FALSE,inhibitor,GuideToPharmacology,3.72884275420611,""
CA9,BIRICODAR,FALSE,inhibitor,GuideToPharmacology,0.932210688551527,""
CA9,ZOSUQUIDAR,FALSE,inhibitor,GuideToPharmacology,1.86442137710305,""
CA9,SUNITINIB,TRUE,"",CGI,0.0776842240459606,""
CA9,CG250 177LU,FALSE,binder,ChEMBL,3.72884275420611,""
CA9,VALSPODAR,FALSE,inhibitor,GuideToPharmacology,0.932210688551527,""
CA9,ETHOXZOLAMIDE,TRUE,inhibitor,ChEMBL,0.248589516947074,""
CA9,CG250 111IN,FALSE,binder,ChEMBL,3.72884275420611,""
CA9,ENCEQUIDAR,FALSE,inhibitor,GuideToPharmacology,1.86442137710305,""
CA9,SULTHIAME,TRUE,inhibitor,ChEMBL,0.310736896183842,""
CA9,COMPOUND 14 [PMID: 30925062],FALSE,inhibitor,GuideToPharmacology,1.24294758473537,""
CA9,IODINE I 124 GIRENTUXIMAB,FALSE,binder,ChEMBL,3.72884275420611,""
CA9,GIRENTUXIMAB,FALSE,other/unknown,ChEMBL,1.24294758473537,""
CA9,CELECOXIB,TRUE,"",PharmGKB,0.111308738931526,22336956
PORCN,WNT-974,FALSE,inhibitor,TTD; ChEMBL,26.1018992794428,""
PORCN,ETC-1922159,FALSE,"",TTD,13.0509496397214,""
ADH4,OLEIC ACID,TRUE,agonist,GuideToPharmacology,0.395483322415799,""
ADH4,COMPOUND A [PMID 24997608],FALSE,agonist,GuideToPharmacology,4.35031654657379,""
ADH4,LINOLENIC ACID,TRUE,agonist,GuideToPharmacology,0.207157930789228,""
ADH4,GW9508,FALSE,agonist,GuideToPharmacology,2.1751582732869,""
ADH4,GRIFOLIC ACID,FALSE,agonist,GuideToPharmacology,4.35031654657379,""
ADH4,NCG21,FALSE,agonist,GuideToPharmacology,4.35031654657379,""
ADH4,LINOLEIC ACID,FALSE,agonist,GuideToPharmacology,0.621473792367685,""
ADH4,TUG-1197,FALSE,agonist,GuideToPharmacology,4.35031654657379,""
ADH4,MYRISTIC ACID,FALSE,agonist,GuideToPharmacology,2.1751582732869,""
ADH4,NITREFAZOLE,TRUE,inhibitor,ChEMBL,0.621473792367685,""
ADH4,DEHYDRATED ALCOHOL,TRUE,"",NCI,0.110134596115792,3610585
ADH4,GRIFOLIC ACID METHYL ETHER,FALSE,agonist,GuideToPharmacology,4.35031654657379,""
ADCYAP1R1,BAY 55-9837,FALSE,agonist,GuideToPharmacology,0.828631723156913,""
ADCYAP1R1,"[125I]VIP (HUMAN, MOUSE, RAT)",FALSE,agonist,GuideToPharmacology,0.828631723156913,""
ADCYAP1R1,NALOXONE HYDROCHLORIDE,TRUE,"",NCI,0.292458255231852,12573539
ADCYAP1R1,[ARG16]CHICKEN SECRETIN,FALSE,agonist,GuideToPharmacology,0.828631723156913,""
ADCYAP1R1,N-STEARYL-[NLE17] NEUROTENSIN-(6-11)/VIP-(7-28),FALSE,inhibitor,GuideToPharmacology,0.828631723156913,""
ADCYAP1R1,MAXADILAN,FALSE,agonist,GuideToPharmacology,1.24294758473537,""
ADCYAP1R1,"[ALA11,22,28]VIP",FALSE,agonist,GuideToPharmacology,0.828631723156913,""
ADCYAP1R1,PACAP-27,FALSE,agonist,GuideToPharmacology,0.828631723156913,""
ADCYAP1R1,[125I]PACAP-27,FALSE,agonist,GuideToPharmacology,0.828631723156913,""
ADCYAP1R1,VIP,FALSE,agonist,GuideToPharmacology,0.621473792367685,""
ADCYAP1R1,IL-6,FALSE,"",NCI,0.261673175733762,16354624
ADCYAP1R1,"[LYS15,ARG16,LEU27]VIP-(1-7)/GRF-(8-27)-NH2",FALSE,agonist,GuideToPharmacology,0.828631723156913,""
ADCYAP1R1,[125I][AC-HIS1]PACAP-27,FALSE,agonist,GuideToPharmacology,2.48589516947074,""
ADCYAP1R1,M65,FALSE,inhibitor,GuideToPharmacology,2.48589516947074,""
ADCYAP1R1,RO 25-1553,FALSE,agonist,GuideToPharmacology,0.828631723156913,""
ADCYAP1R1,RECOMBINANT MONOCYTE CHEMOATTRACTANT PROTEIN-1,FALSE,"",NCI,0.621473792367685,16354624
ADCYAP1R1,"INSULIN, REGULAR, HUMAN",TRUE,"",NCI,0.0938073648856883,11897681
ADCYAP1R1,PG 99-465,FALSE,agonist,GuideToPharmacology,0.828631723156913,""
ADCYAP1R1,PG 97-269,FALSE,inhibitor,GuideToPharmacology,0.828631723156913,""
ADCYAP1R1,PACAP-38,FALSE,agonist,GuideToPharmacology,0.828631723156913,""
ADCYAP1R1,MK-0893,FALSE,inhibitor,GuideToPharmacology,0.828631723156913,""
BRINP3,URIC ACID,FALSE,"",PharmGKB,34.8025323725904,29580174
CACNG4,IMAGABALIN,FALSE,modulator,ChEMBL,0.223093156234554,""
CACNG4,ATAGABALIN,FALSE,modulator,ChEMBL,0.223093156234554,""
CACNG4,TERODILINE HYDROCHLORIDE,TRUE,blocker,ChEMBL,0.187110389099948,""
CACNG4,BEPRIDIL HYDROCHLORIDE,TRUE,blocker,ChEMBL,0.223093156234554,""
CACNG4,SULOCTIDIL,TRUE,blocker,ChEMBL,0.223093156234554,""
CACNG4,PREGABALIN,TRUE,modulator,ChEMBL,0.223093156234554,""
CACNG4,GABAPENTIN ENACARBIL,TRUE,modulator,ChEMBL,0.214830446744385,""
CACNG4,PHLOROGLUCINOL,TRUE,blocker,ChEMBL,0.223093156234554,""
CACNG4,GABAPENTIN,TRUE,modulator,ChEMBL,0.14501055155246,""
SELE,LEUCOVORIN CALCIUM,TRUE,"",PharmGKB,0.2636555482772,24980946
SELE,SIALYL LEWIS X,FALSE,"",DTC,4.74579986898959,""
SELE,CY-1503,FALSE,"",TTD,2.3728999344948,""
SELE,FLUOROURACIL,TRUE,"",PharmGKB,0.0818241356722344,24980946
SELE,CAPECITABINE,TRUE,"",PharmGKB,0.186109798783906,24980946
SELE,CDP-850,FALSE,inhibitor,ChEMBL,4.74579986898959,""
SELE,GMI-1359,FALSE,"",TTD,1.5819332896632,""
SELE,BIMOSIAMOSE,FALSE,inhibitor,TTD; TdgClinicalTrial; ChEMBL,4.74579986898959,""
SELE,RIVIPANSEL,FALSE,inhibitor,TTD; TdgClinicalTrial; ChEMBL,6.32773315865279,20508165
SELE,UPROLESELAN,FALSE,inhibitor,TTD; ChEMBL,4.74579986898959,""
SELE,OXALIPLATIN,TRUE,"",PharmGKB,0.249778940473137,24980946
TCIM,ANGIOGENESIS INHIBITOR,FALSE,"",NCI,8.70063309314759,15289477
PNPLA3,PREDNISOLONE,TRUE,"",PharmGKB,0.466105344275764,28744905; 28090653
PNPLA3,DOXORUBICIN HYDROCHLORIDE,TRUE,"",PharmGKB,0.0587880614401864,36580335
PNPLA3,DEHYDRATED ALCOHOL,TRUE,"",PharmGKB,0.110134596115792,30132178
PNPLA3,CYTARABINE,TRUE,"",PharmGKB,0.163136870496517,36580335; 28090653
PNPLA3,THIOGUANINE,TRUE,"",PharmGKB,0.2636555482772,36580335
PNPLA3,ASPARAGINASE,TRUE,"",PharmGKB,0.725052757762299,28744905; 28090653
PNPLA3,PEGASPARGASE,TRUE,"",PharmGKB,0.580042206209839,36580335
PNPLA3,METHOTREXATE,TRUE,"",PharmGKB,0.0790966644831599,36580335
PNPLA3,MERCAPTOPURINE,TRUE,"",PharmGKB,0.29002110310492,36580335; 28090653
PNPLA3,VINCRISTINE,TRUE,"",PharmGKB,0.214830446744385,36580335; 28744905; 28090653
PNPLA3,CYCLOPHOSPHAMIDE ANHYDROUS,TRUE,"",PharmGKB,0.214830446744385,36580335; 28744905; 28090653
PNPLA3,DAUNORUBICIN LIPOSOMAL,TRUE,"",PharmGKB,0.191222705343903,36580335; 28744905; 28090653
DUSP1,COMPOUND 4 [PMID: 26191369],FALSE,inhibitor,GuideToPharmacology,3.48025323725904,""
DUSP1,CHMFL-KIT-64,FALSE,inhibitor,GuideToPharmacology,0.580042206209839,""
DUSP1,COMPOUND 6J [PMID: 27219676],FALSE,inhibitor,GuideToPharmacology,3.48025323725904,""
DUSP1,RIPK1 INHIBITOR 22B,FALSE,inhibitor,GuideToPharmacology,0.31638665793264,""
DUSP1,NILOTINIB,TRUE,inhibitor,GuideToPharmacology,0.21751582732869,""
DUSP1,DDR1/2 INHIBITOR 5N,FALSE,inhibitor,GuideToPharmacology,0.267711787481464,""
DUSP1,IMATINIB,TRUE,inhibitor,GuideToPharmacology,0.0483368505174866,""
DUSP1,COMPOUND 1 [PMID: 31477924],FALSE,inhibitor,GuideToPharmacology,1.74012661862952,""
DUSP1,ANTISENSE OLIGONUCLEOTIDES,FALSE,"",NCI,0.21092443862176,11988488
DUSP1,ARGIPRESSIN,TRUE,"",NCI,0.267711787481464,9231829
DUSP1,COMPOUND 7K [PMID: 23521020],FALSE,inhibitor,GuideToPharmacology,1.74012661862952,""
DUSP1,DDR-IN-1,FALSE,inhibitor,GuideToPharmacology,1.74012661862952,""
DUSP1,MERESTINIB,FALSE,inhibitor,GuideToPharmacology,0.348025323725904,""
DUSP1,NAPORAFENIB,FALSE,inhibitor,GuideToPharmacology,0.435031654657379,""
DUSP1,HYDROXYUREA,TRUE,"",NCI,0.331452689262765,15856297
MMP16,SL422,FALSE,inhibitor,GuideToPharmacology,4.35031654657379,""
MMP16,ILOMASTAT,FALSE,inhibitor,GuideToPharmacology,1.04407597117771,""
OASL,RIBAVIRIN,TRUE,"",PharmGKB,1.37378417260225,21993426
OASL,PEGINTERFERON ALFA-2B,TRUE,"",PharmGKB,1.63136870496517,21993426
PYGM,PSN357,FALSE,"",TdgClinicalTrial,8.70063309314759,""
PYGM,MIFEPRISTONE,TRUE,"",NCI,1.86442137710305,2511255
TF,ADEMETIONINE,FALSE,"",TTD,13.0509496397214,""
TF,VEMURAFENIB,TRUE,"",CIViC,0.352728368641118,""
TF,TRANSFERRIN RECEPTOR-TARGETED ANTI-RRM2 SIRNA CALAA-01,FALSE,"",TTD,6.52547481986069,""
TF,ADALIMUMAB,TRUE,"",PharmGKB,0.790966644831599,27115882
GABRB1,METHARBITAL,TRUE,positive modulator,ChEMBL,0.0314480714210154,""
GABRB1,ZOPICLONE,TRUE,positive modulator,ChEMBL,0.0628961428420308,""
GABRB1,ADINAZOLAM,FALSE,"",TEND; TdgClinicalTrial,0.073995462167095,""
GABRB1,THIOPENTAL SODIUM,TRUE,positive modulator,ChEMBL,0.0369977310835475,""
GABRB1,HALAZEPAM,TRUE,positive modulator,TEND; TdgClinicalTrial; ChEMBL,0.0943442142630461,""
GABRB1,REMIMAZOLAM BESYLATE,TRUE,positive modulator,ChEMBL,0.0393100892762692,""
GABRB1,CLORAZEPATE DIPOTASSIUM,TRUE,positive modulator,ChEMBL,0.0393100892762692,""
GABRB1,BROMAZEPAM,TRUE,"",TEND; TdgClinicalTrial,0.0599010884209817,""
GABRB1,TALBUTAL,TRUE,positive modulator,ChEMBL,0.0314480714210154,""
GABRB1,CHLORDIAZEPOXIDE HYDROCHLORIDE,TRUE,positive modulator,ChEMBL,0.0393100892762692,""
GABRB1,ABP-700,FALSE,agonist,ChEMBL,0.0393100892762692,""
GABRB1,ZALEPLON,TRUE,positive modulator,ChEMBL,0.157240357105077,""
GABRB1,METHOXYFLURANE,TRUE,positive modulator,ChEMBL,0.0285891558372867,""
GABRB1,OXAZEPAM,TRUE,positive modulator,TEND; TdgClinicalTrial; ChEMBL,0.0725724725100355,""
GABRB1,CLORAZEPATE,TRUE,"",TEND; TdgClinicalTrial,0.0628961428420308,""
GABRB1,CLONAZEPAM,TRUE,positive modulator,TEND; TdgClinicalTrial; ChEMBL,0.0754753714104369,""
GABRB1,PROPOFOL,TRUE,positive modulator,ChEMBL,0.020289078336139,""
GABRB1,METHYPRYLON,TRUE,positive modulator,ChEMBL,0.0393100892762692,""
GABRB1,CHLORDIAZEPOXIDE,TRUE,positive modulator,TEND; TdgClinicalTrial; ChEMBL,0.0898516326314725,""
GABRB1,ESTAZOLAM,TRUE,positive modulator,TEND; TdgClinicalTrial; ChEMBL,0.0820384471852575,""
GABRB1,TETRAZEPAM,TRUE,positive modulator,ChEMBL,0.0393100892762692,""
GABRB1,NITRAZEPAM,FALSE,"",TEND; TdgClinicalTrial,0.0599010884209817,""
GABRB1,FLUDIAZEPAM,FALSE,"",TEND; TdgClinicalTrial,0.073995462167095,""
GABRB1,PRAZEPAM,TRUE,positive modulator,TEND; TdgClinicalTrial; ChEMBL,0.0857674675118601,""
GABRB1,SEVOFLURANE,TRUE,positive modulator,ChEMBL,0.0169989575248732,""
GABRB1,LOREDIPLON,FALSE,positive modulator,ChEMBL,0.0393100892762692,""
GABRB1,ISOFLURANE,TRUE,positive modulator,ChEMBL,0.020289078336139,""
GABRB1,BUTALBITAL,TRUE,positive modulator,ChEMBL,0.0314480714210154,""
GABRB1,PENTOBARBITAL SODIUM,TRUE,positive modulator,ChEMBL,0.0314480714210154,""
GABRB1,CLOBAZAM,TRUE,positive modulator,TEND; TdgClinicalTrial; ChEMBL,0.0857674675118601,""
GABRB1,GANAXOLONE,TRUE,positive modulator,ChEMBL,0.034942301578906,""
GABRB1,QUAZEPAM,TRUE,positive modulator,TEND; TdgClinicalTrial; ChEMBL,0.0943442142630461,""
GABRB1,DARIGABAT,FALSE,agonist,ChEMBL,0.0393100892762692,""
GABRB1,TRIAZOLAM,TRUE,positive modulator,TEND; TdgClinicalTrial; ChEMBL,0.0571783116745734,""
GABRB1,EVT 201,FALSE,"",TdgClinicalTrial,0.033103233074753,""
GABRB1,CHLORMETHIAZOLE,TRUE,positive modulator,ChEMBL,0.0314480714210154,""
GABRB1,FLUNITRAZEPAM,TRUE,positive modulator,ChEMBL,0.0285891558372867,""
GABRB1,TOPIRAMATE,TRUE,positive modulator,ChEMBL,0.0142945779186434,""
GABRB1,GLUTETHIMIDE,TRUE,positive modulator,ChEMBL,0.0369977310835475,""
GABRB1,METHAQUALONE,TRUE,positive modulator,ChEMBL,0.0393100892762692,""
GABRB1,ACAMPROSATE CALCIUM,TRUE,positive modulator,ChEMBL,0.0251584571368123,""
GABRB1,PADSEVONIL,FALSE,agonist,ChEMBL,0.033103233074753,""
GABRB1,BUTABARBITAL SODIUM,TRUE,positive modulator,ChEMBL,0.0393100892762692,""
GABRB1,ETOMIDATE,TRUE,positive modulator,DTC; ChEMBL,0.110993193250643,16884293
GABRB1,ZOLPIDEM TARTRATE,TRUE,positive modulator,ChEMBL,0.0483816483400237,""
GABRB1,MEPROBAMATE,TRUE,agonist,ChEMBL,0.034942301578906,""
GABRB1,TEMAZEPAM,TRUE,positive modulator,TEND; TdgClinicalTrial; ChEMBL,0.0857674675118601,""
GABRB1,ADIPIPLON,FALSE,"",TdgClinicalTrial,0.033103233074753,""
GABRB1,RESEQUINIL,FALSE,inverse agonist,ChEMBL,0.0393100892762692,""
GABRB1,TRICLOFOS SODIUM,TRUE,positive modulator,ChEMBL,0.0393100892762692,""
GABRB1,PAGOCLONE,FALSE,positive modulator,ChEMBL,0.0393100892762692,""
GABRB1,METHAQUALONE HYDROCHLORIDE,TRUE,positive modulator,ChEMBL,0.0393100892762692,""
GABRB1,IMEPITOIN,FALSE,agonist,ChEMBL,0.0393100892762692,""
GABRB1,DESFLURANE,TRUE,positive modulator,ChEMBL,0.0209653809473436,""
GABRB1,FLUMAZENIL,TRUE,negative modulator,ChEMBL,0.0262067261841795,""
GABRB1,GABOXADOL,FALSE,agonist,TdgClinicalTrial; ChEMBL,0.054692298123505,""
GABRB1,ALPRAZOLAM,TRUE,positive modulator,TEND; TdgClinicalTrial; ChEMBL,0.0554965966253213,""
GABRB1,SECOBARBITAL SODIUM,TRUE,positive modulator,ChEMBL,0.0393100892762692,""
GABRB1,CHEMBL:CHEMBL2170369,FALSE,"",DTC,0.314480714210154,21751815
GABRB1,ESZOPICLONE,TRUE,positive modulator,ChEMBL,0.034942301578906,""
GABRB1,CIPEPOFOL,FALSE,agonist,ChEMBL,0.0393100892762692,""
GABRB1,ENFLURANE,TRUE,positive modulator,ChEMBL,0.020289078336139,""
GABRB1,FLURAZEPAM HYDROCHLORIDE,TRUE,positive modulator,ChEMBL,0.0393100892762692,""
GABRB1,ETAZOLATE,FALSE,"",TdgClinicalTrial,0.0393100892762692,""
GABRB1,CENOBAMATE,TRUE,positive modulator,ChEMBL,0.0224629081578681,""
GABRB1,[3H]AZIETOMIDATE,FALSE,"",DTC,0.0786201785525384,16884293
GABRB1,REMIMAZOLAM,TRUE,"",TdgClinicalTrial,0.033103233074753,""
GABRB1,PRIMIDONE,TRUE,positive modulator,ChEMBL,0.0179703265262945,""
GABRB1,FLURAZEPAM,TRUE,"",TEND; TdgClinicalTrial,0.0599010884209817,""
GABRB1,ETIFOXINE,FALSE,inhibitor,ChEMBL,0.0393100892762692,""
GABRB1,ETHCHLORVYNOL,TRUE,positive modulator,ChEMBL,0.0393100892762692,""
GABRB1,OCINAPLON,FALSE,"",TdgClinicalTrial,0.0285891558372867,""
GABRB1,DIAZEPAM,TRUE,positive modulator,TEND; TdgClinicalTrial; ChEMBL,0.0650649753538249,""
GABRB1,HALOTHANE,TRUE,positive modulator,ChEMBL,0.017471150789453,""
GABRB1,CLOTIAZEPAM,TRUE,positive modulator,TEND; TdgClinicalTrial; ChEMBL,0.0943442142630461,""
GABRB1,ADIPIPLON,FALSE,agonist,ChEMBL,0.0393100892762692,""
GABRB1,METHOHEXITAL SODIUM,TRUE,positive modulator,ChEMBL,0.0393100892762692,""
GABRB1,ZURANOLONE,TRUE,positive modulator,ChEMBL,0.0393100892762692,""
GABRB1,MIDAZOLAM HYDROCHLORIDE,TRUE,positive modulator,TEND; TdgClinicalTrial; ChEMBL,0.052413452368359,""
GABRB1,CINOLAZEPAM,FALSE,"",TEND; TdgClinicalTrial,0.073995462167095,""
GABRB1,THIAMYLAL SODIUM,TRUE,positive modulator,ChEMBL,0.0369977310835475,""
GABRB1,BREXANOLONE,TRUE,positive modulator,ChEMBL,0.0299505442104908,""
GABRB1,LORAZEPAM,TRUE,positive modulator,TEND; TdgClinicalTrial; ChEMBL,0.0754753714104369,""
SLC6A2,TESOFENSINE,FALSE,inhibitor,TdgClinicalTrial; ChEMBL,0.241684252587433,""
SLC6A2,PHENMETRAZINE,TRUE,"",TEND; TTD; TdgClinicalTrial,0.725052757762299,""
SLC6A2,VENLAFAXINE,TRUE,"",TEND; TTD; TdgClinicalTrial; PharmGKB,0.201403543822861,28068779
SLC6A2,SIBUTRAMINE HYDROCHLORIDE,TRUE,inhibitor,ChEMBL,0.0805614175291443,""
SLC6A2,DEXMETHYLPHENIDATE,TRUE,inhibitor,TdgClinicalTrial; ChEMBL,0.322245670116577,""
SLC6A2,TRIMIPRAMINE,TRUE,"",TEND; TTD; TdgClinicalTrial,0.0439425913795333,""
SLC6A2,CLOMIPRAMINE,TRUE,"",TEND; TdgClinicalTrial,0.0254404476407824,""
SLC6A2,GUANADREL SULFATE,TRUE,other/unknown,TEND; TdgClinicalTrial; ChEMBL,0.725052757762299,""
SLC6A2,TAPENTADOL HYDROCHLORIDE,TRUE,inhibitor,TTD; ChEMBL,0.322245670116577,""
SLC6A2,LISDEXAMFETAMINE DIMESYLATE,TRUE,other/unknown,ChEMBL,0.0805614175291443,""
SLC6A2,PROTRIPTYLINE,TRUE,"",TEND; TTD; TdgClinicalTrial,0.161122835058289,""
SLC6A2,DESVENLAFAXINE SUCCINATE,TRUE,inhibitor,TEND; TdgClinicalTrial; ChEMBL,0.181263189440575,""
SLC6A2,ATOMOXETINE HYDROCHLORIDE,TRUE,inhibitor,TEND; TTD; TdgClinicalTrial; PharmGKB; ChEMBL,0.422947442028008,23266789; 19387424
SLC6A2,IOBENGUANE I-123,TRUE,"",TTD,0.483368505174866,""
SLC6A2,SURONACRINE MALEATE,FALSE,"",TTD,0.241684252587433,""
SLC6A2,REBOXETINE,TRUE,inhibitor,TTD; ChEMBL,0.322245670116577,""
SLC6A2,BICIFADINE,FALSE,inhibitor,TTD; ChEMBL,0.483368505174866,19357320
SLC6A2,DOXEPIN HYDROCHLORIDE,TRUE,inhibitor,TEND; TdgClinicalTrial; ChEMBL,0.03295694353465,""
SLC6A2,LIAFENSINE,FALSE,inhibitor,ChEMBL,0.161122835058289,""
SLC6A2,ORPHENADRINE HYDROCHLORIDE,TRUE,inhibitor,ChEMBL,0.0254404476407824,""
SLC6A2,DULOXETINE HYDROCHLORIDE,TRUE,inhibitor,TEND; TTD; TdgClinicalTrial; ChEMBL,0.0743643854115179,""
SLC6A2,DASOTRALINE,FALSE,inhibitor,TTD; ChEMBL,0.322245670116577,""
SLC6A2,DESIPRAMINE HYDROCHLORIDE,TRUE,inhibitor,ChEMBL,0.161122835058289,""
SLC6A2,METHYLPHENIDATE HYDROCHLORIDE,TRUE,inhibitor,TEND; TdgClinicalTrial; ChEMBL,0.0315240329461869,""
SLC6A2,AMITIFADINE,FALSE,inhibitor,TTD; ChEMBL,0.322245670116577,""
SLC6A2,NEFAZODONE,TRUE,"",TEND; TdgClinicalTrial,0.0690526435964094,""
SLC6A2,AMITIFADINE HYDROCHLORIDE,FALSE,"",TTD; TdgClinicalTrial,0.322245670116577,""
SLC6A2,DEXTROAMPHETAMINE SULFATE,TRUE,other/unknown,TdgClinicalTrial; ChEMBL,0.0508808952815648,""
SLC6A2,TYROSINE HYDROXYLASE INHIBITOR,FALSE,"",NCI,0.483368505174866,7637592
SLC6A2,NORTRIPTYLINE,TRUE,"",TEND; TdgClinicalTrial,0.0302105315734291,""
SLC6A2,MAPROTILINE HYDROCHLORIDE,TRUE,inhibitor,ChEMBL,0.0690526435964094,""
SLC6A2,ST. JOHN'S WORT,FALSE,"",TTD,0.483368505174866,""
SLC6A2,DEXTROAMPHETAMINE SACCHARATE,TRUE,other/unknown,ChEMBL,0.161122835058289,""
SLC6A2,AMOXAPINE,TRUE,inhibitor,TEND; TTD; TdgClinicalTrial; ChEMBL,0.128898268046631,""
SLC6A2,PHENDIMETRAZINE,TRUE,inhibitor,ChEMBL,0.120842126293716,""
SLC6A2,PHENYLPROPANOLAMINE HYDROCHLORIDE,TRUE,other/unknown,ChEMBL,0.241684252587433,""
SLC6A2,BUPROPION HYDROCHLORIDE,TRUE,inhibitor,TEND; TTD; TdgClinicalTrial; ChEMBL,0.113733765923498,""
SLC6A2,BETHANIDINE,TRUE,"",TEND; TdgClinicalTrial,0.120842126293716,""
SLC6A2,TRAMADOL,TRUE,"",TEND; TdgClinicalTrial,0.0402807087645722,""
SLC6A2,MILNACIPRAN,TRUE,"",TEND; TTD; TdgClinicalTrial,0.207157930789228,""
SLC6A2,DIETHYLPROPION HYDROCHLORIDE,TRUE,inhibitor,ChEMBL,0.241684252587433,""
SLC6A2,DEXTROAMPHETAMINE ADIPATE,TRUE,other/unknown,ChEMBL,0.161122835058289,""
SLC6A2,MAPROTILINE,TRUE,"",TEND; TTD; TdgClinicalTrial,0.111546578117277,""
SLC6A2,XEN-2174,FALSE,"",TTD,0.483368505174866,""
SLC6A2,AMITRIPTYLINE HYDROCHLORIDE,TRUE,inhibitor,TEND; TTD; TdgClinicalTrial; ChEMBL,0.042966089348877,""
SLC6A2,LEVOMILNACIPRAN,TRUE,"",TTD; TdgClinicalTrial,0.161122835058289,""
SLC6A2,PHENTERMINE RESIN,TRUE,other/unknown,TEND; TTD; TdgClinicalTrial; ChEMBL,0.644491340233155,""
SLC6A2,TEDATIOXETINE,FALSE,inhibitor,TdgClinicalTrial; ChEMBL,0.0878851827590666,""
SLC6A2,DESIPRAMINE,TRUE,"",TEND; TTD; TdgClinicalTrial; PharmGKB; DTC,0.0743643854115178,17428804
SLC6A2,BL-1021,FALSE,"",TTD,0.241684252587433,""
SLC6A2,RADIX POLYGALAE EXTRACT PDC-1421,FALSE,"",TTD,0.483368505174866,""
SLC6A2,IOBENGUANE I-131,TRUE,other/unknown,ChEMBL,0.483368505174866,""
SLC6A2,PSEUDOEPHEDRINE,TRUE,other/unknown,TdgClinicalTrial; ChEMBL,0.0568668829617489,""
SLC6A2,AMPRELOXETINE,FALSE,"",TTD,0.241684252587433,""
SLC6A2,NEFAZODONE HYDROCHLORIDE,TRUE,inhibitor,ChEMBL,0.0805614175291443,""
SLC6A2,BRETYLIUM TOSYLATE,TRUE,other/unknown,ChEMBL,0.483368505174866,""
SLC6A2,GUANETHIDINE,TRUE,"",TEND; TdgClinicalTrial,0.966737010349732,""
SLC6A2,SIBUTRAMINE,FALSE,"",TEND; TTD; TdgClinicalTrial,0.161122835058289,""
SLC6A2,NETARSUDIL,TRUE,"",TTD,0.120842126293716,""
SLC6A2,BETHANIDINE SULFATE,TRUE,other/unknown,ChEMBL,0.483368505174866,""
SLC6A2,PSEUDOEPHEDRINE POLISTIREX,TRUE,other/unknown,ChEMBL,0.483368505174866,""
SLC6A2,PSEUDOEPHEDRINE SULFATE,TRUE,other/unknown,ChEMBL,0.483368505174866,""
SLC6A2,DESVENLAFAXINE FUMARATE,TRUE,inhibitor,ChEMBL,0.241684252587433,""
SLC6A2,MILNACIPRAN HYDROCHLORIDE,TRUE,inhibitor,ChEMBL,0.241684252587433,""
SLC6A2,TRIMIPRAMINE MALEATE,TRUE,inhibitor,ChEMBL,0.0604210631468582,""
SLC6A2,AMPHETAMINE ADIPATE,TRUE,other/unknown,ChEMBL,0.241684252587433,""
SLC6A2,PHENMETRAZINE HYDROCHLORIDE,TRUE,inhibitor,ChEMBL,0.241684252587433,""
SLC6A2,GUANETHIDINE MONOSULFATE,TRUE,other/unknown,ChEMBL,0.483368505174866,""
SLC6A2,3-IODOBENZYLGUANIDINE,TRUE,"",TTD,0.241684252587433,""
SLC6A2,PROTRIPTYLINE HYDROCHLORIDE,TRUE,inhibitor,ChEMBL,0.161122835058289,""
SLC6A2,VILOXAZINE HYDROCHLORIDE,FALSE,"",TTD,0.483368505174866,""
SLC6A2,BENZPHETAMINE HYDROCHLORIDE,TRUE,other/unknown,ChEMBL,0.241684252587433,""
SLC6A2,ORPHENADRINE CITRATE,TRUE,inhibitor,ChEMBL,0.0230175478654698,""
SLC6A2,IMIPRAMINE PAMOATE,TRUE,inhibitor,ChEMBL,0.241684252587433,""
SLC6A2,FAXELADOL,FALSE,inhibitor,ChEMBL,0.161122835058289,""
SLC6A2,VENLAFAXINE HYDROCHLORIDE,TRUE,inhibitor,ChEMBL,0.241684252587433,""
SLC6A2,SPIROGLUMIDE,FALSE,"",TTD,0.161122835058289,""
SLC6A2,AMPHETAMINE SULFATE,TRUE,other/unknown,ChEMBL,0.241684252587433,""
SLC6A2,VILOXAZINE HYDROCHLORIDE,TRUE,inhibitor,ChEMBL,0.483368505174866,""
SLC6A2,EDIVOXETINE,FALSE,"",TdgClinicalTrial,0.483368505174866,""
SLC6A2,NORTRIPTYLINE HYDROCHLORIDE,TRUE,inhibitor,ChEMBL,0.0805614175291443,""
SLC6A2,DEBRISOQUIN,TRUE,inhibitor,ChEMBL,0.0690526435964094,""
SLC6A2,"3,4-METHYLENEDIOXYMETHAMPHETAMINE",FALSE,"",TTD,0.0439425913795333,""
SLC6A2,EDIVOXETINE,FALSE,inhibitor,ChEMBL,0.483368505174866,""
SLC6A2,SOLRIAMFETOL,FALSE,"",TdgClinicalTrial,0.241684252587433,""
SLC6A2,DOTHIEPIN,TRUE,inhibitor,ChEMBL,0.0483368505174866,""
SLC6A2,PHENYLPROPANOLAMINE POLISTIREX,TRUE,other/unknown,ChEMBL,0.241684252587433,""
SLC6A2,DIETHYLPROPION,TRUE,"",TEND; TTD; TdgClinicalTrial,0.483368505174866,""
SLC6A2,IMIPRAMINE HYDROCHLORIDE,TRUE,inhibitor,TEND; TTD; TdgClinicalTrial; ChEMBL,0.0966737010349732,""
SLC6A2,COCAINE,TRUE,"",TEND; TTD; TdgClinicalTrial,0.111546578117277,""
SLC6A2,CENTANAFADINE,FALSE,inhibitor,ChEMBL,0.161122835058289,""
SLC6A2,NOMIFENSINE MALEATE,TRUE,inhibitor,ChEMBL,0.0966737010349732,""
SLC6A2,MAZINDOL,TRUE,inhibitor,TTD; ChEMBL,0.193347402069946,""
SLC6A2,NS-2359,FALSE,inhibitor,ChEMBL,0.161122835058289,""
SLC6A2,LEVOMILNACIPRAN HYDROCHLORIDE,TRUE,inhibitor,ChEMBL,0.241684252587433,""
SLC6A2,TAPENTADOL,TRUE,"",TdgClinicalTrial,0.0805614175291443,""
SLC6A2,IOBENGUANE,FALSE,"",DTC,0.322245670116577,24814532
SLC6A2,METHAMPHETAMINE,TRUE,inhibitor,TdgClinicalTrial; ChEMBL,0.0402807087645722,""
SLC6A2,TRAZODONE,TRUE,"",TEND,0.0322245670116577,""
SLC6A2,SERDEXMETHYLPHENIDATE CHLORIDE,TRUE,inhibitor,ChEMBL,0.241684252587433,""
SLC6A2,AMPRELOXETINE,FALSE,inhibitor,ChEMBL,0.483368505174866,""
SLC6A2,HINOKININ,FALSE,"",DTC,0.322245670116577,24112084
SLC6A2,PYROVALERONE HYDROCHLORIDE,TRUE,inhibitor,ChEMBL,0.241684252587433,""
SLC6A2,DDP-225,FALSE,"",TdgClinicalTrial,0.0805614175291443,""
SLC6A2,SERDEXMETHYLPHENIDATE,TRUE,inhibitor,ChEMBL,0.241684252587433,""
SLC6A2,DIBENZEPIN,TRUE,inhibitor,ChEMBL,0.241684252587433,""
SLC6A2,ACETAMINOPHEN,TRUE,"",TTD,0.00929554817643973,""
SLC6A2,AMPHETAMINE ASPARTATE,TRUE,other/unknown,ChEMBL,0.241684252587433,""
MUSK,HESPERADIN,FALSE,inhibitor,DTC,0.652547481986069,19035792
MUSK,ROZANOLIXIZUMAB,TRUE,"",PharmGKB,2.61018992794428,""
VCAM1,DEXAMETHASONE,TRUE,"",NCI,0.204720778662296,7694584
VCAM1,CYCLOSPORINE,TRUE,"",NCI,0.200014553865462,7694584
VCAM1,TROGLITAZONE,TRUE,"",NCI,0.669279468703661,10626906
VCAM1,TETRADECANOYLPHORBOL ACETATE,FALSE,"",NCI,0.378288395354243,7678355
VCAM1,MERCAPTOPURINE,TRUE,"",NCI,0.386694804139893,7694584
VCAM1,PHORBOL 12-MYRISTATE 13-ACETATE,FALSE,"",NCI,1.16008441241968,7678355
CA3,ACETAZOLAMIDE,TRUE,"",NCI,1.86442137710305,1909176
CA3,SULTHIAME,TRUE,inhibitor,ChEMBL,1.08757913664345,""
CA3,ETHOXZOLAMIDE,TRUE,inhibitor,ChEMBL,0.870063309314759,""
CA3,ISOTRETINOIN,TRUE,"",NCI,1.63136870496517,1361281
F2RL3,VORAPAXAR,TRUE,"",TdgClinicalTrial,4.35031654657379,""
F2RL3,RUSALATIDE,FALSE,"",TdgClinicalTrial,5.80042206209839,""
F2RL3,BMS-986141,FALSE,inhibitor,ChEMBL,8.70063309314759,""
KCNJ1,CHLORPROPAMIDE,TRUE,"",TEND; TdgClinicalTrial,0.790966644831599,""
KCNJ1,TOLBUTAMIDE,TRUE,"",TEND; TdgClinicalTrial,1.08757913664345,""
KCNJ1,GLICLAZIDE,TRUE,"",TEND; TdgClinicalTrial,1.74012661862952,""
KCNJ1,GLIMEPIRIDE,TRUE,"",TEND; TdgClinicalTrial,1.08757913664345,""
KCNJ1,GLIPIZIDE,TRUE,"",TEND; TdgClinicalTrial,1.24294758473537,""
KCNJ1,GLYBURIDE,TRUE,"",TEND; TdgClinicalTrial,0.300021830798193,""
KCNJ1,GLYMIDINE,FALSE,"",TEND; TdgClinicalTrial,4.35031654657379,""
KCNJ1,REPAGLINIDE,TRUE,"",TEND,0.310736896183843,""
KCNJ1,MINOXIDIL,TRUE,"",TEND; TdgClinicalTrial,0.725052757762299,""
KCNJ1,TOLAZAMIDE,TRUE,"",TEND; TdgClinicalTrial,1.24294758473537,""
KCNJ1,NATEGLINIDE,TRUE,"",TEND,0.483368505174866,""
KCNJ1,ACETOHEXAMIDE,TRUE,"",TEND; TdgClinicalTrial,2.9002110310492,""
CCL14,RECOMBINANT RANTES,FALSE,"",NCI,8.70063309314759,12381680
CCL14,RECOMBINANT CHEMOKINE,FALSE,"",NCI,4.35031654657379,12381680
PTGS2,CARPROFEN,TRUE,inhibitor,TEND; TTD; TdgClinicalTrial; ChEMBL,0.892372624938214,""
PTGS2,INDOMETHACIN SODIUM,TRUE,inhibitor,ChEMBL,0.223093156234554,""
PTGS2,DARBUFELONE,FALSE,"",TTD,0.223093156234554,""
PTGS2,MEFENAMIC ACID,TRUE,inhibitor,TEND; TTD; TdgClinicalTrial; ChEMBL,0.127481803562602,""
PTGS2,MECLOFENAMATE SODIUM,TRUE,inhibitor,TTD; ChEMBL,0.127481803562602,""
PTGS2,DICLOFENAC SODIUM,TRUE,inhibitor,TEND; TdgClinicalTrial; PharmGKB; ChEMBL,0.0656156341866334,19602986
PTGS2,CAPECITABINE,TRUE,"",PharmGKB,0.0174975024497689,19219602
PTGS2,PIRPROFEN,TRUE,inhibitor,ChEMBL,0.223093156234554,""
PTGS2,ESFLURBIPROFEN,TRUE,inhibitor,ChEMBL,0.111546578117277,""
PTGS2,SULFASALAZINE,TRUE,inhibitor,TdgClinicalTrial; ChEMBL,0.0371821927057589,""
PTGS2,BROMFENAC,TRUE,"",TEND; TdgClinicalTrial,0.297457541646071,""
PTGS2,"IBUPROFEN, SODIUM SALT",TRUE,inhibitor,TEND; TTD; TdgClinicalTrial; ChEMBL,0.0457626987147802,""
PTGS2,ALOXIPRIN,TRUE,inhibitor,ChEMBL,0.223093156234554,""
PTGS2,TENOXICAM,FALSE,"",TEND; TTD; TdgClinicalTrial,0.267711787481464,""
PTGS2,FLURBIPROFEN,TRUE,inhibitor,TEND; TTD; TdgClinicalTrial; DTC; ChEMBL,0.278866445293192,""
PTGS2,SALICYLIC ACID,TRUE,"",TEND; TdgClinicalTrial,0.297457541646071,""
PTGS2,ATENOLOL,TRUE,"",PharmGKB,0.024788128470506,24116192
PTGS2,DEXKETOPROFEN,TRUE,inhibitor,ChEMBL,0.111546578117277,""
PTGS2,ETORICOXIB,TRUE,inhibitor,TEND; TTD; TdgClinicalTrial; PharmGKB; ChEMBL,1.33855893740732,19602986
PTGS2,LUMIRACOXIB,TRUE,inhibitor,TEND; TTD; TdgClinicalTrial; PharmGKB; ChEMBL,0.446186312469107,19602986
PTGS2,SUPROFEN,TRUE,inhibitor,TEND; TdgClinicalTrial; ChEMBL,0.33463973435183,""
PTGS2,NS-398,FALSE,"",DTC,0.371821927057589,19172146; 16480277; 21775152; 25453792
PTGS2,NABUMETONE,TRUE,inhibitor,TEND; TTD; TdgClinicalTrial; ChEMBL,0.223093156234554,""
PTGS2,URSOLIC ACID,FALSE,"",DTC,0.0743643854115179,9784154
PTGS2,IBUPROFEN LYSINE,TRUE,inhibitor,ChEMBL,0.223093156234554,""
PTGS2,ACECLOFENAC,TRUE,inhibitor,ChEMBL,0.148728770823036,""
PTGS2,IBUFENAC,TRUE,inhibitor,ChEMBL,0.148728770823036,""
PTGS2,BALSALAZIDE,TRUE,"",TdgClinicalTrial,0.111546578117277,""
PTGS2,DIFLUNISAL,TRUE,inhibitor,TEND; TTD; TdgClinicalTrial; ChEMBL,0.356949049975286,""
PTGS2,BALSALAZIDE DISODIUM,TRUE,inhibitor,ChEMBL,0.111546578117277,""
PTGS2,VACCINE,FALSE,"",NCI,0.0811247840852922,17159912
PTGS2,KETOROLAC TROMETHAMINE,TRUE,inhibitor,TEND; TdgClinicalTrial; ChEMBL,0.167319867175915,""
PTGS2,BENZYDAMINE HYDROCHLORIDE,TRUE,inhibitor,ChEMBL,0.223093156234554,""
PTGS2,TIAPROFENIC ACID,FALSE,"",TEND; TTD; TdgClinicalTrial,0.669279468703661,""
PTGS2,RALOXIFENE HYDROCHLORIDE,TRUE,"",NCI,0.0178474524987643,15243281
PTGS2,NAPROXCINOD,FALSE,inhibitor,TdgClinicalTrial; ChEMBL,0.148728770823036,""
PTGS2,IGURATIMOD,FALSE,inhibitor,ChEMBL,0.063740901781301,""
PTGS2,ETODOLAC,TRUE,inhibitor,TEND; TTD; TdgClinicalTrial; PharmGKB; ChEMBL,0.669279468703661,19602986
PTGS2,DICLOFENAC ETALHYALURONATE SODIUM,FALSE,inhibitor,ChEMBL,0.223093156234554,""
PTGS2,ROFECOXIB,TRUE,inhibitor,TTD; TdgClinicalTrial; PharmGKB; ChEMBL,0.297457541646071,19602986; 16678543
PTGS2,OXAPROZIN POTASSIUM,TRUE,inhibitor,ChEMBL,0.223093156234554,""
PTGS2,LORNOXICAM,TRUE,inhibitor,ChEMBL,0.0892372624938214,""
PTGS2,IMRECOXIB,FALSE,"",TTD,0.446186312469107,""
PTGS2,SULINDAC SULFIDE,FALSE,"",NCI,0.223093156234554,15657353
PTGS2,CIMICOXIB,FALSE,inhibitor,TTD; TdgClinicalTrial; ChEMBL,1.33855893740732,""
PTGS2,TOLMETIN,TRUE,"",TEND; TTD; TdgClinicalTrial,0.446186312469107,""
PTGS2,LICOFELONE,FALSE,"",TdgClinicalTrial,0.223093156234554,""
PTGS2,FLURBIPROFEN SODIUM,TRUE,inhibitor,ChEMBL,0.223093156234554,""
PTGS2,MELOXICAM,TRUE,inhibitor,TEND; TTD; TdgClinicalTrial; PharmGKB; ChEMBL,0.33463973435183,19602986
PTGS2,SALSALATE,TRUE,"",TEND; TdgClinicalTrial,0.446186312469107,""
PTGS2,INDOMETHACIN,TRUE,inhibitor,TEND; TTD; PharmGKB; DTC; ChEMBL,0.100391920305549,19602986; 20684598; 22818041; 24697244
PTGS2,DICLOFENAC EPOLAMINE,TRUE,inhibitor,ChEMBL,0.223093156234554,""
PTGS2,RESERPINE,TRUE,"",NCI,0.0343220240360852,16081063
PTGS2,AMINOSALICYLIC ACID,TRUE,"",TTD,0.223093156234554,""
PTGS2,TOLMETIN SODIUM,TRUE,inhibitor,ChEMBL,0.148728770823036,""
PTGS2,ROBENACOXIB,TRUE,inhibitor,ChEMBL,0.446186312469107,""
PTGS2,NIFLUMIC ACID,FALSE,"",TTD; TdgClinicalTrial,0.0686440480721703,""
PTGS2,APRICOXIB,FALSE,inhibitor,TdgClinicalTrial; ChEMBL,0.892372624938214,""
PTGS2,APAZONE,TRUE,inhibitor,ChEMBL,0.148728770823036,""
PTGS2,FENCLOFENAC,TRUE,inhibitor,ChEMBL,0.223093156234554,""
PTGS2,BISMUTH SUBSALICYLATE,TRUE,inhibitor,ChEMBL,0.111546578117277,""
PTGS2,TIGEMOCOXIB,FALSE,"",TTD,0.223093156234554,""
PTGS2,CURCUMIN,TRUE,"",TTD; DTC,0.020281196021323,24920381
PTGS2,THALIDOMIDE,TRUE,"",TdgClinicalTrial,0.0120590895261921,""
PTGS2,VEDAPROFEN,FALSE,inhibitor,ChEMBL,0.446186312469107,""
PTGS2,NITRIC OXIDE-RELEASING ACETYLSALICYLIC ACID DERIVATIVE,FALSE,"",TdgClinicalTrial,0.148728770823036,""
PTGS2,OXAPROZIN,TRUE,inhibitor,TEND; TdgClinicalTrial; ChEMBL,0.223093156234554,""
PTGS2,KETOPROFEN,TRUE,inhibitor,TEND; TTD; TdgClinicalTrial; ChEMBL,0.254963607125204,""
PTGS2,(R)-IBUPROPHEN,FALSE,"",DTC,0.892372624938214,20143779
PTGS2,RWJ-67657,FALSE,"",TTD,0.148728770823036,""
PTGS2,POLMACOXIB,FALSE,inhibitor,TTD; TdgClinicalTrial; ChEMBL,0.446186312469107,""
PTGS2,INDOPROFEN,TRUE,inhibitor,ChEMBL,0.0371821927057589,""
PTGS2,NEPAFENAC,TRUE,inhibitor,TEND; TdgClinicalTrial; ChEMBL,0.446186312469107,""
PTGS2,PIROXICAM-BETA-CYCLODEXTRIN,TRUE,inhibitor,TdgClinicalTrial; ChEMBL,0.0686440480721703,""
PTGS2,GW-406381,FALSE,inhibitor,ChEMBL,0.446186312469107,""
PTGS2,FENBUFEN,FALSE,"",TTD,0.446186312469107,""
PTGS2,GLAFENINE,TRUE,inhibitor,ChEMBL,0.063740901781301,""
PTGS2,ENFLICOXIB,FALSE,inhibitor,ChEMBL,0.446186312469107,""
PTGS2,NAPROXEN ETEMESIL,FALSE,inhibitor,TdgClinicalTrial; ChEMBL,0.446186312469107,""
PTGS2,DICLOFENAC POTASSIUM,TRUE,inhibitor,ChEMBL,0.223093156234554,""
PTGS2,DIPYRONE,TRUE,inhibitor,ChEMBL,0.0892372624938214,""
PTGS2,OMEGA-3 FATTY ACIDS,TRUE,"",PharmGKB,0.892372624938214,15150618
PTGS2,CURCUMIN PYRAZOLE,FALSE,"",DTC,0.223093156234554,24920381
PTGS2,ISOXICAM,TRUE,inhibitor,ChEMBL,0.223093156234554,""
PTGS2,OLSALAZINE SODIUM,TRUE,inhibitor,ChEMBL,0.111546578117277,""
PTGS2,FLUFENAMIC ACID,FALSE,"",TTD,0.0117417450649765,""
PTGS2,BENZYDAMINE,TRUE,inhibitor,ChEMBL,0.111546578117277,""
PTGS2,MAVACOXIB,FALSE,inhibitor,ChEMBL,0.223093156234554,""
PTGS2,VB-201,FALSE,"",TdgClinicalTrial,0.111546578117277,""
PTGS2,MECLOFENAMATE,TRUE,"",TEND; TdgClinicalTrial,0.127481803562602,""
PTGS2,NIMESULIDE,FALSE,"",PharmGKB,0.063740901781301,20548327
PTGS2,OXALIPLATIN,TRUE,"",PharmGKB,0.023483490129953,19219602
PTGS2,OXYPHENBUTAZONE,TRUE,inhibitor,ChEMBL,0.0343220240360852,""
PTGS2,HYDROXYCHLOROQUINE,TRUE,"",NCI,0.0495762569410119,14963695
PTGS2,SULINDAC,TRUE,inhibitor,TEND; TdgClinicalTrial; ChEMBL,0.063740901781301,""
PTGS2,E163,FALSE,"",DTC,0.446186312469107,10075763
PTGS2,ACEMETACIN,TRUE,inhibitor,ChEMBL,0.223093156234554,""
PTGS2,CYCLOSPORINE,TRUE,"",NCI,0.0102571566084852,10999939
PTGS2,TEPOXALIN,FALSE,inhibitor,ChEMBL,0.111546578117277,""
PTGS2,PHENYLBUTAZONE,TRUE,inhibitor,TEND; TTD; TdgClinicalTrial; ChEMBL,0.127481803562602,""
PTGS2,CELECOXIB,TRUE,inhibitor,TTD; MyCancerGenomeClinicalTrial; TdgClinicalTrial; ChEMBL,0.0266379888041258,""
PTGS2,NAPROXEN SODIUM,TRUE,inhibitor,TEND; TTD; TdgClinicalTrial; PharmGKB; ChEMBL,0.15747752204792,19602986
PTGS2,CHEMBL:CHEMBL2171117,FALSE,"",DTC,0.892372624938214,22822908
PTGS2,FIROCOXIB,FALSE,inhibitor,ChEMBL,0.446186312469107,""
PTGS2,ACETAMINOPHEN,TRUE,inhibitor,TEND; TdgClinicalTrial; ChEMBL,0.0257415180270639,""
PTGS2,DEXIBUPROFEN,TRUE,inhibitor,DTC; ChEMBL,0.33463973435183,20143779
PTGS2,CLOMETACIN,TRUE,inhibitor,ChEMBL,0.223093156234554,""
PTGS2,LOXOPROFEN,TRUE,inhibitor,ChEMBL,0.223093156234554,""
PTGS2,DERSALAZINE,FALSE,"",TdgClinicalTrial,0.111546578117277,""
PTGS2,PARECOXIB SODIUM,TRUE,inhibitor,ChEMBL,0.446186312469107,""
PTGS2,MESALAMINE,TRUE,inhibitor,TEND; TdgClinicalTrial; ChEMBL,0.0608435880639692,""
PTGS2,FENOPROFEN,TRUE,"",TEND; TdgClinicalTrial,0.178474524987643,""
PTGS2,VALDECOXIB,TRUE,inhibitor,TTD; PharmGKB; DTC; ChEMBL,0.892372624938214,19602986; 20143779
PTGS2,PARECOXIB,TRUE,inhibitor,TdgClinicalTrial; ChEMBL,0.446186312469107,""
PTGS2,FENOPROFEN CALCIUM,TRUE,inhibitor,ChEMBL,0.223093156234554,""
PTGS2,BROMFENAC SODIUM,TRUE,inhibitor,ChEMBL,0.223093156234554,""
PTGS2,ASPIRIN,TRUE,inhibitor,TEND; CIViC; TdgClinicalTrial; ChEMBL,0.0200533174143419,""
CLDN7,LIAROZOLE,FALSE,inhibitor,GuideToPharmacology,3.26273740993035,""
CLDN7,R116010,FALSE,inhibitor,GuideToPharmacology,13.0509496397214,""
CLDN7,COMPOUND 5 [PMID: 21838328],FALSE,inhibitor,GuideToPharmacology,13.0509496397214,""
CLDN7,TALAROZOLE,FALSE,inhibitor,GuideToPharmacology,2.61018992794428,""
COL22A1,ALBUTEROL SULFATE,TRUE,"",PharmGKB,8.03135362444393,23508266
PPP1R1A,"INSULIN, REGULAR, HUMAN",TRUE,"",NCI,1.96995466259945,10334321
DMP1,CU-CPT8M,FALSE,inhibitor,GuideToPharmacology,7.45768550841222,""
DMP1,"COMPOUND 12P [LARSON ET AL., 2017]",FALSE,agonist,GuideToPharmacology,7.45768550841222,""
DMP1,MOTOLIMOD,FALSE,agonist,GuideToPharmacology,3.72884275420611,""
DMP1,SELGANTOLIMOD,FALSE,agonist,GuideToPharmacology,3.72884275420611,""
DMP1,3M-002,FALSE,agonist,GuideToPharmacology,3.72884275420611,""
DMP1,COMPOUND 15 [PMID: 35450354],FALSE,inhibitor,GuideToPharmacology,7.45768550841222,""
DMP1,RESIQUIMOD,FALSE,agonist,GuideToPharmacology,1.86442137710305,""
DPT,LABUXTINIB,FALSE,inhibitor,GuideToPharmacology,0.949159973797919,""
DPT,SORAFENIB,TRUE,inhibitor,GuideToPharmacology,0.00825356498954712,""
DPT,KBP-7018,FALSE,inhibitor,GuideToPharmacology,0.31638665793264,""
DPT,RG-1530,FALSE,inhibitor,GuideToPharmacology,0.0100974465297651,""
DPT,KI-20227,FALSE,inhibitor,GuideToPharmacology,0.23728999344948,""
DPT,AC710,FALSE,inhibitor,GuideToPharmacology,0.189831994759584,""
DPT,CRENOLANIB,FALSE,inhibitor,GuideToPharmacology,0.0632773315865279,""
DPT,BPR1R024,FALSE,inhibitor,GuideToPharmacology,0.23728999344948,""
DPT,SEMAXANIB,FALSE,inhibitor,GuideToPharmacology,0.0558329396351717,""
DPT,GTP-14564,FALSE,inhibitor,GuideToPharmacology,0.189831994759584,""
DPT,LINIFANIB,FALSE,inhibitor,GuideToPharmacology,0.011864499672474,""
DPT,ILORASERTIB,FALSE,inhibitor,GuideToPharmacology,0.00818241356722344,""
DPT,COMPOUND 8H [PMID: 22765894],FALSE,inhibitor,GuideToPharmacology,0.0862872703452653,""
DPT,AST-487,FALSE,inhibitor,GuideToPharmacology,0.0231502432633639,""
DPT,BRIQUILIMAB,FALSE,antibody,GuideToPharmacology,0.949159973797919,""
DPT,FLUMBATINIB,FALSE,inhibitor,GuideToPharmacology,0.31638665793264,""
DPT,RIVOCERANIB,FALSE,inhibitor,GuideToPharmacology,0.23728999344948,""
DPT,IBCASERTIB,FALSE,inhibitor,GuideToPharmacology,0.11864499672474,""
DPT,CHMFL-KIT-8140,FALSE,inhibitor,GuideToPharmacology,0.949159973797919,""
DPT,RIPRETINIB,TRUE,inhibitor,GuideToPharmacology,0.189831994759584,""
DPT,SUNITINIB,TRUE,inhibitor,GuideToPharmacology,0.01977416612079,""
DPT,STEM CELL FACTOR,FALSE,agonist,GuideToPharmacology,0.949159973797919,""
DPT,SOTULETINIB,FALSE,inhibitor,GuideToPharmacology,0.31638665793264,""
DPT,TANDUTINIB,FALSE,inhibitor,GuideToPharmacology,0.0677971409855656,""
DPT,QUIZARTINIB,TRUE,inhibitor,GuideToPharmacology,0.0499557880946273,""
DPT,SU-14813,FALSE,inhibitor,GuideToPharmacology,0.189831994759584,""
DPT,PLX5622,FALSE,inhibitor,GuideToPharmacology,0.31638665793264,""
DPT,SITRAVATINIB,FALSE,inhibitor,GuideToPharmacology,0.0593224983623699,""
DPT,ENRUPATINIB,FALSE,inhibitor,GuideToPharmacology,0.474579986898959,""
DPT,"COMPOUND 6LI [CHAN ET AL., 2022]",FALSE,inhibitor,GuideToPharmacology,0.23728999344948,""
DPT,CHMFL-KIT-64,FALSE,inhibitor,GuideToPharmacology,0.15819332896632,""
DPT,OSI-930,FALSE,inhibitor,GuideToPharmacology,0.189831994759584,""
DPT,COMPOUND 19A [PMID: 30503936],FALSE,inhibitor,GuideToPharmacology,0.11864499672474,""
DPT,COMPOUND 8I [PMID: 22765894],FALSE,inhibitor,GuideToPharmacology,0.0790966644831599,""
DPT,M4205,FALSE,inhibitor,GuideToPharmacology,0.23728999344948,""
DPT,PEXIDARTINIB,TRUE,inhibitor,GuideToPharmacology,0.0677971409855656,""
DPT,VIMSELTINIB,FALSE,inhibitor,GuideToPharmacology,0.23728999344948,""
DPT,MASITINIB,TRUE,inhibitor,GuideToPharmacology,0.0558329396351717,""
DPT,DOVITINIB,FALSE,inhibitor,GuideToPharmacology,0.00939762350294969,""
DPT,COMPOUND 7K [PMID: 23521020],FALSE,inhibitor,GuideToPharmacology,0.474579986898959,""
DPT,AVAPRITINIB,TRUE,inhibitor,GuideToPharmacology,0.189831994759584,""
DPT,CEDIRANIB,FALSE,inhibitor,GuideToPharmacology,0.0169492852463914,""
DPT,ELENESTINIB,FALSE,inhibitor,GuideToPharmacology,0.474579986898959,""
DPT,AKN-028,FALSE,inhibitor,GuideToPharmacology,0.474579986898959,""
DPT,BEZUCLASTINIB,FALSE,inhibitor,GuideToPharmacology,0.949159973797919,""
DPT,CP-673451,FALSE,inhibitor,GuideToPharmacology,0.31638665793264,""
DPT,BARZOLVOLIMAB,FALSE,antibody,GuideToPharmacology,0.949159973797919,""
DPT,RISVODETINIB,FALSE,inhibitor,GuideToPharmacology,0.31638665793264,""
DPT,SU-11652,FALSE,inhibitor,GuideToPharmacology,0.23728999344948,""
DPT,PAZOPANIB,TRUE,inhibitor,GuideToPharmacology,0.0166519293648758,""
DPT,LUCITANIB,FALSE,inhibitor,GuideToPharmacology,0.0632773315865279,""
DPT,FAMITINIB,FALSE,inhibitor,GuideToPharmacology,0.31638665793264,""
DPT,HENATINIB,FALSE,inhibitor,GuideToPharmacology,0.31638665793264,""
DPT,EDICOTINIB,FALSE,inhibitor,GuideToPharmacology,0.23728999344948,""
DPT,JNJ-28312141,FALSE,inhibitor,GuideToPharmacology,0.189831994759584,""
SCN2A,PROCAINE HYDROCHLORIDE,TRUE,blocker,ChEMBL,0.0828631723156913,""
SCN2A,PROPOFOL,TRUE,"",TEND; TdgClinicalTrial,0.0534601111714138,""
SCN2A,OXCARBAZEPINE,TRUE,blocker,ChEMBL,0.0460350957309396,""
SCN2A,SAFINAMIDE,TRUE,"",TdgClinicalTrial,0.0552421148771275,""
SCN2A,PROCAINAMIDE HYDROCHLORIDE,TRUE,blocker,ChEMBL,0.0828631723156913,""
SCN2A,PROPOXYCAINE HYDROCHLORIDE,TRUE,blocker,ChEMBL,0.0828631723156913,""
SCN2A,MERETHOXYLLINE PROCAINE,TRUE,blocker,ChEMBL,0.0828631723156913,""
SCN2A,DISOPYRAMIDE PHOSPHATE,TRUE,blocker,ChEMBL,0.0753301566506285,""
SCN2A,TOCAINIDE HYDROCHLORIDE,TRUE,blocker,ChEMBL,0.0828631723156913,""
SCN2A,TOPIRAMATE,TRUE,blocker,PharmGKB; ChEMBL,0.0564976174879714,18784617
SCN2A,PRILOCAINE,TRUE,blocker,ChEMBL,0.0753301566506285,""
SCN2A,CENOBAMATE,TRUE,inhibitor,ChEMBL,0.0295939901127469,""
SCN2A,NKTR-171,FALSE,blocker,ChEMBL,0.0828631723156913,""
SCN2A,PHENYTOIN SODIUM,TRUE,blocker,PharmGKB; ChEMBL,0.138105287192819,25155934; 23859570; 21747585; 19694741; 18784617
SCN2A,QUINIDINE SULFATE,TRUE,blocker,ChEMBL,0.0828631723156913,""
SCN2A,TETRACAINE,TRUE,blocker,ChEMBL,0.0753301566506285,""
SCN2A,DRONEDARONE HYDROCHLORIDE,TRUE,blocker,ChEMBL,0.0517894826973071,""
SCN2A,PHENAZOPYRIDINE HYDROCHLORIDE,TRUE,blocker,ChEMBL,0.0517894826973071,""
SCN2A,FOSPROPOFOL,TRUE,"",TEND,0.207157930789228,""
SCN2A,RALFINAMIDE,FALSE,blocker,ChEMBL,0.0414315861578457,""
SCN2A,ESLICARBAZEPINE ACETATE,TRUE,blocker,ChEMBL,0.0753301566506285,""
SCN2A,LIDOCAINE HYDROCHLORIDE,TRUE,blocker,ChEMBL,0.0828631723156913,""
SCN2A,MEPIVACAINE HYDROCHLORIDE,TRUE,blocker,ChEMBL,0.0517894826973071,""
SCN2A,ORPHENADRINE HYDROCHLORIDE,TRUE,blocker,ChEMBL,0.043612195955627,""
SCN2A,LAMOTRIGINE,TRUE,blocker,TdgClinicalTrial; PharmGKB; ChEMBL,0.150660313301257,18784617
SCN2A,DYCLONINE HYDROCHLORIDE,TRUE,blocker,ChEMBL,0.0517894826973071,""
SCN2A,TETRODOTOXIN,FALSE,"",TdgClinicalTrial,0.0828631723156913,""
SCN2A,MEXILETINE HYDROCHLORIDE,TRUE,blocker,ChEMBL,0.0828631723156913,""
SCN2A,ZONISAMIDE,TRUE,blocker,TdgClinicalTrial; ChEMBL,0.0662905378525531,""
SCN2A,PHENOBARBITAL,TRUE,"",PharmGKB,0.109030489889068,25155934; 23859570; 21747585; 19694741
SCN2A,LACOSAMIDE,TRUE,blocker,ChEMBL,0.063740901781301,""
SCN2A,IRAMPANEL,FALSE,blocker,ChEMBL,0.0591879802254938,""
SCN2A,FOSPHENYTOIN,TRUE,blocker,ChEMBL,0.063740901781301,""
SCN2A,MORICIZINE HYDROCHLORIDE,TRUE,blocker,ChEMBL,0.0690526435964094,""
SCN2A,RILUZOLE,TRUE,blocker,ChEMBL,0.0360274662242136,""
SCN2A,PHENACEMIDE,TRUE,blocker,ChEMBL,0.0753301566506285,""
SCN2A,PROPAFENONE HYDROCHLORIDE,TRUE,blocker,ChEMBL,0.0591879802254938,""
SCN2A,ORPHENADRINE CITRATE,TRUE,blocker,ChEMBL,0.0394586534836625,""
SCN2A,PRIMIDONE,TRUE,blocker,ChEMBL,0.0236751920901975,""
SCN2A,ENCAINIDE HYDROCHLORIDE,TRUE,blocker,ChEMBL,0.0828631723156913,""
SCN2A,ARTICAINE HYDROCHLORIDE,TRUE,blocker,ChEMBL,0.0828631723156913,""
SCN2A,ELPETRIGINE,FALSE,blocker,ChEMBL,0.0920701914618792,""
SCN2A,HEXYLCAINE HYDROCHLORIDE,TRUE,blocker,ChEMBL,0.0828631723156913,""
SCN2A,ANTICONVULSANT AGENT,FALSE,"",PharmGKB,0.331452689262765,25155934; 23859570; 21747585; 19694741; 18784617
SCN2A,MEPHENYTOIN,TRUE,blocker,ChEMBL,0.0690526435964094,""
SCN2A,EVENAMIDE,FALSE,blocker,ChEMBL,0.0828631723156913,""
SCN2A,LIDOCAINE,TRUE,blocker,ChEMBL,0.048743042538642,""
SCN2A,INDECAINIDE HYDROCHLORIDE,TRUE,blocker,ChEMBL,0.0828631723156913,""
SCN2A,COCAINE HYDROCHLORIDE,TRUE,blocker,ChEMBL,0.0828631723156913,""
SCN2A,ETIDOCAINE HYDROCHLORIDE,TRUE,blocker,ChEMBL,0.0828631723156913,""
SCN2A,DICHLOROBENZYL ALCOHOL,TRUE,blocker,ChEMBL,0.0828631723156913,""
SCN2A,RUFINAMIDE,TRUE,blocker,ChEMBL,0.0690526435964094,""
SCN2A,NERISPIRDINE,FALSE,blocker,ChEMBL,0.0165726344631383,""
SCN2A,PROPARACAINE HYDROCHLORIDE,TRUE,blocker,ChEMBL,0.0828631723156913,""
SCN2A,ESLICARBAZEPINE,TRUE,blocker,ChEMBL,0.0753301566506285,""
SCN2A,CHLOROPROCAINE,TRUE,blocker,ChEMBL,0.063740901781301,""
SCN2A,CARBAMAZEPINE,TRUE,blocker,ChEMBL,0.0169108514929982,""
SCN2A,QUINIDINE POLYGALACTURONATE,TRUE,blocker,ChEMBL,0.0828631723156913,""
SCN2A,PRILOCAINE HYDROCHLORIDE,TRUE,blocker,ChEMBL,0.0753301566506285,""
SCN2A,ROPIVACAINE HYDROCHLORIDE,TRUE,blocker,ChEMBL,0.0828631723156913,""
SCN2A,ETHOTOIN,TRUE,blocker,ChEMBL,0.0828631723156913,""
SCN2A,QUINIDINE GLUCONATE,TRUE,blocker,ChEMBL,0.0828631723156913,""
SCN2A,BENOXINATE HYDROCHLORIDE,TRUE,blocker,ChEMBL,0.0753301566506285,""
SLCO1B3,PACLITAXEL,TRUE,"",PharmGKB,0.11389919685575,36988399; 28447211; 26641474; 26267044; 21151855
SLCO1B3,SILIBININ,FALSE,"",DTC,0.348025323725904,23401473
SLCO1B3,RIFAMYCIN SV,TRUE,inhibitor,GuideToPharmacology,0.522037985588855,""
SLCO1B3,MK-8245,FALSE,"",DTC,1.39210129490361,21661758
SLCO1B3,TELMISARTAN,TRUE,"",PharmGKB,0.379663989519168,32498119
SLCO1B3,PRAVASTATIN SODIUM,TRUE,"",PharmGKB,0.154677921655957,25502615
SLCO1B3,MYCOPHENOLATE,TRUE,"",PharmGKB,0.189831994759584,30992538
SLCO1B3,IRINOTECAN HYDROCHLORIDE,TRUE,"",PharmGKB,0.0662905378525531,19696792
SLCO1B3,WARFARIN,TRUE,"",PharmGKB,0.126554663173056,29234073
SLCO1B3,CYCLOSPORINE,TRUE,inhibitor,GuideToPharmacology,0.0240017464638554,""
SLCO1B3,ISOSILYBIN B,FALSE,"",DTC,1.39210129490361,23401473
SLCO1B3,[3H]BSP,FALSE,"",GuideToPharmacology,0.417630388471084,""
SLCO1B3,CARBOPLATIN,TRUE,"",PharmGKB,0.0971233461560661,36988399; 26641474; 26267044
SLCO1B3,"[3H]CCK-8 (HUMAN, MOUSE, RAT)",FALSE,"",GuideToPharmacology,2.08815194235542,""
SLCO1B3,ELTROMBOPAG,TRUE,"",DTC,0.522037985588855,21422191
SLCO1B3,SILIDIANIN,FALSE,"",DTC,1.39210129490361,23401473
SLCO1B3,VORICONAZOLE,TRUE,"",PharmGKB,0.348025323725904,29914286
SLCO1B3,DIOSCIN,FALSE,"",DTC,1.39210129490361,23396419
SLCO1B3,SUNITINIB,TRUE,"",PharmGKB,0.0870063309314759,28117434
SLCO1B3,GEMFIBROZIL,TRUE,inhibitor,GuideToPharmacology,0.160627072488879,""
SLCO1B3,[3H]ESTRADIOL-17&BETA;-GLUCURONIDE,FALSE,"",GuideToPharmacology,1.04407597117771,""
SLCO1B3,SULFOBROMOPHTHALEIN,FALSE,"",DTC,0.596614840672978,21422191
SLCO1B3,GLYCYRRHIZIC ACID,TRUE,inhibitor,GuideToPharmacology,0.522037985588855,""
SLCO1B3,RIFAMPIN,TRUE,inhibitor,GuideToPharmacology,0.0745768550841222,""
SLCO1B3,SILDENAFIL,TRUE,inhibitor,GuideToPharmacology,0.189831994759584,""
IL31RA,NEMOLIZUMAB,TRUE,inhibitor,ChEMBL,26.1018992794428,""
IL31RA,NEMOLIZUMAB,FALSE,antibody,GuideToPharmacology,26.1018992794428,""
CD163,THERAPEUTIC GLUCOCORTICOID,FALSE,"",NCI,1.53540583996722,9712057
CD163,FLUTICASONE,TRUE,"",NCI,2.7475683452045,9712057
ART4,(&PLUSMN;)-CIS-2-CAMP,FALSE,agonist,GuideToPharmacology,1.33855893740732,""
ART4,TPMPA,FALSE,inhibitor,GuideToPharmacology,1.33855893740732,""
ART4,TBPS,FALSE,blocker,GuideToPharmacology,0.211351411169577,""
ART4,ISOGUVACINE,FALSE,agonist,GuideToPharmacology,0.446186312469107,""
ART4,AZA-THIP,FALSE,inhibitor,GuideToPharmacology,1.33855893740732,""
ART4,ISONIPECOTIC ACID,FALSE,inhibitor,GuideToPharmacology,0.33463973435183,""
ART4,CIS-3-ACPBPA,FALSE,inhibitor,GuideToPharmacology,1.33855893740732,""
ART4,[3H]MUSCIMOL,FALSE,agonist,GuideToPharmacology,0.446186312469107,""
ART4,GABOXADOL,FALSE,inhibitor,GuideToPharmacology,0.174594644009651,""
ART4,PICROTOXIN,FALSE,blocker,GuideToPharmacology,0.174594644009651,""
ART4,TRANS-3-ACPBPA,FALSE,inhibitor,GuideToPharmacology,1.33855893740732,""
ART4,5-ME-IAA,FALSE,agonist,GuideToPharmacology,1.33855893740732,""
ART4,PIPERIDINE-4-SULPHONIC ACID,FALSE,inhibitor,GuideToPharmacology,0.446186312469107,""
DPP6,LINIFANIB,FALSE,inhibitor,GuideToPharmacology,0.0127950486663935,""
DPP6,KI-20227,FALSE,inhibitor,GuideToPharmacology,0.25590097332787,""
DPP6,TANDUTINIB,FALSE,inhibitor,GuideToPharmacology,0.0731145638079629,""
DPP6,PD166285,FALSE,inhibitor,GuideToPharmacology,0.146229127615926,""
DPP6,CHMFL-KIT-64,FALSE,inhibitor,GuideToPharmacology,0.170600648885247,""
DPP6,DOVITINIB,FALSE,inhibitor,GuideToPharmacology,0.010134692012985,""
DPP6,SU-11652,FALSE,inhibitor,GuideToPharmacology,0.25590097332787,""
DPP6,ZOLIGRATINIB,FALSE,inhibitor,GuideToPharmacology,0.204720778662296,""
DPP6,SUNITINIB,TRUE,inhibitor,GuideToPharmacology,0.0213250811106558,""
DPP6,ORANTINIB,FALSE,inhibitor,GuideToPharmacology,0.0787387610239601,""
DPP6,SALVIANOLIC ACID B,FALSE,inhibitor,GuideToPharmacology,0.25590097332787,""
DPP6,CEDIRANIB,FALSE,inhibitor,GuideToPharmacology,0.0182786409519907,""
DPP6,DEHYDRATED ALCOHOL,TRUE,"",PharmGKB,0.0259140226154805,32451486
DPP6,LUCITANIB,FALSE,inhibitor,GuideToPharmacology,0.0682402595540987,""
DPP6,FAMITINIB,FALSE,inhibitor,GuideToPharmacology,0.341201297770494,""
DPP6,COMPOUND 8H [PMID: 22765894],FALSE,inhibitor,GuideToPharmacology,0.0930548993919528,""
DPP6,NAPORAFENIB,FALSE,inhibitor,GuideToPharmacology,0.127950486663935,""
DPP6,CRENOLANIB,FALSE,inhibitor,GuideToPharmacology,0.0682402595540987,""
DPP6,PDGF RECEPTOR TYROSINE KINASE INHIBITOR IV,FALSE,inhibitor,GuideToPharmacology,1.02360389331148,""
DPP6,HENATINIB,FALSE,inhibitor,GuideToPharmacology,0.341201297770494,""
DPP6,MASITINIB,TRUE,inhibitor,GuideToPharmacology,0.0602119937242048,""
DPP6,AC710,FALSE,inhibitor,GuideToPharmacology,0.204720778662296,""
DPP6,ILORASERTIB,FALSE,inhibitor,GuideToPharmacology,0.00882417149406449,""
DPP6,3-[(3-(2-CARBOXYETHYL)-4-METHYLPYRROL-2-YL)METHYLENE]-2-INDOLINONE,FALSE,inhibitor,GuideToPharmacology,0.204720778662296,""
DPP6,NINTEDANIB ESYLATE,TRUE,inhibitor,GuideToPharmacology,0.0409441557324592,""
DPP6,AGL 2043,FALSE,inhibitor,GuideToPharmacology,0.511801946655741,""
DPP6,PDGF RTK INHIBITOR,FALSE,inhibitor,GuideToPharmacology,1.02360389331148,""
DPP6,KBP-7018,FALSE,inhibitor,GuideToPharmacology,0.341201297770494,""
DPP6,COMPOUND 5E [PMID: 28580438],FALSE,inhibitor,GuideToPharmacology,0.341201297770494,""
DPP6,BPR1R024,FALSE,inhibitor,GuideToPharmacology,0.25590097332787,""
DPP6,FLT-3 INHIBITOR II,FALSE,inhibitor,GuideToPharmacology,0.511801946655741,""
DPP6,SORAFENIB,TRUE,inhibitor,GuideToPharmacology,0.00890090342009984,""
DPP6,CP-673451,FALSE,inhibitor,GuideToPharmacology,0.341201297770494,""
DPP6,MK-2461,FALSE,inhibitor,GuideToPharmacology,0.0426501622213117,""
DPP6,SERALUTINIB,FALSE,inhibitor,GuideToPharmacology,0.170600648885247,""
DPP6,PDGF RECEPTOR TYROSINE KINASE INHIBITOR III,FALSE,inhibitor,GuideToPharmacology,1.02360389331148,""
DPP6,TAK-632,FALSE,inhibitor,GuideToPharmacology,0.113733765923498,""
DPP6,PAZOPANIB,TRUE,inhibitor,GuideToPharmacology,0.0179579630405523,""
DPP6,COMPOUND 8I [PMID: 22765894],FALSE,inhibitor,GuideToPharmacology,0.0853003244426234,""
DPP6,SOTULETINIB,FALSE,inhibitor,GuideToPharmacology,0.341201297770494,""
DPP6,SU-14813,FALSE,inhibitor,GuideToPharmacology,0.204720778662296,""
DPP6,M4205,FALSE,inhibitor,GuideToPharmacology,0.25590097332787,""
DPP6,SEMAXANIB,FALSE,inhibitor,GuideToPharmacology,0.0602119937242048,""
DPP6,GTP-14564,FALSE,inhibitor,GuideToPharmacology,0.204720778662296,""
DPP6,VATALANIB,FALSE,inhibitor,GuideToPharmacology,0.0568668829617489,""
DPP6,HALOPERIDOL DECANOATE,TRUE,"",PharmGKB,0.0269369445608284,27023437
DPP6,IACS-9439,FALSE,inhibitor,GuideToPharmacology,0.511801946655741,""
DPP6,TAFETINIB,FALSE,inhibitor,GuideToPharmacology,0.204720778662296,""
DPP6,QUIZARTINIB,TRUE,inhibitor,GuideToPharmacology,0.0538738891216569,""
DPP6,FLUMBATINIB,FALSE,inhibitor,GuideToPharmacology,0.341201297770494,""
DPP6,IBCASERTIB,FALSE,inhibitor,GuideToPharmacology,0.127950486663935,""
TRPV3,CHEMBL:CHEMBL120580,FALSE,"",DTC,11.6008441241968,16998480
TRPV3,GRC-15300,FALSE,inhibitor,ChEMBL,8.70063309314759,""
TRPV3,RACEMENTHOL,TRUE,"",TEND; TdgClinicalTrial,8.70063309314759,""
ABCC5,IRINOTECAN HYDROCHLORIDE,TRUE,"",PharmGKB,0.248589516947074,26352872; 21892003
ABCC5,LEUCOVORIN CALCIUM,TRUE,"",PharmGKB,0.29002110310492,26352872
ABCC5,CISPLATIN,TRUE,"",PharmGKB,0.0710255762705926,25829401
ABCC5,DOXORUBICIN HYDROCHLORIDE,TRUE,"",PharmGKB,0.105818510592335,26975227; 25829401
ABCC5,FLOXURIDINE,TRUE,"",DTC,0.745768550841222,20930123
ABCC5,OXALIPLATIN,TRUE,"",PharmGKB,0.27475683452045,24924344
ABCC5,CANNABIDIOL,TRUE,"",PharmGKB,1.30509496397214,34464454
ABCC5,GLYBURIDE,TRUE,"",PharmGKB,0.360026196957831,27403931
ABCC5,FLUOROURACIL,TRUE,"",PharmGKB,0.0900065492394578,26352872
ABCC5,ZIDOVUDINE,TRUE,"",PharmGKB,0.386694804139893,22960662
SERPINA1,ALPHA 1-ANTITRYPSIN,TRUE,"",TTD,8.70063309314759,""
SERPINA1,IGMESINE,FALSE,"",TTD,13.0509496397214,""
SH2D5,GEMCITABINE,TRUE,"",PharmGKB,1.13486518606273,22838950
SCGB3A1,PAZOPANIB,TRUE,"",PharmGKB,1.83171223013633,26063633
HOXB6,COMPOUND 27 [PMID: 36449304],FALSE,inhibitor,GuideToPharmacology,26.1018992794428,""
CYP4X1,CYCLOPHOSPHAMIDE ANHYDROUS,TRUE,"",PharmGKB,0.644491340233155,33802237
CYP4X1,FLUOROURACIL,TRUE,"",PharmGKB,0.450032746197289,33802237
TLX2,PABINAFUSP ALFA,FALSE,antibody,GuideToPharmacology,26.1018992794428,""
TLX2,LEPUNAFUSP ALFA,FALSE,antibody,GuideToPharmacology,26.1018992794428,""
SOX10,VEMURAFENIB,TRUE,"",CIViC,1.41091347456447,""
LGALS1,DAVANAT,FALSE,inhibitor,ChEMBL,26.1018992794428,""
TACR2,NEPADUTANT,FALSE,inhibitor,TTD; ChEMBL,10.4407597117771,""
TACR2,IBODUTANT,FALSE,inhibitor,TTD; ChEMBL,10.4407597117771,""
TACR2,SAREDUTANT,FALSE,inhibitor,TdgClinicalTrial; ChEMBL,5.22037985588855,""
TACR2,PMX53,FALSE,"",TTD,1.49153710168244,""
TACR2,TALAROZOLE,FALSE,"",TTD,2.08815194235542,""
ARSF,TBPS,FALSE,blocker,GuideToPharmacology,0.5495136690409,""
ARSF,PICROTOXIN,FALSE,blocker,GuideToPharmacology,0.453946074425092,""
ARSF,GABOXADOL,FALSE,agonist,GuideToPharmacology,0.453946074425092,""
ARSF,TRACAZOLATE,FALSE,agonist,GuideToPharmacology,1.30509496397214,""
ARSF,DS2,FALSE,agonist,GuideToPharmacology,10.4407597117771,""
ADGRE1,RIPK1 INHIBITOR 22B,FALSE,inhibitor,GuideToPharmacology,2.3728999344948,""
ADGRE1,COMPOUND 27 [PMID: 19854648],FALSE,inhibitor,GuideToPharmacology,26.1018992794428,""
TUBB3,T-900607,FALSE,negative modulator,ChEMBL,0.0419307618946872,""
TUBB3,LEXIBULIN,FALSE,inhibitor,ChEMBL,0.0419307618946872,""
TUBB3,PACLITAXEL DOCOSAHEXAENOIC ACID,FALSE,modulator,ChEMBL,0.0419307618946872,""
TUBB3,PACLITAXEL POLIGLUMEX,FALSE,modulator,ChEMBL,0.0419307618946872,""
TUBB3,DOCETAXEL ANHYDROUS,TRUE,inhibitor,ClearityFoundationBiomarkers; ChEMBL,0.0151556970703689,""
TUBB3,COMBRETASTATIN A4,FALSE,"",DTC,0.279538412631248,23631389; 24669888; 25584687; 16913727; 17765552; 22543234; 25192811
TUBB3,COLCHICINE,TRUE,inhibitor,DTC; ChEMBL,0.108858708765053,25937236; 24502232; 25061803; 25805446; 25938266; 23750455; 24773591
TUBB3,ADO-TRASTUZUMAB EMTANSINE,TRUE,inhibitor,ChEMBL,0.0369977310835475,""
TUBB3,KOS-1584,FALSE,modulator,ChEMBL,0.0419307618946872,""
TUBB3,ERIBULIN MESYLATE,TRUE,inhibitor,ChEMBL,0.0262067261841795,""
TUBB3,ENAPOTAMAB VEDOTIN,FALSE,inhibitor,ChEMBL,0.0393100892762692,""
TUBB3,TUSAMITAMAB RAVTANSINE,FALSE,inhibitor,ChEMBL,0.0393100892762692,""
TUBB3,ANG1005,FALSE,inhibitor,ChEMBL,0.0369977310835475,""
TUBB3,MILATAXEL,FALSE,inhibitor,ChEMBL,0.0369977310835475,""
TUBB3,DAVUNETIDE,FALSE,modulator,ChEMBL,0.0419307618946872,""
TUBB3,CHEMBL:CHEMBL2036124,FALSE,"",DTC,0.0786201785525384,22543234
TUBB3,CABAZITAXEL,TRUE,inhibitor,ChEMBL,0.0285891558372867,""
TUBB3,OMBRABULIN,FALSE,inhibitor,ChEMBL,0.0419307618946872,""
TUBB3,POLATUZUMAB VEDOTIN,TRUE,inhibitor,ChEMBL,0.033103233074753,""
TUBB3,LARGAZOLE,FALSE,"",DTC,0.0433766502358833,20491440
TUBB3,FOSBRETABULIN DISODIUM,FALSE,inhibitor,ChEMBL,0.0369977310835475,""
TUBB3,PINATUZUMAB VEDOTIN,FALSE,inhibitor,ChEMBL,0.0393100892762692,""
TUBB3,EPOTHILONE D,TRUE,modulator,ChEMBL,0.0393100892762692,""
TUBB3,VORINOSTAT,TRUE,"",DTC,0.0224629081578681,20491440
TUBB3,TELISOTUZUMAB VEDOTIN,FALSE,inhibitor,ChEMBL,0.0393100892762692,""
TUBB3,ASG-5ME,FALSE,inhibitor,ChEMBL,0.0393100892762692,""
TUBB3,INDUSATUMAB VEDOTIN,FALSE,inhibitor,ChEMBL,0.0393100892762692,""
TUBB3,CHEMBL:CHEMBL1935538,FALSE,"",DTC,0.073995462167095,22435708
TUBB3,AGS-16C3F,FALSE,negative modulator,ChEMBL,0.0393100892762692,""
TUBB3,VERUBULIN,FALSE,negative modulator,ChEMBL,0.0419307618946872,""
TUBB3,BMS-275183,FALSE,modulator,ChEMBL,0.0393100892762692,""
TUBB3,VINCRISTINE,TRUE,"",DTC,0.0310598236256942,16539377; 23916255; 21664138
TUBB3,VINBLASTINE,TRUE,"",DTC,0.0554965966253213,23916255; 23708010
TUBB3,IXABEPILONE,TRUE,inhibitor,TdgClinicalTrial; ChEMBL,0.0571783116745734,""
TUBB3,PRALUZATAMAB RAVTANSINE,FALSE,inhibitor,ChEMBL,0.0393100892762692,""
TUBB3,NOCODAZOLE,FALSE,"",DTC,0.157240357105077,21194809; 25369367; 23313639; 25262051; 25815147
TUBB3,CHEMBL:CHEMBL453818,FALSE,"",DTC,0.0786201785525384,12141877
TUBB3,RG-7600,FALSE,inhibitor,ChEMBL,0.0393100892762692,""
TUBB3,MAYTANSINOL,FALSE,"",DTC,0.0786201785525384,563462
TUBB3,DOLASTATIN-10,FALSE,inhibitor,ChEMBL,0.0393100892762692,""
TUBB3,ANVATABART OPADOTIN,FALSE,inhibitor,ChEMBL,0.0393100892762692,""
TUBB3,VINFLUNINE,TRUE,inhibitor,ChEMBL,0.0419307618946872,""
TUBB3,CYCLOSTREPTIN,FALSE,"",DTC,0.0786201785525384,17206139
TUBB3,GLEMBATUMUMAB VEDOTIN,FALSE,inhibitor,ChEMBL,0.0393100892762692,""
TUBB3,INDIBULIN,FALSE,inhibitor,ChEMBL,0.0393100892762692,""
TUBB3,AZINTUXIZUMAB VEDOTIN,FALSE,inhibitor,ChEMBL,0.0393100892762692,""
TUBB3,RG-7636,FALSE,inhibitor,ChEMBL,0.0393100892762692,""
TUBB3,BIVATUZUMAB MERTANSINE,FALSE,inhibitor,ChEMBL,0.0393100892762692,""
TUBB3,BRENTUXIMAB VEDOTIN,TRUE,inhibitor,ChEMBL,0.034942301578906,""
TUBB3,ENFORTUMAB VEDOTIN,TRUE,inhibitor,ChEMBL,0.0369977310835475,""
TUBB3,VINORELBINE,TRUE,"",DTC,0.0483816483400237,25768699
TUBB3,VINORELBINE TARTRATE,TRUE,inhibitor,ChEMBL,0.0419307618946872,""
TUBB3,VANDORTUZUMAB VEDOTIN,FALSE,inhibitor,ChEMBL,0.0393100892762692,""
TUBB3,LORVOTUZUMAB MERTANSINE,FALSE,inhibitor,ChEMBL,0.0393100892762692,""
TUBB3,PODOFILOX,TRUE,"",DTC,0.104826904736718,21402478; 24953821; 17765552
TUBB3,CHEMBL:CHEMBL2036119,FALSE,"",DTC,0.0786201785525384,22543234
TUBB3,LADIRATUZUMAB VEDOTIN,FALSE,inhibitor,ChEMBL,0.0393100892762692,""
TUBB3,FOSBRETABULIN TROMETHAMINE,FALSE,negative modulator,ChEMBL,0.0419307618946872,""
TUBB3,VINFLUNINE DITARTRATE,TRUE,inhibitor,ChEMBL,0.0419307618946872,""
TUBB3,APRUTUMAB IXADOTIN,FALSE,inhibitor,ChEMBL,0.0393100892762692,""
TUBB3,CURCUMIN,TRUE,"",DTC,0.0190594372248578,23830698
TUBB3,PLINABULIN,FALSE,inhibitor,ChEMBL,0.0419307618946872,""
TUBB3,PLOCABULIN,FALSE,inhibitor,ChEMBL,0.0419307618946872,""
TUBB3,BELANTAMAB MAFODOTIN,TRUE,inhibitor,ChEMBL,0.0369977310835475,""
TUBB3,CROLIBULIN,FALSE,inhibitor,ChEMBL,0.0419307618946872,""
TUBB3,PF-06263507,FALSE,inhibitor,ChEMBL,0.0393100892762692,""
TUBB3,MIRVETUXIMAB SORAVTANSINE,TRUE,inhibitor,ChEMBL,0.0393100892762692,""
TUBB3,ABT-751,FALSE,inhibitor,DTC; ChEMBL,0.110993193250643,25468039
TUBB3,VINBLASTINE SULFATE,TRUE,inhibitor,ChEMBL,0.0314480714210154,""
TUBB3,LIFASTUZUMAB VEDOTIN,FALSE,inhibitor,ChEMBL,0.0393100892762692,""
TUBB3,MAYTANSINE,FALSE,"",DTC,0.0786201785525384,563462
TUBB3,PATUPILONE,FALSE,modulator,ChEMBL,0.0419307618946872,""
TUBB3,ZAMPANOLIDE,FALSE,"",DTC,0.0786201785525384,19877653
TUBB3,SAGOPILONE,FALSE,modulator,ChEMBL,0.0419307618946872,""
TUBB3,CANTUZUMAB MERTANSINE,FALSE,inhibitor,ChEMBL,0.0393100892762692,""
TUBB3,RG-7841,FALSE,inhibitor,ChEMBL,0.0393100892762692,""
TUBB3,SOFITUZUMAB VEDOTIN,FALSE,inhibitor,ChEMBL,0.0393100892762692,""
TUBB3,PACLITAXEL,TRUE,inhibitor,CGI; ClearityFoundationBiomarkers; DTC; ChEMBL,0.0857674675118601,23387901; 23631389; 25369367; 25768699; 19758808; 17887662; 24953821; 23313639; 23725535; 24457094; 22595423
TUBB3,LAROTAXEL,FALSE,modulator,ChEMBL,0.0419307618946872,""
TUBB3,CHEMBL:CHEMBL1795737,FALSE,"",DTC,0.0786201785525384,21664138
TUBB3,VINCRISTINE SULFATE,TRUE,inhibitor,ChEMBL,0.033103233074753,""
TUBB3,SOBLIDOTIN,FALSE,inhibitor,ChEMBL,0.0369977310835475,""
TUBB3,TISOTUMAB VEDOTIN,TRUE,inhibitor,ChEMBL,0.0393100892762692,""
MT1A,OXALIPLATIN,TRUE,"",PharmGKB,1.37378417260225,24924344
MT1A,ARSENIC TRIOXIDE,TRUE,"",PharmGKB,2.00783840611098,24924344
AMELX,IMMEPIP,FALSE,agonist,GuideToPharmacology,0.669279468703661,""
AMELX,[125I]CCL16 (HUMAN),FALSE,agonist,GuideToPharmacology,1.33855893740732,""
AMELX,THIOPERAMIDE,FALSE,inhibitor,GuideToPharmacology,0.167319867175915,""
AMELX,ADRIFORANT,FALSE,inhibitor,GuideToPharmacology,0.446186312469107,""
AMELX,CLOZAPINE,TRUE,inhibitor,GuideToPharmacology,0.0137995766743023,""
AMELX,N-ETHYLHISTAMINE,FALSE,agonist,GuideToPharmacology,1.33855893740732,""
AMELX,DIMAPRIT,FALSE,agonist,GuideToPharmacology,0.669279468703661,""
AMELX,JNJ 7777120,FALSE,inhibitor,GuideToPharmacology,0.669279468703661,""
AMELX,HTMT,FALSE,agonist,GuideToPharmacology,1.33855893740732,""
AMELX,2-(3-BROMOPHENYL)HISTAMINE,FALSE,agonist,GuideToPharmacology,0.669279468703661,""
AMELX,H4 ANTAGONIST 48,FALSE,inhibitor,GuideToPharmacology,1.33855893740732,""
AMELX,(R)-&ALPHA;-METHYLHISTAMINE,FALSE,agonist,GuideToPharmacology,0.446186312469107,""
AMELX,CLOBENPROPIT,FALSE,agonist,GuideToPharmacology,0.148728770823036,""
AMELX,CONESSINE,FALSE,inhibitor,GuideToPharmacology,0.33463973435183,""
AMELX,METHIMEPIP,FALSE,agonist,GuideToPharmacology,0.669279468703661,""
AMELX,CCL16,FALSE,agonist,GuideToPharmacology,0.446186312469107,""
AMELX,PITOLISANT,TRUE,inhibitor,GuideToPharmacology,0.267711787481464,""
AMELX,CIPROXIFAN,FALSE,inhibitor,GuideToPharmacology,0.33463973435183,""
AMELX,[3H]PYRILAMINE,FALSE,inhibitor,GuideToPharmacology,0.669279468703661,""
AMELX,ST-1006,FALSE,agonist,GuideToPharmacology,0.33463973435183,""
AMELX,IODOPHENPROPIT,FALSE,inhibitor,GuideToPharmacology,0.33463973435183,""
AMELX,MK-0249,FALSE,inhibitor,GuideToPharmacology,0.33463973435183,""
AMELX,IMETIT,FALSE,agonist,GuideToPharmacology,0.223093156234554,""
AMELX,BURIMAMIDE,FALSE,inhibitor,GuideToPharmacology,0.446186312469107,""
AMELX,N-&ALPHA;-METHYLHISTAMINE,FALSE,agonist,GuideToPharmacology,1.33855893740732,""
AMELX,INCB-38579,FALSE,inhibitor,GuideToPharmacology,0.33463973435183,""
AMELX,SELIFORANT,FALSE,inhibitor,GuideToPharmacology,1.33855893740732,""
AMELX,TOREFORANT,FALSE,inhibitor,GuideToPharmacology,0.669279468703661,""
AMELX,HISTAMINE,TRUE,agonist,GuideToPharmacology,0.102966072108255,""
AMELX,2-METHYLHISTAMINE,FALSE,agonist,GuideToPharmacology,1.33855893740732,""
AMELX,JNJ-39758979,FALSE,inhibitor,GuideToPharmacology,0.33463973435183,""
AMELX,N-[3H]METHYLHISTAMINE,FALSE,agonist,GuideToPharmacology,0.446186312469107,""
AMELX,(S)-&ALPHA;-METHYLHISTAMINE,FALSE,agonist,GuideToPharmacology,0.669279468703661,""
AMELX,"N,N-DIMETHYLHISTAMINE",FALSE,agonist,GuideToPharmacology,1.33855893740732,""
AMELX,VUF 8430,FALSE,agonist,GuideToPharmacology,1.33855893740732,""
AMELX,JNJ-10191584,FALSE,inhibitor,GuideToPharmacology,1.33855893740732,""
AMELX,IMPROGAN,FALSE,agonist,GuideToPharmacology,1.33855893740732,""
AMELX,IMPROMIDINE,FALSE,agonist,GuideToPharmacology,0.33463973435183,""
AMELX,4-METHYLHISTAMINE,FALSE,agonist,GuideToPharmacology,1.33855893740732,""
HOXB5,COMPOUND 27 [PMID: 36449304],FALSE,inhibitor,GuideToPharmacology,26.1018992794428,""
CYP27B1,TRICHOSTATIN A,FALSE,"",NCI,0.401567681222196,15860259
CYP27B1,COMPOUND 4 [PMID: 19954973],FALSE,inhibitor,GuideToPharmacology,2.00783840611098,""
CYP27B1,TENOFOVIR DISOPROXIL FUMARATE,TRUE,"",PharmGKB,2.00783840611098,31619748
CYP27B1,COMPOUND 3 [PMID: 14640538],FALSE,inhibitor,GuideToPharmacology,1.00391920305549,""
CYP27B1,DEFERASIROX,TRUE,"",PharmGKB,1.00391920305549,30651574
CYP27B1,GAMMA-INTERFERON,FALSE,"",NCI,0.892372624938214,12055341
CYP27B1,"SQ-24,798",FALSE,inhibitor,GuideToPharmacology,2.00783840611098,""
CYP27B1,DECITABINE,TRUE,"",NCI,0.33463973435183,15860259
CYP27B1,SOY PROTEIN ISOLATE,FALSE,"",NCI,1.33855893740732,12421875
CYP27B1,PEGINTERFERON ALFA-2A,TRUE,"",PharmGKB,0.276943228429101,28453395
CYP27B1,"UK-396,082",FALSE,inhibitor,GuideToPharmacology,2.00783840611098,""
CYP27B1,RIFAMPIN,TRUE,"",PharmGKB,0.286834058015855,28594304
CYP27B1,CHEMBL:CHEMBL2036072,FALSE,"",DTC,8.03135362444393,22404326
TNNI3,PURPUROGALLIN,FALSE,"",DTC,0.36252637888115,""
TNNI3,LEVOSIMENDAN,TRUE,positive modulator,ChEMBL,1.86442137710305,""
TNNI3,PYROGALLOL RED,FALSE,"",DTC,0.522037985588855,""
TNNI3,CHEMBL:CHEMBL1601846,FALSE,"",DTC,0.567432593031365,""
GFRA1,LIATERMIN,FALSE,agonist,ChEMBL,13.0509496397214,""
GFRA1,ANTISENSE OLIGONUCLEOTIDES,FALSE,"",NCI,1.5819332896632,11079571
DCX,ILOMASTAT,FALSE,inhibitor,GuideToPharmacology,2.08815194235542,""
ATP12A,NF778,FALSE,inhibitor,GuideToPharmacology,17.4012661862952,""
ATP12A,NF770,FALSE,inhibitor,GuideToPharmacology,17.4012661862952,""
ATP12A,PSB-10211,FALSE,inhibitor,GuideToPharmacology,17.4012661862952,""
ERBB4,LAPATINIB,TRUE,"",CGI; CIViC; DoCM; PharmGKB; DTC,0.174206224334434,19718025
ERBB4,NVP-TAE684,FALSE,"",DTC,0.00873849992616095,""
ERBB4,BIX02188,FALSE,inhibitor,GuideToPharmacology,0.450032746197289,""
ERBB4,CHEMBL:CHEMBL578061,FALSE,"",DTC,0.0360026196957831,""
ERBB4,HB-EGF,FALSE,"",GuideToPharmacology,0.450032746197289,""
ERBB4,DACOMITINIB ANHYDROUS,TRUE,inhibitor,MyCancerGenomeClinicalTrial; MyCancerGenome; TdgClinicalTrial; ChEMBL; GuideToPharmacology,0.750054576995482,""
ERBB4,NEUREGULIN-3,FALSE,"",GuideToPharmacology,0.900065492394578,""
ERBB4,GEFITINIB,TRUE,inhibitor,MyCancerGenomeClinicalTrial; PharmGKB; DTC,0.0403014399579662,""
ERBB4,AFATINIB,TRUE,"",CGI; CIViC,0.100007276932731,""
ERBB4,POZIOTINIB,FALSE,inhibitor,MyCancerGenomeClinicalTrial; ChEMBL; GuideToPharmacology,0.450032746197289,""
ERBB4,DASATINIB ANHYDROUS,TRUE,"",DTC,0.0118429670051918,""
ERBB4,PALIPERIDONE,TRUE,"",PharmGKB,0.150010915399096,25714000
ERBB4,CEDIRANIB,FALSE,"",DTC,0.0160725980784746,""
ERBB4,BETACELLULIN,FALSE,"",GuideToPharmacology,0.450032746197289,""
ERBB4,ALLITINIB,FALSE,inhibitor,GuideToPharmacology,0.300021830798193,""
ERBB4,LAUROGUADINE,FALSE,"",DTC,0.0321451961569492,""
ERBB4,COMPOUND 38 [PMID: 24915291],FALSE,inhibitor,GuideToPharmacology,0.112508186549322,""
ERBB4,AEE788,FALSE,inhibitor,GuideToPharmacology,0.128580784627797,""
ERBB4,TAK-715,FALSE,"",DTC,0.0375027288497741,""
ERBB4,AFATINIB DIMALEATE,TRUE,inhibitor,ChEMBL,0.300021830798193,""
ERBB4,PELITINIB,FALSE,inhibitor,MyCancerGenome; TALC,0.450032746197289,""
ERBB4,PIROTINIB,FALSE,inhibitor,GuideToPharmacology,0.300021830798193,""
ERBB4,JNJ-26483327,FALSE,inhibitor,ChEMBL,0.100007276932731,""
ERBB4,DIMETHYLCURCUMIN,FALSE,"",DTC,0.360026196957831,25753330
ERBB4,NERATINIB,TRUE,inhibitor,ChEMBL,0.0600043661596385,""
ERBB4,NEUREGULIN-1,FALSE,"",GuideToPharmacology,0.450032746197289,""
ERBB4,PAN-HER KINASE INHIBITOR AC480,FALSE,"",TdgClinicalTrial,0.225016373098644,""
ERBB4,TUCATINIB,TRUE,inhibitor,GuideToPharmacology,0.112508186549322,""
ERBB4,TARLOXOTINIB,FALSE,inhibitor,ChEMBL,0.225016373098644,""
ERBB4,BMS-599626,FALSE,inhibitor,ChEMBL; GuideToPharmacology,0.360026196957831,""
ERBB4,XILIERTINIB,FALSE,inhibitor,GuideToPharmacology,0.150010915399096,""
ERBB4,BARASERTIB-HQPA,FALSE,"",DTC,0.0391332822780251,""
ERBB4,CENISERTIB,FALSE,"",DTC,0.00762767366436083,""
ERBB4,SB220025,FALSE,"",DTC,0.0290343707224057,""
ERBB4,RG-1530,FALSE,"",DTC,0.00957516481270828,""
ERBB4,BIX02189,FALSE,inhibitor,GuideToPharmacology,0.300021830798193,""
ERBB4,BMS-690514,FALSE,inhibitor,MyCancerGenome; ChEMBL,0.300021830798193,""
ERBB4,COMPOUND 9 [PMID: 26006010],FALSE,inhibitor,GuideToPharmacology,0.150010915399096,""
ERBB4,IBRUTINIB,TRUE,inhibitor,GuideToPharmacology,0.0264725144821935,""
ERBB4,ACALABRUTINIB,TRUE,inhibitor,GuideToPharmacology,0.0529450289643869,""
ERBB4,NEUREGULIN-4,FALSE,"",GuideToPharmacology,0.900065492394578,""
ERBB4,WZ4002,FALSE,inhibitor,GuideToPharmacology,0.128580784627797,""
ERBB4,SP-600125,FALSE,"",DTC,0.0101130954201638,""
ERBB4,CURCUMIN,TRUE,"",DTC,0.0272747118907448,25753330
ERBB4,TAMATINIB,FALSE,"",DTC,0.0111119196591923,""
ERBB4,KBP5209,FALSE,inhibitor,ChEMBL,0.225016373098644,""
ERBB4,EGFR/ERBB-2/ERBB-4 INHIBITOR,FALSE,inhibitor,GuideToPharmacology,0.300021830798193,""
ERBB4,NERATINIB MALEATE,TRUE,inhibitor,ChEMBL,0.300021830798193,""
ERBB4,CIMAGLERMIN ALFA,FALSE,"",TdgClinicalTrial,0.300021830798193,""
ERBB4,VANDETANIB,TRUE,inhibitor,ChEMBL,0.0155183705585272,""
ERBB4,BMS-599626,FALSE,inhibitor,MyCancerGenome; TALC,0.600043661596386,""
ERBB4,CANERTINIB DIHYDROCHLORIDE,FALSE,inhibitor,ChEMBL,0.180013098478916,""
ERBB4,METHYLCURCUMIN,FALSE,"",DTC,0.450032746197289,25753330
ERBB4,NEUREGULIN-2,FALSE,"",GuideToPharmacology,0.450032746197289,""
ERBB4,EPIREGULIN,FALSE,"",GuideToPharmacology,0.450032746197289,""
ERBB4,ERLOTINIB,TRUE,"",PharmGKB; DTC,0.0321451961569492,""
ERBB4,ILORASERTIB,FALSE,"",DTC,0.0077591852792636,""
ERBB4,ALISERTIB,FALSE,"",DTC,0.018751364424887,""
CXCL13,RITUXIMAB,TRUE,"",PharmGKB,2.9002110310492,""
LIF,ESTRADIOL VALERATE,TRUE,"",NCI,0.116917801923596,10508216
LIF,DAIDZEIN,FALSE,"",NCI,0.289217720547842,10508216
LIF,CISPLATIN,TRUE,"",NCI,0.0560728233715204,12519017; 11800022
LIF,ANTISENSE OLIGONUCLEOTIDES,FALSE,"",NCI,0.166519293648758,10843995
LIF,CLOMIPHENE CITRATE,TRUE,"",NCI,1.37378417260225,12012626
LIF,IL-13,FALSE,"",NCI,1.37378417260225,12620497
LIF,AZACITIDINE,TRUE,"",NCI,0.137378417260225,12543079
LIF,HUMAN CHORIONIC GONADOTROPIN,TRUE,"",NCI,0.433826580821763,9764349; 15388676
LIF,TRETINOIN,TRUE,"",NCI,0.060386117477022,2119291
LIF,THROMBIN,TRUE,"",NCI,0.228964028767042,7007650
LIF,BUPIVACAINE,TRUE,"",NCI,0.323243334729941,10838161
LIF,THERAPEUTIC HORMONE,FALSE,"",NCI,0.124889470236568,11589623
LIF,MIFEPRISTONE,TRUE,"",NCI,0.196254881800322,10717784
LIF,CAPSAICIN,TRUE,"",NCI,0.323243334729941,9138695
LIF,SIMVASTATIN,TRUE,"",NCI,0.10990273380818,16797728
LIF,DEXAMETHASONE,TRUE,"",NCI,0.0646486669459883,8392465
LIF,PACLITAXEL,TRUE,"",NCI,0.0499557880946273,11800022
LIF,DECITABINE,TRUE,"",NCI,0.228964028767042,14647063
LIF,RECOMBINANT INTERLEUKIN-1,FALSE,"",NCI,0.305285371689389,1908322
CYP24A1,LUNACALCIPOL,FALSE,"",TTD,1.93347402069946,""
CYP24A1,ASPIRIN,TRUE,"",PharmGKB,0.130346563193222,24367646
CYP24A1,TELAPREVIR,TRUE,"",PharmGKB,2.32016882483936,26158282
CYP24A1,CTA018,FALSE,"",TdgClinicalTrial,5.80042206209839,""
CYP24A1,TENOFOVIR DISOPROXIL FUMARATE,TRUE,"",PharmGKB,2.9002110310492,31619748
CYP24A1,DEFERASIROX,TRUE,"",PharmGKB,2.1751582732869,29160302; 29099735
CYP24A1,DACLATASVIR,FALSE,"",PharmGKB,2.9002110310492,29790402
CYP24A1,VITAMIN D,TRUE,"",NCI,0.892372624938214,15225763
CYP24A1,CALCITRIOL,TRUE,"",DTC,0.966737010349732,25148392
FCER2,GOMILIXIMAB,FALSE,inhibitor,TTD; TdgClinicalTrial; ChEMBL,31.3222791353313,""
FCER2,THERAPEUTIC CORTICOSTEROID,FALSE,"",PharmGKB,0.497179033894148,21958076
FCER2,BUDESONIDE,TRUE,"",PharmGKB,1.60627072488879,17980418
FCER2,TYROSINE KINASE INHIBITOR,FALSE,"",NCI,0.803135362444393,11202232
FCER2,COMPOUND 13 [PMID: 15925511],FALSE,inhibitor,GuideToPharmacology,10.4407597117771,""
HOXD9,COMPOUND 14I [PMID: 37204466],FALSE,inhibitor,GuideToPharmacology,52.2037985588855,""
SLC2A4,PROTEASE INHIBITOR,FALSE,"",NCI,0.0803135362444393,12829635
SLC2A4,CLOFIBRATE,TRUE,"",NCI,0.100391920305549,8557642
SLC2A4,ESTRADIOL 3-BENZOATE,TRUE,"",NCI,0.160627072488879,18084728
SLC2A4,GLUFOSFAMIDE,FALSE,"",TdgClinicalTrial,0.100391920305549,""
SLC2A4,CALCIUM CHANNEL BLOCKER,FALSE,"",NCI,0.178474524987643,8381427
SLC2A4,BUTHIONINE SULFOXIMINE,FALSE,"",NCI,0.160627072488879,15127200
SLC2A4,THEAFLAVIN,FALSE,"",NCI,0.535423574962929,18591783
SLC2A4,TROGLITAZONE,TRUE,"",NCI,0.0617796432649533,11947963
SLC2A4,TCDD,FALSE,"",NCI,0.0642508289955514,7530807
SLC2A4,STAUROSPORINE,FALSE,"",NCI,0.0573668116031709,8068015
SLC2A4,GENISTEIN,TRUE,"",NCI,0.0276943228429101,8424658
SLC2A4,HEPARIN,TRUE,"",NCI,0.0501959601527746,10997602
SLC2A4,GLYBURIDE,TRUE,"",NCI,0.0553886456858202,8224371
SLC2A4,EPINEPHRINE,TRUE,"",NCI,0.0401567681222196,12376414
SLC2A4,SOMATROPIN (RECOMBINANT DNA ORIGIN),TRUE,"",NCI,0.107084714992586,7762644
SLC2A4,"INSULIN, REGULAR, HUMAN",TRUE,"",NCI,1.45473575084267,9950801; 9918825; 9792680; 9748297; 9616209; 9453263; 9437239; 9421368; 9406133; 9227455; 9227454; 9176187; 9175878; 9048628; 8995390; 8789319; 8675649; 8665891; 8636261; 8529803; 8522056; 8419118; 8412752; 8391425; 8349045; 8243832; 8063042; 8048627; 8013658; 7968595; 7884509; 7866477; 7796936; 7750476; 7695642; 7585807; 7575448; 2249650; 2050674; 2040701; 1999488; 1858877; 1855475; 18366935; 18322300; 17976658; 17959846; 17825496; 17709177; 17616136; 17462778; 17400720; 17279354; 17227768; 17072583; 16823721; 16754199; 16489447; 16423895; 1612011; 1587399; 15850715; 15536229; 15469417; 15365619; 15264018; 15258906; 15235328; 15235327; 15083319; 14637133; 1324860; 12970362; 12932196; 12829635; 12540375; 12490950; 12175706; 12054114; 11916910; 11714021; 11522683; 11443199; 11401844; 11375332; 11079746; 10871200; 10839189; 10834933; 10778531; 10542046; 10497159; 10334307; 10198313; 10080958
SLC2A4,PRASTERONE,TRUE,"",NCI,0.0892372624938214,18349113
SLC2A4,PD-98059,FALSE,"",NCI,0.0434127222942915,11978788
SLC2A4,THERAPEUTIC GLUCOCORTICOID,FALSE,"",NCI,0.0472432566143761,9032457
SLC2A4,NYSTATIN,TRUE,"",NCI,0.535423574962929,11593015
SLC2A4,RESVERATROL,TRUE,"",NCI,0.032781035201812,18065527
SLC2A4,LIOTHYRONINE,TRUE,"",NCI,0.0486748704511753,9217278
SLC2A4,SORBITOL,TRUE,"",NCI,0.535423574962929,11879194
SLC2A4,IMATINIB,TRUE,"",NCI,0.0223093156234554,16707477
SLC2A4,SOYBEAN SEED OIL,TRUE,"",NCI,0.321254144977757,10997602
SLC2A4,FLUORODEOXYGLUCOSE F18,TRUE,"",NCI,0.401567681222196,7884509; 12900743
SLC2A4,WORTMANNIN,FALSE,"",NCI,0.143417029007927,18366935; 12743033; 12490950; 11598141
SLC2A4,RETINOIC ACID AGENT,FALSE,"",NCI,0.0518151846738318,12697904
SLC2A4,INDOMETHACIN,TRUE,"",NCI,0.0401567681222196,8557642
SLC2A4,STREPTOZOCIN,TRUE,"",NCI,0.0698378576038602,9421368; 10098523; 2354749
SLC2A4,BETA-ADRENERGIC ANTAGONIST,FALSE,"",NCI,0.321254144977757,10381893
SLC2A4,INDINAVIR,FALSE,"",NCI,0.160627072488879,11916910
SLC2A4,OMAPATRILAT,FALSE,"",NCI,1.60627072488879,15776120
SLC2A4,DEXAMETHASONE,TRUE,"",NCI,0.0188973026457504,1587399
SLC2A4,UCN-01,FALSE,"",NCI,0.0803135362444393,15534092
SLC2A4,HALOPERIDOL DECANOATE,TRUE,"",NCI,0.0211351411169577,16002093
SLC2A4,GREEN TEA LEAF EXTRACT,TRUE,"",NCI,0.535423574962929,17616136
SLC2A4,IRBESARTAN,TRUE,"",NCI,0.200783840611098,18162196
SLC2A4,TNF-ALPHA,FALSE,"",NCI,0.133855893740732,8995390; 16754199; 14764603
SLC2A4,ADENOVIRUS VECTOR,FALSE,"",NCI,0.114733623206342,17536066
SLC2A4,ESTRADIOL VALERATE,TRUE,"",NCI,0.0341759728699742,17068109
SLC2A4,RECOMBINANT TUMOR NECROSIS FACTOR FAMILY PROTEIN,FALSE,"",NCI,0.107084714992586,14764603
SLC2A4,ETOPOSIDE,TRUE,"",NCI,0.0276943228429101,15496478
SLC2A4,HYDROGEN PEROXIDE,TRUE,"",NCI,0.0803135362444393,16713429
SLC2A4,EPIGALLOCATECHIN GALLATE,TRUE,"",NCI,0.0944865132287521,18591783
SLC2A4,PROTEIN SYNTHESIS INHIBITOR,FALSE,"",NCI,0.133855893740732,9844728
SLC2A4,ACE INHIBITOR,FALSE,"",NCI,0.344200869619026,8622594; 12215475
SLC2A4,RECOMBINANT HEPATOCYTE GROWTH FACTOR,FALSE,"",NCI,0.160627072488879,18362143
SLC2A4,ALPHA-ADRENERGIC ANTAGONIST,FALSE,"",NCI,0.535423574962929,10381893
SLC2A4,MIRTAZAPINE,TRUE,"",NCI,0.0803135362444393,16002093
SLC2A4,COLCHICINE,TRUE,"",NCI,0.0308898216324767,16239226
SLC2A4,VERAPAMIL,TRUE,"",NCI,0.0356949049975286,8622594
SLC2A4,PHENTOLAMINE,TRUE,"",NCI,0.107084714992586,10381893
SLC2A4,ISPAGHULA HUSK,TRUE,"",NCI,0.535423574962929,10696527
SLC2A4,THERAPEUTIC HORMONE,FALSE,"",NCI,0.0365061528383815,8119934
SLC2A4,ACARBOSE,TRUE,"",NCI,0.267711787481464,12065205
SLC2A4,ACETYLCYSTEINE,TRUE,"",NCI,0.107084714992586,16713429
SLC2A4,CURCUMIN,TRUE,"",NCI,0.0243374352255877,12446602
SLC2A4,LIF,FALSE,"",NCI,0.200783840611098,16489447
SLC2A4,PROGESTERONE,TRUE,"",NCI,0.0272249275404879,17068109
SLC2A4,URIDINE,TRUE,"",NCI,0.200783840611098,9030547
SLC2A4,GLIPIZIDE,TRUE,"",NCI,0.229467246412684,8043894
SLC2A4,FRAMYCETIN,TRUE,"",NCI,0.200783840611098,15024008
SLC2A4,PENICILLAMINE,TRUE,"",NCI,0.229467246412684,17666490
SLC2A4,DIPYRIDAMOLE,TRUE,"",NCI,0.0286834058015855,1716731
IGF2,DUSIGITUMAB,FALSE,inhibitor,TTD; ChEMBL,2.9002110310492,""
IGF2,BETAMETHASONE,TRUE,"",NCI,0.580042206209839,10495414
IGF2,GEFITINIB,TRUE,"",NCI,0.0865734636134089,16988945
IGF2,GEMCITABINE,TRUE,"",CIViC,0.0315240329461869,""
IGF2,SOMATROPIN (RECOMBINANT DNA ORIGIN),TRUE,"",NCI,0.386694804139893,9834461
IGF2,GLUTAMINE,TRUE,"",NCI,0.725052757762299,14746834
IGF2,GANITUMAB,FALSE,"",CIViC,0.483368505174866,""
IGF2,3-[(3-(2-CARBOXYETHYL)-4-METHYLPYRROL-2-YL)METHYLENE]-2-INDOLINONE,FALSE,"",NCI,1.16008441241968,15516981
IGF2,RECOMBINANT INTERFERON,FALSE,"",NCI,0.148728770823036,15342387
IGF2,ETOPOSIDE,TRUE,"",NCI,0.100007276932731,15019164
IGF2,CABAZITAXEL,TRUE,"",CIViC,0.1318277741386,""
IGF2,ANASTROZOLE,TRUE,"",NCI,0.446186312469107,11983488
IGF2,DOCETAXEL ANHYDROUS,TRUE,"",CIViC,0.034942301578906,""
IGF2,LINSITINIB,FALSE,"",CIViC,0.414315861578457,""
IGF2,THERAPEUTIC ANDROGEN,FALSE,"",NCI,0.341201297770494,2229290
IGF2,FLUOXETINE HYDROCHLORIDE,TRUE,"",NCI,0.207157930789228,8265809
IGF2,XENTUZUMAB,FALSE,inhibitor,TTD; ChEMBL,2.9002110310492,""
IGF2,RECOMBINANT HEPATOCYTE GROWTH FACTOR,FALSE,"",NCI,0.580042206209839,9348194
COL6A2,COLLAGENASE CLOSTRIDIUM HISTOLYTICUM,TRUE,cleavage,ChEMBL,0.621473792367685,""
COL6A2,OCRIPLASMIN,TRUE,cleavage,ChEMBL,0.457928057534084,""
COL6A2,ESI-09,FALSE,inhibitor,GuideToPharmacology,8.70063309314759,""
TNFRSF11B,PAMIDRONATE,TRUE,"",PharmGKB,1.35594281971131,21396799
TNFRSF11B,TESTOSTERONE,TRUE,"",NCI,0.382445410687806,11932280
TNFRSF11B,TRAIL,FALSE,"",NCI,1.49153710168244,12915677; 11912131
TNFRSF11B,ZOLEDRONIC ACID ANHYDROUS,TRUE,"",PharmGKB,0.994358067788296,21396799
TNFRSF11B,THERAPEUTIC HORMONE,FALSE,"",NCI,0.508478557391742,10702390; 10469275
TNFRSF11B,RISEDRONIC ACID,TRUE,"",NCI,2.98307420336489,15777635
TNFRSF11B,EPINEPHRINE,TRUE,"",NCI,0.372884275420611,11239501
PDE3B,ENSIFENTRINE,TRUE,inhibitor,TdgClinicalTrial; ChEMBL,1.4501055155246,""
PDE3B,K-134,FALSE,inhibitor,ChEMBL,2.1751582732869,""
PDE3B,THEOPHYLLINE,TRUE,inhibitor,ChEMBL,0.161122835058289,""
PDE3B,LEVOSIMENDAN,TRUE,inhibitor,ChEMBL,0.621473792367685,""
PDE3B,ANAGRELIDE HYDROCHLORIDE,TRUE,inhibitor,ChEMBL,1.4501055155246,""
PDE3B,ENOXIMONE,TRUE,inhibitor,ChEMBL,0.725052757762299,""
PDE3B,AMINOPHYLLINE,TRUE,inhibitor,ChEMBL,0.435031654657379,""
PDE3B,THEOPHYLLINE SODIUM GLYCINATE,TRUE,inhibitor,ChEMBL,0.435031654657379,""
PDE3B,OXTRIPHYLLINE,TRUE,inhibitor,ChEMBL,0.435031654657379,""
PDE3B,PENTOXIFYLLINE,TRUE,inhibitor,ChEMBL,0.124294758473537,""
PDE3B,NM-702,FALSE,"",TdgClinicalTrial,1.08757913664345,""
PDE3B,DIPYRIDAMOLE,TRUE,inhibitor,ChEMBL,0.0776842240459606,""
HOXC6,BAY-805,FALSE,inhibitor,GuideToPharmacology,52.2037985588855,""
SLC6A1,CI-966,FALSE,"",TTD,3.48025323725904,""
SLC6A1,METADOXINE,FALSE,"",TTD,10.4407597117771,""
SLC6A1,COCAINE,TRUE,"",TEND,0.803135362444393,""
SLC6A1,TIAGABINE HYDROCHLORIDE,TRUE,inhibitor,TEND; TTD; TdgClinicalTrial; ChEMBL,13.9210129490361,""
SLC6A1,HINOKININ,FALSE,"",DTC,6.96050647451807,24112084
PLA2G1B,TAURODEOXYCHOLIC ACID,FALSE,"",DTC,4.01567681222196,19102680
PLA2G1B,CLOCORTOLONE,TRUE,"",TTD,0.401567681222196,""
PLA2G1B,MANOALIDE,FALSE,"",TTD,1.00391920305549,""
PLA2G1B,CLOBETASOL,TRUE,"",TTD,0.501959601527746,""
PLA2G1B,MILTEFOSINE,TRUE,"",TTD,0.33463973435183,""
PLA2G1B,CHOLIC ACID,TRUE,"",TTD; DTC,0.501959601527746,19102680
PLA2G1B,FENTICLOR,FALSE,"",DTC,0.105675705584789,""
PLA2G1B,CHEMBL:CHEMBL605084,FALSE,"",DTC,0.669279468703661,""
PLA2G1B,ALEXIDINE HYDROCHLORIDE,FALSE,"",DTC,0.11810814153594,""
PLA2G1B,AMITRIPTYLINE HYDROCHLORIDE,TRUE,"",NCI,0.0892372624938214,12856820
PLA2G1B,DIFLORASONE DIACETATE,TRUE,"",TTD,0.33463973435183,""
PLA2G1B,CHEMBL:CHEMBL528181,FALSE,"",DTC,0.286834058015855,""
PLA2G1B,RILAPLADIB,FALSE,"",TTD,0.501959601527746,""
PLA2G1B,ETOPOSIDE,TRUE,"",NCI,0.0692358071072752,9716508
PLA2G1B,TOLFENAMIC ACID,FALSE,"",DTC,0.200783840611098,""
PLA2G1B,CHENODEOXYCHOLIC ACID,TRUE,"",DTC,0.401567681222196,19102680
PLA2G1B,TNF-ALPHA,FALSE,"",NCI,0.167319867175915,8611631
PLA2G1B,BIFONAZOLE,TRUE,"",DTC,0.182530764191907,""
PLA2G1B,ADRIAMYCIN,FALSE,"",NCI,0.211351411169577,2007582
PLA2G1B,CETYLPYRIDINIUM BROMIDE,FALSE,"",DTC,0.154449108162383,""
PLA2G1B,RANITIDINE HYDROCHLORIDE,TRUE,"",NCI,0.250979800763873,10383521
PLA2G1B,RETINOIC ACID AGENT,FALSE,"",NCI,0.129537961684579,3218613
PLA2G1B,NIFLUMIC ACID,FALSE,"",TdgClinicalTrial,0.154449108162383,""
PLA2G1B,CONTEZOLID ACEFOSAMIL (PARENT),FALSE,"",TTD,1.00391920305549,""
PLA2G1B,MPA,FALSE,"",NCI,0.401567681222196,7872957
PLA2G1B,AROMATASE INHIBITOR,FALSE,"",NCI,2.00783840611098,11577780
ADH1A,LPA,FALSE,agonist,GuideToPharmacology,0.466105344275764,""
ADH1A,FOMEPIZOLE,TRUE,inhibitor,TEND; TTD; TdgClinicalTrial; ChEMBL,3.26273740993035,""
ADH1A,GEMTUZUMAB OZOGAMICIN,TRUE,"",PharmGKB,0.725052757762299,22584460
ADH1A,NITREFAZOLE,TRUE,inhibitor,ChEMBL,0.466105344275764,""
ADH1A,FLUDARABINE,TRUE,"",PharmGKB,0.191925729995903,22584460
ADH1A,ACETALDEHYDE,TRUE,"",PharmGKB,1.30509496397214,31002879
ADH1A,ABACAVIR,TRUE,"",PharmGKB,0.593224983623699,24625462
ADH1A,FARNESYL MONOPHOSPHATE,FALSE,agonist,GuideToPharmacology,1.08757913664345,""
ADH1A,COMPOUND 65 [PMID: 36126387],FALSE,inhibitor,GuideToPharmacology,3.26273740993035,""
ADH1A,IDARUBICIN,TRUE,"",PharmGKB,0.135947392080431,22584460
ADH1A,AS2717638,FALSE,inhibitor,GuideToPharmacology,3.26273740993035,""
ADH1A,FARNESYL DIPHOSPHATE,FALSE,agonist,GuideToPharmacology,0.652547481986069,""
ADH1A,N-ARACHIDONOYLGLYCINE,FALSE,agonist,GuideToPharmacology,0.171723021575281,""
ADH1A,COMPOUND 66 [PMID: 36126387],FALSE,inhibitor,GuideToPharmacology,3.26273740993035,""
ADH1A,TCLPA5,FALSE,inhibitor,GuideToPharmacology,3.26273740993035,""
ADH1A,CYTARABINE,TRUE,"",PharmGKB,0.0815684352482587,22584460
EREG,CETUXIMAB,TRUE,"",CIViC,0.235152245760746,""
EREG,PANITUMUMAB,TRUE,"",CIViC,0.435031654657379,""
EREG,E6201,FALSE,inhibitor,GuideToPharmacology,1.24294758473537,""
EREG,HUMAN CHORIONIC GONADOTROPIN,TRUE,"",NCI,0.915856115068167,16543407
EREG,FEPIXNEBART,FALSE,"",TTD,4.35031654657379,""
EREG,FEPIXNEBART,FALSE,inhibitor,ChEMBL,4.35031654657379,""
DES,COMPOUND 12C [PMID: 16516466],FALSE,inhibitor,GuideToPharmacology,17.4012661862952,""
DES,ALTEPLASE,TRUE,"",NCI,1.65726344631383,7507197
DES,THROMBIN,TRUE,"",NCI,1.4501055155246,3040412
HTR1D,FROVATRIPTAN,TRUE,"",TEND; TTD; TdgClinicalTrial,1.20470304366659,""
HTR1D,TONABERSAT,FALSE,"",TTD; TdgClinicalTrial,4.01567681222196,""
HTR1D,SUMATRIPTAN,TRUE,agonist,TEND; TTD; TdgClinicalTrial; ChEMBL,0.349189288019301,""
HTR1D,ELZASONAN HYDROCHLORIDE,FALSE,inhibitor,ChEMBL,1.00391920305549,""
HTR1D,ZOLMITRIPTAN,TRUE,agonist,TEND; TTD; TdgClinicalTrial; ChEMBL,0.803135362444393,""
HTR1D,ELETRIPTAN,TRUE,agonist,TEND; TTD; TdgClinicalTrial; ChEMBL,0.892372624938214,""
HTR1D,ALMOTRIPTAN MALATE,TRUE,agonist,ChEMBL,0.669279468703661,""
HTR1D,ERGOTAMINE,TRUE,"",TEND; TdgClinicalTrial,0.365061528383815,""
HTR1D,ERGOTAMINE TARTRATE,TRUE,agonist,ChEMBL,0.286834058015855,""
HTR1D,ALMOTRIPTAN,TRUE,"",TEND; TTD; TdgClinicalTrial,1.50587880458324,""
HTR1D,NARATRIPTAN,TRUE,"",TEND; TdgClinicalTrial,0.446186312469107,""
HTR1D,OLANZAPINE,TRUE,"",TdgClinicalTrial,0.0264189263961971,""
HTR1D,NARATRIPTAN HYDROCHLORIDE,TRUE,agonist,ChEMBL,1.00391920305549,""
HTR1D,DONITRIPTAN,FALSE,agonist,TTD; ChEMBL,0.365061528383815,""
HTR1D,RIZATRIPTAN BENZOATE,TRUE,agonist,TEND; TTD; TdgClinicalTrial; ChEMBL,1.14733623206342,""
HTR1D,CHEMBL:CHEMBL490417,FALSE,"",DTC,4.01567681222196,21053897
HTR1D,FENFLURAMINE HYDROCHLORIDE,TRUE,agonist,ChEMBL,0.669279468703661,""
HTR1D,AMISULPRIDE,TRUE,inhibitor,ChEMBL,0.0772245540811916,""
HTR1D,PIROMELATINE,FALSE,"",TTD,0.669279468703661,""
HTR1D,GSK163090,FALSE,inhibitor,ChEMBL,0.501959601527746,""
HTR1D,FROVATRIPTAN SUCCINATE,TRUE,agonist,ChEMBL,1.00391920305549,""
HTR1D,NXN-188,FALSE,"",TTD; TdgClinicalTrial,1.33855893740732,""
HTR1D,ZIMELDINE HYDROCHLORIDE,TRUE,inhibitor,ChEMBL,0.11810814153594,""
HTR1D,DEXFENFLURAMINE HYDROCHLORIDE,TRUE,agonist,ChEMBL,0.11810814153594,""
HTR1D,ZIPRASIDONE,TRUE,"",TEND,0.0647689808422897,""
HTR1D,DIHYDROERGOTAMINE MESYLATE,TRUE,agonist,TEND; TdgClinicalTrial; ChEMBL,0.602351521833295,""
FN1,ONFEKAFUSP ALFA,FALSE,"",TTD,4.01567681222196,""
FN1,COMPOUND 28 [PMID: 16460935],FALSE,inhibitor,GuideToPharmacology,4.01567681222196,""
FN1,L19TNFA,FALSE,binder,ChEMBL,4.01567681222196,""
FN1,RADRETUMAB,FALSE,binder,ChEMBL,4.01567681222196,""
FN1,DAROMUN,FALSE,"",CIViC,4.01567681222196,""
FN1,SUTIMLIMAB,FALSE,antibody,GuideToPharmacology,4.01567681222196,""
FN1,MU-BC-1,FALSE,binder,ChEMBL,4.01567681222196,""
FN1,L19IL2,FALSE,binder,CIViC; ChEMBL,8.03135362444393,""
FN1,AS-1409,FALSE,binder,ChEMBL,4.01567681222196,""
FN1,DACARBAZINE,TRUE,"",CIViC,0.267711787481464,""
FN1,OCRIPLASMIN,TRUE,cleavage,TTD; ChEMBL,0.211351411169577,""
FN1,L19SIP 131I,FALSE,other/unknown,ChEMBL,4.01567681222196,""
FN1,AS1409,FALSE,"",TdgClinicalTrial,1.33855893740732,""
NR2E3,CHEMBL:CHEMBL598885,FALSE,"",DTC,1.86442137710305,""
NR2E3,CHEMBL:CHEMBL600336,FALSE,"",DTC,0.338985704927828,""
NR2E3,NITROXOLINE,FALSE,"",DTC,0.286834058015855,""
NR2E3,CHEMBL:CHEMBL317115,FALSE,"",DTC,0.932210688551527,""
NR2E3,SU9516,FALSE,"",DTC,0.233052672137882,""
NR2E3,"2,4-DIACETYLPHLOROGLUCINOL",FALSE,"",DTC,1.24294758473537,""
NR2E3,CHEMBL:CHEMBL586937,FALSE,"",DTC,0.532691822029444,""
NR2E3,HELENALIN,FALSE,"",DTC,0.233052672137882,""
NR2E3,DIPHYLLIN,FALSE,"",DTC,0.932210688551527,""
NR2E3,CHEMBL:CHEMBL528694,FALSE,"",DTC,0.266345911014722,""
NR2E3,9-AMINOCAMPTOTHECIN,FALSE,"",DTC,0.338985704927828,""
NR2E3,CHEMBL:CHEMBL312032,FALSE,"",DTC,0.338985704927828,""
NR2E3,SIMVASTATIN,TRUE,"",DTC,0.0745768550841222,""
NR2E3,LESCOL,FALSE,"",DTC,1.86442137710305,""
ZIC4,HALOPERIDOL DECANOATE,TRUE,"",PharmGKB,1.37378417260225,27023437
GNG7,AZD4877,FALSE,inhibitor,GuideToPharmacology,26.1018992794428,""
GRIN2A,ORPHENADRINE CITRATE,TRUE,inhibitor,ChEMBL,0.0360274662242136,""
GRIN2A,PHILANTHOTOXIN 343,FALSE,"",DTC,0.504384527138991,20873775
GRIN2A,AZD8108,FALSE,inhibitor,ChEMBL,0.108082398672641,""
GRIN2A,RALFINAMIDE,FALSE,inhibitor,ChEMBL,0.0378288395354243,""
GRIN2A,CONANTOKIN-G,FALSE,inhibitor,GuideToPharmacology,0.189144197677122,""
GRIN2A,NVP-AAM077,FALSE,inhibitor,GuideToPharmacology,0.378288395354243,""
GRIN2A,GW468816,FALSE,inhibitor,ChEMBL,0.108082398672641,""
GRIN2A,APIMOSTINEL,FALSE,agonist,ChEMBL,0.108082398672641,""
GRIN2A,SELFOTEL,FALSE,inhibitor,GuideToPharmacology,0.189144197677122,""
GRIN2A,MEMANTINE HYDROCHLORIDE,TRUE,negative modulator,TEND; TdgClinicalTrial; DTC; ChEMBL,0.420320439282492,20361801
GRIN2A,FELBAMATE,TRUE,inhibitor,TEND; TdgClinicalTrial; ChEMBL,0.189144197677122,""
GRIN2A,NEBOGLAMINE,FALSE,positive modulator,ChEMBL,0.108082398672641,""
GRIN2A,ZOLBETUXIMAB,FALSE,antibody,GuideToPharmacology,0.756576790708486,""
GRIN2A,GV196771A,FALSE,inhibitor,GuideToPharmacology,0.189144197677122,""
GRIN2A,[3H]CGP61594,FALSE,inhibitor,GuideToPharmacology,0.151315358141697,""
GRIN2A,[3H]DIZOCILPINE,FALSE,blocker,GuideToPharmacology,0.151315358141697,""
GRIN2A,(RS)-(TETRAZOL-5-YL)GLYCINE,FALSE,agonist,GuideToPharmacology,0.151315358141697,""
GRIN2A,L689560,FALSE,inhibitor,GuideToPharmacology,0.151315358141697,""
GRIN2A,PERZINFOTEL,FALSE,inhibitor,ChEMBL,0.108082398672641,""
GRIN2A,AV-101,FALSE,inhibitor,ChEMBL,0.108082398672641,""
GRIN2A,GLYCINE,TRUE,agonist,TTD; GuideToPharmacology,0.126096131784748,""
GRIN2A,KETAMINE HYDROCHLORIDE,TRUE,blocker; negative modulator,DTC; ChEMBL; GuideToPharmacology,0.178018068401997,20361801
GRIN2A,MG2+,FALSE,blocker,GuideToPharmacology,0.0581982146698835,""
GRIN2A,NERAMEXANE,FALSE,"",TdgClinicalTrial,0.252192263569495,""
GRIN2A,D-AP5,FALSE,inhibitor,GuideToPharmacology,0.189144197677122,""
GRIN2A,NBQX,FALSE,"",TTD,0.0472860494192804,""
GRIN2A,L701324,FALSE,inhibitor,GuideToPharmacology,0.126096131784748,""
GRIN2A,LANICEMINE,FALSE,blocker,TdgClinicalTrial; ChEMBL,0.216164797345282,""
GRIN2A,NERAMEXANE MESYLATE,FALSE,inhibitor,ChEMBL,0.0840640878564985,""
GRIN2A,CGP37849,FALSE,inhibitor,GuideToPharmacology,0.189144197677122,""
GRIN2A,ESKETAMINE,TRUE,negative modulator,ChEMBL,0.108082398672641,""
GRIN2A,INDANTADOL,FALSE,"",TdgClinicalTrial,0.0840640878564985,""
GRIN2A,D-CCPENE,FALSE,inhibitor,GuideToPharmacology,0.189144197677122,""
GRIN2A,DEXANABINOL,FALSE,"",TdgClinicalTrial,0.126096131784748,""
GRIN2A,[3H]D-ASPARTIC ACID,FALSE,agonist,GuideToPharmacology,0.068779708246226,""
GRIN2A,TCN-201,FALSE,modulator,GuideToPharmacology,0.756576790708486,""
GRIN2A,LY233053,FALSE,inhibitor,GuideToPharmacology,0.189144197677122,""
GRIN2A,SAGE-718,FALSE,modulator,GuideToPharmacology,0.378288395354243,""
GRIN2A,(+)-HA966,FALSE,agonist,GuideToPharmacology,0.252192263569495,""
GRIN2A,NMDA,FALSE,agonist,GuideToPharmacology,0.0840640878564985,""
GRIN2A,CNS-5161,FALSE,blocker,TdgClinicalTrial; ChEMBL,0.216164797345282,""
GRIN2A,AMANTADINE HYDROCHLORIDE,TRUE,blocker; inhibitor,ChEMBL; GuideToPharmacology,0.151315358141697,""
GRIN2A,DIMIRACETAM,FALSE,"",TdgClinicalTrial,0.189144197677122,""
GRIN2A,INDANTADOL,FALSE,inhibitor,ChEMBL,0.0945720988385608,""
GRIN2A,NYX-2925,FALSE,modulator,GuideToPharmacology,0.756576790708486,""
GRIN2A,"5,7-DICHLOROKYNURENIC ACID",FALSE,inhibitor,GuideToPharmacology,0.108082398672641,""
GRIN2A,DELUCEMINE,FALSE,inhibitor,ChEMBL,0.108082398672641,""
GRIN2A,ASPARTIC ACID,TRUE,agonist,GuideToPharmacology,0.0756576790708486,""
GRIN2A,DEXTROMETHORPHAN HYDROBROMIDE,TRUE,inhibitor,ChEMBL,0.378288395354243,""
GRIN2A,[3H]MDL105519,FALSE,inhibitor,GuideToPharmacology,0.189144197677122,""
GRIN2A,DEXTROMETHORPHAN POLISTIREX,TRUE,inhibitor,ChEMBL,0.0472860494192804,""
GRIN2A,[3H]CGS19755,FALSE,inhibitor,GuideToPharmacology,0.151315358141697,""
GRIN2A,[3H]L689560,FALSE,inhibitor,GuideToPharmacology,0.151315358141697,""
GRIN2A,UBP141,FALSE,inhibitor,GuideToPharmacology,0.189144197677122,""
GRIN2A,ACAMPROSATE CALCIUM,TRUE,inhibitor,ChEMBL,0.0302630716283394,""
GRIN2A,ORPHENADRINE HYDROCHLORIDE,TRUE,inhibitor,ChEMBL,0.0398198310899203,""
GRIN2A,ZWB67,FALSE,antibody,GuideToPharmacology,0.378288395354243,""
GRIN2A,PHENCYCLIDINE,FALSE,blocker,GuideToPharmacology,0.189144197677122,""
GRIN2A,DIZOCILPINE,FALSE,blocker,DTC; GuideToPharmacology,0.378288395354243,20361801
GRIN2A,ESKETAMINE HYDROCHLORIDE,FALSE,"",TdgClinicalTrial,0.108082398672641,""
GRIN2A,LATREPIRDINE,FALSE,"",TdgClinicalTrial,0.0945720988385608,""
GRIN2A,[3H]CGP39653,FALSE,inhibitor,GuideToPharmacology,0.151315358141697,""
GRIN2A,N1-DANSYL-SPERMINE,FALSE,blocker,GuideToPharmacology,0.189144197677122,""
GRIN2A,RAPASTINEL,FALSE,agonist,ChEMBL,0.108082398672641,""
GRIN2A,HOMOQUINOLINIC ACID,FALSE,agonist,GuideToPharmacology,0.151315358141697,""
GRIN2A,"SERINE, D-",FALSE,agonist,GuideToPharmacology,0.126096131784748,""
GRIN2A,HALOPERIDOL DECANOATE,TRUE,"",PharmGKB,0.0199099155449602,27023437
GRIN2A,PLAZINEMDOR,FALSE,modulator,GuideToPharmacology,0.756576790708486,""
GRIN2A,[3H]CPP,FALSE,inhibitor,GuideToPharmacology,0.151315358141697,""
ALDH3B2,FMET-ILE-VAL-THR-LEU-PHE,FALSE,agonist,GuideToPharmacology,0.790966644831599,""
ALDH3B2,T20(DP178),FALSE,agonist,GuideToPharmacology,1.5819332896632,""
ALDH3B2,AG-09/1,FALSE,agonist,GuideToPharmacology,1.5819332896632,""
ALDH3B2,BVT173187,FALSE,inhibitor,GuideToPharmacology,1.5819332896632,""
ALDH3B2,T-BOC-FLFLF,FALSE,inhibitor,GuideToPharmacology,0.790966644831599,""
ALDH3B2,FMET-ILE-VAL-ILE-LEU,FALSE,agonist,GuideToPharmacology,1.5819332896632,""
ALDH3B2,GG-2P20,FALSE,agonist,GuideToPharmacology,1.5819332896632,""
ALDH3B2,CYCLOSPORINE,TRUE,inhibitor,GuideToPharmacology,0.0181831412604965,""
ALDH3B2,ANNEXIN I-(2-26),FALSE,agonist,GuideToPharmacology,0.527311096554399,""
ALDH3B2,CHENODEOXYCHOLIC ACID,TRUE,inhibitor,GuideToPharmacology,0.15819332896632,""
ALDH3B2,[125I]CATHEPSIN G (HUMAN),FALSE,agonist,GuideToPharmacology,1.5819332896632,""
ALDH3B2,MET-MET-TRP-LEU-LEU,FALSE,agonist,GuideToPharmacology,1.5819332896632,""
ALDH3B2,3570-0208 [PMID:19807662],FALSE,inhibitor,GuideToPharmacology,1.5819332896632,""
ALDH3B2,METHIONINE BENZIMIDAZOLE 6,FALSE,inhibitor,GuideToPharmacology,1.5819332896632,""
ALDH3B2,WKYMVM,FALSE,agonist,GuideToPharmacology,0.527311096554399,""
ALDH3B2,SULFINPYRAZONE,TRUE,inhibitor,GuideToPharmacology,0.112995234975943,""
ALDH3B2,FMET-MET-TYR-ALA-LEU-PHE,FALSE,agonist,GuideToPharmacology,0.527311096554399,""
ALDH3B2,CYCLOSPORIN H,FALSE,inhibitor,GuideToPharmacology,1.5819332896632,""
ALDH3B2,AG-14,FALSE,agonist,GuideToPharmacology,0.790966644831599,""
ALDH3B2,AG-11/03,FALSE,agonist,GuideToPharmacology,1.5819332896632,""
ALDH3B2,GROUP E 1682-2106 [PMID:16118363],FALSE,inhibitor,GuideToPharmacology,1.5819332896632,""
ALDH3B2,I-BOC-MET-LEU-PHE,FALSE,inhibitor,GuideToPharmacology,1.5819332896632,""
ALDH3B2,[3H]FMET-LEU-PHE,FALSE,agonist,GuideToPharmacology,1.5819332896632,""
ALDH3B2,[125I]CHIPS,FALSE,inhibitor,GuideToPharmacology,1.5819332896632,""
ALDH3B2,SPINORPHIN,FALSE,inhibitor,GuideToPharmacology,0.790966644831599,""
ALDH3B2,COMPOUND R-(-)-5F [PMID: 22607879],FALSE,agonist,GuideToPharmacology,0.790966644831599,""
ALDH3B2,FMET-ILE-PHE-LEU,FALSE,agonist,GuideToPharmacology,1.5819332896632,""
ALDH3B2,T-BOC-MET-LEU-PHE,FALSE,inhibitor,GuideToPharmacology,1.5819332896632,""
ALDH3B2,BMS-986235,FALSE,agonist,GuideToPharmacology,0.790966644831599,""
ALDH3B2,FMET-MET-TRP-LEU-LEU,FALSE,agonist,GuideToPharmacology,1.5819332896632,""
ALDH3B2,FMET-LEU-PHE,FALSE,agonist,GuideToPharmacology,0.527311096554399,""
ALDH3B2,DEOXYCHOLIC ACID,TRUE,inhibitor,GuideToPharmacology,0.790966644831599,""
ALDH3B2,DIAMIDE 7,FALSE,inhibitor,GuideToPharmacology,1.5819332896632,""
ADRA1A,PROPIOMAZINE,TRUE,"",TEND; TdgClinicalTrial,0.0776842240459606,""
ADRA1A,METHOTRIMEPRAZINE,TRUE,"",TEND; TdgClinicalTrial,0.0776842240459606,""
ADRA1A,METHOXAMINE,TRUE,"",TEND; TdgClinicalTrial; PharmGKB,0.271894784160862,""
ADRA1A,EPHEDRINE,TRUE,agonist,TEND; TdgClinicalTrial; ChEMBL,0.0959628649979513,""
ADRA1A,ALFUZOSIN,TRUE,"",TEND; TdgClinicalTrial,0.120842126293717,""
ADRA1A,TAMSULOSIN HYDROCHLORIDE,TRUE,inhibitor,TEND; TTD; TdgClinicalTrial; ChEMBL,0.241684252587433,""
ADRA1A,MIDODRINE,TRUE,agonist,TEND; TdgClinicalTrial; ChEMBL,0.203921088120647,""
ADRA1A,BUNAZOSIN,FALSE,inhibitor,ChEMBL,0.181263189440575,""
ADRA1A,PHENTOLAMINE,TRUE,"",TdgClinicalTrial,0.0362526378881149,""
ADRA1A,PHENYLEPHRINE BITARTRATE,TRUE,agonist,ChEMBL,0.181263189440575,""
ADRA1A,THIORIDAZINE,TRUE,"",TEND; TdgClinicalTrial,0.0375027288497741,""
ADRA1A,DISULFIRAM,TRUE,"",PharmGKB,0.0252925380614755,23849431
ADRA1A,DIPIVEFRIN HYDROCHLORIDE,TRUE,agonist,ChEMBL,0.0604210631468583,""
ADRA1A,"ERGOLOID MESYLATES, USP",TRUE,inhibitor,TEND; TdgClinicalTrial; ChEMBL,0.125489900381936,""
ADRA1A,TRIMIPRAMINE MALEATE,TRUE,inhibitor,ChEMBL,0.0679736960402155,""
ADRA1A,R-SPONDIN-2,FALSE,agonist,GuideToPharmacology,0.181263189440575,""
ADRA1A,PHENDIMETRAZINE,TRUE,"",TEND; TdgClinicalTrial,0.271894784160862,""
ADRA1A,HYDROXYAMPHETAMINE HYDROBROMIDE,TRUE,agonist,ChEMBL,0.0543789568321724,""
ADRA1A,LABETALOL HYDROCHLORIDE,TRUE,inhibitor,ChEMBL,0.0543789568321724,""
ADRA1A,PHENYLEPHRINE,TRUE,"",TEND; TdgClinicalTrial; PharmGKB,0.101960544060323,""
ADRA1A,PHENYLPROPANOLAMINE,TRUE,"",TEND; TdgClinicalTrial,0.543789568321724,""
ADRA1A,EPINEPHRINE,TRUE,agonist,TEND; TdgClinicalTrial; PharmGKB; ChEMBL,0.0543789568321724,""
ADRA1A,ASENAPINE,TRUE,"",TdgClinicalTrial,0.021751582732869,""
ADRA1A,NOREPINEPHRINE BITARTRATE,TRUE,agonist,ChEMBL,0.0604210631468583,""
ADRA1A,NICERGOLINE,FALSE,"",TEND; TdgClinicalTrial,0.543789568321724,""
ADRA1A,MEPHENTERMINE,TRUE,"",TEND; TdgClinicalTrial,0.543789568321724,""
ADRA1A,NAFTOPIDIL,TRUE,"",TTD,0.0906315947202874,""
ADRA1A,AJMALICINE,TRUE,inhibitor,ChEMBL,0.0418299667939788,""
ADRA1A,AMIODARONE HYDROCHLORIDE,TRUE,"",TEND; TdgClinicalTrial,0.0418299667939788,""
ADRA1A,ERGOTAMINE TARTRATE,TRUE,agonist,ChEMBL,0.0776842240459606,""
ADRA1A,EPINEPHRINE BITARTRATE,TRUE,agonist,ChEMBL,0.0319876216659838,""
ADRA1A,R-SPONDIN-4,FALSE,agonist,GuideToPharmacology,0.181263189440575,""
ADRA1A,TRAZODONE,TRUE,"",TEND,0.0362526378881149,""
ADRA1A,MEDETOMIDINE,FALSE,"",TTD,0.0906315947202874,""
ADRA1A,ALFUZOSIN HYDROCHLORIDE,FALSE,"",TTD,0.543789568321724,""
ADRA1A,DEXTROAMPHETAMINE SULFATE,TRUE,"",TEND,0.0286205035958802,""
ADRA1A,DAPIPRAZOLE HYDROCHLORIDE,TRUE,inhibitor,ChEMBL,0.543789568321724,""
ADRA1A,METARAMINOL BITARTRATE,TRUE,agonist,ChEMBL,0.181263189440575,""
ADRA1A,DROXIDOPA,TRUE,agonist,ChEMBL,0.0543789568321724,""
ADRA1A,BUCINDOLOL HYDROCHLORIDE,FALSE,inhibitor,ChEMBL,0.0776842240459606,""
ADRA1A,LABETALOL,TRUE,"",TEND; TdgClinicalTrial,0.0604210631468583,""
ADRA1A,NIFEDIPINE,TRUE,"",PharmGKB,0.0194210560114902,19444285
ADRA1A,DAPIPRAZOLE,TRUE,"",TEND; TdgClinicalTrial,0.21751582732869,""
ADRA1A,PHENOXYBENZAMINE,TRUE,"",TEND; TdgClinicalTrial,0.0988708306039499,""
ADRA1A,DRONEDARONE,TRUE,"",TEND; TdgClinicalTrial,0.120842126293717,""
ADRA1A,BENZPHETAMINE,TRUE,"",TEND; TdgClinicalTrial,0.36252637888115,""
ADRA1A,ILOPERIDONE,TRUE,"",TdgClinicalTrial,0.0258947413486535,""
ADRA1A,SENREBOTASE,FALSE,"",TdgClinicalTrial,0.0906315947202874,""
ADRA1A,EPHEDRINE HYDROCHLORIDE,TRUE,agonist,ChEMBL,0.0604210631468583,""
ADRA1A,BESIPIRDINE,FALSE,"",TTD,0.543789568321724,""
ADRA1A,PERICIAZINE,FALSE,"",TEND; TdgClinicalTrial,0.21751582732869,""
ADRA1A,METHOXAMINE HYDROCHLORIDE,TRUE,agonist,ChEMBL,0.181263189440575,""
ADRA1A,DEBRISOQUIN,TRUE,"",TEND; TdgClinicalTrial,0.155368448091921,""
ADRA1A,DOPAMINE,TRUE,"",PharmGKB,0.018751364424887,""
ADRA1A,ALFUZOSIN HYDROCHLORIDE,TRUE,agonist,ChEMBL,0.135947392080431,""
ADRA1A,PHENTOLAMINE MESYLATE,TRUE,inhibitor,ChEMBL,0.0604210631468583,""
ADRA1A,PARDOPRUNOX,FALSE,"",TdgClinicalTrial,0.0776842240459606,""
ADRA1A,MOXISYLYTE,TRUE,inhibitor,ChEMBL,0.0776842240459606,""
ADRA1A,PRAZOSIN,TRUE,"",TEND; TdgClinicalTrial,0.0725052757762299,""
ADRA1A,ISOPROTERENOL,TRUE,"",PharmGKB,0.0169934240100539,""
ADRA1A,MEPHENTERMINE SULFATE,TRUE,agonist,ChEMBL,0.0604210631468583,""
ADRA1A,SERTINDOLE,TRUE,inhibitor,TEND; TdgClinicalTrial; ChEMBL,0.0776842240459606,""
ADRA1A,R-SPONDIN-3,FALSE,agonist,GuideToPharmacology,0.181263189440575,""
ADRA1A,TERAZOSIN HYDROCHLORIDE,TRUE,inhibitor,ChEMBL,0.0906315947202874,""
ADRA1A,METHAMPHETAMINE,TRUE,"",TEND,0.0226578986800718,""
ADRA1A,NAPHAZOLINE HYDROCHLORIDE,TRUE,agonist,ChEMBL,0.0776842240459606,""
ADRA1A,PHENOXYBENZAMINE HYDROCHLORIDE,TRUE,inhibitor,ChEMBL,0.0543789568321724,""
ADRA1A,METARAMINOL,TRUE,"",TEND; TdgClinicalTrial,0.155368448091921,""
ADRA1A,NOREPINEPHRINE,TRUE,"",TEND; TdgClinicalTrial; PharmGKB,0.0509802720301617,""
ADRA1A,PSEUDOEPHEDRINE,TRUE,"",TEND; TdgClinicalTrial,0.0639752433319676,""
ADRA1A,R-SPONDIN-1,FALSE,agonist,GuideToPharmacology,0.181263189440575,""
ADRA1A,VASOACTIVE INTESTINAL PEPTIDE,TRUE,inhibitor,ChEMBL,0.0679736960402155,""
ADRA1A,PHENYLPROPANOLAMINE HYDROCHLORIDE,TRUE,agonist,ChEMBL,0.271894784160862,""
ADRA1A,DABUZALGRON,FALSE,agonist,ChEMBL,0.271894784160862,""
ADRA1A,TRIFLUOPERAZINE,TRUE,"",TEND; TdgClinicalTrial,0.0362526378881149,""
ADRA1A,SILODOSIN,TRUE,inhibitor,TEND; TTD; TdgClinicalTrial; ChEMBL,0.543789568321724,""
ADRA1A,ISOXSUPRINE HYDROCHLORIDE,TRUE,inhibitor,ChEMBL,0.135947392080431,""
ADRA1A,OXYMETAZOLINE HYDROCHLORIDE,TRUE,agonist,TEND; TdgClinicalTrial; ChEMBL,0.0815684352482586,""
ADRA1A,DOXAZOSIN MESYLATE,TRUE,inhibitor,TEND; TdgClinicalTrial; ChEMBL,0.135947392080431,""
ADRA1A,TEDATIOXETINE,FALSE,inhibitor,TdgClinicalTrial; ChEMBL,0.0988708306039499,""
ADRA1A,BETHANIDINE,TRUE,"",TEND; TdgClinicalTrial,0.135947392080431,""
ADRA1A,LISDEXAMFETAMINE DIMESYLATE,TRUE,"",TEND; TdgClinicalTrial,0.181263189440575,""
ADRA1A,CARVEDILOL,TRUE,inhibitor,TEND; TdgClinicalTrial; ChEMBL,0.0627449501909682,""
ADRA1A,RAUWOLFIA SERPENTINA (USP),TRUE,inhibitor,ChEMBL,0.0679736960402155,""
ADRA1A,TOLAZOLINE,TRUE,"",TEND; TdgClinicalTrial,0.21751582732869,""
ADRA1A,TETRAHYDROZOLINE HYDROCHLORIDE,TRUE,agonist,ChEMBL,0.0776842240459606,""
ADRA1A,TERAZOSIN,TRUE,"",TEND; TdgClinicalTrial,0.0836599335879576,""
ADRA1A,PHENYLPROPANOLAMINE POLISTIREX,TRUE,agonist,ChEMBL,0.271894784160862,""
ADRA1A,NEFAZODONE,TRUE,"",TEND; TdgClinicalTrial,0.0776842240459606,""
ADRA1A,ZIPRASIDONE,TRUE,"",TEND,0.0175415989781201,""
ADRA1A,TOLAZOLINE HYDROCHLORIDE,TRUE,inhibitor,ChEMBL,0.0604210631468583,""
ADRA1A,PRAZOSIN HYDROCHLORIDE,TRUE,inhibitor,ChEMBL,0.0543789568321724,""
ADRA1A,PHENYLEPHRINE HYDROCHLORIDE,TRUE,agonist,ChEMBL,0.135947392080431,""
ADRA1A,XYLOMETAZOLINE,TRUE,agonist,ChEMBL,0.0543789568321724,""
ADRA1A,OLANZAPINE,TRUE,"",TdgClinicalTrial,0.00715512589897006,""
ADRA1A,PROMAZINE,TRUE,"",TEND; TdgClinicalTrial,0.0572410071917605,""
SCN9A,MERETHOXYLLINE PROCAINE,TRUE,blocker,ChEMBL,0.0621473792367685,""
SCN9A,ETIDOCAINE HYDROCHLORIDE,TRUE,blocker,ChEMBL,0.0621473792367685,""
SCN9A,FOSPHENYTOIN,TRUE,blocker,ChEMBL,0.0478056763359758,""
SCN9A,VERATRIDINE,FALSE,activator,GuideToPharmacology,0.155368448091921,""
SCN9A,ORPHENADRINE CITRATE,TRUE,blocker,ChEMBL,0.0295939901127469,""
SCN9A,PHENACEMIDE,TRUE,blocker,ChEMBL,0.0564976174879714,""
SCN9A,LACOSAMIDE,TRUE,blocker,ChEMBL; GuideToPharmacology,0.0956113526719515,""
SCN9A,VIXOTRIGINE,FALSE,blocker,TTD; GuideToPharmacology,0.621473792367685,""
SCN9A,DSP-2230,FALSE,blocker,TTD; ChEMBL,0.621473792367685,""
SCN9A,SAXITOXIN,FALSE,blocker,GuideToPharmacology,0.155368448091921,""
SCN9A,ESLICARBAZEPINE ACETATE,TRUE,blocker,ChEMBL,0.0564976174879714,""
SCN9A,SAFINAMIDE,TRUE,"",TdgClinicalTrial,0.0414315861578457,""
SCN9A,LIDOCAINE,TRUE,blocker,TEND; TdgClinicalTrial; ChEMBL,0.109671845711944,""
SCN9A,RILUZOLE,TRUE,blocker,ChEMBL,0.0270205996681602,""
SCN9A,ROPIVACAINE HYDROCHLORIDE,TRUE,blocker,ChEMBL,0.0621473792367685,""
SCN9A,FUNAPIDE,FALSE,inhibitor,TTD; TdgClinicalTrial; GuideToPharmacology,0.310736896183842,""
SCN9A,DYCLONINE HYDROCHLORIDE,TRUE,blocker,ChEMBL,0.0388421120229803,""
SCN9A,EVENAMIDE,FALSE,blocker,ChEMBL,0.0621473792367685,""
SCN9A,PROPOFOL,TRUE,"",PharmGKB,0.0400950833785603,28611364
SCN9A,AM-6120,FALSE,inhibitor,GuideToPharmacology,0.124294758473537,""
SCN9A,RG7893,FALSE,blocker,TTD; ChEMBL,1.24294758473537,""
SCN9A,RG6029,FALSE,blocker,ChEMBL,0.621473792367685,""
SCN9A,QUINIDINE SULFATE,TRUE,blocker,ChEMBL,0.0621473792367685,""
SCN9A,ZONISAMIDE,TRUE,blocker,TdgClinicalTrial; ChEMBL,0.0497179033894148,""
SCN9A,NERISPIRDINE,FALSE,blocker,ChEMBL,0.0124294758473537,""
SCN9A,RALFINAMIDE,FALSE,blocker,ChEMBL,0.0310736896183842,""
SCN9A,VIXOTRIGINE,FALSE,blocker,ChEMBL,0.621473792367685,""
SCN9A,DS-1971A,FALSE,inhibitor,GuideToPharmacology,0.621473792367685,""
SCN9A,HEXYLCAINE HYDROCHLORIDE,TRUE,blocker,ChEMBL,0.0621473792367685,""
SCN9A,MEPIVACAINE HYDROCHLORIDE,TRUE,blocker,ChEMBL,0.0388421120229803,""
SCN9A,PROCAINAMIDE HYDROCHLORIDE,TRUE,blocker,ChEMBL,0.0621473792367685,""
SCN9A,PROPAFENONE HYDROCHLORIDE,TRUE,blocker,ChEMBL,0.0443909851691204,""
SCN9A,LIDOCAINE HYDROCHLORIDE,TRUE,blocker,ChEMBL,0.0621473792367685,""
SCN9A,QUINIDINE GLUCONATE,TRUE,blocker,ChEMBL,0.0621473792367685,""
SCN9A,PRILOCAINE,TRUE,blocker,ChEMBL,0.0564976174879714,""
SCN9A,ETHOTOIN,TRUE,blocker,ChEMBL,0.0621473792367685,""
SCN9A,PF-05089771,FALSE,blocker,TTD; ChEMBL,1.24294758473537,""
SCN9A,DICHLOROBENZYL ALCOHOL,TRUE,blocker,ChEMBL,0.0621473792367685,""
SCN9A,RANOLAZINE,TRUE,"",TdgClinicalTrial,0.0776842240459606,""
SCN9A,PRILOCAINE HYDROCHLORIDE,TRUE,blocker,ChEMBL,0.0564976174879714,""
SCN9A,ORPHENADRINE HYDROCHLORIDE,TRUE,blocker,ChEMBL,0.0327091469667203,""
SCN9A,TETRODOTOXIN,FALSE,"",TdgClinicalTrial,0.0621473792367685,""
SCN9A,TETRACAINE,TRUE,blocker,ChEMBL,0.0564976174879714,""
SCN9A,ESLICARBAZEPINE,TRUE,blocker,ChEMBL,0.0564976174879714,""
SCN9A,PROPOXYCAINE HYDROCHLORIDE,TRUE,blocker,ChEMBL,0.0621473792367685,""
SCN9A,CENOBAMATE,TRUE,inhibitor,ChEMBL,0.0221954925845602,""
SCN9A,N-ME-AMINOPYRIMIDINONE 9,FALSE,inhibitor,GuideToPharmacology,0.621473792367685,""
SCN9A,CARBAMAZEPINE,TRUE,blocker,ChEMBL,0.0126831386197487,""
SCN9A,GNE-616,FALSE,blocker,GuideToPharmacology,0.0887819703382407,""
SCN9A,PF-05241328,FALSE,"",TTD,0.621473792367685,""
SCN9A,TETRODOTOXIN,FALSE,blocker,GuideToPharmacology,0.155368448091921,""
SCN9A,NKTR-171,FALSE,blocker,ChEMBL,0.0621473792367685,""
SCN9A,BATRACHOTOXIN,FALSE,activator,GuideToPharmacology,0.124294758473537,""
SCN9A,AZD3161,FALSE,blocker,ChEMBL,0.621473792367685,""
SCN9A,LAMOTRIGINE,TRUE,blocker,ChEMBL,0.0282488087439857,""
SCN9A,PROPARACAINE HYDROCHLORIDE,TRUE,blocker,ChEMBL,0.0621473792367685,""
SCN9A,ABBV-318,FALSE,blocker,GuideToPharmacology,0.310736896183842,""
SCN9A,MEPHENYTOIN,TRUE,blocker,ChEMBL,0.0517894826973071,""
SCN9A,XEN403,FALSE,blocker,ChEMBL,0.621473792367685,""
SCN9A,QUINIDINE POLYGALACTURONATE,TRUE,blocker,ChEMBL,0.0621473792367685,""
SCN9A,INDECAINIDE HYDROCHLORIDE,TRUE,blocker,ChEMBL,0.0621473792367685,""
SCN9A,PROCAINE HYDROCHLORIDE,TRUE,blocker,ChEMBL,0.0621473792367685,""
SCN9A,OXCARBAZEPINE,TRUE,blocker,ChEMBL,0.0345263217982047,""
SCN9A,PHENAZOPYRIDINE HYDROCHLORIDE,TRUE,blocker,ChEMBL,0.0388421120229803,""
SCN9A,XEN907,FALSE,blocker,GuideToPharmacology,0.621473792367685,""
SCN9A,GNE-131,FALSE,inhibitor,GuideToPharmacology,0.124294758473537,""
SCN9A,TOPIRAMATE,TRUE,blocker,ChEMBL,0.0141244043719928,""
SCN9A,CD2+,FALSE,blocker,GuideToPharmacology,0.0517894826973071,""
SCN9A,ARTICAINE HYDROCHLORIDE,TRUE,blocker,ChEMBL,0.0621473792367685,""
SCN9A,PHENYTOIN SODIUM,TRUE,blocker,ChEMBL,0.0147969950563735,""
SCN9A,DISOPYRAMIDE PHOSPHATE,TRUE,blocker,ChEMBL,0.0564976174879714,""
SCN9A,RUFINAMIDE,TRUE,blocker,ChEMBL,0.0517894826973071,""
SCN9A,MEXILETINE HYDROCHLORIDE,TRUE,blocker,ChEMBL,0.0621473792367685,""
SCN9A,PF‐06526290,FALSE,inhibitor,GuideToPharmacology,0.310736896183842,""
SCN9A,IRAMPANEL,FALSE,blocker,ChEMBL,0.0443909851691204,""
SCN9A,ENCAINIDE HYDROCHLORIDE,TRUE,blocker,ChEMBL,0.0621473792367685,""
SCN9A,PRIMIDONE,TRUE,blocker,ChEMBL,0.0177563940676481,""
SCN9A,COCAINE HYDROCHLORIDE,TRUE,blocker,ChEMBL,0.0621473792367685,""
SCN9A,DRONEDARONE HYDROCHLORIDE,TRUE,blocker,ChEMBL,0.0388421120229803,""
SCN9A,MORICIZINE HYDROCHLORIDE,TRUE,blocker,ChEMBL,0.0517894826973071,""
SCN9A,BENOXINATE HYDROCHLORIDE,TRUE,blocker,ChEMBL,0.0564976174879714,""
SCN9A,PYRROLOPYRIMIDINE 48 [PMID: 22318156],FALSE,blocker,GuideToPharmacology,0.621473792367685,""
SCN9A,TOCAINIDE HYDROCHLORIDE,TRUE,blocker,ChEMBL,0.0621473792367685,""
SCN9A,CHLOROPROCAINE,TRUE,blocker,ChEMBL,0.0478056763359758,""
EGF,NIMOTUZUMAB,FALSE,"",TdgClinicalTrial,8.70063309314759,""
EGF,CETUXIMAB,TRUE,"",CIViC,0.470304491521491,""
EGF,EPIDERMAL GROWTH FACTOR,FALSE,"",TTD,8.70063309314759,""
DPP4,TCDD,FALSE,"",NCI,0.0818883114649185,9924450
DPP4,LINAGLIPTIN,TRUE,inhibitor,ChEMBL,0.341201297770494,""
DPP4,GOSOGLIPTIN,TRUE,inhibitor,ChEMBL,1.02360389331148,""
DPP4,BEGELOMAB,FALSE,inhibitor,ChEMBL,1.02360389331148,""
DPP4,VALACYCLOVIR,TRUE,"",DTC,2.04720778662296,24185376
DPP4,GEMIGLIPTIN,FALSE,inhibitor,ChEMBL,1.02360389331148,""
DPP4,ENMD-2076,FALSE,inhibitor,GuideToPharmacology,0.0330194804294026,""
DPP4,SITRAVATINIB,FALSE,inhibitor,GuideToPharmacology,0.0639752433319676,""
DPP4,CRENOLANIB,FALSE,inhibitor,GuideToPharmacology,0.0682402595540987,""
DPP4,CP-673451,FALSE,inhibitor,GuideToPharmacology,0.341201297770494,""
DPP4,NINTEDANIB ESYLATE,TRUE,inhibitor,GuideToPharmacology,0.0409441557324592,""
DPP4,IBCASERTIB,FALSE,inhibitor,GuideToPharmacology,0.127950486663935,""
DPP4,LUCITANIB,FALSE,inhibitor,GuideToPharmacology,0.0682402595540987,""
DPP4,SAXAGLIPTIN ANHYDROUS,TRUE,"",TEND; TdgClinicalTrial,1.02360389331148,""
DPP4,DBPR-108,FALSE,inhibitor,ChEMBL,1.02360389331148,""
DPP4,M4205,FALSE,inhibitor,GuideToPharmacology,0.25590097332787,""
DPP4,COMPOUND 8H [PMID: 22765894],FALSE,inhibitor,GuideToPharmacology,0.0930548993919528,""
DPP4,DOVITINIB,FALSE,inhibitor,GuideToPharmacology,0.010134692012985,""
DPP4,MELOGLIPTIN,FALSE,"",TdgClinicalTrial,1.02360389331148,""
DPP4,PP-121,FALSE,inhibitor,GuideToPharmacology,0.0853003244426234,""
DPP4,EVOGLIPTIN,TRUE,inhibitor,ChEMBL,1.02360389331148,""
DPP4,ILORASERTIB,FALSE,inhibitor,GuideToPharmacology,0.00882417149406449,""
DPP4,AC710,FALSE,inhibitor,GuideToPharmacology,0.204720778662296,""
DPP4,MASITINIB,TRUE,inhibitor,GuideToPharmacology,0.0602119937242048,""
DPP4,ALOGLIPTIN BENZOATE,TRUE,inhibitor,ChEMBL,1.02360389331148,""
DPP4,QUIZARTINIB,TRUE,inhibitor,GuideToPharmacology,0.0538738891216569,""
DPP4,CHMFL-KIT-64,FALSE,inhibitor,GuideToPharmacology,0.170600648885247,""
DPP4,VILDAGLIPTIN,TRUE,inhibitor,TdgClinicalTrial; ChEMBL,0.292458255231852,""
DPP4,SERALUTINIB,FALSE,inhibitor,GuideToPharmacology,0.170600648885247,""
DPP4,CAPTOPRIL,TRUE,"",NCI,0.15747752204792,17531305
DPP4,TRELAGLIPTIN SUCCINATE,TRUE,inhibitor,ChEMBL,1.02360389331148,""
DPP4,ENALAPRIL MALEATE,TRUE,"",NCI,0.107747778243314,16678199
DPP4,COMPOUND 8H [PMID: 21561767],FALSE,inhibitor,GuideToPharmacology,0.146229127615926,""
DPP4,TENELIGLIPTIN,TRUE,inhibitor,ChEMBL,0.170600648885247,""
DPP4,ELENESTINIB,FALSE,inhibitor,GuideToPharmacology,0.511801946655741,""
DPP4,CARMEGLIPTIN,FALSE,inhibitor,ChEMBL,1.02360389331148,""
DPP4,ANAGLIPTIN,TRUE,inhibitor,ChEMBL,0.511801946655741,""
DPP4,SITAGLIPTIN,TRUE,inhibitor,TEND; TdgClinicalTrial; ChEMBL,0.614162335986889,""
DPP4,DUTOGLIPTIN,FALSE,inhibitor,TdgClinicalTrial; ChEMBL,2.04720778662296,""
DPP4,BISEGLIPTIN,FALSE,"",TdgClinicalTrial,1.02360389331148,""
DPP4,COMPOUND 8I [PMID: 22765894],FALSE,inhibitor,GuideToPharmacology,0.0853003244426234,""
DPP4,CEDIRANIB,FALSE,inhibitor,GuideToPharmacology,0.0182786409519907,""
DPP4,BPR1R024,FALSE,inhibitor,GuideToPharmacology,0.25590097332787,""
DPP4,OLARATUMAB,TRUE,antibody,GuideToPharmacology,0.511801946655741,""
DPP4,BISEGLIPTIN,FALSE,inhibitor,ChEMBL,1.02360389331148,""
DPP4,TOCERANIB,FALSE,inhibitor,GuideToPharmacology,0.341201297770494,""
DPP4,VIMSELTINIB,FALSE,inhibitor,GuideToPharmacology,0.25590097332787,""
DPP4,ALOGLIPTIN,TRUE,"",TdgClinicalTrial,0.511801946655741,""
DPP4,OMARIGLIPTIN,TRUE,inhibitor,ChEMBL,0.341201297770494,""
DPP4,SITAGLIPTIN FUMARATE,TRUE,inhibitor,ChEMBL,1.02360389331148,""
DPP4,SAXAGLIPTIN HYDROCHLORIDE,TRUE,inhibitor,ChEMBL,1.02360389331148,""
ALDH1A3,BOSENTAN ANHYDROUS,TRUE,inhibitor,GuideToPharmacology,0.621473792367685,""
ALDH1A3,AMBRISENTAN,TRUE,inhibitor,GuideToPharmacology,0.497179033894148,""
ALDH1A3,MACITENTAN,TRUE,inhibitor,GuideToPharmacology,0.621473792367685,""
ALDH1A3,CLAZOSENTAN,FALSE,inhibitor,GuideToPharmacology,0.828631723156913,""
ALDH1A3,BQ 3020,FALSE,agonist,GuideToPharmacology,2.48589516947074,""
ALDH1A3,SOVATELTIDE,FALSE,agonist,GuideToPharmacology,0.828631723156913,""
ALDH1A3,"[ALA1,3,11,15]ET-1",FALSE,agonist,GuideToPharmacology,2.48589516947074,""
ALDH1A3,IRL 2500,FALSE,inhibitor,GuideToPharmacology,0.497179033894148,""
ALDH1A3,RES7011,FALSE,inhibitor,GuideToPharmacology,2.48589516947074,""
ALDH1A3,ATRASENTAN,FALSE,inhibitor,GuideToPharmacology,0.621473792367685,""
ALDH1A3,A192621,FALSE,inhibitor,GuideToPharmacology,2.48589516947074,""
ALDH1A3,SARAFOTOXIN S6C,FALSE,agonist,GuideToPharmacology,2.48589516947074,""
ALDH1A3,APROCITENTAN,TRUE,inhibitor,GuideToPharmacology,0.621473792367685,""
ALDH1A3,"[125I]ET-1 (HUMAN, MOUSE, RAT)",FALSE,agonist,GuideToPharmacology,1.24294758473537,""
ALDH1A3,"[125I][ALA1,3,11,15]ET-1",FALSE,agonist,GuideToPharmacology,2.48589516947074,""
ALDH1A3,BQ788,FALSE,inhibitor,GuideToPharmacology,1.24294758473537,""
ALDH1A3,RO 46-8443,FALSE,inhibitor,GuideToPharmacology,2.48589516947074,""
ALDH1A3,[125I]BQ3020,FALSE,agonist,GuideToPharmacology,2.48589516947074,""
ALDH1A3,BMS-193884,FALSE,inhibitor,GuideToPharmacology,1.24294758473537,""
ALDH1A3,ENDOTHELIN-3,FALSE,agonist,GuideToPharmacology,2.48589516947074,""
ALDH1A3,K-8794,FALSE,inhibitor,GuideToPharmacology,2.48589516947074,""
GUCY1B1,SGR-1505,FALSE,inhibitor,GuideToPharmacology,2.9002110310492,""
GUCY1B1,COMPOUND 20C [PMID: 34181850],FALSE,inhibitor,GuideToPharmacology,2.9002110310492,""
GUCY1B1,VERICIGUAT,TRUE,activator,ChEMBL,0.725052757762299,""
GUCY1B1,NITRIC OXIDE,TRUE,activator,ChEMBL,0.29002110310492,""
GUCY1B1,RUNCACIGUAT,FALSE,activator,ChEMBL,0.725052757762299,""
GUCY1B1,PRALICIGUAT,FALSE,activator,ChEMBL,0.580042206209839,""
GUCY1B1,SODIUM NITROPRUSSIDE,TRUE,activator,ChEMBL,0.580042206209839,""
GUCY1B1,PENTAERYTHRITOL TETRANITRATE,TRUE,activator,ChEMBL,0.580042206209839,""
GUCY1B1,ISOSORBIDE DINITRATE,TRUE,activator,ChEMBL,0.2636555482772,""
GUCY1B1,JNJ-67856633,FALSE,inhibitor,GuideToPharmacology,2.9002110310492,""
GUCY1B1,ATACIGUAT,FALSE,activator,ChEMBL,0.580042206209839,""
GUCY1B1,NITROGLYCERIN,TRUE,activator,ChEMBL,0.223093156234554,""
GUCY1B1,RIOCIGUAT,TRUE,positive modulator,TdgClinicalTrial; ChEMBL,1.16008441241968,""
GUCY1B1,CINACIGUAT,FALSE,activator,TTD; ChEMBL,1.4501055155246,""
GUCY1B1,OLINCIGUAT,FALSE,positive modulator,ChEMBL,0.725052757762299,""
GUCY1B1,SAFIMALTIB,FALSE,inhibitor,GuideToPharmacology,1.4501055155246,""
GUCY1B1,ISOSORBIDE MONONITRATE,TRUE,activator,ChEMBL,0.29002110310492,""
GUCY1B1,PECAZINE,FALSE,inhibitor,GuideToPharmacology,2.9002110310492,""
TMEFF2,RISPERIDONE,TRUE,"",PharmGKB,1.55832234504136,22920393
ANPEP,PROTEASE INHIBITOR,FALSE,"",NCI,0.0767702919983611,12554354
ANPEP,HALOPERIDOL DECANOATE,TRUE,"",NCI,0.0202027084206213,8851165
ANPEP,LY379268,FALSE,agonist,GuideToPharmacology,0.25590097332787,""
ANPEP,BTB07018,FALSE,inhibitor,GuideToPharmacology,0.767702919983611,""
ANPEP,COMPOUND 2 [PMID: 21105727],FALSE,modulator,GuideToPharmacology,0.383851459991805,""
ANPEP,CBIPES,FALSE,modulator,GuideToPharmacology,0.767702919983611,""
ANPEP,MNI-135,FALSE,modulator,GuideToPharmacology,0.767702919983611,""
ANPEP,COMPOUND 4 [PMID: 21105727],FALSE,modulator,GuideToPharmacology,0.383851459991805,""
ANPEP,COMPOUND 48 [PMID: 22364337],FALSE,modulator,GuideToPharmacology,0.767702919983611,""
ANPEP,ANGIOGENESIS INHIBITOR,FALSE,"",NCI,0.127950486663935,12954328
ANPEP,TRIBUTYRIN,FALSE,"",NCI,0.383851459991805,10629959
ANPEP,BETULINIC ACID,FALSE,"",NCI,0.307081167993444,9810272
ANPEP,"[3H]2,2,2-TEMPS",FALSE,modulator,GuideToPharmacology,0.767702919983611,""
ANPEP,JNJ-46281222,FALSE,modulator,GuideToPharmacology,0.767702919983611,""
ANPEP,THIIC,FALSE,modulator,GuideToPharmacology,0.767702919983611,""
ANPEP,NALOXONE HYDROCHLORIDE,TRUE,"",NCI,0.0903179905863071,2738884
ANPEP,COLCHICINE,TRUE,"",NCI,0.029527035383985,6651778
ANPEP,"(2R,3R)-APDC",FALSE,agonist,GuideToPharmacology,0.383851459991805,""
ANPEP,CURCUMIN,TRUE,"",NCI,0.0232637248479882,12954328
ANPEP,TOSEDOSTAT,FALSE,inhibitor,TALC; ChEMBL,0.0767702919983611,""
ANPEP,CNGRC PEPTIDE-TNF ALPHA CONJUGATE,FALSE,"",TALC,0.767702919983611,""
ANPEP,DICLOFENAC SODIUM,TRUE,"",NCI,0.0451589952931536,9544613
ANPEP,COMPOUND I3 [PMID: 23428964],FALSE,inhibitor,GuideToPharmacology,0.767702919983611,""
ANPEP,L-CCG-I,FALSE,agonist,GuideToPharmacology,0.127950486663935,""
ANPEP,JFD00064,FALSE,inhibitor,GuideToPharmacology,0.767702919983611,""
ANPEP,MNI-136,FALSE,modulator,GuideToPharmacology,0.767702919983611,""
ANPEP,LY395756,FALSE,agonist,GuideToPharmacology,0.383851459991805,""
ANPEP,BIPHENYLINDANONE A,FALSE,modulator,GuideToPharmacology,0.767702919983611,""
ANPEP,[3H]LY341495,FALSE,inhibitor,GuideToPharmacology,0.191925729995903,""
ANPEP,EPOETIN ALFA,TRUE,"",NCI,0.0451589952931536,15957544
ANPEP,MNI-137,FALSE,modulator,GuideToPharmacology,0.767702919983611,""
ANPEP,ZINC CHLORIDE,TRUE,"",NCI,0.307081167993444,8862750
ANPEP,4-APPES,FALSE,modulator,GuideToPharmacology,0.767702919983611,""
ANPEP,DCG-IV,FALSE,agonist,GuideToPharmacology,0.191925729995903,""
ANPEP,COMPOUND 34 [PMID: 20409708],FALSE,modulator,GuideToPharmacology,0.767702919983611,""
ANPEP,PTBE,FALSE,modulator,GuideToPharmacology,0.767702919983611,""
ANPEP,OPIORPHIN,FALSE,inhibitor,GuideToPharmacology,0.767702919983611,""
ANPEP,RO4491533,FALSE,modulator,GuideToPharmacology,0.383851459991805,""
ANPEP,GENTAMICIN,TRUE,"",NCI,0.0667567756507488,9792955
ANPEP,CEPHALOSPORIN ANTIBIOTIC,FALSE,"",NCI,1.53540583996722,8774083
ANPEP,GLUTAMIC ACID,TRUE,agonist,GuideToPharmacology,0.0767702919983611,""
ANPEP,IL-13,FALSE,"",NCI,0.383851459991805,7743667
ANPEP,[3H]JNJ-40068782,FALSE,modulator,GuideToPharmacology,0.767702919983611,""
ANPEP,(+)-MCPG,FALSE,inhibitor,GuideToPharmacology,0.25590097332787,""
ANPEP,JNJ-40411813,FALSE,modulator,GuideToPharmacology,0.383851459991805,""
ANPEP,JNJ-40068782,FALSE,modulator,GuideToPharmacology,0.767702919983611,""
ANPEP,CEFADROXIL ANHYDROUS,TRUE,"",NCI,0.511801946655741,8774083
ANPEP,MITOFLAXONE,FALSE,"",NCI,0.767702919983611,12930151
ANPEP,CISPLATIN,TRUE,"",NCI,0.0104449376868518,14871998
ANPEP,LY341495,FALSE,inhibitor,GuideToPharmacology,0.109671845711944,""
ANPEP,3-MPPTS,FALSE,modulator,GuideToPharmacology,0.767702919983611,""
ANPEP,CYCLOSPORINE,TRUE,"",NCI,0.017648342988129,2337986
ANPEP,JNJ-42153605,FALSE,modulator,GuideToPharmacology,0.767702919983611,""
ANPEP,"(1S,3R)-ACPD",FALSE,agonist,GuideToPharmacology,0.153540583996722,""
ANPEP,AZD8529,FALSE,modulator,GuideToPharmacology,0.767702919983611,""
ANPEP,EGLUMEGAD,FALSE,agonist,GuideToPharmacology,0.191925729995903,""
ANPEP,4-MPPTS,FALSE,modulator,GuideToPharmacology,0.767702919983611,""
ANPEP,ZINC SULFATE ANHYDROUS,TRUE,"",NCI,0.25590097332787,14568236
ANPEP,UBENIMEX,FALSE,"",NCI,0.219343691423889,12554354
ANPEP,THERAPEUTIC HORMONE,FALSE,"",NCI,0.0348955872719823,1978836
ANPEP,GSK1331258,FALSE,modulator,GuideToPharmacology,0.767702919983611,""
ANPEP,RECOMBINANT TRANSFORMING GROWTH FACTOR,FALSE,"",NCI,0.0697911745439646,15138629
ANPEP,PL37,FALSE,"",TdgClinicalTrial,0.383851459991805,""
ANPEP,COMPOUND 3 [PMID: 21105727],FALSE,modulator,GuideToPharmacology,0.383851459991805,""
ANPEP,GSK1331268,FALSE,modulator,GuideToPharmacology,0.767702919983611,""
ANPEP,GAMMA-INTERFERON,FALSE,"",NCI,0.170600648885247,12861419
ANPEP,COMPOUND 1A [PMID: 25692029],FALSE,inhibitor,GuideToPharmacology,0.25590097332787,""
ANPEP,CYPPTS,FALSE,modulator,GuideToPharmacology,0.767702919983611,""
DPYSL3,NINTEDANIB ESYLATE,TRUE,inhibitor,GuideToPharmacology,0.0907892148850183,""
DPYSL3,FUTIBATINIB,TRUE,inhibitor,GuideToPharmacology,0.206339124738678,""
DPYSL3,BEMARITUZUMAB,FALSE,antibody,GuideToPharmacology,1.13486518606273,""
DPYSL3,FANREGRATINIB,FALSE,inhibitor,GuideToPharmacology,0.756576790708486,""
DPYSL3,PRN1371,FALSE,inhibitor,GuideToPharmacology,0.324247196017923,""
DPYSL3,BLU-9931,FALSE,inhibitor,GuideToPharmacology,0.567432593031364,""
DPYSL3,ZOLIGRATINIB,FALSE,inhibitor,GuideToPharmacology,0.453946074425092,""
DPYSL3,TASURGRATINIB,FALSE,inhibitor,GuideToPharmacology,0.324247196017923,""
DPYSL3,MK-2461,FALSE,inhibitor,GuideToPharmacology,0.0945720988385607,""
DPYSL3,RESIGRATINIB,FALSE,inhibitor,GuideToPharmacology,2.26973037212546,""
DPYSL3,LY2874455,FALSE,inhibitor,GuideToPharmacology,0.324247196017923,""
DPYSL3,PEMIGATINIB,TRUE,inhibitor,GuideToPharmacology,0.378288395354243,""
DPYSL3,METHIMAZOLE,TRUE,"",NCI,0.216164797345282,11694350
DPYSL3,ERDAFITINIB,TRUE,inhibitor,GuideToPharmacology,0.174594644009651,""
DPYSL3,LIRAFUGRATINIB,FALSE,inhibitor,GuideToPharmacology,1.13486518606273,""
DPYSL3,COMPOUND 29 [PMID: 36356320],FALSE,inhibitor,GuideToPharmacology,0.567432593031364,""
DPYSL3,"COMPOUND 7 [NGUYEN ET AL., 2023]",FALSE,inhibitor,GuideToPharmacology,0.453946074425092,""
DPYSL3,INFIGRATINIB,TRUE,inhibitor,GuideToPharmacology,0.0840640878564985,""
DPYSL3,PALIFERMIN,TRUE,agonist,GuideToPharmacology,0.283716296515682,""
DPYSL3,ALOFANIB,FALSE,modulator,GuideToPharmacology,1.13486518606273,""
DPYSL3,DERAZANTINIB,FALSE,inhibitor,GuideToPharmacology,0.283716296515682,""
DPYSL3,FEXAGRATINIB,FALSE,inhibitor,GuideToPharmacology,0.378288395354243,""
DPYSL3,SEGIGRATINIB,FALSE,inhibitor,GuideToPharmacology,0.453946074425092,""
NOS2,L-NNA,FALSE,inhibitor,GuideToPharmacology,0.470304491521491,""
NOS2,PREGNANT MARE SERUM GONADOTROPIN,FALSE,"",NCI,0.256529722648086,12081242
NOS2,CURCUMIN,TRUE,"",TTD,0.0213774768873405,""
NOS2,RIFAMPIN,TRUE,"",PharmGKB,0.151169300846194,29036176; 22341855
NOS2,PIMAGEDINE HYDROCHLORIDE,FALSE,"",TTD,1.41091347456447,""
NOS2,BENZODIAZEPINE,FALSE,"",NCI,0.56436538982579,12106778
NOS2,PIMAGEDINE,FALSE,inhibitor,TTD; GuideToPharmacology,1.41091347456447,""
NOS2,ANTIDEPRESSANT AGENT,FALSE,"",NCI,0.0542659028678644,16401669
NOS2,KD7040,FALSE,inhibitor,TdgClinicalTrial; ChEMBL,2.82182694912895,""
NOS2,TILARGININE,FALSE,inhibitor,TdgClinicalTrial; ChEMBL; GuideToPharmacology,0.604677203384775,""
NOS2,GW274150,FALSE,inhibitor,TTD; GuideToPharmacology,0.940608983042983,""
NOS2,FLUOXETINE HYDROCHLORIDE,TRUE,"",NCI,0.100779533897462,16413968
NOS2,1400W,FALSE,inhibitor,GuideToPharmacology,1.41091347456447,""
NOS2,DIMETHYL SULFOXIDE,TRUE,"",NCI,0.176364184320559,15919216
NOS2,"IBUPROFEN, SODIUM SALT",TRUE,"",PharmGKB,0.0723545371571525,25502615
NOS2,2-AMINO-4-METHYLPYRIDINE,FALSE,inhibitor,GuideToPharmacology,1.41091347456447,""
NOS2,BANOXANTRONE,FALSE,"",DTC,2.82182694912895,18681417
NOS2,RECOMBINANT VASCULAR ENDOTHELIAL GROWTH FACTOR,FALSE,"",NCI,0.201559067794925,10928051
NOS2,INTERLEUKIN-11,TRUE,"",NCI,0.282182694912895,10587516
NOS2,DOXYCYCLINE ANHYDROUS,TRUE,inhibitor,MyCancerGenomeClinicalTrial,0.0613440641114989,""
NOS2,PROPOFOL,TRUE,"",NCI,0.0910266757783531,16645450
NOS2,CAPTOPRIL,TRUE,"",NCI,0.217063611471458,15680268
NOS2,NIL,FALSE,inhibitor,GuideToPharmacology,1.41091347456447,""
NOS2,OPIATE,FALSE,"",NCI,0.470304491521491,11715524
NOS2,ESTRADIOL VALERATE,TRUE,"",NCI,0.0600388712580627,17068060
NOS2,GW-274150,FALSE,inhibitor,ChEMBL,1.41091347456447,""
NOS2,PIBTU,FALSE,inhibitor,GuideToPharmacology,1.41091347456447,""
NOS2,KEYHOLE LIMPET HEMOCYANIN,FALSE,"",NCI,0.705456737282237,11359093
NOS2,THERAPEUTIC STEROID HORMONE,FALSE,"",NCI,0.352728368641118,7532809
NOS2,THEOPHYLLINE,TRUE,"",NCI,0.104512109226998,12223230
NOS2,DIAZOXIDE,TRUE,"",NCI,0.217063611471458,12856829
NOS2,ALT-2074,FALSE,"",TTD,1.41091347456447,""
NOS2,NIMODIPINE,TRUE,"",NCI,0.148517207848892,16044358
NOS2,DINITROCHLOROBENZENE,FALSE,"",NCI,0.940608983042983,17373747
NOS2,TYROSINE KINASE INHIBITOR,FALSE,"",NCI,0.108531805735729,8579596
NOS2,"ESTROGENS, CONJUGATED (USP)",TRUE,"",NCI,0.313536327680994,10997912
NOS2,TILARGININE ACETATE,FALSE,inhibitor,ChEMBL,0.470304491521491,""
HOXA11,COMPOUND 1 [PMID: 26055709],FALSE,inhibitor,GuideToPharmacology,26.1018992794428,""
HOXA11,COMPOUND 3 [PMID: 26055709],FALSE,inhibitor,GuideToPharmacology,26.1018992794428,""
IL33,ASTEGOLIMAB,FALSE,"",TTD,4.35031654657379,""
IL33,TORUDOKIMAB,FALSE,inhibitor,ChEMBL,13.0509496397214,""
IL33,ETOKIMAB,FALSE,binder,ChEMBL,13.0509496397214,""
IL33,ITEPEKIMAB,FALSE,inhibitor,ChEMBL,13.0509496397214,""
FOXL2,HOMOERIODICTYOL,FALSE,agonist,GuideToPharmacology,2.08815194235542,""
FOXL2,FLUFENAMIC ACID,FALSE,agonist,GuideToPharmacology,0.05495136690409,""
FOXL2,NOBILETIN,FALSE,agonist,GuideToPharmacology,1.04407597117771,""
FOXL2,QUININE,TRUE,agonist,GuideToPharmacology,0.160627072488879,""
FOXL2,N-(2-OXOTETRAHYDROFURAN-3-YL)OCTANAMIDE,FALSE,agonist,GuideToPharmacology,2.08815194235542,""
FOXL2,SANTONIN,FALSE,agonist,GuideToPharmacology,2.08815194235542,""
FOXL2,COUMESTROL,FALSE,agonist,GuideToPharmacology,0.208815194235542,""
FOXL2,ARISTOLOCHIC ACID,FALSE,agonist,GuideToPharmacology,0.417630388471084,""
FOXL2,GENISTEIN,TRUE,agonist,GuideToPharmacology,0.0360026196957831,""
FOXL2,COMPOUND 28.1 [PMID: 36847646],FALSE,modulator,GuideToPharmacology,2.08815194235542,""
FOXL2,L-TRP-TRP-TRP,FALSE,agonist,GuideToPharmacology,0.417630388471084,""
FOXL2,(&PLUSMN;)-EQUOL,FALSE,agonist,GuideToPharmacology,1.04407597117771,""
FOXL2,DATISCETIN,FALSE,agonist,GuideToPharmacology,1.04407597117771,""
FOXL2,(+/-)-ERIODICTYOL,FALSE,agonist,GuideToPharmacology,0.174012661862952,""
FOXL2,PARTHENOLIDE,FALSE,agonist,GuideToPharmacology,1.04407597117771,""
FOXL2,ERIODICTYOL CHALCONE,FALSE,agonist,GuideToPharmacology,2.08815194235542,""
FOXL2,PHLORETIN,FALSE,agonist,GuideToPharmacology,0.417630388471084,""
FOXL2,SILYBIN,FALSE,agonist,GuideToPharmacology,2.08815194235542,""
FOXL2,LUTEOLIN,FALSE,agonist,GuideToPharmacology,1.04407597117771,""
FOXL2,LUPULONE,FALSE,agonist,GuideToPharmacology,2.08815194235542,""
FOXL2,TRIBUTYRIN,FALSE,agonist,GuideToPharmacology,2.08815194235542,""
FOXL2,RESVERATROL,TRUE,agonist,GuideToPharmacology,0.0426153457623555,""
FOXL2,PICROTOXININ,FALSE,agonist,GuideToPharmacology,0.348025323725904,""
FOXL2,VANILLIN,FALSE,agonist,GuideToPharmacology,0.696050647451807,""
FOXL2,(-)-&ALPHA;-THUJONE,FALSE,agonist,GuideToPharmacology,2.08815194235542,""
ALDH1A2,RETINOIC ACID AGENT,FALSE,"",NCI,0.673597400759813,11751205
ALDH1A2,TRETINOIN,TRUE,"",NCI,0.458934492825367,14623241; 11306068; 15652703
ALDH1A2,ATENOLOL,TRUE,"",PharmGKB,0.580042206209839,29097388
ALDH1A2,VITAMIN A,TRUE,"",NCI,1.16008441241968,11133156; 9666306
ALDH1A2,HYDROCHLOROTHIAZIDE,TRUE,"",PharmGKB,0.453946074425092,29097388
HSPB6,AZX-100,FALSE,"",TTD,52.2037985588855,""
GADL1,LITHIUM,TRUE,"",PharmGKB,2.48589516947074,24369049
FBN1,RN486,FALSE,inhibitor,GuideToPharmacology,13.0509496397214,""
FBN1,DANUSERTIB,FALSE,inhibitor,GuideToPharmacology,2.9002110310492,""
GDA,THIOGUANINE,TRUE,"",NCI,1.0546221931088,7384171
GDA,7-METHYLXANTHINE,FALSE,"",DTC,34.8025323725904,20716488
GDA,8-AZAGUANINE,FALSE,"",NCI,5.80042206209839,7384171
ADAMTS18,SORAFENIB,TRUE,"",PharmGKB,0.907892148850183,35484400
DCT,CGS-27023A,FALSE,inhibitor,GuideToPharmacology,1.08757913664345,""
DCT,(R)-ND-336,FALSE,inhibitor,GuideToPharmacology,2.9002110310492,""
DCT,ILOMASTAT,FALSE,inhibitor,GuideToPharmacology,0.348025323725904,""
DCT,TP0556351,FALSE,inhibitor,GuideToPharmacology,1.4501055155246,""
DCT,AMPHOTERICIN B LIPOSOMAL,TRUE,"",NCI,1.33855893740732,1492075
DCT,COMPOUND 29E [PMID: 23631440],FALSE,inhibitor,GuideToPharmacology,4.35031654657379,""
KCNA5,DALFAMPRIDINE,TRUE,blocker,ChEMBL,0.0725052757762299,""
KCNA5,T-226296,FALSE,"",TTD,1.16008441241968,""
KCNA5,TEDISAMIL,FALSE,blocker,ChEMBL,0.0870063309314759,""
KCNA5,AMIFAMPRIDINE PHOSPHATE,TRUE,blocker,ChEMBL,0.0848842252990009,""
KCNA5,DRONEDARONE,TRUE,"",TTD,0.386694804139893,""
KCNA5,GUANIDINE HYDROCHLORIDE,TRUE,blocker,ChEMBL,0.0848842252990009,""
KCNA5,LORATADINE,TRUE,"",NCI,0.366342446027267,9271355
KCNA5,BMS-394136,FALSE,"",TTD,3.48025323725904,""
KCNA5,VERNAKALANT HYDROCHLORIDE,TRUE,blocker,ChEMBL,0.580042206209839,""
KCNA5,THERAPEUTIC HORMONE,FALSE,"",NCI,0.15819332896632,9299396
KCNA5,BMS-919373,FALSE,"",TTD,3.48025323725904,""
KCNA5,DIHYDROTESTOSTERONE,FALSE,"",NCI,1.39210129490361,8823008
KCNA5,AMIFAMPRIDINE,TRUE,blocker,ChEMBL,0.0828631723156913,""
KCNA5,NERISPIRDINE,FALSE,blocker,ChEMBL,0.0696050647451807,""
KCNA5,TERFENADINE,TRUE,"",NCI,0.386694804139893,7670728
CD1A,TRIAMCINOLONE,TRUE,"",NCI,2.26973037212546,11767704
CD1A,ANTI-THYMOCYTE GLOBULIN,TRUE,"",TEND; TTD,4.74579986898959,""
AQP7,[3H]TYRAMINE,FALSE,agonist,GuideToPharmacology,4.74579986898959,""
AQP7,ULOTARONT,FALSE,agonist,GuideToPharmacology,2.3728999344948,""
AQP7,LEVAMFETAMINE,FALSE,agonist,GuideToPharmacology,4.74579986898959,""
AQP7,&BETA;-PHENYLETHYLAMINE,FALSE,agonist,GuideToPharmacology,4.74579986898959,""
AQP7,RO5166017,FALSE,agonist,GuideToPharmacology,4.74579986898959,""
AQP7,RALMITARONT,FALSE,agonist,GuideToPharmacology,4.74579986898959,""
AQP7,"INSULIN, REGULAR, HUMAN",TRUE,"",NCI,0.179086787509041,16919625
AQP7,OCTOPAMINE,FALSE,agonist,GuideToPharmacology,4.74579986898959,""
AQP7,2-PHENYL-PROPYLAMINE,FALSE,agonist,GuideToPharmacology,4.74579986898959,""
AQP7,DEXTROAMPHETAMINE SULFATE,TRUE,agonist,GuideToPharmacology,0.249778940473137,""
AQP7,EPPTB,FALSE,inhibitor,GuideToPharmacology,4.74579986898959,""
CDH16,METHOTREXATE,TRUE,inhibitor,GuideToPharmacology,0.15819332896632,""
CDH16,COMPOUND 9 [PMID: 15615544],FALSE,inhibitor,GuideToPharmacology,8.70063309314759,""
CDH16,FOLIC ACID,TRUE,"",GuideToPharmacology,0.725052757762299,""
CNTFR,CARBIDOPA ANHYDROUS,TRUE,inhibitor,GuideToPharmacology,1.04407597117771,""
CNTFR,BENSERAZIDE,TRUE,inhibitor,GuideToPharmacology,1.49153710168244,""
CNTFR,3-HYDROXYBENZYLHYDRAZINE,FALSE,inhibitor,GuideToPharmacology,2.08815194235542,""
CNTFR,CILIARY NEUROTROPHIC FACTOR,FALSE,"",TTD,10.4407597117771,""
CNTFR,METHYLDOPA ANHYDROUS,TRUE,inhibitor,GuideToPharmacology,0.336798700379907,""
CSPG4,LEUCOVORIN CALCIUM,TRUE,"",PharmGKB,0.580042206209839,25069475
CSPG4,ALTEPLASE,TRUE,"",NCI,0.994358067788296,18000864
CSPG4,IRINOTECAN HYDROCHLORIDE,TRUE,"",PharmGKB,0.331452689262765,25069475
CSPG4,FLUOROURACIL,TRUE,"",PharmGKB,0.180013098478916,25069475
CSPG4,BEVACIZUMAB,TRUE,"",PharmGKB,0.522037985588855,25069475
AMY2A,ETRASIMOD,TRUE,agonist,GuideToPharmacology,0.522037985588855,""
AMY2A,OZANIMOD,TRUE,agonist,GuideToPharmacology,0.435031654657379,""
AMY2A,VPC03090-P,FALSE,agonist,GuideToPharmacology,0.652547481986069,""
AMY2A,ASP4058,FALSE,agonist,GuideToPharmacology,0.652547481986069,""
AMY2A,FINGOLIMOD,TRUE,agonist,GuideToPharmacology,0.652547481986069,""
AMY2A,A-971432,FALSE,agonist,GuideToPharmacology,1.30509496397214,""
AMY2A,VPC44116,FALSE,agonist,GuideToPharmacology,0.870063309314759,""
AMY2A,PONESIMOD,TRUE,agonist,GuideToPharmacology,0.522037985588855,""
AMY2A,AUY954,FALSE,agonist,GuideToPharmacology,1.30509496397214,""
AMY2A,GSK-2018682,FALSE,agonist,GuideToPharmacology,0.870063309314759,""
AMY2A,COMPOUND 15 [PMID: 33738061],FALSE,inhibitor,GuideToPharmacology,2.61018992794428,""
AMY2A,SIPONIMOD,TRUE,agonist,GuideToPharmacology,0.435031654657379,""
AMY2A,COMPOUND 26 [PMID: 16190743],FALSE,agonist,GuideToPharmacology,0.652547481986069,""
AMY2A,LIPROTAMASE,FALSE,"",TTD,0.870063309314759,""
AMY2A,COMPOUND 43 [PMID: 26751273],FALSE,agonist,GuideToPharmacology,0.522037985588855,""
AMY2A,SPHINGOSINE 1-PHOSPHATE,FALSE,agonist,GuideToPharmacology,0.29002110310492,""
AMY2A,FINGOLIMOD-PHOSPHATE,FALSE,agonist,GuideToPharmacology,0.522037985588855,""
AMY2A,AFD(R),FALSE,agonist,GuideToPharmacology,0.652547481986069,""
AMY2A,RP-101075,FALSE,agonist,GuideToPharmacology,1.30509496397214,""
AMY2A,ACARBOSE,TRUE,inhibitor,TEND; TdgClinicalTrial; ChEMBL,1.30509496397214,""
MSTN,TRICHOSTATIN A,FALSE,inhibitor,GuideToPharmacology,0.0805614175291443,""
MSTN,SS-208,FALSE,inhibitor,GuideToPharmacology,0.36252637888115,""
MSTN,SCRIPTAID,FALSE,inhibitor,GuideToPharmacology,0.241684252587433,""
MSTN,GIVINOSTAT,TRUE,inhibitor,GuideToPharmacology,0.120842126293717,""
MSTN,MARTINOSTAT,FALSE,inhibitor,GuideToPharmacology,0.36252637888115,""
MSTN,APITEGROMAB,FALSE,inhibitor,ChEMBL,2.1751582732869,""
MSTN,BELINOSTAT,TRUE,inhibitor,GuideToPharmacology,0.0988708306039499,""
MSTN,CUDC-101,FALSE,inhibitor,GuideToPharmacology,0.181263189440575,""
MSTN,PF-03446879,FALSE,inhibitor,ChEMBL,2.1751582732869,""
MSTN,DACINOSTAT,FALSE,inhibitor,GuideToPharmacology,0.114482014383521,""
MSTN,STAMULUMAB,FALSE,inhibitor,ChEMBL,2.1751582732869,""
MSTN,DOMAGROZUMAB,FALSE,inhibitor,ChEMBL,2.1751582732869,""
MSTN,KA1010,FALSE,inhibitor,GuideToPharmacology,0.1977416612079,""
MSTN,TREVOGRUMAB,FALSE,inhibitor,ChEMBL,2.1751582732869,""
MSTN,AAV1-FS344,FALSE,"",TTD,4.35031654657379,20368179
MSTN,VORINOSTAT,TRUE,inhibitor,GuideToPharmacology,0.0388421120229803,""
MSTN,LANDOGROZUMAB,FALSE,inhibitor,ChEMBL,2.1751582732869,""
MSTN,QUISINOSTAT,FALSE,inhibitor,GuideToPharmacology,0.0988708306039499,""
MSTN,PRACINOSTAT,FALSE,inhibitor,GuideToPharmacology,0.14501055155246,""
MSTN,SB-431542,FALSE,"",DTC,0.483368505174866,25569186
MSTN,RAMATERCEPT,FALSE,inhibitor,ChEMBL,2.1751582732869,""
MSTN,ROMIDEPSIN,TRUE,inhibitor,GuideToPharmacology,0.0776842240459606,""
MSTN,CHR-3996,FALSE,inhibitor,GuideToPharmacology,0.241684252587433,""
MSTN,TMP269,FALSE,inhibitor,GuideToPharmacology,0.543789568321724,""
TRPA1,RACEMENTHOL,TRUE,potentiator,TEND; TTD; TdgClinicalTrial; ChEMBL,4.35031654657379,""
TRPA1,ERUCIN,FALSE,"",DTC,8.70063309314759,26263397
TRPA1,BUTAMBEN,TRUE,inhibitor,ChEMBL,0.725052757762299,""
TRPA1,BUTAMBEN PICRATE,TRUE,inhibitor,ChEMBL,2.1751582732869,""
TRPA1,ISOPROPYL ISOTHIOCYANATE,FALSE,"",DTC,4.35031654657379,26263397
TRPA1,ALLYL ISOTHIOCYANATE,FALSE,"",DTC,2.1751582732869,26263397
TRPA1,4-HYDROXYNONENAL,FALSE,"",DTC,8.70063309314759,17684094
TRPA1,CB-189625,FALSE,inhibitor,ChEMBL,4.35031654657379,""
TRPA1,GRC-17536,FALSE,inhibitor,ChEMBL,4.35031654657379,""
TRPA1,BENZYL ISOTHIOCYANATE,FALSE,"",DTC,1.4501055155246,26263397
TRPA1,PHENETHYLISOTHIOCYANATE,FALSE,"",DTC,1.08757913664345,26263397
TRPA1,VOACANGINE,FALSE,"",DTC,4.35031654657379,24484240
NPY1R,CHEMBL:CHEMBL530291,FALSE,"",DTC,0.745768550841222,""
NPY1R,CHEMBL:CHEMBL324554,FALSE,"",DTC,5.22037985588855,""
NPY1R,METOPROLOL TARTRATE,TRUE,"",DTC,2.61018992794428,""
NPY1R,CHEMBL:CHEMBL1585652,FALSE,"",DTC,1.74012661862952,""
NPY1R,CHEMBL:CHEMBL422942,FALSE,"",TTD,1.74012661862952,""
NPY1R,ECONAZOLE NITRATE,TRUE,"",DTC,0.372884275420611,""
NPY1R,N6-PHENYLADENOSINE,FALSE,"",DTC,0.745768550841222,""
NPY1R,HEXACHLOROPHENE,TRUE,"",DTC,0.127326337948501,""
NPY1R,METHADONE HYDROCHLORIDE,TRUE,"",PharmGKB,0.307081167993444,29465008
NPY1R,NEUROPEPTIDE-Y,FALSE,"",TTD,2.61018992794428,""
TPSD1,LANSOPRAZOLE,TRUE,"",NCI,1.80013098478916,12464168
TPSD1,CETIRIZINE HYDROCHLORIDE,TRUE,"",NCI,7.45768550841222,11794849
ITIH3,CLOZAPINE,TRUE,"",PharmGKB,1.07636698059558,27396837
NKAIN3,VINCRISTINE,TRUE,"",PharmGKB,1.28898268046631,29999516
ATP2B2,ARACHIDONIC ACID,FALSE,activator,GuideToPharmacology,0.153540583996722,""
ATP2B2,OPTOBI-1,FALSE,activator,GuideToPharmacology,0.767702919983611,""
ATP2B2,ML9,FALSE,blocker,GuideToPharmacology,1.53540583996722,""
ATP2B2,GSK1702934A,FALSE,activator,GuideToPharmacology,0.767702919983611,""
ATP2B2,CLEMIZOLE,FALSE,blocker,GuideToPharmacology,0.383851459991805,""
ATP2B2,BTDM,FALSE,blocker,GuideToPharmacology,1.53540583996722,""
ATP2B2,LYSOPHOSPHATIDYLCHOLINE,FALSE,activator,GuideToPharmacology,0.383851459991805,""
ATP2B2,GSK417651A,FALSE,blocker,GuideToPharmacology,0.767702919983611,""
ATP2B2,HYP 9,FALSE,activator,GuideToPharmacology,1.53540583996722,""
ATP2B2,HYPERFORIN,FALSE,activator,GuideToPharmacology,0.767702919983611,""
ATP2B2,2-APB,FALSE,blocker,GuideToPharmacology,0.0959628649979513,""
ATP2B2,DS88790512,FALSE,blocker,GuideToPharmacology,1.53540583996722,""
ATP2B2,BI 749327,FALSE,blocker,GuideToPharmacology,0.767702919983611,""
ATP2B2,SH045,FALSE,blocker,GuideToPharmacology,0.511801946655741,""
ATP2B2,LARIXYL ACETATE,FALSE,blocker,GuideToPharmacology,0.767702919983611,""
ATP2B2,GSK2332255B,FALSE,blocker,GuideToPharmacology,1.53540583996722,""
ATP2B2,KB-R7943,FALSE,blocker,GuideToPharmacology,0.511801946655741,""
ATP2B2,OAG,FALSE,activator,GuideToPharmacology,0.767702919983611,""
ATP2B2,FLUFENAMATE,FALSE,activator,GuideToPharmacology,0.767702919983611,""
ATP2B2,SLG,FALSE,activator,GuideToPharmacology,1.53540583996722,""
ATP2B2,PYRAZOLO-PYRIMIDINE 14A [PMID: 29859875],FALSE,blocker,GuideToPharmacology,1.53540583996722,""
ATP2B2,H+,FALSE,blocker,GuideToPharmacology,0.11810814153594,""
ATP2B2,AM-0883,FALSE,activator,GuideToPharmacology,1.53540583996722,""
ATP2B2,GSK2833503A,FALSE,blocker,GuideToPharmacology,0.767702919983611,""
ATP2B2,LA3+,FALSE,blocker,GuideToPharmacology,0.139582349087929,""
ATP2B2,GSMTX-4,FALSE,blocker,GuideToPharmacology,0.511801946655741,""
ATP2B2,ACAA,FALSE,blocker,GuideToPharmacology,0.383851459991805,""
ATP2B2,OPTODARG,FALSE,activator,GuideToPharmacology,1.53540583996722,""
ATP2B2,SAG,FALSE,activator,GuideToPharmacology,1.53540583996722,""
ATP2B2,AM-1473,FALSE,blocker,GuideToPharmacology,1.53540583996722,""
ATP2B2,NORGESTIMATE,TRUE,blocker,GuideToPharmacology,0.307081167993444,""
ATP2B2,20-HETE,FALSE,activator,GuideToPharmacology,1.53540583996722,""
ATP2B2,PYRAZOLOPYRIMIDINE 4N,FALSE,activator,GuideToPharmacology,0.511801946655741,""
ATP2B2,SAR7334,FALSE,blocker,GuideToPharmacology,0.511801946655741,""
CASP5,EMRICASAN,FALSE,inhibitor,ChEMBL,4.01567681222196,""
SLCO6A1,DAUNORUBICIN LIPOSOMAL,TRUE,"",PharmGKB,0.573668116031709,26230641
SLCO6A1,DOXORUBICIN HYDROCHLORIDE,TRUE,"",PharmGKB,0.352728368641118,26230641
HTR3B,PUMOSETRAG,FALSE,agonist,TdgClinicalTrial; ChEMBL,1.22832467197378,""
HTR3B,NICOTINE POLACRILEX,TRUE,"",PharmGKB,0.133513551301498,22048466
HTR3B,DEXFENFLURAMINE HYDROCHLORIDE,TRUE,agonist,ChEMBL,0.180635981172614,""
HTR3B,DOLASETRON,TRUE,"",TdgClinicalTrial,0.383851459991805,""
HTR3B,GRANISETRON,TRUE,"",TdgClinicalTrial,0.279164698175858,""
HTR3B,TEDATIOXETINE,FALSE,inhibitor,ChEMBL,0.279164698175858,""
HTR3B,DEHYDRATED ALCOHOL,TRUE,"",PharmGKB,0.0777420678464416,20838391
HTR3B,DDP-225,FALSE,"",TdgClinicalTrial,0.511801946655741,""
HTR3B,TROPISETRON,TRUE,inhibitor,ChEMBL,0.204720778662296,""
HTR3B,RAMOSETRON HYDROCHLORIDE,FALSE,inhibitor,ChEMBL,0.614162335986889,""
HTR3B,RENZAPRIDE,FALSE,inhibitor,ChEMBL,0.307081167993444,""
HTR3B,AMISULPRIDE,TRUE,inhibitor,ChEMBL,0.11810814153594,""
HTR3B,CLOTHIAPINE,TRUE,inhibitor,ChEMBL,0.341201297770494,""
HTR3B,ZIMELDINE HYDROCHLORIDE,TRUE,inhibitor,ChEMBL,0.180635981172614,""
HTR3B,MOSAPRIDE,FALSE,inhibitor,ChEMBL,0.438687382847778,""
HTR3B,FACINICLINE HYDROCHLORIDE,FALSE,inhibitor,ChEMBL,0.511801946655741,""
HTR3B,CILANSETRON,FALSE,inhibitor,ChEMBL,1.53540583996722,""
TNFRSF13B,AUTOLOGOUS BCMA/TACI-TARGETED CAR T CELLS AUTO2,FALSE,"",TTD,26.1018992794428,""
IL1A,HYDROXYCHLOROQUINE,TRUE,"",NCI,0.580042206209839,8336306
IL1A,OLANZAPINE,TRUE,"",PharmGKB,0.137378417260225,21107309
IL1A,LUTIKIZUMAB,FALSE,inhibitor,TTD; ChEMBL,5.22037985588855,""
IL1A,AMG-108,FALSE,"",TdgClinicalTrial,2.61018992794428,""
IL1A,MABP1,FALSE,"",TTD,5.22037985588855,""
IL1A,MITOMYCIN,TRUE,"",NCI,0.435031654657379,8195120
IL1A,IMMUNOSUPPRESSANT,FALSE,"",NCI,0.580042206209839,1703047
IL1A,BERMEKIMAB,FALSE,"",TTD,5.22037985588855,""
IL1A,RILONACEPT,TRUE,"",TEND; TdgClinicalTrial,3.48025323725904,""
IL1A,BERMEKIMAB,FALSE,inhibitor,ChEMBL,5.22037985588855,""
EPHA5,PACLITAXEL,TRUE,"",PharmGKB,0.569495984278751,26133776; 22843789; 26133777; 31823378; 26763541
EPHA5,IRAK3 PROTAC 23,FALSE,inhibitor,GuideToPharmacology,10.4407597117771,""
EPHA5,HESPERADIN,FALSE,inhibitor,DTC,0.261018992794428,19035792
EPHA5,COMPOUND R-16 [PMID: 21967808],FALSE,inhibitor,GuideToPharmacology,2.08815194235542,""
EPHA5,VANDETANIB,TRUE,inhibitor,ChEMBL,0.180013098478916,""
NMUR1,CPN-223,FALSE,agonist,GuideToPharmacology,3.26273740993035,""
NMUR1,NEUROMEDIN U-25,FALSE,agonist,GuideToPharmacology,1.63136870496517,""
NMUR1,NEUROMEDIN U-25,FALSE,agonist,GuideToPharmacology,1.63136870496517,""
NMUR1,[125I]NEUROMEDIN U-8 (PIG),FALSE,agonist,GuideToPharmacology,1.63136870496517,""
NMUR1,COMPOUND 5D [PMID: 25815150],FALSE,agonist,GuideToPharmacology,3.26273740993035,""
NMUR1,CPN-267,FALSE,agonist,GuideToPharmacology,3.26273740993035,""
NMUR1,NEUROMEDIN U-8,FALSE,agonist,GuideToPharmacology,1.63136870496517,""
NMUR1,[125I]NEUROMEDIN U-23 (RAT),FALSE,agonist,GuideToPharmacology,1.63136870496517,""
NMUR1,NEUROMEDIN S-33,FALSE,agonist,GuideToPharmacology,1.63136870496517,""
NMUR1,PEG40-NMU,FALSE,agonist,GuideToPharmacology,1.63136870496517,""
NMUR1,[125I]NEUROMEDIN U-25 (HUMAN),FALSE,agonist,GuideToPharmacology,1.63136870496517,""
NMUR1,NM4-C16,FALSE,agonist,GuideToPharmacology,1.63136870496517,""
NMUR1,COMPOUND 8D [PMID: 24999562],FALSE,agonist,GuideToPharmacology,3.26273740993035,""
NMUR1,NEUROMEDIN U-8,FALSE,agonist,GuideToPharmacology,1.63136870496517,""
NMUR1,NEUROMEDIN U-23,FALSE,agonist,GuideToPharmacology,1.63136870496517,""
NMUR1,HAS-NMU,FALSE,agonist,GuideToPharmacology,1.63136870496517,""
SEMA3C,IRINOTECAN HYDROCHLORIDE,TRUE,"",PharmGKB,1.65726344631383,22664479
CA1,SULFAMIDE,FALSE,"",TTD,1.30509496397214,""
CA1,METHAZOLAMIDE,TRUE,inhibitor,TEND; TTD; TdgClinicalTrial; ChEMBL,1.04407597117771,""
CA1,ACETAZOLAMIDE,TRUE,inhibitor,TEND; TTD; TdgClinicalTrial; ChEMBL,0.745768550841222,""
CA1,ETHOXZOLAMIDE,TRUE,inhibitor,TEND; TTD; TdgClinicalTrial; ChEMBL,0.696050647451807,""
CA1,MEDRONIC ACID,TRUE,"",DTC,1.30509496397214,24813742
CA1,CURCUMIN,TRUE,"",TTD,0.03954833224158,""
CA1,CHLOROTHIAZIDE,TRUE,"",TEND; TdgClinicalTrial,0.745768550841222,""
CA1,TRICHLORMETHIAZIDE,TRUE,"",TEND; TdgClinicalTrial,0.870063309314759,""
CA1,PHENOL,TRUE,"",TTD; DTC,1.95764244595821,26073005
CA1,POLMACOXIB,FALSE,inhibitor,TTD; TdgClinicalTrial; ChEMBL,2.61018992794428,""
CA1,ACETAZOLAMIDE SODIUM,TRUE,inhibitor,ChEMBL,0.652547481986069,""
CA1,DICHLORPHENAMIDE,TRUE,inhibitor,TEND; TTD; TdgClinicalTrial; ChEMBL,2.08815194235542,""
CA1,PARABEN,FALSE,"",TTD,0.652547481986069,""
CA1,ZONISAMIDE,TRUE,"",TEND,0.104407597117771,""
CA1,CATECHOL,FALSE,"",DTC,0.23728999344948,26073005
CA1,FERULIC ACID,TRUE,"",TTD,0.522037985588855,""
CA1,LEVETIRACETAM,TRUE,"",TEND,0.372884275420611,""
CA1,METHOCARBAMOL,TRUE,inhibitor,ChEMBL,0.435031654657379,""
CA1,RESORCINOL,TRUE,"",DTC,2.61018992794428,26073005
CA1,SULTHIAME,TRUE,inhibitor,ChEMBL,0.21751582732869,""
ITGA5,VOLOCIXIMAB,FALSE,antibody; inhibitor,TALC; ChEMBL,4.35031654657379,""
ITGA5,DIMETHYL SULFOXIDE,TRUE,"",NCI,0.815684352482587,9678720
ITGA5,ETARACIZUMAB,FALSE,antibody,TALC,1.63136870496517,""
ITGA5,CILENGITIDE,FALSE,"",TdgClinicalTrial,1.30509496397214,""
ITGA5,PF-04605412,FALSE,antibody; inhibitor,TALC; ChEMBL,6.52547481986069,""
ITGA5,M-CSF,FALSE,"",NCI,3.26273740993035,11061591
ITGA5,ATN-161,FALSE,inhibitor,ChEMBL,1.63136870496517,""
ITGA5,INTEGRIN RECEPTOR ANTAGONIST GLPG0187,FALSE,"",TdgClinicalTrial,1.08757913664345,""
HMGCS2,HYDROCHLOROTHIAZIDE,TRUE,"",PharmGKB,1.13486518606273,29523524
HMGCS2,CHLOROTHIAZIDE,TRUE,"",PharmGKB,7.45768550841222,29523524
THBS1,CAMPTOTHECIN,TRUE,"",NCI,0.213076728811778,16962673
THBS1,TRETINOIN,TRUE,"",NCI,0.122928882006795,1430209; 9447832
THBS1,VITAMIN A,TRUE,"",NCI,0.276210574385638,15736054
THBS1,PIOGLITAZONE HYDROCHLORIDE,TRUE,"",NCI,0.438687382847778,17063547
THBS1,VESNARINONE,FALSE,"",NCI,0.932210688551527,15356428
THBS1,DECITABINE,TRUE,"",NCI,0.310736896183842,14559817
THBS1,ACTH,FALSE,"",NCI,1.24294758473537,8698834
THBS1,METHYLCELLULOSE,TRUE,"",NCI,3.72884275420611,9016860
THBS1,SIMVASTATIN,TRUE,"",NCI,0.149153710168244,10543307
THBS1,ABT-510,FALSE,"",TTD,0.932210688551527,""
THBS1,GP-120 ANTIGEN,FALSE,"",NCI,0.573668116031709,9419208
THBS1,LOVASTATIN,TRUE,"",NCI,0.191222705343903,10543307
THBS1,PROTEIN KINASE C INHIBITOR,FALSE,"",NCI,0.828631723156913,9223624
THBS1,TSP-1 MIMETIC FUSION PROTEIN CVX-045,FALSE,antibody,TTD; TALC,7.45768550841222,""
FGA,RETEPLASE,TRUE,"",TEND; TdgClinicalTrial,3.1638665793264,""
FGA,ALTEPLASE,TRUE,"",TEND; TdgClinicalTrial,0.451980939903771,""
FGA,ANISTREPLASE,TRUE,"",TdgClinicalTrial,1.5819332896632,""
FGA,ABCIXIMAB,TRUE,"",PharmGKB,1.5819332896632,20938371
FGA,"FIBRINOGEN, HUMAN",TRUE,"",ChEMBL,1.5819332896632,""
FGA,TIROFIBAN,TRUE,"",PharmGKB,1.89831994759584,20938371
FGA,PLASMIN,TRUE,inhibitor,ChEMBL,1.1864499672474,""
FGA,EPTIFIBATIDE,TRUE,"",PharmGKB,1.89831994759584,20938371
FGA,ALFIMEPRASE,FALSE,cleavage,TdgClinicalTrial; ChEMBL,3.1638665793264,""
FGA,PLASMINOGEN,TRUE,cleavage,ChEMBL,1.5819332896632,""
FGA,ANCROD,FALSE,cleavage,ChEMBL,1.1864499672474,""
CDH2,METHOTREXATE,TRUE,"",PharmGKB,0.31638665793264,30983502
CDH2,ADH-1,FALSE,"",TTD; TdgClinicalTrial,34.8025323725904,""
CDH2,METHADONE HYDROCHLORIDE,TRUE,"",PharmGKB,1.02360389331148,28358908
HKDC1,CHLORHEXIDINE GLUCONATE,TRUE,"",DTC,0.211351411169577,""
HKDC1,"2,6-DIMETHOXYQUINONE",FALSE,"",DTC,0.573668116031709,""
HKDC1,OXOPURPUREINE,FALSE,"",DTC,0.573668116031709,""
HKDC1,CHEMBL:CHEMBL1865517,FALSE,"",DTC,4.01567681222196,""
HKDC1,ALEXIDINE HYDROCHLORIDE,FALSE,"",DTC,0.23621628307188,""
HKDC1,CHEMBL:CHEMBL2095095,FALSE,"",DTC,0.223093156234554,""
HKDC1,CHEMBL:CHEMBL1707907,FALSE,"",DTC,1.00391920305549,""
HKDC1,CHEMBL:CHEMBL600862,FALSE,"",DTC,2.00783840611098,""
HKDC1,CHEMBL:CHEMBL592124,FALSE,"",DTC,0.129537961684579,""
HKDC1,CHEMBL:CHEMBL1503190,FALSE,"",DTC,1.00391920305549,""
HKDC1,CHEMBL:CHEMBL429095,FALSE,"",DTC,0.0803135362444393,""
HKDC1,SENNOSIDE B,FALSE,"",DTC,0.250979800763873,""
HKDC1,DEOXYVASICINONE,FALSE,"",DTC,0.365061528383815,""
ORM2,DOCETAXEL ANHYDROUS,TRUE,"",PharmGKB,1.25792285684062,24619498
CCL8,RECOMBINANT INTERLEUKIN-1,FALSE,"",NCI,1.93347402069946,8189067
CCL8,RECOMBINANT CYTOKINE,FALSE,"",NCI,1.33855893740732,8189067
CCL8,RECOMBINANT INTERFERON,FALSE,"",NCI,0.892372624938214,9500525
SLC38A3,GLUTAMINE,TRUE,"",GuideToPharmacology,6.52547481986069,""
MADCAM1,ONTAMALIMAB,FALSE,inhibitor,ChEMBL,17.4012661862952,""
MADCAM1,NAVARIXIN,FALSE,"",TTD,3.48025323725904,""
MADCAM1,ONTAMALIMAB,FALSE,"",TTD,17.4012661862952,""
GRP,CISPLATIN,TRUE,"",NCI,0.0789173069673251,17207039
GRP,ATROPINE SULFATE,TRUE,"",NCI,2.9002110310492,2858978
GRP,EPIDERMAL GROWTH FACTOR RECEPTOR TYROSINE KINASE INHIBITOR,FALSE,"",NCI,1.28898268046631,13679857
GRP,THYROTROPIN,TRUE,"",NCI,3.48025323725904,11292067; 10464393
GRP,NALOXONE HYDROCHLORIDE,TRUE,"",NCI,0.682402595540987,2889122
GRP,RANITIDINE HYDROCHLORIDE,TRUE,"",NCI,0.725052757762299,8607506
GRP,NIFEDIPINE,TRUE,"",NCI,0.207157930789228,10465509
GRP,BETA-ADRENERGIC ANTAGONIST,FALSE,"",NCI,2.32016882483936,3106128
GRP,FUROSEMIDE,TRUE,"",NCI,0.644491340233155,3238049
CDSN,CARBOPLATIN,TRUE,"",PharmGKB,0.303510456737707,31616045
CDSN,PHLORETIN,FALSE,inhibitor,GuideToPharmacology,2.61018992794428,""
CDSN,ASCORBIC ACID,TRUE,"",GuideToPharmacology,0.501959601527746,""
CDSN,GEMCITABINE,TRUE,"",PharmGKB,0.283716296515682,31616045
CYP4A11,COMPOUND 6 [PMID: 10395480],FALSE,inhibitor,GuideToPharmacology,13.0509496397214,""
CYP4A11,EPALRESTAT,TRUE,inhibitor,GuideToPharmacology,2.61018992794428,""
CYP4A11,APSTATIN,FALSE,inhibitor,GuideToPharmacology,6.52547481986069,""
CYP4A11,TP0472993,FALSE,inhibitor,GuideToPharmacology,6.52547481986069,""
